protocol,model,seed,subject,train_sessions,test_session,split_id,acc,bacc,f1,auc,nll,brier,ece,n_train,n_val,n_test,best_epoch,checkpoint_path,status,error_message
multisource_0102_to_03,deepconvnet,0,sub-001,ses-01+ses-02,ses-03,0,0.95,0.95,0.9499549594635172,0.9922,0.1426842659711837,0.0731540486112174,0.0474948590993881,320,80,200,51,/share/home/yuan/SYX/eeg-mi-online/checkpoints/session_multisource_v1/deepconvnet/multisource_sub-001_ses01ses02-to-ses-03_seed0.pt,ok,
multisource_0102_to_03,deepconvnet,0,sub-002,ses-01+ses-02,ses-03,0,0.645,0.645,0.6445645916247403,0.7056,0.6329426765441895,0.4445747121582803,0.1017695069313049,320,80,200,10,/share/home/yuan/SYX/eeg-mi-online/checkpoints/session_multisource_v1/deepconvnet/multisource_sub-002_ses01ses02-to-ses-03_seed0.pt,ok,
multisource_0102_to_03,deepconvnet,0,sub-003,ses-01+ses-02,ses-03,0,0.94,0.94,0.94,0.97975,0.3427088856697082,0.1015697194805294,0.0495212647318839,320,80,200,58,/share/home/yuan/SYX/eeg-mi-online/checkpoints/session_multisource_v1/deepconvnet/multisource_sub-003_ses01ses02-to-ses-03_seed0.pt,ok,
multisource_0102_to_03,deepconvnet,0,sub-004,ses-01+ses-02,ses-03,0,0.495,0.495,0.45368492224476,0.5043,0.7516231536865234,0.5478507487949446,0.1458020091056824,320,80,200,2,/share/home/yuan/SYX/eeg-mi-online/checkpoints/session_multisource_v1/deepconvnet/multisource_sub-004_ses01ses02-to-ses-03_seed0.pt,ok,
multisource_0102_to_03,deepconvnet,0,sub-005,ses-01+ses-02,ses-03,0,0.675,0.675,0.67499187479687,0.7793000000000001,1.0853420495986938,0.5105801957008015,0.2464967063069343,320,80,200,56,/share/home/yuan/SYX/eeg-mi-online/checkpoints/session_multisource_v1/deepconvnet/multisource_sub-005_ses01ses02-to-ses-03_seed0.pt,ok,
multisource_0102_to_03,deepconvnet,0,sub-006,ses-01+ses-02,ses-03,0,0.945,0.945,0.944998624965624,0.9739,0.2663615942001343,0.0952568165237993,0.0440483042597771,320,80,200,21,/share/home/yuan/SYX/eeg-mi-online/checkpoints/session_multisource_v1/deepconvnet/multisource_sub-006_ses01ses02-to-ses-03_seed0.pt,ok,
multisource_0102_to_03,deepconvnet,0,sub-007,ses-01+ses-02,ses-03,0,0.885,0.885,0.8848589522164652,0.9144,0.4018937945365906,0.1977344654901245,0.0922008827328682,320,80,200,11,/share/home/yuan/SYX/eeg-mi-online/checkpoints/session_multisource_v1/deepconvnet/multisource_sub-007_ses01ses02-to-ses-03_seed0.pt,ok,
multisource_0102_to_03,deepconvnet,0,sub-008,ses-01+ses-02,ses-03,0,0.765,0.765,0.7645231593977806,0.8314999999999999,0.528327226638794,0.3410898612081703,0.080174337029457,320,80,200,6,/share/home/yuan/SYX/eeg-mi-online/checkpoints/session_multisource_v1/deepconvnet/multisource_sub-008_ses01ses02-to-ses-03_seed0.pt,ok,
multisource_0102_to_03,deepconvnet,0,sub-009,ses-01+ses-02,ses-03,0,0.625,0.625,0.6247654784240151,0.653,0.9201524257659912,0.5365786372806555,0.1714316767454147,320,80,200,15,/share/home/yuan/SYX/eeg-mi-online/checkpoints/session_multisource_v1/deepconvnet/multisource_sub-009_ses01ses02-to-ses-03_seed0.pt,ok,
multisource_0102_to_03,deepconvnet,0,sub-010,ses-01+ses-02,ses-03,0,0.53,0.53,0.5060949978982766,0.5648,0.7829791307449341,0.5527026753574938,0.1466431885957718,320,80,200,7,/share/home/yuan/SYX/eeg-mi-online/checkpoints/session_multisource_v1/deepconvnet/multisource_sub-010_ses01ses02-to-ses-03_seed0.pt,ok,
multisource_0102_to_03,deepconvnet,0,sub-011,ses-01+ses-02,ses-03,0,0.77,0.77,0.7613860358958398,0.937,0.825093686580658,0.3697023737409664,0.1682835844159126,320,80,200,13,/share/home/yuan/SYX/eeg-mi-online/checkpoints/session_multisource_v1/deepconvnet/multisource_sub-011_ses01ses02-to-ses-03_seed0.pt,ok,
multisource_0102_to_03,deepconvnet,0,sub-012,ses-01+ses-02,ses-03,0,0.49,0.49,0.483753416337686,0.5081,0.7812361121177673,0.5695940254872361,0.1671078124642372,320,80,200,13,/share/home/yuan/SYX/eeg-mi-online/checkpoints/session_multisource_v1/deepconvnet/multisource_sub-012_ses01ses02-to-ses-03_seed0.pt,ok,
multisource_0102_to_03,deepconvnet,0,sub-013,ses-01+ses-02,ses-03,0,0.775,0.7749999999999999,0.7743173098623335,0.8426,0.5281758904457092,0.3306487002011552,0.0781414884328842,320,80,200,9,/share/home/yuan/SYX/eeg-mi-online/checkpoints/session_multisource_v1/deepconvnet/multisource_sub-013_ses01ses02-to-ses-03_seed0.pt,ok,
multisource_0102_to_03,deepconvnet,0,sub-014,ses-01+ses-02,ses-03,0,0.495,0.495,0.4825687133379441,0.5232,0.7850439548492432,0.561943166723986,0.1540006476640701,320,80,200,12,/share/home/yuan/SYX/eeg-mi-online/checkpoints/session_multisource_v1/deepconvnet/multisource_sub-014_ses01ses02-to-ses-03_seed0.pt,ok,
multisource_0102_to_03,deepconvnet,0,sub-015,ses-01+ses-02,ses-03,0,0.59,0.5900000000000001,0.5893429487179487,0.6052000000000001,1.315065860748291,0.6168236207474328,0.256922909617424,320,80,200,17,/share/home/yuan/SYX/eeg-mi-online/checkpoints/session_multisource_v1/deepconvnet/multisource_sub-015_ses01ses02-to-ses-03_seed0.pt,ok,
multisource_0102_to_03,deepconvnet,0,sub-016,ses-01+ses-02,ses-03,0,0.53,0.53,0.52995299529953,0.5501,0.737002432346344,0.5342588826290442,0.1232603752613067,320,80,200,10,/share/home/yuan/SYX/eeg-mi-online/checkpoints/session_multisource_v1/deepconvnet/multisource_sub-016_ses01ses02-to-ses-03_seed0.pt,ok,
multisource_0102_to_03,deepconvnet,0,sub-017,ses-01+ses-02,ses-03,0,0.7,0.7,0.6940024479804161,0.8260000000000001,0.8556005954742432,0.4828393712498522,0.2187190863490105,320,80,200,42,/share/home/yuan/SYX/eeg-mi-online/checkpoints/session_multisource_v1/deepconvnet/multisource_sub-017_ses01ses02-to-ses-03_seed0.pt,ok,
multisource_0102_to_03,deepconvnet,0,sub-018,ses-01+ses-02,ses-03,0,0.64,0.64,0.6279454319966928,0.7392000000000001,0.6359884142875671,0.4379740079099061,0.0832791045308112,320,80,200,26,/share/home/yuan/SYX/eeg-mi-online/checkpoints/session_multisource_v1/deepconvnet/multisource_sub-018_ses01ses02-to-ses-03_seed0.pt,ok,
multisource_0102_to_03,deepconvnet,0,sub-019,ses-01+ses-02,ses-03,0,0.85,0.8500000000000001,0.8490338164251208,0.9306,0.3724112808704376,0.2221682323010413,0.0503407114744186,320,80,200,18,/share/home/yuan/SYX/eeg-mi-online/checkpoints/session_multisource_v1/deepconvnet/multisource_sub-019_ses01ses02-to-ses-03_seed0.pt,ok,
multisource_0102_to_03,deepconvnet,0,sub-020,ses-01+ses-02,ses-03,0,0.595,0.595,0.5822050290135397,0.6342,1.3262373208999634,0.64286478051124,0.2934176820516586,320,80,200,24,/share/home/yuan/SYX/eeg-mi-online/checkpoints/session_multisource_v1/deepconvnet/multisource_sub-020_ses01ses02-to-ses-03_seed0.pt,ok,
multisource_0102_to_03,deepconvnet,0,sub-021,ses-01+ses-02,ses-03,0,0.845,0.845,0.8443423464135975,0.9227,0.7807953357696533,0.254394692718724,0.1208854165673256,320,80,200,64,/share/home/yuan/SYX/eeg-mi-online/checkpoints/session_multisource_v1/deepconvnet/multisource_sub-021_ses01ses02-to-ses-03_seed0.pt,ok,
multisource_0102_to_03,deepconvnet,0,sub-022,ses-01+ses-02,ses-03,0,0.615,0.615,0.6133664733499034,0.696,0.6666880249977112,0.4530838576926036,0.0892734402418136,320,80,200,11,/share/home/yuan/SYX/eeg-mi-online/checkpoints/session_multisource_v1/deepconvnet/multisource_sub-022_ses01ses02-to-ses-03_seed0.pt,ok,
multisource_0102_to_03,deepconvnet,0,sub-025,ses-01+ses-02,ses-03,0,0.915,0.915,0.9149978749468736,0.9531,0.3232019543647766,0.1434698277050611,0.0433197817206383,320,80,200,11,/share/home/yuan/SYX/eeg-mi-online/checkpoints/session_multisource_v1/deepconvnet/multisource_sub-025_ses01ses02-to-ses-03_seed0.pt,ok,
multisource_0102_to_03,deepconvnet,0,sub-027,ses-01+ses-02,ses-03,0,0.745,0.745,0.7409523809523809,0.8498,0.5278716683387756,0.3438968249397854,0.0714657798409462,320,80,200,21,/share/home/yuan/SYX/eeg-mi-online/checkpoints/session_multisource_v1/deepconvnet/multisource_sub-027_ses01ses02-to-ses-03_seed0.pt,ok,
multisource_0102_to_03,deepconvnet,0,sub-028,ses-01+ses-02,ses-03,0,0.51,0.51,0.3710691823899371,0.6581,2.860379695892334,0.9426938107783998,0.4779156902432441,320,80,200,61,/share/home/yuan/SYX/eeg-mi-online/checkpoints/session_multisource_v1/deepconvnet/multisource_sub-028_ses01ses02-to-ses-03_seed0.pt,ok,
multisource_0102_to_03,deepconvnet,0,sub-029,ses-01+ses-02,ses-03,0,0.98,0.98,0.97999799979998,0.991,0.1953436881303787,0.039354596402013,0.0221207258105277,320,80,200,77,/share/home/yuan/SYX/eeg-mi-online/checkpoints/session_multisource_v1/deepconvnet/multisource_sub-029_ses01ses02-to-ses-03_seed0.pt,ok,
multisource_0102_to_03,deepconvnet,0,sub-030,ses-01+ses-02,ses-03,0,0.525,0.525,0.3866020984665052,0.9362,0.6624445915222168,0.4695648272108791,0.2652035164833068,320,80,200,50,/share/home/yuan/SYX/eeg-mi-online/checkpoints/session_multisource_v1/deepconvnet/multisource_sub-030_ses01ses02-to-ses-03_seed0.pt,ok,
multisource_0102_to_03,deepconvnet,0,sub-031,ses-01+ses-02,ses-03,0,0.755,0.755,0.7545028683083244,0.8219,0.6142815351486206,0.3503705571376225,0.1178954255580902,320,80,200,2,/share/home/yuan/SYX/eeg-mi-online/checkpoints/session_multisource_v1/deepconvnet/multisource_sub-031_ses01ses02-to-ses-03_seed0.pt,ok,
multisource_0102_to_03,deepconvnet,0,sub-033,ses-01+ses-02,ses-03,0,0.83,0.83,0.8279178054458953,0.9378,0.5509517192840576,0.2648399527822456,0.1174932378530502,320,80,200,17,/share/home/yuan/SYX/eeg-mi-online/checkpoints/session_multisource_v1/deepconvnet/multisource_sub-033_ses01ses02-to-ses-03_seed0.pt,ok,
multisource_0102_to_03,deepconvnet,0,sub-034,ses-01+ses-02,ses-03,0,0.945,0.945,0.9448883990079912,0.9743,0.2125357091426849,0.1029954755748801,0.0212789532542228,320,80,200,14,/share/home/yuan/SYX/eeg-mi-online/checkpoints/session_multisource_v1/deepconvnet/multisource_sub-034_ses01ses02-to-ses-03_seed0.pt,ok,
multisource_0102_to_03,deepconvnet,0,sub-035,ses-01+ses-02,ses-03,0,0.95,0.95,0.9499549594635172,0.985,0.2312560975551605,0.0850811086356436,0.0345152029395103,320,80,200,38,/share/home/yuan/SYX/eeg-mi-online/checkpoints/session_multisource_v1/deepconvnet/multisource_sub-035_ses01ses02-to-ses-03_seed0.pt,ok,
multisource_0102_to_03,deepconvnet,0,sub-036,ses-01+ses-02,ses-03,0,0.985,0.985,0.984996624240454,0.9998,0.0354360863566398,0.0190250514903889,0.0124411463737487,320,80,200,14,/share/home/yuan/SYX/eeg-mi-online/checkpoints/session_multisource_v1/deepconvnet/multisource_sub-036_ses01ses02-to-ses-03_seed0.pt,ok,
multisource_0102_to_03,deepconvnet,0,sub-037,ses-01+ses-02,ses-03,0,0.885,0.885,0.8849280800500312,0.9396,0.4313317537307739,0.1840727745187027,0.0520969444513321,320,80,200,13,/share/home/yuan/SYX/eeg-mi-online/checkpoints/session_multisource_v1/deepconvnet/multisource_sub-037_ses01ses02-to-ses-03_seed0.pt,ok,
multisource_0102_to_03,deepconvnet,0,sub-038,ses-01+ses-02,ses-03,0,0.575,0.575,0.5731967562953478,0.6111,0.8177862763404846,0.5615698153822284,0.1858744716644287,320,80,200,31,/share/home/yuan/SYX/eeg-mi-online/checkpoints/session_multisource_v1/deepconvnet/multisource_sub-038_ses01ses02-to-ses-03_seed0.pt,ok,
multisource_0102_to_03,deepconvnet,0,sub-039,ses-01+ses-02,ses-03,0,0.45,0.4499999999999999,0.4390044879640963,0.4339,1.491692066192627,0.8411110178185726,0.388108038008213,320,80,200,20,/share/home/yuan/SYX/eeg-mi-online/checkpoints/session_multisource_v1/deepconvnet/multisource_sub-039_ses01ses02-to-ses-03_seed0.pt,ok,
multisource_0102_to_03,deepconvnet,0,sub-040,ses-01+ses-02,ses-03,0,0.665,0.665,0.6503040267230356,0.756,0.6090258955955505,0.4168558772745925,0.078352321088314,320,80,200,4,/share/home/yuan/SYX/eeg-mi-online/checkpoints/session_multisource_v1/deepconvnet/multisource_sub-040_ses01ses02-to-ses-03_seed0.pt,ok,
multisource_0102_to_03,deepconvnet,0,sub-041,ses-01+ses-02,ses-03,0,0.89,0.89,0.889823717948718,0.9672,0.3478178679943084,0.173367253322984,0.0747289898991585,320,80,200,39,/share/home/yuan/SYX/eeg-mi-online/checkpoints/session_multisource_v1/deepconvnet/multisource_sub-041_ses01ses02-to-ses-03_seed0.pt,ok,
multisource_0102_to_03,deepconvnet,0,sub-042,ses-01+ses-02,ses-03,0,0.63,0.63,0.6245941558441559,0.693,0.8788453936576843,0.5381308587537962,0.202447280883789,320,80,200,15,/share/home/yuan/SYX/eeg-mi-online/checkpoints/session_multisource_v1/deepconvnet/multisource_sub-042_ses01ses02-to-ses-03_seed0.pt,ok,
multisource_0102_to_03,deepconvnet,0,sub-043,ses-01+ses-02,ses-03,0,0.975,0.975,0.9749993749843746,0.9962,0.0871556103229522,0.050500740718305,0.0318944281339645,320,80,200,31,/share/home/yuan/SYX/eeg-mi-online/checkpoints/session_multisource_v1/deepconvnet/multisource_sub-043_ses01ses02-to-ses-03_seed0.pt,ok,
multisource_0102_to_03,deepconvnet,0,sub-044,ses-01+ses-02,ses-03,0,0.755,0.755,0.7522687631133245,0.8314,0.53678297996521,0.3562324547222396,0.0696998184919357,320,80,200,8,/share/home/yuan/SYX/eeg-mi-online/checkpoints/session_multisource_v1/deepconvnet/multisource_sub-044_ses01ses02-to-ses-03_seed0.pt,ok,
multisource_0102_to_03,deepconvnet,0,sub-045,ses-01+ses-02,ses-03,0,0.72,0.72,0.7197477729956961,0.7844,0.6639115214347839,0.3965308433280283,0.1104871520400047,320,80,200,9,/share/home/yuan/SYX/eeg-mi-online/checkpoints/session_multisource_v1/deepconvnet/multisource_sub-045_ses01ses02-to-ses-03_seed0.pt,ok,
multisource_0102_to_03,deepconvnet,0,sub-046,ses-01+ses-02,ses-03,0,0.965,0.965,0.9649921232277264,0.9927,0.1695252209901809,0.0584925952348166,0.0265785080194472,320,80,200,72,/share/home/yuan/SYX/eeg-mi-online/checkpoints/session_multisource_v1/deepconvnet/multisource_sub-046_ses01ses02-to-ses-03_seed0.pt,ok,
multisource_0102_to_03,deepconvnet,0,sub-047,ses-01+ses-02,ses-03,0,0.82,0.8200000000000001,0.8197115384615384,0.8371000000000001,0.6196407079696655,0.3260318079947963,0.1156019675731659,320,80,200,18,/share/home/yuan/SYX/eeg-mi-online/checkpoints/session_multisource_v1/deepconvnet/multisource_sub-047_ses01ses02-to-ses-03_seed0.pt,ok,
multisource_0102_to_03,deepconvnet,0,sub-048,ses-01+ses-02,ses-03,0,0.83,0.83,0.8266013871889024,0.9419,0.5386444330215454,0.2806231677224471,0.1261191183328629,320,80,200,17,/share/home/yuan/SYX/eeg-mi-online/checkpoints/session_multisource_v1/deepconvnet/multisource_sub-048_ses01ses02-to-ses-03_seed0.pt,ok,
multisource_0102_to_03,deepconvnet,0,sub-049,ses-01+ses-02,ses-03,0,0.51,0.51,0.3988467672678198,0.6494,0.7512406706809998,0.5401654509141051,0.1847406703233718,320,80,200,1,/share/home/yuan/SYX/eeg-mi-online/checkpoints/session_multisource_v1/deepconvnet/multisource_sub-049_ses01ses02-to-ses-03_seed0.pt,ok,
multisource_0102_to_03,deepconvnet,0,sub-050,ses-01+ses-02,ses-03,0,0.945,0.945,0.9449876222149984,0.9773,0.2220442593097686,0.0998451942217468,0.0475127345323562,320,80,200,47,/share/home/yuan/SYX/eeg-mi-online/checkpoints/session_multisource_v1/deepconvnet/multisource_sub-050_ses01ses02-to-ses-03_seed0.pt,ok,
multisource_0102_to_03,deepconvnet,0,sub-051,ses-01+ses-02,ses-03,0,0.81,0.81,0.8090644156366193,0.8636000000000001,0.5159018039703369,0.3230578568123269,0.1083681589365005,320,80,200,8,/share/home/yuan/SYX/eeg-mi-online/checkpoints/session_multisource_v1/deepconvnet/multisource_sub-051_ses01ses02-to-ses-03_seed0.pt,ok,
multisource_0102_to_03,deepconvnet,1,sub-001,ses-01+ses-02,ses-03,0,0.98,0.98,0.98,0.9978,0.059894286096096,0.0322013606852907,0.0190322667360305,320,80,200,35,/share/home/yuan/SYX/eeg-mi-online/checkpoints/session_multisource_v1/deepconvnet/multisource_sub-001_ses01ses02-to-ses-03_seed1.pt,ok,
multisource_0102_to_03,deepconvnet,1,sub-002,ses-01+ses-02,ses-03,0,0.67,0.6699999999999999,0.6698679471788715,0.7555999999999999,0.582889199256897,0.4000246517251591,0.0732808870077133,320,80,200,6,/share/home/yuan/SYX/eeg-mi-online/checkpoints/session_multisource_v1/deepconvnet/multisource_sub-002_ses01ses02-to-ses-03_seed1.pt,ok,
multisource_0102_to_03,deepconvnet,1,sub-003,ses-01+ses-02,ses-03,0,0.955,0.955,0.9549988749718744,0.9802,0.3647897839546203,0.0748833115163652,0.0374371686577797,320,80,200,97,/share/home/yuan/SYX/eeg-mi-online/checkpoints/session_multisource_v1/deepconvnet/multisource_sub-003_ses01ses02-to-ses-03_seed1.pt,ok,
multisource_0102_to_03,deepconvnet,1,sub-004,ses-01+ses-02,ses-03,0,0.485,0.485,0.4739395796624019,0.4886999999999999,0.76316237449646,0.558374846613638,0.1491775387525558,320,80,200,1,/share/home/yuan/SYX/eeg-mi-online/checkpoints/session_multisource_v1/deepconvnet/multisource_sub-004_ses01ses02-to-ses-03_seed1.pt,ok,
multisource_0102_to_03,deepconvnet,1,sub-005,ses-01+ses-02,ses-03,0,0.59,0.59,0.5899589958995899,0.6578999999999999,0.777799665927887,0.5288834891316037,0.1864029195904731,320,80,200,21,/share/home/yuan/SYX/eeg-mi-online/checkpoints/session_multisource_v1/deepconvnet/multisource_sub-005_ses01ses02-to-ses-03_seed1.pt,ok,
multisource_0102_to_03,deepconvnet,1,sub-006,ses-01+ses-02,ses-03,0,0.945,0.945,0.9449325423643964,0.9811,0.2263535559177398,0.087668744911394,0.0306619983911514,320,80,200,20,/share/home/yuan/SYX/eeg-mi-online/checkpoints/session_multisource_v1/deepconvnet/multisource_sub-006_ses01ses02-to-ses-03_seed1.pt,ok,
multisource_0102_to_03,deepconvnet,1,sub-007,ses-01+ses-02,ses-03,0,0.875,0.875,0.8746207277012964,0.9106,0.4137822091579437,0.2185345705193565,0.0584290674328803,320,80,200,14,/share/home/yuan/SYX/eeg-mi-online/checkpoints/session_multisource_v1/deepconvnet/multisource_sub-007_ses01ses02-to-ses-03_seed1.pt,ok,
multisource_0102_to_03,deepconvnet,1,sub-008,ses-01+ses-02,ses-03,0,0.8,0.8,0.7990151743543362,0.8623999999999999,0.5012468695640564,0.308294699298189,0.0713287386298179,320,80,200,8,/share/home/yuan/SYX/eeg-mi-online/checkpoints/session_multisource_v1/deepconvnet/multisource_sub-008_ses01ses02-to-ses-03_seed1.pt,ok,
multisource_0102_to_03,deepconvnet,1,sub-009,ses-01+ses-02,ses-03,0,0.61,0.61,0.6022031823745411,0.6502,0.9144430756568908,0.5454778344293194,0.1761026188731193,320,80,200,10,/share/home/yuan/SYX/eeg-mi-online/checkpoints/session_multisource_v1/deepconvnet/multisource_sub-009_ses01ses02-to-ses-03_seed1.pt,ok,
multisource_0102_to_03,deepconvnet,1,sub-010,ses-01+ses-02,ses-03,0,0.56,0.5599999999999999,0.5512035903712771,0.6184000000000001,1.1530921459197998,0.649842990960131,0.2773317211866379,320,80,200,31,/share/home/yuan/SYX/eeg-mi-online/checkpoints/session_multisource_v1/deepconvnet/multisource_sub-010_ses01ses02-to-ses-03_seed1.pt,ok,
multisource_0102_to_03,deepconvnet,1,sub-011,ses-01+ses-02,ses-03,0,0.84,0.84,0.8380402874784898,0.9575,0.3686444759368896,0.2127900044633185,0.074968124628067,320,80,200,6,/share/home/yuan/SYX/eeg-mi-online/checkpoints/session_multisource_v1/deepconvnet/multisource_sub-011_ses01ses02-to-ses-03_seed1.pt,ok,
multisource_0102_to_03,deepconvnet,1,sub-012,ses-01+ses-02,ses-03,0,0.51,0.51,0.5050505050505051,0.5146000000000001,0.7203914523124695,0.5226288979853819,0.0787633591890335,320,80,200,8,/share/home/yuan/SYX/eeg-mi-online/checkpoints/session_multisource_v1/deepconvnet/multisource_sub-012_ses01ses02-to-ses-03_seed1.pt,ok,
multisource_0102_to_03,deepconvnet,1,sub-013,ses-01+ses-02,ses-03,0,0.74,0.74,0.7387197266606371,0.8004,0.6820114850997925,0.3930083999546658,0.1176619824767112,320,80,200,17,/share/home/yuan/SYX/eeg-mi-online/checkpoints/session_multisource_v1/deepconvnet/multisource_sub-013_ses01ses02-to-ses-03_seed1.pt,ok,
multisource_0102_to_03,deepconvnet,1,sub-014,ses-01+ses-02,ses-03,0,0.505,0.505,0.4578164790930748,0.4607,0.758605420589447,0.5575709628124578,0.1583648088574409,320,80,200,4,/share/home/yuan/SYX/eeg-mi-online/checkpoints/session_multisource_v1/deepconvnet/multisource_sub-014_ses01ses02-to-ses-03_seed1.pt,ok,
multisource_0102_to_03,deepconvnet,1,sub-015,ses-01+ses-02,ses-03,0,0.625,0.625,0.6234089026135422,0.6531,1.150689721107483,0.5560059658325983,0.1995597678422928,320,80,200,14,/share/home/yuan/SYX/eeg-mi-online/checkpoints/session_multisource_v1/deepconvnet/multisource_sub-015_ses01ses02-to-ses-03_seed1.pt,ok,
multisource_0102_to_03,deepconvnet,1,sub-016,ses-01+ses-02,ses-03,0,0.565,0.5650000000000001,0.502274092508367,0.6335000000000001,0.7129897475242615,0.5127256837591012,0.1022814136743545,320,80,200,2,/share/home/yuan/SYX/eeg-mi-online/checkpoints/session_multisource_v1/deepconvnet/multisource_sub-016_ses01ses02-to-ses-03_seed1.pt,ok,
multisource_0102_to_03,deepconvnet,1,sub-017,ses-01+ses-02,ses-03,0,0.71,0.71,0.7070707070707071,0.8416,0.8310157656669617,0.4500209369211776,0.1934078416228294,320,80,200,43,/share/home/yuan/SYX/eeg-mi-online/checkpoints/session_multisource_v1/deepconvnet/multisource_sub-017_ses01ses02-to-ses-03_seed1.pt,ok,
multisource_0102_to_03,deepconvnet,1,sub-018,ses-01+ses-02,ses-03,0,0.67,0.6699999999999999,0.6673051718923279,0.7355000000000002,0.6590872406959534,0.4325938366295581,0.0941761022806167,320,80,200,43,/share/home/yuan/SYX/eeg-mi-online/checkpoints/session_multisource_v1/deepconvnet/multisource_sub-018_ses01ses02-to-ses-03_seed1.pt,ok,
multisource_0102_to_03,deepconvnet,1,sub-019,ses-01+ses-02,ses-03,0,0.885,0.885,0.8846510694851927,0.9475,0.3025057911872864,0.1801872310775437,0.0374930623173713,320,80,200,20,/share/home/yuan/SYX/eeg-mi-online/checkpoints/session_multisource_v1/deepconvnet/multisource_sub-019_ses01ses02-to-ses-03_seed1.pt,ok,
multisource_0102_to_03,deepconvnet,1,sub-020,ses-01+ses-02,ses-03,0,0.56,0.56,0.5592948717948718,0.5258,1.235845923423767,0.7148487890481345,0.3305772298574447,320,80,200,28,/share/home/yuan/SYX/eeg-mi-online/checkpoints/session_multisource_v1/deepconvnet/multisource_sub-020_ses01ses02-to-ses-03_seed1.pt,ok,
multisource_0102_to_03,deepconvnet,1,sub-021,ses-01+ses-02,ses-03,0,0.77,0.77,0.7685185185185186,0.8878999999999999,0.7223308086395264,0.3433558087714379,0.1613251364231109,320,80,200,22,/share/home/yuan/SYX/eeg-mi-online/checkpoints/session_multisource_v1/deepconvnet/multisource_sub-021_ses01ses02-to-ses-03_seed1.pt,ok,
multisource_0102_to_03,deepconvnet,1,sub-022,ses-01+ses-02,ses-03,0,0.795,0.7949999999999999,0.7941302000954031,0.8605999999999999,0.5905657410621643,0.3025635351155137,0.1096254643797874,320,80,200,47,/share/home/yuan/SYX/eeg-mi-online/checkpoints/session_multisource_v1/deepconvnet/multisource_sub-022_ses01ses02-to-ses-03_seed1.pt,ok,
multisource_0102_to_03,deepconvnet,1,sub-025,ses-01+ses-02,ses-03,0,0.855,0.855,0.8536794571003304,0.9371,0.5147538185119629,0.239481624542695,0.1009733089804649,320,80,200,13,/share/home/yuan/SYX/eeg-mi-online/checkpoints/session_multisource_v1/deepconvnet/multisource_sub-025_ses01ses02-to-ses-03_seed1.pt,ok,
multisource_0102_to_03,deepconvnet,1,sub-027,ses-01+ses-02,ses-03,0,0.78,0.78,0.7796474358974359,0.8602000000000001,0.4910838007926941,0.3024310019793546,0.0786156922578811,320,80,200,27,/share/home/yuan/SYX/eeg-mi-online/checkpoints/session_multisource_v1/deepconvnet/multisource_sub-027_ses01ses02-to-ses-03_seed1.pt,ok,
multisource_0102_to_03,deepconvnet,1,sub-028,ses-01+ses-02,ses-03,0,0.5,0.5,0.3503118503118503,0.5243,2.151970148086548,0.9260094370945032,0.4682212373614311,320,80,200,27,/share/home/yuan/SYX/eeg-mi-online/checkpoints/session_multisource_v1/deepconvnet/multisource_sub-028_ses01ses02-to-ses-03_seed1.pt,ok,
multisource_0102_to_03,deepconvnet,1,sub-029,ses-01+ses-02,ses-03,0,0.95,0.95,0.95,0.97455,0.3687531948089599,0.0845204516853287,0.0315944448113441,320,80,200,46,/share/home/yuan/SYX/eeg-mi-online/checkpoints/session_multisource_v1/deepconvnet/multisource_sub-029_ses01ses02-to-ses-03_seed1.pt,ok,
multisource_0102_to_03,deepconvnet,1,sub-030,ses-01+ses-02,ses-03,0,0.72,0.72,0.704360679970436,0.9226,0.6261106729507446,0.4339693706154301,0.1618168807029724,320,80,200,1,/share/home/yuan/SYX/eeg-mi-online/checkpoints/session_multisource_v1/deepconvnet/multisource_sub-030_ses01ses02-to-ses-03_seed1.pt,ok,
multisource_0102_to_03,deepconvnet,1,sub-031,ses-01+ses-02,ses-03,0,0.785,0.7849999999999999,0.7843476516462298,0.8296,0.8172802925109863,0.3462297892897994,0.1294077795743942,320,80,200,5,/share/home/yuan/SYX/eeg-mi-online/checkpoints/session_multisource_v1/deepconvnet/multisource_sub-031_ses01ses02-to-ses-03_seed1.pt,ok,
multisource_0102_to_03,deepconvnet,1,sub-033,ses-01+ses-02,ses-03,0,0.915,0.915,0.9149808706959066,0.983,0.251323789358139,0.136679994622846,0.065130015015602,320,80,200,65,/share/home/yuan/SYX/eeg-mi-online/checkpoints/session_multisource_v1/deepconvnet/multisource_sub-033_ses01ses02-to-ses-03_seed1.pt,ok,
multisource_0102_to_03,deepconvnet,1,sub-034,ses-01+ses-02,ses-03,0,0.86,0.86,0.8579545454545454,0.9596,0.3531239032745361,0.1956143631815047,0.0727047771215438,320,80,200,16,/share/home/yuan/SYX/eeg-mi-online/checkpoints/session_multisource_v1/deepconvnet/multisource_sub-034_ses01ses02-to-ses-03_seed1.pt,ok,
multisource_0102_to_03,deepconvnet,1,sub-035,ses-01+ses-02,ses-03,0,0.95,0.95,0.94999499949995,0.9891,0.179603636264801,0.0812844608561107,0.0338742336630821,320,80,200,30,/share/home/yuan/SYX/eeg-mi-online/checkpoints/session_multisource_v1/deepconvnet/multisource_sub-035_ses01ses02-to-ses-03_seed1.pt,ok,
multisource_0102_to_03,deepconvnet,1,sub-036,ses-01+ses-02,ses-03,0,0.985,0.985,0.9849996249906248,0.9996,0.0375771299004554,0.0238635887193202,0.0170442399382591,320,80,200,18,/share/home/yuan/SYX/eeg-mi-online/checkpoints/session_multisource_v1/deepconvnet/multisource_sub-036_ses01ses02-to-ses-03_seed1.pt,ok,
multisource_0102_to_03,deepconvnet,1,sub-037,ses-01+ses-02,ses-03,0,0.84,0.8400000000000001,0.8398558702832549,0.9179,0.4450024664402008,0.2241438124191971,0.06011563539505,320,80,200,4,/share/home/yuan/SYX/eeg-mi-online/checkpoints/session_multisource_v1/deepconvnet/multisource_sub-037_ses01ses02-to-ses-03_seed1.pt,ok,
multisource_0102_to_03,deepconvnet,1,sub-038,ses-01+ses-02,ses-03,0,0.64,0.6399999999999999,0.6390977443609023,0.7109,0.6451998353004456,0.4446945610915459,0.0859034982323646,320,80,200,12,/share/home/yuan/SYX/eeg-mi-online/checkpoints/session_multisource_v1/deepconvnet/multisource_sub-038_ses01ses02-to-ses-03_seed1.pt,ok,
multisource_0102_to_03,deepconvnet,1,sub-039,ses-01+ses-02,ses-03,0,0.475,0.475,0.4637248142189535,0.4904,1.5441925525665283,0.8307275832234637,0.4029669257998466,320,80,200,19,/share/home/yuan/SYX/eeg-mi-online/checkpoints/session_multisource_v1/deepconvnet/multisource_sub-039_ses01ses02-to-ses-03_seed1.pt,ok,
multisource_0102_to_03,deepconvnet,1,sub-040,ses-01+ses-02,ses-03,0,0.715,0.7150000000000001,0.7079843233689388,0.8165,0.5561662316322327,0.3793617630052528,0.0631661802530288,320,80,200,21,/share/home/yuan/SYX/eeg-mi-online/checkpoints/session_multisource_v1/deepconvnet/multisource_sub-040_ses01ses02-to-ses-03_seed1.pt,ok,
multisource_0102_to_03,deepconvnet,1,sub-041,ses-01+ses-02,ses-03,0,0.86,0.8600000000000001,0.8594941790445605,0.9538,0.3290351927280426,0.1971566755269278,0.0719049072265624,320,80,200,11,/share/home/yuan/SYX/eeg-mi-online/checkpoints/session_multisource_v1/deepconvnet/multisource_sub-041_ses01ses02-to-ses-03_seed1.pt,ok,
multisource_0102_to_03,deepconvnet,1,sub-042,ses-01+ses-02,ses-03,0,0.66,0.66,0.65996599659966,0.7337999999999999,0.7939180135726929,0.4758633910963021,0.1801296859979629,320,80,200,16,/share/home/yuan/SYX/eeg-mi-online/checkpoints/session_multisource_v1/deepconvnet/multisource_sub-042_ses01ses02-to-ses-03_seed1.pt,ok,
multisource_0102_to_03,deepconvnet,1,sub-043,ses-01+ses-02,ses-03,0,0.95,0.95,0.94999499949995,0.9919,0.154421180486679,0.0774278355774789,0.038698889017105,320,80,200,30,/share/home/yuan/SYX/eeg-mi-online/checkpoints/session_multisource_v1/deepconvnet/multisource_sub-043_ses01ses02-to-ses-03_seed1.pt,ok,
multisource_0102_to_03,deepconvnet,1,sub-044,ses-01+ses-02,ses-03,0,0.755,0.755,0.7522687631133245,0.8374,0.570033073425293,0.3823567243917341,0.1347058156132698,320,80,200,3,/share/home/yuan/SYX/eeg-mi-online/checkpoints/session_multisource_v1/deepconvnet/multisource_sub-044_ses01ses02-to-ses-03_seed1.pt,ok,
multisource_0102_to_03,deepconvnet,1,sub-045,ses-01+ses-02,ses-03,0,0.86,0.86,0.8588567395906845,0.9306,0.3628036379814148,0.2251254103850616,0.0594209519028663,320,80,200,15,/share/home/yuan/SYX/eeg-mi-online/checkpoints/session_multisource_v1/deepconvnet/multisource_sub-045_ses01ses02-to-ses-03_seed1.pt,ok,
multisource_0102_to_03,deepconvnet,1,sub-046,ses-01+ses-02,ses-03,0,0.97,0.97,0.97,0.9928,0.0951597243547439,0.037114910126945,0.0135152733325958,320,80,200,22,/share/home/yuan/SYX/eeg-mi-online/checkpoints/session_multisource_v1/deepconvnet/multisource_sub-046_ses01ses02-to-ses-03_seed1.pt,ok,
multisource_0102_to_03,deepconvnet,1,sub-047,ses-01+ses-02,ses-03,0,0.775,0.775,0.7748592870544091,0.8213999999999999,0.5809991359710693,0.3532236604381407,0.1042895993590354,320,80,200,12,/share/home/yuan/SYX/eeg-mi-online/checkpoints/session_multisource_v1/deepconvnet/multisource_sub-047_ses01ses02-to-ses-03_seed1.pt,ok,
multisource_0102_to_03,deepconvnet,1,sub-048,ses-01+ses-02,ses-03,0,0.815,0.815,0.8091553836234687,0.9536,0.4276624917984009,0.2611932125561338,0.0876961413025856,320,80,200,9,/share/home/yuan/SYX/eeg-mi-online/checkpoints/session_multisource_v1/deepconvnet/multisource_sub-048_ses01ses02-to-ses-03_seed1.pt,ok,
multisource_0102_to_03,deepconvnet,1,sub-049,ses-01+ses-02,ses-03,0,0.86,0.86,0.8590982286634461,0.8945,0.4946831166744232,0.2405214473911929,0.0857468399405479,320,80,200,35,/share/home/yuan/SYX/eeg-mi-online/checkpoints/session_multisource_v1/deepconvnet/multisource_sub-049_ses01ses02-to-ses-03_seed1.pt,ok,
multisource_0102_to_03,deepconvnet,1,sub-050,ses-01+ses-02,ses-03,0,0.86,0.8600000000000001,0.8593106220480353,0.9547,0.3485952019691467,0.2064837655256021,0.0878786450624465,320,80,200,27,/share/home/yuan/SYX/eeg-mi-online/checkpoints/session_multisource_v1/deepconvnet/multisource_sub-050_ses01ses02-to-ses-03_seed1.pt,ok,
multisource_0102_to_03,deepconvnet,1,sub-051,ses-01+ses-02,ses-03,0,0.855,0.855,0.8548221571424997,0.9118,0.4036801159381866,0.2348888309694288,0.0793019843101501,320,80,200,19,/share/home/yuan/SYX/eeg-mi-online/checkpoints/session_multisource_v1/deepconvnet/multisource_sub-051_ses01ses02-to-ses-03_seed1.pt,ok,
multisource_0102_to_03,deepconvnet,2,sub-001,ses-01+ses-02,ses-03,0,0.955,0.955,0.9549988749718744,0.9921,0.118344709277153,0.069168199921348,0.0211093851923942,320,80,200,58,/share/home/yuan/SYX/eeg-mi-online/checkpoints/session_multisource_v1/deepconvnet/multisource_sub-001_ses01ses02-to-ses-03_seed2.pt,ok,
multisource_0102_to_03,deepconvnet,2,sub-002,ses-01+ses-02,ses-03,0,0.635,0.635,0.6189879694146507,0.7459,0.6326297521591187,0.4442607527493817,0.1148291534185409,320,80,200,6,/share/home/yuan/SYX/eeg-mi-online/checkpoints/session_multisource_v1/deepconvnet/multisource_sub-002_ses01ses02-to-ses-03_seed2.pt,ok,
multisource_0102_to_03,deepconvnet,2,sub-003,ses-01+ses-02,ses-03,0,0.945,0.945,0.944998624965624,0.9818,0.2897801995277405,0.0909890638845665,0.0487198936939239,320,80,200,60,/share/home/yuan/SYX/eeg-mi-online/checkpoints/session_multisource_v1/deepconvnet/multisource_sub-003_ses01ses02-to-ses-03_seed2.pt,ok,
multisource_0102_to_03,deepconvnet,2,sub-004,ses-01+ses-02,ses-03,0,0.48,0.48,0.4791666666666666,0.4825,0.7984371185302734,0.5797223653513381,0.1663676592707634,320,80,200,1,/share/home/yuan/SYX/eeg-mi-online/checkpoints/session_multisource_v1/deepconvnet/multisource_sub-004_ses01ses02-to-ses-03_seed2.pt,ok,
multisource_0102_to_03,deepconvnet,2,sub-005,ses-01+ses-02,ses-03,0,0.68,0.6799999999999999,0.677386833350136,0.7632,0.902796983718872,0.4945989151456978,0.2121040263772011,320,80,200,34,/share/home/yuan/SYX/eeg-mi-online/checkpoints/session_multisource_v1/deepconvnet/multisource_sub-005_ses01ses02-to-ses-03_seed2.pt,ok,
multisource_0102_to_03,deepconvnet,2,sub-006,ses-01+ses-02,ses-03,0,0.93,0.93,0.93,0.9746,0.2911328971385956,0.1231257923082851,0.0638818609714508,320,80,200,24,/share/home/yuan/SYX/eeg-mi-online/checkpoints/session_multisource_v1/deepconvnet/multisource_sub-006_ses01ses02-to-ses-03_seed2.pt,ok,
multisource_0102_to_03,deepconvnet,2,sub-007,ses-01+ses-02,ses-03,0,0.875,0.875,0.8748466871918099,0.9105,0.4271797239780426,0.2167036766167371,0.0779561442136764,320,80,200,13,/share/home/yuan/SYX/eeg-mi-online/checkpoints/session_multisource_v1/deepconvnet/multisource_sub-007_ses01ses02-to-ses-03_seed2.pt,ok,
multisource_0102_to_03,deepconvnet,2,sub-008,ses-01+ses-02,ses-03,0,0.83,0.83,0.8299829982998299,0.9139,0.7369798421859741,0.2815172045331102,0.1315691512823105,320,80,200,44,/share/home/yuan/SYX/eeg-mi-online/checkpoints/session_multisource_v1/deepconvnet/multisource_sub-008_ses01ses02-to-ses-03_seed2.pt,ok,
multisource_0102_to_03,deepconvnet,2,sub-009,ses-01+ses-02,ses-03,0,0.6,0.6,0.6,0.6395999999999998,0.8327024579048157,0.5219359337719229,0.1445785421133041,320,80,200,10,/share/home/yuan/SYX/eeg-mi-online/checkpoints/session_multisource_v1/deepconvnet/multisource_sub-009_ses01ses02-to-ses-03_seed2.pt,ok,
multisource_0102_to_03,deepconvnet,2,sub-010,ses-01+ses-02,ses-03,0,0.52,0.52,0.4438651372957942,0.5585,0.8478001356124878,0.6046825605303541,0.2142297545075417,320,80,200,9,/share/home/yuan/SYX/eeg-mi-online/checkpoints/session_multisource_v1/deepconvnet/multisource_sub-010_ses01ses02-to-ses-03_seed2.pt,ok,
multisource_0102_to_03,deepconvnet,2,sub-011,ses-01+ses-02,ses-03,0,0.875,0.875,0.8736065117925125,0.9755,0.3580827414989471,0.2011290468547355,0.0710301569104194,320,80,200,4,/share/home/yuan/SYX/eeg-mi-online/checkpoints/session_multisource_v1/deepconvnet/multisource_sub-011_ses01ses02-to-ses-03_seed2.pt,ok,
multisource_0102_to_03,deepconvnet,2,sub-012,ses-01+ses-02,ses-03,0,0.55,0.55,0.5396419437340154,0.5646,0.7076394557952881,0.5109326117056472,0.0618142291903495,320,80,200,9,/share/home/yuan/SYX/eeg-mi-online/checkpoints/session_multisource_v1/deepconvnet/multisource_sub-012_ses01ses02-to-ses-03_seed2.pt,ok,
multisource_0102_to_03,deepconvnet,2,sub-013,ses-01+ses-02,ses-03,0,0.745,0.745,0.7448405253283302,0.8266,0.5141761302947998,0.3412214571191181,0.0765638637542724,320,80,200,20,/share/home/yuan/SYX/eeg-mi-online/checkpoints/session_multisource_v1/deepconvnet/multisource_sub-013_ses01ses02-to-ses-03_seed2.pt,ok,
multisource_0102_to_03,deepconvnet,2,sub-014,ses-01+ses-02,ses-03,0,0.535,0.535,0.528767956221023,0.5119,0.7762547135353088,0.5504530224123843,0.1063043588399887,320,80,200,1,/share/home/yuan/SYX/eeg-mi-online/checkpoints/session_multisource_v1/deepconvnet/multisource_sub-014_ses01ses02-to-ses-03_seed2.pt,ok,
multisource_0102_to_03,deepconvnet,2,sub-015,ses-01+ses-02,ses-03,0,0.58,0.58,0.57995799579958,0.6516999999999998,0.9703248739242554,0.5037086613681935,0.1540553188323974,320,80,200,10,/share/home/yuan/SYX/eeg-mi-online/checkpoints/session_multisource_v1/deepconvnet/multisource_sub-015_ses01ses02-to-ses-03_seed2.pt,ok,
multisource_0102_to_03,deepconvnet,2,sub-016,ses-01+ses-02,ses-03,0,0.485,0.485,0.4600403659143928,0.5507,0.7229945659637451,0.5250495888039047,0.133129840195179,320,80,200,4,/share/home/yuan/SYX/eeg-mi-online/checkpoints/session_multisource_v1/deepconvnet/multisource_sub-016_ses01ses02-to-ses-03_seed2.pt,ok,
multisource_0102_to_03,deepconvnet,2,sub-017,ses-01+ses-02,ses-03,0,0.77,0.77,0.7699769976997699,0.8556999999999999,0.600160539150238,0.3440472993135259,0.1443193817138671,320,80,200,30,/share/home/yuan/SYX/eeg-mi-online/checkpoints/session_multisource_v1/deepconvnet/multisource_sub-017_ses01ses02-to-ses-03_seed2.pt,ok,
multisource_0102_to_03,deepconvnet,2,sub-018,ses-01+ses-02,ses-03,0,0.555,0.555,0.5334329375376792,0.5985,0.7425510883331299,0.5262080135380874,0.1345469960570335,320,80,200,16,/share/home/yuan/SYX/eeg-mi-online/checkpoints/session_multisource_v1/deepconvnet/multisource_sub-018_ses01ses02-to-ses-03_seed2.pt,ok,
multisource_0102_to_03,deepconvnet,2,sub-019,ses-01+ses-02,ses-03,0,0.91,0.91,0.90999099909991,0.9457,0.2907014191150665,0.162909090976878,0.0604912078380585,320,80,200,20,/share/home/yuan/SYX/eeg-mi-online/checkpoints/session_multisource_v1/deepconvnet/multisource_sub-019_ses01ses02-to-ses-03_seed2.pt,ok,
multisource_0102_to_03,deepconvnet,2,sub-020,ses-01+ses-02,ses-03,0,0.595,0.595,0.5941782108770259,0.62,1.6488876342773438,0.6826658536032335,0.3106266161799431,320,80,200,96,/share/home/yuan/SYX/eeg-mi-online/checkpoints/session_multisource_v1/deepconvnet/multisource_sub-020_ses01ses02-to-ses-03_seed2.pt,ok,
multisource_0102_to_03,deepconvnet,2,sub-021,ses-01+ses-02,ses-03,0,0.825,0.825,0.8244690187818149,0.9092,0.6250699758529663,0.2914865607229169,0.135326731801033,320,80,200,28,/share/home/yuan/SYX/eeg-mi-online/checkpoints/session_multisource_v1/deepconvnet/multisource_sub-021_ses01ses02-to-ses-03_seed2.pt,ok,
multisource_0102_to_03,deepconvnet,2,sub-022,ses-01+ses-02,ses-03,0,0.685,0.685,0.6848030018761726,0.7193000000000002,0.7211933732032776,0.4482468128961826,0.1108524006605148,320,80,200,20,/share/home/yuan/SYX/eeg-mi-online/checkpoints/session_multisource_v1/deepconvnet/multisource_sub-022_ses01ses02-to-ses-03_seed2.pt,ok,
multisource_0102_to_03,deepconvnet,2,sub-025,ses-01+ses-02,ses-03,0,0.885,0.885,0.8847666524712543,0.9526,0.3800799250602722,0.1900657695244871,0.086901284456253,320,80,200,17,/share/home/yuan/SYX/eeg-mi-online/checkpoints/session_multisource_v1/deepconvnet/multisource_sub-025_ses01ses02-to-ses-03_seed2.pt,ok,
multisource_0102_to_03,deepconvnet,2,sub-027,ses-01+ses-02,ses-03,0,0.76,0.76,0.7564935064935066,0.8204,0.674084484577179,0.3847436995101853,0.1496848773956298,320,80,200,41,/share/home/yuan/SYX/eeg-mi-online/checkpoints/session_multisource_v1/deepconvnet/multisource_sub-027_ses01ses02-to-ses-03_seed2.pt,ok,
multisource_0102_to_03,deepconvnet,2,sub-028,ses-01+ses-02,ses-03,0,0.515,0.515,0.4080854309687262,0.601,2.244664669036865,0.8886587402924175,0.4385968965291977,320,80,200,44,/share/home/yuan/SYX/eeg-mi-online/checkpoints/session_multisource_v1/deepconvnet/multisource_sub-028_ses01ses02-to-ses-03_seed2.pt,ok,
multisource_0102_to_03,deepconvnet,2,sub-029,ses-01+ses-02,ses-03,0,0.96,0.96,0.9599358974358976,0.9931,0.1535489410161972,0.0631139309186047,0.0253904631733894,320,80,200,59,/share/home/yuan/SYX/eeg-mi-online/checkpoints/session_multisource_v1/deepconvnet/multisource_sub-029_ses01ses02-to-ses-03_seed2.pt,ok,
multisource_0102_to_03,deepconvnet,2,sub-030,ses-01+ses-02,ses-03,0,0.68,0.6799999999999999,0.6459785374488329,0.9441,0.5642591118812561,0.3807704980954736,0.1486816871166229,320,80,200,23,/share/home/yuan/SYX/eeg-mi-online/checkpoints/session_multisource_v1/deepconvnet/multisource_sub-030_ses01ses02-to-ses-03_seed2.pt,ok,
multisource_0102_to_03,deepconvnet,2,sub-031,ses-01+ses-02,ses-03,0,0.76,0.76,0.7584541062801933,0.8089000000000001,1.3727318048477173,0.4066460905104802,0.1795547175407409,320,80,200,28,/share/home/yuan/SYX/eeg-mi-online/checkpoints/session_multisource_v1/deepconvnet/multisource_sub-031_ses01ses02-to-ses-03_seed2.pt,ok,
multisource_0102_to_03,deepconvnet,2,sub-033,ses-01+ses-02,ses-03,0,0.82,0.8200000000000001,0.8191136569189026,0.9203,0.4966439306735992,0.2602087119712221,0.1017984181642532,320,80,200,13,/share/home/yuan/SYX/eeg-mi-online/checkpoints/session_multisource_v1/deepconvnet/multisource_sub-033_ses01ses02-to-ses-03_seed2.pt,ok,
multisource_0102_to_03,deepconvnet,2,sub-034,ses-01+ses-02,ses-03,0,0.88,0.88,0.8787878787878788,0.9868,0.2427234649658203,0.1505592169523688,0.0666228288412094,320,80,200,8,/share/home/yuan/SYX/eeg-mi-online/checkpoints/session_multisource_v1/deepconvnet/multisource_sub-034_ses01ses02-to-ses-03_seed2.pt,ok,
multisource_0102_to_03,deepconvnet,2,sub-035,ses-01+ses-02,ses-03,0,0.935,0.935,0.9347242097863472,0.9958,0.1985442340373993,0.0947149458870524,0.0391296663880347,320,80,200,60,/share/home/yuan/SYX/eeg-mi-online/checkpoints/session_multisource_v1/deepconvnet/multisource_sub-035_ses01ses02-to-ses-03_seed2.pt,ok,
multisource_0102_to_03,deepconvnet,2,sub-036,ses-01+ses-02,ses-03,0,0.99,0.99,0.99,0.9995,0.0320699848234653,0.0186275991622782,0.0078315511345863,320,80,200,15,/share/home/yuan/SYX/eeg-mi-online/checkpoints/session_multisource_v1/deepconvnet/multisource_sub-036_ses01ses02-to-ses-03_seed2.pt,ok,
multisource_0102_to_03,deepconvnet,2,sub-037,ses-01+ses-02,ses-03,0,0.875,0.875,0.8742928975487115,0.9469,0.3664708733558655,0.1801624158560257,0.0425439539551735,320,80,200,50,/share/home/yuan/SYX/eeg-mi-online/checkpoints/session_multisource_v1/deepconvnet/multisource_sub-037_ses01ses02-to-ses-03_seed2.pt,ok,
multisource_0102_to_03,deepconvnet,2,sub-038,ses-01+ses-02,ses-03,0,0.52,0.52,0.52,0.5616,0.7136863470077515,0.5153143116182569,0.1096721991896629,320,80,200,10,/share/home/yuan/SYX/eeg-mi-online/checkpoints/session_multisource_v1/deepconvnet/multisource_sub-038_ses01ses02-to-ses-03_seed2.pt,ok,
multisource_0102_to_03,deepconvnet,2,sub-039,ses-01+ses-02,ses-03,0,0.535,0.535,0.5347091932457786,0.5217999999999999,0.9473070502281188,0.6493378839246293,0.2341104620695114,320,80,200,21,/share/home/yuan/SYX/eeg-mi-online/checkpoints/session_multisource_v1/deepconvnet/multisource_sub-039_ses01ses02-to-ses-03_seed2.pt,ok,
multisource_0102_to_03,deepconvnet,2,sub-040,ses-01+ses-02,ses-03,0,0.66,0.6599999999999999,0.6572235104345197,0.7351000000000001,0.6513533592224121,0.4447656947289522,0.1225910100340843,320,80,200,6,/share/home/yuan/SYX/eeg-mi-online/checkpoints/session_multisource_v1/deepconvnet/multisource_sub-040_ses01ses02-to-ses-03_seed2.pt,ok,
multisource_0102_to_03,deepconvnet,2,sub-041,ses-01+ses-02,ses-03,0,0.905,0.905,0.9049405878674172,0.9734,0.2385968714952469,0.1468805799998153,0.0506432563066482,320,80,200,23,/share/home/yuan/SYX/eeg-mi-online/checkpoints/session_multisource_v1/deepconvnet/multisource_sub-041_ses01ses02-to-ses-03_seed2.pt,ok,
multisource_0102_to_03,deepconvnet,2,sub-042,ses-01+ses-02,ses-03,0,0.665,0.665,0.6612654516039334,0.7271000000000001,0.8799870014190674,0.4875377827529052,0.1863494819402694,320,80,200,21,/share/home/yuan/SYX/eeg-mi-online/checkpoints/session_multisource_v1/deepconvnet/multisource_sub-042_ses01ses02-to-ses-03_seed2.pt,ok,
multisource_0102_to_03,deepconvnet,2,sub-043,ses-01+ses-02,ses-03,0,0.975,0.975,0.9749993749843746,0.9984,0.0655251890420913,0.0392573735442803,0.0188953894376754,320,80,200,88,/share/home/yuan/SYX/eeg-mi-online/checkpoints/session_multisource_v1/deepconvnet/multisource_sub-043_ses01ses02-to-ses-03_seed2.pt,ok,
multisource_0102_to_03,deepconvnet,2,sub-044,ses-01+ses-02,ses-03,0,0.77,0.77,0.7691690084303493,0.8537,0.494039922952652,0.3189069482888467,0.0704736134409904,320,80,200,11,/share/home/yuan/SYX/eeg-mi-online/checkpoints/session_multisource_v1/deepconvnet/multisource_sub-044_ses01ses02-to-ses-03_seed2.pt,ok,
multisource_0102_to_03,deepconvnet,2,sub-045,ses-01+ses-02,ses-03,0,0.835,0.835,0.8334973132521002,0.9406,0.3875487446784973,0.2151771107996602,0.07210746884346,320,80,200,22,/share/home/yuan/SYX/eeg-mi-online/checkpoints/session_multisource_v1/deepconvnet/multisource_sub-045_ses01ses02-to-ses-03_seed2.pt,ok,
multisource_0102_to_03,deepconvnet,2,sub-046,ses-01+ses-02,ses-03,0,0.98,0.98,0.9799919967987194,0.9937,0.1462385505437851,0.0413994267899388,0.0216534438729285,320,80,200,89,/share/home/yuan/SYX/eeg-mi-online/checkpoints/session_multisource_v1/deepconvnet/multisource_sub-046_ses01ses02-to-ses-03_seed2.pt,ok,
multisource_0102_to_03,deepconvnet,2,sub-047,ses-01+ses-02,ses-03,0,0.82,0.82,0.82,0.903,0.8973473906517029,0.3144132489359205,0.1441477471590041,320,80,200,94,/share/home/yuan/SYX/eeg-mi-online/checkpoints/session_multisource_v1/deepconvnet/multisource_sub-047_ses01ses02-to-ses-03_seed2.pt,ok,
multisource_0102_to_03,deepconvnet,2,sub-048,ses-01+ses-02,ses-03,0,0.81,0.81,0.805008210180624,0.9622,0.3988459706306457,0.2567913201471948,0.0906239539384842,320,80,200,9,/share/home/yuan/SYX/eeg-mi-online/checkpoints/session_multisource_v1/deepconvnet/multisource_sub-048_ses01ses02-to-ses-03_seed2.pt,ok,
multisource_0102_to_03,deepconvnet,2,sub-049,ses-01+ses-02,ses-03,0,0.88,0.8799999999999999,0.8795664391810518,0.9487,0.3029622137546539,0.1848545800188858,0.039852779507637,320,80,200,37,/share/home/yuan/SYX/eeg-mi-online/checkpoints/session_multisource_v1/deepconvnet/multisource_sub-049_ses01ses02-to-ses-03_seed2.pt,ok,
multisource_0102_to_03,deepconvnet,2,sub-050,ses-01+ses-02,ses-03,0,0.86,0.86,0.8599439775910365,0.9409,0.3467195630073547,0.1999386095257721,0.0896732851862907,320,80,200,16,/share/home/yuan/SYX/eeg-mi-online/checkpoints/session_multisource_v1/deepconvnet/multisource_sub-050_ses01ses02-to-ses-03_seed2.pt,ok,
multisource_0102_to_03,deepconvnet,2,sub-051,ses-01+ses-02,ses-03,0,0.86,0.86,0.86,0.9088,0.4283069670200348,0.2385166495442612,0.0841193458437919,320,80,200,15,/share/home/yuan/SYX/eeg-mi-online/checkpoints/session_multisource_v1/deepconvnet/multisource_sub-051_ses01ses02-to-ses-03_seed2.pt,ok,
multisource_0102_to_03,deepconvnet,3,sub-001,ses-01+ses-02,ses-03,0,0.85,0.85,0.8499399759903962,0.9085,0.3975018262863159,0.2434334971148662,0.0583886522054672,320,80,200,20,/share/home/yuan/SYX/eeg-mi-online/checkpoints/session_multisource_v1/deepconvnet/multisource_sub-001_ses01ses02-to-ses-03_seed3.pt,ok,
multisource_0102_to_03,deepconvnet,3,sub-002,ses-01+ses-02,ses-03,0,0.685,0.685,0.6846136517233611,0.7332,0.6162970066070557,0.4240288612237045,0.0562766730785369,320,80,200,4,/share/home/yuan/SYX/eeg-mi-online/checkpoints/session_multisource_v1/deepconvnet/multisource_sub-002_ses01ses02-to-ses-03_seed3.pt,ok,
multisource_0102_to_03,deepconvnet,3,sub-003,ses-01+ses-02,ses-03,0,0.93,0.93,0.92999299929993,0.9707,0.3588382005691528,0.1246548053609173,0.0528707256913184,320,80,200,24,/share/home/yuan/SYX/eeg-mi-online/checkpoints/session_multisource_v1/deepconvnet/multisource_sub-003_ses01ses02-to-ses-03_seed3.pt,ok,
multisource_0102_to_03,deepconvnet,3,sub-004,ses-01+ses-02,ses-03,0,0.47,0.47,0.4646464646464646,0.4785,0.7630786299705505,0.5594836512664176,0.153465633392334,320,80,200,3,/share/home/yuan/SYX/eeg-mi-online/checkpoints/session_multisource_v1/deepconvnet/multisource_sub-004_ses01ses02-to-ses-03_seed3.pt,ok,
multisource_0102_to_03,deepconvnet,3,sub-005,ses-01+ses-02,ses-03,0,0.72,0.72,0.7135549872122762,0.7805000000000001,1.05148184299469,0.463712437977261,0.2004540109634399,320,80,200,62,/share/home/yuan/SYX/eeg-mi-online/checkpoints/session_multisource_v1/deepconvnet/multisource_sub-005_ses01ses02-to-ses-03_seed3.pt,ok,
multisource_0102_to_03,deepconvnet,3,sub-006,ses-01+ses-02,ses-03,0,0.94,0.94,0.9399459513562206,0.9766,0.245401993393898,0.1010354209301044,0.0451841983199119,320,80,200,18,/share/home/yuan/SYX/eeg-mi-online/checkpoints/session_multisource_v1/deepconvnet/multisource_sub-006_ses01ses02-to-ses-03_seed3.pt,ok,
multisource_0102_to_03,deepconvnet,3,sub-007,ses-01+ses-02,ses-03,0,0.895,0.895,0.8949973749343734,0.9149,0.3636451661586761,0.1983515648835217,0.0849554893374443,320,80,200,8,/share/home/yuan/SYX/eeg-mi-online/checkpoints/session_multisource_v1/deepconvnet/multisource_sub-007_ses01ses02-to-ses-03_seed3.pt,ok,
multisource_0102_to_03,deepconvnet,3,sub-008,ses-01+ses-02,ses-03,0,0.86,0.86,0.8599859985998599,0.9124,0.7916644811630249,0.2585621975873522,0.1255738213658332,320,80,200,71,/share/home/yuan/SYX/eeg-mi-online/checkpoints/session_multisource_v1/deepconvnet/multisource_sub-008_ses01ses02-to-ses-03_seed3.pt,ok,
multisource_0102_to_03,deepconvnet,3,sub-009,ses-01+ses-02,ses-03,0,0.61,0.61,0.61,0.644,0.9231054782867432,0.5349097688215738,0.1802980840206146,320,80,200,16,/share/home/yuan/SYX/eeg-mi-online/checkpoints/session_multisource_v1/deepconvnet/multisource_sub-009_ses01ses02-to-ses-03_seed3.pt,ok,
multisource_0102_to_03,deepconvnet,3,sub-010,ses-01+ses-02,ses-03,0,0.545,0.5449999999999999,0.444698703279939,0.6026000000000001,0.8492386341094971,0.5859614644344583,0.2453452354669571,320,80,200,5,/share/home/yuan/SYX/eeg-mi-online/checkpoints/session_multisource_v1/deepconvnet/multisource_sub-010_ses01ses02-to-ses-03_seed3.pt,ok,
multisource_0102_to_03,deepconvnet,3,sub-011,ses-01+ses-02,ses-03,0,0.87,0.87,0.8693598633303186,0.9556,0.3696538805961609,0.2142253141987527,0.0890167465806007,320,80,200,11,/share/home/yuan/SYX/eeg-mi-online/checkpoints/session_multisource_v1/deepconvnet/multisource_sub-011_ses01ses02-to-ses-03_seed3.pt,ok,
multisource_0102_to_03,deepconvnet,3,sub-012,ses-01+ses-02,ses-03,0,0.515,0.515,0.5146966854283928,0.5242,0.7067814469337463,0.5124156975135098,0.0748306605219841,320,80,200,7,/share/home/yuan/SYX/eeg-mi-online/checkpoints/session_multisource_v1/deepconvnet/multisource_sub-012_ses01ses02-to-ses-03_seed3.pt,ok,
multisource_0102_to_03,deepconvnet,3,sub-013,ses-01+ses-02,ses-03,0,0.745,0.745,0.7369439071566731,0.8677,0.5075357556343079,0.3349605113415947,0.042500125169754,320,80,200,12,/share/home/yuan/SYX/eeg-mi-online/checkpoints/session_multisource_v1/deepconvnet/multisource_sub-013_ses01ses02-to-ses-03_seed3.pt,ok,
multisource_0102_to_03,deepconvnet,3,sub-014,ses-01+ses-02,ses-03,0,0.49,0.49,0.4729226953286482,0.5111,0.8049032688140869,0.5725653009848456,0.1644859465956687,320,80,200,5,/share/home/yuan/SYX/eeg-mi-online/checkpoints/session_multisource_v1/deepconvnet/multisource_sub-014_ses01ses02-to-ses-03_seed3.pt,ok,
multisource_0102_to_03,deepconvnet,3,sub-015,ses-01+ses-02,ses-03,0,0.575,0.575,0.5631055485595333,0.6311,1.575580596923828,0.702739718949326,0.3244848856329918,320,80,200,22,/share/home/yuan/SYX/eeg-mi-online/checkpoints/session_multisource_v1/deepconvnet/multisource_sub-015_ses01ses02-to-ses-03_seed3.pt,ok,
multisource_0102_to_03,deepconvnet,3,sub-016,ses-01+ses-02,ses-03,0,0.51,0.51,0.3633056133056133,0.5672999999999999,0.7724186182022095,0.5657896646339378,0.1789613988995551,320,80,200,2,/share/home/yuan/SYX/eeg-mi-online/checkpoints/session_multisource_v1/deepconvnet/multisource_sub-016_ses01ses02-to-ses-03_seed3.pt,ok,
multisource_0102_to_03,deepconvnet,3,sub-017,ses-01+ses-02,ses-03,0,0.715,0.7150000000000001,0.7141352591589558,0.8364,0.6055015325546265,0.3783397359598758,0.1285257950425148,320,80,200,11,/share/home/yuan/SYX/eeg-mi-online/checkpoints/session_multisource_v1/deepconvnet/multisource_sub-017_ses01ses02-to-ses-03_seed3.pt,ok,
multisource_0102_to_03,deepconvnet,3,sub-018,ses-01+ses-02,ses-03,0,0.595,0.595,0.5863019995403356,0.6238,0.8254334330558777,0.5552445955412025,0.1842879799008369,320,80,200,44,/share/home/yuan/SYX/eeg-mi-online/checkpoints/session_multisource_v1/deepconvnet/multisource_sub-018_ses01ses02-to-ses-03_seed3.pt,ok,
multisource_0102_to_03,deepconvnet,3,sub-019,ses-01+ses-02,ses-03,0,0.88,0.88,0.8799519807923168,0.9293,0.3453508615493774,0.204825239181217,0.0598700416088104,320,80,200,9,/share/home/yuan/SYX/eeg-mi-online/checkpoints/session_multisource_v1/deepconvnet/multisource_sub-019_ses01ses02-to-ses-03_seed3.pt,ok,
multisource_0102_to_03,deepconvnet,3,sub-020,ses-01+ses-02,ses-03,0,0.525,0.525,0.5248931009477132,0.5488,1.8126791715621948,0.7779166426509968,0.3744360995292663,320,80,200,44,/share/home/yuan/SYX/eeg-mi-online/checkpoints/session_multisource_v1/deepconvnet/multisource_sub-020_ses01ses02-to-ses-03_seed3.pt,ok,
multisource_0102_to_03,deepconvnet,3,sub-021,ses-01+ses-02,ses-03,0,0.795,0.7949999999999999,0.7931330255556397,0.8867999999999999,0.5436466336250305,0.3033814625560965,0.1113927721977233,320,80,200,15,/share/home/yuan/SYX/eeg-mi-online/checkpoints/session_multisource_v1/deepconvnet/multisource_sub-021_ses01ses02-to-ses-03_seed3.pt,ok,
multisource_0102_to_03,deepconvnet,3,sub-022,ses-01+ses-02,ses-03,0,0.69,0.69,0.6854707792207793,0.7694,0.6587115526199341,0.4177306178816809,0.094047414958477,320,80,200,19,/share/home/yuan/SYX/eeg-mi-online/checkpoints/session_multisource_v1/deepconvnet/multisource_sub-022_ses01ses02-to-ses-03_seed3.pt,ok,
multisource_0102_to_03,deepconvnet,3,sub-025,ses-01+ses-02,ses-03,0,0.86,0.86,0.86,0.9246,0.4081412255764007,0.218332152606559,0.0755595576763153,320,80,200,3,/share/home/yuan/SYX/eeg-mi-online/checkpoints/session_multisource_v1/deepconvnet/multisource_sub-025_ses01ses02-to-ses-03_seed3.pt,ok,
multisource_0102_to_03,deepconvnet,3,sub-027,ses-01+ses-02,ses-03,0,0.76,0.76,0.7528575841828853,0.8665,0.4957833588123321,0.3234339619911346,0.0601849311590194,320,80,200,17,/share/home/yuan/SYX/eeg-mi-online/checkpoints/session_multisource_v1/deepconvnet/multisource_sub-027_ses01ses02-to-ses-03_seed3.pt,ok,
multisource_0102_to_03,deepconvnet,3,sub-028,ses-01+ses-02,ses-03,0,0.495,0.495,0.3311036789297659,0.4992999999999999,2.2332534790039062,0.9450958108627324,0.4698485499620438,320,80,200,21,/share/home/yuan/SYX/eeg-mi-online/checkpoints/session_multisource_v1/deepconvnet/multisource_sub-028_ses01ses02-to-ses-03_seed3.pt,ok,
multisource_0102_to_03,deepconvnet,3,sub-029,ses-01+ses-02,ses-03,0,0.935,0.935,0.9349202773397411,0.9911,0.1306868940591812,0.0803467029597508,0.0342754048109054,320,80,200,34,/share/home/yuan/SYX/eeg-mi-online/checkpoints/session_multisource_v1/deepconvnet/multisource_sub-029_ses01ses02-to-ses-03_seed3.pt,ok,
multisource_0102_to_03,deepconvnet,3,sub-030,ses-01+ses-02,ses-03,0,0.825,0.825,0.8246449059345173,0.9274,0.6203156113624573,0.4276429311873091,0.2793828144669533,320,80,200,22,/share/home/yuan/SYX/eeg-mi-online/checkpoints/session_multisource_v1/deepconvnet/multisource_sub-030_ses01ses02-to-ses-03_seed3.pt,ok,
multisource_0102_to_03,deepconvnet,3,sub-031,ses-01+ses-02,ses-03,0,0.73,0.73,0.7282608695652174,0.83685,0.9511653184890748,0.4137576711082618,0.1818916606903076,320,80,200,23,/share/home/yuan/SYX/eeg-mi-online/checkpoints/session_multisource_v1/deepconvnet/multisource_sub-031_ses01ses02-to-ses-03_seed3.pt,ok,
multisource_0102_to_03,deepconvnet,3,sub-033,ses-01+ses-02,ses-03,0,0.89,0.89,0.8899559823929573,0.9606,0.328255146741867,0.1789683759678342,0.076202612221241,320,80,200,24,/share/home/yuan/SYX/eeg-mi-online/checkpoints/session_multisource_v1/deepconvnet/multisource_sub-033_ses01ses02-to-ses-03_seed3.pt,ok,
multisource_0102_to_03,deepconvnet,3,sub-034,ses-01+ses-02,ses-03,0,0.87,0.87,0.8684077335762729,0.9831,0.2845473289489746,0.1870501759082138,0.0528323525190353,320,80,200,10,/share/home/yuan/SYX/eeg-mi-online/checkpoints/session_multisource_v1/deepconvnet/multisource_sub-034_ses01ses02-to-ses-03_seed3.pt,ok,
multisource_0102_to_03,deepconvnet,3,sub-035,ses-01+ses-02,ses-03,0,0.945,0.945,0.9449656035021888,0.9857,0.2201963067054748,0.0891516730943127,0.0401368033885956,320,80,200,35,/share/home/yuan/SYX/eeg-mi-online/checkpoints/session_multisource_v1/deepconvnet/multisource_sub-035_ses01ses02-to-ses-03_seed3.pt,ok,
multisource_0102_to_03,deepconvnet,3,sub-036,ses-01+ses-02,ses-03,0,0.975,0.975,0.9749943737340904,0.9996,0.0738023295998573,0.0402893181208264,0.0175050711631774,320,80,200,9,/share/home/yuan/SYX/eeg-mi-online/checkpoints/session_multisource_v1/deepconvnet/multisource_sub-036_ses01ses02-to-ses-03_seed3.pt,ok,
multisource_0102_to_03,deepconvnet,3,sub-037,ses-01+ses-02,ses-03,0,0.845,0.845,0.8448098921178444,0.9093,0.5327720046043396,0.243667020801308,0.0840032759308815,320,80,200,23,/share/home/yuan/SYX/eeg-mi-online/checkpoints/session_multisource_v1/deepconvnet/multisource_sub-037_ses01ses02-to-ses-03_seed3.pt,ok,
multisource_0102_to_03,deepconvnet,3,sub-038,ses-01+ses-02,ses-03,0,0.55,0.55,0.54226426609704,0.5605,0.7592312693595886,0.5457060298394932,0.1421893537044525,320,80,200,11,/share/home/yuan/SYX/eeg-mi-online/checkpoints/session_multisource_v1/deepconvnet/multisource_sub-038_ses01ses02-to-ses-03_seed3.pt,ok,
multisource_0102_to_03,deepconvnet,3,sub-039,ses-01+ses-02,ses-03,0,0.455,0.455,0.4519170333123822,0.5047,1.036717653274536,0.704994866846264,0.3232134965062141,320,80,200,21,/share/home/yuan/SYX/eeg-mi-online/checkpoints/session_multisource_v1/deepconvnet/multisource_sub-039_ses01ses02-to-ses-03_seed3.pt,ok,
multisource_0102_to_03,deepconvnet,3,sub-040,ses-01+ses-02,ses-03,0,0.765,0.765,0.7592151438305285,0.8678,0.50721275806427,0.3248039244539576,0.0827976235747337,320,80,200,14,/share/home/yuan/SYX/eeg-mi-online/checkpoints/session_multisource_v1/deepconvnet/multisource_sub-040_ses01ses02-to-ses-03_seed3.pt,ok,
multisource_0102_to_03,deepconvnet,3,sub-041,ses-01+ses-02,ses-03,0,0.895,0.895,0.8949343339587242,0.9597,0.2955763339996338,0.159185710509861,0.0585058733820915,320,80,200,15,/share/home/yuan/SYX/eeg-mi-online/checkpoints/session_multisource_v1/deepconvnet/multisource_sub-041_ses01ses02-to-ses-03_seed3.pt,ok,
multisource_0102_to_03,deepconvnet,3,sub-042,ses-01+ses-02,ses-03,0,0.655,0.655,0.6549913747843696,0.6915,0.7861682772636414,0.4995855874150672,0.1604414016008377,320,80,200,10,/share/home/yuan/SYX/eeg-mi-online/checkpoints/session_multisource_v1/deepconvnet/multisource_sub-042_ses01ses02-to-ses-03_seed3.pt,ok,
multisource_0102_to_03,deepconvnet,3,sub-043,ses-01+ses-02,ses-03,0,0.92,0.92,0.9198717948717948,0.9761,0.2863779366016388,0.1276706813233485,0.0523817253112792,320,80,200,32,/share/home/yuan/SYX/eeg-mi-online/checkpoints/session_multisource_v1/deepconvnet/multisource_sub-043_ses01ses02-to-ses-03_seed3.pt,ok,
multisource_0102_to_03,deepconvnet,3,sub-044,ses-01+ses-02,ses-03,0,0.78,0.78,0.7794486215538847,0.8605,0.4748274981975555,0.3090558987785357,0.0594159224629402,320,80,200,15,/share/home/yuan/SYX/eeg-mi-online/checkpoints/session_multisource_v1/deepconvnet/multisource_sub-044_ses01ses02-to-ses-03_seed3.pt,ok,
multisource_0102_to_03,deepconvnet,3,sub-045,ses-01+ses-02,ses-03,0,0.765,0.765,0.7647117719206027,0.825,0.5707233548164368,0.3435413488811307,0.0647969537973404,320,80,200,10,/share/home/yuan/SYX/eeg-mi-online/checkpoints/session_multisource_v1/deepconvnet/multisource_sub-045_ses01ses02-to-ses-03_seed3.pt,ok,
multisource_0102_to_03,deepconvnet,3,sub-046,ses-01+ses-02,ses-03,0,0.97,0.97,0.9699879951980792,0.9893,0.1925079375505447,0.060397124192883,0.0296869030594825,320,80,200,34,/share/home/yuan/SYX/eeg-mi-online/checkpoints/session_multisource_v1/deepconvnet/multisource_sub-046_ses01ses02-to-ses-03_seed3.pt,ok,
multisource_0102_to_03,deepconvnet,3,sub-047,ses-01+ses-02,ses-03,0,0.735,0.735,0.7349933748343709,0.8143,0.5782522559165955,0.3616945658862548,0.104810779094696,320,80,200,10,/share/home/yuan/SYX/eeg-mi-online/checkpoints/session_multisource_v1/deepconvnet/multisource_sub-047_ses01ses02-to-ses-03_seed3.pt,ok,
multisource_0102_to_03,deepconvnet,3,sub-048,ses-01+ses-02,ses-03,0,0.84,0.8400000000000001,0.8389694041867954,0.9278,0.3952364325523376,0.2309025633483571,0.0641037294268608,320,80,200,17,/share/home/yuan/SYX/eeg-mi-online/checkpoints/session_multisource_v1/deepconvnet/multisource_sub-048_ses01ses02-to-ses-03_seed3.pt,ok,
multisource_0102_to_03,deepconvnet,3,sub-049,ses-01+ses-02,ses-03,0,0.87,0.87,0.8686868686868687,0.94635,0.5199771523475647,0.2190578478591666,0.1069147369265556,320,80,200,58,/share/home/yuan/SYX/eeg-mi-online/checkpoints/session_multisource_v1/deepconvnet/multisource_sub-049_ses01ses02-to-ses-03_seed3.pt,ok,
multisource_0102_to_03,deepconvnet,3,sub-050,ses-01+ses-02,ses-03,0,0.915,0.915,0.9147420948368816,0.9798,0.3290661871433258,0.1471426087667733,0.0648911607265472,320,80,200,40,/share/home/yuan/SYX/eeg-mi-online/checkpoints/session_multisource_v1/deepconvnet/multisource_sub-050_ses01ses02-to-ses-03_seed3.pt,ok,
multisource_0102_to_03,deepconvnet,3,sub-051,ses-01+ses-02,ses-03,0,0.855,0.855,0.8549963749093727,0.9074,0.3969331979751587,0.2378833172863775,0.0619326576590538,320,80,200,26,/share/home/yuan/SYX/eeg-mi-online/checkpoints/session_multisource_v1/deepconvnet/multisource_sub-051_ses01ses02-to-ses-03_seed3.pt,ok,
multisource_0102_to_03,deepconvnet,4,sub-001,ses-01+ses-02,ses-03,0,0.93,0.93,0.92999299929993,0.9871,0.1570997834205627,0.0990365159019952,0.0299832427501678,320,80,200,30,/share/home/yuan/SYX/eeg-mi-online/checkpoints/session_multisource_v1/deepconvnet/multisource_sub-001_ses01ses02-to-ses-03_seed4.pt,ok,
multisource_0102_to_03,deepconvnet,4,sub-002,ses-01+ses-02,ses-03,0,0.625,0.625,0.5918478408750782,0.7408999999999999,0.6432968378067017,0.4520885701977256,0.0879866296052932,320,80,200,3,/share/home/yuan/SYX/eeg-mi-online/checkpoints/session_multisource_v1/deepconvnet/multisource_sub-002_ses01ses02-to-ses-03_seed4.pt,ok,
multisource_0102_to_03,deepconvnet,4,sub-003,ses-01+ses-02,ses-03,0,0.925,0.925,0.9249530956848032,0.988,0.2303509712219238,0.1184785604062268,0.0637099370360374,320,80,200,47,/share/home/yuan/SYX/eeg-mi-online/checkpoints/session_multisource_v1/deepconvnet/multisource_sub-003_ses01ses02-to-ses-03_seed4.pt,ok,
multisource_0102_to_03,deepconvnet,4,sub-004,ses-01+ses-02,ses-03,0,0.465,0.4649999999999999,0.463914426714096,0.4677999999999999,0.8032537698745728,0.5818393688497502,0.1858564218878745,320,80,200,1,/share/home/yuan/SYX/eeg-mi-online/checkpoints/session_multisource_v1/deepconvnet/multisource_sub-004_ses01ses02-to-ses-03_seed4.pt,ok,
multisource_0102_to_03,deepconvnet,4,sub-005,ses-01+ses-02,ses-03,0,0.705,0.705,0.7003174603174602,0.8009,0.9651104211807252,0.4494638185869386,0.2059426245093346,320,80,200,68,/share/home/yuan/SYX/eeg-mi-online/checkpoints/session_multisource_v1/deepconvnet/multisource_sub-005_ses01ses02-to-ses-03_seed4.pt,ok,
multisource_0102_to_03,deepconvnet,4,sub-006,ses-01+ses-02,ses-03,0,0.95,0.95,0.94999499949995,0.9806,0.1817911267280578,0.0796012015837275,0.0271751025319099,320,80,200,12,/share/home/yuan/SYX/eeg-mi-online/checkpoints/session_multisource_v1/deepconvnet/multisource_sub-006_ses01ses02-to-ses-03_seed4.pt,ok,
multisource_0102_to_03,deepconvnet,4,sub-007,ses-01+ses-02,ses-03,0,0.895,0.895,0.8949973749343734,0.9203,0.3682872354984283,0.192027060904102,0.0672153714299202,320,80,200,12,/share/home/yuan/SYX/eeg-mi-online/checkpoints/session_multisource_v1/deepconvnet/multisource_sub-007_ses01ses02-to-ses-03_seed4.pt,ok,
multisource_0102_to_03,deepconvnet,4,sub-008,ses-01+ses-02,ses-03,0,0.725,0.725,0.7213143827113577,0.8236,0.5460726022720337,0.3649123610438808,0.0633509775996208,320,80,200,7,/share/home/yuan/SYX/eeg-mi-online/checkpoints/session_multisource_v1/deepconvnet/multisource_sub-008_ses01ses02-to-ses-03_seed4.pt,ok,
multisource_0102_to_03,deepconvnet,4,sub-009,ses-01+ses-02,ses-03,0,0.615,0.615,0.6121981315000882,0.6432,1.0661078691482544,0.5655276453949956,0.1862239855527878,320,80,200,21,/share/home/yuan/SYX/eeg-mi-online/checkpoints/session_multisource_v1/deepconvnet/multisource_sub-009_ses01ses02-to-ses-03_seed4.pt,ok,
multisource_0102_to_03,deepconvnet,4,sub-010,ses-01+ses-02,ses-03,0,0.525,0.525,0.5161824246899748,0.5527,0.7900172472000122,0.5545085547155346,0.1345327746868133,320,80,200,8,/share/home/yuan/SYX/eeg-mi-online/checkpoints/session_multisource_v1/deepconvnet/multisource_sub-010_ses01ses02-to-ses-03_seed4.pt,ok,
multisource_0102_to_03,deepconvnet,4,sub-011,ses-01+ses-02,ses-03,0,0.9,0.8999999999999999,0.8996386993175431,0.9701999999999998,0.231922909617424,0.1337961036952931,0.0391630953550338,320,80,200,4,/share/home/yuan/SYX/eeg-mi-online/checkpoints/session_multisource_v1/deepconvnet/multisource_sub-011_ses01ses02-to-ses-03_seed4.pt,ok,
multisource_0102_to_03,deepconvnet,4,sub-012,ses-01+ses-02,ses-03,0,0.525,0.525,0.4565061929689064,0.5688,0.7353678941726685,0.5352095457381755,0.1361573457717895,320,80,200,2,/share/home/yuan/SYX/eeg-mi-online/checkpoints/session_multisource_v1/deepconvnet/multisource_sub-012_ses01ses02-to-ses-03_seed4.pt,ok,
multisource_0102_to_03,deepconvnet,4,sub-013,ses-01+ses-02,ses-03,0,0.775,0.775,0.7719844949456562,0.8729000000000001,0.5124301314353943,0.3206409614736419,0.0414335736632347,320,80,200,23,/share/home/yuan/SYX/eeg-mi-online/checkpoints/session_multisource_v1/deepconvnet/multisource_sub-013_ses01ses02-to-ses-03_seed4.pt,ok,
multisource_0102_to_03,deepconvnet,4,sub-014,ses-01+ses-02,ses-03,0,0.49,0.49,0.4798041615667074,0.4822,1.195912480354309,0.69080253475147,0.2669584700465203,320,80,200,23,/share/home/yuan/SYX/eeg-mi-online/checkpoints/session_multisource_v1/deepconvnet/multisource_sub-014_ses01ses02-to-ses-03_seed4.pt,ok,
multisource_0102_to_03,deepconvnet,4,sub-015,ses-01+ses-02,ses-03,0,0.625,0.625,0.6180387563341907,0.6773,0.9859573245048524,0.5292231214354713,0.1947501465678215,320,80,200,15,/share/home/yuan/SYX/eeg-mi-online/checkpoints/session_multisource_v1/deepconvnet/multisource_sub-015_ses01ses02-to-ses-03_seed4.pt,ok,
multisource_0102_to_03,deepconvnet,4,sub-016,ses-01+ses-02,ses-03,0,0.585,0.585,0.5733854180051914,0.5993,0.6861425042152405,0.4912312647095834,0.0620842123031616,320,80,200,7,/share/home/yuan/SYX/eeg-mi-online/checkpoints/session_multisource_v1/deepconvnet/multisource_sub-016_ses01ses02-to-ses-03_seed4.pt,ok,
multisource_0102_to_03,deepconvnet,4,sub-017,ses-01+ses-02,ses-03,0,0.76,0.76,0.7591328783621036,0.8729,0.4999534487724304,0.3213371919244344,0.1077345985174179,320,80,200,12,/share/home/yuan/SYX/eeg-mi-online/checkpoints/session_multisource_v1/deepconvnet/multisource_sub-017_ses01ses02-to-ses-03_seed4.pt,ok,
multisource_0102_to_03,deepconvnet,4,sub-018,ses-01+ses-02,ses-03,0,0.57,0.5700000000000001,0.5538956323270048,0.6135999999999999,0.7592623829841614,0.5217130792761948,0.1079635605216026,320,80,200,27,/share/home/yuan/SYX/eeg-mi-online/checkpoints/session_multisource_v1/deepconvnet/multisource_sub-018_ses01ses02-to-ses-03_seed4.pt,ok,
multisource_0102_to_03,deepconvnet,4,sub-019,ses-01+ses-02,ses-03,0,0.87,0.87,0.8696741854636592,0.9313,0.3606947362422943,0.2064485973722045,0.049788381755352,320,80,200,26,/share/home/yuan/SYX/eeg-mi-online/checkpoints/session_multisource_v1/deepconvnet/multisource_sub-019_ses01ses02-to-ses-03_seed4.pt,ok,
multisource_0102_to_03,deepconvnet,4,sub-020,ses-01+ses-02,ses-03,0,0.595,0.595,0.5937711577522005,0.6383,1.505769968032837,0.6612010092002188,0.2995152184367179,320,80,200,53,/share/home/yuan/SYX/eeg-mi-online/checkpoints/session_multisource_v1/deepconvnet/multisource_sub-020_ses01ses02-to-ses-03_seed4.pt,ok,
multisource_0102_to_03,deepconvnet,4,sub-021,ses-01+ses-02,ses-03,0,0.8,0.8,0.797979797979798,0.904,0.8126034736633301,0.3360270798939752,0.1552058920264244,320,80,200,47,/share/home/yuan/SYX/eeg-mi-online/checkpoints/session_multisource_v1/deepconvnet/multisource_sub-021_ses01ses02-to-ses-03_seed4.pt,ok,
multisource_0102_to_03,deepconvnet,4,sub-022,ses-01+ses-02,ses-03,0,0.705,0.705,0.7010463378176383,0.7598999999999999,0.6129354238510132,0.4134492494933498,0.0834077358245849,320,80,200,15,/share/home/yuan/SYX/eeg-mi-online/checkpoints/session_multisource_v1/deepconvnet/multisource_sub-022_ses01ses02-to-ses-03_seed4.pt,ok,
multisource_0102_to_03,deepconvnet,4,sub-025,ses-01+ses-02,ses-03,0,0.865,0.865,0.8640175266299011,0.9584,0.5263091325759888,0.23242482090017,0.1138807535171509,320,80,200,25,/share/home/yuan/SYX/eeg-mi-online/checkpoints/session_multisource_v1/deepconvnet/multisource_sub-025_ses01ses02-to-ses-03_seed4.pt,ok,
multisource_0102_to_03,deepconvnet,4,sub-027,ses-01+ses-02,ses-03,0,0.81,0.81,0.8099239695878351,0.876,0.4442838430404663,0.2790464583241163,0.0552811479568481,320,80,200,16,/share/home/yuan/SYX/eeg-mi-online/checkpoints/session_multisource_v1/deepconvnet/multisource_sub-027_ses01ses02-to-ses-03_seed4.pt,ok,
multisource_0102_to_03,deepconvnet,4,sub-028,ses-01+ses-02,ses-03,0,0.5,0.5,0.3503118503118503,0.5835,2.923337459564209,0.9549280553144496,0.476965052485466,320,80,200,44,/share/home/yuan/SYX/eeg-mi-online/checkpoints/session_multisource_v1/deepconvnet/multisource_sub-028_ses01ses02-to-ses-03_seed4.pt,ok,
multisource_0102_to_03,deepconvnet,4,sub-029,ses-01+ses-02,ses-03,0,0.965,0.965,0.9649921232277264,0.987,0.2292782962322235,0.065486260514521,0.0340201377868652,320,80,200,74,/share/home/yuan/SYX/eeg-mi-online/checkpoints/session_multisource_v1/deepconvnet/multisource_sub-029_ses01ses02-to-ses-03_seed4.pt,ok,
multisource_0102_to_03,deepconvnet,4,sub-030,ses-01+ses-02,ses-03,0,0.74,0.74,0.7226666666666667,0.9344,0.6539778113365173,0.4609888188140627,0.2103699374198913,320,80,200,1,/share/home/yuan/SYX/eeg-mi-online/checkpoints/session_multisource_v1/deepconvnet/multisource_sub-030_ses01ses02-to-ses-03_seed4.pt,ok,
multisource_0102_to_03,deepconvnet,4,sub-031,ses-01+ses-02,ses-03,0,0.735,0.735,0.7314484051582174,0.7373,1.03057599067688,0.45338827211371,0.1800200194120407,320,80,200,3,/share/home/yuan/SYX/eeg-mi-online/checkpoints/session_multisource_v1/deepconvnet/multisource_sub-031_ses01ses02-to-ses-03_seed4.pt,ok,
multisource_0102_to_03,deepconvnet,4,sub-033,ses-01+ses-02,ses-03,0,0.91,0.91,0.90999099909991,0.9721,0.3103943169116974,0.1382923642987911,0.0522860217094421,320,80,200,57,/share/home/yuan/SYX/eeg-mi-online/checkpoints/session_multisource_v1/deepconvnet/multisource_sub-033_ses01ses02-to-ses-03_seed4.pt,ok,
multisource_0102_to_03,deepconvnet,4,sub-034,ses-01+ses-02,ses-03,0,0.945,0.945,0.9449876222149984,0.9786,0.1893893480300903,0.1012293512346027,0.0437512823939323,320,80,200,18,/share/home/yuan/SYX/eeg-mi-online/checkpoints/session_multisource_v1/deepconvnet/multisource_sub-034_ses01ses02-to-ses-03_seed4.pt,ok,
multisource_0102_to_03,deepconvnet,4,sub-035,ses-01+ses-02,ses-03,0,0.935,0.935,0.9349202773397411,0.9899,0.2574082911014557,0.0989834135899116,0.0564960047602653,320,80,200,56,/share/home/yuan/SYX/eeg-mi-online/checkpoints/session_multisource_v1/deepconvnet/multisource_sub-035_ses01ses02-to-ses-03_seed4.pt,ok,
multisource_0102_to_03,deepconvnet,4,sub-036,ses-01+ses-02,ses-03,0,0.985,0.985,0.9849996249906248,0.9995,0.03629120439291,0.0210832146552814,0.0123051834106445,320,80,200,30,/share/home/yuan/SYX/eeg-mi-online/checkpoints/session_multisource_v1/deepconvnet/multisource_sub-036_ses01ses02-to-ses-03_seed4.pt,ok,
multisource_0102_to_03,deepconvnet,4,sub-037,ses-01+ses-02,ses-03,0,0.875,0.875,0.8749718686704508,0.92725,0.5518779754638672,0.1978051324812993,0.0756451189517975,320,80,200,15,/share/home/yuan/SYX/eeg-mi-online/checkpoints/session_multisource_v1/deepconvnet/multisource_sub-037_ses01ses02-to-ses-03_seed4.pt,ok,
multisource_0102_to_03,deepconvnet,4,sub-038,ses-01+ses-02,ses-03,0,0.535,0.535,0.4998790029845931,0.6078000000000001,0.6866122484207153,0.4928776092347029,0.0856816300749778,320,80,200,4,/share/home/yuan/SYX/eeg-mi-online/checkpoints/session_multisource_v1/deepconvnet/multisource_sub-038_ses01ses02-to-ses-03_seed4.pt,ok,
multisource_0102_to_03,deepconvnet,4,sub-039,ses-01+ses-02,ses-03,0,0.495,0.495,0.4949873746843671,0.4780999999999999,0.9247148036956788,0.6534926100667662,0.2526284348964691,320,80,200,16,/share/home/yuan/SYX/eeg-mi-online/checkpoints/session_multisource_v1/deepconvnet/multisource_sub-039_ses01ses02-to-ses-03_seed4.pt,ok,
multisource_0102_to_03,deepconvnet,4,sub-040,ses-01+ses-02,ses-03,0,0.715,0.7150000000000001,0.7129258895520133,0.7871,0.5845049023628235,0.3980232723950642,0.0908480992913246,320,80,200,3,/share/home/yuan/SYX/eeg-mi-online/checkpoints/session_multisource_v1/deepconvnet/multisource_sub-040_ses01ses02-to-ses-03_seed4.pt,ok,
multisource_0102_to_03,deepconvnet,4,sub-041,ses-01+ses-02,ses-03,0,0.89,0.89,0.8899559823929573,0.9592,0.3080441951751709,0.1717610328234359,0.0571696883440017,320,80,200,20,/share/home/yuan/SYX/eeg-mi-online/checkpoints/session_multisource_v1/deepconvnet/multisource_sub-041_ses01ses02-to-ses-03_seed4.pt,ok,
multisource_0102_to_03,deepconvnet,4,sub-042,ses-01+ses-02,ses-03,0,0.73,0.73,0.7286704853783539,0.8114,0.715352475643158,0.4081686441221158,0.1563217255473136,320,80,200,30,/share/home/yuan/SYX/eeg-mi-online/checkpoints/session_multisource_v1/deepconvnet/multisource_sub-042_ses01ses02-to-ses-03_seed4.pt,ok,
multisource_0102_to_03,deepconvnet,4,sub-043,ses-01+ses-02,ses-03,0,0.975,0.975,0.9749993749843746,0.9966,0.0844063013792038,0.0424423652388131,0.0227810633182525,320,80,200,39,/share/home/yuan/SYX/eeg-mi-online/checkpoints/session_multisource_v1/deepconvnet/multisource_sub-043_ses01ses02-to-ses-03_seed4.pt,ok,
multisource_0102_to_03,deepconvnet,4,sub-044,ses-01+ses-02,ses-03,0,0.71,0.71,0.7033248081841432,0.8056,0.5731895565986633,0.3877207839549541,0.0736545041203499,320,80,200,15,/share/home/yuan/SYX/eeg-mi-online/checkpoints/session_multisource_v1/deepconvnet/multisource_sub-044_ses01ses02-to-ses-03_seed4.pt,ok,
multisource_0102_to_03,deepconvnet,4,sub-045,ses-01+ses-02,ses-03,0,0.825,0.825,0.8248905565978737,0.8874,0.4566848278045654,0.2642965018227848,0.0522546070814132,320,80,200,13,/share/home/yuan/SYX/eeg-mi-online/checkpoints/session_multisource_v1/deepconvnet/multisource_sub-045_ses01ses02-to-ses-03_seed4.pt,ok,
multisource_0102_to_03,deepconvnet,4,sub-046,ses-01+ses-02,ses-03,0,0.97,0.97,0.96999699969997,0.9958,0.1595230251550674,0.0577343076778319,0.0292741951346397,320,80,200,78,/share/home/yuan/SYX/eeg-mi-online/checkpoints/session_multisource_v1/deepconvnet/multisource_sub-046_ses01ses02-to-ses-03_seed4.pt,ok,
multisource_0102_to_03,deepconvnet,4,sub-047,ses-01+ses-02,ses-03,0,0.725,0.7250000000000001,0.7241656009428521,0.8124,0.6904112100601196,0.3951214519939084,0.1467345532774925,320,80,200,17,/share/home/yuan/SYX/eeg-mi-online/checkpoints/session_multisource_v1/deepconvnet/multisource_sub-047_ses01ses02-to-ses-03_seed4.pt,ok,
multisource_0102_to_03,deepconvnet,4,sub-048,ses-01+ses-02,ses-03,0,0.795,0.7949999999999999,0.7885235332043843,0.9284,0.6829882264137268,0.3234194688168703,0.1530635982751846,320,80,200,24,/share/home/yuan/SYX/eeg-mi-online/checkpoints/session_multisource_v1/deepconvnet/multisource_sub-048_ses01ses02-to-ses-03_seed4.pt,ok,
multisource_0102_to_03,deepconvnet,4,sub-049,ses-01+ses-02,ses-03,0,0.89,0.89,0.8891017239641092,0.9245,0.4690746366977691,0.1917847704948523,0.0845798429846763,320,80,200,57,/share/home/yuan/SYX/eeg-mi-online/checkpoints/session_multisource_v1/deepconvnet/multisource_sub-049_ses01ses02-to-ses-03_seed4.pt,ok,
multisource_0102_to_03,deepconvnet,4,sub-050,ses-01+ses-02,ses-03,0,0.905,0.905,0.9048072346501664,0.9683,0.2724267244338989,0.1430790383135703,0.0600870472192764,320,80,200,32,/share/home/yuan/SYX/eeg-mi-online/checkpoints/session_multisource_v1/deepconvnet/multisource_sub-050_ses01ses02-to-ses-03_seed4.pt,ok,
multisource_0102_to_03,deepconvnet,4,sub-051,ses-01+ses-02,ses-03,0,0.815,0.815,0.8120634920634922,0.8993,0.4759015738964081,0.2888827527934425,0.0799782013893127,320,80,200,12,/share/home/yuan/SYX/eeg-mi-online/checkpoints/session_multisource_v1/deepconvnet/multisource_sub-051_ses01ses02-to-ses-03_seed4.pt,ok,
multisource_0102_to_03,eegnet,0,sub-001,ses-01+ses-02,ses-03,0,0.975,0.975,0.9749993749843746,0.9985,0.0522496588528156,0.0310303748815187,0.0199039337038993,320,80,200,44,/share/home/yuan/SYX/eeg-mi-online/checkpoints/session_multisource_v1/eegnet/multisource_sub-001_ses01ses02-to-ses-03_seed0.pt,ok,
multisource_0102_to_03,eegnet,0,sub-002,ses-01+ses-02,ses-03,0,0.63,0.63,0.628178072555522,0.6672,0.6523404121398926,0.460812139821022,0.0566897803544998,320,80,200,1,/share/home/yuan/SYX/eeg-mi-online/checkpoints/session_multisource_v1/eegnet/multisource_sub-002_ses01ses02-to-ses-03_seed0.pt,ok,
multisource_0102_to_03,eegnet,0,sub-003,ses-01+ses-02,ses-03,0,0.895,0.895,0.8949763696831787,0.9342,0.4090243577957153,0.1755666404729072,0.0663578963279724,320,80,200,14,/share/home/yuan/SYX/eeg-mi-online/checkpoints/session_multisource_v1/eegnet/multisource_sub-003_ses01ses02-to-ses-03_seed0.pt,ok,
multisource_0102_to_03,eegnet,0,sub-004,ses-01+ses-02,ses-03,0,0.5,0.5,0.4995495946351717,0.4669999999999999,0.7133756875991821,0.5195197708213315,0.0829290318489074,320,80,200,1,/share/home/yuan/SYX/eeg-mi-online/checkpoints/session_multisource_v1/eegnet/multisource_sub-004_ses01ses02-to-ses-03_seed0.pt,ok,
multisource_0102_to_03,eegnet,0,sub-005,ses-01+ses-02,ses-03,0,0.755,0.755,0.7546995068959474,0.8217,0.7950946688652039,0.39623441152241,0.1516845661401748,320,80,200,51,/share/home/yuan/SYX/eeg-mi-online/checkpoints/session_multisource_v1/eegnet/multisource_sub-005_ses01ses02-to-ses-03_seed0.pt,ok,
multisource_0102_to_03,eegnet,0,sub-006,ses-01+ses-02,ses-03,0,0.94,0.94,0.9399459513562206,0.9899,0.1488149613142013,0.0884612586957202,0.0263121157884598,320,80,200,43,/share/home/yuan/SYX/eeg-mi-online/checkpoints/session_multisource_v1/eegnet/multisource_sub-006_ses01ses02-to-ses-03_seed0.pt,ok,
multisource_0102_to_03,eegnet,0,sub-007,ses-01+ses-02,ses-03,0,0.925,0.925,0.9249831212022706,0.9464,0.3093928098678589,0.1390602217840545,0.0490870624780654,320,80,200,22,/share/home/yuan/SYX/eeg-mi-online/checkpoints/session_multisource_v1/eegnet/multisource_sub-007_ses01ses02-to-ses-03_seed0.pt,ok,
multisource_0102_to_03,eegnet,0,sub-008,ses-01+ses-02,ses-03,0,0.805,0.8049999999999999,0.8046043237556051,0.8584,0.7707729935646057,0.3111755374698757,0.1154026252031326,320,80,200,25,/share/home/yuan/SYX/eeg-mi-online/checkpoints/session_multisource_v1/eegnet/multisource_sub-008_ses01ses02-to-ses-03_seed0.pt,ok,
multisource_0102_to_03,eegnet,0,sub-009,ses-01+ses-02,ses-03,0,0.615,0.615,0.6142187930559382,0.6709999999999999,0.6967738270759583,0.482322952166122,0.0936659330129623,320,80,200,6,/share/home/yuan/SYX/eeg-mi-online/checkpoints/session_multisource_v1/eegnet/multisource_sub-009_ses01ses02-to-ses-03_seed0.pt,ok,
multisource_0102_to_03,eegnet,0,sub-010,ses-01+ses-02,ses-03,0,0.575,0.5750000000000001,0.5137160673932321,0.7070000000000001,0.7119191884994507,0.5038121090130124,0.1277253168821334,320,80,200,11,/share/home/yuan/SYX/eeg-mi-online/checkpoints/session_multisource_v1/eegnet/multisource_sub-010_ses01ses02-to-ses-03_seed0.pt,ok,
multisource_0102_to_03,eegnet,0,sub-011,ses-01+ses-02,ses-03,0,0.865,0.865,0.8637705290244456,0.9744,0.321035772562027,0.188550048665985,0.0861203694343566,320,80,200,14,/share/home/yuan/SYX/eeg-mi-online/checkpoints/session_multisource_v1/eegnet/multisource_sub-011_ses01ses02-to-ses-03_seed0.pt,ok,
multisource_0102_to_03,eegnet,0,sub-012,ses-01+ses-02,ses-03,0,0.57,0.5700000000000001,0.5693108974358975,0.5736000000000001,0.687165379524231,0.4939764130206501,0.0481068208813667,320,80,200,1,/share/home/yuan/SYX/eeg-mi-online/checkpoints/session_multisource_v1/eegnet/multisource_sub-012_ses01ses02-to-ses-03_seed0.pt,ok,
multisource_0102_to_03,eegnet,0,sub-013,ses-01+ses-02,ses-03,0,0.79,0.79,0.7892412685668406,0.8742,0.5304778218269348,0.2953772234888737,0.0767469072341918,320,80,200,35,/share/home/yuan/SYX/eeg-mi-online/checkpoints/session_multisource_v1/eegnet/multisource_sub-013_ses01ses02-to-ses-03_seed0.pt,ok,
multisource_0102_to_03,eegnet,0,sub-014,ses-01+ses-02,ses-03,0,0.49,0.49,0.4891826923076923,0.4905,0.806102454662323,0.5714662656538779,0.1504909858107567,320,80,200,7,/share/home/yuan/SYX/eeg-mi-online/checkpoints/session_multisource_v1/eegnet/multisource_sub-014_ses01ses02-to-ses-03_seed0.pt,ok,
multisource_0102_to_03,eegnet,0,sub-015,ses-01+ses-02,ses-03,0,0.615,0.615,0.6147592245153221,0.6392000000000001,0.9966647624969482,0.55086106138689,0.1792303264141083,320,80,200,13,/share/home/yuan/SYX/eeg-mi-online/checkpoints/session_multisource_v1/eegnet/multisource_sub-015_ses01ses02-to-ses-03_seed0.pt,ok,
multisource_0102_to_03,eegnet,0,sub-016,ses-01+ses-02,ses-03,0,0.57,0.57,0.562608076492727,0.6088999999999999,0.7032434344291687,0.5007205711325224,0.1045790037512779,320,80,200,5,/share/home/yuan/SYX/eeg-mi-online/checkpoints/session_multisource_v1/eegnet/multisource_sub-016_ses01ses02-to-ses-03_seed0.pt,ok,
multisource_0102_to_03,eegnet,0,sub-017,ses-01+ses-02,ses-03,0,0.715,0.715,0.7088791848617175,0.872,0.5900874137878418,0.3704186224751998,0.1472411102056503,320,80,200,40,/share/home/yuan/SYX/eeg-mi-online/checkpoints/session_multisource_v1/eegnet/multisource_sub-017_ses01ses02-to-ses-03_seed0.pt,ok,
multisource_0102_to_03,eegnet,0,sub-018,ses-01+ses-02,ses-03,0,0.675,0.675,0.6634826952447517,0.7428,0.6255897879600525,0.4299533841158013,0.0774869406223297,320,80,200,26,/share/home/yuan/SYX/eeg-mi-online/checkpoints/session_multisource_v1/eegnet/multisource_sub-018_ses01ses02-to-ses-03_seed0.pt,ok,
multisource_0102_to_03,eegnet,0,sub-019,ses-01+ses-02,ses-03,0,0.835,0.835,0.8344993605657113,0.9003,0.4083446264266968,0.2563759006184852,0.0286932784318924,320,80,200,9,/share/home/yuan/SYX/eeg-mi-online/checkpoints/session_multisource_v1/eegnet/multisource_sub-019_ses01ses02-to-ses-03_seed0.pt,ok,
multisource_0102_to_03,eegnet,0,sub-020,ses-01+ses-02,ses-03,0,0.495,0.495,0.4928573221862369,0.4928,1.5195285081863403,0.783118454980591,0.3500730872154236,320,80,200,49,/share/home/yuan/SYX/eeg-mi-online/checkpoints/session_multisource_v1/eegnet/multisource_sub-020_ses01ses02-to-ses-03_seed0.pt,ok,
multisource_0102_to_03,eegnet,0,sub-021,ses-01+ses-02,ses-03,0,0.83,0.83,0.83,0.8992,0.5626742839813232,0.263675621410921,0.0914632192254066,320,80,200,21,/share/home/yuan/SYX/eeg-mi-online/checkpoints/session_multisource_v1/eegnet/multisource_sub-021_ses01ses02-to-ses-03_seed0.pt,ok,
multisource_0102_to_03,eegnet,0,sub-022,ses-01+ses-02,ses-03,0,0.775,0.7749999999999999,0.7743173098623335,0.859,0.5385580062866211,0.3158313606334675,0.0837020570039749,320,80,200,25,/share/home/yuan/SYX/eeg-mi-online/checkpoints/session_multisource_v1/eegnet/multisource_sub-022_ses01ses02-to-ses-03_seed0.pt,ok,
multisource_0102_to_03,eegnet,0,sub-025,ses-01+ses-02,ses-03,0,0.855,0.855,0.8541797611565054,0.9256,0.4033167958259582,0.2190559149887982,0.0757093062996864,320,80,200,7,/share/home/yuan/SYX/eeg-mi-online/checkpoints/session_multisource_v1/eegnet/multisource_sub-025_ses01ses02-to-ses-03_seed0.pt,ok,
multisource_0102_to_03,eegnet,0,sub-027,ses-01+ses-02,ses-03,0,0.755,0.755,0.7542566262945409,0.8145,0.5990646481513977,0.3712085193108929,0.1055686625838279,320,80,200,40,/share/home/yuan/SYX/eeg-mi-online/checkpoints/session_multisource_v1/eegnet/multisource_sub-027_ses01ses02-to-ses-03_seed0.pt,ok,
multisource_0102_to_03,eegnet,0,sub-028,ses-01+ses-02,ses-03,0,0.5,0.5,0.4103078193183158,0.5049999999999999,1.0658012628555298,0.7154026556591156,0.3201620930433273,320,80,200,10,/share/home/yuan/SYX/eeg-mi-online/checkpoints/session_multisource_v1/eegnet/multisource_sub-028_ses01ses02-to-ses-03_seed0.pt,ok,
multisource_0102_to_03,eegnet,0,sub-029,ses-01+ses-02,ses-03,0,0.85,0.85,0.84998499849985,0.9375,0.3306031823158264,0.1902525193491087,0.0508590605854988,320,80,200,12,/share/home/yuan/SYX/eeg-mi-online/checkpoints/session_multisource_v1/eegnet/multisource_sub-029_ses01ses02-to-ses-03_seed0.pt,ok,
multisource_0102_to_03,eegnet,0,sub-030,ses-01+ses-02,ses-03,0,0.545,0.545,0.4326506437233081,0.9215,0.6805300712585449,0.4873952200767781,0.0314838129281997,320,80,200,64,/share/home/yuan/SYX/eeg-mi-online/checkpoints/session_multisource_v1/eegnet/multisource_sub-030_ses01ses02-to-ses-03_seed0.pt,ok,
multisource_0102_to_03,eegnet,0,sub-031,ses-01+ses-02,ses-03,0,0.78,0.78,0.77997799779978,0.8296499999999999,0.7804754376411438,0.3464646111016201,0.1278073871135711,320,80,200,8,/share/home/yuan/SYX/eeg-mi-online/checkpoints/session_multisource_v1/eegnet/multisource_sub-031_ses01ses02-to-ses-03_seed0.pt,ok,
multisource_0102_to_03,eegnet,0,sub-033,ses-01+ses-02,ses-03,0,0.96,0.96,0.96,0.9921,0.119868017733097,0.0641577903012635,0.0300131368637085,320,80,200,42,/share/home/yuan/SYX/eeg-mi-online/checkpoints/session_multisource_v1/eegnet/multisource_sub-033_ses01ses02-to-ses-03_seed0.pt,ok,
multisource_0102_to_03,eegnet,0,sub-034,ses-01+ses-02,ses-03,0,0.85,0.8500000000000001,0.8490338164251208,0.9127,0.3718093037605285,0.2241453688455819,0.0392730739712715,320,80,200,9,/share/home/yuan/SYX/eeg-mi-online/checkpoints/session_multisource_v1/eegnet/multisource_sub-034_ses01ses02-to-ses-03_seed0.pt,ok,
multisource_0102_to_03,eegnet,0,sub-035,ses-01+ses-02,ses-03,0,0.95,0.95,0.94999499949995,0.979,0.2821944653987884,0.0795353755208553,0.0344724956154823,320,80,200,45,/share/home/yuan/SYX/eeg-mi-online/checkpoints/session_multisource_v1/eegnet/multisource_sub-035_ses01ses02-to-ses-03_seed0.pt,ok,
multisource_0102_to_03,eegnet,0,sub-036,ses-01+ses-02,ses-03,0,0.99,0.99,0.99,0.9997,0.0371428541839122,0.0186344928490341,0.030210978090763,320,80,200,24,/share/home/yuan/SYX/eeg-mi-online/checkpoints/session_multisource_v1/eegnet/multisource_sub-036_ses01ses02-to-ses-03_seed0.pt,ok,
multisource_0102_to_03,eegnet,0,sub-037,ses-01+ses-02,ses-03,0,0.93,0.93,0.92999299929993,0.9817,0.1867356449365615,0.1077487669650913,0.035413230061531,320,80,200,6,/share/home/yuan/SYX/eeg-mi-online/checkpoints/session_multisource_v1/eegnet/multisource_sub-037_ses01ses02-to-ses-03_seed0.pt,ok,
multisource_0102_to_03,eegnet,0,sub-038,ses-01+ses-02,ses-03,0,0.555,0.5549999999999999,0.5536497906166152,0.5993999999999999,0.776573657989502,0.5476524198147118,0.1684466367959976,320,80,200,76,/share/home/yuan/SYX/eeg-mi-online/checkpoints/session_multisource_v1/eegnet/multisource_sub-038_ses01ses02-to-ses-03_seed0.pt,ok,
multisource_0102_to_03,eegnet,0,sub-039,ses-01+ses-02,ses-03,0,0.36,0.36,0.3576876756322762,0.3261,0.9472520351409912,0.7140591566123526,0.3223523715138435,320,80,200,6,/share/home/yuan/SYX/eeg-mi-online/checkpoints/session_multisource_v1/eegnet/multisource_sub-039_ses01ses02-to-ses-03_seed0.pt,ok,
multisource_0102_to_03,eegnet,0,sub-040,ses-01+ses-02,ses-03,0,0.81,0.81,0.8095238095238095,0.8975,0.4111898839473724,0.2717450551873862,0.080710477232933,320,80,200,14,/share/home/yuan/SYX/eeg-mi-online/checkpoints/session_multisource_v1/eegnet/multisource_sub-040_ses01ses02-to-ses-03_seed0.pt,ok,
multisource_0102_to_03,eegnet,0,sub-041,ses-01+ses-02,ses-03,0,0.905,0.905,0.9049976249406236,0.9624,0.2556686103343963,0.1384241011752245,0.0334545767307281,320,80,200,10,/share/home/yuan/SYX/eeg-mi-online/checkpoints/session_multisource_v1/eegnet/multisource_sub-041_ses01ses02-to-ses-03_seed0.pt,ok,
multisource_0102_to_03,eegnet,0,sub-042,ses-01+ses-02,ses-03,0,0.685,0.685,0.67915255532072,0.7235,1.071057915687561,0.5031274544595558,0.2039853927493095,320,80,200,14,/share/home/yuan/SYX/eeg-mi-online/checkpoints/session_multisource_v1/eegnet/multisource_sub-042_ses01ses02-to-ses-03_seed0.pt,ok,
multisource_0102_to_03,eegnet,0,sub-043,ses-01+ses-02,ses-03,0,0.965,0.965,0.9649991249781243,0.9927,0.1071255877614021,0.0515212823375414,0.017873552441597,320,80,200,27,/share/home/yuan/SYX/eeg-mi-online/checkpoints/session_multisource_v1/eegnet/multisource_sub-043_ses01ses02-to-ses-03_seed0.pt,ok,
multisource_0102_to_03,eegnet,0,sub-044,ses-01+ses-02,ses-03,0,0.74,0.74,0.7383252818035426,0.8216,0.5296404957771301,0.3553441144119105,0.0495775365829467,320,80,200,6,/share/home/yuan/SYX/eeg-mi-online/checkpoints/session_multisource_v1/eegnet/multisource_sub-044_ses01ses02-to-ses-03_seed0.pt,ok,
multisource_0102_to_03,eegnet,0,sub-045,ses-01+ses-02,ses-03,0,0.885,0.885,0.8849741191768148,0.9651,0.2625581324100494,0.1501417896896105,0.0880328223109245,320,80,200,11,/share/home/yuan/SYX/eeg-mi-online/checkpoints/session_multisource_v1/eegnet/multisource_sub-045_ses01ses02-to-ses-03_seed0.pt,ok,
multisource_0102_to_03,eegnet,0,sub-046,ses-01+ses-02,ses-03,0,0.96,0.96,0.959983993597439,0.9844,0.2248705923557281,0.0720828791108885,0.0373934996128082,320,80,200,69,/share/home/yuan/SYX/eeg-mi-online/checkpoints/session_multisource_v1/eegnet/multisource_sub-046_ses01ses02-to-ses-03_seed0.pt,ok,
multisource_0102_to_03,eegnet,0,sub-047,ses-01+ses-02,ses-03,0,0.89,0.89,0.8899009108197378,0.9485,0.3078109920024872,0.1870418303297365,0.0590769419074059,320,80,200,21,/share/home/yuan/SYX/eeg-mi-online/checkpoints/session_multisource_v1/eegnet/multisource_sub-047_ses01ses02-to-ses-03_seed0.pt,ok,
multisource_0102_to_03,eegnet,0,sub-048,ses-01+ses-02,ses-03,0,0.87,0.87,0.8689384010484928,0.955,0.3606181442737579,0.2085874801823498,0.0736757180094719,320,80,200,14,/share/home/yuan/SYX/eeg-mi-online/checkpoints/session_multisource_v1/eegnet/multisource_sub-048_ses01ses02-to-ses-03_seed0.pt,ok,
multisource_0102_to_03,eegnet,0,sub-049,ses-01+ses-02,ses-03,0,0.87,0.87,0.8691626409017714,0.9507,0.3194024562835693,0.2001724752777044,0.0319691753387451,320,80,200,11,/share/home/yuan/SYX/eeg-mi-online/checkpoints/session_multisource_v1/eegnet/multisource_sub-049_ses01ses02-to-ses-03_seed0.pt,ok,
multisource_0102_to_03,eegnet,0,sub-050,ses-01+ses-02,ses-03,0,0.965,0.965,0.9649781113195748,0.9942,0.1169461533427238,0.0601857642845062,0.0333745816349982,320,80,200,93,/share/home/yuan/SYX/eeg-mi-online/checkpoints/session_multisource_v1/eegnet/multisource_sub-050_ses01ses02-to-ses-03_seed0.pt,ok,
multisource_0102_to_03,eegnet,0,sub-051,ses-01+ses-02,ses-03,0,0.885,0.885,0.8845120634681529,0.9591,0.2724516689777374,0.1546094558919039,0.0323349297046661,320,80,200,17,/share/home/yuan/SYX/eeg-mi-online/checkpoints/session_multisource_v1/eegnet/multisource_sub-051_ses01ses02-to-ses-03_seed0.pt,ok,
multisource_0102_to_03,eegnet,1,sub-001,ses-01+ses-02,ses-03,0,0.985,0.985,0.9849996249906248,0.9968,0.0615334846079349,0.0270021775926483,0.0148806977272033,320,80,200,48,/share/home/yuan/SYX/eeg-mi-online/checkpoints/session_multisource_v1/eegnet/multisource_sub-001_ses01ses02-to-ses-03_seed1.pt,ok,
multisource_0102_to_03,eegnet,1,sub-002,ses-01+ses-02,ses-03,0,0.605,0.605,0.6033240440862644,0.6654,0.672709047794342,0.4796843809237259,0.0755023980140686,320,80,200,1,/share/home/yuan/SYX/eeg-mi-online/checkpoints/session_multisource_v1/eegnet/multisource_sub-002_ses01ses02-to-ses-03_seed1.pt,ok,
multisource_0102_to_03,eegnet,1,sub-003,ses-01+ses-02,ses-03,0,0.875,0.875,0.8744696342045141,0.92275,0.7531778812408447,0.2187501956715673,0.1108738869428634,320,80,200,60,/share/home/yuan/SYX/eeg-mi-online/checkpoints/session_multisource_v1/eegnet/multisource_sub-003_ses01ses02-to-ses-03_seed1.pt,ok,
multisource_0102_to_03,eegnet,1,sub-004,ses-01+ses-02,ses-03,0,0.485,0.485,0.484368351230257,0.5278,0.6946421265602112,0.5012407897232775,0.0584298828244209,320,80,200,1,/share/home/yuan/SYX/eeg-mi-online/checkpoints/session_multisource_v1/eegnet/multisource_sub-004_ses01ses02-to-ses-03_seed1.pt,ok,
multisource_0102_to_03,eegnet,1,sub-005,ses-01+ses-02,ses-03,0,0.785,0.785,0.7849516141131755,0.8631,0.557686984539032,0.3161927727149941,0.1130424010753631,320,80,200,22,/share/home/yuan/SYX/eeg-mi-online/checkpoints/session_multisource_v1/eegnet/multisource_sub-005_ses01ses02-to-ses-03_seed1.pt,ok,
multisource_0102_to_03,eegnet,1,sub-006,ses-01+ses-02,ses-03,0,0.945,0.945,0.9449656035021888,0.9919,0.120747223496437,0.0720301958952432,0.0309810942411422,320,80,200,25,/share/home/yuan/SYX/eeg-mi-online/checkpoints/session_multisource_v1/eegnet/multisource_sub-006_ses01ses02-to-ses-03_seed1.pt,ok,
multisource_0102_to_03,eegnet,1,sub-007,ses-01+ses-02,ses-03,0,0.88,0.88,0.87998799879988,0.9408,0.6360878944396973,0.1795751810182232,0.0832646712660789,320,80,200,48,/share/home/yuan/SYX/eeg-mi-online/checkpoints/session_multisource_v1/eegnet/multisource_sub-007_ses01ses02-to-ses-03_seed1.pt,ok,
multisource_0102_to_03,eegnet,1,sub-008,ses-01+ses-02,ses-03,0,0.85,0.85,0.84998499849985,0.9375,0.3293974995613098,0.2028328732648235,0.0572860047221184,320,80,200,7,/share/home/yuan/SYX/eeg-mi-online/checkpoints/session_multisource_v1/eegnet/multisource_sub-008_ses01ses02-to-ses-03_seed1.pt,ok,
multisource_0102_to_03,eegnet,1,sub-009,ses-01+ses-02,ses-03,0,0.615,0.615,0.6142187930559382,0.7072,0.6449742317199707,0.4458422120395211,0.0755967870354652,320,80,200,5,/share/home/yuan/SYX/eeg-mi-online/checkpoints/session_multisource_v1/eegnet/multisource_sub-009_ses01ses02-to-ses-03_seed1.pt,ok,
multisource_0102_to_03,eegnet,1,sub-010,ses-01+ses-02,ses-03,0,0.59,0.59,0.5577607593571352,0.6384,0.7676476240158081,0.5380492219998709,0.1590216302871704,320,80,200,9,/share/home/yuan/SYX/eeg-mi-online/checkpoints/session_multisource_v1/eegnet/multisource_sub-010_ses01ses02-to-ses-03_seed1.pt,ok,
multisource_0102_to_03,eegnet,1,sub-011,ses-01+ses-02,ses-03,0,0.965,0.965,0.9649921232277264,0.9936,0.105650708079338,0.0533292530311807,0.0265348249673843,320,80,200,11,/share/home/yuan/SYX/eeg-mi-online/checkpoints/session_multisource_v1/eegnet/multisource_sub-011_ses01ses02-to-ses-03_seed1.pt,ok,
multisource_0102_to_03,eegnet,1,sub-012,ses-01+ses-02,ses-03,0,0.525,0.525,0.5215431492533555,0.5515000000000001,0.6911561489105225,0.4979494276416375,0.015110181570053,320,80,200,1,/share/home/yuan/SYX/eeg-mi-online/checkpoints/session_multisource_v1/eegnet/multisource_sub-012_ses01ses02-to-ses-03_seed1.pt,ok,
multisource_0102_to_03,eegnet,1,sub-013,ses-01+ses-02,ses-03,0,0.81,0.81,0.8099239695878351,0.8798,0.4977525472640991,0.2731641440447369,0.0525209453701972,320,80,200,39,/share/home/yuan/SYX/eeg-mi-online/checkpoints/session_multisource_v1/eegnet/multisource_sub-013_ses01ses02-to-ses-03_seed1.pt,ok,
multisource_0102_to_03,eegnet,1,sub-014,ses-01+ses-02,ses-03,0,0.54,0.54,0.5362435729408206,0.5226999999999999,0.780246376991272,0.5597443044559047,0.1261444315314293,320,80,200,6,/share/home/yuan/SYX/eeg-mi-online/checkpoints/session_multisource_v1/eegnet/multisource_sub-014_ses01ses02-to-ses-03_seed1.pt,ok,
multisource_0102_to_03,eegnet,1,sub-015,ses-01+ses-02,ses-03,0,0.585,0.585,0.5826524198617222,0.6198000000000001,1.0467371940612793,0.5702075840392505,0.2037536311149597,320,80,200,15,/share/home/yuan/SYX/eeg-mi-online/checkpoints/session_multisource_v1/eegnet/multisource_sub-015_ses01ses02-to-ses-03_seed1.pt,ok,
multisource_0102_to_03,eegnet,1,sub-016,ses-01+ses-02,ses-03,0,0.57,0.5700000000000001,0.5684464070654356,0.5968,0.7012441754341125,0.5061875219363692,0.1015762710571289,320,80,200,6,/share/home/yuan/SYX/eeg-mi-online/checkpoints/session_multisource_v1/eegnet/multisource_sub-016_ses01ses02-to-ses-03_seed1.pt,ok,
multisource_0102_to_03,eegnet,1,sub-017,ses-01+ses-02,ses-03,0,0.755,0.755,0.7527687378591791,0.8555000000000001,0.5286988615989685,0.3319825902255571,0.0713691443204879,320,80,200,9,/share/home/yuan/SYX/eeg-mi-online/checkpoints/session_multisource_v1/eegnet/multisource_sub-017_ses01ses02-to-ses-03_seed1.pt,ok,
multisource_0102_to_03,eegnet,1,sub-018,ses-01+ses-02,ses-03,0,0.615,0.615,0.6042250263421655,0.6710000000000002,0.7114210724830627,0.4866878437169372,0.0816552963852882,320,80,200,11,/share/home/yuan/SYX/eeg-mi-online/checkpoints/session_multisource_v1/eegnet/multisource_sub-018_ses01ses02-to-ses-03_seed1.pt,ok,
multisource_0102_to_03,eegnet,1,sub-019,ses-01+ses-02,ses-03,0,0.88,0.88,0.8798919027124412,0.9504,0.2914712131023407,0.1790147521363394,0.0540613001585006,320,80,200,18,/share/home/yuan/SYX/eeg-mi-online/checkpoints/session_multisource_v1/eegnet/multisource_sub-019_ses01ses02-to-ses-03_seed1.pt,ok,
multisource_0102_to_03,eegnet,1,sub-020,ses-01+ses-02,ses-03,0,0.46,0.4599999999999999,0.4458128078817733,0.4277,1.6394168138504028,0.8695865937224396,0.4084935158491134,320,80,200,38,/share/home/yuan/SYX/eeg-mi-online/checkpoints/session_multisource_v1/eegnet/multisource_sub-020_ses01ses02-to-ses-03_seed1.pt,ok,
multisource_0102_to_03,eegnet,1,sub-021,ses-01+ses-02,ses-03,0,0.73,0.73,0.7253585596582239,0.8077,1.301247000694275,0.4467839945037893,0.2196637970209121,320,80,200,24,/share/home/yuan/SYX/eeg-mi-online/checkpoints/session_multisource_v1/eegnet/multisource_sub-021_ses01ses02-to-ses-03_seed1.pt,ok,
multisource_0102_to_03,eegnet,1,sub-022,ses-01+ses-02,ses-03,0,0.865,0.865,0.864726070292342,0.9224,0.4038977921009063,0.2076411077190066,0.0624197125434875,320,80,200,23,/share/home/yuan/SYX/eeg-mi-online/checkpoints/session_multisource_v1/eegnet/multisource_sub-022_ses01ses02-to-ses-03_seed1.pt,ok,
multisource_0102_to_03,eegnet,1,sub-025,ses-01+ses-02,ses-03,0,0.865,0.865,0.8649155722326454,0.9391,0.3184656500816345,0.1889910281191517,0.0663822850584983,320,80,200,3,/share/home/yuan/SYX/eeg-mi-online/checkpoints/session_multisource_v1/eegnet/multisource_sub-025_ses01ses02-to-ses-03_seed1.pt,ok,
multisource_0102_to_03,eegnet,1,sub-027,ses-01+ses-02,ses-03,0,0.71,0.71,0.7076318177235609,0.7552000000000001,0.9087069630622864,0.4403895615753822,0.1715276172757149,320,80,200,42,/share/home/yuan/SYX/eeg-mi-online/checkpoints/session_multisource_v1/eegnet/multisource_sub-027_ses01ses02-to-ses-03_seed1.pt,ok,
multisource_0102_to_03,eegnet,1,sub-028,ses-01+ses-02,ses-03,0,0.53,0.53,0.4404761904761904,0.5998000000000001,1.0898264646530151,0.6928347261879734,0.3068600970506668,320,80,200,17,/share/home/yuan/SYX/eeg-mi-online/checkpoints/session_multisource_v1/eegnet/multisource_sub-028_ses01ses02-to-ses-03_seed1.pt,ok,
multisource_0102_to_03,eegnet,1,sub-029,ses-01+ses-02,ses-03,0,0.8,0.8,0.7994987468671679,0.9014,0.5391340255737305,0.2695097150634549,0.0615990021824836,320,80,200,8,/share/home/yuan/SYX/eeg-mi-online/checkpoints/session_multisource_v1/eegnet/multisource_sub-029_ses01ses02-to-ses-03_seed1.pt,ok,
multisource_0102_to_03,eegnet,1,sub-030,ses-01+ses-02,ses-03,0,0.52,0.52,0.3762993762993762,0.9334,0.6750382781028748,0.4819404649153821,0.2653195747733116,320,80,200,87,/share/home/yuan/SYX/eeg-mi-online/checkpoints/session_multisource_v1/eegnet/multisource_sub-030_ses01ses02-to-ses-03_seed1.pt,ok,
multisource_0102_to_03,eegnet,1,sub-031,ses-01+ses-02,ses-03,0,0.79,0.79,0.7899159663865546,0.8693500000000001,0.8204095959663391,0.3298664676088675,0.1414637899398803,320,80,200,25,/share/home/yuan/SYX/eeg-mi-online/checkpoints/session_multisource_v1/eegnet/multisource_sub-031_ses01ses02-to-ses-03_seed1.pt,ok,
multisource_0102_to_03,eegnet,1,sub-033,ses-01+ses-02,ses-03,0,0.945,0.945,0.9449325423643964,0.9934,0.1283327341079712,0.0725468545850279,0.033322286605835,320,80,200,33,/share/home/yuan/SYX/eeg-mi-online/checkpoints/session_multisource_v1/eegnet/multisource_sub-033_ses01ses02-to-ses-03_seed1.pt,ok,
multisource_0102_to_03,eegnet,1,sub-034,ses-01+ses-02,ses-03,0,0.8,0.8,0.7960016319869441,0.9039,0.4713069498538971,0.3042186975384508,0.0677119839191437,320,80,200,6,/share/home/yuan/SYX/eeg-mi-online/checkpoints/session_multisource_v1/eegnet/multisource_sub-034_ses01ses02-to-ses-03_seed1.pt,ok,
multisource_0102_to_03,eegnet,1,sub-035,ses-01+ses-02,ses-03,0,0.98,0.98,0.97999799979998,0.9969,0.0794592425227165,0.0403623369519466,0.0198346662521362,320,80,200,53,/share/home/yuan/SYX/eeg-mi-online/checkpoints/session_multisource_v1/eegnet/multisource_sub-035_ses01ses02-to-ses-03_seed1.pt,ok,
multisource_0102_to_03,eegnet,1,sub-036,ses-01+ses-02,ses-03,0,0.99,0.99,0.99,0.999,0.0667312741279602,0.0286805706811492,0.0423504841327667,320,80,200,8,/share/home/yuan/SYX/eeg-mi-online/checkpoints/session_multisource_v1/eegnet/multisource_sub-036_ses01ses02-to-ses-03_seed1.pt,ok,
multisource_0102_to_03,eegnet,1,sub-037,ses-01+ses-02,ses-03,0,0.865,0.865,0.8648344221671547,0.9491,0.3759225010871887,0.1784074607781326,0.0598690429329872,320,80,200,3,/share/home/yuan/SYX/eeg-mi-online/checkpoints/session_multisource_v1/eegnet/multisource_sub-037_ses01ses02-to-ses-03_seed1.pt,ok,
multisource_0102_to_03,eegnet,1,sub-038,ses-01+ses-02,ses-03,0,0.54,0.54,0.53995399539954,0.5582,0.8267903327941895,0.588537343527923,0.1947390887141228,320,80,200,49,/share/home/yuan/SYX/eeg-mi-online/checkpoints/session_multisource_v1/eegnet/multisource_sub-038_ses01ses02-to-ses-03_seed1.pt,ok,
multisource_0102_to_03,eegnet,1,sub-039,ses-01+ses-02,ses-03,0,0.56,0.56,0.5564068958564372,0.5004,1.1833677291870115,0.7179062480266037,0.3276642560958862,320,80,200,18,/share/home/yuan/SYX/eeg-mi-online/checkpoints/session_multisource_v1/eegnet/multisource_sub-039_ses01ses02-to-ses-03_seed1.pt,ok,
multisource_0102_to_03,eegnet,1,sub-040,ses-01+ses-02,ses-03,0,0.83,0.8300000000000001,0.8299319727891157,0.9002,0.415827602148056,0.2636132042126636,0.0786240169405937,320,80,200,17,/share/home/yuan/SYX/eeg-mi-online/checkpoints/session_multisource_v1/eegnet/multisource_sub-040_ses01ses02-to-ses-03_seed1.pt,ok,
multisource_0102_to_03,eegnet,1,sub-041,ses-01+ses-02,ses-03,0,0.885,0.885,0.8849971249281232,0.9602,0.3041008710861206,0.1728029215437224,0.0699745848774909,320,80,200,16,/share/home/yuan/SYX/eeg-mi-online/checkpoints/session_multisource_v1/eegnet/multisource_sub-041_ses01ses02-to-ses-03_seed1.pt,ok,
multisource_0102_to_03,eegnet,1,sub-042,ses-01+ses-02,ses-03,0,0.68,0.6799999999999999,0.6797117405665098,0.7143,1.164980411529541,0.5117127563770708,0.207665296792984,320,80,200,9,/share/home/yuan/SYX/eeg-mi-online/checkpoints/session_multisource_v1/eegnet/multisource_sub-042_ses01ses02-to-ses-03_seed1.pt,ok,
multisource_0102_to_03,eegnet,1,sub-043,ses-01+ses-02,ses-03,0,0.995,0.995,0.9949998749968748,0.99215,0.0834392234683036,0.0164646253851171,0.0132916828989982,320,80,200,90,/share/home/yuan/SYX/eeg-mi-online/checkpoints/session_multisource_v1/eegnet/multisource_sub-043_ses01ses02-to-ses-03_seed1.pt,ok,
multisource_0102_to_03,eegnet,1,sub-044,ses-01+ses-02,ses-03,0,0.705,0.7050000000000001,0.7023133782386034,0.7974,0.5588579773902893,0.3776851306522597,0.0435967546701431,320,80,200,9,/share/home/yuan/SYX/eeg-mi-online/checkpoints/session_multisource_v1/eegnet/multisource_sub-044_ses01ses02-to-ses-03_seed1.pt,ok,
multisource_0102_to_03,eegnet,1,sub-045,ses-01+ses-02,ses-03,0,0.885,0.885,0.8849280800500312,0.966,0.2928639352321625,0.1680117541227393,0.1034592819213867,320,80,200,5,/share/home/yuan/SYX/eeg-mi-online/checkpoints/session_multisource_v1/eegnet/multisource_sub-045_ses01ses02-to-ses-03_seed1.pt,ok,
multisource_0102_to_03,eegnet,1,sub-046,ses-01+ses-02,ses-03,0,0.975,0.975,0.9749843652282676,0.9922,0.146818146109581,0.0465505239773934,0.0273290085792541,320,80,200,98,/share/home/yuan/SYX/eeg-mi-online/checkpoints/session_multisource_v1/eegnet/multisource_sub-046_ses01ses02-to-ses-03_seed1.pt,ok,
multisource_0102_to_03,eegnet,1,sub-047,ses-01+ses-02,ses-03,0,0.89,0.89,0.889823717948718,0.9526,0.3750871419906616,0.1784645322255941,0.0837366616725922,320,80,200,48,/share/home/yuan/SYX/eeg-mi-online/checkpoints/session_multisource_v1/eegnet/multisource_sub-047_ses01ses02-to-ses-03_seed1.pt,ok,
multisource_0102_to_03,eegnet,1,sub-048,ses-01+ses-02,ses-03,0,0.795,0.7949999999999999,0.7905973084093056,0.9234,0.4469181299209595,0.2880974456915874,0.102950364947319,320,80,200,10,/share/home/yuan/SYX/eeg-mi-online/checkpoints/session_multisource_v1/eegnet/multisource_sub-048_ses01ses02-to-ses-03_seed1.pt,ok,
multisource_0102_to_03,eegnet,1,sub-049,ses-01+ses-02,ses-03,0,0.875,0.875,0.8744696342045141,0.9473,0.3194383978843689,0.1911827682341481,0.0464523747563362,320,80,200,13,/share/home/yuan/SYX/eeg-mi-online/checkpoints/session_multisource_v1/eegnet/multisource_sub-049_ses01ses02-to-ses-03_seed1.pt,ok,
multisource_0102_to_03,eegnet,1,sub-050,ses-01+ses-02,ses-03,0,0.98,0.98,0.97999799979998,0.99275,0.1040205359458923,0.0307378000353864,0.0149039298295974,320,80,200,81,/share/home/yuan/SYX/eeg-mi-online/checkpoints/session_multisource_v1/eegnet/multisource_sub-050_ses01ses02-to-ses-03_seed1.pt,ok,
multisource_0102_to_03,eegnet,1,sub-051,ses-01+ses-02,ses-03,0,0.905,0.905,0.9047117530529852,0.9657,0.257791131734848,0.1372661189977751,0.0461225196719169,320,80,200,32,/share/home/yuan/SYX/eeg-mi-online/checkpoints/session_multisource_v1/eegnet/multisource_sub-051_ses01ses02-to-ses-03_seed1.pt,ok,
multisource_0102_to_03,eegnet,2,sub-001,ses-01+ses-02,ses-03,0,0.96,0.96,0.95999599959996,0.9913,0.1174553036689758,0.0649113392013233,0.0149025350809096,320,80,200,30,/share/home/yuan/SYX/eeg-mi-online/checkpoints/session_multisource_v1/eegnet/multisource_sub-001_ses01ses02-to-ses-03_seed2.pt,ok,
multisource_0102_to_03,eegnet,2,sub-002,ses-01+ses-02,ses-03,0,0.64,0.64,0.637060187518903,0.7077,0.6561110019683838,0.4634715929397147,0.0937184000015258,320,80,200,1,/share/home/yuan/SYX/eeg-mi-online/checkpoints/session_multisource_v1/eegnet/multisource_sub-002_ses01ses02-to-ses-03_seed2.pt,ok,
multisource_0102_to_03,eegnet,2,sub-003,ses-01+ses-02,ses-03,0,0.91,0.91,0.9099639855942376,0.9716,0.2494108229875564,0.1298723058135605,0.0457982850074768,320,80,200,31,/share/home/yuan/SYX/eeg-mi-online/checkpoints/session_multisource_v1/eegnet/multisource_sub-003_ses01ses02-to-ses-03_seed2.pt,ok,
multisource_0102_to_03,eegnet,2,sub-004,ses-01+ses-02,ses-03,0,0.445,0.445,0.4375617541992855,0.4442,0.7142693996429443,0.5204060604567478,0.1051514589786529,320,80,200,1,/share/home/yuan/SYX/eeg-mi-online/checkpoints/session_multisource_v1/eegnet/multisource_sub-004_ses01ses02-to-ses-03_seed2.pt,ok,
multisource_0102_to_03,eegnet,2,sub-005,ses-01+ses-02,ses-03,0,0.77,0.77,0.77,0.8543000000000001,0.6141232848167419,0.3391283664922409,0.1217741873860359,320,80,200,32,/share/home/yuan/SYX/eeg-mi-online/checkpoints/session_multisource_v1/eegnet/multisource_sub-005_ses01ses02-to-ses-03_seed2.pt,ok,
multisource_0102_to_03,eegnet,2,sub-006,ses-01+ses-02,ses-03,0,0.915,0.915,0.91494684177611,0.9745,0.2676203846931457,0.1380559890222343,0.0572727492451668,320,80,200,26,/share/home/yuan/SYX/eeg-mi-online/checkpoints/session_multisource_v1/eegnet/multisource_sub-006_ses01ses02-to-ses-03_seed2.pt,ok,
multisource_0102_to_03,eegnet,2,sub-007,ses-01+ses-02,ses-03,0,0.895,0.895,0.8949973749343734,0.9337,0.4784680902957916,0.1786852604500993,0.0710623520612716,320,80,200,25,/share/home/yuan/SYX/eeg-mi-online/checkpoints/session_multisource_v1/eegnet/multisource_sub-007_ses01ses02-to-ses-03_seed2.pt,ok,
multisource_0102_to_03,eegnet,2,sub-008,ses-01+ses-02,ses-03,0,0.89,0.8899999999999999,0.8897243107769424,0.9447,0.3975304365158081,0.1863667442414467,0.0876296702027321,320,80,200,43,/share/home/yuan/SYX/eeg-mi-online/checkpoints/session_multisource_v1/eegnet/multisource_sub-008_ses01ses02-to-ses-03_seed2.pt,ok,
multisource_0102_to_03,eegnet,2,sub-009,ses-01+ses-02,ses-03,0,0.62,0.62,0.6199619961996199,0.6829000000000001,0.8700239658355713,0.4981416095672168,0.1556448063254356,320,80,200,18,/share/home/yuan/SYX/eeg-mi-online/checkpoints/session_multisource_v1/eegnet/multisource_sub-009_ses01ses02-to-ses-03_seed2.pt,ok,
multisource_0102_to_03,eegnet,2,sub-010,ses-01+ses-02,ses-03,0,0.495,0.495,0.4221802683143111,0.5416,0.8577961921691895,0.5973094436266184,0.2051853594183921,320,80,200,10,/share/home/yuan/SYX/eeg-mi-online/checkpoints/session_multisource_v1/eegnet/multisource_sub-010_ses01ses02-to-ses-03_seed2.pt,ok,
multisource_0102_to_03,eegnet,2,sub-011,ses-01+ses-02,ses-03,0,0.93,0.93,0.92974708952228,0.9852,0.2052709609270095,0.109258901188338,0.0389341270923614,320,80,200,8,/share/home/yuan/SYX/eeg-mi-online/checkpoints/session_multisource_v1/eegnet/multisource_sub-011_ses01ses02-to-ses-03_seed2.pt,ok,
multisource_0102_to_03,eegnet,2,sub-012,ses-01+ses-02,ses-03,0,0.535,0.535,0.528767956221023,0.5642,0.689026415348053,0.495924832221176,0.0143983596563339,320,80,200,1,/share/home/yuan/SYX/eeg-mi-online/checkpoints/session_multisource_v1/eegnet/multisource_sub-012_ses01ses02-to-ses-03_seed2.pt,ok,
multisource_0102_to_03,eegnet,2,sub-013,ses-01+ses-02,ses-03,0,0.765,0.7649999999999999,0.7642869680784372,0.8321,0.522602915763855,0.3384566619833482,0.0789370056986808,320,80,200,37,/share/home/yuan/SYX/eeg-mi-online/checkpoints/session_multisource_v1/eegnet/multisource_sub-013_ses01ses02-to-ses-03_seed2.pt,ok,
multisource_0102_to_03,eegnet,2,sub-014,ses-01+ses-02,ses-03,0,0.53,0.53,0.5269726247987118,0.5236000000000001,0.7025813460350037,0.507173429438666,0.0710615849494934,320,80,200,1,/share/home/yuan/SYX/eeg-mi-online/checkpoints/session_multisource_v1/eegnet/multisource_sub-014_ses01ses02-to-ses-03_seed2.pt,ok,
multisource_0102_to_03,eegnet,2,sub-015,ses-01+ses-02,ses-03,0,0.64,0.64,0.6396757081373237,0.6431,1.018437385559082,0.5153898021736529,0.1198076164722442,320,80,200,11,/share/home/yuan/SYX/eeg-mi-online/checkpoints/session_multisource_v1/eegnet/multisource_sub-015_ses01ses02-to-ses-03_seed2.pt,ok,
multisource_0102_to_03,eegnet,2,sub-016,ses-01+ses-02,ses-03,0,0.595,0.595,0.5895720909021813,0.6181,0.6885154843330383,0.4931264437220276,0.0754338932037353,320,80,200,7,/share/home/yuan/SYX/eeg-mi-online/checkpoints/session_multisource_v1/eegnet/multisource_sub-016_ses01ses02-to-ses-03_seed2.pt,ok,
multisource_0102_to_03,eegnet,2,sub-017,ses-01+ses-02,ses-03,0,0.805,0.8049999999999999,0.8047608320192235,0.8864,0.5858121514320374,0.3073649626016195,0.1171521657705307,320,80,200,92,/share/home/yuan/SYX/eeg-mi-online/checkpoints/session_multisource_v1/eegnet/multisource_sub-017_ses01ses02-to-ses-03_seed2.pt,ok,
multisource_0102_to_03,eegnet,2,sub-018,ses-01+ses-02,ses-03,0,0.59,0.5900000000000001,0.5729166666666666,0.5808,0.6885627508163452,0.4950735275122869,0.0617720705270767,320,80,200,3,/share/home/yuan/SYX/eeg-mi-online/checkpoints/session_multisource_v1/eegnet/multisource_sub-018_ses01ses02-to-ses-03_seed2.pt,ok,
multisource_0102_to_03,eegnet,2,sub-019,ses-01+ses-02,ses-03,0,0.785,0.7849999999999999,0.7847363019699132,0.858,0.4842171370983124,0.3140200703772202,0.0786786240339279,320,80,200,2,/share/home/yuan/SYX/eeg-mi-online/checkpoints/session_multisource_v1/eegnet/multisource_sub-019_ses01ses02-to-ses-03_seed2.pt,ok,
multisource_0102_to_03,eegnet,2,sub-020,ses-01+ses-02,ses-03,0,0.48,0.48,0.4791666666666666,0.4687999999999999,1.7312862873077393,0.8319742627739263,0.3887296548485756,320,80,200,86,/share/home/yuan/SYX/eeg-mi-online/checkpoints/session_multisource_v1/eegnet/multisource_sub-020_ses01ses02-to-ses-03_seed2.pt,ok,
multisource_0102_to_03,eegnet,2,sub-021,ses-01+ses-02,ses-03,0,0.795,0.795,0.7949538646195394,0.8666,0.7384929060935974,0.3223493380284455,0.11857790350914,320,80,200,20,/share/home/yuan/SYX/eeg-mi-online/checkpoints/session_multisource_v1/eegnet/multisource_sub-021_ses01ses02-to-ses-03_seed2.pt,ok,
multisource_0102_to_03,eegnet,2,sub-022,ses-01+ses-02,ses-03,0,0.8,0.8,0.7999799979998,0.8321,0.5795186161994934,0.3275459826169439,0.0810659688711166,320,80,200,23,/share/home/yuan/SYX/eeg-mi-online/checkpoints/session_multisource_v1/eegnet/multisource_sub-022_ses01ses02-to-ses-03_seed2.pt,ok,
multisource_0102_to_03,eegnet,2,sub-025,ses-01+ses-02,ses-03,0,0.82,0.8200000000000001,0.8191136569189026,0.906,0.5315316319465637,0.2771444711113072,0.0916706526279449,320,80,200,7,/share/home/yuan/SYX/eeg-mi-online/checkpoints/session_multisource_v1/eegnet/multisource_sub-025_ses01ses02-to-ses-03_seed2.pt,ok,
multisource_0102_to_03,eegnet,2,sub-027,ses-01+ses-02,ses-03,0,0.72,0.72,0.7171717171717171,0.8169000000000002,0.5821825861930847,0.3921474697279306,0.1323912209272384,320,80,200,18,/share/home/yuan/SYX/eeg-mi-online/checkpoints/session_multisource_v1/eegnet/multisource_sub-027_ses01ses02-to-ses-03_seed2.pt,ok,
multisource_0102_to_03,eegnet,2,sub-028,ses-01+ses-02,ses-03,0,0.465,0.4649999999999999,0.3718998561826773,0.4876,1.2712123394012451,0.770867022665349,0.3608359068632126,320,80,200,16,/share/home/yuan/SYX/eeg-mi-online/checkpoints/session_multisource_v1/eegnet/multisource_sub-028_ses01ses02-to-ses-03_seed2.pt,ok,
multisource_0102_to_03,eegnet,2,sub-029,ses-01+ses-02,ses-03,0,0.93,0.93,0.9298878205128204,0.9745,0.2091620117425918,0.1170587558634384,0.0405013239383697,320,80,200,33,/share/home/yuan/SYX/eeg-mi-online/checkpoints/session_multisource_v1/eegnet/multisource_sub-029_ses01ses02-to-ses-03_seed2.pt,ok,
multisource_0102_to_03,eegnet,2,sub-030,ses-01+ses-02,ses-03,0,0.835,0.835,0.8331605955661164,0.9258,0.6053117513656616,0.4130707902220161,0.2765279379487038,320,80,200,68,/share/home/yuan/SYX/eeg-mi-online/checkpoints/session_multisource_v1/eegnet/multisource_sub-030_ses01ses02-to-ses-03_seed2.pt,ok,
multisource_0102_to_03,eegnet,2,sub-031,ses-01+ses-02,ses-03,0,0.765,0.765,0.7623802421699234,0.7883500000000001,1.5507947206497192,0.4176495114489519,0.1926655998826026,320,80,200,26,/share/home/yuan/SYX/eeg-mi-online/checkpoints/session_multisource_v1/eegnet/multisource_sub-031_ses01ses02-to-ses-03_seed2.pt,ok,
multisource_0102_to_03,eegnet,2,sub-033,ses-01+ses-02,ses-03,0,0.92,0.92,0.91999199919992,0.9776,0.1894059181213379,0.1145089754664039,0.0291520431637763,320,80,200,4,/share/home/yuan/SYX/eeg-mi-online/checkpoints/session_multisource_v1/eegnet/multisource_sub-033_ses01ses02-to-ses-03_seed2.pt,ok,
multisource_0102_to_03,eegnet,2,sub-034,ses-01+ses-02,ses-03,0,0.8,0.8,0.7940479868190712,0.9449,0.4591822326183319,0.2877799215568831,0.1065686896443366,320,80,200,18,/share/home/yuan/SYX/eeg-mi-online/checkpoints/session_multisource_v1/eegnet/multisource_sub-034_ses01ses02-to-ses-03_seed2.pt,ok,
multisource_0102_to_03,eegnet,2,sub-035,ses-01+ses-02,ses-03,0,0.975,0.975,0.9749993749843746,0.9923,0.1276545375585556,0.048657577903776,0.0201506954431533,320,80,200,62,/share/home/yuan/SYX/eeg-mi-online/checkpoints/session_multisource_v1/eegnet/multisource_sub-035_ses01ses02-to-ses-03_seed2.pt,ok,
multisource_0102_to_03,eegnet,2,sub-036,ses-01+ses-02,ses-03,0,0.98,0.98,0.98,0.9991,0.0622303485870361,0.0294826492194254,0.0449367746710777,320,80,200,12,/share/home/yuan/SYX/eeg-mi-online/checkpoints/session_multisource_v1/eegnet/multisource_sub-036_ses01ses02-to-ses-03_seed2.pt,ok,
multisource_0102_to_03,eegnet,2,sub-037,ses-01+ses-02,ses-03,0,0.88,0.88,0.8796992481203008,0.9261,0.3768997490406036,0.2262850571359049,0.1062409490346908,320,80,200,96,/share/home/yuan/SYX/eeg-mi-online/checkpoints/session_multisource_v1/eegnet/multisource_sub-037_ses01ses02-to-ses-03_seed2.pt,ok,
multisource_0102_to_03,eegnet,2,sub-038,ses-01+ses-02,ses-03,0,0.595,0.595,0.5806476663819212,0.6434999999999998,0.6822307109832764,0.4874350584790531,0.0990061199665069,320,80,200,33,/share/home/yuan/SYX/eeg-mi-online/checkpoints/session_multisource_v1/eegnet/multisource_sub-038_ses01ses02-to-ses-03_seed2.pt,ok,
multisource_0102_to_03,eegnet,2,sub-039,ses-01+ses-02,ses-03,0,0.455,0.4549999999999999,0.4538941356246398,0.4299,1.1332175731658936,0.7385336670898681,0.2994093877077103,320,80,200,15,/share/home/yuan/SYX/eeg-mi-online/checkpoints/session_multisource_v1/eegnet/multisource_sub-039_ses01ses02-to-ses-03_seed2.pt,ok,
multisource_0102_to_03,eegnet,2,sub-040,ses-01+ses-02,ses-03,0,0.75,0.75,0.7498999599839936,0.8465,0.6779237389564514,0.3626293838000974,0.1428042528033256,320,80,200,35,/share/home/yuan/SYX/eeg-mi-online/checkpoints/session_multisource_v1/eegnet/multisource_sub-040_ses01ses02-to-ses-03_seed2.pt,ok,
multisource_0102_to_03,eegnet,2,sub-041,ses-01+ses-02,ses-03,0,0.87,0.87,0.87,0.9668,0.2408886700868606,0.1529518600814508,0.0588691690564155,320,80,200,12,/share/home/yuan/SYX/eeg-mi-online/checkpoints/session_multisource_v1/eegnet/multisource_sub-041_ses01ses02-to-ses-03_seed2.pt,ok,
multisource_0102_to_03,eegnet,2,sub-042,ses-01+ses-02,ses-03,0,0.665,0.665,0.6645891216740507,0.7018,0.804952085018158,0.4850220349724683,0.154849679172039,320,80,200,9,/share/home/yuan/SYX/eeg-mi-online/checkpoints/session_multisource_v1/eegnet/multisource_sub-042_ses01ses02-to-ses-03_seed2.pt,ok,
multisource_0102_to_03,eegnet,2,sub-043,ses-01+ses-02,ses-03,0,0.98,0.98,0.97999799979998,0.9959,0.0870890840888023,0.0435423719202787,0.0307104727625846,320,80,200,96,/share/home/yuan/SYX/eeg-mi-online/checkpoints/session_multisource_v1/eegnet/multisource_sub-043_ses01ses02-to-ses-03_seed2.pt,ok,
multisource_0102_to_03,eegnet,2,sub-044,ses-01+ses-02,ses-03,0,0.68,0.6799999999999999,0.6767676767676768,0.7974,0.5715898275375366,0.3845326786605585,0.0965125393867492,320,80,200,5,/share/home/yuan/SYX/eeg-mi-online/checkpoints/session_multisource_v1/eegnet/multisource_sub-044_ses01ses02-to-ses-03_seed2.pt,ok,
multisource_0102_to_03,eegnet,2,sub-045,ses-01+ses-02,ses-03,0,0.88,0.88,0.8798919027124412,0.9517,0.2935303151607513,0.1791250375005243,0.0548757067322731,320,80,200,13,/share/home/yuan/SYX/eeg-mi-online/checkpoints/session_multisource_v1/eegnet/multisource_sub-045_ses01ses02-to-ses-03_seed2.pt,ok,
multisource_0102_to_03,eegnet,2,sub-046,ses-01+ses-02,ses-03,0,0.96,0.96,0.959983993597439,0.989,0.1834309250116348,0.0737432202727507,0.0383763244748115,320,80,200,60,/share/home/yuan/SYX/eeg-mi-online/checkpoints/session_multisource_v1/eegnet/multisource_sub-046_ses01ses02-to-ses-03_seed2.pt,ok,
multisource_0102_to_03,eegnet,2,sub-047,ses-01+ses-02,ses-03,0,0.845,0.845,0.8448098921178444,0.9275,0.4337140321731567,0.2463722353247237,0.1024866011738777,320,80,200,34,/share/home/yuan/SYX/eeg-mi-online/checkpoints/session_multisource_v1/eegnet/multisource_sub-047_ses01ses02-to-ses-03_seed2.pt,ok,
multisource_0102_to_03,eegnet,2,sub-048,ses-01+ses-02,ses-03,0,0.815,0.815,0.8133151694038698,0.8738,0.643809974193573,0.3255417792067597,0.1479665756225586,320,80,200,31,/share/home/yuan/SYX/eeg-mi-online/checkpoints/session_multisource_v1/eegnet/multisource_sub-048_ses01ses02-to-ses-03_seed2.pt,ok,
multisource_0102_to_03,eegnet,2,sub-049,ses-01+ses-02,ses-03,0,0.87,0.87,0.8697916666666667,0.9571,0.3190494477748871,0.1817037540747902,0.0848364979028701,320,80,200,27,/share/home/yuan/SYX/eeg-mi-online/checkpoints/session_multisource_v1/eegnet/multisource_sub-049_ses01ses02-to-ses-03_seed2.pt,ok,
multisource_0102_to_03,eegnet,2,sub-050,ses-01+ses-02,ses-03,0,0.955,0.955,0.9549988749718744,0.9906,0.1242220699787139,0.0663400227495443,0.0265204489231109,320,80,200,13,/share/home/yuan/SYX/eeg-mi-online/checkpoints/session_multisource_v1/eegnet/multisource_sub-050_ses01ses02-to-ses-03_seed2.pt,ok,
multisource_0102_to_03,eegnet,2,sub-051,ses-01+ses-02,ses-03,0,0.905,0.905,0.9049405878674172,0.9615,0.2749784886837005,0.1498812179611246,0.0892276331782341,320,80,200,13,/share/home/yuan/SYX/eeg-mi-online/checkpoints/session_multisource_v1/eegnet/multisource_sub-051_ses01ses02-to-ses-03_seed2.pt,ok,
multisource_0102_to_03,eegnet,3,sub-001,ses-01+ses-02,ses-03,0,0.975,0.975,0.9749943737340904,0.9962,0.0878232195973396,0.0469486435047664,0.0296252849698066,320,80,200,25,/share/home/yuan/SYX/eeg-mi-online/checkpoints/session_multisource_v1/eegnet/multisource_sub-001_ses01ses02-to-ses-03_seed3.pt,ok,
multisource_0102_to_03,eegnet,3,sub-002,ses-01+ses-02,ses-03,0,0.65,0.6499999999999999,0.6395839769333744,0.7372000000000001,0.6201927065849304,0.4300465529952552,0.0610863935947418,320,80,200,3,/share/home/yuan/SYX/eeg-mi-online/checkpoints/session_multisource_v1/eegnet/multisource_sub-002_ses01ses02-to-ses-03_seed3.pt,ok,
multisource_0102_to_03,eegnet,3,sub-003,ses-01+ses-02,ses-03,0,0.935,0.935,0.934998374959374,0.9748,0.2094233632087707,0.1092333336713705,0.0565590286254882,320,80,200,10,/share/home/yuan/SYX/eeg-mi-online/checkpoints/session_multisource_v1/eegnet/multisource_sub-003_ses01ses02-to-ses-03_seed3.pt,ok,
multisource_0102_to_03,eegnet,3,sub-004,ses-01+ses-02,ses-03,0,0.51,0.51,0.5059985885673959,0.4963,0.7024181485176086,0.509054705518453,0.0588152259588241,320,80,200,1,/share/home/yuan/SYX/eeg-mi-online/checkpoints/session_multisource_v1/eegnet/multisource_sub-004_ses01ses02-to-ses-03_seed3.pt,ok,
multisource_0102_to_03,eegnet,3,sub-005,ses-01+ses-02,ses-03,0,0.755,0.755,0.7548467792370231,0.8513999999999999,0.5449000000953674,0.3368489522071573,0.1071953374147414,320,80,200,30,/share/home/yuan/SYX/eeg-mi-online/checkpoints/session_multisource_v1/eegnet/multisource_sub-005_ses01ses02-to-ses-03_seed3.pt,ok,
multisource_0102_to_03,eegnet,3,sub-006,ses-01+ses-02,ses-03,0,0.945,0.945,0.944998624965624,0.9901,0.1422168761491775,0.0749518637937202,0.032952036857605,320,80,200,30,/share/home/yuan/SYX/eeg-mi-online/checkpoints/session_multisource_v1/eegnet/multisource_sub-006_ses01ses02-to-ses-03_seed3.pt,ok,
multisource_0102_to_03,eegnet,3,sub-007,ses-01+ses-02,ses-03,0,0.87,0.87,0.8699869986998701,0.9317,0.3292627036571502,0.1930859211396607,0.0762372884154319,320,80,200,7,/share/home/yuan/SYX/eeg-mi-online/checkpoints/session_multisource_v1/eegnet/multisource_sub-007_ses01ses02-to-ses-03_seed3.pt,ok,
multisource_0102_to_03,eegnet,3,sub-008,ses-01+ses-02,ses-03,0,0.83,0.8300000000000001,0.8299319727891157,0.8923000000000001,0.5036604404449463,0.2603546104468277,0.082432667016983,320,80,200,18,/share/home/yuan/SYX/eeg-mi-online/checkpoints/session_multisource_v1/eegnet/multisource_sub-008_ses01ses02-to-ses-03_seed3.pt,ok,
multisource_0102_to_03,eegnet,3,sub-009,ses-01+ses-02,ses-03,0,0.67,0.6699999999999999,0.6666666666666666,0.7093,0.8962820172309875,0.4743648856260585,0.1180925965309143,320,80,200,9,/share/home/yuan/SYX/eeg-mi-online/checkpoints/session_multisource_v1/eegnet/multisource_sub-009_ses01ses02-to-ses-03_seed3.pt,ok,
multisource_0102_to_03,eegnet,3,sub-010,ses-01+ses-02,ses-03,0,0.595,0.595,0.5713265063110264,0.6437,0.731147825717926,0.5059636033245555,0.0906333762407303,320,80,200,7,/share/home/yuan/SYX/eeg-mi-online/checkpoints/session_multisource_v1/eegnet/multisource_sub-010_ses01ses02-to-ses-03_seed3.pt,ok,
multisource_0102_to_03,eegnet,3,sub-011,ses-01+ses-02,ses-03,0,0.935,0.935,0.9349202773397411,0.9799,0.2719550430774688,0.1100576675594616,0.0443132051825523,320,80,200,24,/share/home/yuan/SYX/eeg-mi-online/checkpoints/session_multisource_v1/eegnet/multisource_sub-011_ses01ses02-to-ses-03_seed3.pt,ok,
multisource_0102_to_03,eegnet,3,sub-012,ses-01+ses-02,ses-03,0,0.525,0.525,0.5244174113288779,0.5056999999999999,0.7020615339279175,0.5086334942128332,0.0663530677556991,320,80,200,1,/share/home/yuan/SYX/eeg-mi-online/checkpoints/session_multisource_v1/eegnet/multisource_sub-012_ses01ses02-to-ses-03_seed3.pt,ok,
multisource_0102_to_03,eegnet,3,sub-013,ses-01+ses-02,ses-03,0,0.805,0.8049999999999999,0.8028261583963194,0.8653000000000001,0.4835092425346374,0.3126724956861658,0.0893284326791763,320,80,200,19,/share/home/yuan/SYX/eeg-mi-online/checkpoints/session_multisource_v1/eegnet/multisource_sub-013_ses01ses02-to-ses-03_seed3.pt,ok,
multisource_0102_to_03,eegnet,3,sub-014,ses-01+ses-02,ses-03,0,0.515,0.515,0.4937237401811112,0.5024,0.7097924947738647,0.5153896327577999,0.0638292211294174,320,80,200,1,/share/home/yuan/SYX/eeg-mi-online/checkpoints/session_multisource_v1/eegnet/multisource_sub-014_ses01ses02-to-ses-03_seed3.pt,ok,
multisource_0102_to_03,eegnet,3,sub-015,ses-01+ses-02,ses-03,0,0.615,0.615,0.6107080563209384,0.669,0.8736730217933655,0.5307857301409387,0.2002105373144149,320,80,200,20,/share/home/yuan/SYX/eeg-mi-online/checkpoints/session_multisource_v1/eegnet/multisource_sub-015_ses01ses02-to-ses-03_seed3.pt,ok,
multisource_0102_to_03,eegnet,3,sub-016,ses-01+ses-02,ses-03,0,0.59,0.5900000000000001,0.5885186672019269,0.6305,0.6815265417098999,0.4845412807477098,0.0503045272827148,320,80,200,5,/share/home/yuan/SYX/eeg-mi-online/checkpoints/session_multisource_v1/eegnet/multisource_sub-016_ses01ses02-to-ses-03_seed3.pt,ok,
multisource_0102_to_03,eegnet,3,sub-017,ses-01+ses-02,ses-03,0,0.73,0.73,0.7229064039408868,0.8479000000000001,0.578108012676239,0.3755799596206357,0.1057274720072746,320,80,200,3,/share/home/yuan/SYX/eeg-mi-online/checkpoints/session_multisource_v1/eegnet/multisource_sub-017_ses01ses02-to-ses-03_seed3.pt,ok,
multisource_0102_to_03,eegnet,3,sub-018,ses-01+ses-02,ses-03,0,0.6,0.6,0.586606035551881,0.6376999999999999,0.8012690544128418,0.520832800119338,0.1403784674406051,320,80,200,41,/share/home/yuan/SYX/eeg-mi-online/checkpoints/session_multisource_v1/eegnet/multisource_sub-018_ses01ses02-to-ses-03_seed3.pt,ok,
multisource_0102_to_03,eegnet,3,sub-019,ses-01+ses-02,ses-03,0,0.815,0.815,0.8147730970438787,0.8835,0.4378953576087951,0.2801706963019454,0.0668760976195335,320,80,200,5,/share/home/yuan/SYX/eeg-mi-online/checkpoints/session_multisource_v1/eegnet/multisource_sub-019_ses01ses02-to-ses-03_seed3.pt,ok,
multisource_0102_to_03,eegnet,3,sub-020,ses-01+ses-02,ses-03,0,0.51,0.51,0.5039983804028747,0.5413,1.5177761316299438,0.7721778209468533,0.3565321028232574,320,80,200,49,/share/home/yuan/SYX/eeg-mi-online/checkpoints/session_multisource_v1/eegnet/multisource_sub-020_ses01ses02-to-ses-03_seed3.pt,ok,
multisource_0102_to_03,eegnet,3,sub-021,ses-01+ses-02,ses-03,0,0.8,0.8,0.7999199679871949,0.8754000000000001,1.133002758026123,0.3492392011875865,0.1666813126206398,320,80,200,50,/share/home/yuan/SYX/eeg-mi-online/checkpoints/session_multisource_v1/eegnet/multisource_sub-021_ses01ses02-to-ses-03_seed3.pt,ok,
multisource_0102_to_03,eegnet,3,sub-022,ses-01+ses-02,ses-03,0,0.775,0.7749999999999999,0.7745434504872366,0.8199000000000001,0.6744071841239929,0.3447163593304486,0.0817167916893959,320,80,200,21,/share/home/yuan/SYX/eeg-mi-online/checkpoints/session_multisource_v1/eegnet/multisource_sub-022_ses01ses02-to-ses-03_seed3.pt,ok,
multisource_0102_to_03,eegnet,3,sub-025,ses-01+ses-02,ses-03,0,0.84,0.8400000000000001,0.8389694041867954,0.9097,0.4838036596775055,0.2408579975599214,0.0844248655438423,320,80,200,6,/share/home/yuan/SYX/eeg-mi-online/checkpoints/session_multisource_v1/eegnet/multisource_sub-025_ses01ses02-to-ses-03_seed3.pt,ok,
multisource_0102_to_03,eegnet,3,sub-027,ses-01+ses-02,ses-03,0,0.825,0.825,0.823726423409131,0.8513,0.5004411935806274,0.3029552495790789,0.0917328977584839,320,80,200,14,/share/home/yuan/SYX/eeg-mi-online/checkpoints/session_multisource_v1/eegnet/multisource_sub-027_ses01ses02-to-ses-03_seed3.pt,ok,
multisource_0102_to_03,eegnet,3,sub-028,ses-01+ses-02,ses-03,0,0.55,0.55,0.4829963235294117,0.5803,1.157630205154419,0.6849116025070084,0.3154042765498162,320,80,200,26,/share/home/yuan/SYX/eeg-mi-online/checkpoints/session_multisource_v1/eegnet/multisource_sub-028_ses01ses02-to-ses-03_seed3.pt,ok,
multisource_0102_to_03,eegnet,3,sub-029,ses-01+ses-02,ses-03,0,0.815,0.815,0.8144386769979186,0.9019,0.4110035002231598,0.2579944340203914,0.0353969612717628,320,80,200,9,/share/home/yuan/SYX/eeg-mi-online/checkpoints/session_multisource_v1/eegnet/multisource_sub-029_ses01ses02-to-ses-03_seed3.pt,ok,
multisource_0102_to_03,eegnet,3,sub-030,ses-01+ses-02,ses-03,0,0.85,0.8500000000000001,0.8494580489763148,0.9256,0.6777453422546387,0.4846022714704736,0.3458805039525032,320,80,200,48,/share/home/yuan/SYX/eeg-mi-online/checkpoints/session_multisource_v1/eegnet/multisource_sub-030_ses01ses02-to-ses-03_seed3.pt,ok,
multisource_0102_to_03,eegnet,3,sub-031,ses-01+ses-02,ses-03,0,0.715,0.715,0.7148217636022514,0.7508999999999999,1.650319218635559,0.4599944207882676,0.2108692660927772,320,80,200,8,/share/home/yuan/SYX/eeg-mi-online/checkpoints/session_multisource_v1/eegnet/multisource_sub-031_ses01ses02-to-ses-03_seed3.pt,ok,
multisource_0102_to_03,eegnet,3,sub-033,ses-01+ses-02,ses-03,0,0.925,0.925,0.924908012315086,0.9795,0.2336938083171844,0.1123754536997204,0.0472080701589584,320,80,200,43,/share/home/yuan/SYX/eeg-mi-online/checkpoints/session_multisource_v1/eegnet/multisource_sub-033_ses01ses02-to-ses-03_seed3.pt,ok,
multisource_0102_to_03,eegnet,3,sub-034,ses-01+ses-02,ses-03,0,0.85,0.85,0.8484848484848485,0.9356,0.3617688715457916,0.2272478660049882,0.0365996295213699,320,80,200,8,/share/home/yuan/SYX/eeg-mi-online/checkpoints/session_multisource_v1/eegnet/multisource_sub-034_ses01ses02-to-ses-03_seed3.pt,ok,
multisource_0102_to_03,eegnet,3,sub-035,ses-01+ses-02,ses-03,0,0.96,0.96,0.95999599959996,0.9742,0.3223224580287933,0.081646005440025,0.046699378490448,320,80,200,83,/share/home/yuan/SYX/eeg-mi-online/checkpoints/session_multisource_v1/eegnet/multisource_sub-035_ses01ses02-to-ses-03_seed3.pt,ok,
multisource_0102_to_03,eegnet,3,sub-036,ses-01+ses-02,ses-03,0,0.98,0.98,0.97999799979998,0.9966000000000002,0.0735643282532692,0.037891240059434,0.0184788182377815,320,80,200,39,/share/home/yuan/SYX/eeg-mi-online/checkpoints/session_multisource_v1/eegnet/multisource_sub-036_ses01ses02-to-ses-03_seed3.pt,ok,
multisource_0102_to_03,eegnet,3,sub-037,ses-01+ses-02,ses-03,0,0.885,0.885,0.8849280800500312,0.9507,0.3604187667369842,0.1998540405735412,0.1304280790686607,320,80,200,99,/share/home/yuan/SYX/eeg-mi-online/checkpoints/session_multisource_v1/eegnet/multisource_sub-037_ses01ses02-to-ses-03_seed3.pt,ok,
multisource_0102_to_03,eegnet,3,sub-038,ses-01+ses-02,ses-03,0,0.44,0.44,0.4385964912280702,0.4387,0.8225154280662537,0.6079223332395571,0.2168338799476623,320,80,200,36,/share/home/yuan/SYX/eeg-mi-online/checkpoints/session_multisource_v1/eegnet/multisource_sub-038_ses01ses02-to-ses-03_seed3.pt,ok,
multisource_0102_to_03,eegnet,3,sub-039,ses-01+ses-02,ses-03,0,0.485,0.485,0.484368351230257,0.4821999999999999,0.9735902547836304,0.6669629131641159,0.2453113940358161,320,80,200,9,/share/home/yuan/SYX/eeg-mi-online/checkpoints/session_multisource_v1/eegnet/multisource_sub-039_ses01ses02-to-ses-03_seed3.pt,ok,
multisource_0102_to_03,eegnet,3,sub-040,ses-01+ses-02,ses-03,0,0.78,0.78,0.7798018216394755,0.8744,0.4420948326587677,0.2886306942619718,0.0260562536120414,320,80,200,9,/share/home/yuan/SYX/eeg-mi-online/checkpoints/session_multisource_v1/eegnet/multisource_sub-040_ses01ses02-to-ses-03_seed3.pt,ok,
multisource_0102_to_03,eegnet,3,sub-041,ses-01+ses-02,ses-03,0,0.9,0.9,0.8999899989999001,0.971,0.2537921667098999,0.152921077329196,0.0602429175376891,320,80,200,16,/share/home/yuan/SYX/eeg-mi-online/checkpoints/session_multisource_v1/eegnet/multisource_sub-041_ses01ses02-to-ses-03_seed3.pt,ok,
multisource_0102_to_03,eegnet,3,sub-042,ses-01+ses-02,ses-03,0,0.66,0.66,0.6558356108917907,0.6918,1.5771621465682983,0.5891522864478302,0.2684143343567848,320,80,200,24,/share/home/yuan/SYX/eeg-mi-online/checkpoints/session_multisource_v1/eegnet/multisource_sub-042_ses01ses02-to-ses-03_seed3.pt,ok,
multisource_0102_to_03,eegnet,3,sub-043,ses-01+ses-02,ses-03,0,0.91,0.91,0.91,0.9582,0.3793703317642212,0.1441113284353481,0.0611522766947745,320,80,200,27,/share/home/yuan/SYX/eeg-mi-online/checkpoints/session_multisource_v1/eegnet/multisource_sub-043_ses01ses02-to-ses-03_seed3.pt,ok,
multisource_0102_to_03,eegnet,3,sub-044,ses-01+ses-02,ses-03,0,0.745,0.745,0.7421572840567254,0.8269,0.5473219156265259,0.356472382785568,0.1162324884533882,320,80,200,6,/share/home/yuan/SYX/eeg-mi-online/checkpoints/session_multisource_v1/eegnet/multisource_sub-044_ses01ses02-to-ses-03_seed3.pt,ok,
multisource_0102_to_03,eegnet,3,sub-045,ses-01+ses-02,ses-03,0,0.88,0.88,0.8799519807923168,0.9355,0.3442780375480652,0.2065021240900192,0.084644252359867,320,80,200,13,/share/home/yuan/SYX/eeg-mi-online/checkpoints/session_multisource_v1/eegnet/multisource_sub-045_ses01ses02-to-ses-03_seed3.pt,ok,
multisource_0102_to_03,eegnet,3,sub-046,ses-01+ses-02,ses-03,0,0.965,0.965,0.9649921232277264,0.9799,0.2169960588216781,0.0656227405493949,0.0297651186585426,320,80,200,50,/share/home/yuan/SYX/eeg-mi-online/checkpoints/session_multisource_v1/eegnet/multisource_sub-046_ses01ses02-to-ses-03_seed3.pt,ok,
multisource_0102_to_03,eegnet,3,sub-047,ses-01+ses-02,ses-03,0,0.87,0.87,0.8697916666666667,0.9296,0.3667379319667816,0.2018320554800002,0.0734362566471099,320,80,200,19,/share/home/yuan/SYX/eeg-mi-online/checkpoints/session_multisource_v1/eegnet/multisource_sub-047_ses01ses02-to-ses-03_seed3.pt,ok,
multisource_0102_to_03,eegnet,3,sub-048,ses-01+ses-02,ses-03,0,0.835,0.835,0.8340666247642992,0.9002999999999999,0.48659348487854,0.267813425256023,0.0973399579524993,320,80,200,21,/share/home/yuan/SYX/eeg-mi-online/checkpoints/session_multisource_v1/eegnet/multisource_sub-048_ses01ses02-to-ses-03_seed3.pt,ok,
multisource_0102_to_03,eegnet,3,sub-049,ses-01+ses-02,ses-03,0,0.88,0.8799999999999999,0.8795664391810518,0.9497,0.3738669157028198,0.2047334155588073,0.0842597299814224,320,80,200,32,/share/home/yuan/SYX/eeg-mi-online/checkpoints/session_multisource_v1/eegnet/multisource_sub-049_ses01ses02-to-ses-03_seed3.pt,ok,
multisource_0102_to_03,eegnet,3,sub-050,ses-01+ses-02,ses-03,0,0.975,0.975,0.9749843652282676,0.9903,0.1278549134731292,0.0639042925070788,0.0383139219880103,320,80,200,28,/share/home/yuan/SYX/eeg-mi-online/checkpoints/session_multisource_v1/eegnet/multisource_sub-050_ses01ses02-to-ses-03_seed3.pt,ok,
multisource_0102_to_03,eegnet,3,sub-051,ses-01+ses-02,ses-03,0,0.905,0.905,0.9045969219954308,0.9621,0.2898086607456207,0.145431637362494,0.0365234968066215,320,80,200,33,/share/home/yuan/SYX/eeg-mi-online/checkpoints/session_multisource_v1/eegnet/multisource_sub-051_ses01ses02-to-ses-03_seed3.pt,ok,
multisource_0102_to_03,eegnet,4,sub-001,ses-01+ses-02,ses-03,0,0.955,0.955,0.9549898727213624,0.9928,0.1164142787456512,0.0582439064109867,0.0320618349313736,320,80,200,33,/share/home/yuan/SYX/eeg-mi-online/checkpoints/session_multisource_v1/eegnet/multisource_sub-001_ses01ses02-to-ses-03_seed4.pt,ok,
multisource_0102_to_03,eegnet,4,sub-002,ses-01+ses-02,ses-03,0,0.725,0.725,0.7190939503051661,0.8118,0.5436877608299255,0.3680617459144767,0.0393508383631706,320,80,200,7,/share/home/yuan/SYX/eeg-mi-online/checkpoints/session_multisource_v1/eegnet/multisource_sub-002_ses01ses02-to-ses-03_seed4.pt,ok,
multisource_0102_to_03,eegnet,4,sub-003,ses-01+ses-02,ses-03,0,0.9,0.8999999999999999,0.8998397435897436,0.9553,0.5236662030220032,0.1682989357649625,0.0698953461647034,320,80,200,67,/share/home/yuan/SYX/eeg-mi-online/checkpoints/session_multisource_v1/eegnet/multisource_sub-003_ses01ses02-to-ses-03_seed4.pt,ok,
multisource_0102_to_03,eegnet,4,sub-004,ses-01+ses-02,ses-03,0,0.475,0.475,0.4679638215398647,0.4422,0.7198870778083801,0.5253387302293019,0.1177270299196243,320,80,200,1,/share/home/yuan/SYX/eeg-mi-online/checkpoints/session_multisource_v1/eegnet/multisource_sub-004_ses01ses02-to-ses-03_seed4.pt,ok,
multisource_0102_to_03,eegnet,4,sub-005,ses-01+ses-02,ses-03,0,0.78,0.78,0.7789166917897699,0.8665999999999999,0.6595977544784546,0.3405164194189553,0.1406252339482307,320,80,200,37,/share/home/yuan/SYX/eeg-mi-online/checkpoints/session_multisource_v1/eegnet/multisource_sub-005_ses01ses02-to-ses-03_seed4.pt,ok,
multisource_0102_to_03,eegnet,4,sub-006,ses-01+ses-02,ses-03,0,0.97,0.97,0.97,0.9968,0.0728939846158027,0.0455294477451172,0.0174002018570899,320,80,200,35,/share/home/yuan/SYX/eeg-mi-online/checkpoints/session_multisource_v1/eegnet/multisource_sub-006_ses01ses02-to-ses-03_seed4.pt,ok,
multisource_0102_to_03,eegnet,4,sub-007,ses-01+ses-02,ses-03,0,0.89,0.89,0.8899889988998899,0.9442,0.3350032567977905,0.1667936041982921,0.0560366940498352,320,80,200,29,/share/home/yuan/SYX/eeg-mi-online/checkpoints/session_multisource_v1/eegnet/multisource_sub-007_ses01ses02-to-ses-03_seed4.pt,ok,
multisource_0102_to_03,eegnet,4,sub-008,ses-01+ses-02,ses-03,0,0.885,0.885,0.8847666524712543,0.925,0.43526291847229,0.2006592958098806,0.0767407104372978,320,80,200,27,/share/home/yuan/SYX/eeg-mi-online/checkpoints/session_multisource_v1/eegnet/multisource_sub-008_ses01ses02-to-ses-03_seed4.pt,ok,
multisource_0102_to_03,eegnet,4,sub-009,ses-01+ses-02,ses-03,0,0.625,0.625,0.6242390841453944,0.7215000000000001,0.6470469832420349,0.4375849637849728,0.0978577277064323,320,80,200,10,/share/home/yuan/SYX/eeg-mi-online/checkpoints/session_multisource_v1/eegnet/multisource_sub-009_ses01ses02-to-ses-03_seed4.pt,ok,
multisource_0102_to_03,eegnet,4,sub-010,ses-01+ses-02,ses-03,0,0.575,0.575,0.556355854797881,0.6023000000000001,0.7190834283828735,0.5130582796426293,0.0669306561350822,320,80,200,7,/share/home/yuan/SYX/eeg-mi-online/checkpoints/session_multisource_v1/eegnet/multisource_sub-010_ses01ses02-to-ses-03_seed4.pt,ok,
multisource_0102_to_03,eegnet,4,sub-011,ses-01+ses-02,ses-03,0,0.955,0.955,0.9549448073890516,0.9906,0.1653205305337906,0.0847246670080768,0.0329359424114227,320,80,200,10,/share/home/yuan/SYX/eeg-mi-online/checkpoints/session_multisource_v1/eegnet/multisource_sub-011_ses01ses02-to-ses-03_seed4.pt,ok,
multisource_0102_to_03,eegnet,4,sub-012,ses-01+ses-02,ses-03,0,0.52,0.52,0.5198079231692677,0.5459,0.6962512731552124,0.5020230627745693,0.0667078652977943,320,80,200,3,/share/home/yuan/SYX/eeg-mi-online/checkpoints/session_multisource_v1/eegnet/multisource_sub-012_ses01ses02-to-ses-03_seed4.pt,ok,
multisource_0102_to_03,eegnet,4,sub-013,ses-01+ses-02,ses-03,0,0.81,0.81,0.8099809980998101,0.8559,0.5430230498313904,0.3063690919118781,0.0806347131729125,320,80,200,52,/share/home/yuan/SYX/eeg-mi-online/checkpoints/session_multisource_v1/eegnet/multisource_sub-013_ses01ses02-to-ses-03_seed4.pt,ok,
multisource_0102_to_03,eegnet,4,sub-014,ses-01+ses-02,ses-03,0,0.475,0.475,0.4679638215398647,0.4509999999999999,0.7471346855163574,0.5466739901126942,0.1131617212295532,320,80,200,2,/share/home/yuan/SYX/eeg-mi-online/checkpoints/session_multisource_v1/eegnet/multisource_sub-014_ses01ses02-to-ses-03_seed4.pt,ok,
multisource_0102_to_03,eegnet,4,sub-015,ses-01+ses-02,ses-03,0,0.575,0.575,0.5599389091662137,0.6163,1.6609927415847778,0.6832044495336063,0.3301960688829422,320,80,200,21,/share/home/yuan/SYX/eeg-mi-online/checkpoints/session_multisource_v1/eegnet/multisource_sub-015_ses01ses02-to-ses-03_seed4.pt,ok,
multisource_0102_to_03,eegnet,4,sub-016,ses-01+ses-02,ses-03,0,0.625,0.625,0.6249156060113525,0.6414,0.6651174426078796,0.4726472506202181,0.0577168563008308,320,80,200,2,/share/home/yuan/SYX/eeg-mi-online/checkpoints/session_multisource_v1/eegnet/multisource_sub-016_ses01ses02-to-ses-03_seed4.pt,ok,
multisource_0102_to_03,eegnet,4,sub-017,ses-01+ses-02,ses-03,0,0.735,0.735,0.7284766515535746,0.8784000000000001,0.6131959557533264,0.3740656760187075,0.1310827031731605,320,80,200,34,/share/home/yuan/SYX/eeg-mi-online/checkpoints/session_multisource_v1/eegnet/multisource_sub-017_ses01ses02-to-ses-03_seed4.pt,ok,
multisource_0102_to_03,eegnet,4,sub-018,ses-01+ses-02,ses-03,0,0.675,0.675,0.672040162466258,0.7009000000000001,0.6867954134941101,0.4555330635909829,0.0981435239315032,320,80,200,40,/share/home/yuan/SYX/eeg-mi-online/checkpoints/session_multisource_v1/eegnet/multisource_sub-018_ses01ses02-to-ses-03_seed4.pt,ok,
multisource_0102_to_03,eegnet,4,sub-019,ses-01+ses-02,ses-03,0,0.76,0.76,0.7558742752517547,0.8362,0.6110190153121948,0.349862440304968,0.1280056965351105,320,80,200,22,/share/home/yuan/SYX/eeg-mi-online/checkpoints/session_multisource_v1/eegnet/multisource_sub-019_ses01ses02-to-ses-03_seed4.pt,ok,
multisource_0102_to_03,eegnet,4,sub-020,ses-01+ses-02,ses-03,0,0.57,0.57,0.562608076492727,0.6093000000000002,1.3141534328460691,0.674528925312726,0.3001842498779297,320,80,200,46,/share/home/yuan/SYX/eeg-mi-online/checkpoints/session_multisource_v1/eegnet/multisource_sub-020_ses01ses02-to-ses-03_seed4.pt,ok,
multisource_0102_to_03,eegnet,4,sub-021,ses-01+ses-02,ses-03,0,0.79,0.79,0.78997899789979,0.8693,0.6253250241279602,0.3208993651837605,0.1239748409390449,320,80,200,20,/share/home/yuan/SYX/eeg-mi-online/checkpoints/session_multisource_v1/eegnet/multisource_sub-021_ses01ses02-to-ses-03_seed4.pt,ok,
multisource_0102_to_03,eegnet,4,sub-022,ses-01+ses-02,ses-03,0,0.82,0.8200000000000001,0.81998199819982,0.8982000000000001,0.5606048703193665,0.2834460714234911,0.1112939378619194,320,80,200,61,/share/home/yuan/SYX/eeg-mi-online/checkpoints/session_multisource_v1/eegnet/multisource_sub-022_ses01ses02-to-ses-03_seed4.pt,ok,
multisource_0102_to_03,eegnet,4,sub-025,ses-01+ses-02,ses-03,0,0.855,0.855,0.8543847756772364,0.9282,0.6433384418487549,0.222734673521066,0.0866519370675087,320,80,200,28,/share/home/yuan/SYX/eeg-mi-online/checkpoints/session_multisource_v1/eegnet/multisource_sub-025_ses01ses02-to-ses-03_seed4.pt,ok,
multisource_0102_to_03,eegnet,4,sub-027,ses-01+ses-02,ses-03,0,0.725,0.7250000000000001,0.7244419950399559,0.7933,0.6599385738372803,0.3946040279621696,0.1256349655985832,320,80,200,17,/share/home/yuan/SYX/eeg-mi-online/checkpoints/session_multisource_v1/eegnet/multisource_sub-027_ses01ses02-to-ses-03_seed4.pt,ok,
multisource_0102_to_03,eegnet,4,sub-028,ses-01+ses-02,ses-03,0,0.565,0.565,0.4938181818181818,0.6262000000000001,1.2560153007507324,0.6830671893511447,0.3115827423334121,320,80,200,23,/share/home/yuan/SYX/eeg-mi-online/checkpoints/session_multisource_v1/eegnet/multisource_sub-028_ses01ses02-to-ses-03_seed4.pt,ok,
multisource_0102_to_03,eegnet,4,sub-029,ses-01+ses-02,ses-03,0,0.76,0.76,0.7599039615846338,0.8602,0.622885525226593,0.3545681754135454,0.1329585492610931,320,80,200,24,/share/home/yuan/SYX/eeg-mi-online/checkpoints/session_multisource_v1/eegnet/multisource_sub-029_ses01ses02-to-ses-03_seed4.pt,ok,
multisource_0102_to_03,eegnet,4,sub-030,ses-01+ses-02,ses-03,0,0.82,0.8200000000000001,0.8164014687882497,0.941,0.6728906035423279,0.4797542480180786,0.3073795187473296,320,80,200,46,/share/home/yuan/SYX/eeg-mi-online/checkpoints/session_multisource_v1/eegnet/multisource_sub-030_ses01ses02-to-ses-03_seed4.pt,ok,
multisource_0102_to_03,eegnet,4,sub-031,ses-01+ses-02,ses-03,0,0.715,0.715,0.7104761904761905,0.79145,1.268538475036621,0.4526788839556095,0.2054605689644813,320,80,200,9,/share/home/yuan/SYX/eeg-mi-online/checkpoints/session_multisource_v1/eegnet/multisource_sub-031_ses01ses02-to-ses-03_seed4.pt,ok,
multisource_0102_to_03,eegnet,4,sub-033,ses-01+ses-02,ses-03,0,0.96,0.96,0.959983993597439,0.9878,0.1596872806549072,0.0701753434058017,0.0329812818765639,320,80,200,31,/share/home/yuan/SYX/eeg-mi-online/checkpoints/session_multisource_v1/eegnet/multisource_sub-033_ses01ses02-to-ses-03_seed4.pt,ok,
multisource_0102_to_03,eegnet,4,sub-034,ses-01+ses-02,ses-03,0,0.85,0.85,0.8474214220323466,0.9621,0.3366531431674957,0.2152292090834228,0.0572382798790931,320,80,200,8,/share/home/yuan/SYX/eeg-mi-online/checkpoints/session_multisource_v1/eegnet/multisource_sub-034_ses01ses02-to-ses-03_seed4.pt,ok,
multisource_0102_to_03,eegnet,4,sub-035,ses-01+ses-02,ses-03,0,0.92,0.92,0.9199279351416274,0.9812,0.2028459757566452,0.1138738670453653,0.0420959162712097,320,80,200,22,/share/home/yuan/SYX/eeg-mi-online/checkpoints/session_multisource_v1/eegnet/multisource_sub-035_ses01ses02-to-ses-03_seed4.pt,ok,
multisource_0102_to_03,eegnet,4,sub-036,ses-01+ses-02,ses-03,0,0.99,0.99,0.99,0.9943,0.0553187578916549,0.0203911640927017,0.017301869392395,320,80,200,16,/share/home/yuan/SYX/eeg-mi-online/checkpoints/session_multisource_v1/eegnet/multisource_sub-036_ses01ses02-to-ses-03_seed4.pt,ok,
multisource_0102_to_03,eegnet,4,sub-037,ses-01+ses-02,ses-03,0,0.93,0.93,0.92999299929993,0.9725,0.2525199055671692,0.118375120525953,0.0447297298908233,320,80,200,39,/share/home/yuan/SYX/eeg-mi-online/checkpoints/session_multisource_v1/eegnet/multisource_sub-037_ses01ses02-to-ses-03_seed4.pt,ok,
multisource_0102_to_03,eegnet,4,sub-038,ses-01+ses-02,ses-03,0,0.59,0.5900000000000001,0.5866518802298619,0.6141,0.6751428246498108,0.4833178487165938,0.0841971907019615,320,80,200,20,/share/home/yuan/SYX/eeg-mi-online/checkpoints/session_multisource_v1/eegnet/multisource_sub-038_ses01ses02-to-ses-03_seed4.pt,ok,
multisource_0102_to_03,eegnet,4,sub-039,ses-01+ses-02,ses-03,0,0.425,0.425,0.4208153912014303,0.3821,1.3044782876968384,0.8170591016446133,0.3624300086498261,320,80,200,15,/share/home/yuan/SYX/eeg-mi-online/checkpoints/session_multisource_v1/eegnet/multisource_sub-039_ses01ses02-to-ses-03_seed4.pt,ok,
multisource_0102_to_03,eegnet,4,sub-040,ses-01+ses-02,ses-03,0,0.865,0.865,0.8649966249156229,0.9243,0.360319584608078,0.2241492757241179,0.0547554194927215,320,80,200,11,/share/home/yuan/SYX/eeg-mi-online/checkpoints/session_multisource_v1/eegnet/multisource_sub-040_ses01ses02-to-ses-03_seed4.pt,ok,
multisource_0102_to_03,eegnet,4,sub-041,ses-01+ses-02,ses-03,0,0.895,0.895,0.8949763696831787,0.9683,0.2324336469173431,0.1372309739456814,0.0564077699184417,320,80,200,12,/share/home/yuan/SYX/eeg-mi-online/checkpoints/session_multisource_v1/eegnet/multisource_sub-041_ses01ses02-to-ses-03_seed4.pt,ok,
multisource_0102_to_03,eegnet,4,sub-042,ses-01+ses-02,ses-03,0,0.68,0.6799999999999999,0.6692848284415047,0.7067,0.9499168992042542,0.509429827741359,0.183321196436882,320,80,200,9,/share/home/yuan/SYX/eeg-mi-online/checkpoints/session_multisource_v1/eegnet/multisource_sub-042_ses01ses02-to-ses-03_seed4.pt,ok,
multisource_0102_to_03,eegnet,4,sub-043,ses-01+ses-02,ses-03,0,0.975,0.975,0.9749993749843746,0.9953,0.0818868800997734,0.0406196108703971,0.0242545056343079,320,80,200,54,/share/home/yuan/SYX/eeg-mi-online/checkpoints/session_multisource_v1/eegnet/multisource_sub-043_ses01ses02-to-ses-03_seed4.pt,ok,
multisource_0102_to_03,eegnet,4,sub-044,ses-01+ses-02,ses-03,0,0.735,0.735,0.7325865940109488,0.8182999999999999,0.5413640737533569,0.3558257435890741,0.0552984550595283,320,80,200,14,/share/home/yuan/SYX/eeg-mi-online/checkpoints/session_multisource_v1/eegnet/multisource_sub-044_ses01ses02-to-ses-03_seed4.pt,ok,
multisource_0102_to_03,eegnet,4,sub-045,ses-01+ses-02,ses-03,0,0.845,0.845,0.8448098921178444,0.9233,0.3679169416427612,0.2323396720789955,0.0477813532948493,320,80,200,10,/share/home/yuan/SYX/eeg-mi-online/checkpoints/session_multisource_v1/eegnet/multisource_sub-045_ses01ses02-to-ses-03_seed4.pt,ok,
multisource_0102_to_03,eegnet,4,sub-046,ses-01+ses-02,ses-03,0,0.965,0.965,0.9649781113195748,0.9833,0.2427617907524109,0.0679242176808104,0.0353434011340141,320,80,200,81,/share/home/yuan/SYX/eeg-mi-online/checkpoints/session_multisource_v1/eegnet/multisource_sub-046_ses01ses02-to-ses-03_seed4.pt,ok,
multisource_0102_to_03,eegnet,4,sub-047,ses-01+ses-02,ses-03,0,0.855,0.855,0.854967367657723,0.9354,0.3990001976490021,0.2018104133614299,0.0774328926205635,320,80,200,33,/share/home/yuan/SYX/eeg-mi-online/checkpoints/session_multisource_v1/eegnet/multisource_sub-047_ses01ses02-to-ses-03_seed4.pt,ok,
multisource_0102_to_03,eegnet,4,sub-048,ses-01+ses-02,ses-03,0,0.795,0.7949999999999999,0.7877352385389972,0.9597,0.4028409719467163,0.268254356951838,0.0664440068602562,320,80,200,3,/share/home/yuan/SYX/eeg-mi-online/checkpoints/session_multisource_v1/eegnet/multisource_sub-048_ses01ses02-to-ses-03_seed4.pt,ok,
multisource_0102_to_03,eegnet,4,sub-049,ses-01+ses-02,ses-03,0,0.87,0.87,0.8691626409017714,0.9464,0.3698239028453827,0.2128626484625751,0.0769614166021346,320,80,200,29,/share/home/yuan/SYX/eeg-mi-online/checkpoints/session_multisource_v1/eegnet/multisource_sub-049_ses01ses02-to-ses-03_seed4.pt,ok,
multisource_0102_to_03,eegnet,4,sub-050,ses-01+ses-02,ses-03,0,0.945,0.945,0.9449325423643964,0.9889,0.145384132862091,0.0827951023058081,0.0289216470718383,320,80,200,28,/share/home/yuan/SYX/eeg-mi-online/checkpoints/session_multisource_v1/eegnet/multisource_sub-050_ses01ses02-to-ses-03_seed4.pt,ok,
multisource_0102_to_03,eegnet,4,sub-051,ses-01+ses-02,ses-03,0,0.88,0.88,0.8798076923076923,0.9628,0.2891791462898254,0.162793776835654,0.0707519415020942,320,80,200,39,/share/home/yuan/SYX/eeg-mi-online/checkpoints/session_multisource_v1/eegnet/multisource_sub-051_ses01ses02-to-ses-03_seed4.pt,ok,
multisource_0102_to_03,fbcnet,0,sub-001,ses-01+ses-02,ses-03,0,0.775,0.7749999999999999,0.7687029374726941,0.9119,0.5540762543678284,0.3314646353361509,0.1164475047588348,320,80,200,50,/share/home/yuan/SYX/eeg-mi-online/checkpoints/session_multisource_v1/fbcnet/multisource_sub-001_ses01ses02-to-ses-03_seed0.pt,ok,
multisource_0102_to_03,fbcnet,0,sub-002,ses-01+ses-02,ses-03,0,0.495,0.495,0.4267714747864581,0.4973,0.7770194411277771,0.5692429728503041,0.1522238281369209,320,80,200,1,/share/home/yuan/SYX/eeg-mi-online/checkpoints/session_multisource_v1/fbcnet/multisource_sub-002_ses01ses02-to-ses-03_seed0.pt,ok,
multisource_0102_to_03,fbcnet,0,sub-003,ses-01+ses-02,ses-03,0,0.795,0.7949999999999999,0.7927146793397204,0.9123,0.4592045247554779,0.2909051718334264,0.07337431371212,320,80,200,39,/share/home/yuan/SYX/eeg-mi-online/checkpoints/session_multisource_v1/fbcnet/multisource_sub-003_ses01ses02-to-ses-03_seed0.pt,ok,
multisource_0102_to_03,fbcnet,0,sub-004,ses-01+ses-02,ses-03,0,0.48,0.48,0.4535519125683059,0.4897,0.8140431046485901,0.5912536778827487,0.194185996055603,320,80,200,10,/share/home/yuan/SYX/eeg-mi-online/checkpoints/session_multisource_v1/fbcnet/multisource_sub-004_ses01ses02-to-ses-03_seed0.pt,ok,
multisource_0102_to_03,fbcnet,0,sub-005,ses-01+ses-02,ses-03,0,0.77,0.77,0.7604166666666667,0.9301,0.599296510219574,0.3340362344485133,0.1347492551803588,320,80,200,34,/share/home/yuan/SYX/eeg-mi-online/checkpoints/session_multisource_v1/fbcnet/multisource_sub-005_ses01ses02-to-ses-03_seed0.pt,ok,
multisource_0102_to_03,fbcnet,0,sub-006,ses-01+ses-02,ses-03,0,0.91,0.91,0.9095568284594512,0.9856,0.2354198992252349,0.1395694925241759,0.0353477594256401,320,80,200,57,/share/home/yuan/SYX/eeg-mi-online/checkpoints/session_multisource_v1/fbcnet/multisource_sub-006_ses01ses02-to-ses-03_seed0.pt,ok,
multisource_0102_to_03,fbcnet,0,sub-007,ses-01+ses-02,ses-03,0,0.59,0.5900000000000001,0.5896306676008407,0.6723,0.68207848072052,0.4819020307701617,0.1362606206536293,320,80,200,15,/share/home/yuan/SYX/eeg-mi-online/checkpoints/session_multisource_v1/fbcnet/multisource_sub-007_ses01ses02-to-ses-03_seed0.pt,ok,
multisource_0102_to_03,fbcnet,0,sub-008,ses-01+ses-02,ses-03,0,0.62,0.62,0.6086911749562351,0.6332,0.689990222454071,0.4886102668461616,0.0919838026165962,320,80,200,4,/share/home/yuan/SYX/eeg-mi-online/checkpoints/session_multisource_v1/fbcnet/multisource_sub-008_ses01ses02-to-ses-03_seed0.pt,ok,
multisource_0102_to_03,fbcnet,0,sub-009,ses-01+ses-02,ses-03,0,0.54,0.54,0.5187781148655717,0.5543,0.9821857213974,0.6492786978969249,0.27653280377388,320,80,200,22,/share/home/yuan/SYX/eeg-mi-online/checkpoints/session_multisource_v1/fbcnet/multisource_sub-009_ses01ses02-to-ses-03_seed0.pt,ok,
multisource_0102_to_03,fbcnet,0,sub-010,ses-01+ses-02,ses-03,0,0.52,0.52,0.5020230314347961,0.5464,0.9028075337409972,0.6208429600639628,0.2353062692284584,320,80,200,11,/share/home/yuan/SYX/eeg-mi-online/checkpoints/session_multisource_v1/fbcnet/multisource_sub-010_ses01ses02-to-ses-03_seed0.pt,ok,
multisource_0102_to_03,fbcnet,0,sub-011,ses-01+ses-02,ses-03,0,0.69,0.69,0.6895032051282051,0.7919999999999999,0.5716679692268372,0.3812238694869843,0.0946839654445648,320,80,200,21,/share/home/yuan/SYX/eeg-mi-online/checkpoints/session_multisource_v1/fbcnet/multisource_sub-011_ses01ses02-to-ses-03_seed0.pt,ok,
multisource_0102_to_03,fbcnet,0,sub-012,ses-01+ses-02,ses-03,0,0.505,0.505,0.492814877430262,0.5213000000000001,0.750556230545044,0.5470253770927606,0.1320303061604499,320,80,200,7,/share/home/yuan/SYX/eeg-mi-online/checkpoints/session_multisource_v1/fbcnet/multisource_sub-012_ses01ses02-to-ses-03_seed0.pt,ok,
multisource_0102_to_03,fbcnet,0,sub-013,ses-01+ses-02,ses-03,0,0.585,0.585,0.5747841901688056,0.6282,0.6831280589103699,0.4887568253184818,0.0761981600522995,320,80,200,15,/share/home/yuan/SYX/eeg-mi-online/checkpoints/session_multisource_v1/fbcnet/multisource_sub-013_ses01ses02-to-ses-03_seed0.pt,ok,
multisource_0102_to_03,fbcnet,0,sub-014,ses-01+ses-02,ses-03,0,0.48,0.48,0.4791666666666666,0.4913,0.730573296546936,0.5357139988682446,0.158497085571289,320,80,200,2,/share/home/yuan/SYX/eeg-mi-online/checkpoints/session_multisource_v1/fbcnet/multisource_sub-014_ses01ses02-to-ses-03_seed0.pt,ok,
multisource_0102_to_03,fbcnet,0,sub-015,ses-01+ses-02,ses-03,0,0.53,0.53,0.529811924769908,0.4999,1.017968773841858,0.6542526979104388,0.2571914413571358,320,80,200,21,/share/home/yuan/SYX/eeg-mi-online/checkpoints/session_multisource_v1/fbcnet/multisource_sub-015_ses01ses02-to-ses-03_seed0.pt,ok,
multisource_0102_to_03,fbcnet,0,sub-016,ses-01+ses-02,ses-03,0,0.545,0.545,0.5106342932429888,0.598,0.734093427658081,0.5276303559655778,0.1207376724481582,320,80,200,5,/share/home/yuan/SYX/eeg-mi-online/checkpoints/session_multisource_v1/fbcnet/multisource_sub-016_ses01ses02-to-ses-03_seed0.pt,ok,
multisource_0102_to_03,fbcnet,0,sub-017,ses-01+ses-02,ses-03,0,0.645,0.645,0.6373758267575781,0.6752,0.6991520524024963,0.4809427926832239,0.0815633600950241,320,80,200,43,/share/home/yuan/SYX/eeg-mi-online/checkpoints/session_multisource_v1/fbcnet/multisource_sub-017_ses01ses02-to-ses-03_seed0.pt,ok,
multisource_0102_to_03,fbcnet,0,sub-018,ses-01+ses-02,ses-03,0,0.56,0.56,0.5571658615136876,0.5666000000000001,0.7204490900039673,0.516960072818528,0.1054325267672539,320,80,200,6,/share/home/yuan/SYX/eeg-mi-online/checkpoints/session_multisource_v1/fbcnet/multisource_sub-018_ses01ses02-to-ses-03_seed0.pt,ok,
multisource_0102_to_03,fbcnet,0,sub-019,ses-01+ses-02,ses-03,0,0.6,0.6,0.5894909688013137,0.6451000000000001,0.6712322235107422,0.4785438522145377,0.0655883768200874,320,80,200,8,/share/home/yuan/SYX/eeg-mi-online/checkpoints/session_multisource_v1/fbcnet/multisource_sub-019_ses01ses02-to-ses-03_seed0.pt,ok,
multisource_0102_to_03,fbcnet,0,sub-020,ses-01+ses-02,ses-03,0,0.485,0.485,0.364805278899818,0.40385,2.291555881500244,0.9263356647711056,0.4422285723686218,320,80,200,49,/share/home/yuan/SYX/eeg-mi-online/checkpoints/session_multisource_v1/fbcnet/multisource_sub-020_ses01ses02-to-ses-03_seed0.pt,ok,
multisource_0102_to_03,fbcnet,0,sub-021,ses-01+ses-02,ses-03,0,0.67,0.6699999999999999,0.6624040920716112,0.7190000000000001,0.6697549223899841,0.4554739172259194,0.1040833762288093,320,80,200,31,/share/home/yuan/SYX/eeg-mi-online/checkpoints/session_multisource_v1/fbcnet/multisource_sub-021_ses01ses02-to-ses-03_seed0.pt,ok,
multisource_0102_to_03,fbcnet,0,sub-022,ses-01+ses-02,ses-03,0,0.6,0.6000000000000001,0.5974235104669887,0.6367,0.7875662446022034,0.5365091418339988,0.1762320744991302,320,80,200,29,/share/home/yuan/SYX/eeg-mi-online/checkpoints/session_multisource_v1/fbcnet/multisource_sub-022_ses01ses02-to-ses-03_seed0.pt,ok,
multisource_0102_to_03,fbcnet,0,sub-025,ses-01+ses-02,ses-03,0,0.505,0.505,0.3443491506341269,0.6238,3.456593513488769,0.9655769494801748,0.4890344339609145,320,80,200,51,/share/home/yuan/SYX/eeg-mi-online/checkpoints/session_multisource_v1/fbcnet/multisource_sub-025_ses01ses02-to-ses-03_seed0.pt,ok,
multisource_0102_to_03,fbcnet,0,sub-027,ses-01+ses-02,ses-03,0,0.525,0.525,0.3866020984665052,0.6381,1.2040014266967771,0.7371638111529074,0.3517567491531372,320,80,200,13,/share/home/yuan/SYX/eeg-mi-online/checkpoints/session_multisource_v1/fbcnet/multisource_sub-027_ses01ses02-to-ses-03_seed0.pt,ok,
multisource_0102_to_03,fbcnet,0,sub-028,ses-01+ses-02,ses-03,0,0.765,0.7649999999999999,0.7575757575757576,0.9276,0.519192099571228,0.3276596801583716,0.1190285283327102,320,80,200,38,/share/home/yuan/SYX/eeg-mi-online/checkpoints/session_multisource_v1/fbcnet/multisource_sub-028_ses01ses02-to-ses-03_seed0.pt,ok,
multisource_0102_to_03,fbcnet,0,sub-029,ses-01+ses-02,ses-03,0,0.97,0.97,0.97,0.9863,0.1555276811122894,0.0679740683748928,0.0506133088469505,320,80,200,17,/share/home/yuan/SYX/eeg-mi-online/checkpoints/session_multisource_v1/fbcnet/multisource_sub-029_ses01ses02-to-ses-03_seed0.pt,ok,
multisource_0102_to_03,fbcnet,0,sub-030,ses-01+ses-02,ses-03,0,0.605,0.605,0.5480419920478274,0.8536,0.691932737827301,0.4859374875745916,0.2051075193285942,320,80,200,24,/share/home/yuan/SYX/eeg-mi-online/checkpoints/session_multisource_v1/fbcnet/multisource_sub-030_ses01ses02-to-ses-03_seed0.pt,ok,
multisource_0102_to_03,fbcnet,0,sub-031,ses-01+ses-02,ses-03,0,0.635,0.635,0.6234687298517085,0.7028999999999999,0.6793607473373413,0.4704467686484509,0.1391612118482589,320,80,200,13,/share/home/yuan/SYX/eeg-mi-online/checkpoints/session_multisource_v1/fbcnet/multisource_sub-031_ses01ses02-to-ses-03_seed0.pt,ok,
multisource_0102_to_03,fbcnet,0,sub-033,ses-01+ses-02,ses-03,0,0.9,0.9,0.8991833854219176,0.9921,0.2482590526342392,0.1569297054310564,0.0482277128100395,320,80,200,39,/share/home/yuan/SYX/eeg-mi-online/checkpoints/session_multisource_v1/fbcnet/multisource_sub-033_ses01ses02-to-ses-03_seed0.pt,ok,
multisource_0102_to_03,fbcnet,0,sub-034,ses-01+ses-02,ses-03,0,0.565,0.565,0.5235356937484597,0.591,0.8963173031806946,0.6223380499898223,0.2545140820741653,320,80,200,27,/share/home/yuan/SYX/eeg-mi-online/checkpoints/session_multisource_v1/fbcnet/multisource_sub-034_ses01ses02-to-ses-03_seed0.pt,ok,
multisource_0102_to_03,fbcnet,0,sub-035,ses-01+ses-02,ses-03,0,0.9,0.8999999999999999,0.899749373433584,0.9653,0.2506606578826904,0.143646614936141,0.0432060059905052,320,80,200,50,/share/home/yuan/SYX/eeg-mi-online/checkpoints/session_multisource_v1/fbcnet/multisource_sub-035_ses01ses02-to-ses-03_seed0.pt,ok,
multisource_0102_to_03,fbcnet,0,sub-036,ses-01+ses-02,ses-03,0,0.96,0.96,0.95999599959996,0.9863,0.1401442885398864,0.0742379607434981,0.0201466330885887,320,80,200,36,/share/home/yuan/SYX/eeg-mi-online/checkpoints/session_multisource_v1/fbcnet/multisource_sub-036_ses01ses02-to-ses-03_seed0.pt,ok,
multisource_0102_to_03,fbcnet,0,sub-037,ses-01+ses-02,ses-03,0,0.7,0.7,0.6999699969997,0.79,0.6878717541694641,0.4107542048022439,0.1636225700378418,320,80,200,36,/share/home/yuan/SYX/eeg-mi-online/checkpoints/session_multisource_v1/fbcnet/multisource_sub-037_ses01ses02-to-ses-03_seed0.pt,ok,
multisource_0102_to_03,fbcnet,0,sub-038,ses-01+ses-02,ses-03,0,0.475,0.475,0.4563951230876757,0.5167,0.882518470287323,0.6277157589249941,0.2528919929265976,320,80,200,47,/share/home/yuan/SYX/eeg-mi-online/checkpoints/session_multisource_v1/fbcnet/multisource_sub-038_ses01ses02-to-ses-03_seed0.pt,ok,
multisource_0102_to_03,fbcnet,0,sub-039,ses-01+ses-02,ses-03,0,0.525,0.525,0.3939587253995087,0.7306999999999999,1.22589373588562,0.7426126250611815,0.3709526139497757,320,80,200,16,/share/home/yuan/SYX/eeg-mi-online/checkpoints/session_multisource_v1/fbcnet/multisource_sub-039_ses01ses02-to-ses-03_seed0.pt,ok,
multisource_0102_to_03,fbcnet,0,sub-040,ses-01+ses-02,ses-03,0,0.625,0.625,0.6131528046421664,0.7177,0.6357381939888,0.4444159650155869,0.088406790792942,320,80,200,3,/share/home/yuan/SYX/eeg-mi-online/checkpoints/session_multisource_v1/fbcnet/multisource_sub-040_ses01ses02-to-ses-03_seed0.pt,ok,
multisource_0102_to_03,fbcnet,0,sub-041,ses-01+ses-02,ses-03,0,0.875,0.875,0.8749218261413383,0.9582,0.2706353664398193,0.164477508685566,0.0353744289278984,320,80,200,38,/share/home/yuan/SYX/eeg-mi-online/checkpoints/session_multisource_v1/fbcnet/multisource_sub-041_ses01ses02-to-ses-03_seed0.pt,ok,
multisource_0102_to_03,fbcnet,0,sub-042,ses-01+ses-02,ses-03,0,0.655,0.655,0.6524892347208582,0.7277,0.7294482588768005,0.4604911584014188,0.1382807552814483,320,80,200,20,/share/home/yuan/SYX/eeg-mi-online/checkpoints/session_multisource_v1/fbcnet/multisource_sub-042_ses01ses02-to-ses-03_seed0.pt,ok,
multisource_0102_to_03,fbcnet,0,sub-043,ses-01+ses-02,ses-03,0,0.98,0.98,0.98,0.9995,0.0339900106191635,0.0190157444081163,0.0209921371936798,320,80,200,88,/share/home/yuan/SYX/eeg-mi-online/checkpoints/session_multisource_v1/fbcnet/multisource_sub-043_ses01ses02-to-ses-03_seed0.pt,ok,
multisource_0102_to_03,fbcnet,0,sub-044,ses-01+ses-02,ses-03,0,0.535,0.535,0.5250134068796446,0.5743,0.7210031747817993,0.5226134913355888,0.1158051159977912,320,80,200,4,/share/home/yuan/SYX/eeg-mi-online/checkpoints/session_multisource_v1/fbcnet/multisource_sub-044_ses01ses02-to-ses-03_seed0.pt,ok,
multisource_0102_to_03,fbcnet,0,sub-045,ses-01+ses-02,ses-03,0,0.76,0.76,0.7575757575757576,0.8672,0.4925248622894287,0.3244783922242528,0.0902934223413467,320,80,200,38,/share/home/yuan/SYX/eeg-mi-online/checkpoints/session_multisource_v1/fbcnet/multisource_sub-045_ses01ses02-to-ses-03_seed0.pt,ok,
multisource_0102_to_03,fbcnet,0,sub-046,ses-01+ses-02,ses-03,0,0.96,0.96,0.96,0.9884,0.1298562288284301,0.0692299664248633,0.020127976834774,320,80,200,44,/share/home/yuan/SYX/eeg-mi-online/checkpoints/session_multisource_v1/fbcnet/multisource_sub-046_ses01ses02-to-ses-03_seed0.pt,ok,
multisource_0102_to_03,fbcnet,0,sub-047,ses-01+ses-02,ses-03,0,0.81,0.81,0.807224025974026,0.9241,0.3906986117362976,0.2515614865005054,0.067863934636116,320,80,200,26,/share/home/yuan/SYX/eeg-mi-online/checkpoints/session_multisource_v1/fbcnet/multisource_sub-047_ses01ses02-to-ses-03_seed0.pt,ok,
multisource_0102_to_03,fbcnet,0,sub-048,ses-01+ses-02,ses-03,0,0.67,0.67,0.6643271284711627,0.7798,0.6003333330154419,0.4052161868036876,0.095054006576538,320,80,200,19,/share/home/yuan/SYX/eeg-mi-online/checkpoints/session_multisource_v1/fbcnet/multisource_sub-048_ses01ses02-to-ses-03_seed0.pt,ok,
multisource_0102_to_03,fbcnet,0,sub-049,ses-01+ses-02,ses-03,0,0.735,0.735,0.7195099362282025,0.8714,1.1093424558639526,0.4458065696558425,0.1876314365863799,320,80,200,43,/share/home/yuan/SYX/eeg-mi-online/checkpoints/session_multisource_v1/fbcnet/multisource_sub-049_ses01ses02-to-ses-03_seed0.pt,ok,
multisource_0102_to_03,fbcnet,0,sub-050,ses-01+ses-02,ses-03,0,0.895,0.895,0.8949763696831787,0.9594,0.3019776046276092,0.1726984212265586,0.0561734741926193,320,80,200,79,/share/home/yuan/SYX/eeg-mi-online/checkpoints/session_multisource_v1/fbcnet/multisource_sub-050_ses01ses02-to-ses-03_seed0.pt,ok,
multisource_0102_to_03,fbcnet,0,sub-051,ses-01+ses-02,ses-03,0,0.745,0.7450000000000001,0.7439180537772088,0.8585,0.4673613607883453,0.314998789158427,0.0566937062144279,320,80,200,11,/share/home/yuan/SYX/eeg-mi-online/checkpoints/session_multisource_v1/fbcnet/multisource_sub-051_ses01ses02-to-ses-03_seed0.pt,ok,
multisource_0102_to_03,fbcnet,1,sub-001,ses-01+ses-02,ses-03,0,0.705,0.7050000000000001,0.6892692560895326,0.8478,0.5904061794281006,0.3988949490845598,0.1112913039326667,320,80,200,10,/share/home/yuan/SYX/eeg-mi-online/checkpoints/session_multisource_v1/fbcnet/multisource_sub-001_ses01ses02-to-ses-03_seed1.pt,ok,
multisource_0102_to_03,fbcnet,1,sub-002,ses-01+ses-02,ses-03,0,0.55,0.55,0.491180461329715,0.5964999999999999,0.7437654137611389,0.5356408607832813,0.1141486456990241,320,80,200,2,/share/home/yuan/SYX/eeg-mi-online/checkpoints/session_multisource_v1/fbcnet/multisource_sub-002_ses01ses02-to-ses-03_seed1.pt,ok,
multisource_0102_to_03,fbcnet,1,sub-003,ses-01+ses-02,ses-03,0,0.825,0.825,0.8240100565681961,0.9062,0.4046069383621216,0.2523851881405098,0.0526191300153732,320,80,200,23,/share/home/yuan/SYX/eeg-mi-online/checkpoints/session_multisource_v1/fbcnet/multisource_sub-003_ses01ses02-to-ses-03_seed1.pt,ok,
multisource_0102_to_03,fbcnet,1,sub-004,ses-01+ses-02,ses-03,0,0.515,0.515,0.5059967915255532,0.519,0.758911669254303,0.5539509673420422,0.145759819149971,320,80,200,5,/share/home/yuan/SYX/eeg-mi-online/checkpoints/session_multisource_v1/fbcnet/multisource_sub-004_ses01ses02-to-ses-03_seed1.pt,ok,
multisource_0102_to_03,fbcnet,1,sub-005,ses-01+ses-02,ses-03,0,0.82,0.8200000000000001,0.8181818181818181,0.9152,0.4757434129714966,0.2885989412987633,0.1119041123986244,320,80,200,50,/share/home/yuan/SYX/eeg-mi-online/checkpoints/session_multisource_v1/fbcnet/multisource_sub-005_ses01ses02-to-ses-03_seed1.pt,ok,
multisource_0102_to_03,fbcnet,1,sub-006,ses-01+ses-02,ses-03,0,0.905,0.905,0.9045969219954308,0.981,0.2282164692878723,0.1417830146712095,0.0462097752094269,320,80,200,73,/share/home/yuan/SYX/eeg-mi-online/checkpoints/session_multisource_v1/fbcnet/multisource_sub-006_ses01ses02-to-ses-03_seed1.pt,ok,
multisource_0102_to_03,fbcnet,1,sub-007,ses-01+ses-02,ses-03,0,0.545,0.5449999999999999,0.5047753802617616,0.6580999999999999,0.8655241131782532,0.6011073641060344,0.239826078414917,320,80,200,19,/share/home/yuan/SYX/eeg-mi-online/checkpoints/session_multisource_v1/fbcnet/multisource_sub-007_ses01ses02-to-ses-03_seed1.pt,ok,
multisource_0102_to_03,fbcnet,1,sub-008,ses-01+ses-02,ses-03,0,0.53,0.53,0.4171626984126984,0.6353,0.8223994374275208,0.5880092846512284,0.2310240972042083,320,80,200,3,/share/home/yuan/SYX/eeg-mi-online/checkpoints/session_multisource_v1/fbcnet/multisource_sub-008_ses01ses02-to-ses-03_seed1.pt,ok,
multisource_0102_to_03,fbcnet,1,sub-009,ses-01+ses-02,ses-03,0,0.495,0.495,0.3631577288060784,0.5137,1.120352029800415,0.7377655355592347,0.3418959790468215,320,80,200,8,/share/home/yuan/SYX/eeg-mi-online/checkpoints/session_multisource_v1/fbcnet/multisource_sub-009_ses01ses02-to-ses-03_seed1.pt,ok,
multisource_0102_to_03,fbcnet,1,sub-010,ses-01+ses-02,ses-03,0,0.56,0.56,0.537620849096259,0.5678000000000001,1.078267216682434,0.6571739388188348,0.2578282859921456,320,80,200,26,/share/home/yuan/SYX/eeg-mi-online/checkpoints/session_multisource_v1/fbcnet/multisource_sub-010_ses01ses02-to-ses-03_seed1.pt,ok,
multisource_0102_to_03,fbcnet,1,sub-011,ses-01+ses-02,ses-03,0,0.65,0.65,0.64996499649965,0.7288,0.7390338182449341,0.4769697179347422,0.1760813269019127,320,80,200,30,/share/home/yuan/SYX/eeg-mi-online/checkpoints/session_multisource_v1/fbcnet/multisource_sub-011_ses01ses02-to-ses-03_seed1.pt,ok,
multisource_0102_to_03,fbcnet,1,sub-012,ses-01+ses-02,ses-03,0,0.535,0.535,0.426474669297894,0.5979000000000001,0.7355940937995911,0.537247000680732,0.1411731323599815,320,80,200,2,/share/home/yuan/SYX/eeg-mi-online/checkpoints/session_multisource_v1/fbcnet/multisource_sub-012_ses01ses02-to-ses-03_seed1.pt,ok,
multisource_0102_to_03,fbcnet,1,sub-013,ses-01+ses-02,ses-03,0,0.57,0.57,0.5614035087719298,0.6026,0.7417052984237671,0.5323583987711491,0.1207769790291786,320,80,200,31,/share/home/yuan/SYX/eeg-mi-online/checkpoints/session_multisource_v1/fbcnet/multisource_sub-013_ses01ses02-to-ses-03_seed1.pt,ok,
multisource_0102_to_03,fbcnet,1,sub-014,ses-01+ses-02,ses-03,0,0.485,0.485,0.3714721586575133,0.4805,0.8332455158233643,0.6116925872611964,0.2168904128670692,320,80,200,2,/share/home/yuan/SYX/eeg-mi-online/checkpoints/session_multisource_v1/fbcnet/multisource_sub-014_ses01ses02-to-ses-03_seed1.pt,ok,
multisource_0102_to_03,fbcnet,1,sub-015,ses-01+ses-02,ses-03,0,0.5,0.5,0.4926948051948052,0.4918999999999999,0.9239041209220886,0.6211474723484334,0.2069939586520194,320,80,200,14,/share/home/yuan/SYX/eeg-mi-online/checkpoints/session_multisource_v1/fbcnet/multisource_sub-015_ses01ses02-to-ses-03_seed1.pt,ok,
multisource_0102_to_03,fbcnet,1,sub-016,ses-01+ses-02,ses-03,0,0.555,0.5549999999999999,0.5093580308167259,0.5661,0.7294116020202637,0.5282608291980596,0.1039555373787879,320,80,200,2,/share/home/yuan/SYX/eeg-mi-online/checkpoints/session_multisource_v1/fbcnet/multisource_sub-016_ses01ses02-to-ses-03_seed1.pt,ok,
multisource_0102_to_03,fbcnet,1,sub-017,ses-01+ses-02,ses-03,0,0.62,0.62,0.6006725514922235,0.7153999999999999,0.6683045029640198,0.4671491828785409,0.1242257723212242,320,80,200,27,/share/home/yuan/SYX/eeg-mi-online/checkpoints/session_multisource_v1/fbcnet/multisource_sub-017_ses01ses02-to-ses-03_seed1.pt,ok,
multisource_0102_to_03,fbcnet,1,sub-018,ses-01+ses-02,ses-03,0,0.52,0.52,0.4171928120446819,0.5703000000000001,0.9243937730789183,0.6421393072571346,0.2691040533781051,320,80,200,16,/share/home/yuan/SYX/eeg-mi-online/checkpoints/session_multisource_v1/fbcnet/multisource_sub-018_ses01ses02-to-ses-03_seed1.pt,ok,
multisource_0102_to_03,fbcnet,1,sub-019,ses-01+ses-02,ses-03,0,0.59,0.59,0.5792282430213465,0.6004,0.6887128353118896,0.4943418929051363,0.0668126678466797,320,80,200,3,/share/home/yuan/SYX/eeg-mi-online/checkpoints/session_multisource_v1/fbcnet/multisource_sub-019_ses01ses02-to-ses-03_seed1.pt,ok,
multisource_0102_to_03,fbcnet,1,sub-020,ses-01+ses-02,ses-03,0,0.485,0.485,0.3349475383373688,0.3668,2.0200841426849365,0.9184856257968934,0.4362393763661384,320,80,200,22,/share/home/yuan/SYX/eeg-mi-online/checkpoints/session_multisource_v1/fbcnet/multisource_sub-020_ses01ses02-to-ses-03_seed1.pt,ok,
multisource_0102_to_03,fbcnet,1,sub-021,ses-01+ses-02,ses-03,0,0.63,0.63,0.6009060511271707,0.6911,0.8904833793640137,0.5643134670218448,0.2192447397112846,320,80,200,49,/share/home/yuan/SYX/eeg-mi-online/checkpoints/session_multisource_v1/fbcnet/multisource_sub-021_ses01ses02-to-ses-03_seed1.pt,ok,
multisource_0102_to_03,fbcnet,1,sub-022,ses-01+ses-02,ses-03,0,0.555,0.5549999999999999,0.5374100158528028,0.5784,0.8942554593086243,0.6071373143433972,0.2405234137177467,320,80,200,17,/share/home/yuan/SYX/eeg-mi-online/checkpoints/session_multisource_v1/fbcnet/multisource_sub-022_ses01ses02-to-ses-03_seed1.pt,ok,
multisource_0102_to_03,fbcnet,1,sub-025,ses-01+ses-02,ses-03,0,0.5,0.5,0.3333333333333333,0.6024,3.177497625350952,0.9577507165326116,0.4852163684368132,320,80,200,39,/share/home/yuan/SYX/eeg-mi-online/checkpoints/session_multisource_v1/fbcnet/multisource_sub-025_ses01ses02-to-ses-03_seed1.pt,ok,
multisource_0102_to_03,fbcnet,1,sub-027,ses-01+ses-02,ses-03,0,0.58,0.58,0.51338199513382,0.688,0.9304633140563964,0.5991695770568516,0.2415073353052139,320,80,200,30,/share/home/yuan/SYX/eeg-mi-online/checkpoints/session_multisource_v1/fbcnet/multisource_sub-027_ses01ses02-to-ses-03_seed1.pt,ok,
multisource_0102_to_03,fbcnet,1,sub-028,ses-01+ses-02,ses-03,0,0.745,0.745,0.7326413462294565,0.9224,0.5877484679222107,0.3723258717542386,0.1602636930346488,320,80,200,45,/share/home/yuan/SYX/eeg-mi-online/checkpoints/session_multisource_v1/fbcnet/multisource_sub-028_ses01ses02-to-ses-03_seed1.pt,ok,
multisource_0102_to_03,fbcnet,1,sub-029,ses-01+ses-02,ses-03,0,0.975,0.975,0.9749843652282676,0.9882,0.1463940590620041,0.0490724361004132,0.0282259115576744,320,80,200,49,/share/home/yuan/SYX/eeg-mi-online/checkpoints/session_multisource_v1/fbcnet/multisource_sub-029_ses01ses02-to-ses-03_seed1.pt,ok,
multisource_0102_to_03,fbcnet,1,sub-030,ses-01+ses-02,ses-03,0,0.66,0.66,0.6332650199546974,0.8325,0.699504554271698,0.4666617148365561,0.1727418491244316,320,80,200,46,/share/home/yuan/SYX/eeg-mi-online/checkpoints/session_multisource_v1/fbcnet/multisource_sub-030_ses01ses02-to-ses-03_seed1.pt,ok,
multisource_0102_to_03,fbcnet,1,sub-031,ses-01+ses-02,ses-03,0,0.625,0.625,0.5966766153101557,0.7232,0.7173864841461182,0.4927097492236397,0.1347040119767188,320,80,200,22,/share/home/yuan/SYX/eeg-mi-online/checkpoints/session_multisource_v1/fbcnet/multisource_sub-031_ses01ses02-to-ses-03_seed1.pt,ok,
multisource_0102_to_03,fbcnet,1,sub-033,ses-01+ses-02,ses-03,0,0.96,0.96,0.959983993597439,0.9886,0.1496956646442413,0.0817536463029343,0.0344701761007309,320,80,200,26,/share/home/yuan/SYX/eeg-mi-online/checkpoints/session_multisource_v1/fbcnet/multisource_sub-033_ses01ses02-to-ses-03_seed1.pt,ok,
multisource_0102_to_03,fbcnet,1,sub-034,ses-01+ses-02,ses-03,0,0.55,0.55,0.5444883085332524,0.5823,0.8547385931015015,0.6010644601564598,0.2362564200162887,320,80,200,35,/share/home/yuan/SYX/eeg-mi-online/checkpoints/session_multisource_v1/fbcnet/multisource_sub-034_ses01ses02-to-ses-03_seed1.pt,ok,
multisource_0102_to_03,fbcnet,1,sub-035,ses-01+ses-02,ses-03,0,0.9,0.9,0.8999099189270343,0.9536,0.3106597065925598,0.1649444750535376,0.0539187383651733,320,80,200,49,/share/home/yuan/SYX/eeg-mi-online/checkpoints/session_multisource_v1/fbcnet/multisource_sub-035_ses01ses02-to-ses-03_seed1.pt,ok,
multisource_0102_to_03,fbcnet,1,sub-036,ses-01+ses-02,ses-03,0,0.925,0.925,0.924908012315086,0.9783,0.1948351263999939,0.1005537177362455,0.0240792751312255,320,80,200,27,/share/home/yuan/SYX/eeg-mi-online/checkpoints/session_multisource_v1/fbcnet/multisource_sub-036_ses01ses02-to-ses-03_seed1.pt,ok,
multisource_0102_to_03,fbcnet,1,sub-037,ses-01+ses-02,ses-03,0,0.65,0.6499999999999999,0.6153846153846154,0.8122000000000001,0.7098830938339233,0.4650274062716438,0.1602223214507103,320,80,200,18,/share/home/yuan/SYX/eeg-mi-online/checkpoints/session_multisource_v1/fbcnet/multisource_sub-037_ses01ses02-to-ses-03_seed1.pt,ok,
multisource_0102_to_03,fbcnet,1,sub-038,ses-01+ses-02,ses-03,0,0.535,0.535,0.5349883747093678,0.5142,0.822486400604248,0.5944082602486067,0.1852382320165634,320,80,200,34,/share/home/yuan/SYX/eeg-mi-online/checkpoints/session_multisource_v1/fbcnet/multisource_sub-038_ses01ses02-to-ses-03_seed1.pt,ok,
multisource_0102_to_03,fbcnet,1,sub-039,ses-01+ses-02,ses-03,0,0.62,0.62,0.6198479391756703,0.7058,0.6143895983695984,0.4312831242773718,0.0892809143662452,320,80,200,6,/share/home/yuan/SYX/eeg-mi-online/checkpoints/session_multisource_v1/fbcnet/multisource_sub-039_ses01ses02-to-ses-03_seed1.pt,ok,
multisource_0102_to_03,fbcnet,1,sub-040,ses-01+ses-02,ses-03,0,0.745,0.745,0.7444825772188681,0.8298,0.5239675045013428,0.3529335181889994,0.0944737660884857,320,80,200,29,/share/home/yuan/SYX/eeg-mi-online/checkpoints/session_multisource_v1/fbcnet/multisource_sub-040_ses01ses02-to-ses-03_seed1.pt,ok,
multisource_0102_to_03,fbcnet,1,sub-041,ses-01+ses-02,ses-03,0,0.825,0.825,0.822654607179955,0.9279,0.3971208333969116,0.2533371141458118,0.0747140276432037,320,80,200,25,/share/home/yuan/SYX/eeg-mi-online/checkpoints/session_multisource_v1/fbcnet/multisource_sub-041_ses01ses02-to-ses-03_seed1.pt,ok,
multisource_0102_to_03,fbcnet,1,sub-042,ses-01+ses-02,ses-03,0,0.63,0.63,0.6269785260610949,0.6959,0.8388461470603943,0.5225860430101453,0.2239793813228607,320,80,200,21,/share/home/yuan/SYX/eeg-mi-online/checkpoints/session_multisource_v1/fbcnet/multisource_sub-042_ses01ses02-to-ses-03_seed1.pt,ok,
multisource_0102_to_03,fbcnet,1,sub-043,ses-01+ses-02,ses-03,0,1.0,1.0,1.0,1.0,0.0160751901566982,0.0043059675412309,0.0146969732642173,320,80,200,84,/share/home/yuan/SYX/eeg-mi-online/checkpoints/session_multisource_v1/fbcnet/multisource_sub-043_ses01ses02-to-ses-03_seed1.pt,ok,
multisource_0102_to_03,fbcnet,1,sub-044,ses-01+ses-02,ses-03,0,0.56,0.56,0.548440065681445,0.5944,0.6954582929611206,0.4997529877455908,0.0787527364492416,320,80,200,2,/share/home/yuan/SYX/eeg-mi-online/checkpoints/session_multisource_v1/fbcnet/multisource_sub-044_ses01ses02-to-ses-03_seed1.pt,ok,
multisource_0102_to_03,fbcnet,1,sub-045,ses-01+ses-02,ses-03,0,0.775,0.775,0.7719844949456562,0.8287000000000001,0.6202216744422913,0.3681455552047379,0.1255760911107063,320,80,200,49,/share/home/yuan/SYX/eeg-mi-online/checkpoints/session_multisource_v1/fbcnet/multisource_sub-045_ses01ses02-to-ses-03_seed1.pt,ok,
multisource_0102_to_03,fbcnet,1,sub-046,ses-01+ses-02,ses-03,0,0.955,0.955,0.9549898727213624,0.9932,0.1128982156515121,0.0668224172054371,0.0366763341426849,320,80,200,100,/share/home/yuan/SYX/eeg-mi-online/checkpoints/session_multisource_v1/fbcnet/multisource_sub-046_ses01ses02-to-ses-03_seed1.pt,ok,
multisource_0102_to_03,fbcnet,1,sub-047,ses-01+ses-02,ses-03,0,0.825,0.825,0.8242574878863197,0.9046,0.4144208431243896,0.2414297177714054,0.0767675778269767,320,80,200,36,/share/home/yuan/SYX/eeg-mi-online/checkpoints/session_multisource_v1/fbcnet/multisource_sub-047_ses01ses02-to-ses-03_seed1.pt,ok,
multisource_0102_to_03,fbcnet,1,sub-048,ses-01+ses-02,ses-03,0,0.58,0.58,0.5091164095371669,0.7417,0.8472011089324951,0.5802680431612778,0.2385110840201377,320,80,200,18,/share/home/yuan/SYX/eeg-mi-online/checkpoints/session_multisource_v1/fbcnet/multisource_sub-048_ses01ses02-to-ses-03_seed1.pt,ok,
multisource_0102_to_03,fbcnet,1,sub-049,ses-01+ses-02,ses-03,0,0.68,0.6799999999999999,0.6459785374488329,0.8979,1.6736249923706057,0.5416683509616563,0.265177437365055,320,80,200,78,/share/home/yuan/SYX/eeg-mi-online/checkpoints/session_multisource_v1/fbcnet/multisource_sub-049_ses01ses02-to-ses-03_seed1.pt,ok,
multisource_0102_to_03,fbcnet,1,sub-050,ses-01+ses-02,ses-03,0,0.88,0.88,0.8798919027124412,0.9461,0.3583966195583343,0.2028192470546999,0.0795025297999382,320,80,200,45,/share/home/yuan/SYX/eeg-mi-online/checkpoints/session_multisource_v1/fbcnet/multisource_sub-050_ses01ses02-to-ses-03_seed1.pt,ok,
multisource_0102_to_03,fbcnet,1,sub-051,ses-01+ses-02,ses-03,0,0.79,0.79,0.788647342995169,0.8643,0.4838603138923645,0.314348638957928,0.0870619648694992,320,80,200,21,/share/home/yuan/SYX/eeg-mi-online/checkpoints/session_multisource_v1/fbcnet/multisource_sub-051_ses01ses02-to-ses-03_seed1.pt,ok,
multisource_0102_to_03,fbcnet,2,sub-001,ses-01+ses-02,ses-03,0,0.8,0.8,0.797077922077922,0.8902,0.4954576790332794,0.2998764181849085,0.0832017931342125,320,80,200,33,/share/home/yuan/SYX/eeg-mi-online/checkpoints/session_multisource_v1/fbcnet/multisource_sub-001_ses01ses02-to-ses-03_seed2.pt,ok,
multisource_0102_to_03,fbcnet,2,sub-002,ses-01+ses-02,ses-03,0,0.575,0.575,0.5731967562953478,0.6008,0.7259088158607483,0.5101983325299864,0.0938295722007751,320,80,200,3,/share/home/yuan/SYX/eeg-mi-online/checkpoints/session_multisource_v1/fbcnet/multisource_sub-002_ses01ses02-to-ses-03_seed2.pt,ok,
multisource_0102_to_03,fbcnet,2,sub-003,ses-01+ses-02,ses-03,0,0.84,0.84,0.8399359743897559,0.9066,0.5207679271697998,0.2438621142644708,0.0721096670627594,320,80,200,72,/share/home/yuan/SYX/eeg-mi-online/checkpoints/session_multisource_v1/fbcnet/multisource_sub-003_ses01ses02-to-ses-03_seed2.pt,ok,
multisource_0102_to_03,fbcnet,2,sub-004,ses-01+ses-02,ses-03,0,0.55,0.55,0.54226426609704,0.5519999999999999,0.7422354221343994,0.5341208907278837,0.0915283533930778,320,80,200,2,/share/home/yuan/SYX/eeg-mi-online/checkpoints/session_multisource_v1/fbcnet/multisource_sub-004_ses01ses02-to-ses-03_seed2.pt,ok,
multisource_0102_to_03,fbcnet,2,sub-005,ses-01+ses-02,ses-03,0,0.815,0.815,0.8146246148450612,0.9207,0.3664282262325287,0.2327333474931462,0.069173474907875,320,80,200,29,/share/home/yuan/SYX/eeg-mi-online/checkpoints/session_multisource_v1/fbcnet/multisource_sub-005_ses01ses02-to-ses-03_seed2.pt,ok,
multisource_0102_to_03,fbcnet,2,sub-006,ses-01+ses-02,ses-03,0,0.885,0.885,0.8834587418611133,0.9894,0.3115686178207397,0.1830961457729304,0.0755934607982635,320,80,200,69,/share/home/yuan/SYX/eeg-mi-online/checkpoints/session_multisource_v1/fbcnet/multisource_sub-006_ses01ses02-to-ses-03_seed2.pt,ok,
multisource_0102_to_03,fbcnet,2,sub-007,ses-01+ses-02,ses-03,0,0.535,0.535,0.4490358126721763,0.6124,0.853395938873291,0.5982329760056156,0.225769327878952,320,80,200,9,/share/home/yuan/SYX/eeg-mi-online/checkpoints/session_multisource_v1/fbcnet/multisource_sub-007_ses01ses02-to-ses-03_seed2.pt,ok,
multisource_0102_to_03,fbcnet,2,sub-008,ses-01+ses-02,ses-03,0,0.725,0.7250000000000001,0.7163120567375887,0.8147,0.6020634770393372,0.3816287537571722,0.0968975606560706,320,80,200,40,/share/home/yuan/SYX/eeg-mi-online/checkpoints/session_multisource_v1/fbcnet/multisource_sub-008_ses01ses02-to-ses-03_seed2.pt,ok,
multisource_0102_to_03,fbcnet,2,sub-009,ses-01+ses-02,ses-03,0,0.515,0.515,0.4753211629479378,0.5352000000000001,0.9848440289497375,0.6562048443900946,0.2749497273564338,320,80,200,17,/share/home/yuan/SYX/eeg-mi-online/checkpoints/session_multisource_v1/fbcnet/multisource_sub-009_ses01ses02-to-ses-03_seed2.pt,ok,
multisource_0102_to_03,fbcnet,2,sub-010,ses-01+ses-02,ses-03,0,0.605,0.605,0.5858562029828838,0.5888,1.004044532775879,0.6074326426808068,0.2549985882639884,320,80,200,26,/share/home/yuan/SYX/eeg-mi-online/checkpoints/session_multisource_v1/fbcnet/multisource_sub-010_ses01ses02-to-ses-03_seed2.pt,ok,
multisource_0102_to_03,fbcnet,2,sub-011,ses-01+ses-02,ses-03,0,0.665,0.665,0.6612654516039334,0.7571,0.927509605884552,0.5164933349424686,0.2122329491376877,320,80,200,81,/share/home/yuan/SYX/eeg-mi-online/checkpoints/session_multisource_v1/fbcnet/multisource_sub-011_ses01ses02-to-ses-03_seed2.pt,ok,
multisource_0102_to_03,fbcnet,2,sub-012,ses-01+ses-02,ses-03,0,0.495,0.495,0.4016410438697829,0.5279,0.8412144184112549,0.6139400686099054,0.2255021798610687,320,80,200,2,/share/home/yuan/SYX/eeg-mi-online/checkpoints/session_multisource_v1/fbcnet/multisource_sub-012_ses01ses02-to-ses-03_seed2.pt,ok,
multisource_0102_to_03,fbcnet,2,sub-013,ses-01+ses-02,ses-03,0,0.545,0.5449999999999999,0.5352281723230929,0.5367000000000001,0.7238573431968689,0.525055559257993,0.0744824585318565,320,80,200,8,/share/home/yuan/SYX/eeg-mi-online/checkpoints/session_multisource_v1/fbcnet/multisource_sub-013_ses01ses02-to-ses-03_seed2.pt,ok,
multisource_0102_to_03,fbcnet,2,sub-014,ses-01+ses-02,ses-03,0,0.47,0.47,0.4542271650705386,0.499,0.7380967736244202,0.5388913574881183,0.1668206945061683,320,80,200,1,/share/home/yuan/SYX/eeg-mi-online/checkpoints/session_multisource_v1/fbcnet/multisource_sub-014_ses01ses02-to-ses-03_seed2.pt,ok,
multisource_0102_to_03,fbcnet,2,sub-015,ses-01+ses-02,ses-03,0,0.495,0.495,0.4503550923784386,0.4702,1.0985047817230225,0.6678031390203136,0.2696841543912888,320,80,200,15,/share/home/yuan/SYX/eeg-mi-online/checkpoints/session_multisource_v1/fbcnet/multisource_sub-015_ses01ses02-to-ses-03_seed2.pt,ok,
multisource_0102_to_03,fbcnet,2,sub-016,ses-01+ses-02,ses-03,0,0.515,0.515,0.4753211629479378,0.5157,0.7450512051582336,0.5443187246907407,0.1309670874476433,320,80,200,2,/share/home/yuan/SYX/eeg-mi-online/checkpoints/session_multisource_v1/fbcnet/multisource_sub-016_ses01ses02-to-ses-03_seed2.pt,ok,
multisource_0102_to_03,fbcnet,2,sub-017,ses-01+ses-02,ses-03,0,0.545,0.545,0.4658213730151742,0.6109000000000001,0.7280914187431335,0.5292200073847174,0.1327324217557907,320,80,200,5,/share/home/yuan/SYX/eeg-mi-online/checkpoints/session_multisource_v1/fbcnet/multisource_sub-017_ses01ses02-to-ses-03_seed2.pt,ok,
multisource_0102_to_03,fbcnet,2,sub-018,ses-01+ses-02,ses-03,0,0.57,0.57,0.5388245388245388,0.6213999999999998,0.7180066108703613,0.5116051130366899,0.1046915617585182,320,80,200,17,/share/home/yuan/SYX/eeg-mi-online/checkpoints/session_multisource_v1/fbcnet/multisource_sub-018_ses01ses02-to-ses-03_seed2.pt,ok,
multisource_0102_to_03,fbcnet,2,sub-019,ses-01+ses-02,ses-03,0,0.515,0.515,0.3883792048929663,0.5652,0.8259952664375305,0.6006247899335303,0.2139894542098045,320,80,200,6,/share/home/yuan/SYX/eeg-mi-online/checkpoints/session_multisource_v1/fbcnet/multisource_sub-019_ses01ses02-to-ses-03_seed2.pt,ok,
multisource_0102_to_03,fbcnet,2,sub-020,ses-01+ses-02,ses-03,0,0.49,0.49,0.3288590604026846,0.4119,4.090661525726318,0.9898438979678384,0.499342642724514,320,80,200,62,/share/home/yuan/SYX/eeg-mi-online/checkpoints/session_multisource_v1/fbcnet/multisource_sub-020_ses01ses02-to-ses-03_seed2.pt,ok,
multisource_0102_to_03,fbcnet,2,sub-021,ses-01+ses-02,ses-03,0,0.65,0.65,0.6457131288591963,0.6758,0.6754199266433716,0.4692873664818363,0.0949245202541351,320,80,200,18,/share/home/yuan/SYX/eeg-mi-online/checkpoints/session_multisource_v1/fbcnet/multisource_sub-021_ses01ses02-to-ses-03_seed2.pt,ok,
multisource_0102_to_03,fbcnet,2,sub-022,ses-01+ses-02,ses-03,0,0.53,0.53,0.5176518883415435,0.5984999999999999,0.767737865447998,0.5447105579980007,0.1751848015189171,320,80,200,13,/share/home/yuan/SYX/eeg-mi-online/checkpoints/session_multisource_v1/fbcnet/multisource_sub-022_ses01ses02-to-ses-03_seed2.pt,ok,
multisource_0102_to_03,fbcnet,2,sub-025,ses-01+ses-02,ses-03,0,0.5,0.5,0.3420186866692986,0.6558,3.042881727218628,0.9713967916996256,0.4916617789864539,320,80,200,41,/share/home/yuan/SYX/eeg-mi-online/checkpoints/session_multisource_v1/fbcnet/multisource_sub-025_ses01ses02-to-ses-03_seed2.pt,ok,
multisource_0102_to_03,fbcnet,2,sub-027,ses-01+ses-02,ses-03,0,0.52,0.52,0.3762993762993762,0.6332,1.174891233444214,0.7217561927049202,0.3488958185911178,320,80,200,13,/share/home/yuan/SYX/eeg-mi-online/checkpoints/session_multisource_v1/fbcnet/multisource_sub-027_ses01ses02-to-ses-03_seed2.pt,ok,
multisource_0102_to_03,fbcnet,2,sub-028,ses-01+ses-02,ses-03,0,0.765,0.7649999999999999,0.7575757575757576,0.9138,0.5122675895690918,0.3358664992111533,0.1096166485548019,320,80,200,37,/share/home/yuan/SYX/eeg-mi-online/checkpoints/session_multisource_v1/fbcnet/multisource_sub-028_ses01ses02-to-ses-03_seed2.pt,ok,
multisource_0102_to_03,fbcnet,2,sub-029,ses-01+ses-02,ses-03,0,0.92,0.92,0.9196060697417344,0.9893,0.2176641225814819,0.1290118280098746,0.0374482613801956,320,80,200,50,/share/home/yuan/SYX/eeg-mi-online/checkpoints/session_multisource_v1/fbcnet/multisource_sub-029_ses01ses02-to-ses-03_seed2.pt,ok,
multisource_0102_to_03,fbcnet,2,sub-030,ses-01+ses-02,ses-03,0,0.82,0.82,0.82,0.8764000000000001,0.441845029592514,0.2814445790242524,0.0647576934099197,320,80,200,24,/share/home/yuan/SYX/eeg-mi-online/checkpoints/session_multisource_v1/fbcnet/multisource_sub-030_ses01ses02-to-ses-03_seed2.pt,ok,
multisource_0102_to_03,fbcnet,2,sub-031,ses-01+ses-02,ses-03,0,0.54,0.54,0.4910941475826972,0.6696,0.7707799673080444,0.543825422524124,0.2043802815675735,320,80,200,11,/share/home/yuan/SYX/eeg-mi-online/checkpoints/session_multisource_v1/fbcnet/multisource_sub-031_ses01ses02-to-ses-03_seed2.pt,ok,
multisource_0102_to_03,fbcnet,2,sub-033,ses-01+ses-02,ses-03,0,0.93,0.93,0.92974708952228,0.9906,0.1830207705497741,0.1175221047021075,0.0463446727395057,320,80,200,36,/share/home/yuan/SYX/eeg-mi-online/checkpoints/session_multisource_v1/fbcnet/multisource_sub-033_ses01ses02-to-ses-03_seed2.pt,ok,
multisource_0102_to_03,fbcnet,2,sub-034,ses-01+ses-02,ses-03,0,0.56,0.56,0.5584102769971899,0.5726,0.8975721597671509,0.6087718114641953,0.2081334948539733,320,80,200,43,/share/home/yuan/SYX/eeg-mi-online/checkpoints/session_multisource_v1/fbcnet/multisource_sub-034_ses01ses02-to-ses-03_seed2.pt,ok,
multisource_0102_to_03,fbcnet,2,sub-035,ses-01+ses-02,ses-03,0,0.88,0.88,0.87998799879988,0.9523,0.3032278716564178,0.1753740514045561,0.0542556968331336,320,80,200,46,/share/home/yuan/SYX/eeg-mi-online/checkpoints/session_multisource_v1/fbcnet/multisource_sub-035_ses01ses02-to-ses-03_seed2.pt,ok,
multisource_0102_to_03,fbcnet,2,sub-036,ses-01+ses-02,ses-03,0,0.94,0.94,0.9399759903961584,0.9788,0.1736029833555221,0.0821993070719223,0.0233538061380386,320,80,200,41,/share/home/yuan/SYX/eeg-mi-online/checkpoints/session_multisource_v1/fbcnet/multisource_sub-036_ses01ses02-to-ses-03_seed2.pt,ok,
multisource_0102_to_03,fbcnet,2,sub-037,ses-01+ses-02,ses-03,0,0.7,0.7,0.6910719802286067,0.8141,0.6718347668647766,0.4209788117308481,0.1288985884189605,320,80,200,64,/share/home/yuan/SYX/eeg-mi-online/checkpoints/session_multisource_v1/fbcnet/multisource_sub-037_ses01ses02-to-ses-03_seed2.pt,ok,
multisource_0102_to_03,fbcnet,2,sub-038,ses-01+ses-02,ses-03,0,0.55,0.55,0.491180461329715,0.4702999999999999,0.7480809092521667,0.5485786392000902,0.179128220975399,320,80,200,3,/share/home/yuan/SYX/eeg-mi-online/checkpoints/session_multisource_v1/fbcnet/multisource_sub-038_ses01ses02-to-ses-03_seed2.pt,ok,
multisource_0102_to_03,fbcnet,2,sub-039,ses-01+ses-02,ses-03,0,0.52,0.52,0.4047619047619047,0.7158,1.0947020053863523,0.6899937972065664,0.3404929551482201,320,80,200,15,/share/home/yuan/SYX/eeg-mi-online/checkpoints/session_multisource_v1/fbcnet/multisource_sub-039_ses01ses02-to-ses-03_seed2.pt,ok,
multisource_0102_to_03,fbcnet,2,sub-040,ses-01+ses-02,ses-03,0,0.725,0.7250000000000001,0.7238331952499311,0.822,0.5565894842147827,0.3636278410243154,0.1005471441149711,320,80,200,31,/share/home/yuan/SYX/eeg-mi-online/checkpoints/session_multisource_v1/fbcnet/multisource_sub-040_ses01ses02-to-ses-03_seed2.pt,ok,
multisource_0102_to_03,fbcnet,2,sub-041,ses-01+ses-02,ses-03,0,0.86,0.86,0.8599439775910365,0.9402,0.3170652687549591,0.1978491253333655,0.0456488892436027,320,80,200,33,/share/home/yuan/SYX/eeg-mi-online/checkpoints/session_multisource_v1/fbcnet/multisource_sub-041_ses01ses02-to-ses-03_seed2.pt,ok,
multisource_0102_to_03,fbcnet,2,sub-042,ses-01+ses-02,ses-03,0,0.665,0.665,0.6635786196680977,0.7148000000000001,0.9272752404212952,0.4997618472189586,0.1808977052569389,320,80,200,45,/share/home/yuan/SYX/eeg-mi-online/checkpoints/session_multisource_v1/fbcnet/multisource_sub-042_ses01ses02-to-ses-03_seed2.pt,ok,
multisource_0102_to_03,fbcnet,2,sub-043,ses-01+ses-02,ses-03,0,0.99,0.99,0.99,0.9997,0.0355831906199455,0.0161515869347509,0.0265808486938476,320,80,200,56,/share/home/yuan/SYX/eeg-mi-online/checkpoints/session_multisource_v1/fbcnet/multisource_sub-043_ses01ses02-to-ses-03_seed2.pt,ok,
multisource_0102_to_03,fbcnet,2,sub-044,ses-01+ses-02,ses-03,0,0.545,0.545,0.536553691018818,0.5845,0.7062381505966187,0.5100371713251431,0.0936986288428306,320,80,200,3,/share/home/yuan/SYX/eeg-mi-online/checkpoints/session_multisource_v1/fbcnet/multisource_sub-044_ses01ses02-to-ses-03_seed2.pt,ok,
multisource_0102_to_03,fbcnet,2,sub-045,ses-01+ses-02,ses-03,0,0.69,0.69,0.6899689968996899,0.8165,0.5175920724868774,0.3500342242134621,0.0817239198088646,320,80,200,8,/share/home/yuan/SYX/eeg-mi-online/checkpoints/session_multisource_v1/fbcnet/multisource_sub-045_ses01ses02-to-ses-03_seed2.pt,ok,
multisource_0102_to_03,fbcnet,2,sub-046,ses-01+ses-02,ses-03,0,0.955,0.955,0.9549898727213624,0.9906,0.1264618337154388,0.0713642710892127,0.0226430186629295,320,80,200,36,/share/home/yuan/SYX/eeg-mi-online/checkpoints/session_multisource_v1/fbcnet/multisource_sub-046_ses01ses02-to-ses-03_seed2.pt,ok,
multisource_0102_to_03,fbcnet,2,sub-047,ses-01+ses-02,ses-03,0,0.8,0.8,0.7960016319869441,0.8919,0.4389048814773559,0.2878483164783283,0.0622436666488647,320,80,200,20,/share/home/yuan/SYX/eeg-mi-online/checkpoints/session_multisource_v1/fbcnet/multisource_sub-047_ses01ses02-to-ses-03_seed2.pt,ok,
multisource_0102_to_03,fbcnet,2,sub-048,ses-01+ses-02,ses-03,0,0.58,0.58,0.51338199513382,0.7009,0.9726068377494812,0.6160878749309079,0.2562418812513351,320,80,200,31,/share/home/yuan/SYX/eeg-mi-online/checkpoints/session_multisource_v1/fbcnet/multisource_sub-048_ses01ses02-to-ses-03_seed2.pt,ok,
multisource_0102_to_03,fbcnet,2,sub-049,ses-01+ses-02,ses-03,0,0.775,0.7749999999999999,0.766106187790743,0.9047,0.894766092300415,0.3787730177297042,0.1720270910859108,320,80,200,42,/share/home/yuan/SYX/eeg-mi-online/checkpoints/session_multisource_v1/fbcnet/multisource_sub-049_ses01ses02-to-ses-03_seed2.pt,ok,
multisource_0102_to_03,fbcnet,2,sub-050,ses-01+ses-02,ses-03,0,0.875,0.875,0.8749718686704508,0.9386,0.3619816601276397,0.206480951321683,0.0960214963555336,320,80,200,33,/share/home/yuan/SYX/eeg-mi-online/checkpoints/session_multisource_v1/fbcnet/multisource_sub-050_ses01ses02-to-ses-03_seed2.pt,ok,
multisource_0102_to_03,fbcnet,2,sub-051,ses-01+ses-02,ses-03,0,0.795,0.7949999999999999,0.7935080959935534,0.9157,0.4081516563892364,0.267440327571831,0.0986764860153198,320,80,200,46,/share/home/yuan/SYX/eeg-mi-online/checkpoints/session_multisource_v1/fbcnet/multisource_sub-051_ses01ses02-to-ses-03_seed2.pt,ok,
multisource_0102_to_03,fbcnet,3,sub-001,ses-01+ses-02,ses-03,0,0.835,0.835,0.8349628666449951,0.9112,0.3922019302845001,0.2431789331810392,0.0735629710555076,320,80,200,37,/share/home/yuan/SYX/eeg-mi-online/checkpoints/session_multisource_v1/fbcnet/multisource_sub-001_ses01ses02-to-ses-03_seed3.pt,ok,
multisource_0102_to_03,fbcnet,3,sub-002,ses-01+ses-02,ses-03,0,0.48,0.48,0.4766505636070853,0.4778999999999999,0.7926774621009827,0.5779047347786955,0.1700913369655609,320,80,200,4,/share/home/yuan/SYX/eeg-mi-online/checkpoints/session_multisource_v1/fbcnet/multisource_sub-002_ses01ses02-to-ses-03_seed3.pt,ok,
multisource_0102_to_03,fbcnet,3,sub-003,ses-01+ses-02,ses-03,0,0.755,0.755,0.748143198581378,0.8945,0.5909473299980164,0.3423119870884699,0.1191147026419639,320,80,200,43,/share/home/yuan/SYX/eeg-mi-online/checkpoints/session_multisource_v1/fbcnet/multisource_sub-003_ses01ses02-to-ses-03_seed3.pt,ok,
multisource_0102_to_03,fbcnet,3,sub-004,ses-01+ses-02,ses-03,0,0.525,0.5249999999999999,0.5235587652649264,0.5406,0.7296019792556763,0.5277121828790946,0.0924180260300636,320,80,200,5,/share/home/yuan/SYX/eeg-mi-online/checkpoints/session_multisource_v1/fbcnet/multisource_sub-004_ses01ses02-to-ses-03_seed3.pt,ok,
multisource_0102_to_03,fbcnet,3,sub-005,ses-01+ses-02,ses-03,0,0.82,0.8200000000000001,0.8199279711884754,0.9107999999999998,0.4621235728263855,0.2819017782679372,0.1078599819540977,320,80,200,41,/share/home/yuan/SYX/eeg-mi-online/checkpoints/session_multisource_v1/fbcnet/multisource_sub-005_ses01ses02-to-ses-03_seed3.pt,ok,
multisource_0102_to_03,fbcnet,3,sub-006,ses-01+ses-02,ses-03,0,0.89,0.89,0.8888888888888888,0.9863,0.3314804434776306,0.1842886469618162,0.0723482266068458,320,80,200,90,/share/home/yuan/SYX/eeg-mi-online/checkpoints/session_multisource_v1/fbcnet/multisource_sub-006_ses01ses02-to-ses-03_seed3.pt,ok,
multisource_0102_to_03,fbcnet,3,sub-007,ses-01+ses-02,ses-03,0,0.57,0.57,0.5361881134721174,0.6045,0.7444310784339905,0.5339748243147069,0.1184348168969154,320,80,200,8,/share/home/yuan/SYX/eeg-mi-online/checkpoints/session_multisource_v1/fbcnet/multisource_sub-007_ses01ses02-to-ses-03_seed3.pt,ok,
multisource_0102_to_03,fbcnet,3,sub-008,ses-01+ses-02,ses-03,0,0.74,0.74,0.7393483709273183,0.8036,0.5651808381080627,0.3687105738253629,0.0748795539140701,320,80,200,31,/share/home/yuan/SYX/eeg-mi-online/checkpoints/session_multisource_v1/fbcnet/multisource_sub-008_ses01ses02-to-ses-03_seed3.pt,ok,
multisource_0102_to_03,fbcnet,3,sub-009,ses-01+ses-02,ses-03,0,0.515,0.515,0.4018069131386636,0.6025,1.2342722415924072,0.7557042635036904,0.3624561098217964,320,80,200,20,/share/home/yuan/SYX/eeg-mi-online/checkpoints/session_multisource_v1/fbcnet/multisource_sub-009_ses01ses02-to-ses-03_seed3.pt,ok,
multisource_0102_to_03,fbcnet,3,sub-010,ses-01+ses-02,ses-03,0,0.53,0.53,0.5252525252525253,0.5588000000000001,0.8060913681983948,0.5710509763451364,0.1754570335149765,320,80,200,11,/share/home/yuan/SYX/eeg-mi-online/checkpoints/session_multisource_v1/fbcnet/multisource_sub-010_ses01ses02-to-ses-03_seed3.pt,ok,
multisource_0102_to_03,fbcnet,3,sub-011,ses-01+ses-02,ses-03,0,0.715,0.7150000000000001,0.7133878064110623,0.8002,0.6629499197006226,0.4013317662986011,0.1289110714197159,320,80,200,49,/share/home/yuan/SYX/eeg-mi-online/checkpoints/session_multisource_v1/fbcnet/multisource_sub-011_ses01ses02-to-ses-03_seed3.pt,ok,
multisource_0102_to_03,fbcnet,3,sub-012,ses-01+ses-02,ses-03,0,0.475,0.475,0.3779436594685861,0.4974999999999999,0.7946211099624634,0.5860753627454335,0.1990903675556183,320,80,200,4,/share/home/yuan/SYX/eeg-mi-online/checkpoints/session_multisource_v1/fbcnet/multisource_sub-012_ses01ses02-to-ses-03_seed3.pt,ok,
multisource_0102_to_03,fbcnet,3,sub-013,ses-01+ses-02,ses-03,0,0.55,0.55,0.51171875,0.6014,0.7432897090911865,0.5370989038453351,0.1453641924262047,320,80,200,21,/share/home/yuan/SYX/eeg-mi-online/checkpoints/session_multisource_v1/fbcnet/multisource_sub-013_ses01ses02-to-ses-03_seed3.pt,ok,
multisource_0102_to_03,fbcnet,3,sub-014,ses-01+ses-02,ses-03,0,0.5,0.5,0.3420186866692986,0.5188,0.951988160610199,0.6834183150208568,0.3002487739920616,320,80,200,4,/share/home/yuan/SYX/eeg-mi-online/checkpoints/session_multisource_v1/fbcnet/multisource_sub-014_ses01ses02-to-ses-03_seed3.pt,ok,
multisource_0102_to_03,fbcnet,3,sub-015,ses-01+ses-02,ses-03,0,0.5,0.5,0.4959169271095877,0.5014,1.0166969299316406,0.6455479001797522,0.2451540046930313,320,80,200,11,/share/home/yuan/SYX/eeg-mi-online/checkpoints/session_multisource_v1/fbcnet/multisource_sub-015_ses01ses02-to-ses-03_seed3.pt,ok,
multisource_0102_to_03,fbcnet,3,sub-016,ses-01+ses-02,ses-03,0,0.515,0.515,0.511470373448163,0.542,0.722058892250061,0.5239932233656147,0.1164956617355346,320,80,200,4,/share/home/yuan/SYX/eeg-mi-online/checkpoints/session_multisource_v1/fbcnet/multisource_sub-016_ses01ses02-to-ses-03_seed3.pt,ok,
multisource_0102_to_03,fbcnet,3,sub-017,ses-01+ses-02,ses-03,0,0.685,0.685,0.6725486629070403,0.7412000000000001,0.6649142503738403,0.442265958095921,0.0872294467687606,320,80,200,34,/share/home/yuan/SYX/eeg-mi-online/checkpoints/session_multisource_v1/fbcnet/multisource_sub-017_ses01ses02-to-ses-03_seed3.pt,ok,
multisource_0102_to_03,fbcnet,3,sub-018,ses-01+ses-02,ses-03,0,0.505,0.505,0.494369110549299,0.5201,0.8296299576759338,0.5946381860640095,0.1989675515890121,320,80,200,37,/share/home/yuan/SYX/eeg-mi-online/checkpoints/session_multisource_v1/fbcnet/multisource_sub-018_ses01ses02-to-ses-03_seed3.pt,ok,
multisource_0102_to_03,fbcnet,3,sub-019,ses-01+ses-02,ses-03,0,0.585,0.585,0.5832391855589867,0.6252000000000001,0.7288733124732971,0.511983911355541,0.1233158832788467,320,80,200,18,/share/home/yuan/SYX/eeg-mi-online/checkpoints/session_multisource_v1/fbcnet/multisource_sub-019_ses01ses02-to-ses-03_seed3.pt,ok,
multisource_0102_to_03,fbcnet,3,sub-020,ses-01+ses-02,ses-03,0,0.495,0.495,0.3396750678304076,0.3723,4.209928512573242,0.9934997892389325,0.5011148315668106,320,80,200,58,/share/home/yuan/SYX/eeg-mi-online/checkpoints/session_multisource_v1/fbcnet/multisource_sub-020_ses01ses02-to-ses-03_seed3.pt,ok,
multisource_0102_to_03,fbcnet,3,sub-021,ses-01+ses-02,ses-03,0,0.53,0.53,0.4456893501592169,0.6864999999999999,1.2725684642791748,0.7246422828260538,0.346985817849636,320,80,200,60,/share/home/yuan/SYX/eeg-mi-online/checkpoints/session_multisource_v1/fbcnet/multisource_sub-021_ses01ses02-to-ses-03_seed3.pt,ok,
multisource_0102_to_03,fbcnet,3,sub-022,ses-01+ses-02,ses-03,0,0.59,0.59,0.5818033455732354,0.5865,0.7505921721458435,0.5312676843105046,0.1065178191661835,320,80,200,7,/share/home/yuan/SYX/eeg-mi-online/checkpoints/session_multisource_v1/fbcnet/multisource_sub-022_ses01ses02-to-ses-03_seed3.pt,ok,
multisource_0102_to_03,fbcnet,3,sub-025,ses-01+ses-02,ses-03,0,0.51,0.51,0.3551783129359126,0.6272,3.2860918045043945,0.9457845492179948,0.4800203394889831,320,80,200,44,/share/home/yuan/SYX/eeg-mi-online/checkpoints/session_multisource_v1/fbcnet/multisource_sub-025_ses01ses02-to-ses-03_seed3.pt,ok,
multisource_0102_to_03,fbcnet,3,sub-027,ses-01+ses-02,ses-03,0,0.565,0.565,0.4796495110499715,0.6747000000000001,1.192920804023743,0.6874510325359935,0.3131517931818962,320,80,200,32,/share/home/yuan/SYX/eeg-mi-online/checkpoints/session_multisource_v1/fbcnet/multisource_sub-027_ses01ses02-to-ses-03_seed3.pt,ok,
multisource_0102_to_03,fbcnet,3,sub-028,ses-01+ses-02,ses-03,0,0.685,0.685,0.6526916397916149,0.9209,0.7799688577651978,0.4628391597745333,0.2079791235923767,320,80,200,44,/share/home/yuan/SYX/eeg-mi-online/checkpoints/session_multisource_v1/fbcnet/multisource_sub-028_ses01ses02-to-ses-03_seed3.pt,ok,
multisource_0102_to_03,fbcnet,3,sub-029,ses-01+ses-02,ses-03,0,0.97,0.97,0.97,0.9938,0.0944425389170646,0.0474419423562483,0.0246763971447944,320,80,200,54,/share/home/yuan/SYX/eeg-mi-online/checkpoints/session_multisource_v1/fbcnet/multisource_sub-029_ses01ses02-to-ses-03_seed3.pt,ok,
multisource_0102_to_03,fbcnet,3,sub-030,ses-01+ses-02,ses-03,0,0.575,0.575,0.4813119755911518,0.879,1.022618293762207,0.6317305780986979,0.3094814899563789,320,80,200,33,/share/home/yuan/SYX/eeg-mi-online/checkpoints/session_multisource_v1/fbcnet/multisource_sub-030_ses01ses02-to-ses-03_seed3.pt,ok,
multisource_0102_to_03,fbcnet,3,sub-031,ses-01+ses-02,ses-03,0,0.72,0.72,0.7189883580891208,0.7910999999999999,0.6384909152984619,0.4001252571018234,0.1036954110860824,320,80,200,63,/share/home/yuan/SYX/eeg-mi-online/checkpoints/session_multisource_v1/fbcnet/multisource_sub-031_ses01ses02-to-ses-03_seed3.pt,ok,
multisource_0102_to_03,fbcnet,3,sub-033,ses-01+ses-02,ses-03,0,0.92,0.92,0.9197994987468672,0.987,0.1781260073184967,0.1060582593152345,0.031799931526184,320,80,200,15,/share/home/yuan/SYX/eeg-mi-online/checkpoints/session_multisource_v1/fbcnet/multisource_sub-033_ses01ses02-to-ses-03_seed3.pt,ok,
multisource_0102_to_03,fbcnet,3,sub-034,ses-01+ses-02,ses-03,0,0.56,0.56,0.5599559955995599,0.5826,0.8272874355316162,0.5797326163718669,0.2196749880909919,320,80,200,41,/share/home/yuan/SYX/eeg-mi-online/checkpoints/session_multisource_v1/fbcnet/multisource_sub-034_ses01ses02-to-ses-03_seed3.pt,ok,
multisource_0102_to_03,fbcnet,3,sub-035,ses-01+ses-02,ses-03,0,0.87,0.87,0.8698828946051447,0.9593,0.2945958375930786,0.1709347674369999,0.0635550820827484,320,80,200,55,/share/home/yuan/SYX/eeg-mi-online/checkpoints/session_multisource_v1/fbcnet/multisource_sub-035_ses01ses02-to-ses-03_seed3.pt,ok,
multisource_0102_to_03,fbcnet,3,sub-036,ses-01+ses-02,ses-03,0,0.93,0.93,0.9299719887955182,0.9813,0.1726254969835281,0.0974406968228815,0.0270415955781936,320,80,200,32,/share/home/yuan/SYX/eeg-mi-online/checkpoints/session_multisource_v1/fbcnet/multisource_sub-036_ses01ses02-to-ses-03_seed3.pt,ok,
multisource_0102_to_03,fbcnet,3,sub-037,ses-01+ses-02,ses-03,0,0.73,0.73,0.7298919567827131,0.8107,0.5450577139854431,0.3600077886293309,0.0768240416049957,320,80,200,51,/share/home/yuan/SYX/eeg-mi-online/checkpoints/session_multisource_v1/fbcnet/multisource_sub-037_ses01ses02-to-ses-03_seed3.pt,ok,
multisource_0102_to_03,fbcnet,3,sub-038,ses-01+ses-02,ses-03,0,0.52,0.52,0.5160802500252042,0.5169,0.7359100580215454,0.5370444647286168,0.1095702847838401,320,80,200,13,/share/home/yuan/SYX/eeg-mi-online/checkpoints/session_multisource_v1/fbcnet/multisource_sub-038_ses01ses02-to-ses-03_seed3.pt,ok,
multisource_0102_to_03,fbcnet,3,sub-039,ses-01+ses-02,ses-03,0,0.54,0.54,0.4414764448761534,0.6777,0.7939856052398682,0.5711606102446262,0.2200215220451354,320,80,200,6,/share/home/yuan/SYX/eeg-mi-online/checkpoints/session_multisource_v1/fbcnet/multisource_sub-039_ses01ses02-to-ses-03_seed3.pt,ok,
multisource_0102_to_03,fbcnet,3,sub-040,ses-01+ses-02,ses-03,0,0.69,0.69,0.6862030569895738,0.757,0.611869752407074,0.4090938500463663,0.0747669494152069,320,80,200,14,/share/home/yuan/SYX/eeg-mi-online/checkpoints/session_multisource_v1/fbcnet/multisource_sub-040_ses01ses02-to-ses-03_seed3.pt,ok,
multisource_0102_to_03,fbcnet,3,sub-041,ses-01+ses-02,ses-03,0,0.89,0.89,0.8892914653784219,0.9646,0.2612007856369018,0.1597644317387546,0.0376212799549102,320,80,200,48,/share/home/yuan/SYX/eeg-mi-online/checkpoints/session_multisource_v1/fbcnet/multisource_sub-041_ses01ses02-to-ses-03_seed3.pt,ok,
multisource_0102_to_03,fbcnet,3,sub-042,ses-01+ses-02,ses-03,0,0.655,0.655,0.6542999574137629,0.7047999999999999,0.7800359129905701,0.4836797009926208,0.1589443072676659,320,80,200,20,/share/home/yuan/SYX/eeg-mi-online/checkpoints/session_multisource_v1/fbcnet/multisource_sub-042_ses01ses02-to-ses-03_seed3.pt,ok,
multisource_0102_to_03,fbcnet,3,sub-043,ses-01+ses-02,ses-03,0,1.0,1.0,1.0,1.0,0.0211061518639326,0.008440474122894,0.0182345852255821,320,80,200,86,/share/home/yuan/SYX/eeg-mi-online/checkpoints/session_multisource_v1/fbcnet/multisource_sub-043_ses01ses02-to-ses-03_seed3.pt,ok,
multisource_0102_to_03,fbcnet,3,sub-044,ses-01+ses-02,ses-03,0,0.535,0.535,0.5348953514540772,0.5634999999999999,0.6940782070159912,0.5002825349716066,0.0667333042621612,320,80,200,2,/share/home/yuan/SYX/eeg-mi-online/checkpoints/session_multisource_v1/fbcnet/multisource_sub-044_ses01ses02-to-ses-03_seed3.pt,ok,
multisource_0102_to_03,fbcnet,3,sub-045,ses-01+ses-02,ses-03,0,0.775,0.775,0.7729508817074093,0.8627,0.4946891069412231,0.3231549096068369,0.0737672382593154,320,80,200,28,/share/home/yuan/SYX/eeg-mi-online/checkpoints/session_multisource_v1/fbcnet/multisource_sub-045_ses01ses02-to-ses-03_seed3.pt,ok,
multisource_0102_to_03,fbcnet,3,sub-046,ses-01+ses-02,ses-03,0,0.965,0.965,0.9649921232277264,0.9921,0.1116007044911384,0.0617726661428785,0.0229521265625953,320,80,200,85,/share/home/yuan/SYX/eeg-mi-online/checkpoints/session_multisource_v1/fbcnet/multisource_sub-046_ses01ses02-to-ses-03_seed3.pt,ok,
multisource_0102_to_03,fbcnet,3,sub-047,ses-01+ses-02,ses-03,0,0.83,0.83,0.8279178054458953,0.9305,0.4074190557003021,0.2575313074598489,0.0890219774842262,320,80,200,44,/share/home/yuan/SYX/eeg-mi-online/checkpoints/session_multisource_v1/fbcnet/multisource_sub-047_ses01ses02-to-ses-03_seed3.pt,ok,
multisource_0102_to_03,fbcnet,3,sub-048,ses-01+ses-02,ses-03,0,0.645,0.645,0.624249159852875,0.7574,0.6928883194923401,0.4684843807515148,0.1210982173681259,320,80,200,22,/share/home/yuan/SYX/eeg-mi-online/checkpoints/session_multisource_v1/fbcnet/multisource_sub-048_ses01ses02-to-ses-03_seed3.pt,ok,
multisource_0102_to_03,fbcnet,3,sub-049,ses-01+ses-02,ses-03,0,0.745,0.745,0.7287161892603526,0.8805499999999999,1.0672807693481443,0.4251938646096869,0.1830865728855132,320,80,200,41,/share/home/yuan/SYX/eeg-mi-online/checkpoints/session_multisource_v1/fbcnet/multisource_sub-049_ses01ses02-to-ses-03_seed3.pt,ok,
multisource_0102_to_03,fbcnet,3,sub-050,ses-01+ses-02,ses-03,0,0.87,0.87,0.8699869986998701,0.9512,0.2962262034416199,0.1841038409490373,0.0549449890851974,320,80,200,36,/share/home/yuan/SYX/eeg-mi-online/checkpoints/session_multisource_v1/fbcnet/multisource_sub-050_ses01ses02-to-ses-03_seed3.pt,ok,
multisource_0102_to_03,fbcnet,3,sub-051,ses-01+ses-02,ses-03,0,0.775,0.775,0.7749493636068115,0.8771,0.457632303237915,0.2990613618764582,0.0898155456781387,320,80,200,34,/share/home/yuan/SYX/eeg-mi-online/checkpoints/session_multisource_v1/fbcnet/multisource_sub-051_ses01ses02-to-ses-03_seed3.pt,ok,
multisource_0102_to_03,fbcnet,4,sub-001,ses-01+ses-02,ses-03,0,0.745,0.745,0.7387228156458926,0.8343999999999999,0.5885385274887085,0.3707782018087339,0.0889437335729599,320,80,200,19,/share/home/yuan/SYX/eeg-mi-online/checkpoints/session_multisource_v1/fbcnet/multisource_sub-001_ses01ses02-to-ses-03_seed4.pt,ok,
multisource_0102_to_03,fbcnet,4,sub-002,ses-01+ses-02,ses-03,0,0.505,0.505,0.5028997514498756,0.5133000000000001,0.7440716624259949,0.5414828974143913,0.1205251869559287,320,80,200,2,/share/home/yuan/SYX/eeg-mi-online/checkpoints/session_multisource_v1/fbcnet/multisource_sub-002_ses01ses02-to-ses-03_seed4.pt,ok,
multisource_0102_to_03,fbcnet,4,sub-003,ses-01+ses-02,ses-03,0,0.8,0.8,0.7965618960431289,0.9022,0.622052013874054,0.3337700011338574,0.1445207193493842,320,80,200,59,/share/home/yuan/SYX/eeg-mi-online/checkpoints/session_multisource_v1/fbcnet/multisource_sub-003_ses01ses02-to-ses-03_seed4.pt,ok,
multisource_0102_to_03,fbcnet,4,sub-004,ses-01+ses-02,ses-03,0,0.5,0.5,0.4791666666666667,0.5259999999999999,0.7149105668067932,0.5200383793191111,0.1029977616667747,320,80,200,2,/share/home/yuan/SYX/eeg-mi-online/checkpoints/session_multisource_v1/fbcnet/multisource_sub-004_ses01ses02-to-ses-03_seed4.pt,ok,
multisource_0102_to_03,fbcnet,4,sub-005,ses-01+ses-02,ses-03,0,0.835,0.835,0.8344993605657113,0.9104,0.4150170981884002,0.248622745640323,0.0676985725760459,320,80,200,41,/share/home/yuan/SYX/eeg-mi-online/checkpoints/session_multisource_v1/fbcnet/multisource_sub-005_ses01ses02-to-ses-03_seed4.pt,ok,
multisource_0102_to_03,fbcnet,4,sub-006,ses-01+ses-02,ses-03,0,0.885,0.885,0.8837179908491115,0.987,0.2962033748626709,0.181213743221659,0.0570497122406959,320,80,200,82,/share/home/yuan/SYX/eeg-mi-online/checkpoints/session_multisource_v1/fbcnet/multisource_sub-006_ses01ses02-to-ses-03_seed4.pt,ok,
multisource_0102_to_03,fbcnet,4,sub-007,ses-01+ses-02,ses-03,0,0.56,0.5599999999999999,0.5498721227621484,0.6246,0.7492062449455261,0.5352248373807389,0.1509162935614585,320,80,200,10,/share/home/yuan/SYX/eeg-mi-online/checkpoints/session_multisource_v1/fbcnet/multisource_sub-007_ses01ses02-to-ses-03_seed4.pt,ok,
multisource_0102_to_03,fbcnet,4,sub-008,ses-01+ses-02,ses-03,0,0.715,0.7150000000000001,0.7049002096761668,0.8076,0.5730873346328735,0.3896751704725318,0.0684599047899246,320,80,200,13,/share/home/yuan/SYX/eeg-mi-online/checkpoints/session_multisource_v1/fbcnet/multisource_sub-008_ses01ses02-to-ses-03_seed4.pt,ok,
multisource_0102_to_03,fbcnet,4,sub-009,ses-01+ses-02,ses-03,0,0.525,0.525,0.4891237127261971,0.4891999999999999,0.942149817943573,0.6553973967423494,0.264168541431427,320,80,200,11,/share/home/yuan/SYX/eeg-mi-online/checkpoints/session_multisource_v1/fbcnet/multisource_sub-009_ses01ses02-to-ses-03_seed4.pt,ok,
multisource_0102_to_03,fbcnet,4,sub-010,ses-01+ses-02,ses-03,0,0.54,0.54,0.4757834757834758,0.5767,1.0533452033996582,0.6644428539798186,0.2917152133584023,320,80,200,18,/share/home/yuan/SYX/eeg-mi-online/checkpoints/session_multisource_v1/fbcnet/multisource_sub-010_ses01ses02-to-ses-03_seed4.pt,ok,
multisource_0102_to_03,fbcnet,4,sub-011,ses-01+ses-02,ses-03,0,0.695,0.6950000000000001,0.6922223063144882,0.7686000000000001,0.6482816934585571,0.4245077953118685,0.1076009964942932,320,80,200,22,/share/home/yuan/SYX/eeg-mi-online/checkpoints/session_multisource_v1/fbcnet/multisource_sub-011_ses01ses02-to-ses-03_seed4.pt,ok,
multisource_0102_to_03,fbcnet,4,sub-012,ses-01+ses-02,ses-03,0,0.51,0.51,0.4971264367816091,0.5347999999999999,0.7163323760032654,0.521423942383691,0.1088005420565605,320,80,200,3,/share/home/yuan/SYX/eeg-mi-online/checkpoints/session_multisource_v1/fbcnet/multisource_sub-012_ses01ses02-to-ses-03_seed4.pt,ok,
multisource_0102_to_03,fbcnet,4,sub-013,ses-01+ses-02,ses-03,0,0.58,0.58,0.5727799816905706,0.6109000000000001,0.7039182782173157,0.5030729632085265,0.0826415476202964,320,80,200,15,/share/home/yuan/SYX/eeg-mi-online/checkpoints/session_multisource_v1/fbcnet/multisource_sub-013_ses01ses02-to-ses-03_seed4.pt,ok,
multisource_0102_to_03,fbcnet,4,sub-014,ses-01+ses-02,ses-03,0,0.49,0.49,0.4039270687237026,0.4738,1.103203535079956,0.745766603231238,0.3307562163472175,320,80,200,15,/share/home/yuan/SYX/eeg-mi-online/checkpoints/session_multisource_v1/fbcnet/multisource_sub-014_ses01ses02-to-ses-03_seed4.pt,ok,
multisource_0102_to_03,fbcnet,4,sub-015,ses-01+ses-02,ses-03,0,0.505,0.505,0.4188606145989257,0.5019,0.9224903583526612,0.6215270303840653,0.2129681921005249,320,80,200,1,/share/home/yuan/SYX/eeg-mi-online/checkpoints/session_multisource_v1/fbcnet/multisource_sub-015_ses01ses02-to-ses-03_seed4.pt,ok,
multisource_0102_to_03,fbcnet,4,sub-016,ses-01+ses-02,ses-03,0,0.525,0.525,0.4972347913524384,0.5373,0.7300984263420105,0.530853233662687,0.1065478262305259,320,80,200,2,/share/home/yuan/SYX/eeg-mi-online/checkpoints/session_multisource_v1/fbcnet/multisource_sub-016_ses01ses02-to-ses-03_seed4.pt,ok,
multisource_0102_to_03,fbcnet,4,sub-017,ses-01+ses-02,ses-03,0,0.575,0.575,0.5702621400945423,0.6064,0.690348744392395,0.4927474085697525,0.0806376284360885,320,80,200,7,/share/home/yuan/SYX/eeg-mi-online/checkpoints/session_multisource_v1/fbcnet/multisource_sub-017_ses01ses02-to-ses-03_seed4.pt,ok,
multisource_0102_to_03,fbcnet,4,sub-018,ses-01+ses-02,ses-03,0,0.52,0.52,0.4978554242075531,0.5127,0.7485114932060242,0.5454173833758478,0.1155230954289436,320,80,200,11,/share/home/yuan/SYX/eeg-mi-online/checkpoints/session_multisource_v1/fbcnet/multisource_sub-018_ses01ses02-to-ses-03_seed4.pt,ok,
multisource_0102_to_03,fbcnet,4,sub-019,ses-01+ses-02,ses-03,0,0.55,0.55,0.5146154675870995,0.5438000000000001,0.751961886882782,0.54713463845485,0.1266462829709053,320,80,200,6,/share/home/yuan/SYX/eeg-mi-online/checkpoints/session_multisource_v1/fbcnet/multisource_sub-019_ses01ses02-to-ses-03_seed4.pt,ok,
multisource_0102_to_03,fbcnet,4,sub-020,ses-01+ses-02,ses-03,0,0.5,0.5,0.386578333946755,0.3929,1.9431132078170776,0.8976592362467798,0.4298470145463943,320,80,200,34,/share/home/yuan/SYX/eeg-mi-online/checkpoints/session_multisource_v1/fbcnet/multisource_sub-020_ses01ses02-to-ses-03_seed4.pt,ok,
multisource_0102_to_03,fbcnet,4,sub-021,ses-01+ses-02,ses-03,0,0.565,0.565,0.4796495110499715,0.7028,1.1628525257110596,0.6863620289218717,0.3201206400990486,320,80,200,48,/share/home/yuan/SYX/eeg-mi-online/checkpoints/session_multisource_v1/fbcnet/multisource_sub-021_ses01ses02-to-ses-03_seed4.pt,ok,
multisource_0102_to_03,fbcnet,4,sub-022,ses-01+ses-02,ses-03,0,0.63,0.63,0.6298519407763106,0.6436999999999999,0.8199717998504639,0.5349284166154743,0.1830117437243461,320,80,200,41,/share/home/yuan/SYX/eeg-mi-online/checkpoints/session_multisource_v1/fbcnet/multisource_sub-022_ses01ses02-to-ses-03_seed4.pt,ok,
multisource_0102_to_03,fbcnet,4,sub-025,ses-01+ses-02,ses-03,0,0.565,0.565,0.4744948808553049,0.6851999999999999,1.3650262355804443,0.7081707684043931,0.3414679563045502,320,80,200,48,/share/home/yuan/SYX/eeg-mi-online/checkpoints/session_multisource_v1/fbcnet/multisource_sub-025_ses01ses02-to-ses-03_seed4.pt,ok,
multisource_0102_to_03,fbcnet,4,sub-027,ses-01+ses-02,ses-03,0,0.515,0.515,0.3658265502925697,0.6728,1.789933443069458,0.8550963304993477,0.4347917881608009,320,80,200,40,/share/home/yuan/SYX/eeg-mi-online/checkpoints/session_multisource_v1/fbcnet/multisource_sub-027_ses01ses02-to-ses-03_seed4.pt,ok,
multisource_0102_to_03,fbcnet,4,sub-028,ses-01+ses-02,ses-03,0,0.71,0.71,0.688974688974689,0.9019,0.7235326170921326,0.4353973507367107,0.1787214580178261,320,80,200,57,/share/home/yuan/SYX/eeg-mi-online/checkpoints/session_multisource_v1/fbcnet/multisource_sub-028_ses01ses02-to-ses-03_seed4.pt,ok,
multisource_0102_to_03,fbcnet,4,sub-029,ses-01+ses-02,ses-03,0,0.965,0.965,0.9649991249781243,0.9865,0.1647867709398269,0.0617488294343887,0.0269747880101204,320,80,200,83,/share/home/yuan/SYX/eeg-mi-online/checkpoints/session_multisource_v1/fbcnet/multisource_sub-029_ses01ses02-to-ses-03_seed4.pt,ok,
multisource_0102_to_03,fbcnet,4,sub-030,ses-01+ses-02,ses-03,0,0.715,0.7150000000000001,0.7011873869623338,0.8669,0.5420548915863037,0.3611343549027769,0.0745416262745857,320,80,200,23,/share/home/yuan/SYX/eeg-mi-online/checkpoints/session_multisource_v1/fbcnet/multisource_sub-030_ses01ses02-to-ses-03_seed4.pt,ok,
multisource_0102_to_03,fbcnet,4,sub-031,ses-01+ses-02,ses-03,0,0.675,0.675,0.6592487746061702,0.7676,0.6605604290962219,0.4513277408506039,0.1311110332608223,320,80,200,19,/share/home/yuan/SYX/eeg-mi-online/checkpoints/session_multisource_v1/fbcnet/multisource_sub-031_ses01ses02-to-ses-03_seed4.pt,ok,
multisource_0102_to_03,fbcnet,4,sub-033,ses-01+ses-02,ses-03,0,0.9,0.9,0.8991833854219176,0.988,0.2218931764364242,0.1443855654485892,0.0501070782542228,320,80,200,18,/share/home/yuan/SYX/eeg-mi-online/checkpoints/session_multisource_v1/fbcnet/multisource_sub-033_ses01ses02-to-ses-03_seed4.pt,ok,
multisource_0102_to_03,fbcnet,4,sub-034,ses-01+ses-02,ses-03,0,0.565,0.565,0.5294117647058824,0.5983,0.7901540994644165,0.5536186711628364,0.1734234115481376,320,80,200,14,/share/home/yuan/SYX/eeg-mi-online/checkpoints/session_multisource_v1/fbcnet/multisource_sub-034_ses01ses02-to-ses-03_seed4.pt,ok,
multisource_0102_to_03,fbcnet,4,sub-035,ses-01+ses-02,ses-03,0,0.89,0.89,0.8899009108197378,0.9412,0.3274139761924743,0.1756190316512824,0.0527383017539977,320,80,200,41,/share/home/yuan/SYX/eeg-mi-online/checkpoints/session_multisource_v1/fbcnet/multisource_sub-035_ses01ses02-to-ses-03_seed4.pt,ok,
multisource_0102_to_03,fbcnet,4,sub-036,ses-01+ses-02,ses-03,0,0.91,0.91,0.9099189270343307,0.9689,0.2533881664276123,0.1460438716167963,0.0693359452486038,320,80,200,9,/share/home/yuan/SYX/eeg-mi-online/checkpoints/session_multisource_v1/fbcnet/multisource_sub-036_ses01ses02-to-ses-03_seed4.pt,ok,
multisource_0102_to_03,fbcnet,4,sub-037,ses-01+ses-02,ses-03,0,0.74,0.74,0.7312939231087227,0.8703,0.6403453350067139,0.3833638645314648,0.139432803094387,320,80,200,68,/share/home/yuan/SYX/eeg-mi-online/checkpoints/session_multisource_v1/fbcnet/multisource_sub-037_ses01ses02-to-ses-03_seed4.pt,ok,
multisource_0102_to_03,fbcnet,4,sub-038,ses-01+ses-02,ses-03,0,0.51,0.51,0.5082296266559615,0.5397000000000001,0.7640947699546814,0.5580038661028934,0.1725540670752525,320,80,200,32,/share/home/yuan/SYX/eeg-mi-online/checkpoints/session_multisource_v1/fbcnet/multisource_sub-038_ses01ses02-to-ses-03_seed4.pt,ok,
multisource_0102_to_03,fbcnet,4,sub-039,ses-01+ses-02,ses-03,0,0.65,0.6499999999999999,0.6491228070175439,0.7033999999999999,0.6358770728111267,0.4455614780838641,0.0625989893078804,320,80,200,10,/share/home/yuan/SYX/eeg-mi-online/checkpoints/session_multisource_v1/fbcnet/multisource_sub-039_ses01ses02-to-ses-03_seed4.pt,ok,
multisource_0102_to_03,fbcnet,4,sub-040,ses-01+ses-02,ses-03,0,0.66,0.66,0.6532027743778049,0.7686999999999999,0.5928629040718079,0.412505999107647,0.0889016023278236,320,80,200,7,/share/home/yuan/SYX/eeg-mi-online/checkpoints/session_multisource_v1/fbcnet/multisource_sub-040_ses01ses02-to-ses-03_seed4.pt,ok,
multisource_0102_to_03,fbcnet,4,sub-041,ses-01+ses-02,ses-03,0,0.85,0.85,0.8481627695110842,0.9459,0.334033191204071,0.2054331741367986,0.0917693692445755,320,80,200,42,/share/home/yuan/SYX/eeg-mi-online/checkpoints/session_multisource_v1/fbcnet/multisource_sub-041_ses01ses02-to-ses-03_seed4.pt,ok,
multisource_0102_to_03,fbcnet,4,sub-042,ses-01+ses-02,ses-03,0,0.625,0.625,0.6249156060113525,0.6479000000000001,0.7427467107772827,0.5117336129997447,0.1242989924550056,320,80,200,10,/share/home/yuan/SYX/eeg-mi-online/checkpoints/session_multisource_v1/fbcnet/multisource_sub-042_ses01ses02-to-ses-03_seed4.pt,ok,
multisource_0102_to_03,fbcnet,4,sub-043,ses-01+ses-02,ses-03,0,0.995,0.995,0.9949998749968748,1.0,0.0318430103361606,0.0126146152832939,0.0276127234101295,320,80,200,50,/share/home/yuan/SYX/eeg-mi-online/checkpoints/session_multisource_v1/fbcnet/multisource_sub-043_ses01ses02-to-ses-03_seed4.pt,ok,
multisource_0102_to_03,fbcnet,4,sub-044,ses-01+ses-02,ses-03,0,0.575,0.575,0.5747342088805503,0.5879000000000001,0.7025955319404602,0.505788218850453,0.0904718831181526,320,80,200,3,/share/home/yuan/SYX/eeg-mi-online/checkpoints/session_multisource_v1/fbcnet/multisource_sub-044_ses01ses02-to-ses-03_seed4.pt,ok,
multisource_0102_to_03,fbcnet,4,sub-045,ses-01+ses-02,ses-03,0,0.77,0.77,0.7699079631852741,0.8673000000000001,0.4655316472053528,0.3081641575748388,0.1058383473753929,320,80,200,26,/share/home/yuan/SYX/eeg-mi-online/checkpoints/session_multisource_v1/fbcnet/multisource_sub-045_ses01ses02-to-ses-03_seed4.pt,ok,
multisource_0102_to_03,fbcnet,4,sub-046,ses-01+ses-02,ses-03,0,0.965,0.965,0.9649991249781243,0.9885,0.1316995471715927,0.0680215490519134,0.0335052639245986,320,80,200,97,/share/home/yuan/SYX/eeg-mi-online/checkpoints/session_multisource_v1/fbcnet/multisource_sub-046_ses01ses02-to-ses-03_seed4.pt,ok,
multisource_0102_to_03,fbcnet,4,sub-047,ses-01+ses-02,ses-03,0,0.825,0.825,0.8249956248906223,0.9152,0.3709490597248077,0.2381914652115864,0.0562963914871215,320,80,200,17,/share/home/yuan/SYX/eeg-mi-online/checkpoints/session_multisource_v1/fbcnet/multisource_sub-047_ses01ses02-to-ses-03_seed4.pt,ok,
multisource_0102_to_03,fbcnet,4,sub-048,ses-01+ses-02,ses-03,0,0.65,0.6499999999999999,0.6395839769333744,0.707,0.6668058633804321,0.4606089389177315,0.1027878206968307,320,80,200,16,/share/home/yuan/SYX/eeg-mi-online/checkpoints/session_multisource_v1/fbcnet/multisource_sub-048_ses01ses02-to-ses-03_seed4.pt,ok,
multisource_0102_to_03,fbcnet,4,sub-049,ses-01+ses-02,ses-03,0,0.725,0.725,0.7058744886226904,0.87595,1.2681245803833008,0.4491527766700441,0.210165155827999,320,80,200,63,/share/home/yuan/SYX/eeg-mi-online/checkpoints/session_multisource_v1/fbcnet/multisource_sub-049_ses01ses02-to-ses-03_seed4.pt,ok,
multisource_0102_to_03,fbcnet,4,sub-050,ses-01+ses-02,ses-03,0,0.865,0.865,0.8649155722326454,0.9482,0.3784908354282379,0.207435425889017,0.0965712037682533,320,80,200,87,/share/home/yuan/SYX/eeg-mi-online/checkpoints/session_multisource_v1/fbcnet/multisource_sub-050_ses01ses02-to-ses-03_seed4.pt,ok,
multisource_0102_to_03,fbcnet,4,sub-051,ses-01+ses-02,ses-03,0,0.775,0.7749999999999999,0.7737272155876807,0.8918,0.4801162481307983,0.314311209290564,0.1064291930198669,320,80,200,61,/share/home/yuan/SYX/eeg-mi-online/checkpoints/session_multisource_v1/fbcnet/multisource_sub-051_ses01ses02-to-ses-03_seed4.pt,ok,
