model,protocol,subject,session,train_session,test_session,seed,fold,n_train,n_val,n_test,best_epoch,accuracy,balanced_accuracy,macro_f1,auc,nll,brier,ece
deepconvnet,cross_session,sub-001,,ses-01,ses-02,0,,160,40,200,1,0.510000,0.510000,0.441595,0.458200,0.720996,0.526074,0.121035
deepconvnet,cross_session,sub-001,,ses-01,ses-03,0,,160,40,200,1,0.505000,0.505000,0.442426,0.530400,0.695276,0.501305,0.080331
deepconvnet,cross_session,sub-001,,ses-02,ses-01,0,,160,40,200,22,0.625000,0.625000,0.620820,0.646150,1.656082,0.633392,0.285797
deepconvnet,cross_session,sub-001,,ses-02,ses-03,0,,160,40,200,22,0.850000,0.850000,0.849940,0.943700,0.340340,0.202258,0.068845
deepconvnet,cross_session,sub-001,,ses-03,ses-01,0,,160,40,200,43,0.665000,0.665000,0.664320,0.726500,1.380854,0.563898,0.270011
deepconvnet,cross_session,sub-001,,ses-03,ses-02,0,,160,40,200,43,0.905000,0.905000,0.904998,0.970300,0.263020,0.132268,0.065299
deepconvnet,cross_session,sub-002,,ses-01,ses-02,0,,160,40,200,13,0.600000,0.600000,0.597424,0.613100,0.763239,0.524156,0.136212
deepconvnet,cross_session,sub-002,,ses-01,ses-03,0,,160,40,200,13,0.600000,0.600000,0.595101,0.661500,0.696507,0.484686,0.102958
deepconvnet,cross_session,sub-002,,ses-02,ses-01,0,,160,40,200,2,0.495000,0.495000,0.477104,0.496800,0.761724,0.555620,0.154297
deepconvnet,cross_session,sub-002,,ses-02,ses-03,0,,160,40,200,2,0.590000,0.590000,0.572917,0.620700,0.685315,0.489784,0.067708
deepconvnet,cross_session,sub-002,,ses-03,ses-01,0,,160,40,200,8,0.630000,0.630000,0.629073,0.695200,0.748330,0.488335,0.156088
deepconvnet,cross_session,sub-002,,ses-03,ses-02,0,,160,40,200,8,0.620000,0.620000,0.618129,0.675000,0.857174,0.506700,0.145495
deepconvnet,cross_session,sub-003,,ses-01,ses-02,0,,160,40,200,44,0.775000,0.775000,0.770823,0.867000,0.726191,0.362252,0.146659
deepconvnet,cross_session,sub-003,,ses-01,ses-03,0,,160,40,200,44,0.805000,0.805000,0.804173,0.859300,0.952169,0.322583,0.119663
deepconvnet,cross_session,sub-003,,ses-02,ses-01,0,,160,40,200,47,0.775000,0.775000,0.774317,0.850200,1.195661,0.393067,0.189585
deepconvnet,cross_session,sub-003,,ses-02,ses-03,0,,160,40,200,47,0.790000,0.790000,0.788647,0.870250,1.321306,0.376942,0.194992
deepconvnet,cross_session,sub-003,,ses-03,ses-01,0,,160,40,200,1,0.520000,0.520000,0.514121,0.510100,0.741364,0.541265,0.124221
deepconvnet,cross_session,sub-003,,ses-03,ses-02,0,,160,40,200,1,0.510000,0.510000,0.432279,0.525900,0.710127,0.514282,0.093895
deepconvnet,cross_session,sub-004,,ses-01,ses-02,0,,160,40,200,19,0.495000,0.495000,0.490401,0.507700,0.887393,0.602587,0.196422
deepconvnet,cross_session,sub-004,,ses-01,ses-03,0,,160,40,200,19,0.540000,0.540000,0.539586,0.556800,0.822711,0.574079,0.166237
deepconvnet,cross_session,sub-004,,ses-02,ses-01,0,,160,40,200,3,0.495000,0.495000,0.494381,0.514200,0.766995,0.558575,0.155945
deepconvnet,cross_session,sub-004,,ses-02,ses-03,0,,160,40,200,3,0.485000,0.485000,0.480310,0.486900,0.847525,0.610061,0.226841
deepconvnet,cross_session,sub-004,,ses-03,ses-01,0,,160,40,200,4,0.485000,0.485000,0.479259,0.469600,0.799385,0.587215,0.182116
deepconvnet,cross_session,sub-004,,ses-03,ses-02,0,,160,40,200,4,0.505000,0.505000,0.485434,0.448100,0.819272,0.592137,0.174574
deepconvnet,cross_session,sub-005,,ses-01,ses-02,0,,160,40,200,100,0.840000,0.840000,0.839856,0.915100,0.667280,0.272072,0.124801
deepconvnet,cross_session,sub-005,,ses-01,ses-03,0,,160,40,200,100,0.630000,0.630000,0.621483,0.678200,1.591480,0.611953,0.276369
deepconvnet,cross_session,sub-005,,ses-02,ses-01,0,,160,40,200,15,0.740000,0.740000,0.739896,0.809600,0.606223,0.376975,0.118310
deepconvnet,cross_session,sub-005,,ses-02,ses-03,0,,160,40,200,15,0.505000,0.505000,0.504889,0.509800,0.896260,0.625379,0.211157
deepconvnet,cross_session,sub-005,,ses-03,ses-01,0,,160,40,200,33,0.775000,0.775000,0.774994,0.856400,0.563545,0.306055,0.076120
deepconvnet,cross_session,sub-005,,ses-03,ses-02,0,,160,40,200,33,0.750000,0.750000,0.749775,0.820300,0.584372,0.347263,0.097122
deepconvnet,cross_session,sub-006,,ses-01,ses-02,0,,160,40,200,43,0.890000,0.890000,0.889989,0.946100,0.327419,0.175404,0.062787
deepconvnet,cross_session,sub-006,,ses-01,ses-03,0,,160,40,200,43,0.950000,0.950000,0.949995,0.980900,0.184231,0.076794,0.028093
deepconvnet,cross_session,sub-006,,ses-02,ses-01,0,,160,40,200,34,0.785000,0.785000,0.779707,0.846300,1.567113,0.386393,0.179578
deepconvnet,cross_session,sub-006,,ses-02,ses-03,0,,160,40,200,34,0.850000,0.850000,0.848163,0.901700,1.072265,0.285057,0.144355
deepconvnet,cross_session,sub-006,,ses-03,ses-01,0,,160,40,200,31,0.510000,0.510000,0.450118,0.537400,4.177342,0.906942,0.455176
deepconvnet,cross_session,sub-006,,ses-03,ses-02,0,,160,40,200,31,0.650000,0.650000,0.615385,0.826500,1.684665,0.621518,0.300040
deepconvnet,cross_session,sub-007,,ses-01,ses-02,0,,160,40,200,34,0.775000,0.775000,0.774045,0.859000,0.505085,0.314831,0.079346
deepconvnet,cross_session,sub-007,,ses-01,ses-03,0,,160,40,200,34,0.850000,0.850000,0.849624,0.884900,0.478424,0.256235,0.095640
deepconvnet,cross_session,sub-007,,ses-02,ses-01,0,,160,40,200,3,0.630000,0.630000,0.630000,0.685000,0.769249,0.503318,0.155661
deepconvnet,cross_session,sub-007,,ses-02,ses-03,0,,160,40,200,3,0.885000,0.885000,0.884651,0.926000,0.364395,0.197556,0.083638
deepconvnet,cross_session,sub-007,,ses-03,ses-01,0,,160,40,200,4,0.625000,0.625000,0.580713,0.710200,1.135790,0.608852,0.272126
deepconvnet,cross_session,sub-007,,ses-03,ses-02,0,,160,40,200,4,0.610000,0.610000,0.559023,0.800200,0.991959,0.578700,0.271627
deepconvnet,cross_session,sub-008,,ses-01,ses-02,0,,160,40,200,6,0.600000,0.600000,0.599840,0.613100,0.709106,0.501056,0.069680
deepconvnet,cross_session,sub-008,,ses-01,ses-03,0,,160,40,200,6,0.580000,0.580000,0.577932,0.616100,0.698773,0.491925,0.109663
deepconvnet,cross_session,sub-008,,ses-02,ses-01,0,,160,40,200,21,0.645000,0.645000,0.644280,0.703600,0.993461,0.497827,0.196755
deepconvnet,cross_session,sub-008,,ses-02,ses-03,0,,160,40,200,21,0.810000,0.810000,0.809524,0.901600,0.681143,0.298085,0.137513
deepconvnet,cross_session,sub-008,,ses-03,ses-01,0,,160,40,200,4,0.535000,0.535000,0.496957,0.536100,0.846925,0.596033,0.179260
deepconvnet,cross_session,sub-008,,ses-03,ses-02,0,,160,40,200,4,0.520000,0.520000,0.465241,0.527300,0.825220,0.591268,0.192344
deepconvnet,cross_session,sub-009,,ses-01,ses-02,0,,160,40,200,13,0.745000,0.745000,0.744483,0.801300,0.616540,0.379066,0.090049
deepconvnet,cross_session,sub-009,,ses-01,ses-03,0,,160,40,200,13,0.580000,0.580000,0.579327,0.597500,0.937177,0.582713,0.200528
deepconvnet,cross_session,sub-009,,ses-02,ses-01,0,,160,40,200,2,0.625000,0.625000,0.603080,0.745700,0.634946,0.442086,0.053081
deepconvnet,cross_session,sub-009,,ses-02,ses-03,0,,160,40,200,2,0.550000,0.550000,0.495006,0.636600,0.715291,0.508073,0.100461
deepconvnet,cross_session,sub-009,,ses-03,ses-01,0,,160,40,200,7,0.635000,0.635000,0.632935,0.676300,0.781668,0.503455,0.149481
deepconvnet,cross_session,sub-009,,ses-03,ses-02,0,,160,40,200,7,0.610000,0.610000,0.598394,0.672800,0.785493,0.529203,0.187086
deepconvnet,cross_session,sub-010,,ses-01,ses-02,0,,160,40,200,4,0.560000,0.560000,0.471090,0.832600,0.796436,0.554746,0.262077
deepconvnet,cross_session,sub-010,,ses-01,ses-03,0,,160,40,200,4,0.495000,0.495000,0.331104,0.603900,1.099397,0.740817,0.360995
deepconvnet,cross_session,sub-010,,ses-02,ses-01,0,,160,40,200,20,0.730000,0.730000,0.729892,0.799000,0.901087,0.422465,0.174907
deepconvnet,cross_session,sub-010,,ses-02,ses-03,0,,160,40,200,20,0.500000,0.500000,0.466667,0.519200,1.103776,0.702370,0.299425
deepconvnet,cross_session,sub-010,,ses-03,ses-01,0,,160,40,200,7,0.510000,0.510000,0.509559,0.512900,0.821881,0.589212,0.179306
deepconvnet,cross_session,sub-010,,ses-03,ses-02,0,,160,40,200,7,0.505000,0.505000,0.504690,0.503000,0.903549,0.631589,0.210938
deepconvnet,cross_session,sub-011,,ses-01,ses-02,0,,160,40,200,1,0.630000,0.630000,0.629852,0.626300,1.094489,0.550351,0.170421
deepconvnet,cross_session,sub-011,,ses-01,ses-03,0,,160,40,200,1,0.875000,0.875000,0.874090,0.971500,0.322170,0.183286,0.063019
deepconvnet,cross_session,sub-011,,ses-02,ses-01,0,,160,40,200,31,0.870000,0.870000,0.869948,0.944100,0.379706,0.195480,0.083363
deepconvnet,cross_session,sub-011,,ses-02,ses-03,0,,160,40,200,31,0.830000,0.830000,0.827918,0.917700,0.701520,0.286373,0.113664
deepconvnet,cross_session,sub-011,,ses-03,ses-01,0,,160,40,200,41,0.935000,0.935000,0.934985,0.959800,0.303799,0.125734,0.057559
deepconvnet,cross_session,sub-011,,ses-03,ses-02,0,,160,40,200,41,0.600000,0.600000,0.575552,0.680450,1.702144,0.676391,0.318056
deepconvnet,cross_session,sub-012,,ses-01,ses-02,0,,160,40,200,1,0.485000,0.485000,0.383953,0.525500,0.780471,0.572137,0.191450
deepconvnet,cross_session,sub-012,,ses-01,ses-03,0,,160,40,200,1,0.495000,0.495000,0.347861,0.544100,0.790165,0.581004,0.208373
deepconvnet,cross_session,sub-012,,ses-02,ses-01,0,,160,40,200,2,0.490000,0.490000,0.489183,0.465300,0.762723,0.560761,0.149183
deepconvnet,cross_session,sub-012,,ses-02,ses-03,0,,160,40,200,2,0.530000,0.530000,0.527686,0.530300,0.722160,0.523540,0.070217
deepconvnet,cross_session,sub-012,,ses-03,ses-01,0,,160,40,200,1,0.500000,0.500000,0.499800,0.519300,0.789119,0.576321,0.214271
deepconvnet,cross_session,sub-012,,ses-03,ses-02,0,,160,40,200,1,0.555000,0.555000,0.554454,0.533300,0.836303,0.593230,0.216709
deepconvnet,cross_session,sub-013,,ses-01,ses-02,0,,160,40,200,1,0.695000,0.695000,0.685364,0.748600,0.935633,0.442727,0.098249
deepconvnet,cross_session,sub-013,,ses-01,ses-03,0,,160,40,200,1,0.635000,0.635000,0.602732,0.739700,0.651450,0.456285,0.093121
deepconvnet,cross_session,sub-013,,ses-02,ses-01,0,,160,40,200,13,0.570000,0.570000,0.552083,0.645900,0.753269,0.528345,0.181978
deepconvnet,cross_session,sub-013,,ses-02,ses-03,0,,160,40,200,13,0.715000,0.715000,0.707024,0.820600,0.598074,0.375367,0.092580
deepconvnet,cross_session,sub-013,,ses-03,ses-01,0,,160,40,200,2,0.660000,0.660000,0.655836,0.727000,0.686542,0.451354,0.117892
deepconvnet,cross_session,sub-013,,ses-03,ses-02,0,,160,40,200,2,0.710000,0.710000,0.693802,0.836500,0.888363,0.442277,0.159280
deepconvnet,cross_session,sub-014,,ses-01,ses-02,0,,160,40,200,4,0.480000,0.480000,0.442299,0.468000,0.723961,0.529383,0.107477
deepconvnet,cross_session,sub-014,,ses-01,ses-03,0,,160,40,200,4,0.555000,0.555000,0.535478,0.545800,0.705185,0.506603,0.095524
deepconvnet,cross_session,sub-014,,ses-02,ses-01,0,,160,40,200,16,0.525000,0.525000,0.522985,0.531200,1.067695,0.665588,0.278025
deepconvnet,cross_session,sub-014,,ses-02,ses-03,0,,160,40,200,16,0.495000,0.495000,0.484154,0.434800,1.176407,0.712868,0.251492
deepconvnet,cross_session,sub-014,,ses-03,ses-01,0,,160,40,200,1,0.540000,0.540000,0.491094,0.556100,0.725362,0.524036,0.106879
deepconvnet,cross_session,sub-014,,ses-03,ses-02,0,,160,40,200,1,0.465000,0.465000,0.347063,0.431300,0.734308,0.537137,0.136982
deepconvnet,cross_session,sub-015,,ses-01,ses-02,0,,160,40,200,4,0.625000,0.625000,0.623409,0.683000,0.740398,0.489606,0.173349
deepconvnet,cross_session,sub-015,,ses-01,ses-03,0,,160,40,200,4,0.635000,0.635000,0.632935,0.644200,0.921600,0.513859,0.134515
deepconvnet,cross_session,sub-015,,ses-02,ses-01,0,,160,40,200,6,0.575000,0.575000,0.545442,0.574400,0.733350,0.527552,0.124600
deepconvnet,cross_session,sub-015,,ses-02,ses-03,0,,160,40,200,6,0.530000,0.530000,0.480031,0.581800,0.987394,0.580969,0.193634
deepconvnet,cross_session,sub-015,,ses-03,ses-01,0,,160,40,200,54,0.610000,0.610000,0.599754,0.660100,0.860872,0.548249,0.185424
deepconvnet,cross_session,sub-015,,ses-03,ses-02,0,,160,40,200,54,0.640000,0.640000,0.636364,0.709600,0.766118,0.485870,0.140997
deepconvnet,cross_session,sub-016,,ses-01,ses-02,0,,160,40,200,7,0.470000,0.470000,0.356484,0.382600,0.861442,0.638669,0.221885
deepconvnet,cross_session,sub-016,,ses-01,ses-03,0,,160,40,200,7,0.490000,0.490000,0.353120,0.464200,0.866903,0.630971,0.238850
deepconvnet,cross_session,sub-016,,ses-02,ses-01,0,,160,40,200,1,0.510000,0.510000,0.427302,0.543700,0.777508,0.567104,0.166666
deepconvnet,cross_session,sub-016,,ses-02,ses-03,0,,160,40,200,1,0.570000,0.570000,0.488095,0.568100,0.755515,0.548106,0.146676
deepconvnet,cross_session,sub-016,,ses-03,ses-01,0,,160,40,200,8,0.590000,0.590000,0.585859,0.632300,0.719244,0.504146,0.119484
deepconvnet,cross_session,sub-016,,ses-03,ses-02,0,,160,40,200,8,0.520000,0.520000,0.500000,0.548000,0.751249,0.548134,0.147654
deepconvnet,cross_session,sub-017,,ses-01,ses-02,0,,160,40,200,35,0.755000,0.755000,0.753217,0.857000,0.490513,0.319771,0.047264
deepconvnet,cross_session,sub-017,,ses-01,ses-03,0,,160,40,200,35,0.640000,0.640000,0.625000,0.818200,0.749378,0.479398,0.199849
deepconvnet,cross_session,sub-017,,ses-02,ses-01,0,,160,40,200,19,0.675000,0.675000,0.674927,0.751450,1.025862,0.471436,0.198401
deepconvnet,cross_session,sub-017,,ses-02,ses-03,0,,160,40,200,19,0.615000,0.615000,0.583502,0.800300,1.717815,0.670896,0.318093
deepconvnet,cross_session,sub-017,,ses-03,ses-01,0,,160,40,200,8,0.705000,0.705000,0.704934,0.752500,0.786970,0.416986,0.088735
deepconvnet,cross_session,sub-017,,ses-03,ses-02,0,,160,40,200,8,0.745000,0.745000,0.740952,0.821100,0.544784,0.365630,0.071595
deepconvnet,cross_session,sub-018,,ses-01,ses-02,0,,160,40,200,18,0.705000,0.705000,0.703331,0.748200,0.605116,0.417921,0.077191
deepconvnet,cross_session,sub-018,,ses-01,ses-03,0,,160,40,200,18,0.595000,0.595000,0.594990,0.654500,0.657752,0.464997,0.059543
deepconvnet,cross_session,sub-018,,ses-02,ses-01,0,,160,40,200,10,0.690000,0.690000,0.689503,0.731450,0.977928,0.453843,0.138672
deepconvnet,cross_session,sub-018,,ses-02,ses-03,0,,160,40,200,10,0.545000,0.545000,0.544898,0.593200,0.924701,0.588630,0.218502
deepconvnet,cross_session,sub-018,,ses-03,ses-01,0,,160,40,200,36,0.660000,0.660000,0.658772,0.697200,1.258103,0.563017,0.249530
deepconvnet,cross_session,sub-018,,ses-03,ses-02,0,,160,40,200,36,0.650000,0.650000,0.643003,0.721200,0.796512,0.503663,0.186290
deepconvnet,cross_session,sub-019,,ses-01,ses-02,0,,160,40,200,1,0.525000,0.525000,0.522985,0.529100,0.716940,0.520491,0.071260
deepconvnet,cross_session,sub-019,,ses-01,ses-03,0,,160,40,200,1,0.525000,0.525000,0.407712,0.583500,0.768401,0.562563,0.182317
deepconvnet,cross_session,sub-019,,ses-02,ses-01,0,,160,40,200,17,0.565000,0.565000,0.564728,0.564200,1.036508,0.648332,0.261134
deepconvnet,cross_session,sub-019,,ses-02,ses-03,0,,160,40,200,17,0.855000,0.855000,0.854706,0.915500,0.392929,0.224894,0.050675
deepconvnet,cross_session,sub-019,,ses-03,ses-01,0,,160,40,200,22,0.545000,0.545000,0.536554,0.607200,1.066027,0.646713,0.280763
deepconvnet,cross_session,sub-019,,ses-03,ses-02,0,,160,40,200,22,0.720000,0.720000,0.719298,0.778100,1.094724,0.457106,0.210989
deepconvnet,cross_session,sub-020,,ses-01,ses-02,0,,160,40,200,98,0.625000,0.625000,0.567362,0.890800,1.511851,0.625218,0.313448
deepconvnet,cross_session,sub-020,,ses-01,ses-03,0,,160,40,200,98,0.550000,0.550000,0.464286,0.696400,1.570179,0.719740,0.353526
deepconvnet,cross_session,sub-020,,ses-02,ses-01,0,,160,40,200,55,0.765000,0.765000,0.762380,0.854400,1.550992,0.405164,0.193744
deepconvnet,cross_session,sub-020,,ses-02,ses-03,0,,160,40,200,55,0.505000,0.505000,0.503996,0.510500,1.632296,0.767897,0.353290
deepconvnet,cross_session,sub-020,,ses-03,ses-01,0,,160,40,200,34,0.525000,0.525000,0.460825,0.530500,5.472876,0.950745,0.478455
deepconvnet,cross_session,sub-020,,ses-03,ses-02,0,,160,40,200,34,0.360000,0.360000,0.330474,0.287100,2.771417,1.102330,0.530811
deepconvnet,cross_session,sub-021,,ses-01,ses-02,0,,160,40,200,1,0.525000,0.525000,0.420290,0.585700,0.787390,0.567474,0.168595
deepconvnet,cross_session,sub-021,,ses-01,ses-03,0,,160,40,200,1,0.535000,0.535000,0.426475,0.590000,0.733273,0.534485,0.159259
deepconvnet,cross_session,sub-021,,ses-02,ses-01,0,,160,40,200,14,0.625000,0.625000,0.624540,0.689300,0.674240,0.469921,0.116101
deepconvnet,cross_session,sub-021,,ses-02,ses-03,0,,160,40,200,14,0.600000,0.600000,0.573333,0.692100,0.853678,0.537295,0.199717
deepconvnet,cross_session,sub-021,,ses-03,ses-01,0,,160,40,200,2,0.505000,0.505000,0.344349,0.625200,1.704637,0.887302,0.446239
deepconvnet,cross_session,sub-021,,ses-03,ses-02,0,,160,40,200,2,0.490000,0.490000,0.468750,0.508600,1.622983,0.854767,0.404212
deepconvnet,cross_session,sub-022,,ses-01,ses-02,0,,160,40,200,47,0.535000,0.535000,0.520309,0.605600,0.982601,0.600890,0.255885
deepconvnet,cross_session,sub-022,,ses-01,ses-03,0,,160,40,200,47,0.600000,0.600000,0.573333,0.668000,0.933297,0.550334,0.185649
deepconvnet,cross_session,sub-022,,ses-02,ses-01,0,,160,40,200,26,0.500000,0.500000,0.497538,0.525600,1.143485,0.711811,0.312724
deepconvnet,cross_session,sub-022,,ses-02,ses-03,0,,160,40,200,26,0.630000,0.630000,0.629852,0.706300,0.810413,0.493994,0.176838
deepconvnet,cross_session,sub-022,,ses-03,ses-01,0,,160,40,200,13,0.635000,0.635000,0.632344,0.673400,1.095449,0.540798,0.212483
deepconvnet,cross_session,sub-022,,ses-03,ses-02,0,,160,40,200,13,0.620000,0.620000,0.618627,0.588800,1.184985,0.636874,0.282942
deepconvnet,cross_session,sub-023,,ses-02,ses-03,0,,160,40,200,7,0.730000,0.730000,0.729757,0.773000,0.652009,0.396845,0.109245
deepconvnet,cross_session,sub-023,,ses-03,ses-02,0,,160,40,200,2,0.565000,0.565000,0.563154,0.581800,0.995658,0.630622,0.257545
deepconvnet,cross_session,sub-025,,ses-01,ses-02,0,,160,40,200,3,0.870000,0.870000,0.869987,0.943300,0.343681,0.180977,0.068734
deepconvnet,cross_session,sub-025,,ses-01,ses-03,0,,160,40,200,3,0.825000,0.825000,0.824891,0.901400,0.531153,0.265518,0.103810
deepconvnet,cross_session,sub-025,,ses-02,ses-01,0,,160,40,200,24,0.880000,0.880000,0.879952,0.937800,0.423081,0.193775,0.079471
deepconvnet,cross_session,sub-025,,ses-02,ses-03,0,,160,40,200,24,0.875000,0.875000,0.874847,0.936400,0.466877,0.213250,0.087765
deepconvnet,cross_session,sub-025,,ses-03,ses-01,0,,160,40,200,18,0.805000,0.805000,0.804761,0.866700,0.542365,0.318407,0.115807
deepconvnet,cross_session,sub-025,,ses-03,ses-02,0,,160,40,200,18,0.890000,0.890000,0.890000,0.940400,0.341363,0.178021,0.041591
deepconvnet,cross_session,sub-026,,ses-02,ses-03,0,,160,40,200,10,0.890000,0.890000,0.889458,0.956100,0.328164,0.171890,0.049635
deepconvnet,cross_session,sub-026,,ses-03,ses-02,0,,160,40,200,4,0.910000,0.910000,0.909774,0.958400,0.282651,0.146194,0.035157
deepconvnet,cross_session,sub-027,,ses-01,ses-02,0,,160,40,200,23,0.575000,0.575000,0.574138,0.620850,2.269325,0.735501,0.364237
deepconvnet,cross_session,sub-027,,ses-01,ses-03,0,,160,40,200,23,0.705000,0.705000,0.699524,0.787300,0.743966,0.434003,0.157373
deepconvnet,cross_session,sub-027,,ses-02,ses-01,0,,160,40,200,3,0.580000,0.580000,0.513382,0.745900,0.656550,0.463976,0.104400
deepconvnet,cross_session,sub-027,,ses-02,ses-03,0,,160,40,200,3,0.595000,0.595000,0.547170,0.760900,0.646169,0.454635,0.107768
deepconvnet,cross_session,sub-027,,ses-03,ses-01,0,,160,40,200,21,0.790000,0.790000,0.789979,0.818750,0.889901,0.365331,0.154342
deepconvnet,cross_session,sub-027,,ses-03,ses-02,0,,160,40,200,21,0.580000,0.580000,0.578483,0.628150,2.531314,0.768597,0.383495
deepconvnet,cross_session,sub-028,,ses-01,ses-02,0,,160,40,200,29,0.720000,0.720000,0.717172,0.798300,1.258899,0.464044,0.223389
deepconvnet,cross_session,sub-028,,ses-01,ses-03,0,,160,40,200,29,0.580000,0.580000,0.579958,0.617400,1.266378,0.605263,0.244095
deepconvnet,cross_session,sub-028,,ses-02,ses-01,0,,160,40,200,17,0.550000,0.550000,0.459070,0.841100,0.762897,0.535335,0.248503
deepconvnet,cross_session,sub-028,,ses-02,ses-03,0,,160,40,200,17,0.495000,0.495000,0.331104,0.645500,1.201556,0.769955,0.390257
deepconvnet,cross_session,sub-028,,ses-03,ses-01,0,,160,40,200,7,0.520000,0.520000,0.391172,0.599000,1.099582,0.726126,0.331370
deepconvnet,cross_session,sub-028,,ses-03,ses-02,0,,160,40,200,7,0.610000,0.610000,0.599754,0.628600,1.059441,0.588456,0.209630
deepconvnet,cross_session,sub-029,,ses-01,ses-02,0,,160,40,200,16,0.500000,0.500000,0.485120,0.500450,4.037676,0.929762,0.459663
deepconvnet,cross_session,sub-029,,ses-01,ses-03,0,,160,40,200,16,0.525000,0.525000,0.497235,0.526700,2.105126,0.839779,0.397123
deepconvnet,cross_session,sub-029,,ses-02,ses-01,0,,160,40,200,21,0.335000,0.335000,0.327587,0.323600,1.572874,0.949759,0.467339
deepconvnet,cross_session,sub-029,,ses-02,ses-03,0,,160,40,200,21,0.935000,0.935000,0.934920,0.990600,0.137722,0.077766,0.031332
deepconvnet,cross_session,sub-029,,ses-03,ses-01,0,,160,40,200,26,0.425000,0.425000,0.402271,0.445900,1.565170,0.867607,0.405552
deepconvnet,cross_session,sub-029,,ses-03,ses-02,0,,160,40,200,26,0.725000,0.725000,0.723833,0.765850,2.032480,0.500829,0.244822
deepconvnet,cross_session,sub-030,,ses-01,ses-02,0,,160,40,200,17,0.525000,0.525000,0.386602,0.935500,0.682472,0.489332,0.011806
deepconvnet,cross_session,sub-030,,ses-01,ses-03,0,,160,40,200,17,0.600000,0.600000,0.523810,0.927300,0.680093,0.486955,0.087240
deepconvnet,cross_session,sub-030,,ses-02,ses-01,0,,160,40,200,3,0.890000,0.890000,0.889824,0.955650,0.424074,0.176711,0.062304
deepconvnet,cross_session,sub-030,,ses-02,ses-03,0,,160,40,200,3,0.905000,0.905000,0.904979,0.957100,0.269879,0.162896,0.059352
deepconvnet,cross_session,sub-030,,ses-03,ses-01,0,,160,40,200,1,0.790000,0.790000,0.785166,0.924550,0.592316,0.310531,0.091834
deepconvnet,cross_session,sub-030,,ses-03,ses-02,0,,160,40,200,1,0.840000,0.840000,0.839856,0.927700,0.356528,0.227948,0.072087
deepconvnet,cross_session,sub-031,,ses-01,ses-02,0,,160,40,200,24,0.630000,0.630000,0.628178,0.709200,1.653704,0.616313,0.286317
deepconvnet,cross_session,sub-031,,ses-01,ses-03,0,,160,40,200,24,0.605000,0.605000,0.597667,0.673400,2.493665,0.706831,0.341420
deepconvnet,cross_session,sub-031,,ses-02,ses-01,0,,160,40,200,17,0.635000,0.635000,0.588860,0.810000,1.134185,0.577963,0.269087
deepconvnet,cross_session,sub-031,,ses-02,ses-03,0,,160,40,200,17,0.770000,0.770000,0.769793,0.840800,0.947404,0.373682,0.170194
deepconvnet,cross_session,sub-031,,ses-03,ses-01,0,,160,40,200,8,0.530000,0.530000,0.410658,0.754100,1.092959,0.687384,0.346112
deepconvnet,cross_session,sub-031,,ses-03,ses-02,0,,160,40,200,8,0.690000,0.690000,0.659341,0.903800,0.607236,0.413928,0.143391
deepconvnet,cross_session,sub-032,,ses-01,ses-03,0,,160,40,200,8,0.595000,0.595000,0.594178,0.658200,0.684860,0.478810,0.096878
deepconvnet,cross_session,sub-032,,ses-03,ses-01,0,,160,40,200,10,0.565000,0.565000,0.564902,0.577600,1.049584,0.609240,0.220870
deepconvnet,cross_session,sub-033,,ses-01,ses-02,0,,160,40,200,9,0.760000,0.760000,0.751964,0.909800,0.580381,0.347995,0.135714
deepconvnet,cross_session,sub-033,,ses-01,ses-03,0,,160,40,200,9,0.775000,0.775000,0.766106,0.897900,0.616429,0.350931,0.143886
deepconvnet,cross_session,sub-033,,ses-02,ses-01,0,,160,40,200,17,0.770000,0.770000,0.762298,0.903500,0.691178,0.375220,0.168273
deepconvnet,cross_session,sub-033,,ses-02,ses-03,0,,160,40,200,17,0.840000,0.840000,0.839984,0.887100,0.588641,0.273276,0.113808
deepconvnet,cross_session,sub-033,,ses-03,ses-01,0,,160,40,200,88,0.855000,0.855000,0.854996,0.943300,0.466997,0.217484,0.105379
deepconvnet,cross_session,sub-033,,ses-03,ses-02,0,,160,40,200,88,0.885000,0.885000,0.884974,0.949900,0.402460,0.201249,0.093502
deepconvnet,cross_session,sub-034,,ses-01,ses-02,0,,160,40,200,5,0.770000,0.770000,0.768519,0.858600,0.488351,0.314776,0.073817
deepconvnet,cross_session,sub-034,,ses-01,ses-03,0,,160,40,200,5,0.710000,0.710000,0.705763,0.791400,0.549999,0.379156,0.059843
deepconvnet,cross_session,sub-034,,ses-02,ses-01,0,,160,40,200,21,0.675000,0.675000,0.664732,0.675150,1.860013,0.605483,0.288399
deepconvnet,cross_session,sub-034,,ses-02,ses-03,0,,160,40,200,21,0.915000,0.915000,0.914998,0.966000,0.250458,0.133943,0.046373
deepconvnet,cross_session,sub-034,,ses-03,ses-01,0,,160,40,200,22,0.725000,0.725000,0.721934,0.757300,1.147075,0.479123,0.207216
deepconvnet,cross_session,sub-034,,ses-03,ses-02,0,,160,40,200,22,0.910000,0.910000,0.909557,0.975900,0.300107,0.152760,0.052467
deepconvnet,cross_session,sub-035,,ses-01,ses-02,0,,160,40,200,18,0.950000,0.950000,0.949980,0.983500,0.170974,0.087914,0.028825
deepconvnet,cross_session,sub-035,,ses-01,ses-03,0,,160,40,200,18,0.860000,0.860000,0.859944,0.939100,0.529114,0.212941,0.093090
deepconvnet,cross_session,sub-035,,ses-02,ses-01,0,,160,40,200,25,0.975000,0.975000,0.974994,0.999400,0.040843,0.023782,0.025746
deepconvnet,cross_session,sub-035,,ses-02,ses-03,0,,160,40,200,25,0.920000,0.920000,0.919872,0.978200,0.233665,0.105712,0.040944
deepconvnet,cross_session,sub-035,,ses-03,ses-01,0,,160,40,200,1,0.745000,0.745000,0.735963,0.866900,0.522697,0.345462,0.058301
deepconvnet,cross_session,sub-035,,ses-03,ses-02,0,,160,40,200,1,0.645000,0.645000,0.608589,0.880900,0.645784,0.455490,0.174345
deepconvnet,cross_session,sub-036,,ses-01,ses-02,0,,160,40,200,38,0.910000,0.910000,0.909919,0.979200,0.192422,0.115064,0.037699
deepconvnet,cross_session,sub-036,,ses-01,ses-03,0,,160,40,200,38,0.975000,0.975000,0.974994,0.995000,0.096906,0.050699,0.023185
deepconvnet,cross_session,sub-036,,ses-02,ses-01,0,,160,40,200,27,0.885000,0.885000,0.884997,0.908550,0.734598,0.195401,0.097814
deepconvnet,cross_session,sub-036,,ses-02,ses-03,0,,160,40,200,27,0.980000,0.980000,0.980000,0.998500,0.044704,0.024271,0.013967
deepconvnet,cross_session,sub-036,,ses-03,ses-01,0,,160,40,200,44,0.825000,0.825000,0.824645,0.881300,1.093173,0.286891,0.140838
deepconvnet,cross_session,sub-036,,ses-03,ses-02,0,,160,40,200,44,0.900000,0.900000,0.899960,0.956900,0.384090,0.177291,0.067150
deepconvnet,cross_session,sub-037,,ses-01,ses-02,0,,160,40,200,76,0.880000,0.880000,0.879566,0.957200,0.315653,0.184897,0.037188
deepconvnet,cross_session,sub-037,,ses-01,ses-03,0,,160,40,200,76,0.845000,0.845000,0.842540,0.941100,0.462725,0.228099,0.071644
deepconvnet,cross_session,sub-037,,ses-02,ses-01,0,,160,40,200,8,0.795000,0.795000,0.793508,0.915200,0.651666,0.305282,0.147852
deepconvnet,cross_session,sub-037,,ses-02,ses-03,0,,160,40,200,8,0.840000,0.840000,0.839744,0.905850,0.665452,0.243143,0.089491
deepconvnet,cross_session,sub-037,,ses-03,ses-01,0,,160,40,200,10,0.820000,0.820000,0.819114,0.927400,0.485684,0.254868,0.104103
deepconvnet,cross_session,sub-037,,ses-03,ses-02,0,,160,40,200,10,0.895000,0.895000,0.894406,0.959300,0.342200,0.168214,0.055629
deepconvnet,cross_session,sub-038,,ses-01,ses-02,0,,160,40,200,5,0.390000,0.390000,0.371846,0.354700,0.714717,0.521445,0.142793
deepconvnet,cross_session,sub-038,,ses-01,ses-03,0,,160,40,200,5,0.565000,0.565000,0.549585,0.579200,0.686453,0.493327,0.041486
deepconvnet,cross_session,sub-038,,ses-02,ses-01,0,,160,40,200,9,0.525000,0.525000,0.456506,0.496300,1.022388,0.683600,0.276046
deepconvnet,cross_session,sub-038,,ses-02,ses-03,0,,160,40,200,9,0.485000,0.485000,0.405844,0.468300,1.066808,0.717502,0.293855
deepconvnet,cross_session,sub-038,,ses-03,ses-01,0,,160,40,200,31,0.565000,0.565000,0.564466,0.573900,3.194957,0.761686,0.362051
deepconvnet,cross_session,sub-038,,ses-03,ses-02,0,,160,40,200,31,0.445000,0.445000,0.436190,0.417400,3.585284,1.021728,0.489384
deepconvnet,cross_session,sub-039,,ses-01,ses-02,0,,160,40,200,16,0.440000,0.440000,0.436393,0.432400,1.535557,0.846757,0.390962
deepconvnet,cross_session,sub-039,,ses-01,ses-03,0,,160,40,200,16,0.470000,0.470000,0.421334,0.476300,1.507458,0.825378,0.395291
deepconvnet,cross_session,sub-039,,ses-02,ses-01,0,,160,40,200,5,0.415000,0.415000,0.394269,0.360900,1.432804,0.869982,0.407883
deepconvnet,cross_session,sub-039,,ses-02,ses-03,0,,160,40,200,5,0.610000,0.610000,0.576823,0.720400,0.966240,0.585891,0.247139
deepconvnet,cross_session,sub-039,,ses-03,ses-01,0,,160,40,200,1,0.555000,0.555000,0.553650,0.543100,0.729962,0.530460,0.123545
deepconvnet,cross_session,sub-039,,ses-03,ses-02,0,,160,40,200,1,0.540000,0.540000,0.539263,0.568100,0.681198,0.489706,0.082239
deepconvnet,cross_session,sub-040,,ses-01,ses-02,0,,160,40,200,8,0.635000,0.635000,0.630931,0.666100,0.726335,0.496755,0.119662
deepconvnet,cross_session,sub-040,,ses-01,ses-03,0,,160,40,200,8,0.740000,0.740000,0.737374,0.778300,0.584485,0.384209,0.095515
deepconvnet,cross_session,sub-040,,ses-02,ses-01,0,,160,40,200,1,0.630000,0.630000,0.628663,0.668800,0.649848,0.457772,0.041170
deepconvnet,cross_session,sub-040,,ses-02,ses-03,0,,160,40,200,1,0.565000,0.565000,0.564728,0.610900,0.684877,0.490315,0.075015
deepconvnet,cross_session,sub-040,,ses-03,ses-01,0,,160,40,200,4,0.535000,0.535000,0.527619,0.594900,0.756680,0.535777,0.165465
deepconvnet,cross_session,sub-040,,ses-03,ses-02,0,,160,40,200,4,0.560000,0.560000,0.559604,0.588500,0.746970,0.537803,0.165219
deepconvnet,cross_session,sub-041,,ses-01,ses-02,0,,160,40,200,4,0.810000,0.810000,0.809924,0.898600,0.441474,0.262514,0.089119
deepconvnet,cross_session,sub-041,,ses-01,ses-03,0,,160,40,200,4,0.855000,0.855000,0.854385,0.912400,0.428055,0.233798,0.080114
deepconvnet,cross_session,sub-041,,ses-02,ses-01,0,,160,40,200,7,0.820000,0.820000,0.819982,0.876400,0.473820,0.279237,0.059438
deepconvnet,cross_session,sub-041,,ses-02,ses-03,0,,160,40,200,7,0.845000,0.845000,0.844342,0.927900,0.369547,0.221543,0.056038
deepconvnet,cross_session,sub-041,,ses-03,ses-01,0,,160,40,200,6,0.805000,0.805000,0.800812,0.895500,0.530053,0.289737,0.087779
deepconvnet,cross_session,sub-041,,ses-03,ses-02,0,,160,40,200,6,0.845000,0.845000,0.843588,0.910500,0.434783,0.244530,0.057725
deepconvnet,cross_session,sub-042,,ses-01,ses-02,0,,160,40,200,27,0.730000,0.730000,0.727795,0.778800,1.004470,0.448961,0.175446
deepconvnet,cross_session,sub-042,,ses-01,ses-03,0,,160,40,200,27,0.620000,0.620000,0.618627,0.636300,2.341323,0.662240,0.325797
deepconvnet,cross_session,sub-042,,ses-02,ses-01,0,,160,40,200,7,0.705000,0.705000,0.704993,0.710600,0.645622,0.448638,0.139824
deepconvnet,cross_session,sub-042,,ses-02,ses-03,0,,160,40,200,7,0.490000,0.490000,0.482549,0.508800,0.785573,0.572308,0.171145
deepconvnet,cross_session,sub-042,,ses-03,ses-01,0,,160,40,200,9,0.595000,0.595000,0.588571,0.645000,0.719694,0.503131,0.101374
deepconvnet,cross_session,sub-042,,ses-03,ses-02,0,,160,40,200,9,0.515000,0.515000,0.478368,0.512200,0.899425,0.637346,0.234364
deepconvnet,cross_session,sub-043,,ses-01,ses-02,0,,160,40,200,33,0.915000,0.915000,0.914519,0.981700,0.246481,0.141061,0.066530
deepconvnet,cross_session,sub-043,,ses-01,ses-03,0,,160,40,200,33,0.845000,0.845000,0.843588,0.945500,0.474671,0.240218,0.097821
deepconvnet,cross_session,sub-043,,ses-02,ses-01,0,,160,40,200,100,0.965000,0.965000,0.964992,0.995100,0.109883,0.053587,0.027325
deepconvnet,cross_session,sub-043,,ses-02,ses-03,0,,160,40,200,100,0.905000,0.905000,0.904979,0.974000,0.341044,0.148238,0.079287
deepconvnet,cross_session,sub-043,,ses-03,ses-01,0,,160,40,200,36,0.945000,0.945000,0.944933,0.996800,0.095863,0.066093,0.042618
deepconvnet,cross_session,sub-043,,ses-03,ses-02,0,,160,40,200,36,0.940000,0.940000,0.939904,0.989700,0.159397,0.095268,0.030211
deepconvnet,cross_session,sub-044,,ses-01,ses-02,0,,160,40,200,5,0.550000,0.550000,0.548374,0.582200,0.772376,0.554568,0.170268
deepconvnet,cross_session,sub-044,,ses-01,ses-03,0,,160,40,200,5,0.570000,0.570000,0.543718,0.606000,0.745611,0.536615,0.132089
deepconvnet,cross_session,sub-044,,ses-02,ses-01,0,,160,40,200,13,0.615000,0.615000,0.594470,0.663700,1.019785,0.595709,0.240709
deepconvnet,cross_session,sub-044,,ses-02,ses-03,0,,160,40,200,13,0.650000,0.650000,0.622479,0.806600,0.777756,0.505382,0.192440
deepconvnet,cross_session,sub-044,,ses-03,ses-01,0,,160,40,200,6,0.570000,0.570000,0.561404,0.629700,0.996056,0.609290,0.240495
deepconvnet,cross_session,sub-044,,ses-03,ses-02,0,,160,40,200,6,0.685000,0.685000,0.676184,0.814300,0.652816,0.432469,0.153535
deepconvnet,cross_session,sub-045,,ses-01,ses-02,0,,160,40,200,15,0.750000,0.750000,0.749775,0.800400,0.718101,0.393354,0.140488
deepconvnet,cross_session,sub-045,,ses-01,ses-03,0,,160,40,200,15,0.780000,0.780000,0.779912,0.833600,0.549811,0.331147,0.067115
deepconvnet,cross_session,sub-045,,ses-02,ses-01,0,,160,40,200,8,0.710000,0.710000,0.709739,0.770600,0.655508,0.407681,0.132516
deepconvnet,cross_session,sub-045,,ses-02,ses-03,0,,160,40,200,8,0.675000,0.675000,0.674341,0.716000,0.730613,0.450682,0.096362
deepconvnet,cross_session,sub-045,,ses-03,ses-01,0,,160,40,200,23,0.780000,0.780000,0.779912,0.868300,0.684349,0.320234,0.145063
deepconvnet,cross_session,sub-045,,ses-03,ses-02,0,,160,40,200,23,0.765000,0.765000,0.760638,0.859200,0.746541,0.355266,0.140733
deepconvnet,cross_session,sub-046,,ses-01,ses-02,0,,160,40,200,49,0.950000,0.950000,0.949980,0.993300,0.116577,0.068434,0.033548
deepconvnet,cross_session,sub-046,,ses-01,ses-03,0,,160,40,200,49,0.945000,0.945000,0.944999,0.979050,0.221993,0.089243,0.039153
deepconvnet,cross_session,sub-046,,ses-02,ses-01,0,,160,40,200,86,0.965000,0.965000,0.964999,0.996000,0.090438,0.051828,0.030269
deepconvnet,cross_session,sub-046,,ses-02,ses-03,0,,160,40,200,86,0.945000,0.945000,0.944999,0.958950,0.425423,0.105937,0.056734
deepconvnet,cross_session,sub-046,,ses-03,ses-01,0,,160,40,200,70,0.980000,0.980000,0.979998,0.998900,0.046115,0.027444,0.015856
deepconvnet,cross_session,sub-046,,ses-03,ses-02,0,,160,40,200,70,0.975000,0.975000,0.974999,0.992750,0.116122,0.036739,0.023798
deepconvnet,cross_session,sub-047,,ses-01,ses-02,0,,160,40,200,13,0.700000,0.700000,0.698068,0.772100,0.977959,0.453847,0.180311
deepconvnet,cross_session,sub-047,,ses-01,ses-03,0,,160,40,200,13,0.685000,0.685000,0.682708,0.715500,0.926363,0.490306,0.169394
deepconvnet,cross_session,sub-047,,ses-02,ses-01,0,,160,40,200,16,0.795000,0.795000,0.794130,0.862400,0.501905,0.316774,0.084361
deepconvnet,cross_session,sub-047,,ses-02,ses-03,0,,160,40,200,16,0.725000,0.725000,0.724828,0.750200,0.867095,0.448103,0.176516
deepconvnet,cross_session,sub-047,,ses-03,ses-01,0,,160,40,200,25,0.735000,0.735000,0.731448,0.811600,0.720935,0.416644,0.149142
deepconvnet,cross_session,sub-047,,ses-03,ses-02,0,,160,40,200,25,0.715000,0.715000,0.707984,0.826200,0.697251,0.411814,0.146156
deepconvnet,cross_session,sub-048,,ses-01,ses-02,0,,160,40,200,11,0.840000,0.840000,0.839599,0.932100,0.352947,0.210505,0.076587
deepconvnet,cross_session,sub-048,,ses-01,ses-03,0,,160,40,200,11,0.805000,0.805000,0.800200,0.938700,0.472025,0.288325,0.102922
deepconvnet,cross_session,sub-048,,ses-02,ses-01,0,,160,40,200,4,0.805000,0.805000,0.801905,0.881500,0.607100,0.314210,0.116798
deepconvnet,cross_session,sub-048,,ses-02,ses-03,0,,160,40,200,4,0.685000,0.685000,0.654974,0.907200,0.800796,0.454003,0.215149
deepconvnet,cross_session,sub-048,,ses-03,ses-01,0,,160,40,200,4,0.675000,0.675000,0.648411,0.900400,0.786977,0.475502,0.206704
deepconvnet,cross_session,sub-048,,ses-03,ses-02,0,,160,40,200,4,0.640000,0.640000,0.598930,0.906000,0.925316,0.537348,0.271957
deepconvnet,cross_session,sub-049,,ses-01,ses-02,0,,160,40,200,1,0.490000,0.490000,0.418803,0.418200,1.141553,0.724742,0.297504
deepconvnet,cross_session,sub-049,,ses-01,ses-03,0,,160,40,200,1,0.510000,0.510000,0.437040,0.563700,0.786926,0.560010,0.162714
deepconvnet,cross_session,sub-049,,ses-02,ses-01,0,,160,40,200,2,0.530000,0.530000,0.512398,0.593800,0.710179,0.514763,0.126208
deepconvnet,cross_session,sub-049,,ses-02,ses-03,0,,160,40,200,2,0.540000,0.540000,0.539263,0.554600,0.726380,0.524175,0.090583
deepconvnet,cross_session,sub-049,,ses-03,ses-01,0,,160,40,200,33,0.720000,0.720000,0.712644,0.811900,1.039588,0.471581,0.212053
deepconvnet,cross_session,sub-049,,ses-03,ses-02,0,,160,40,200,33,0.680000,0.680000,0.679487,0.681150,1.800903,0.583176,0.268465
deepconvnet,cross_session,sub-050,,ses-01,ses-02,0,,160,40,200,14,0.880000,0.880000,0.879699,0.967500,0.266358,0.165926,0.052315
deepconvnet,cross_session,sub-050,,ses-01,ses-03,0,,160,40,200,14,0.810000,0.810000,0.808776,0.918900,0.382730,0.250455,0.049260
deepconvnet,cross_session,sub-050,,ses-02,ses-01,0,,160,40,200,54,0.755000,0.755000,0.754847,0.803850,1.752373,0.435344,0.211796
deepconvnet,cross_session,sub-050,,ses-02,ses-03,0,,160,40,200,54,0.900000,0.900000,0.899508,0.961100,0.418252,0.159107,0.067320
deepconvnet,cross_session,sub-050,,ses-03,ses-01,0,,160,40,200,19,0.720000,0.720000,0.715909,0.724300,2.428397,0.517844,0.249994
deepconvnet,cross_session,sub-050,,ses-03,ses-02,0,,160,40,200,19,0.890000,0.890000,0.889291,0.966900,0.339294,0.182720,0.060679
deepconvnet,cross_session,sub-051,,ses-01,ses-02,0,,160,40,200,30,0.555000,0.555000,0.472733,0.714600,1.101402,0.663164,0.308476
deepconvnet,cross_session,sub-051,,ses-01,ses-03,0,,160,40,200,30,0.700000,0.700000,0.686160,0.858500,0.754393,0.430035,0.155978
deepconvnet,cross_session,sub-051,,ses-02,ses-01,0,,160,40,200,6,0.625000,0.625000,0.616946,0.683300,0.763753,0.496888,0.139981
deepconvnet,cross_session,sub-051,,ses-02,ses-03,0,,160,40,200,6,0.755000,0.755000,0.754945,0.797700,0.559390,0.367543,0.095632
deepconvnet,cross_session,sub-051,,ses-03,ses-01,0,,160,40,200,7,0.670000,0.670000,0.669967,0.703200,1.085009,0.526991,0.221831
deepconvnet,cross_session,sub-051,,ses-03,ses-02,0,,160,40,200,7,0.680000,0.680000,0.671593,0.763800,0.632715,0.429279,0.086821
deepconvnet,cross_session,sub-001,,ses-01,ses-02,1,,160,40,200,19,0.555000,0.555000,0.546739,0.579200,0.918931,0.603046,0.212365
deepconvnet,cross_session,sub-001,,ses-01,ses-03,1,,160,40,200,19,0.665000,0.665000,0.657805,0.739500,0.690201,0.468471,0.137157
deepconvnet,cross_session,sub-001,,ses-02,ses-01,1,,160,40,200,38,0.605000,0.605000,0.591002,0.674850,1.784303,0.649121,0.314240
deepconvnet,cross_session,sub-001,,ses-02,ses-03,1,,160,40,200,38,0.920000,0.920000,0.919968,0.979600,0.216562,0.129153,0.042048
deepconvnet,cross_session,sub-001,,ses-03,ses-01,1,,160,40,200,57,0.715000,0.715000,0.711180,0.761450,1.734994,0.509546,0.242391
deepconvnet,cross_session,sub-001,,ses-03,ses-02,1,,160,40,200,57,0.840000,0.840000,0.840000,0.920900,0.570927,0.265800,0.124644
deepconvnet,cross_session,sub-002,,ses-01,ses-02,1,,160,40,200,2,0.570000,0.570000,0.566489,0.592600,0.715902,0.513881,0.112822
deepconvnet,cross_session,sub-002,,ses-01,ses-03,1,,160,40,200,2,0.560000,0.560000,0.543521,0.593200,0.715478,0.511041,0.091522
deepconvnet,cross_session,sub-002,,ses-02,ses-01,1,,160,40,200,6,0.555000,0.555000,0.554454,0.577900,0.713950,0.514160,0.117727
deepconvnet,cross_session,sub-002,,ses-02,ses-03,1,,160,40,200,6,0.640000,0.640000,0.639964,0.702000,0.638209,0.442895,0.068685
deepconvnet,cross_session,sub-002,,ses-03,ses-01,1,,160,40,200,3,0.630000,0.630000,0.618989,0.719600,0.679240,0.466763,0.130651
deepconvnet,cross_session,sub-002,,ses-03,ses-02,1,,160,40,200,3,0.640000,0.640000,0.629286,0.698700,0.753055,0.488521,0.129840
deepconvnet,cross_session,sub-003,,ses-01,ses-02,1,,160,40,200,58,0.885000,0.885000,0.884163,0.952900,0.357300,0.180418,0.064784
deepconvnet,cross_session,sub-003,,ses-01,ses-03,1,,160,40,200,58,0.920000,0.920000,0.919992,0.955550,0.384628,0.133158,0.052744
deepconvnet,cross_session,sub-003,,ses-02,ses-01,1,,160,40,200,34,0.815000,0.815000,0.814995,0.872400,0.726653,0.310983,0.130472
deepconvnet,cross_session,sub-003,,ses-02,ses-03,1,,160,40,200,34,0.760000,0.760000,0.759615,0.864500,0.952611,0.365617,0.180478
deepconvnet,cross_session,sub-003,,ses-03,ses-01,1,,160,40,200,35,0.570000,0.570000,0.533420,0.605600,0.738339,0.525143,0.097583
deepconvnet,cross_session,sub-003,,ses-03,ses-02,1,,160,40,200,35,0.545000,0.545000,0.444699,0.670700,0.667915,0.478077,0.075724
deepconvnet,cross_session,sub-004,,ses-01,ses-02,1,,160,40,200,6,0.525000,0.525000,0.522985,0.537700,0.747623,0.538981,0.102909
deepconvnet,cross_session,sub-004,,ses-01,ses-03,1,,160,40,200,6,0.530000,0.530000,0.524243,0.507500,0.810459,0.582551,0.156558
deepconvnet,cross_session,sub-004,,ses-02,ses-01,1,,160,40,200,14,0.545000,0.545000,0.544442,0.525000,0.822669,0.585316,0.185190
deepconvnet,cross_session,sub-004,,ses-02,ses-03,1,,160,40,200,14,0.485000,0.485000,0.473940,0.501900,0.881502,0.614227,0.212907
deepconvnet,cross_session,sub-004,,ses-03,ses-01,1,,160,40,200,7,0.530000,0.530000,0.510417,0.546700,0.722005,0.524438,0.110479
deepconvnet,cross_session,sub-004,,ses-03,ses-02,1,,160,40,200,7,0.485000,0.485000,0.432178,0.486400,0.778447,0.569372,0.187285
deepconvnet,cross_session,sub-005,,ses-01,ses-02,1,,160,40,200,88,0.835000,0.835000,0.834897,0.911300,0.670943,0.278737,0.129796
deepconvnet,cross_session,sub-005,,ses-01,ses-03,1,,160,40,200,88,0.600000,0.600000,0.597424,0.682900,1.314719,0.621982,0.294354
deepconvnet,cross_session,sub-005,,ses-02,ses-01,1,,160,40,200,39,0.735000,0.735000,0.732587,0.819800,0.798867,0.410096,0.153354
deepconvnet,cross_session,sub-005,,ses-02,ses-03,1,,160,40,200,39,0.515000,0.515000,0.495829,0.480100,1.463605,0.769474,0.323314
deepconvnet,cross_session,sub-005,,ses-03,ses-01,1,,160,40,200,1,0.500000,0.500000,0.486864,0.530600,0.707723,0.513283,0.092352
deepconvnet,cross_session,sub-005,,ses-03,ses-02,1,,160,40,200,1,0.510000,0.510000,0.509951,0.534100,0.696380,0.503929,0.105699
deepconvnet,cross_session,sub-006,,ses-01,ses-02,1,,160,40,200,10,0.715000,0.715000,0.695179,0.940000,0.616288,0.397257,0.167708
deepconvnet,cross_session,sub-006,,ses-01,ses-03,1,,160,40,200,10,0.880000,0.880000,0.879020,0.971700,0.313751,0.183908,0.064261
deepconvnet,cross_session,sub-006,,ses-02,ses-01,1,,160,40,200,28,0.765000,0.765000,0.755711,0.871300,1.191903,0.396311,0.192278
deepconvnet,cross_session,sub-006,,ses-02,ses-03,1,,160,40,200,28,0.860000,0.860000,0.858586,0.929600,0.785642,0.250812,0.124233
deepconvnet,cross_session,sub-006,,ses-03,ses-01,1,,160,40,200,34,0.530000,0.530000,0.514262,0.608250,2.601888,0.821365,0.414352
deepconvnet,cross_session,sub-006,,ses-03,ses-02,1,,160,40,200,34,0.750000,0.750000,0.739583,0.873100,1.091719,0.418057,0.176608
deepconvnet,cross_session,sub-007,,ses-01,ses-02,1,,160,40,200,4,0.750000,0.750000,0.749373,0.799800,0.582522,0.394498,0.129211
deepconvnet,cross_session,sub-007,,ses-01,ses-03,1,,160,40,200,4,0.860000,0.860000,0.859098,0.926400,0.490190,0.310123,0.210664
deepconvnet,cross_session,sub-007,,ses-02,ses-01,1,,160,40,200,25,0.615000,0.615000,0.614528,0.688900,1.150287,0.580662,0.258630
deepconvnet,cross_session,sub-007,,ses-02,ses-03,1,,160,40,200,25,0.875000,0.875000,0.874470,0.923100,0.526077,0.196213,0.075900
deepconvnet,cross_session,sub-007,,ses-03,ses-01,1,,160,40,200,70,0.590000,0.590000,0.584010,0.627300,5.348045,0.775527,0.382991
deepconvnet,cross_session,sub-007,,ses-03,ses-02,1,,160,40,200,70,0.570000,0.570000,0.527473,0.628150,4.218070,0.819656,0.399593
deepconvnet,cross_session,sub-008,,ses-01,ses-02,1,,160,40,200,18,0.660000,0.660000,0.659864,0.691800,0.743113,0.476948,0.133053
deepconvnet,cross_session,sub-008,,ses-01,ses-03,1,,160,40,200,18,0.585000,0.585000,0.584491,0.633600,0.852896,0.559658,0.195661
deepconvnet,cross_session,sub-008,,ses-02,ses-01,1,,160,40,200,46,0.605000,0.605000,0.593945,0.665700,1.289565,0.608172,0.272418
deepconvnet,cross_session,sub-008,,ses-02,ses-03,1,,160,40,200,46,0.805000,0.805000,0.804604,0.893000,0.802802,0.310498,0.155883
deepconvnet,cross_session,sub-008,,ses-03,ses-01,1,,160,40,200,1,0.495000,0.495000,0.401641,0.521500,0.764306,0.558109,0.154497
deepconvnet,cross_session,sub-008,,ses-03,ses-02,1,,160,40,200,1,0.515000,0.515000,0.395243,0.602400,0.717457,0.520282,0.151570
deepconvnet,cross_session,sub-009,,ses-01,ses-02,1,,160,40,200,19,0.715000,0.715000,0.714135,0.797800,0.780441,0.437606,0.185166
deepconvnet,cross_session,sub-009,,ses-01,ses-03,1,,160,40,200,19,0.565000,0.565000,0.563680,0.597900,1.262930,0.640350,0.267439
deepconvnet,cross_session,sub-009,,ses-02,ses-01,1,,160,40,200,8,0.760000,0.760000,0.760000,0.790900,0.571222,0.376563,0.114499
deepconvnet,cross_session,sub-009,,ses-02,ses-03,1,,160,40,200,8,0.575000,0.575000,0.565872,0.628000,0.811911,0.537044,0.180303
deepconvnet,cross_session,sub-009,,ses-03,ses-01,1,,160,40,200,9,0.595000,0.595000,0.571327,0.618000,0.724031,0.514649,0.110795
deepconvnet,cross_session,sub-009,,ses-03,ses-02,1,,160,40,200,9,0.625000,0.625000,0.623409,0.678700,0.650055,0.458346,0.051820
deepconvnet,cross_session,sub-010,,ses-01,ses-02,1,,160,40,200,10,0.685000,0.685000,0.677246,0.793100,0.603790,0.404867,0.124836
deepconvnet,cross_session,sub-010,,ses-01,ses-03,1,,160,40,200,10,0.510000,0.510000,0.450118,0.585500,0.778391,0.546639,0.163263
deepconvnet,cross_session,sub-010,,ses-02,ses-01,1,,160,40,200,14,0.715000,0.715000,0.714650,0.758800,0.878836,0.461510,0.179636
deepconvnet,cross_session,sub-010,,ses-02,ses-03,1,,160,40,200,14,0.525000,0.525000,0.479723,0.533900,1.144625,0.691649,0.282836
deepconvnet,cross_session,sub-010,,ses-03,ses-01,1,,160,40,200,11,0.510000,0.510000,0.493592,0.502400,0.956557,0.639499,0.225887
deepconvnet,cross_session,sub-010,,ses-03,ses-02,1,,160,40,200,11,0.530000,0.530000,0.530000,0.507100,1.056106,0.666040,0.279590
deepconvnet,cross_session,sub-011,,ses-01,ses-02,1,,160,40,200,1,0.590000,0.590000,0.569147,0.607700,0.994607,0.581578,0.188000
deepconvnet,cross_session,sub-011,,ses-01,ses-03,1,,160,40,200,1,0.860000,0.860000,0.859311,0.940000,0.368740,0.210147,0.067108
deepconvnet,cross_session,sub-011,,ses-02,ses-01,1,,160,40,200,25,0.930000,0.930000,0.929972,0.962000,0.273616,0.139650,0.062926
deepconvnet,cross_session,sub-011,,ses-02,ses-03,1,,160,40,200,25,0.875000,0.875000,0.873862,0.973900,0.373600,0.197276,0.087082
deepconvnet,cross_session,sub-011,,ses-03,ses-01,1,,160,40,200,4,0.930000,0.930000,0.929937,0.962900,0.242417,0.131063,0.047020
deepconvnet,cross_session,sub-011,,ses-03,ses-02,1,,160,40,200,4,0.535000,0.535000,0.490676,0.677400,1.242797,0.629089,0.299404
deepconvnet,cross_session,sub-012,,ses-01,ses-02,1,,160,40,200,1,0.480000,0.480000,0.479948,0.500500,0.727911,0.530138,0.135126
deepconvnet,cross_session,sub-012,,ses-01,ses-03,1,,160,40,200,1,0.525000,0.525000,0.504162,0.543000,0.703887,0.509871,0.067034
deepconvnet,cross_session,sub-012,,ses-02,ses-01,1,,160,40,200,1,0.520000,0.520000,0.515152,0.516800,0.706366,0.512365,0.073104
deepconvnet,cross_session,sub-012,,ses-02,ses-03,1,,160,40,200,1,0.515000,0.515000,0.503061,0.566600,0.685867,0.492901,0.091183
deepconvnet,cross_session,sub-012,,ses-03,ses-01,1,,160,40,200,1,0.540000,0.540000,0.533279,0.585000,0.729652,0.525680,0.134127
deepconvnet,cross_session,sub-012,,ses-03,ses-02,1,,160,40,200,1,0.490000,0.490000,0.485835,0.499700,0.787072,0.571673,0.171291
deepconvnet,cross_session,sub-013,,ses-01,ses-02,1,,160,40,200,13,0.740000,0.740000,0.738720,0.781800,0.886175,0.420418,0.162006
deepconvnet,cross_session,sub-013,,ses-01,ses-03,1,,160,40,200,13,0.730000,0.730000,0.727795,0.830500,0.625517,0.347680,0.097765
deepconvnet,cross_session,sub-013,,ses-02,ses-01,1,,160,40,200,6,0.600000,0.600000,0.590793,0.679400,0.651047,0.459038,0.101031
deepconvnet,cross_session,sub-013,,ses-02,ses-03,1,,160,40,200,6,0.730000,0.730000,0.727273,0.803700,0.553737,0.369530,0.048887
deepconvnet,cross_session,sub-013,,ses-03,ses-01,1,,160,40,200,8,0.640000,0.640000,0.623392,0.753700,0.806405,0.484141,0.183900
deepconvnet,cross_session,sub-013,,ses-03,ses-02,1,,160,40,200,8,0.710000,0.710000,0.710000,0.770000,1.027454,0.442531,0.168201
deepconvnet,cross_session,sub-014,,ses-01,ses-02,1,,160,40,200,3,0.465000,0.465000,0.441530,0.464700,0.762499,0.562539,0.169391
deepconvnet,cross_session,sub-014,,ses-01,ses-03,1,,160,40,200,3,0.505000,0.505000,0.492815,0.548800,0.721513,0.524440,0.141437
deepconvnet,cross_session,sub-014,,ses-02,ses-01,1,,160,40,200,18,0.455000,0.455000,0.452688,0.467900,1.552875,0.805933,0.367968
deepconvnet,cross_session,sub-014,,ses-02,ses-03,1,,160,40,200,18,0.485000,0.485000,0.482815,0.455500,1.469290,0.765003,0.321207
deepconvnet,cross_session,sub-014,,ses-03,ses-01,1,,160,40,200,1,0.535000,0.535000,0.533027,0.538700,0.720139,0.522413,0.071312
deepconvnet,cross_session,sub-014,,ses-03,ses-02,1,,160,40,200,1,0.500000,0.500000,0.425551,0.477700,0.745835,0.547496,0.121284
deepconvnet,cross_session,sub-015,,ses-01,ses-02,1,,160,40,200,9,0.655000,0.655000,0.654991,0.710500,0.698240,0.458956,0.118886
deepconvnet,cross_session,sub-015,,ses-01,ses-03,1,,160,40,200,9,0.625000,0.625000,0.620820,0.634300,0.999391,0.548966,0.177992
deepconvnet,cross_session,sub-015,,ses-02,ses-01,1,,160,40,200,14,0.580000,0.580000,0.552000,0.631100,0.848177,0.572542,0.195469
deepconvnet,cross_session,sub-015,,ses-02,ses-03,1,,160,40,200,14,0.630000,0.630000,0.629667,0.666800,0.880098,0.496369,0.108244
deepconvnet,cross_session,sub-015,,ses-03,ses-01,1,,160,40,200,33,0.625000,0.625000,0.611711,0.678900,1.194816,0.600276,0.250052
deepconvnet,cross_session,sub-015,,ses-03,ses-02,1,,160,40,200,33,0.665000,0.665000,0.663579,0.711500,1.111932,0.543198,0.235459
deepconvnet,cross_session,sub-016,,ses-01,ses-02,1,,160,40,200,7,0.540000,0.540000,0.435652,0.522800,0.782681,0.567944,0.151318
deepconvnet,cross_session,sub-016,,ses-01,ses-03,1,,160,40,200,7,0.530000,0.530000,0.423384,0.582400,0.776126,0.560941,0.167105
deepconvnet,cross_session,sub-016,,ses-02,ses-01,1,,160,40,200,14,0.520000,0.520000,0.517636,0.524700,0.876540,0.614546,0.215978
deepconvnet,cross_session,sub-016,,ses-02,ses-03,1,,160,40,200,14,0.585000,0.585000,0.580374,0.608300,0.804375,0.560670,0.191020
deepconvnet,cross_session,sub-016,,ses-03,ses-01,1,,160,40,200,2,0.520000,0.520000,0.502023,0.508800,0.805641,0.588526,0.227004
deepconvnet,cross_session,sub-016,,ses-03,ses-02,1,,160,40,200,2,0.530000,0.530000,0.503748,0.589200,0.756263,0.549921,0.165181
deepconvnet,cross_session,sub-017,,ses-01,ses-02,1,,160,40,200,18,0.725000,0.725000,0.721314,0.821200,0.537713,0.360877,0.057332
deepconvnet,cross_session,sub-017,,ses-01,ses-03,1,,160,40,200,18,0.710000,0.710000,0.709273,0.806800,0.590924,0.380733,0.080630
deepconvnet,cross_session,sub-017,,ses-02,ses-01,1,,160,40,200,8,0.720000,0.720000,0.720000,0.785800,0.788519,0.403974,0.130069
deepconvnet,cross_session,sub-017,,ses-02,ses-03,1,,160,40,200,8,0.730000,0.730000,0.723785,0.860900,0.709505,0.413084,0.153340
deepconvnet,cross_session,sub-017,,ses-03,ses-01,1,,160,40,200,56,0.630000,0.630000,0.614583,0.687700,1.699205,0.623866,0.284091
deepconvnet,cross_session,sub-017,,ses-03,ses-02,1,,160,40,200,56,0.660000,0.660000,0.658326,0.751600,0.884668,0.506050,0.211567
deepconvnet,cross_session,sub-018,,ses-01,ses-02,1,,160,40,200,44,0.695000,0.695000,0.694626,0.755700,0.586863,0.402429,0.081428
deepconvnet,cross_session,sub-018,,ses-01,ses-03,1,,160,40,200,44,0.570000,0.570000,0.569828,0.575400,0.750074,0.535072,0.152980
deepconvnet,cross_session,sub-018,,ses-02,ses-01,1,,160,40,200,7,0.610000,0.610000,0.606815,0.676650,0.915444,0.527049,0.197737
deepconvnet,cross_session,sub-018,,ses-02,ses-03,1,,160,40,200,7,0.540000,0.540000,0.533279,0.567500,0.933713,0.627359,0.242402
deepconvnet,cross_session,sub-018,,ses-03,ses-01,1,,160,40,200,40,0.610000,0.610000,0.606815,0.663200,1.686360,0.650451,0.301610
deepconvnet,cross_session,sub-018,,ses-03,ses-02,1,,160,40,200,40,0.600000,0.600000,0.560440,0.645400,1.218731,0.642897,0.280339
deepconvnet,cross_session,sub-019,,ses-01,ses-02,1,,160,40,200,2,0.515000,0.515000,0.475321,0.500700,0.758151,0.552214,0.143400
deepconvnet,cross_session,sub-019,,ses-01,ses-03,1,,160,40,200,2,0.565000,0.565000,0.534747,0.578200,0.718918,0.518708,0.091941
deepconvnet,cross_session,sub-019,,ses-02,ses-01,1,,160,40,200,14,0.575000,0.575000,0.571907,0.616800,0.865429,0.569110,0.219408
deepconvnet,cross_session,sub-019,,ses-02,ses-03,1,,160,40,200,14,0.830000,0.830000,0.829574,0.904400,0.409025,0.242283,0.064889
deepconvnet,cross_session,sub-019,,ses-03,ses-01,1,,160,40,200,1,0.550000,0.550000,0.524865,0.549500,0.772727,0.543156,0.124841
deepconvnet,cross_session,sub-019,,ses-03,ses-02,1,,160,40,200,1,0.735000,0.735000,0.734834,0.786700,0.582088,0.378776,0.056309
deepconvnet,cross_session,sub-020,,ses-01,ses-02,1,,160,40,200,88,0.855000,0.855000,0.853945,0.930950,0.482772,0.229312,0.088481
deepconvnet,cross_session,sub-020,,ses-01,ses-03,1,,160,40,200,88,0.700000,0.700000,0.699519,0.709100,0.906087,0.514476,0.226009
deepconvnet,cross_session,sub-020,,ses-02,ses-01,1,,160,40,200,25,0.530000,0.530000,0.516013,0.578800,3.130931,0.820184,0.405569
deepconvnet,cross_session,sub-020,,ses-02,ses-03,1,,160,40,200,25,0.610000,0.610000,0.607488,0.626700,1.087965,0.620323,0.246727
deepconvnet,cross_session,sub-020,,ses-03,ses-01,1,,160,40,200,47,0.470000,0.470000,0.405229,0.460650,5.761328,1.008562,0.504154
deepconvnet,cross_session,sub-020,,ses-03,ses-02,1,,160,40,200,47,0.450000,0.450000,0.416384,0.393200,2.515513,0.961089,0.456488
deepconvnet,cross_session,sub-021,,ses-01,ses-02,1,,160,40,200,1,0.525000,0.525000,0.519705,0.518100,0.788873,0.574449,0.179885
deepconvnet,cross_session,sub-021,,ses-01,ses-03,1,,160,40,200,1,0.575000,0.575000,0.568254,0.603900,0.678266,0.485248,0.022798
deepconvnet,cross_session,sub-021,,ses-02,ses-01,1,,160,40,200,16,0.720000,0.720000,0.719888,0.794100,0.637872,0.395428,0.114617
deepconvnet,cross_session,sub-021,,ses-02,ses-03,1,,160,40,200,16,0.715000,0.715000,0.714650,0.822000,0.646633,0.383687,0.152584
deepconvnet,cross_session,sub-021,,ses-03,ses-01,1,,160,40,200,1,0.580000,0.580000,0.546974,0.609100,0.718663,0.513896,0.095598
deepconvnet,cross_session,sub-021,,ses-03,ses-02,1,,160,40,200,1,0.495000,0.495000,0.494684,0.505000,1.211327,0.730739,0.311594
deepconvnet,cross_session,sub-022,,ses-01,ses-02,1,,160,40,200,45,0.535000,0.535000,0.534895,0.560200,0.975250,0.632848,0.242695
deepconvnet,cross_session,sub-022,,ses-01,ses-03,1,,160,40,200,45,0.615000,0.615000,0.607853,0.642300,0.836218,0.522252,0.158812
deepconvnet,cross_session,sub-022,,ses-02,ses-01,1,,160,40,200,29,0.505000,0.505000,0.499482,0.483800,1.175455,0.739143,0.315205
deepconvnet,cross_session,sub-022,,ses-02,ses-03,1,,160,40,200,29,0.665000,0.665000,0.664992,0.746800,0.793911,0.439555,0.148060
deepconvnet,cross_session,sub-022,,ses-03,ses-01,1,,160,40,200,12,0.570000,0.570000,0.567883,0.566500,1.168285,0.660764,0.266783
deepconvnet,cross_session,sub-022,,ses-03,ses-02,1,,160,40,200,12,0.570000,0.570000,0.567230,0.611300,0.878382,0.579343,0.212492
deepconvnet,cross_session,sub-023,,ses-02,ses-03,1,,160,40,200,17,0.745000,0.745000,0.743144,0.806700,0.701274,0.391115,0.155746
deepconvnet,cross_session,sub-023,,ses-03,ses-02,1,,160,40,200,2,0.585000,0.585000,0.566795,0.619700,1.026416,0.627094,0.262204
deepconvnet,cross_session,sub-025,,ses-01,ses-02,1,,160,40,200,4,0.865000,0.865000,0.864916,0.921500,0.427385,0.207320,0.055314
deepconvnet,cross_session,sub-025,,ses-01,ses-03,1,,160,40,200,4,0.860000,0.860000,0.859874,0.912700,0.464441,0.233531,0.093297
deepconvnet,cross_session,sub-025,,ses-02,ses-01,1,,160,40,200,1,0.720000,0.720000,0.707082,0.896300,0.517128,0.346789,0.102142
deepconvnet,cross_session,sub-025,,ses-02,ses-03,1,,160,40,200,1,0.800000,0.800000,0.798367,0.884600,0.472354,0.293839,0.066931
deepconvnet,cross_session,sub-025,,ses-03,ses-01,1,,160,40,200,9,0.815000,0.815000,0.814625,0.917300,0.372462,0.239561,0.049854
deepconvnet,cross_session,sub-025,,ses-03,ses-02,1,,160,40,200,9,0.920000,0.920000,0.919968,0.959000,0.262979,0.145043,0.061894
deepconvnet,cross_session,sub-026,,ses-02,ses-03,1,,160,40,200,4,0.890000,0.890000,0.889603,0.961100,0.303731,0.166306,0.053387
deepconvnet,cross_session,sub-026,,ses-03,ses-02,1,,160,40,200,3,0.885000,0.885000,0.884512,0.948100,0.340143,0.170291,0.060717
deepconvnet,cross_session,sub-027,,ses-01,ses-02,1,,160,40,200,32,0.575000,0.575000,0.570262,0.602900,3.177790,0.771430,0.377175
deepconvnet,cross_session,sub-027,,ses-01,ses-03,1,,160,40,200,32,0.710000,0.710000,0.701370,0.804900,0.831928,0.409926,0.144429
deepconvnet,cross_session,sub-027,,ses-02,ses-01,1,,160,40,200,30,0.630000,0.630000,0.605333,0.736500,0.942600,0.548926,0.218867
deepconvnet,cross_session,sub-027,,ses-02,ses-03,1,,160,40,200,30,0.700000,0.700000,0.687500,0.816300,0.650291,0.412697,0.125963
deepconvnet,cross_session,sub-027,,ses-03,ses-01,1,,160,40,200,24,0.740000,0.740000,0.739896,0.801600,1.172154,0.399737,0.163405
deepconvnet,cross_session,sub-027,,ses-03,ses-02,1,,160,40,200,24,0.570000,0.570000,0.570000,0.598250,2.981973,0.754244,0.359694
deepconvnet,cross_session,sub-028,,ses-01,ses-02,1,,160,40,200,54,0.740000,0.740000,0.739974,0.799450,1.621826,0.458831,0.217094
deepconvnet,cross_session,sub-028,,ses-01,ses-03,1,,160,40,200,54,0.495000,0.495000,0.422180,0.495700,3.798897,0.963109,0.483160
deepconvnet,cross_session,sub-028,,ses-02,ses-01,1,,160,40,200,10,0.580000,0.580000,0.509116,0.807200,0.660730,0.467866,0.157725
deepconvnet,cross_session,sub-028,,ses-02,ses-03,1,,160,40,200,10,0.505000,0.505000,0.352751,0.600300,0.895929,0.637075,0.275903
deepconvnet,cross_session,sub-028,,ses-03,ses-01,1,,160,40,200,2,0.505000,0.505000,0.344349,0.624000,0.785778,0.580598,0.236065
deepconvnet,cross_session,sub-028,,ses-03,ses-02,1,,160,40,200,2,0.505000,0.505000,0.454230,0.565800,0.762289,0.545775,0.171963
deepconvnet,cross_session,sub-029,,ses-01,ses-02,1,,160,40,200,60,0.530000,0.530000,0.435028,0.613300,5.957371,0.915902,0.449675
deepconvnet,cross_session,sub-029,,ses-01,ses-03,1,,160,40,200,60,0.575000,0.575000,0.517580,0.734550,2.683428,0.761845,0.385074
deepconvnet,cross_session,sub-029,,ses-02,ses-01,1,,160,40,200,24,0.450000,0.450000,0.445509,0.434200,1.375304,0.817097,0.402763
deepconvnet,cross_session,sub-029,,ses-02,ses-03,1,,160,40,200,24,0.955000,0.955000,0.954945,0.989900,0.136826,0.071173,0.038281
deepconvnet,cross_session,sub-029,,ses-03,ses-01,1,,160,40,200,51,0.440000,0.440000,0.421248,0.431400,2.117138,0.935340,0.447850
deepconvnet,cross_session,sub-029,,ses-03,ses-02,1,,160,40,200,51,0.765000,0.765000,0.764853,0.811300,2.474751,0.421305,0.207996
deepconvnet,cross_session,sub-030,,ses-01,ses-02,1,,160,40,200,20,0.500000,0.500000,0.333333,0.930200,0.678028,0.485075,0.051082
deepconvnet,cross_session,sub-030,,ses-01,ses-03,1,,160,40,200,20,0.500000,0.500000,0.333333,0.933800,0.679698,0.486729,0.052083
deepconvnet,cross_session,sub-030,,ses-02,ses-01,1,,160,40,200,3,0.880000,0.880000,0.879808,0.936800,0.555173,0.186419,0.066597
deepconvnet,cross_session,sub-030,,ses-02,ses-03,1,,160,40,200,3,0.815000,0.815000,0.814439,0.907000,0.463584,0.277849,0.071490
deepconvnet,cross_session,sub-030,,ses-03,ses-01,1,,160,40,200,1,0.815000,0.815000,0.814884,0.886150,0.556350,0.264872,0.032986
deepconvnet,cross_session,sub-030,,ses-03,ses-02,1,,160,40,200,1,0.860000,0.860000,0.859649,0.912800,0.382292,0.227363,0.056167
deepconvnet,cross_session,sub-031,,ses-01,ses-02,1,,160,40,200,2,0.580000,0.580000,0.579958,0.633400,1.431340,0.664878,0.298958
deepconvnet,cross_session,sub-031,,ses-01,ses-03,1,,160,40,200,2,0.540000,0.540000,0.532092,0.631900,1.745337,0.779523,0.384362
deepconvnet,cross_session,sub-031,,ses-02,ses-01,1,,160,40,200,12,0.555000,0.555000,0.456903,0.821000,1.304423,0.671587,0.353173
deepconvnet,cross_session,sub-031,,ses-02,ses-03,1,,160,40,200,12,0.760000,0.760000,0.758818,0.842300,0.986636,0.378500,0.167372
deepconvnet,cross_session,sub-031,,ses-03,ses-01,1,,160,40,200,8,0.685000,0.685000,0.684992,0.750400,0.609106,0.412307,0.064341
deepconvnet,cross_session,sub-031,,ses-03,ses-02,1,,160,40,200,8,0.800000,0.800000,0.799980,0.904700,0.399301,0.254298,0.094397
deepconvnet,cross_session,sub-032,,ses-01,ses-03,1,,160,40,200,1,0.610000,0.610000,0.603296,0.606000,0.680823,0.487096,0.074061
deepconvnet,cross_session,sub-032,,ses-03,ses-01,1,,160,40,200,25,0.590000,0.590000,0.555122,0.602400,1.581208,0.705021,0.319555
deepconvnet,cross_session,sub-033,,ses-01,ses-02,1,,160,40,200,2,0.740000,0.740000,0.735530,0.845000,0.526056,0.347107,0.089361
deepconvnet,cross_session,sub-033,,ses-01,ses-03,1,,160,40,200,2,0.740000,0.740000,0.736201,0.788100,0.561417,0.383349,0.084750
deepconvnet,cross_session,sub-033,,ses-02,ses-01,1,,160,40,200,41,0.820000,0.820000,0.819838,0.900700,0.739359,0.298452,0.127501
deepconvnet,cross_session,sub-033,,ses-02,ses-03,1,,160,40,200,41,0.785000,0.785000,0.784995,0.847600,1.075792,0.378371,0.185285
deepconvnet,cross_session,sub-033,,ses-03,ses-01,1,,160,40,200,22,0.840000,0.840000,0.839984,0.888800,0.587199,0.261083,0.097900
deepconvnet,cross_session,sub-033,,ses-03,ses-02,1,,160,40,200,22,0.775000,0.775000,0.771429,0.877700,0.727395,0.343854,0.143819
deepconvnet,cross_session,sub-034,,ses-01,ses-02,1,,160,40,200,3,0.690000,0.690000,0.688474,0.795000,0.563364,0.379366,0.055020
deepconvnet,cross_session,sub-034,,ses-01,ses-03,1,,160,40,200,3,0.650000,0.650000,0.641944,0.729900,0.617575,0.429659,0.081783
deepconvnet,cross_session,sub-034,,ses-02,ses-01,1,,160,40,200,20,0.645000,0.645000,0.642992,0.718600,1.143247,0.569222,0.263056
deepconvnet,cross_session,sub-034,,ses-02,ses-03,1,,160,40,200,20,0.865000,0.865000,0.862857,0.977400,0.390008,0.206368,0.072774
deepconvnet,cross_session,sub-034,,ses-03,ses-01,1,,160,40,200,9,0.700000,0.700000,0.699519,0.722200,1.034597,0.488838,0.187112
deepconvnet,cross_session,sub-034,,ses-03,ses-02,1,,160,40,200,9,0.910000,0.910000,0.909774,0.959100,0.285500,0.144201,0.048538
deepconvnet,cross_session,sub-035,,ses-01,ses-02,1,,160,40,200,89,0.980000,0.980000,0.979998,0.994900,0.089657,0.044885,0.025694
deepconvnet,cross_session,sub-035,,ses-01,ses-03,1,,160,40,200,89,0.930000,0.930000,0.929937,0.972000,0.334545,0.110890,0.050587
deepconvnet,cross_session,sub-035,,ses-02,ses-01,1,,160,40,200,31,0.990000,0.990000,0.989999,0.999900,0.033286,0.019609,0.013951
deepconvnet,cross_session,sub-035,,ses-02,ses-03,1,,160,40,200,31,0.950000,0.950000,0.949920,0.989000,0.188461,0.093692,0.043094
deepconvnet,cross_session,sub-035,,ses-03,ses-01,1,,160,40,200,44,0.885000,0.885000,0.883953,0.987400,0.263705,0.168941,0.055498
deepconvnet,cross_session,sub-035,,ses-03,ses-02,1,,160,40,200,44,0.845000,0.845000,0.842923,0.962100,0.361443,0.218606,0.078701
deepconvnet,cross_session,sub-036,,ses-01,ses-02,1,,160,40,200,19,0.910000,0.910000,0.909774,0.977300,0.203922,0.114739,0.026830
deepconvnet,cross_session,sub-036,,ses-01,ses-03,1,,160,40,200,19,0.950000,0.950000,0.949920,0.993900,0.147287,0.077910,0.023242
deepconvnet,cross_session,sub-036,,ses-02,ses-01,1,,160,40,200,21,0.875000,0.875000,0.874972,0.921850,0.630354,0.201870,0.107479
deepconvnet,cross_session,sub-036,,ses-02,ses-03,1,,160,40,200,21,0.985000,0.985000,0.984997,0.994900,0.071496,0.025906,0.012865
deepconvnet,cross_session,sub-036,,ses-03,ses-01,1,,160,40,200,27,0.805000,0.805000,0.801905,0.875200,0.976807,0.318408,0.140478
deepconvnet,cross_session,sub-036,,ses-03,ses-02,1,,160,40,200,27,0.880000,0.880000,0.879409,0.973500,0.285688,0.163479,0.069048
deepconvnet,cross_session,sub-037,,ses-01,ses-02,1,,160,40,200,22,0.870000,0.870000,0.869674,0.954500,0.316659,0.187807,0.098865
deepconvnet,cross_session,sub-037,,ses-01,ses-03,1,,160,40,200,22,0.865000,0.865000,0.864018,0.947600,0.339668,0.203178,0.063163
deepconvnet,cross_session,sub-037,,ses-02,ses-01,1,,160,40,200,5,0.820000,0.820000,0.819549,0.901300,0.669752,0.285637,0.113411
deepconvnet,cross_session,sub-037,,ses-02,ses-03,1,,160,40,200,5,0.855000,0.855000,0.854560,0.920300,0.590149,0.231206,0.077866
deepconvnet,cross_session,sub-037,,ses-03,ses-01,1,,160,40,200,13,0.800000,0.800000,0.797550,0.921200,0.584503,0.319580,0.130665
deepconvnet,cross_session,sub-037,,ses-03,ses-02,1,,160,40,200,13,0.855000,0.855000,0.852698,0.964600,0.450399,0.248607,0.107334
deepconvnet,cross_session,sub-038,,ses-01,ses-02,1,,160,40,200,14,0.635000,0.635000,0.613665,0.672000,0.664255,0.470435,0.073302
deepconvnet,cross_session,sub-038,,ses-01,ses-03,1,,160,40,200,14,0.535000,0.535000,0.490676,0.569500,0.722992,0.525330,0.120234
deepconvnet,cross_session,sub-038,,ses-02,ses-01,1,,160,40,200,14,0.490000,0.490000,0.483753,0.469700,1.872483,0.743722,0.312677
deepconvnet,cross_session,sub-038,,ses-02,ses-03,1,,160,40,200,14,0.490000,0.490000,0.478261,0.507200,1.050524,0.691494,0.293156
deepconvnet,cross_session,sub-038,,ses-03,ses-01,1,,160,40,200,35,0.530000,0.530000,0.524243,0.575950,3.629244,0.826598,0.414952
deepconvnet,cross_session,sub-038,,ses-03,ses-02,1,,160,40,200,35,0.490000,0.490000,0.488157,0.500700,2.932441,0.903656,0.436123
deepconvnet,cross_session,sub-039,,ses-01,ses-02,1,,160,40,200,4,0.405000,0.405000,0.403793,0.371600,0.940609,0.696520,0.284281
deepconvnet,cross_session,sub-039,,ses-01,ses-03,1,,160,40,200,4,0.410000,0.410000,0.367224,0.304800,1.150953,0.789680,0.335964
deepconvnet,cross_session,sub-039,,ses-02,ses-01,1,,160,40,200,11,0.430000,0.430000,0.427941,0.389000,1.078745,0.752258,0.316776
deepconvnet,cross_session,sub-039,,ses-02,ses-03,1,,160,40,200,11,0.690000,0.690000,0.686203,0.697000,0.702343,0.471757,0.164984
deepconvnet,cross_session,sub-039,,ses-03,ses-01,1,,160,40,200,1,0.455000,0.455000,0.454332,0.427100,0.963256,0.682712,0.244571
deepconvnet,cross_session,sub-039,,ses-03,ses-02,1,,160,40,200,1,0.585000,0.585000,0.568596,0.646800,0.684267,0.482672,0.098202
deepconvnet,cross_session,sub-040,,ses-01,ses-02,1,,160,40,200,10,0.590000,0.590000,0.587359,0.672600,0.691265,0.480066,0.120323
deepconvnet,cross_session,sub-040,,ses-01,ses-03,1,,160,40,200,10,0.705000,0.705000,0.700317,0.797000,0.561563,0.381589,0.049806
deepconvnet,cross_session,sub-040,,ses-02,ses-01,1,,160,40,200,7,0.565000,0.565000,0.552826,0.628000,0.729775,0.517565,0.153101
deepconvnet,cross_session,sub-040,,ses-02,ses-03,1,,160,40,200,7,0.700000,0.700000,0.696326,0.786400,0.570103,0.386739,0.083820
deepconvnet,cross_session,sub-040,,ses-03,ses-01,1,,160,40,200,20,0.655000,0.655000,0.654784,0.715600,0.753846,0.471948,0.137632
deepconvnet,cross_session,sub-040,,ses-03,ses-02,1,,160,40,200,20,0.630000,0.630000,0.629407,0.675200,0.763710,0.513143,0.162190
deepconvnet,cross_session,sub-041,,ses-01,ses-02,1,,160,40,200,10,0.820000,0.820000,0.819982,0.898300,0.440611,0.272984,0.086447
deepconvnet,cross_session,sub-041,,ses-01,ses-03,1,,160,40,200,10,0.890000,0.890000,0.889989,0.931300,0.350588,0.190680,0.092565
deepconvnet,cross_session,sub-041,,ses-02,ses-01,1,,160,40,200,6,0.745000,0.745000,0.732641,0.891600,0.562190,0.356625,0.110484
deepconvnet,cross_session,sub-041,,ses-02,ses-03,1,,160,40,200,6,0.795000,0.795000,0.793508,0.909900,0.411903,0.274326,0.109078
deepconvnet,cross_session,sub-041,,ses-03,ses-01,1,,160,40,200,12,0.820000,0.820000,0.817370,0.888700,0.572954,0.289546,0.101546
deepconvnet,cross_session,sub-041,,ses-03,ses-02,1,,160,40,200,12,0.840000,0.840000,0.839936,0.904100,0.428757,0.241073,0.089379
deepconvnet,cross_session,sub-042,,ses-01,ses-02,1,,160,40,200,29,0.655000,0.655000,0.650376,0.685300,1.196274,0.538448,0.230234
deepconvnet,cross_session,sub-042,,ses-01,ses-03,1,,160,40,200,29,0.625000,0.625000,0.622879,0.647600,1.864851,0.631957,0.288350
deepconvnet,cross_session,sub-042,,ses-02,ses-01,1,,160,40,200,49,0.690000,0.690000,0.687468,0.722900,0.846266,0.493760,0.173247
deepconvnet,cross_session,sub-042,,ses-02,ses-03,1,,160,40,200,49,0.620000,0.620000,0.617552,0.650700,1.533685,0.619588,0.277168
deepconvnet,cross_session,sub-042,,ses-03,ses-01,1,,160,40,200,18,0.605000,0.605000,0.597667,0.637400,0.782223,0.526703,0.130560
deepconvnet,cross_session,sub-042,,ses-03,ses-02,1,,160,40,200,18,0.515000,0.515000,0.508500,0.517700,0.842481,0.602783,0.218349
deepconvnet,cross_session,sub-043,,ses-01,ses-02,1,,160,40,200,15,0.890000,0.890000,0.888889,0.987400,0.254757,0.160526,0.045472
deepconvnet,cross_session,sub-043,,ses-01,ses-03,1,,160,40,200,15,0.850000,0.850000,0.848163,0.955800,0.401410,0.225407,0.070661
deepconvnet,cross_session,sub-043,,ses-02,ses-01,1,,160,40,200,45,0.940000,0.940000,0.939994,0.990300,0.157631,0.092872,0.041039
deepconvnet,cross_session,sub-043,,ses-02,ses-03,1,,160,40,200,45,0.865000,0.865000,0.864726,0.934600,0.560194,0.229118,0.109033
deepconvnet,cross_session,sub-043,,ses-03,ses-01,1,,160,40,200,14,0.955000,0.955000,0.954999,0.991100,0.122878,0.069811,0.029698
deepconvnet,cross_session,sub-043,,ses-03,ses-02,1,,160,40,200,14,0.915000,0.915000,0.914947,0.968300,0.235924,0.141242,0.052231
deepconvnet,cross_session,sub-044,,ses-01,ses-02,1,,160,40,200,2,0.540000,0.540000,0.524597,0.564300,0.728594,0.530581,0.142619
deepconvnet,cross_session,sub-044,,ses-01,ses-03,1,,160,40,200,2,0.565000,0.565000,0.547805,0.580300,0.715275,0.515312,0.090606
deepconvnet,cross_session,sub-044,,ses-02,ses-01,1,,160,40,200,2,0.590000,0.590000,0.588519,0.619600,0.725475,0.515590,0.120445
deepconvnet,cross_session,sub-044,,ses-02,ses-03,1,,160,40,200,2,0.640000,0.640000,0.639856,0.734800,0.596974,0.413359,0.060551
deepconvnet,cross_session,sub-044,,ses-03,ses-01,1,,160,40,200,18,0.655000,0.655000,0.653953,0.701800,1.110259,0.563985,0.246239
deepconvnet,cross_session,sub-044,,ses-03,ses-02,1,,160,40,200,18,0.695000,0.695000,0.689338,0.815900,0.869446,0.470715,0.210267
deepconvnet,cross_session,sub-045,,ses-01,ses-02,1,,160,40,200,2,0.630000,0.630000,0.623640,0.706200,0.638270,0.443282,0.057220
deepconvnet,cross_session,sub-045,,ses-01,ses-03,1,,160,40,200,2,0.590000,0.590000,0.577798,0.663200,0.663145,0.469832,0.031754
deepconvnet,cross_session,sub-045,,ses-02,ses-01,1,,160,40,200,8,0.720000,0.720000,0.720000,0.775500,0.647083,0.399587,0.086084
deepconvnet,cross_session,sub-045,,ses-02,ses-03,1,,160,40,200,8,0.740000,0.740000,0.739766,0.782600,0.571382,0.383561,0.069719
deepconvnet,cross_session,sub-045,,ses-03,ses-01,1,,160,40,200,63,0.830000,0.830000,0.830000,0.895850,0.787221,0.294758,0.135941
deepconvnet,cross_session,sub-045,,ses-03,ses-02,1,,160,40,200,63,0.790000,0.790000,0.786390,0.868950,0.925865,0.351020,0.170975
deepconvnet,cross_session,sub-046,,ses-01,ses-02,1,,160,40,200,70,0.975000,0.975000,0.974994,0.993800,0.111285,0.051613,0.030998
deepconvnet,cross_session,sub-046,,ses-01,ses-03,1,,160,40,200,70,0.925000,0.925000,0.924998,0.975300,0.283448,0.123375,0.055843
deepconvnet,cross_session,sub-046,,ses-02,ses-01,1,,160,40,200,22,0.965000,0.965000,0.964992,0.994400,0.093240,0.049973,0.017553
deepconvnet,cross_session,sub-046,,ses-02,ses-03,1,,160,40,200,22,0.910000,0.910000,0.909856,0.961000,0.343988,0.138165,0.055925
deepconvnet,cross_session,sub-046,,ses-03,ses-01,1,,160,40,200,32,0.975000,0.975000,0.974999,0.997200,0.072631,0.043980,0.017170
deepconvnet,cross_session,sub-046,,ses-03,ses-02,1,,160,40,200,32,0.970000,0.970000,0.969988,0.988400,0.135935,0.050469,0.022871
deepconvnet,cross_session,sub-047,,ses-01,ses-02,1,,160,40,200,8,0.685000,0.685000,0.684803,0.727300,0.815482,0.472714,0.163648
deepconvnet,cross_session,sub-047,,ses-01,ses-03,1,,160,40,200,8,0.725000,0.725000,0.724938,0.751700,0.663417,0.418466,0.100787
deepconvnet,cross_session,sub-047,,ses-02,ses-01,1,,160,40,200,30,0.750000,0.750000,0.749599,0.862200,0.547128,0.320263,0.126724
deepconvnet,cross_session,sub-047,,ses-02,ses-03,1,,160,40,200,30,0.720000,0.720000,0.719972,0.792600,0.823553,0.437906,0.176839
deepconvnet,cross_session,sub-047,,ses-03,ses-01,1,,160,40,200,21,0.745000,0.745000,0.744994,0.813400,0.665627,0.379029,0.136493
deepconvnet,cross_session,sub-047,,ses-03,ses-02,1,,160,40,200,21,0.710000,0.710000,0.709884,0.752200,0.940055,0.474637,0.198448
deepconvnet,cross_session,sub-048,,ses-01,ses-02,1,,160,40,200,2,0.750000,0.750000,0.746938,0.799500,0.573893,0.374494,0.091410
deepconvnet,cross_session,sub-048,,ses-01,ses-03,1,,160,40,200,2,0.790000,0.790000,0.789241,0.859800,0.485927,0.311075,0.066247
deepconvnet,cross_session,sub-048,,ses-02,ses-01,1,,160,40,200,3,0.845000,0.845000,0.844996,0.897300,0.405976,0.247277,0.076803
deepconvnet,cross_session,sub-048,,ses-02,ses-03,1,,160,40,200,3,0.780000,0.780000,0.774220,0.922900,0.441667,0.286151,0.067961
deepconvnet,cross_session,sub-048,,ses-03,ses-01,1,,160,40,200,2,0.595000,0.595000,0.536600,0.848300,0.953899,0.588585,0.286059
deepconvnet,cross_session,sub-048,,ses-03,ses-02,1,,160,40,200,2,0.620000,0.620000,0.559727,0.841000,1.012208,0.625711,0.305011
deepconvnet,cross_session,sub-049,,ses-01,ses-02,1,,160,40,200,3,0.480000,0.480000,0.397521,0.488000,1.091188,0.721956,0.329768
deepconvnet,cross_session,sub-049,,ses-01,ses-03,1,,160,40,200,3,0.545000,0.545000,0.455725,0.692800,0.908466,0.616705,0.276444
deepconvnet,cross_session,sub-049,,ses-02,ses-01,1,,160,40,200,98,0.745000,0.745000,0.744994,0.826300,0.800951,0.410393,0.167595
deepconvnet,cross_session,sub-049,,ses-02,ses-03,1,,160,40,200,98,0.830000,0.830000,0.829574,0.866800,0.789050,0.305674,0.132975
deepconvnet,cross_session,sub-049,,ses-03,ses-01,1,,160,40,200,19,0.755000,0.755000,0.752769,0.854600,0.588193,0.361113,0.133303
deepconvnet,cross_session,sub-049,,ses-03,ses-02,1,,160,40,200,19,0.725000,0.725000,0.724166,0.743050,1.230733,0.471690,0.189497
deepconvnet,cross_session,sub-050,,ses-01,ses-02,1,,160,40,200,22,0.855000,0.855000,0.853384,0.965000,0.290471,0.191605,0.070130
deepconvnet,cross_session,sub-050,,ses-01,ses-03,1,,160,40,200,22,0.765000,0.765000,0.764523,0.887600,0.464057,0.301362,0.100708
deepconvnet,cross_session,sub-050,,ses-02,ses-01,1,,160,40,200,93,0.740000,0.740000,0.739896,0.822800,1.697869,0.456343,0.228049
deepconvnet,cross_session,sub-050,,ses-02,ses-03,1,,160,40,200,93,0.875000,0.875000,0.873862,0.961600,0.573641,0.211582,0.095447
deepconvnet,cross_session,sub-050,,ses-03,ses-01,1,,160,40,200,29,0.715000,0.715000,0.712926,0.752800,2.138824,0.494775,0.238155
deepconvnet,cross_session,sub-050,,ses-03,ses-02,1,,160,40,200,29,0.900000,0.900000,0.899840,0.957600,0.353378,0.166088,0.065660
deepconvnet,cross_session,sub-051,,ses-01,ses-02,1,,160,40,200,28,0.565000,0.565000,0.498140,0.687600,0.927331,0.615753,0.252637
deepconvnet,cross_session,sub-051,,ses-01,ses-03,1,,160,40,200,28,0.750000,0.750000,0.744246,0.869900,0.627430,0.346396,0.106190
deepconvnet,cross_session,sub-051,,ses-02,ses-01,1,,160,40,200,5,0.650000,0.650000,0.643983,0.687300,0.678441,0.469238,0.126207
deepconvnet,cross_session,sub-051,,ses-02,ses-03,1,,160,40,200,5,0.695000,0.695000,0.690912,0.769800,0.590326,0.401041,0.094361
deepconvnet,cross_session,sub-051,,ses-03,ses-01,1,,160,40,200,5,0.695000,0.695000,0.691600,0.741300,1.250833,0.496605,0.208354
deepconvnet,cross_session,sub-051,,ses-03,ses-02,1,,160,40,200,5,0.590000,0.590000,0.543226,0.744000,0.825244,0.549078,0.211637
deepconvnet,cross_session,sub-001,,ses-01,ses-02,2,,160,40,200,14,0.595000,0.595000,0.594990,0.657700,0.722168,0.495076,0.130424
deepconvnet,cross_session,sub-001,,ses-01,ses-03,2,,160,40,200,14,0.635000,0.635000,0.634259,0.734500,0.604046,0.419429,0.093554
deepconvnet,cross_session,sub-001,,ses-02,ses-01,2,,160,40,200,54,0.630000,0.630000,0.626979,0.685200,1.531289,0.617233,0.284393
deepconvnet,cross_session,sub-001,,ses-02,ses-03,2,,160,40,200,54,0.920000,0.920000,0.919799,0.985000,0.207037,0.116620,0.045753
deepconvnet,cross_session,sub-001,,ses-03,ses-01,2,,160,40,200,17,0.710000,0.710000,0.709535,0.781800,1.119546,0.469093,0.211803
deepconvnet,cross_session,sub-001,,ses-03,ses-02,2,,160,40,200,17,0.810000,0.810000,0.809924,0.908600,0.452248,0.290954,0.120122
deepconvnet,cross_session,sub-002,,ses-01,ses-02,2,,160,40,200,4,0.555000,0.555000,0.554900,0.615600,0.704842,0.502202,0.119583
deepconvnet,cross_session,sub-002,,ses-01,ses-03,2,,160,40,200,4,0.650000,0.650000,0.645713,0.688400,0.655552,0.457071,0.097442
deepconvnet,cross_session,sub-002,,ses-02,ses-01,2,,160,40,200,8,0.540000,0.540000,0.537037,0.568600,0.787671,0.549689,0.174495
deepconvnet,cross_session,sub-002,,ses-02,ses-03,2,,160,40,200,8,0.685000,0.685000,0.684992,0.705400,0.646911,0.444465,0.076289
deepconvnet,cross_session,sub-002,,ses-03,ses-01,2,,160,40,200,33,0.590000,0.590000,0.584010,0.663900,1.256432,0.607788,0.270563
deepconvnet,cross_session,sub-002,,ses-03,ses-02,2,,160,40,200,33,0.620000,0.620000,0.614448,0.640000,1.660530,0.641985,0.290860
deepconvnet,cross_session,sub-003,,ses-01,ses-02,2,,160,40,200,48,0.835000,0.835000,0.834499,0.917100,0.462715,0.243430,0.075564
deepconvnet,cross_session,sub-003,,ses-01,ses-03,2,,160,40,200,48,0.895000,0.895000,0.894997,0.933650,0.492007,0.166058,0.066084
deepconvnet,cross_session,sub-003,,ses-02,ses-01,2,,160,40,200,72,0.790000,0.790000,0.788966,0.885800,0.917253,0.365892,0.185147
deepconvnet,cross_session,sub-003,,ses-02,ses-03,2,,160,40,200,72,0.830000,0.830000,0.828905,0.904400,1.071891,0.295387,0.138441
deepconvnet,cross_session,sub-003,,ses-03,ses-01,2,,160,40,200,45,0.520000,0.520000,0.376299,0.588600,0.930134,0.659561,0.293425
deepconvnet,cross_session,sub-003,,ses-03,ses-02,2,,160,40,200,45,0.505000,0.505000,0.344349,0.637400,0.962215,0.699013,0.327741
deepconvnet,cross_session,sub-004,,ses-01,ses-02,2,,160,40,200,1,0.520000,0.520000,0.472527,0.537100,0.736297,0.537737,0.128592
deepconvnet,cross_session,sub-004,,ses-01,ses-03,2,,160,40,200,1,0.525000,0.525000,0.513307,0.522000,0.715488,0.520235,0.092413
deepconvnet,cross_session,sub-004,,ses-02,ses-01,2,,160,40,200,1,0.545000,0.545000,0.528876,0.508600,0.712266,0.517612,0.083212
deepconvnet,cross_session,sub-004,,ses-02,ses-03,2,,160,40,200,1,0.490000,0.490000,0.456000,0.452100,0.726484,0.531458,0.117093
deepconvnet,cross_session,sub-004,,ses-03,ses-01,2,,160,40,200,3,0.475000,0.475000,0.417169,0.464200,0.820586,0.601197,0.197606
deepconvnet,cross_session,sub-004,,ses-03,ses-02,2,,160,40,200,3,0.500000,0.500000,0.446841,0.478100,0.843584,0.611234,0.199754
deepconvnet,cross_session,sub-005,,ses-01,ses-02,2,,160,40,200,79,0.840000,0.840000,0.840000,0.899400,0.716832,0.279660,0.113970
deepconvnet,cross_session,sub-005,,ses-01,ses-03,2,,160,40,200,79,0.580000,0.580000,0.579327,0.660900,1.384436,0.665319,0.317631
deepconvnet,cross_session,sub-005,,ses-02,ses-01,2,,160,40,200,34,0.720000,0.720000,0.715909,0.795800,0.998559,0.445154,0.192718
deepconvnet,cross_session,sub-005,,ses-02,ses-03,2,,160,40,200,34,0.540000,0.540000,0.539263,0.540000,1.066547,0.676350,0.275399
deepconvnet,cross_session,sub-005,,ses-03,ses-01,2,,160,40,200,28,0.660000,0.660000,0.658772,0.700500,0.942203,0.535968,0.219543
deepconvnet,cross_session,sub-005,,ses-03,ses-02,2,,160,40,200,28,0.615000,0.615000,0.605523,0.691500,0.912974,0.555423,0.229051
deepconvnet,cross_session,sub-006,,ses-01,ses-02,2,,160,40,200,11,0.750000,0.750000,0.739583,0.926000,0.563685,0.361870,0.142804
deepconvnet,cross_session,sub-006,,ses-01,ses-03,2,,160,40,200,11,0.935000,0.935000,0.934920,0.982500,0.184610,0.109674,0.037197
deepconvnet,cross_session,sub-006,,ses-02,ses-01,2,,160,40,200,15,0.810000,0.810000,0.806734,0.856000,0.946722,0.340803,0.165313
deepconvnet,cross_session,sub-006,,ses-02,ses-03,2,,160,40,200,15,0.875000,0.875000,0.874293,0.920400,0.607391,0.228845,0.105375
deepconvnet,cross_session,sub-006,,ses-03,ses-01,2,,160,40,200,49,0.485000,0.485000,0.424179,0.498100,6.023168,0.978485,0.482698
deepconvnet,cross_session,sub-006,,ses-03,ses-02,2,,160,40,200,49,0.670000,0.670000,0.646075,0.829400,1.815498,0.557938,0.263797
deepconvnet,cross_session,sub-007,,ses-01,ses-02,2,,160,40,200,1,0.545000,0.545000,0.494879,0.529800,0.710044,0.514416,0.087810
deepconvnet,cross_session,sub-007,,ses-01,ses-03,2,,160,40,200,1,0.580000,0.580000,0.504659,0.835500,0.650584,0.457802,0.093273
deepconvnet,cross_session,sub-007,,ses-02,ses-01,2,,160,40,200,6,0.655000,0.655000,0.649524,0.691800,0.821297,0.511839,0.168085
deepconvnet,cross_session,sub-007,,ses-02,ses-03,2,,160,40,200,6,0.835000,0.835000,0.834665,0.905000,0.455334,0.238873,0.051230
deepconvnet,cross_session,sub-007,,ses-03,ses-01,2,,160,40,200,12,0.570000,0.570000,0.527473,0.658500,1.550597,0.702460,0.336149
deepconvnet,cross_session,sub-007,,ses-03,ses-02,2,,160,40,200,12,0.605000,0.605000,0.572684,0.708700,1.100738,0.625103,0.290517
deepconvnet,cross_session,sub-008,,ses-01,ses-02,2,,160,40,200,13,0.620000,0.620000,0.610016,0.708500,0.693900,0.478734,0.132758
deepconvnet,cross_session,sub-008,,ses-01,ses-03,2,,160,40,200,13,0.585000,0.585000,0.574784,0.630400,0.777210,0.545140,0.170911
deepconvnet,cross_session,sub-008,,ses-02,ses-01,2,,160,40,200,34,0.650000,0.650000,0.626667,0.740600,1.012421,0.552188,0.235857
deepconvnet,cross_session,sub-008,,ses-02,ses-03,2,,160,40,200,34,0.820000,0.820000,0.818841,0.924600,0.537903,0.272827,0.127190
deepconvnet,cross_session,sub-008,,ses-03,ses-01,2,,160,40,200,1,0.530000,0.530000,0.508317,0.607700,0.699364,0.500224,0.112387
deepconvnet,cross_session,sub-008,,ses-03,ses-02,2,,160,40,200,1,0.520000,0.520000,0.502023,0.505000,0.745945,0.546219,0.143653
deepconvnet,cross_session,sub-009,,ses-01,ses-02,2,,160,40,200,19,0.740000,0.740000,0.738720,0.821700,0.612183,0.381707,0.129036
deepconvnet,cross_session,sub-009,,ses-01,ses-03,2,,160,40,200,19,0.610000,0.610000,0.609844,0.655500,0.905800,0.521478,0.161668
deepconvnet,cross_session,sub-009,,ses-02,ses-01,2,,160,40,200,2,0.565000,0.565000,0.564728,0.625800,0.675164,0.483092,0.106288
deepconvnet,cross_session,sub-009,,ses-02,ses-03,2,,160,40,200,2,0.565000,0.565000,0.561038,0.589900,0.708199,0.509307,0.108060
deepconvnet,cross_session,sub-009,,ses-03,ses-01,2,,160,40,200,3,0.585000,0.585000,0.584740,0.613000,0.702462,0.500652,0.108809
deepconvnet,cross_session,sub-009,,ses-03,ses-02,2,,160,40,200,3,0.605000,0.605000,0.603324,0.647300,0.665926,0.472810,0.054546
deepconvnet,cross_session,sub-010,,ses-01,ses-02,2,,160,40,200,14,0.680000,0.680000,0.668015,0.770700,0.737734,0.464185,0.133170
deepconvnet,cross_session,sub-010,,ses-01,ses-03,2,,160,40,200,14,0.540000,0.540000,0.500868,0.568200,0.900745,0.589623,0.199854
deepconvnet,cross_session,sub-010,,ses-02,ses-01,2,,160,40,200,32,0.710000,0.710000,0.705763,0.793200,1.066740,0.456857,0.201555
deepconvnet,cross_session,sub-010,,ses-02,ses-03,2,,160,40,200,32,0.535000,0.535000,0.454081,0.556400,1.558162,0.806600,0.388351
deepconvnet,cross_session,sub-010,,ses-03,ses-01,2,,160,40,200,5,0.505000,0.505000,0.494369,0.490100,0.865147,0.613477,0.193520
deepconvnet,cross_session,sub-010,,ses-03,ses-02,2,,160,40,200,5,0.470000,0.470000,0.447917,0.465800,0.911820,0.642740,0.230448
deepconvnet,cross_session,sub-011,,ses-01,ses-02,2,,160,40,200,5,0.605000,0.605000,0.592521,0.719400,1.147066,0.541059,0.226819
deepconvnet,cross_session,sub-011,,ses-01,ses-03,2,,160,40,200,5,0.920000,0.920000,0.919606,0.983600,0.253625,0.125752,0.040424
deepconvnet,cross_session,sub-011,,ses-02,ses-01,2,,160,40,200,24,0.880000,0.880000,0.879892,0.946200,0.357487,0.177976,0.056026
deepconvnet,cross_session,sub-011,,ses-02,ses-03,2,,160,40,200,24,0.860000,0.860000,0.859098,0.950000,0.496703,0.239854,0.104195
deepconvnet,cross_session,sub-011,,ses-03,ses-01,2,,160,40,200,38,0.930000,0.930000,0.929937,0.976000,0.228804,0.115726,0.054587
deepconvnet,cross_session,sub-011,,ses-03,ses-02,2,,160,40,200,38,0.595000,0.595000,0.564411,0.718500,1.525393,0.636865,0.307306
deepconvnet,cross_session,sub-012,,ses-01,ses-02,2,,160,40,200,1,0.475000,0.475000,0.449556,0.485300,0.738990,0.540405,0.126441
deepconvnet,cross_session,sub-012,,ses-01,ses-03,2,,160,40,200,1,0.540000,0.540000,0.535354,0.560700,0.693338,0.500043,0.047597
deepconvnet,cross_session,sub-012,,ses-02,ses-01,2,,160,40,200,1,0.535000,0.535000,0.529816,0.510100,0.752139,0.542184,0.124406
deepconvnet,cross_session,sub-012,,ses-02,ses-03,2,,160,40,200,1,0.470000,0.470000,0.470000,0.517500,0.726020,0.528107,0.132296
deepconvnet,cross_session,sub-012,,ses-03,ses-01,2,,160,40,200,1,0.525000,0.525000,0.511706,0.557900,0.783267,0.568634,0.177236
deepconvnet,cross_session,sub-012,,ses-03,ses-02,2,,160,40,200,1,0.515000,0.515000,0.511470,0.493800,0.883207,0.631543,0.241034
deepconvnet,cross_session,sub-013,,ses-01,ses-02,2,,160,40,200,1,0.710000,0.710000,0.709273,0.776800,0.706262,0.390814,0.064625
deepconvnet,cross_session,sub-013,,ses-01,ses-03,2,,160,40,200,1,0.665000,0.665000,0.663579,0.741000,0.620116,0.418680,0.055022
deepconvnet,cross_session,sub-013,,ses-02,ses-01,2,,160,40,200,4,0.610000,0.610000,0.606815,0.697200,0.622800,0.436316,0.078158
deepconvnet,cross_session,sub-013,,ses-02,ses-03,2,,160,40,200,4,0.760000,0.760000,0.758818,0.830300,0.524534,0.346826,0.078254
deepconvnet,cross_session,sub-013,,ses-03,ses-01,2,,160,40,200,6,0.695000,0.695000,0.685364,0.764800,0.661106,0.423474,0.114751
deepconvnet,cross_session,sub-013,,ses-03,ses-02,2,,160,40,200,6,0.705000,0.705000,0.694546,0.823850,0.919510,0.422682,0.173821
deepconvnet,cross_session,sub-014,,ses-01,ses-02,2,,160,40,200,1,0.520000,0.520000,0.503927,0.538200,0.693604,0.500118,0.031546
deepconvnet,cross_session,sub-014,,ses-01,ses-03,2,,160,40,200,1,0.535000,0.535000,0.516619,0.529000,0.744835,0.539451,0.090022
deepconvnet,cross_session,sub-014,,ses-02,ses-01,2,,160,40,200,1,0.520000,0.520000,0.511749,0.497800,0.750800,0.550001,0.114503
deepconvnet,cross_session,sub-014,,ses-02,ses-03,2,,160,40,200,1,0.510000,0.510000,0.471470,0.481600,0.785870,0.563933,0.134084
deepconvnet,cross_session,sub-014,,ses-03,ses-01,2,,160,40,200,5,0.485000,0.485000,0.484368,0.486300,0.737531,0.539299,0.123868
deepconvnet,cross_session,sub-014,,ses-03,ses-02,2,,160,40,200,5,0.500000,0.500000,0.457465,0.434200,0.721380,0.527505,0.134699
deepconvnet,cross_session,sub-015,,ses-01,ses-02,2,,160,40,200,16,0.630000,0.630000,0.620279,0.674900,0.899038,0.551191,0.198707
deepconvnet,cross_session,sub-015,,ses-01,ses-03,2,,160,40,200,16,0.580000,0.580000,0.554329,0.592900,1.398910,0.680798,0.311778
deepconvnet,cross_session,sub-015,,ses-02,ses-01,2,,160,40,200,7,0.580000,0.580000,0.560623,0.642600,0.723371,0.512658,0.130302
deepconvnet,cross_session,sub-015,,ses-02,ses-03,2,,160,40,200,7,0.585000,0.585000,0.584740,0.647700,0.829216,0.486622,0.103389
deepconvnet,cross_session,sub-015,,ses-03,ses-01,2,,160,40,200,6,0.555000,0.555000,0.545443,0.566700,0.684154,0.491202,0.035052
deepconvnet,cross_session,sub-015,,ses-03,ses-02,2,,160,40,200,6,0.625000,0.625000,0.619048,0.683000,0.668720,0.475799,0.082171
deepconvnet,cross_session,sub-016,,ses-01,ses-02,2,,160,40,200,1,0.515000,0.515000,0.435636,0.450500,0.752876,0.553372,0.136234
deepconvnet,cross_session,sub-016,,ses-01,ses-03,2,,160,40,200,1,0.510000,0.510000,0.437040,0.534800,0.729081,0.531010,0.113353
deepconvnet,cross_session,sub-016,,ses-02,ses-01,2,,160,40,200,4,0.465000,0.465000,0.441530,0.474500,0.860357,0.626855,0.233117
deepconvnet,cross_session,sub-016,,ses-02,ses-03,2,,160,40,200,4,0.560000,0.560000,0.553571,0.576500,0.773534,0.542432,0.149245
deepconvnet,cross_session,sub-016,,ses-03,ses-01,2,,160,40,200,1,0.480000,0.480000,0.466338,0.485600,0.845640,0.614792,0.210408
deepconvnet,cross_session,sub-016,,ses-03,ses-02,2,,160,40,200,1,0.585000,0.585000,0.584491,0.623700,0.703942,0.497922,0.096459
deepconvnet,cross_session,sub-017,,ses-01,ses-02,2,,160,40,200,18,0.735000,0.735000,0.732046,0.833500,0.524367,0.348522,0.061759
deepconvnet,cross_session,sub-017,,ses-01,ses-03,2,,160,40,200,18,0.740000,0.740000,0.739766,0.817400,0.567239,0.359226,0.080507
deepconvnet,cross_session,sub-017,,ses-02,ses-01,2,,160,40,200,13,0.705000,0.705000,0.702853,0.776800,0.863066,0.433272,0.163481
deepconvnet,cross_session,sub-017,,ses-02,ses-03,2,,160,40,200,13,0.675000,0.675000,0.663483,0.842000,0.991897,0.513793,0.228994
deepconvnet,cross_session,sub-017,,ses-03,ses-01,2,,160,40,200,12,0.585000,0.585000,0.551048,0.708400,0.849694,0.517931,0.195514
deepconvnet,cross_session,sub-017,,ses-03,ses-02,2,,160,40,200,12,0.720000,0.720000,0.710624,0.816400,0.561938,0.379565,0.053203
deepconvnet,cross_session,sub-018,,ses-01,ses-02,2,,160,40,200,47,0.645000,0.645000,0.618187,0.731300,0.666777,0.461971,0.121137
deepconvnet,cross_session,sub-018,,ses-01,ses-03,2,,160,40,200,47,0.540000,0.540000,0.522772,0.535800,0.989389,0.630562,0.242356
deepconvnet,cross_session,sub-018,,ses-02,ses-01,2,,160,40,200,10,0.645000,0.645000,0.635065,0.672700,0.959302,0.521750,0.180540
deepconvnet,cross_session,sub-018,,ses-02,ses-03,2,,160,40,200,10,0.545000,0.545000,0.542426,0.570600,1.144232,0.664549,0.278998
deepconvnet,cross_session,sub-018,,ses-03,ses-01,2,,160,40,200,11,0.565000,0.565000,0.545917,0.616100,1.028195,0.597143,0.229603
deepconvnet,cross_session,sub-018,,ses-03,ses-02,2,,160,40,200,11,0.560000,0.560000,0.481071,0.668300,0.760256,0.546418,0.171486
deepconvnet,cross_session,sub-019,,ses-01,ses-02,2,,160,40,200,9,0.520000,0.520000,0.507389,0.550000,0.805681,0.580881,0.193094
deepconvnet,cross_session,sub-019,,ses-01,ses-03,2,,160,40,200,9,0.635000,0.635000,0.627161,0.695100,0.682889,0.472091,0.126685
deepconvnet,cross_session,sub-019,,ses-02,ses-01,2,,160,40,200,20,0.520000,0.520000,0.519568,0.570200,1.243151,0.712014,0.336233
deepconvnet,cross_session,sub-019,,ses-02,ses-03,2,,160,40,200,20,0.840000,0.840000,0.838969,0.922200,0.445052,0.244294,0.085316
deepconvnet,cross_session,sub-019,,ses-03,ses-01,2,,160,40,200,7,0.565000,0.565000,0.555658,0.580000,0.914474,0.601691,0.230052
deepconvnet,cross_session,sub-019,,ses-03,ses-02,2,,160,40,200,7,0.705000,0.705000,0.700317,0.775200,0.864399,0.457679,0.172368
deepconvnet,cross_session,sub-020,,ses-01,ses-02,2,,160,40,200,76,0.840000,0.840000,0.837250,0.938900,0.525040,0.258111,0.093675
deepconvnet,cross_session,sub-020,,ses-01,ses-03,2,,160,40,200,76,0.650000,0.650000,0.649965,0.684500,0.995420,0.560101,0.253214
deepconvnet,cross_session,sub-020,,ses-02,ses-01,2,,160,40,200,15,0.610000,0.610000,0.605223,0.648300,1.712432,0.652548,0.283892
deepconvnet,cross_session,sub-020,,ses-02,ses-03,2,,160,40,200,15,0.530000,0.530000,0.514262,0.563200,1.221062,0.695699,0.303093
deepconvnet,cross_session,sub-020,,ses-03,ses-01,2,,160,40,200,9,0.435000,0.435000,0.398920,0.405450,3.329576,0.998113,0.481860
deepconvnet,cross_session,sub-020,,ses-03,ses-02,2,,160,40,200,9,0.395000,0.395000,0.382007,0.398100,1.486017,0.846478,0.402115
deepconvnet,cross_session,sub-021,,ses-01,ses-02,2,,160,40,200,63,0.785000,0.785000,0.784088,0.843900,1.129358,0.375521,0.172468
deepconvnet,cross_session,sub-021,,ses-01,ses-03,2,,160,40,200,63,0.830000,0.830000,0.829983,0.900700,0.917067,0.302029,0.139977
deepconvnet,cross_session,sub-021,,ses-02,ses-01,2,,160,40,200,11,0.630000,0.630000,0.629667,0.690600,0.695981,0.479987,0.134364
deepconvnet,cross_session,sub-021,,ses-02,ses-03,2,,160,40,200,11,0.750000,0.750000,0.749097,0.810100,0.607437,0.375721,0.096705
deepconvnet,cross_session,sub-021,,ses-03,ses-01,2,,160,40,200,3,0.505000,0.505000,0.344349,0.649500,1.723911,0.909983,0.460609
deepconvnet,cross_session,sub-021,,ses-03,ses-02,2,,160,40,200,3,0.500000,0.500000,0.392909,0.523700,1.580987,0.851203,0.405095
deepconvnet,cross_session,sub-022,,ses-01,ses-02,2,,160,40,200,37,0.535000,0.535000,0.529816,0.560600,1.101108,0.667503,0.276035
deepconvnet,cross_session,sub-022,,ses-01,ses-03,2,,160,40,200,37,0.620000,0.620000,0.612403,0.656400,0.794904,0.509380,0.143450
deepconvnet,cross_session,sub-022,,ses-02,ses-01,2,,160,40,200,26,0.505000,0.505000,0.497143,0.524700,1.206150,0.724330,0.306600
deepconvnet,cross_session,sub-022,,ses-02,ses-03,2,,160,40,200,26,0.635000,0.635000,0.632935,0.687300,0.797871,0.497710,0.155866
deepconvnet,cross_session,sub-022,,ses-03,ses-01,2,,160,40,200,1,0.520000,0.520000,0.519808,0.541400,0.729700,0.529107,0.112766
deepconvnet,cross_session,sub-022,,ses-03,ses-02,2,,160,40,200,1,0.515000,0.515000,0.512256,0.478900,0.876416,0.613566,0.195397
deepconvnet,cross_session,sub-023,,ses-02,ses-03,2,,160,40,200,41,0.765000,0.765000,0.764003,0.860800,0.808121,0.333602,0.143550
deepconvnet,cross_session,sub-023,,ses-03,ses-02,2,,160,40,200,55,0.725000,0.725000,0.722496,0.776950,1.667414,0.496105,0.234314
deepconvnet,cross_session,sub-025,,ses-01,ses-02,2,,160,40,200,4,0.875000,0.875000,0.874972,0.911500,0.461439,0.219111,0.068570
deepconvnet,cross_session,sub-025,,ses-01,ses-03,2,,160,40,200,4,0.865000,0.865000,0.864916,0.914800,0.429442,0.224992,0.065425
deepconvnet,cross_session,sub-025,,ses-02,ses-01,2,,160,40,200,11,0.910000,0.910000,0.909919,0.947200,0.318978,0.151988,0.068335
deepconvnet,cross_session,sub-025,,ses-02,ses-03,2,,160,40,200,11,0.825000,0.825000,0.824961,0.913600,0.468590,0.251937,0.099281
deepconvnet,cross_session,sub-025,,ses-03,ses-01,2,,160,40,200,8,0.835000,0.835000,0.834499,0.903400,0.423105,0.259734,0.084283
deepconvnet,cross_session,sub-025,,ses-03,ses-02,2,,160,40,200,8,0.880000,0.880000,0.879020,0.968100,0.276981,0.158017,0.060166
deepconvnet,cross_session,sub-026,,ses-02,ses-03,2,,160,40,200,3,0.820000,0.820000,0.815271,0.958000,0.383169,0.243927,0.063266
deepconvnet,cross_session,sub-026,,ses-03,ses-02,2,,160,40,200,5,0.890000,0.890000,0.889291,0.948600,0.358085,0.168078,0.059446
deepconvnet,cross_session,sub-027,,ses-01,ses-02,2,,160,40,200,6,0.590000,0.590000,0.589836,0.623500,1.067179,0.598480,0.236226
deepconvnet,cross_session,sub-027,,ses-01,ses-03,2,,160,40,200,6,0.745000,0.745000,0.744483,0.803800,0.549540,0.364957,0.081518
deepconvnet,cross_session,sub-027,,ses-02,ses-01,2,,160,40,200,3,0.560000,0.560000,0.490210,0.732800,0.667538,0.473805,0.108359
deepconvnet,cross_session,sub-027,,ses-02,ses-03,2,,160,40,200,3,0.660000,0.660000,0.644314,0.702300,0.661232,0.467673,0.103395
deepconvnet,cross_session,sub-027,,ses-03,ses-01,2,,160,40,200,34,0.790000,0.790000,0.789663,0.851500,1.022335,0.368037,0.171134
deepconvnet,cross_session,sub-027,,ses-03,ses-02,2,,160,40,200,34,0.545000,0.545000,0.528876,0.617850,4.116132,0.865231,0.438659
deepconvnet,cross_session,sub-028,,ses-01,ses-02,2,,160,40,200,25,0.720000,0.720000,0.719748,0.786400,1.375100,0.477341,0.227819
deepconvnet,cross_session,sub-028,,ses-01,ses-03,2,,160,40,200,25,0.430000,0.430000,0.360341,0.455300,2.343948,0.970390,0.487008
deepconvnet,cross_session,sub-028,,ses-02,ses-01,2,,160,40,200,40,0.740000,0.740000,0.725478,0.900700,0.765678,0.399831,0.143895
deepconvnet,cross_session,sub-028,,ses-02,ses-03,2,,160,40,200,40,0.505000,0.505000,0.360775,0.655900,2.356038,0.925715,0.477127
deepconvnet,cross_session,sub-028,,ses-03,ses-01,2,,160,40,200,12,0.515000,0.515000,0.435636,0.613600,1.114790,0.707161,0.319872
deepconvnet,cross_session,sub-028,,ses-03,ses-02,2,,160,40,200,12,0.655000,0.655000,0.651858,0.622100,1.703241,0.614056,0.274315
deepconvnet,cross_session,sub-029,,ses-01,ses-02,2,,160,40,200,48,0.535000,0.535000,0.454081,0.618650,3.852495,0.858973,0.428898
deepconvnet,cross_session,sub-029,,ses-01,ses-03,2,,160,40,200,48,0.555000,0.555000,0.482182,0.646850,3.607580,0.825531,0.404919
deepconvnet,cross_session,sub-029,,ses-02,ses-01,2,,160,40,200,30,0.455000,0.455000,0.452688,0.444800,1.426612,0.836405,0.380371
deepconvnet,cross_session,sub-029,,ses-02,ses-03,2,,160,40,200,30,0.955000,0.955000,0.954990,0.977200,0.196935,0.069130,0.032077
deepconvnet,cross_session,sub-029,,ses-03,ses-01,2,,160,40,200,22,0.420000,0.420000,0.410029,0.417700,1.469454,0.855531,0.392218
deepconvnet,cross_session,sub-029,,ses-03,ses-02,2,,160,40,200,22,0.845000,0.845000,0.844965,0.906100,0.706032,0.278212,0.123992
deepconvnet,cross_session,sub-030,,ses-01,ses-02,2,,160,40,200,1,0.500000,0.500000,0.333333,0.928000,0.687882,0.494770,0.287671
deepconvnet,cross_session,sub-030,,ses-01,ses-03,2,,160,40,200,1,0.500000,0.500000,0.333333,0.907800,0.686383,0.493283,0.285256
deepconvnet,cross_session,sub-030,,ses-02,ses-01,2,,160,40,200,8,0.905000,0.905000,0.904807,0.955900,0.525579,0.161297,0.073221
deepconvnet,cross_session,sub-030,,ses-02,ses-03,2,,160,40,200,8,0.885000,0.885000,0.884859,0.940100,0.335934,0.181538,0.038665
deepconvnet,cross_session,sub-030,,ses-03,ses-01,2,,160,40,200,1,0.875000,0.875000,0.874922,0.935050,0.450834,0.196731,0.035200
deepconvnet,cross_session,sub-030,,ses-03,ses-02,2,,160,40,200,1,0.860000,0.860000,0.859776,0.926400,0.346300,0.206647,0.032446
deepconvnet,cross_session,sub-031,,ses-01,ses-02,2,,160,40,200,16,0.600000,0.600000,0.596734,0.701200,1.277335,0.618330,0.281422
deepconvnet,cross_session,sub-031,,ses-01,ses-03,2,,160,40,200,16,0.570000,0.570000,0.562608,0.646300,2.066902,0.753470,0.369294
deepconvnet,cross_session,sub-031,,ses-02,ses-01,2,,160,40,200,9,0.720000,0.720000,0.712644,0.796300,0.753392,0.416965,0.126392
deepconvnet,cross_session,sub-031,,ses-02,ses-03,2,,160,40,200,9,0.765000,0.765000,0.764523,0.829700,0.963639,0.361915,0.152985
deepconvnet,cross_session,sub-031,,ses-03,ses-01,2,,160,40,200,2,0.565000,0.565000,0.474495,0.741800,0.678627,0.483675,0.114324
deepconvnet,cross_session,sub-031,,ses-03,ses-02,2,,160,40,200,2,0.605000,0.605000,0.558351,0.738200,0.639630,0.454294,0.109285
deepconvnet,cross_session,sub-032,,ses-01,ses-03,2,,160,40,200,6,0.610000,0.610000,0.598394,0.629800,0.749134,0.517325,0.127719
deepconvnet,cross_session,sub-032,,ses-03,ses-01,2,,160,40,200,15,0.570000,0.570000,0.563718,0.561700,1.071975,0.639784,0.252337
deepconvnet,cross_session,sub-033,,ses-01,ses-02,2,,160,40,200,3,0.740000,0.740000,0.735530,0.857500,0.513576,0.337159,0.050714
deepconvnet,cross_session,sub-033,,ses-01,ses-03,2,,160,40,200,3,0.720000,0.720000,0.710624,0.831900,0.545354,0.366982,0.069752
deepconvnet,cross_session,sub-033,,ses-02,ses-01,2,,160,40,200,14,0.820000,0.820000,0.819712,0.886600,0.559118,0.296633,0.110926
deepconvnet,cross_session,sub-033,,ses-02,ses-03,2,,160,40,200,14,0.790000,0.790000,0.787879,0.873700,0.714319,0.337599,0.145209
deepconvnet,cross_session,sub-033,,ses-03,ses-01,2,,160,40,200,5,0.805000,0.805000,0.804956,0.891500,0.427133,0.268623,0.040818
deepconvnet,cross_session,sub-033,,ses-03,ses-02,2,,160,40,200,5,0.815000,0.815000,0.814995,0.881100,0.443065,0.279933,0.072746
deepconvnet,cross_session,sub-034,,ses-01,ses-02,2,,160,40,200,6,0.795000,0.795000,0.793133,0.860400,0.493609,0.314931,0.070597
deepconvnet,cross_session,sub-034,,ses-01,ses-03,2,,160,40,200,6,0.660000,0.660000,0.635350,0.783100,0.665622,0.459498,0.161345
deepconvnet,cross_session,sub-034,,ses-02,ses-01,2,,160,40,200,46,0.650000,0.650000,0.644886,0.709500,1.849547,0.591433,0.283627
deepconvnet,cross_session,sub-034,,ses-02,ses-03,2,,160,40,200,46,0.870000,0.870000,0.868408,0.974800,0.419130,0.209143,0.086488
deepconvnet,cross_session,sub-034,,ses-03,ses-01,2,,160,40,200,31,0.665000,0.665000,0.664790,0.718400,1.315231,0.545925,0.250270
deepconvnet,cross_session,sub-034,,ses-03,ses-02,2,,160,40,200,31,0.930000,0.930000,0.930000,0.965500,0.290696,0.131128,0.064221
deepconvnet,cross_session,sub-035,,ses-01,ses-02,2,,160,40,200,58,0.970000,0.970000,0.970000,0.993500,0.102178,0.054515,0.024109
deepconvnet,cross_session,sub-035,,ses-01,ses-03,2,,160,40,200,58,0.925000,0.925000,0.924983,0.969700,0.341619,0.108344,0.033556
deepconvnet,cross_session,sub-035,,ses-02,ses-01,2,,160,40,200,53,0.970000,0.970000,0.969973,1.000000,0.064023,0.042343,0.026740
deepconvnet,cross_session,sub-035,,ses-02,ses-03,2,,160,40,200,53,0.910000,0.910000,0.909774,0.974800,0.369659,0.119992,0.053419
deepconvnet,cross_session,sub-035,,ses-03,ses-01,2,,160,40,200,54,0.980000,0.980000,0.979998,0.995400,0.099785,0.046514,0.034394
deepconvnet,cross_session,sub-035,,ses-03,ses-02,2,,160,40,200,54,0.940000,0.940000,0.939850,0.995300,0.164323,0.091739,0.041588
deepconvnet,cross_session,sub-036,,ses-01,ses-02,2,,160,40,200,11,0.880000,0.880000,0.879699,0.954000,0.285227,0.170267,0.033760
deepconvnet,cross_session,sub-036,,ses-01,ses-03,2,,160,40,200,11,0.945000,0.945000,0.944999,0.989500,0.149553,0.079296,0.044026
deepconvnet,cross_session,sub-036,,ses-02,ses-01,2,,160,40,200,46,0.905000,0.905000,0.904998,0.925250,0.815423,0.176486,0.092877
deepconvnet,cross_session,sub-036,,ses-02,ses-03,2,,160,40,200,46,0.990000,0.990000,0.990000,0.996800,0.077397,0.024880,0.015355
deepconvnet,cross_session,sub-036,,ses-03,ses-01,2,,160,40,200,10,0.780000,0.780000,0.775602,0.887000,0.836625,0.326994,0.140526
deepconvnet,cross_session,sub-036,,ses-03,ses-02,2,,160,40,200,10,0.895000,0.895000,0.894044,0.979500,0.292304,0.173729,0.074989
deepconvnet,cross_session,sub-037,,ses-01,ses-02,2,,160,40,200,16,0.875000,0.875000,0.874972,0.952500,0.338795,0.196323,0.118094
deepconvnet,cross_session,sub-037,,ses-01,ses-03,2,,160,40,200,16,0.860000,0.860000,0.859311,0.931200,0.383803,0.226182,0.067064
deepconvnet,cross_session,sub-037,,ses-02,ses-01,2,,160,40,200,9,0.865000,0.865000,0.864997,0.917550,0.621895,0.236172,0.099469
deepconvnet,cross_session,sub-037,,ses-02,ses-03,2,,160,40,200,9,0.830000,0.830000,0.829574,0.893750,0.729312,0.279864,0.114864
deepconvnet,cross_session,sub-037,,ses-03,ses-01,2,,160,40,200,8,0.835000,0.835000,0.834067,0.923800,0.512379,0.242726,0.097174
deepconvnet,cross_session,sub-037,,ses-03,ses-02,2,,160,40,200,8,0.900000,0.900000,0.899840,0.952400,0.317553,0.162671,0.041074
deepconvnet,cross_session,sub-038,,ses-01,ses-02,2,,160,40,200,1,0.530000,0.530000,0.435028,0.586800,0.685181,0.492446,0.047002
deepconvnet,cross_session,sub-038,,ses-01,ses-03,2,,160,40,200,1,0.495000,0.495000,0.355682,0.458400,0.704129,0.510799,0.058245
deepconvnet,cross_session,sub-038,,ses-02,ses-01,2,,160,40,200,12,0.470000,0.470000,0.469523,0.476900,1.435002,0.702790,0.287699
deepconvnet,cross_session,sub-038,,ses-02,ses-03,2,,160,40,200,12,0.570000,0.570000,0.567230,0.599900,0.814089,0.561263,0.173024
deepconvnet,cross_session,sub-038,,ses-03,ses-01,2,,160,40,200,58,0.585000,0.585000,0.584990,0.600350,3.269134,0.733705,0.348359
deepconvnet,cross_session,sub-038,,ses-03,ses-02,2,,160,40,200,58,0.495000,0.495000,0.491325,0.537200,2.776194,0.835657,0.421988
deepconvnet,cross_session,sub-039,,ses-01,ses-02,2,,160,40,200,7,0.485000,0.485000,0.464643,0.450700,0.985742,0.693811,0.264940
deepconvnet,cross_session,sub-039,,ses-01,ses-03,2,,160,40,200,7,0.460000,0.460000,0.450717,0.449900,0.945956,0.674423,0.273609
deepconvnet,cross_session,sub-039,,ses-02,ses-01,2,,160,40,200,9,0.400000,0.400000,0.393939,0.361500,1.451775,0.874933,0.395403
deepconvnet,cross_session,sub-039,,ses-02,ses-03,2,,160,40,200,9,0.670000,0.670000,0.666667,0.724000,0.713511,0.472215,0.155454
deepconvnet,cross_session,sub-039,,ses-03,ses-01,2,,160,40,200,1,0.400000,0.400000,0.399940,0.367600,1.029224,0.744736,0.321466
deepconvnet,cross_session,sub-039,,ses-03,ses-02,2,,160,40,200,1,0.595000,0.595000,0.585030,0.653200,0.671124,0.475420,0.077414
deepconvnet,cross_session,sub-040,,ses-01,ses-02,2,,160,40,200,5,0.555000,0.555000,0.551761,0.576600,0.738164,0.529156,0.124319
deepconvnet,cross_session,sub-040,,ses-01,ses-03,2,,160,40,200,5,0.670000,0.670000,0.669471,0.723600,0.625683,0.430587,0.055705
deepconvnet,cross_session,sub-040,,ses-02,ses-01,2,,160,40,200,3,0.505000,0.505000,0.489362,0.524900,0.749095,0.548804,0.167533
deepconvnet,cross_session,sub-040,,ses-02,ses-03,2,,160,40,200,3,0.545000,0.545000,0.525040,0.655200,0.671016,0.481893,0.114670
deepconvnet,cross_session,sub-040,,ses-03,ses-01,2,,160,40,200,2,0.575000,0.575000,0.570262,0.658200,0.684557,0.494263,0.156476
deepconvnet,cross_session,sub-040,,ses-03,ses-02,2,,160,40,200,2,0.610000,0.610000,0.609961,0.639700,0.687236,0.487258,0.081360
deepconvnet,cross_session,sub-041,,ses-01,ses-02,2,,160,40,200,14,0.815000,0.815000,0.814215,0.903200,0.477418,0.285559,0.114671
deepconvnet,cross_session,sub-041,,ses-01,ses-03,2,,160,40,200,14,0.845000,0.845000,0.844810,0.917800,0.443421,0.249634,0.091319
deepconvnet,cross_session,sub-041,,ses-02,ses-01,2,,160,40,200,10,0.765000,0.765000,0.757576,0.888200,0.544710,0.313112,0.097906
deepconvnet,cross_session,sub-041,,ses-02,ses-03,2,,160,40,200,10,0.825000,0.825000,0.823049,0.930300,0.394415,0.250984,0.068574
deepconvnet,cross_session,sub-041,,ses-03,ses-01,2,,160,40,200,39,0.800000,0.800000,0.797980,0.914000,0.579992,0.297288,0.121052
deepconvnet,cross_session,sub-041,,ses-03,ses-02,2,,160,40,200,39,0.865000,0.865000,0.864726,0.934000,0.393211,0.220594,0.075022
deepconvnet,cross_session,sub-042,,ses-01,ses-02,2,,160,40,200,12,0.695000,0.695000,0.693706,0.708200,0.838025,0.475611,0.169248
deepconvnet,cross_session,sub-042,,ses-01,ses-03,2,,160,40,200,12,0.600000,0.600000,0.599840,0.647500,1.141544,0.601042,0.253282
deepconvnet,cross_session,sub-042,,ses-02,ses-01,2,,160,40,200,15,0.700000,0.700000,0.700000,0.768300,0.590968,0.392549,0.067917
deepconvnet,cross_session,sub-042,,ses-02,ses-03,2,,160,40,200,15,0.555000,0.555000,0.554900,0.593300,1.033626,0.596985,0.225099
deepconvnet,cross_session,sub-042,,ses-03,ses-01,2,,160,40,200,23,0.685000,0.685000,0.680778,0.725100,0.727356,0.463278,0.129455
deepconvnet,cross_session,sub-042,,ses-03,ses-02,2,,160,40,200,23,0.495000,0.495000,0.490401,0.503100,1.108857,0.691253,0.277485
deepconvnet,cross_session,sub-043,,ses-01,ses-02,2,,160,40,200,76,0.955000,0.955000,0.954972,0.994800,0.121139,0.062665,0.033845
deepconvnet,cross_session,sub-043,,ses-01,ses-03,2,,160,40,200,76,0.900000,0.900000,0.899749,0.975200,0.335250,0.154679,0.071799
deepconvnet,cross_session,sub-043,,ses-02,ses-01,2,,160,40,200,27,0.980000,0.980000,0.980000,0.999300,0.037020,0.022117,0.015542
deepconvnet,cross_session,sub-043,,ses-02,ses-03,2,,160,40,200,27,0.930000,0.930000,0.929993,0.983200,0.173163,0.100635,0.034824
deepconvnet,cross_session,sub-043,,ses-03,ses-01,2,,160,40,200,15,0.945000,0.945000,0.944988,0.989400,0.134010,0.078819,0.021518
deepconvnet,cross_session,sub-043,,ses-03,ses-02,2,,160,40,200,15,0.940000,0.940000,0.940000,0.985600,0.158195,0.094963,0.031326
deepconvnet,cross_session,sub-044,,ses-01,ses-02,2,,160,40,200,4,0.540000,0.540000,0.538847,0.595500,0.768232,0.542002,0.174753
deepconvnet,cross_session,sub-044,,ses-01,ses-03,2,,160,40,200,4,0.550000,0.550000,0.543425,0.579400,0.744735,0.533616,0.119410
deepconvnet,cross_session,sub-044,,ses-02,ses-01,2,,160,40,200,6,0.585000,0.585000,0.579438,0.591700,0.880210,0.577494,0.192232
deepconvnet,cross_session,sub-044,,ses-02,ses-03,2,,160,40,200,6,0.775000,0.775000,0.774543,0.850500,0.499048,0.327667,0.067178
deepconvnet,cross_session,sub-044,,ses-03,ses-01,2,,160,40,200,14,0.600000,0.600000,0.589491,0.684100,1.054871,0.581006,0.256009
deepconvnet,cross_session,sub-044,,ses-03,ses-02,2,,160,40,200,14,0.710000,0.710000,0.701370,0.833200,0.782538,0.444100,0.171261
deepconvnet,cross_session,sub-045,,ses-01,ses-02,2,,160,40,200,10,0.765000,0.765000,0.762380,0.848000,0.532840,0.331097,0.069147
deepconvnet,cross_session,sub-045,,ses-01,ses-03,2,,160,40,200,10,0.755000,0.755000,0.753614,0.795400,0.576340,0.376447,0.077074
deepconvnet,cross_session,sub-045,,ses-02,ses-01,2,,160,40,200,11,0.730000,0.730000,0.729892,0.795800,0.649181,0.381762,0.117385
deepconvnet,cross_session,sub-045,,ses-02,ses-03,2,,160,40,200,11,0.650000,0.650000,0.649439,0.716300,0.773817,0.469101,0.137814
deepconvnet,cross_session,sub-045,,ses-03,ses-01,2,,160,40,200,27,0.790000,0.790000,0.789979,0.843000,0.875408,0.348996,0.154884
deepconvnet,cross_session,sub-045,,ses-03,ses-02,2,,160,40,200,27,0.770000,0.770000,0.766640,0.837600,0.755400,0.356889,0.128931
deepconvnet,cross_session,sub-046,,ses-01,ses-02,2,,160,40,200,22,0.950000,0.950000,0.950000,0.985600,0.154327,0.070905,0.043265
deepconvnet,cross_session,sub-046,,ses-01,ses-03,2,,160,40,200,22,0.935000,0.935000,0.934998,0.978200,0.212031,0.097893,0.043602
deepconvnet,cross_session,sub-046,,ses-02,ses-01,2,,160,40,200,24,0.970000,0.970000,0.969997,0.995900,0.086033,0.046538,0.021157
deepconvnet,cross_session,sub-046,,ses-02,ses-03,2,,160,40,200,24,0.940000,0.940000,0.940000,0.958200,0.390410,0.107147,0.047076
deepconvnet,cross_session,sub-046,,ses-03,ses-01,2,,160,40,200,29,0.940000,0.940000,0.939976,0.994100,0.108115,0.072754,0.034425
deepconvnet,cross_session,sub-046,,ses-03,ses-02,2,,160,40,200,29,0.950000,0.950000,0.950000,0.980700,0.189469,0.090465,0.059969
deepconvnet,cross_session,sub-047,,ses-01,ses-02,2,,160,40,200,9,0.770000,0.770000,0.769631,0.821200,0.575686,0.348676,0.089499
deepconvnet,cross_session,sub-047,,ses-01,ses-03,2,,160,40,200,9,0.720000,0.720000,0.718621,0.772500,0.683326,0.411658,0.122460
deepconvnet,cross_session,sub-047,,ses-02,ses-01,2,,160,40,200,11,0.785000,0.785000,0.784088,0.828900,0.521893,0.334598,0.099728
deepconvnet,cross_session,sub-047,,ses-02,ses-03,2,,160,40,200,11,0.665000,0.665000,0.664992,0.710700,0.755620,0.461518,0.133372
deepconvnet,cross_session,sub-047,,ses-03,ses-01,2,,160,40,200,17,0.765000,0.765000,0.764523,0.841800,0.511812,0.317745,0.073802
deepconvnet,cross_session,sub-047,,ses-03,ses-02,2,,160,40,200,17,0.740000,0.740000,0.739348,0.785500,0.660329,0.396756,0.100818
deepconvnet,cross_session,sub-048,,ses-01,ses-02,2,,160,40,200,9,0.835000,0.835000,0.833799,0.898000,0.449047,0.255182,0.086255
deepconvnet,cross_session,sub-048,,ses-01,ses-03,2,,160,40,200,9,0.815000,0.815000,0.811566,0.933300,0.377279,0.240052,0.048142
deepconvnet,cross_session,sub-048,,ses-02,ses-01,2,,160,40,200,19,0.790000,0.790000,0.789663,0.870700,0.644246,0.309567,0.129519
deepconvnet,cross_session,sub-048,,ses-02,ses-03,2,,160,40,200,19,0.790000,0.790000,0.788647,0.872200,0.599389,0.346092,0.132613
deepconvnet,cross_session,sub-048,,ses-03,ses-01,2,,160,40,200,5,0.550000,0.550000,0.453618,0.879100,1.149752,0.682429,0.359290
deepconvnet,cross_session,sub-048,,ses-03,ses-02,2,,160,40,200,5,0.585000,0.585000,0.498656,0.886800,1.209496,0.686306,0.350331
deepconvnet,cross_session,sub-049,,ses-01,ses-02,2,,160,40,200,17,0.555000,0.555000,0.544046,0.613400,1.395288,0.704932,0.341834
deepconvnet,cross_session,sub-049,,ses-01,ses-03,2,,160,40,200,17,0.605000,0.605000,0.570080,0.646900,1.516088,0.613735,0.249335
deepconvnet,cross_session,sub-049,,ses-02,ses-01,2,,160,40,200,2,0.615000,0.615000,0.606732,0.651500,0.664819,0.470045,0.043565
deepconvnet,cross_session,sub-049,,ses-02,ses-03,2,,160,40,200,2,0.605000,0.605000,0.602125,0.635700,0.707066,0.497948,0.093369
deepconvnet,cross_session,sub-049,,ses-03,ses-01,2,,160,40,200,39,0.745000,0.745000,0.744994,0.834200,0.898540,0.406748,0.182141
deepconvnet,cross_session,sub-049,,ses-03,ses-02,2,,160,40,200,39,0.665000,0.665000,0.664992,0.724400,1.627675,0.548108,0.252610
deepconvnet,cross_session,sub-050,,ses-01,ses-02,2,,160,40,200,12,0.825000,0.825000,0.824010,0.914000,0.386757,0.246258,0.049417
deepconvnet,cross_session,sub-050,,ses-01,ses-03,2,,160,40,200,12,0.810000,0.810000,0.809314,0.886800,0.442592,0.277024,0.048734
deepconvnet,cross_session,sub-050,,ses-02,ses-01,2,,160,40,200,32,0.770000,0.770000,0.769908,0.837700,1.255056,0.382403,0.180003
deepconvnet,cross_session,sub-050,,ses-02,ses-03,2,,160,40,200,32,0.885000,0.885000,0.883953,0.958000,0.413792,0.191091,0.094371
deepconvnet,cross_session,sub-050,,ses-03,ses-01,2,,160,40,200,22,0.730000,0.730000,0.727795,0.727100,2.507183,0.497664,0.233729
deepconvnet,cross_session,sub-050,,ses-03,ses-02,2,,160,40,200,22,0.900000,0.900000,0.899910,0.951100,0.376894,0.170874,0.065332
deepconvnet,cross_session,sub-051,,ses-01,ses-02,2,,160,40,200,27,0.600000,0.600000,0.554367,0.725900,0.843206,0.555272,0.227617
deepconvnet,cross_session,sub-051,,ses-01,ses-03,2,,160,40,200,27,0.760000,0.760000,0.752858,0.880400,0.598758,0.344287,0.106685
deepconvnet,cross_session,sub-051,,ses-02,ses-01,2,,160,40,200,14,0.685000,0.685000,0.682131,0.779400,0.918656,0.455285,0.194330
deepconvnet,cross_session,sub-051,,ses-02,ses-03,2,,160,40,200,14,0.805000,0.805000,0.800812,0.868400,0.550662,0.316758,0.092837
deepconvnet,cross_session,sub-051,,ses-03,ses-01,2,,160,40,200,17,0.725000,0.725000,0.719094,0.799600,1.438579,0.485465,0.227246
deepconvnet,cross_session,sub-051,,ses-03,ses-02,2,,160,40,200,17,0.590000,0.590000,0.552353,0.729700,1.114638,0.623034,0.294163
deepconvnet,cross_session,sub-001,,ses-01,ses-02,3,,160,40,200,31,0.640000,0.640000,0.639098,0.672900,0.985915,0.538651,0.203039
deepconvnet,cross_session,sub-001,,ses-01,ses-03,3,,160,40,200,31,0.730000,0.730000,0.729892,0.790000,0.673504,0.414426,0.139021
deepconvnet,cross_session,sub-001,,ses-02,ses-01,3,,160,40,200,27,0.625000,0.625000,0.618039,0.651100,1.828253,0.655666,0.291701
deepconvnet,cross_session,sub-001,,ses-02,ses-03,3,,160,40,200,27,0.935000,0.935000,0.934959,0.985200,0.161674,0.103732,0.032131
deepconvnet,cross_session,sub-001,,ses-03,ses-01,3,,160,40,200,16,0.690000,0.690000,0.689876,0.740100,1.032314,0.486108,0.198327
deepconvnet,cross_session,sub-001,,ses-03,ses-02,3,,160,40,200,16,0.835000,0.835000,0.834963,0.906800,0.482980,0.257128,0.080156
deepconvnet,cross_session,sub-002,,ses-01,ses-02,3,,160,40,200,5,0.575000,0.575000,0.574734,0.623200,0.703094,0.500239,0.112938
deepconvnet,cross_session,sub-002,,ses-01,ses-03,3,,160,40,200,5,0.645000,0.645000,0.637376,0.680000,0.668967,0.465354,0.072135
deepconvnet,cross_session,sub-002,,ses-02,ses-01,3,,160,40,200,12,0.580000,0.580000,0.578483,0.666700,0.664333,0.469972,0.123314
deepconvnet,cross_session,sub-002,,ses-02,ses-03,3,,160,40,200,12,0.675000,0.675000,0.668020,0.744400,0.620594,0.424980,0.085237
deepconvnet,cross_session,sub-002,,ses-03,ses-01,3,,160,40,200,4,0.625000,0.625000,0.623409,0.680000,0.712629,0.491717,0.152112
deepconvnet,cross_session,sub-002,,ses-03,ses-02,3,,160,40,200,4,0.645000,0.645000,0.642416,0.679400,0.762259,0.500717,0.165892
deepconvnet,cross_session,sub-003,,ses-01,ses-02,3,,160,40,200,47,0.845000,0.845000,0.844685,0.927900,0.463108,0.248347,0.095667
deepconvnet,cross_session,sub-003,,ses-01,ses-03,3,,160,40,200,47,0.825000,0.825000,0.824996,0.878900,0.906774,0.292862,0.138263
deepconvnet,cross_session,sub-003,,ses-02,ses-01,3,,160,40,200,22,0.860000,0.860000,0.859944,0.918900,0.449214,0.243069,0.096466
deepconvnet,cross_session,sub-003,,ses-02,ses-03,3,,160,40,200,22,0.875000,0.875000,0.874972,0.931850,0.544043,0.202835,0.071686
deepconvnet,cross_session,sub-003,,ses-03,ses-01,3,,160,40,200,6,0.500000,0.500000,0.333333,0.633100,1.424459,0.851790,0.432352
deepconvnet,cross_session,sub-003,,ses-03,ses-02,3,,160,40,200,6,0.505000,0.505000,0.344349,0.593700,1.175492,0.776123,0.380109
deepconvnet,cross_session,sub-004,,ses-01,ses-02,3,,160,40,200,2,0.485000,0.485000,0.457538,0.467100,0.748951,0.551658,0.119668
deepconvnet,cross_session,sub-004,,ses-01,ses-03,3,,160,40,200,2,0.480000,0.480000,0.478121,0.507700,0.722564,0.525538,0.109919
deepconvnet,cross_session,sub-004,,ses-02,ses-01,3,,160,40,200,4,0.560000,0.560000,0.559956,0.531500,0.738228,0.536352,0.124298
deepconvnet,cross_session,sub-004,,ses-02,ses-03,3,,160,40,200,4,0.475000,0.475000,0.473407,0.474600,0.825518,0.600136,0.201036
deepconvnet,cross_session,sub-004,,ses-03,ses-01,3,,160,40,200,18,0.505000,0.505000,0.489362,0.528900,0.890894,0.607221,0.214027
deepconvnet,cross_session,sub-004,,ses-03,ses-02,3,,160,40,200,18,0.480000,0.480000,0.407407,0.483800,0.953689,0.663790,0.259463
deepconvnet,cross_session,sub-005,,ses-01,ses-02,3,,160,40,200,43,0.835000,0.835000,0.834665,0.898400,0.625164,0.273102,0.110973
deepconvnet,cross_session,sub-005,,ses-01,ses-03,3,,160,40,200,43,0.615000,0.615000,0.596341,0.674300,1.204352,0.621597,0.287877
deepconvnet,cross_session,sub-005,,ses-02,ses-01,3,,160,40,200,8,0.695000,0.695000,0.693706,0.781400,0.614096,0.399971,0.091351
deepconvnet,cross_session,sub-005,,ses-02,ses-03,3,,160,40,200,8,0.485000,0.485000,0.484368,0.469300,0.882086,0.632492,0.243147
deepconvnet,cross_session,sub-005,,ses-03,ses-01,3,,160,40,200,5,0.545000,0.545000,0.487483,0.564600,0.755232,0.541017,0.150805
deepconvnet,cross_session,sub-005,,ses-03,ses-02,3,,160,40,200,5,0.535000,0.535000,0.502660,0.553200,0.741128,0.535720,0.126484
deepconvnet,cross_session,sub-006,,ses-01,ses-02,3,,160,40,200,32,0.875000,0.875000,0.874293,0.970100,0.339701,0.202345,0.085988
deepconvnet,cross_session,sub-006,,ses-01,ses-03,3,,160,40,200,32,0.905000,0.905000,0.904597,0.978300,0.266581,0.137027,0.049943
deepconvnet,cross_session,sub-006,,ses-02,ses-01,3,,160,40,200,47,0.785000,0.785000,0.776501,0.878100,1.715011,0.395258,0.198680
deepconvnet,cross_session,sub-006,,ses-02,ses-03,3,,160,40,200,47,0.845000,0.845000,0.842923,0.930300,1.119674,0.281161,0.136572
deepconvnet,cross_session,sub-006,,ses-03,ses-01,3,,160,40,200,20,0.595000,0.595000,0.573404,0.692700,2.004179,0.698081,0.335359
deepconvnet,cross_session,sub-006,,ses-03,ses-02,3,,160,40,200,20,0.725000,0.725000,0.718230,0.879800,0.891744,0.409308,0.196357
deepconvnet,cross_session,sub-007,,ses-01,ses-02,3,,160,40,200,9,0.725000,0.725000,0.722496,0.787700,0.571034,0.385558,0.062076
deepconvnet,cross_session,sub-007,,ses-01,ses-03,3,,160,40,200,9,0.810000,0.810000,0.806734,0.920000,0.469092,0.293812,0.133609
deepconvnet,cross_session,sub-007,,ses-02,ses-01,3,,160,40,200,6,0.630000,0.630000,0.624594,0.699700,0.840614,0.527295,0.189991
deepconvnet,cross_session,sub-007,,ses-02,ses-03,3,,160,40,200,6,0.845000,0.845000,0.843588,0.900900,0.493033,0.249970,0.073834
deepconvnet,cross_session,sub-007,,ses-03,ses-01,3,,160,40,200,6,0.605000,0.605000,0.601403,0.673000,1.123681,0.604102,0.265769
deepconvnet,cross_session,sub-007,,ses-03,ses-02,3,,160,40,200,6,0.685000,0.685000,0.684361,0.766700,0.739577,0.451561,0.160662
deepconvnet,cross_session,sub-008,,ses-01,ses-02,3,,160,40,200,8,0.595000,0.595000,0.582205,0.600200,0.749144,0.532620,0.141849
deepconvnet,cross_session,sub-008,,ses-01,ses-03,3,,160,40,200,8,0.605000,0.605000,0.597667,0.657900,0.702288,0.491493,0.106361
deepconvnet,cross_session,sub-008,,ses-02,ses-01,3,,160,40,200,27,0.695000,0.695000,0.690912,0.753100,0.873454,0.441612,0.155291
deepconvnet,cross_session,sub-008,,ses-02,ses-03,3,,160,40,200,27,0.765000,0.765000,0.762860,0.827500,0.955210,0.383049,0.163530
deepconvnet,cross_session,sub-008,,ses-03,ses-01,3,,160,40,200,38,0.545000,0.545000,0.533800,0.535500,1.270715,0.709879,0.286839
deepconvnet,cross_session,sub-008,,ses-03,ses-02,3,,160,40,200,38,0.695000,0.695000,0.688450,0.769800,0.765790,0.444921,0.164196
deepconvnet,cross_session,sub-009,,ses-01,ses-02,3,,160,40,200,21,0.735000,0.735000,0.734993,0.798800,0.718970,0.417275,0.147648
deepconvnet,cross_session,sub-009,,ses-01,ses-03,3,,160,40,200,21,0.585000,0.585000,0.584158,0.608900,1.098708,0.596662,0.222899
deepconvnet,cross_session,sub-009,,ses-02,ses-01,3,,160,40,200,22,0.670000,0.670000,0.669967,0.742100,0.819170,0.488945,0.193478
deepconvnet,cross_session,sub-009,,ses-02,ses-03,3,,160,40,200,22,0.565000,0.565000,0.554292,0.617000,1.030312,0.611848,0.240084
deepconvnet,cross_session,sub-009,,ses-03,ses-01,3,,160,40,200,1,0.555000,0.555000,0.528988,0.596800,0.692795,0.498080,0.060329
deepconvnet,cross_session,sub-009,,ses-03,ses-02,3,,160,40,200,1,0.605000,0.605000,0.600597,0.630500,0.678420,0.483253,0.075866
deepconvnet,cross_session,sub-010,,ses-01,ses-02,3,,160,40,200,3,0.605000,0.605000,0.555067,0.832000,0.723391,0.496182,0.199978
deepconvnet,cross_session,sub-010,,ses-01,ses-03,3,,160,40,200,3,0.500000,0.500000,0.342019,0.557900,0.951580,0.675177,0.298092
deepconvnet,cross_session,sub-010,,ses-02,ses-01,3,,160,40,200,10,0.725000,0.725000,0.724663,0.797200,0.761238,0.404767,0.150464
deepconvnet,cross_session,sub-010,,ses-02,ses-03,3,,160,40,200,10,0.475000,0.475000,0.399296,0.496200,1.099315,0.718763,0.328555
deepconvnet,cross_session,sub-010,,ses-03,ses-01,3,,160,40,200,5,0.515000,0.515000,0.514988,0.518100,0.799825,0.580973,0.174205
deepconvnet,cross_session,sub-010,,ses-03,ses-02,3,,160,40,200,5,0.535000,0.535000,0.533027,0.536100,0.850531,0.597876,0.200985
deepconvnet,cross_session,sub-011,,ses-01,ses-02,3,,160,40,200,2,0.620000,0.620000,0.596774,0.662200,1.732412,0.639603,0.280399
deepconvnet,cross_session,sub-011,,ses-01,ses-03,3,,160,40,200,2,0.925000,0.925000,0.924998,0.969300,0.300853,0.129046,0.063826
deepconvnet,cross_session,sub-011,,ses-02,ses-01,3,,160,40,200,8,0.870000,0.870000,0.869674,0.939300,0.365656,0.217306,0.086789
deepconvnet,cross_session,sub-011,,ses-02,ses-03,3,,160,40,200,8,0.900000,0.900000,0.899960,0.953800,0.299389,0.171857,0.078774
deepconvnet,cross_session,sub-011,,ses-03,ses-01,3,,160,40,200,1,0.895000,0.895000,0.894976,0.946600,0.290580,0.176689,0.042364
deepconvnet,cross_session,sub-011,,ses-03,ses-02,3,,160,40,200,1,0.610000,0.610000,0.588217,0.703200,0.994054,0.510506,0.126809
deepconvnet,cross_session,sub-012,,ses-01,ses-02,3,,160,40,200,1,0.505000,0.505000,0.504889,0.510500,0.730273,0.533436,0.131336
deepconvnet,cross_session,sub-012,,ses-01,ses-03,3,,160,40,200,1,0.555000,0.555000,0.550039,0.583800,0.694466,0.499464,0.065082
deepconvnet,cross_session,sub-012,,ses-02,ses-01,3,,160,40,200,3,0.535000,0.535000,0.530765,0.555400,0.732497,0.531627,0.127779
deepconvnet,cross_session,sub-012,,ses-02,ses-03,3,,160,40,200,3,0.550000,0.550000,0.546325,0.547500,0.739224,0.531910,0.104930
deepconvnet,cross_session,sub-012,,ses-03,ses-01,3,,160,40,200,2,0.500000,0.500000,0.499800,0.509500,0.783598,0.573828,0.170516
deepconvnet,cross_session,sub-012,,ses-03,ses-02,3,,160,40,200,2,0.530000,0.530000,0.529812,0.541800,0.772347,0.555312,0.140273
deepconvnet,cross_session,sub-013,,ses-01,ses-02,3,,160,40,200,2,0.645000,0.645000,0.620311,0.739400,0.926330,0.501580,0.155388
deepconvnet,cross_session,sub-013,,ses-01,ses-03,3,,160,40,200,2,0.690000,0.690000,0.689223,0.733700,0.610101,0.421013,0.098035
deepconvnet,cross_session,sub-013,,ses-02,ses-01,3,,160,40,200,23,0.645000,0.645000,0.643494,0.701200,0.776493,0.494371,0.153969
deepconvnet,cross_session,sub-013,,ses-02,ses-03,3,,160,40,200,23,0.755000,0.755000,0.754847,0.844400,0.520424,0.325463,0.062305
deepconvnet,cross_session,sub-013,,ses-03,ses-01,3,,160,40,200,7,0.710000,0.710000,0.710000,0.748500,0.716835,0.437789,0.138415
deepconvnet,cross_session,sub-013,,ses-03,ses-02,3,,160,40,200,7,0.765000,0.765000,0.764003,0.815500,0.879057,0.379033,0.124794
deepconvnet,cross_session,sub-014,,ses-01,ses-02,3,,160,40,200,1,0.505000,0.505000,0.504690,0.493700,0.718071,0.523123,0.078332
deepconvnet,cross_session,sub-014,,ses-01,ses-03,3,,160,40,200,1,0.510000,0.510000,0.506844,0.539400,0.702157,0.507580,0.063917
deepconvnet,cross_session,sub-014,,ses-02,ses-01,3,,160,40,200,6,0.475000,0.475000,0.424957,0.518400,0.787303,0.577930,0.207692
deepconvnet,cross_session,sub-014,,ses-02,ses-03,3,,160,40,200,6,0.465000,0.465000,0.406067,0.449100,0.847156,0.614852,0.202904
deepconvnet,cross_session,sub-014,,ses-03,ses-01,3,,160,40,200,2,0.565000,0.565000,0.556925,0.585200,0.714716,0.512356,0.085206
deepconvnet,cross_session,sub-014,,ses-03,ses-02,3,,160,40,200,2,0.515000,0.515000,0.445064,0.458400,0.760637,0.560019,0.166044
deepconvnet,cross_session,sub-015,,ses-01,ses-02,3,,160,40,200,31,0.690000,0.690000,0.689223,0.775900,0.851355,0.447460,0.180840
deepconvnet,cross_session,sub-015,,ses-01,ses-03,3,,160,40,200,31,0.625000,0.625000,0.619974,0.642200,1.469571,0.631188,0.249563
deepconvnet,cross_session,sub-015,,ses-02,ses-01,3,,160,40,200,23,0.620000,0.620000,0.616897,0.655300,0.999778,0.566689,0.204790
deepconvnet,cross_session,sub-015,,ses-02,ses-03,3,,160,40,200,23,0.600000,0.600000,0.600000,0.608500,1.223425,0.656677,0.279938
deepconvnet,cross_session,sub-015,,ses-03,ses-01,3,,160,40,200,41,0.630000,0.630000,0.616143,0.670300,0.717389,0.494173,0.097262
deepconvnet,cross_session,sub-015,,ses-03,ses-02,3,,160,40,200,41,0.655000,0.655000,0.652489,0.679100,0.728053,0.485101,0.118631
deepconvnet,cross_session,sub-016,,ses-01,ses-02,3,,160,40,200,8,0.460000,0.460000,0.454545,0.461000,0.751768,0.553212,0.150452
deepconvnet,cross_session,sub-016,,ses-01,ses-03,3,,160,40,200,8,0.505000,0.505000,0.497143,0.489300,0.738164,0.540530,0.127785
deepconvnet,cross_session,sub-016,,ses-02,ses-01,3,,160,40,200,1,0.505000,0.505000,0.389473,0.499100,0.843043,0.613233,0.214543
deepconvnet,cross_session,sub-016,,ses-02,ses-03,3,,160,40,200,1,0.505000,0.505000,0.402011,0.603200,0.753555,0.550413,0.186375
deepconvnet,cross_session,sub-016,,ses-03,ses-01,3,,160,40,200,3,0.505000,0.505000,0.473390,0.488000,0.838407,0.607575,0.191358
deepconvnet,cross_session,sub-016,,ses-03,ses-02,3,,160,40,200,3,0.550000,0.550000,0.502157,0.625200,0.728686,0.529587,0.150959
deepconvnet,cross_session,sub-017,,ses-01,ses-02,3,,160,40,200,45,0.740000,0.740000,0.739061,0.834800,0.505550,0.334096,0.063920
deepconvnet,cross_session,sub-017,,ses-01,ses-03,3,,160,40,200,45,0.695000,0.695000,0.694075,0.802500,0.723735,0.440254,0.168007
deepconvnet,cross_session,sub-017,,ses-02,ses-01,3,,160,40,200,8,0.770000,0.770000,0.769908,0.803000,0.757532,0.377177,0.132416
deepconvnet,cross_session,sub-017,,ses-02,ses-03,3,,160,40,200,8,0.650000,0.650000,0.636892,0.809100,1.070911,0.554142,0.247694
deepconvnet,cross_session,sub-017,,ses-03,ses-01,3,,160,40,200,2,0.600000,0.600000,0.565972,0.710800,0.751026,0.507706,0.158304
deepconvnet,cross_session,sub-017,,ses-03,ses-02,3,,160,40,200,2,0.545000,0.545000,0.444699,0.722000,0.738950,0.537543,0.197857
deepconvnet,cross_session,sub-018,,ses-01,ses-02,3,,160,40,200,22,0.685000,0.685000,0.684992,0.740700,0.601741,0.415424,0.053672
deepconvnet,cross_session,sub-018,,ses-01,ses-03,3,,160,40,200,22,0.590000,0.590000,0.588972,0.661400,0.656663,0.464194,0.092342
deepconvnet,cross_session,sub-018,,ses-02,ses-01,3,,160,40,200,1,0.560000,0.560000,0.556407,0.546950,1.130500,0.637866,0.243405
deepconvnet,cross_session,sub-018,,ses-02,ses-03,3,,160,40,200,1,0.545000,0.545000,0.543069,0.572200,0.793103,0.559801,0.181211
deepconvnet,cross_session,sub-018,,ses-03,ses-01,3,,160,40,200,2,0.520000,0.520000,0.443865,0.552700,0.745594,0.543285,0.156160
deepconvnet,cross_session,sub-018,,ses-03,ses-02,3,,160,40,200,2,0.525000,0.525000,0.386602,0.606700,0.723605,0.526672,0.128977
deepconvnet,cross_session,sub-019,,ses-01,ses-02,3,,160,40,200,7,0.525000,0.525000,0.508167,0.534000,0.753167,0.549427,0.137539
deepconvnet,cross_session,sub-019,,ses-01,ses-03,3,,160,40,200,7,0.570000,0.570000,0.562608,0.617500,0.705749,0.502836,0.090455
deepconvnet,cross_session,sub-019,,ses-02,ses-01,3,,160,40,200,18,0.560000,0.560000,0.559956,0.570500,1.022669,0.653521,0.254140
deepconvnet,cross_session,sub-019,,ses-02,ses-03,3,,160,40,200,18,0.820000,0.820000,0.819350,0.889400,0.446505,0.272479,0.049548
deepconvnet,cross_session,sub-019,,ses-03,ses-01,3,,160,40,200,16,0.520000,0.520000,0.518797,0.542100,1.163922,0.681243,0.279825
deepconvnet,cross_session,sub-019,,ses-03,ses-02,3,,160,40,200,16,0.735000,0.735000,0.734834,0.775500,1.020561,0.440303,0.182322
deepconvnet,cross_session,sub-020,,ses-01,ses-02,3,,160,40,200,31,0.880000,0.880000,0.880000,0.935200,0.383802,0.191866,0.049461
deepconvnet,cross_session,sub-020,,ses-01,ses-03,3,,160,40,200,31,0.620000,0.620000,0.611253,0.680100,0.898929,0.550548,0.211101
deepconvnet,cross_session,sub-020,,ses-02,ses-01,3,,160,40,200,57,0.690000,0.690000,0.679620,0.730050,2.286826,0.546102,0.260028
deepconvnet,cross_session,sub-020,,ses-02,ses-03,3,,160,40,200,57,0.480000,0.480000,0.472403,0.485800,1.866740,0.843155,0.402366
deepconvnet,cross_session,sub-020,,ses-03,ses-01,3,,160,40,200,34,0.455000,0.455000,0.406819,0.447150,4.622105,1.010975,0.502362
deepconvnet,cross_session,sub-020,,ses-03,ses-02,3,,160,40,200,34,0.425000,0.425000,0.404623,0.383300,1.993686,0.931456,0.446265
deepconvnet,cross_session,sub-021,,ses-01,ses-02,3,,160,40,200,50,0.750000,0.750000,0.749097,0.780650,1.752670,0.477409,0.232766
deepconvnet,cross_session,sub-021,,ses-01,ses-03,3,,160,40,200,50,0.775000,0.775000,0.774724,0.836600,1.317881,0.393835,0.188155
deepconvnet,cross_session,sub-021,,ses-02,ses-01,3,,160,40,200,56,0.795000,0.795000,0.794872,0.890800,0.529259,0.318870,0.127032
deepconvnet,cross_session,sub-021,,ses-02,ses-03,3,,160,40,200,56,0.805000,0.805000,0.804878,0.901600,0.673213,0.305396,0.134618
deepconvnet,cross_session,sub-021,,ses-03,ses-01,3,,160,40,200,1,0.550000,0.550000,0.542264,0.598500,0.695001,0.500526,0.102455
deepconvnet,cross_session,sub-021,,ses-03,ses-02,3,,160,40,200,1,0.480000,0.480000,0.479948,0.477300,1.028484,0.698919,0.284437
deepconvnet,cross_session,sub-022,,ses-01,ses-02,3,,160,40,200,6,0.490000,0.490000,0.353120,0.495900,0.945446,0.682989,0.291230
deepconvnet,cross_session,sub-022,,ses-01,ses-03,3,,160,40,200,6,0.495000,0.495000,0.363158,0.513800,0.858242,0.629794,0.252364
deepconvnet,cross_session,sub-022,,ses-02,ses-01,3,,160,40,200,57,0.475000,0.475000,0.472772,0.490400,2.022120,0.879529,0.422858
deepconvnet,cross_session,sub-022,,ses-02,ses-03,3,,160,40,200,57,0.725000,0.725000,0.724993,0.790000,0.943116,0.435787,0.181427
deepconvnet,cross_session,sub-022,,ses-03,ses-01,3,,160,40,200,26,0.640000,0.640000,0.639964,0.656200,1.577034,0.625576,0.280377
deepconvnet,cross_session,sub-022,,ses-03,ses-02,3,,160,40,200,26,0.570000,0.570000,0.568922,0.580800,1.392402,0.696806,0.315279
deepconvnet,cross_session,sub-023,,ses-02,ses-03,3,,160,40,200,4,0.740000,0.740000,0.739974,0.751900,0.645448,0.411388,0.133064
deepconvnet,cross_session,sub-023,,ses-03,ses-02,3,,160,40,200,76,0.695000,0.695000,0.694626,0.786100,1.283559,0.500147,0.240549
deepconvnet,cross_session,sub-025,,ses-01,ses-02,3,,160,40,200,3,0.900000,0.900000,0.899960,0.942700,0.369087,0.161229,0.056533
deepconvnet,cross_session,sub-025,,ses-01,ses-03,3,,160,40,200,3,0.865000,0.865000,0.864916,0.927000,0.440079,0.210828,0.059787
deepconvnet,cross_session,sub-025,,ses-02,ses-01,3,,160,40,200,2,0.860000,0.860000,0.859494,0.939400,0.333541,0.187998,0.078837
deepconvnet,cross_session,sub-025,,ses-02,ses-03,3,,160,40,200,2,0.810000,0.810000,0.808081,0.898000,0.500506,0.287257,0.093239
deepconvnet,cross_session,sub-025,,ses-03,ses-01,3,,160,40,200,2,0.865000,0.865000,0.864590,0.938500,0.375830,0.223664,0.096251
deepconvnet,cross_session,sub-025,,ses-03,ses-02,3,,160,40,200,2,0.850000,0.850000,0.849034,0.916800,0.404134,0.249956,0.082212
deepconvnet,cross_session,sub-026,,ses-02,ses-03,3,,160,40,200,1,0.770000,0.770000,0.770000,0.839000,0.487298,0.325732,0.084651
deepconvnet,cross_session,sub-026,,ses-03,ses-02,3,,160,40,200,4,0.855000,0.855000,0.852698,0.943900,0.466381,0.224627,0.084250
deepconvnet,cross_session,sub-027,,ses-01,ses-02,3,,160,40,200,4,0.600000,0.600000,0.599960,0.636700,0.823784,0.529045,0.142494
deepconvnet,cross_session,sub-027,,ses-01,ses-03,3,,160,40,200,4,0.615000,0.615000,0.578302,0.761800,0.637720,0.448997,0.111590
deepconvnet,cross_session,sub-027,,ses-02,ses-01,3,,160,40,200,29,0.665000,0.665000,0.657805,0.775500,0.778433,0.459209,0.174093
deepconvnet,cross_session,sub-027,,ses-02,ses-03,3,,160,40,200,29,0.750000,0.750000,0.748390,0.856200,0.520592,0.333550,0.085653
deepconvnet,cross_session,sub-027,,ses-03,ses-01,3,,160,40,200,29,0.610000,0.610000,0.609844,0.674900,2.303753,0.694359,0.337914
deepconvnet,cross_session,sub-027,,ses-03,ses-02,3,,160,40,200,29,0.585000,0.585000,0.584491,0.608900,3.319112,0.760050,0.362630
deepconvnet,cross_session,sub-028,,ses-01,ses-02,3,,160,40,200,16,0.755000,0.755000,0.752269,0.814400,0.820515,0.411399,0.168541
deepconvnet,cross_session,sub-028,,ses-01,ses-03,3,,160,40,200,16,0.480000,0.480000,0.442299,0.515500,1.289720,0.753810,0.342621
deepconvnet,cross_session,sub-028,,ses-02,ses-01,3,,160,40,200,22,0.535000,0.535000,0.432494,0.844000,0.925343,0.629742,0.320870
deepconvnet,cross_session,sub-028,,ses-02,ses-03,3,,160,40,200,22,0.515000,0.515000,0.373688,0.619000,1.317659,0.774348,0.378636
deepconvnet,cross_session,sub-028,,ses-03,ses-01,3,,160,40,200,12,0.500000,0.500000,0.350312,0.628900,1.747615,0.908041,0.456881
deepconvnet,cross_session,sub-028,,ses-03,ses-02,3,,160,40,200,12,0.580000,0.580000,0.570332,0.614300,1.930622,0.701271,0.337586
deepconvnet,cross_session,sub-029,,ses-01,ses-02,3,,160,40,200,79,0.495000,0.495000,0.407120,0.545950,6.817891,0.987744,0.496878
deepconvnet,cross_session,sub-029,,ses-01,ses-03,3,,160,40,200,79,0.545000,0.545000,0.444699,0.624800,5.460853,0.864173,0.432869
deepconvnet,cross_session,sub-029,,ses-02,ses-01,3,,160,40,200,51,0.395000,0.395000,0.373560,0.362700,1.893986,0.967542,0.465556
deepconvnet,cross_session,sub-029,,ses-02,ses-03,3,,160,40,200,51,0.950000,0.950000,0.949995,0.976900,0.280316,0.082685,0.019331
deepconvnet,cross_session,sub-029,,ses-03,ses-01,3,,160,40,200,80,0.465000,0.465000,0.463914,0.463300,1.623196,0.846456,0.394163
deepconvnet,cross_session,sub-029,,ses-03,ses-02,3,,160,40,200,80,0.820000,0.820000,0.819838,0.889150,1.039721,0.302113,0.151726
deepconvnet,cross_session,sub-030,,ses-01,ses-02,3,,160,40,200,25,0.500000,0.500000,0.333333,0.930700,0.687919,0.494803,0.369964
deepconvnet,cross_session,sub-030,,ses-01,ses-03,3,,160,40,200,25,0.500000,0.500000,0.333333,0.931100,0.686979,0.493866,0.337559
deepconvnet,cross_session,sub-030,,ses-02,ses-01,3,,160,40,200,30,0.945000,0.945000,0.944966,0.980800,0.305089,0.114827,0.061762
deepconvnet,cross_session,sub-030,,ses-02,ses-03,3,,160,40,200,30,0.870000,0.870000,0.869948,0.938100,0.474208,0.212838,0.084481
deepconvnet,cross_session,sub-030,,ses-03,ses-01,3,,160,40,200,28,0.685000,0.685000,0.661208,0.832100,1.440982,0.538595,0.247300
deepconvnet,cross_session,sub-030,,ses-03,ses-02,3,,160,40,200,28,0.755000,0.755000,0.741935,0.897000,0.920032,0.404801,0.187387
deepconvnet,cross_session,sub-031,,ses-01,ses-02,3,,160,40,200,10,0.660000,0.660000,0.655836,0.747700,1.018156,0.524297,0.230309
deepconvnet,cross_session,sub-031,,ses-01,ses-03,3,,160,40,200,10,0.595000,0.595000,0.592709,0.615400,1.840661,0.676993,0.310852
deepconvnet,cross_session,sub-031,,ses-02,ses-01,3,,160,40,200,23,0.560000,0.560000,0.465760,0.791500,1.560672,0.733850,0.372651
deepconvnet,cross_session,sub-031,,ses-02,ses-03,3,,160,40,200,23,0.760000,0.760000,0.759133,0.832900,1.020195,0.374778,0.157367
deepconvnet,cross_session,sub-031,,ses-03,ses-01,3,,160,40,200,13,0.605000,0.605000,0.555067,0.770700,0.795240,0.529206,0.202872
deepconvnet,cross_session,sub-031,,ses-03,ses-02,3,,160,40,200,13,0.785000,0.785000,0.775568,0.900100,0.469343,0.309056,0.080268
deepconvnet,cross_session,sub-032,,ses-01,ses-03,3,,160,40,200,12,0.635000,0.635000,0.631676,0.723800,0.648020,0.448617,0.108148
deepconvnet,cross_session,sub-032,,ses-03,ses-01,3,,160,40,200,16,0.590000,0.590000,0.552353,0.583300,1.240235,0.661095,0.294147
deepconvnet,cross_session,sub-033,,ses-01,ses-02,3,,160,40,200,27,0.770000,0.770000,0.759389,0.927100,0.715373,0.343689,0.147585
deepconvnet,cross_session,sub-033,,ses-01,ses-03,3,,160,40,200,27,0.830000,0.830000,0.828283,0.905100,0.687187,0.293565,0.125588
deepconvnet,cross_session,sub-033,,ses-02,ses-01,3,,160,40,200,7,0.830000,0.830000,0.829163,0.913300,0.405771,0.249107,0.059935
deepconvnet,cross_session,sub-033,,ses-02,ses-03,3,,160,40,200,7,0.805000,0.805000,0.804995,0.891300,0.429931,0.270844,0.074408
deepconvnet,cross_session,sub-033,,ses-03,ses-01,3,,160,40,200,12,0.835000,0.835000,0.834897,0.889600,0.519150,0.276092,0.091551
deepconvnet,cross_session,sub-033,,ses-03,ses-02,3,,160,40,200,12,0.760000,0.760000,0.757060,0.863200,0.659764,0.362660,0.137702
deepconvnet,cross_session,sub-034,,ses-01,ses-02,3,,160,40,200,23,0.865000,0.865000,0.864726,0.942600,0.320642,0.191343,0.042081
deepconvnet,cross_session,sub-034,,ses-01,ses-03,3,,160,40,200,23,0.775000,0.775000,0.767026,0.876300,0.533455,0.339701,0.110952
deepconvnet,cross_session,sub-034,,ses-02,ses-01,3,,160,40,200,4,0.655000,0.655000,0.654577,0.675700,1.080757,0.555587,0.214539
deepconvnet,cross_session,sub-034,,ses-02,ses-03,3,,160,40,200,4,0.910000,0.910000,0.909919,0.964200,0.243027,0.146954,0.031456
deepconvnet,cross_session,sub-034,,ses-03,ses-01,3,,160,40,200,46,0.675000,0.675000,0.674797,0.725900,1.536290,0.559862,0.270577
deepconvnet,cross_session,sub-034,,ses-03,ses-02,3,,160,40,200,46,0.920000,0.920000,0.919872,0.965300,0.334751,0.133393,0.048453
deepconvnet,cross_session,sub-035,,ses-01,ses-02,3,,160,40,200,28,0.960000,0.960000,0.959996,0.988800,0.131812,0.059095,0.027038
deepconvnet,cross_session,sub-035,,ses-01,ses-03,3,,160,40,200,28,0.930000,0.930000,0.929993,0.967800,0.323357,0.122187,0.056464
deepconvnet,cross_session,sub-035,,ses-02,ses-01,3,,160,40,200,19,0.960000,0.960000,0.959936,0.999900,0.079907,0.053962,0.028848
deepconvnet,cross_session,sub-035,,ses-02,ses-03,3,,160,40,200,19,0.920000,0.920000,0.919872,0.975000,0.304623,0.114260,0.055727
deepconvnet,cross_session,sub-035,,ses-03,ses-01,3,,160,40,200,93,0.970000,0.970000,0.969973,0.997500,0.077243,0.038812,0.036663
deepconvnet,cross_session,sub-035,,ses-03,ses-02,3,,160,40,200,93,0.970000,0.970000,0.969997,0.993600,0.091599,0.042500,0.020708
deepconvnet,cross_session,sub-036,,ses-01,ses-02,3,,160,40,200,14,0.895000,0.895000,0.894681,0.960300,0.290822,0.165764,0.026413
deepconvnet,cross_session,sub-036,,ses-01,ses-03,3,,160,40,200,14,0.985000,0.985000,0.985000,0.997800,0.089615,0.039750,0.048746
deepconvnet,cross_session,sub-036,,ses-02,ses-01,3,,160,40,200,84,0.905000,0.905000,0.904979,0.919200,0.970868,0.177939,0.090356
deepconvnet,cross_session,sub-036,,ses-02,ses-03,3,,160,40,200,84,0.980000,0.980000,0.979998,0.994900,0.095489,0.029826,0.017409
deepconvnet,cross_session,sub-036,,ses-03,ses-01,3,,160,40,200,6,0.815000,0.815000,0.813654,0.876800,0.733224,0.302378,0.130067
deepconvnet,cross_session,sub-036,,ses-03,ses-02,3,,160,40,200,6,0.835000,0.835000,0.833799,0.942500,0.383073,0.236600,0.079176
deepconvnet,cross_session,sub-037,,ses-01,ses-02,3,,160,40,200,17,0.875000,0.875000,0.874922,0.946600,0.332698,0.194778,0.088471
deepconvnet,cross_session,sub-037,,ses-01,ses-03,3,,160,40,200,17,0.885000,0.885000,0.884859,0.943400,0.332569,0.193378,0.105344
deepconvnet,cross_session,sub-037,,ses-02,ses-01,3,,160,40,200,42,0.845000,0.845000,0.844903,0.907250,1.083683,0.272850,0.135823
deepconvnet,cross_session,sub-037,,ses-02,ses-03,3,,160,40,200,42,0.830000,0.830000,0.829386,0.877400,1.370461,0.309659,0.141001
deepconvnet,cross_session,sub-037,,ses-03,ses-01,3,,160,40,200,7,0.815000,0.815000,0.814215,0.917400,0.464034,0.277760,0.096630
deepconvnet,cross_session,sub-037,,ses-03,ses-02,3,,160,40,200,7,0.885000,0.885000,0.884349,0.961200,0.293304,0.172874,0.049371
deepconvnet,cross_session,sub-038,,ses-01,ses-02,3,,160,40,200,2,0.415000,0.415000,0.380805,0.401000,0.705684,0.512401,0.115506
deepconvnet,cross_session,sub-038,,ses-01,ses-03,3,,160,40,200,2,0.580000,0.580000,0.554329,0.642800,0.683997,0.490864,0.059424
deepconvnet,cross_session,sub-038,,ses-02,ses-01,3,,160,40,200,8,0.550000,0.550000,0.534932,0.541600,1.371404,0.603261,0.173699
deepconvnet,cross_session,sub-038,,ses-02,ses-03,3,,160,40,200,8,0.510000,0.510000,0.491649,0.463400,0.945893,0.662667,0.238597
deepconvnet,cross_session,sub-038,,ses-03,ses-01,3,,160,40,200,47,0.550000,0.550000,0.547784,0.551200,3.757837,0.821598,0.400841
deepconvnet,cross_session,sub-038,,ses-03,ses-02,3,,160,40,200,47,0.450000,0.450000,0.435550,0.444400,3.559399,0.999612,0.501016
deepconvnet,cross_session,sub-039,,ses-01,ses-02,3,,160,40,200,12,0.425000,0.425000,0.422560,0.394900,1.038629,0.744486,0.326058
deepconvnet,cross_session,sub-039,,ses-01,ses-03,3,,160,40,200,12,0.500000,0.500000,0.472073,0.508600,0.963211,0.665361,0.265264
deepconvnet,cross_session,sub-039,,ses-02,ses-01,3,,160,40,200,18,0.435000,0.435000,0.434873,0.416100,1.626115,0.875691,0.402869
deepconvnet,cross_session,sub-039,,ses-02,ses-03,3,,160,40,200,18,0.580000,0.580000,0.568966,0.621000,0.905547,0.577634,0.203049
deepconvnet,cross_session,sub-039,,ses-03,ses-01,3,,160,40,200,1,0.425000,0.425000,0.424640,0.400200,0.964174,0.700683,0.287679
deepconvnet,cross_session,sub-039,,ses-03,ses-02,3,,160,40,200,1,0.630000,0.630000,0.614583,0.659600,0.661109,0.467346,0.093738
deepconvnet,cross_session,sub-040,,ses-01,ses-02,3,,160,40,200,14,0.570000,0.570000,0.538825,0.627200,0.938272,0.622498,0.265524
deepconvnet,cross_session,sub-040,,ses-01,ses-03,3,,160,40,200,14,0.590000,0.590000,0.574645,0.660100,0.843750,0.565786,0.218364
deepconvnet,cross_session,sub-040,,ses-02,ses-01,3,,160,40,200,8,0.625000,0.625000,0.624991,0.669400,0.661749,0.463961,0.057194
deepconvnet,cross_session,sub-040,,ses-02,ses-03,3,,160,40,200,8,0.685000,0.685000,0.684992,0.741600,0.602998,0.413302,0.063090
deepconvnet,cross_session,sub-040,,ses-03,ses-01,3,,160,40,200,12,0.645000,0.645000,0.632420,0.730500,0.655533,0.445654,0.123172
deepconvnet,cross_session,sub-040,,ses-03,ses-02,3,,160,40,200,12,0.660000,0.660000,0.657224,0.702900,0.635860,0.443539,0.054702
deepconvnet,cross_session,sub-041,,ses-01,ses-02,3,,160,40,200,9,0.805000,0.805000,0.804408,0.892900,0.434280,0.273534,0.079855
deepconvnet,cross_session,sub-041,,ses-01,ses-03,3,,160,40,200,9,0.850000,0.850000,0.849940,0.916000,0.386942,0.225234,0.075660
deepconvnet,cross_session,sub-041,,ses-02,ses-01,3,,160,40,200,4,0.790000,0.790000,0.789474,0.879900,0.475670,0.275296,0.075275
deepconvnet,cross_session,sub-041,,ses-02,ses-03,3,,160,40,200,4,0.865000,0.865000,0.864834,0.942600,0.301121,0.185527,0.039041
deepconvnet,cross_session,sub-041,,ses-03,ses-01,3,,160,40,200,23,0.775000,0.775000,0.766106,0.927800,0.562069,0.313133,0.112033
deepconvnet,cross_session,sub-041,,ses-03,ses-02,3,,160,40,200,23,0.810000,0.810000,0.808448,0.921400,0.426355,0.263878,0.102307
deepconvnet,cross_session,sub-042,,ses-01,ses-02,3,,160,40,200,16,0.710000,0.710000,0.709535,0.758700,0.664503,0.426889,0.108495
deepconvnet,cross_session,sub-042,,ses-01,ses-03,3,,160,40,200,16,0.665000,0.665000,0.664589,0.682100,1.137106,0.537693,0.205071
deepconvnet,cross_session,sub-042,,ses-02,ses-01,3,,160,40,200,15,0.720000,0.720000,0.715909,0.789700,0.614323,0.401311,0.080945
deepconvnet,cross_session,sub-042,,ses-02,ses-03,3,,160,40,200,15,0.630000,0.630000,0.620279,0.704000,0.792359,0.497893,0.160018
deepconvnet,cross_session,sub-042,,ses-03,ses-01,3,,160,40,200,5,0.590000,0.590000,0.588519,0.576300,0.759998,0.535361,0.129277
deepconvnet,cross_session,sub-042,,ses-03,ses-02,3,,160,40,200,5,0.565000,0.565000,0.564728,0.565400,0.763877,0.548289,0.153862
deepconvnet,cross_session,sub-043,,ses-01,ses-02,3,,160,40,200,3,0.905000,0.905000,0.904979,0.963800,0.251814,0.148025,0.063786
deepconvnet,cross_session,sub-043,,ses-01,ses-03,3,,160,40,200,3,0.840000,0.840000,0.839984,0.925000,0.349375,0.218660,0.028932
deepconvnet,cross_session,sub-043,,ses-02,ses-01,3,,160,40,200,45,0.980000,0.980000,0.979998,0.997300,0.067883,0.033537,0.018612
deepconvnet,cross_session,sub-043,,ses-02,ses-03,3,,160,40,200,45,0.905000,0.905000,0.904883,0.973000,0.305283,0.155413,0.055526
deepconvnet,cross_session,sub-043,,ses-03,ses-01,3,,160,40,200,44,0.880000,0.880000,0.879020,0.967300,0.452456,0.199971,0.086851
deepconvnet,cross_session,sub-043,,ses-03,ses-02,3,,160,40,200,44,0.825000,0.825000,0.820692,0.960400,0.565008,0.278417,0.125088
deepconvnet,cross_session,sub-044,,ses-01,ses-02,3,,160,40,200,2,0.520000,0.520000,0.515152,0.527100,0.805348,0.580598,0.167191
deepconvnet,cross_session,sub-044,,ses-01,ses-03,3,,160,40,200,2,0.530000,0.530000,0.503748,0.533100,0.791074,0.574186,0.172773
deepconvnet,cross_session,sub-044,,ses-02,ses-01,3,,160,40,200,3,0.590000,0.590000,0.587359,0.602500,0.786544,0.548734,0.171120
deepconvnet,cross_session,sub-044,,ses-02,ses-03,3,,160,40,200,3,0.635000,0.635000,0.634552,0.717400,0.613150,0.429556,0.069215
deepconvnet,cross_session,sub-044,,ses-03,ses-01,3,,160,40,200,41,0.665000,0.665000,0.661949,0.751000,1.238322,0.554009,0.250489
deepconvnet,cross_session,sub-044,,ses-03,ses-02,3,,160,40,200,41,0.690000,0.690000,0.682864,0.788300,1.449200,0.552213,0.259735
deepconvnet,cross_session,sub-045,,ses-01,ses-02,3,,160,40,200,38,0.835000,0.835000,0.833799,0.917600,0.512950,0.264035,0.094500
deepconvnet,cross_session,sub-045,,ses-01,ses-03,3,,160,40,200,38,0.865000,0.865000,0.864590,0.931700,0.390727,0.209797,0.065396
deepconvnet,cross_session,sub-045,,ses-02,ses-01,3,,160,40,200,8,0.735000,0.735000,0.732587,0.790600,0.636243,0.387494,0.075178
deepconvnet,cross_session,sub-045,,ses-02,ses-03,3,,160,40,200,8,0.760000,0.760000,0.757060,0.814500,0.556016,0.359404,0.074499
deepconvnet,cross_session,sub-045,,ses-03,ses-01,3,,160,40,200,21,0.765000,0.765000,0.764003,0.831700,0.771619,0.376859,0.139495
deepconvnet,cross_session,sub-045,,ses-03,ses-02,3,,160,40,200,21,0.760000,0.760000,0.756494,0.835000,0.821423,0.383162,0.161344
deepconvnet,cross_session,sub-046,,ses-01,ses-02,3,,160,40,200,57,0.945000,0.945000,0.944966,0.973500,0.271108,0.092697,0.041844
deepconvnet,cross_session,sub-046,,ses-01,ses-03,3,,160,40,200,57,0.910000,0.910000,0.909675,0.913200,0.733699,0.179170,0.090887
deepconvnet,cross_session,sub-046,,ses-02,ses-01,3,,160,40,200,39,0.970000,0.970000,0.969997,0.994600,0.093131,0.050350,0.026872
deepconvnet,cross_session,sub-046,,ses-02,ses-03,3,,160,40,200,39,0.935000,0.935000,0.934985,0.964300,0.355720,0.110719,0.049490
deepconvnet,cross_session,sub-046,,ses-03,ses-01,3,,160,40,200,44,0.965000,0.965000,0.964999,0.994000,0.094027,0.050768,0.018350
deepconvnet,cross_session,sub-046,,ses-03,ses-02,3,,160,40,200,44,0.935000,0.935000,0.934998,0.970450,0.277439,0.118811,0.056180
deepconvnet,cross_session,sub-047,,ses-01,ses-02,3,,160,40,200,13,0.695000,0.695000,0.694809,0.699000,1.438104,0.513955,0.199252
deepconvnet,cross_session,sub-047,,ses-01,ses-03,3,,160,40,200,13,0.655000,0.655000,0.651858,0.699800,1.021090,0.516692,0.191505
deepconvnet,cross_session,sub-047,,ses-02,ses-01,3,,160,40,200,19,0.765000,0.765000,0.762380,0.815000,0.593720,0.372309,0.122166
deepconvnet,cross_session,sub-047,,ses-02,ses-03,3,,160,40,200,19,0.690000,0.690000,0.688003,0.734800,0.835332,0.485391,0.177729
deepconvnet,cross_session,sub-047,,ses-03,ses-01,3,,160,40,200,15,0.730000,0.730000,0.729024,0.807900,0.595989,0.376751,0.079067
deepconvnet,cross_session,sub-047,,ses-03,ses-02,3,,160,40,200,15,0.660000,0.660000,0.656566,0.752200,0.716798,0.453337,0.158191
deepconvnet,cross_session,sub-048,,ses-01,ses-02,3,,160,40,200,1,0.660000,0.660000,0.649882,0.779700,0.596650,0.418799,0.079896
deepconvnet,cross_session,sub-048,,ses-01,ses-03,3,,160,40,200,1,0.610000,0.610000,0.568536,0.791300,0.695483,0.490175,0.170667
deepconvnet,cross_session,sub-048,,ses-02,ses-01,3,,160,40,200,24,0.800000,0.800000,0.799980,0.870900,0.730754,0.315746,0.152336
deepconvnet,cross_session,sub-048,,ses-02,ses-03,3,,160,40,200,24,0.795000,0.795000,0.794130,0.864600,0.700425,0.346446,0.143699
deepconvnet,cross_session,sub-048,,ses-03,ses-01,3,,160,40,200,5,0.690000,0.690000,0.663628,0.882900,0.814631,0.474189,0.186675
deepconvnet,cross_session,sub-048,,ses-03,ses-02,3,,160,40,200,5,0.660000,0.660000,0.626374,0.909300,0.769937,0.477908,0.236604
deepconvnet,cross_session,sub-049,,ses-01,ses-02,3,,160,40,200,1,0.535000,0.535000,0.510204,0.548100,0.831532,0.597364,0.209943
deepconvnet,cross_session,sub-049,,ses-01,ses-03,3,,160,40,200,1,0.560000,0.560000,0.509804,0.713400,0.758392,0.538421,0.208802
deepconvnet,cross_session,sub-049,,ses-02,ses-01,3,,160,40,200,3,0.560000,0.560000,0.559604,0.605600,0.682670,0.483881,0.069463
deepconvnet,cross_session,sub-049,,ses-02,ses-03,3,,160,40,200,3,0.635000,0.635000,0.622065,0.672600,0.714369,0.495396,0.116790
deepconvnet,cross_session,sub-049,,ses-03,ses-01,3,,160,40,200,38,0.745000,0.745000,0.744841,0.830300,0.925798,0.414163,0.209978
deepconvnet,cross_session,sub-049,,ses-03,ses-02,3,,160,40,200,38,0.670000,0.670000,0.669173,0.738200,1.686221,0.572259,0.283016
deepconvnet,cross_session,sub-050,,ses-01,ses-02,3,,160,40,200,6,0.735000,0.735000,0.734462,0.834700,0.514647,0.341883,0.057767
deepconvnet,cross_session,sub-050,,ses-01,ses-03,3,,160,40,200,6,0.780000,0.780000,0.779912,0.865300,0.498808,0.322389,0.137238
deepconvnet,cross_session,sub-050,,ses-02,ses-01,3,,160,40,200,5,0.730000,0.730000,0.729892,0.758900,1.162892,0.436651,0.176549
deepconvnet,cross_session,sub-050,,ses-02,ses-03,3,,160,40,200,5,0.830000,0.830000,0.829163,0.910900,0.413779,0.245543,0.046298
deepconvnet,cross_session,sub-050,,ses-03,ses-01,3,,160,40,200,10,0.730000,0.730000,0.727273,0.752450,1.540534,0.484573,0.217788
deepconvnet,cross_session,sub-050,,ses-03,ses-02,3,,160,40,200,10,0.865000,0.865000,0.864236,0.957500,0.345318,0.201245,0.066064
deepconvnet,cross_session,sub-051,,ses-01,ses-02,3,,160,40,200,37,0.560000,0.560000,0.494485,0.710700,1.000081,0.625570,0.279775
deepconvnet,cross_session,sub-051,,ses-01,ses-03,3,,160,40,200,37,0.740000,0.740000,0.730262,0.889800,0.612703,0.335267,0.130538
deepconvnet,cross_session,sub-051,,ses-02,ses-01,3,,160,40,200,11,0.705000,0.705000,0.702313,0.745100,0.975876,0.450074,0.138190
deepconvnet,cross_session,sub-051,,ses-02,ses-03,3,,160,40,200,11,0.790000,0.790000,0.789979,0.877500,0.439609,0.284709,0.042259
deepconvnet,cross_session,sub-051,,ses-03,ses-01,3,,160,40,200,39,0.710000,0.710000,0.707632,0.746750,2.007085,0.505322,0.247785
deepconvnet,cross_session,sub-051,,ses-03,ses-02,3,,160,40,200,39,0.635000,0.635000,0.605139,0.731200,1.443830,0.627515,0.284727
deepconvnet,cross_session,sub-001,,ses-01,ses-02,4,,160,40,200,8,0.555000,0.555000,0.552483,0.550200,0.708694,0.512401,0.133353
deepconvnet,cross_session,sub-001,,ses-01,ses-03,4,,160,40,200,8,0.635000,0.635000,0.626015,0.732500,0.635586,0.444630,0.074954
deepconvnet,cross_session,sub-001,,ses-02,ses-01,4,,160,40,200,33,0.665000,0.665000,0.663984,0.719200,1.093633,0.520897,0.213652
deepconvnet,cross_session,sub-001,,ses-02,ses-03,4,,160,40,200,33,0.950000,0.950000,0.949955,0.994500,0.108525,0.064633,0.023165
deepconvnet,cross_session,sub-001,,ses-03,ses-01,4,,160,40,200,38,0.720000,0.720000,0.720000,0.776300,1.141859,0.454507,0.196797
deepconvnet,cross_session,sub-001,,ses-03,ses-02,4,,160,40,200,38,0.875000,0.875000,0.874922,0.952600,0.325993,0.182195,0.067602
deepconvnet,cross_session,sub-002,,ses-01,ses-02,4,,160,40,200,4,0.575000,0.575000,0.564538,0.600500,0.733012,0.526479,0.130755
deepconvnet,cross_session,sub-002,,ses-01,ses-03,4,,160,40,200,4,0.605000,0.605000,0.596517,0.635300,0.688573,0.494583,0.132219
deepconvnet,cross_session,sub-002,,ses-02,ses-01,4,,160,40,200,10,0.580000,0.580000,0.571603,0.603000,0.754219,0.530674,0.139508
deepconvnet,cross_session,sub-002,,ses-02,ses-03,4,,160,40,200,10,0.670000,0.670000,0.670000,0.694000,0.654200,0.452751,0.074187
deepconvnet,cross_session,sub-002,,ses-03,ses-01,4,,160,40,200,58,0.645000,0.645000,0.640242,0.745800,1.170711,0.524502,0.243672
deepconvnet,cross_session,sub-002,,ses-03,ses-02,4,,160,40,200,58,0.620000,0.620000,0.608691,0.668600,1.715916,0.649346,0.303141
deepconvnet,cross_session,sub-003,,ses-01,ses-02,4,,160,40,200,28,0.815000,0.815000,0.812521,0.902100,0.502299,0.278663,0.109736
deepconvnet,cross_session,sub-003,,ses-01,ses-03,4,,160,40,200,28,0.860000,0.860000,0.859874,0.928400,0.400882,0.212713,0.064486
deepconvnet,cross_session,sub-003,,ses-02,ses-01,4,,160,40,200,40,0.725000,0.725000,0.724166,0.817700,1.130548,0.455585,0.221666
deepconvnet,cross_session,sub-003,,ses-02,ses-03,4,,160,40,200,40,0.740000,0.740000,0.737877,0.806600,1.173903,0.449477,0.210673
deepconvnet,cross_session,sub-003,,ses-03,ses-01,4,,160,40,200,15,0.610000,0.610000,0.599754,0.646000,0.675036,0.481604,0.084704
deepconvnet,cross_session,sub-003,,ses-03,ses-02,4,,160,40,200,15,0.580000,0.580000,0.532086,0.658200,0.662974,0.471242,0.056486
deepconvnet,cross_session,sub-004,,ses-01,ses-02,4,,160,40,200,10,0.525000,0.525000,0.509994,0.554900,0.707822,0.510244,0.108489
deepconvnet,cross_session,sub-004,,ses-01,ses-03,4,,160,40,200,10,0.460000,0.460000,0.457341,0.436100,0.812727,0.590273,0.185396
deepconvnet,cross_session,sub-004,,ses-02,ses-01,4,,160,40,200,1,0.510000,0.510000,0.509804,0.552000,0.706610,0.509362,0.085368
deepconvnet,cross_session,sub-004,,ses-02,ses-03,4,,160,40,200,1,0.460000,0.460000,0.458049,0.436900,0.750284,0.552471,0.136844
deepconvnet,cross_session,sub-004,,ses-03,ses-01,4,,160,40,200,7,0.530000,0.530000,0.528302,0.518500,0.773813,0.560563,0.127011
deepconvnet,cross_session,sub-004,,ses-03,ses-02,4,,160,40,200,7,0.545000,0.545000,0.544715,0.540900,0.751027,0.536637,0.103121
deepconvnet,cross_session,sub-005,,ses-01,ses-02,4,,160,40,200,37,0.845000,0.845000,0.844903,0.924100,0.515802,0.249452,0.091464
deepconvnet,cross_session,sub-005,,ses-01,ses-03,4,,160,40,200,37,0.620000,0.620000,0.596774,0.684500,1.071940,0.588861,0.242311
deepconvnet,cross_session,sub-005,,ses-02,ses-01,4,,160,40,200,24,0.705000,0.705000,0.693339,0.845600,0.861022,0.432528,0.180061
deepconvnet,cross_session,sub-005,,ses-02,ses-03,4,,160,40,200,24,0.480000,0.480000,0.439111,0.507400,1.273078,0.765113,0.348920
deepconvnet,cross_session,sub-005,,ses-03,ses-01,4,,160,40,200,2,0.535000,0.535000,0.528768,0.549400,0.731918,0.530701,0.151433
deepconvnet,cross_session,sub-005,,ses-03,ses-02,4,,160,40,200,2,0.500000,0.500000,0.486864,0.571000,0.736906,0.535193,0.163595
deepconvnet,cross_session,sub-006,,ses-01,ses-02,4,,160,40,200,48,0.800000,0.800000,0.796002,0.948000,0.535486,0.310450,0.132586
deepconvnet,cross_session,sub-006,,ses-01,ses-03,4,,160,40,200,48,0.910000,0.910000,0.909774,0.984900,0.232192,0.133305,0.035976
deepconvnet,cross_session,sub-006,,ses-02,ses-01,4,,160,40,200,48,0.720000,0.720000,0.701333,0.856950,2.386769,0.495666,0.255088
deepconvnet,cross_session,sub-006,,ses-02,ses-03,4,,160,40,200,48,0.860000,0.860000,0.858586,0.926600,1.146521,0.265514,0.131212
deepconvnet,cross_session,sub-006,,ses-03,ses-01,4,,160,40,200,35,0.600000,0.600000,0.560440,0.759900,2.123449,0.701153,0.343918
deepconvnet,cross_session,sub-006,,ses-03,ses-02,4,,160,40,200,35,0.795000,0.795000,0.789954,0.909500,0.735976,0.362853,0.172559
deepconvnet,cross_session,sub-007,,ses-01,ses-02,4,,160,40,200,30,0.770000,0.770000,0.768867,0.841000,0.575787,0.336549,0.094173
deepconvnet,cross_session,sub-007,,ses-01,ses-03,4,,160,40,200,30,0.795000,0.795000,0.794872,0.860800,0.599297,0.310165,0.099902
deepconvnet,cross_session,sub-007,,ses-02,ses-01,4,,160,40,200,11,0.660000,0.660000,0.659148,0.705700,0.869767,0.512884,0.199255
deepconvnet,cross_session,sub-007,,ses-02,ses-03,4,,160,40,200,11,0.880000,0.880000,0.879892,0.917500,0.429442,0.202108,0.052055
deepconvnet,cross_session,sub-007,,ses-03,ses-01,4,,160,40,200,18,0.580000,0.580000,0.564270,0.638450,2.940749,0.738755,0.362037
deepconvnet,cross_session,sub-007,,ses-03,ses-02,4,,160,40,200,18,0.560000,0.560000,0.551204,0.570750,2.668191,0.830550,0.406941
deepconvnet,cross_session,sub-008,,ses-01,ses-02,4,,160,40,200,9,0.565000,0.565000,0.564728,0.619400,0.691803,0.492926,0.089086
deepconvnet,cross_session,sub-008,,ses-01,ses-03,4,,160,40,200,9,0.475000,0.475000,0.473935,0.477800,0.795513,0.577789,0.198016
deepconvnet,cross_session,sub-008,,ses-02,ses-01,4,,160,40,200,42,0.675000,0.675000,0.670644,0.727900,0.992412,0.504267,0.193342
deepconvnet,cross_session,sub-008,,ses-02,ses-03,4,,160,40,200,42,0.810000,0.810000,0.808776,0.868800,1.135923,0.329204,0.152942
deepconvnet,cross_session,sub-008,,ses-03,ses-01,4,,160,40,200,32,0.505000,0.505000,0.461239,0.561900,1.424350,0.743719,0.338226
deepconvnet,cross_session,sub-008,,ses-03,ses-02,4,,160,40,200,32,0.650000,0.650000,0.626667,0.768400,0.848436,0.501715,0.191766
deepconvnet,cross_session,sub-009,,ses-01,ses-02,4,,160,40,200,16,0.745000,0.745000,0.744841,0.815600,0.596082,0.373232,0.110834
deepconvnet,cross_session,sub-009,,ses-01,ses-03,4,,160,40,200,16,0.585000,0.585000,0.582652,0.616000,0.922215,0.573603,0.201080
deepconvnet,cross_session,sub-009,,ses-02,ses-01,4,,160,40,200,5,0.665000,0.665000,0.657805,0.735300,0.627989,0.429739,0.096237
deepconvnet,cross_session,sub-009,,ses-02,ses-03,4,,160,40,200,5,0.590000,0.590000,0.567100,0.653700,0.704806,0.494159,0.077012
deepconvnet,cross_session,sub-009,,ses-03,ses-01,4,,160,40,200,10,0.580000,0.580000,0.564270,0.645300,0.750111,0.525050,0.140015
deepconvnet,cross_session,sub-009,,ses-03,ses-02,4,,160,40,200,10,0.600000,0.600000,0.592003,0.633500,0.711198,0.504685,0.107427
deepconvnet,cross_session,sub-010,,ses-01,ses-02,4,,160,40,200,1,0.590000,0.590000,0.539895,0.714400,0.659636,0.469267,0.101795
deepconvnet,cross_session,sub-010,,ses-01,ses-03,4,,160,40,200,1,0.495000,0.495000,0.363158,0.570400,0.744224,0.546112,0.164053
deepconvnet,cross_session,sub-010,,ses-02,ses-01,4,,160,40,200,27,0.725000,0.725000,0.724938,0.779100,1.014950,0.465486,0.196690
deepconvnet,cross_session,sub-010,,ses-02,ses-03,4,,160,40,200,27,0.585000,0.585000,0.564887,0.568700,1.174964,0.663437,0.285198
deepconvnet,cross_session,sub-010,,ses-03,ses-01,4,,160,40,200,9,0.465000,0.465000,0.377455,0.455500,1.156816,0.737626,0.319142
deepconvnet,cross_session,sub-010,,ses-03,ses-02,4,,160,40,200,9,0.510000,0.510000,0.493592,0.486300,1.204072,0.713905,0.292468
deepconvnet,cross_session,sub-011,,ses-01,ses-02,4,,160,40,200,4,0.520000,0.520000,0.438990,0.753400,1.677971,0.747133,0.380599
deepconvnet,cross_session,sub-011,,ses-01,ses-03,4,,160,40,200,4,0.940000,0.940000,0.939850,0.987300,0.208500,0.095080,0.044585
deepconvnet,cross_session,sub-011,,ses-02,ses-01,4,,160,40,200,65,0.860000,0.860000,0.859944,0.921800,0.546577,0.231143,0.105891
deepconvnet,cross_session,sub-011,,ses-02,ses-03,4,,160,40,200,65,0.810000,0.810000,0.808448,0.914300,0.767648,0.298299,0.141542
deepconvnet,cross_session,sub-011,,ses-03,ses-01,4,,160,40,200,28,0.905000,0.905000,0.904998,0.967700,0.253871,0.131902,0.057166
deepconvnet,cross_session,sub-011,,ses-03,ses-02,4,,160,40,200,28,0.700000,0.700000,0.693095,0.726900,1.191306,0.508429,0.201910
deepconvnet,cross_session,sub-012,,ses-01,ses-02,4,,160,40,200,17,0.505000,0.505000,0.498366,0.534000,0.799217,0.573180,0.175389
deepconvnet,cross_session,sub-012,,ses-01,ses-03,4,,160,40,200,17,0.600000,0.600000,0.594156,0.620300,0.721082,0.507684,0.101178
deepconvnet,cross_session,sub-012,,ses-02,ses-01,4,,160,40,200,1,0.485000,0.485000,0.350547,0.488900,0.752107,0.552195,0.152749
deepconvnet,cross_session,sub-012,,ses-02,ses-03,4,,160,40,200,1,0.530000,0.530000,0.423384,0.544000,0.717429,0.521991,0.116688
deepconvnet,cross_session,sub-012,,ses-03,ses-01,4,,160,40,200,6,0.480000,0.480000,0.479167,0.509300,0.865409,0.621386,0.243326
deepconvnet,cross_session,sub-012,,ses-03,ses-02,4,,160,40,200,6,0.545000,0.545000,0.544077,0.519800,0.911556,0.625785,0.213865
deepconvnet,cross_session,sub-013,,ses-01,ses-02,4,,160,40,200,17,0.735000,0.735000,0.731448,0.806700,0.857742,0.413254,0.175032
deepconvnet,cross_session,sub-013,,ses-01,ses-03,4,,160,40,200,17,0.750000,0.750000,0.749900,0.838800,0.607356,0.341430,0.102674
deepconvnet,cross_session,sub-013,,ses-02,ses-01,4,,160,40,200,24,0.590000,0.590000,0.580563,0.686700,0.705235,0.500263,0.167357
deepconvnet,cross_session,sub-013,,ses-02,ses-03,4,,160,40,200,24,0.720000,0.720000,0.717713,0.826100,0.536377,0.347364,0.099917
deepconvnet,cross_session,sub-013,,ses-03,ses-01,4,,160,40,200,4,0.660000,0.660000,0.631076,0.748200,0.762287,0.495429,0.188498
deepconvnet,cross_session,sub-013,,ses-03,ses-02,4,,160,40,200,4,0.765000,0.765000,0.764523,0.846900,0.783036,0.319729,0.095784
deepconvnet,cross_session,sub-014,,ses-01,ses-02,4,,160,40,200,2,0.500000,0.500000,0.491405,0.517100,0.703136,0.509409,0.064159
deepconvnet,cross_session,sub-014,,ses-01,ses-03,4,,160,40,200,2,0.480000,0.480000,0.473631,0.527600,0.705904,0.511196,0.113478
deepconvnet,cross_session,sub-014,,ses-02,ses-01,4,,160,40,200,20,0.465000,0.465000,0.461974,0.499500,2.317808,0.869908,0.423375
deepconvnet,cross_session,sub-014,,ses-02,ses-03,4,,160,40,200,20,0.455000,0.455000,0.454877,0.439900,1.855415,0.835915,0.384119
deepconvnet,cross_session,sub-014,,ses-03,ses-01,4,,160,40,200,7,0.520000,0.520000,0.508951,0.502400,0.781628,0.566378,0.129562
deepconvnet,cross_session,sub-014,,ses-03,ses-02,4,,160,40,200,7,0.515000,0.515000,0.501426,0.510100,0.725038,0.527901,0.075417
deepconvnet,cross_session,sub-015,,ses-01,ses-02,4,,160,40,200,49,0.615000,0.615000,0.611494,0.692950,1.437717,0.604158,0.277394
deepconvnet,cross_session,sub-015,,ses-01,ses-03,4,,160,40,200,49,0.560000,0.560000,0.549872,0.593050,2.085395,0.763775,0.359166
deepconvnet,cross_session,sub-015,,ses-02,ses-01,4,,160,40,200,1,0.515000,0.515000,0.449474,0.532100,0.733334,0.536206,0.129794
deepconvnet,cross_session,sub-015,,ses-02,ses-03,4,,160,40,200,1,0.560000,0.560000,0.558897,0.586800,0.856818,0.521404,0.128228
deepconvnet,cross_session,sub-015,,ses-03,ses-01,4,,160,40,200,21,0.545000,0.545000,0.483527,0.644800,0.711016,0.511154,0.112483
deepconvnet,cross_session,sub-015,,ses-03,ses-02,4,,160,40,200,21,0.620000,0.620000,0.592450,0.715200,0.666254,0.467147,0.056318
deepconvnet,cross_session,sub-016,,ses-01,ses-02,4,,160,40,200,1,0.500000,0.500000,0.460684,0.474300,0.743418,0.546474,0.145391
deepconvnet,cross_session,sub-016,,ses-01,ses-03,4,,160,40,200,1,0.485000,0.485000,0.383953,0.559400,0.732863,0.536401,0.159243
deepconvnet,cross_session,sub-016,,ses-02,ses-01,4,,160,40,200,1,0.535000,0.535000,0.533027,0.573500,0.768601,0.551340,0.167828
deepconvnet,cross_session,sub-016,,ses-02,ses-03,4,,160,40,200,1,0.530000,0.530000,0.529953,0.520100,0.769300,0.565470,0.187914
deepconvnet,cross_session,sub-016,,ses-03,ses-01,4,,160,40,200,3,0.515000,0.515000,0.491494,0.485000,0.755685,0.554100,0.155359
deepconvnet,cross_session,sub-016,,ses-03,ses-02,4,,160,40,200,3,0.565000,0.565000,0.537222,0.651100,0.668990,0.478320,0.076327
deepconvnet,cross_session,sub-017,,ses-01,ses-02,4,,160,40,200,16,0.680000,0.680000,0.676768,0.776900,0.574793,0.391495,0.063226
deepconvnet,cross_session,sub-017,,ses-01,ses-03,4,,160,40,200,16,0.680000,0.680000,0.666667,0.818400,0.685903,0.443530,0.155896
deepconvnet,cross_session,sub-017,,ses-02,ses-01,4,,160,40,200,8,0.745000,0.745000,0.744687,0.799300,0.699949,0.376489,0.097669
deepconvnet,cross_session,sub-017,,ses-02,ses-03,4,,160,40,200,8,0.565000,0.565000,0.520384,0.816200,1.275271,0.677539,0.345341
deepconvnet,cross_session,sub-017,,ses-03,ses-01,4,,160,40,200,10,0.630000,0.630000,0.629407,0.673000,1.023001,0.525720,0.194448
deepconvnet,cross_session,sub-017,,ses-03,ses-02,4,,160,40,200,10,0.655000,0.655000,0.634834,0.700000,0.702888,0.485331,0.117705
deepconvnet,cross_session,sub-018,,ses-01,ses-02,4,,160,40,200,16,0.640000,0.640000,0.632803,0.716800,0.628842,0.438338,0.059905
deepconvnet,cross_session,sub-018,,ses-01,ses-03,4,,160,40,200,16,0.585000,0.585000,0.562870,0.583800,0.707371,0.507733,0.062759
deepconvnet,cross_session,sub-018,,ses-02,ses-01,4,,160,40,200,9,0.650000,0.650000,0.649123,0.687600,0.963765,0.522246,0.181672
deepconvnet,cross_session,sub-018,,ses-02,ses-03,4,,160,40,200,9,0.580000,0.580000,0.576570,0.607000,1.040537,0.624466,0.273819
deepconvnet,cross_session,sub-018,,ses-03,ses-01,4,,160,40,200,17,0.675000,0.675000,0.673162,0.680200,0.933580,0.517824,0.184122
deepconvnet,cross_session,sub-018,,ses-03,ses-02,4,,160,40,200,17,0.590000,0.590000,0.569147,0.626200,0.750785,0.528053,0.132305
deepconvnet,cross_session,sub-019,,ses-01,ses-02,4,,160,40,200,9,0.580000,0.580000,0.562500,0.566400,0.769685,0.550957,0.159584
deepconvnet,cross_session,sub-019,,ses-01,ses-03,4,,160,40,200,9,0.705000,0.705000,0.701711,0.802100,0.554498,0.370816,0.070425
deepconvnet,cross_session,sub-019,,ses-02,ses-01,4,,160,40,200,15,0.575000,0.575000,0.561573,0.604800,0.899659,0.597666,0.212454
deepconvnet,cross_session,sub-019,,ses-02,ses-03,4,,160,40,200,15,0.845000,0.845000,0.844810,0.906200,0.392505,0.236896,0.055349
deepconvnet,cross_session,sub-019,,ses-03,ses-01,4,,160,40,200,21,0.565000,0.565000,0.513627,0.652200,1.129722,0.652240,0.289905
deepconvnet,cross_session,sub-019,,ses-03,ses-02,4,,160,40,200,21,0.730000,0.730000,0.729323,0.771200,1.022885,0.451345,0.208868
deepconvnet,cross_session,sub-020,,ses-01,ses-02,4,,160,40,200,45,0.850000,0.850000,0.847001,0.954500,0.427341,0.238560,0.082703
deepconvnet,cross_session,sub-020,,ses-01,ses-03,4,,160,40,200,45,0.585000,0.585000,0.560742,0.697900,0.921358,0.566379,0.244734
deepconvnet,cross_session,sub-020,,ses-02,ses-01,4,,160,40,200,29,0.665000,0.665000,0.663579,0.720650,2.057924,0.568820,0.267683
deepconvnet,cross_session,sub-020,,ses-02,ses-03,4,,160,40,200,29,0.590000,0.590000,0.589343,0.609500,1.260584,0.653064,0.296822
deepconvnet,cross_session,sub-020,,ses-03,ses-01,4,,160,40,200,23,0.435000,0.435000,0.372762,0.454650,5.450966,1.082914,0.549732
deepconvnet,cross_session,sub-020,,ses-03,ses-02,4,,160,40,200,23,0.470000,0.470000,0.465672,0.403100,1.632221,0.854943,0.365500
deepconvnet,cross_session,sub-021,,ses-01,ses-02,4,,160,40,200,23,0.725000,0.725000,0.722496,0.778700,0.861133,0.447596,0.180543
deepconvnet,cross_session,sub-021,,ses-01,ses-03,4,,160,40,200,23,0.710000,0.710000,0.707632,0.792000,0.830379,0.444156,0.195232
deepconvnet,cross_session,sub-021,,ses-02,ses-01,4,,160,40,200,18,0.710000,0.710000,0.709273,0.793100,0.566219,0.381093,0.079202
deepconvnet,cross_session,sub-021,,ses-02,ses-03,4,,160,40,200,18,0.685000,0.685000,0.680000,0.742400,0.746909,0.467139,0.152881
deepconvnet,cross_session,sub-021,,ses-03,ses-01,4,,160,40,200,1,0.510000,0.510000,0.371069,0.616400,0.742658,0.543250,0.175317
deepconvnet,cross_session,sub-021,,ses-03,ses-02,4,,160,40,200,1,0.500000,0.500000,0.496779,0.518200,0.877698,0.635899,0.248874
deepconvnet,cross_session,sub-022,,ses-01,ses-02,4,,160,40,200,24,0.575000,0.575000,0.569304,0.630000,0.728537,0.509294,0.164374
deepconvnet,cross_session,sub-022,,ses-01,ses-03,4,,160,40,200,24,0.595000,0.595000,0.550387,0.657100,0.723949,0.501252,0.104317
deepconvnet,cross_session,sub-022,,ses-02,ses-01,4,,160,40,200,21,0.490000,0.490000,0.483753,0.478000,1.192064,0.736857,0.317578
deepconvnet,cross_session,sub-022,,ses-02,ses-03,4,,160,40,200,21,0.600000,0.600000,0.595101,0.650700,0.879670,0.534055,0.170795
deepconvnet,cross_session,sub-022,,ses-03,ses-01,4,,160,40,200,34,0.600000,0.600000,0.598997,0.619100,1.600682,0.655083,0.295835
deepconvnet,cross_session,sub-022,,ses-03,ses-02,4,,160,40,200,34,0.665000,0.665000,0.660510,0.747600,0.968627,0.490500,0.203658
deepconvnet,cross_session,sub-023,,ses-02,ses-03,4,,160,40,200,46,0.840000,0.840000,0.839936,0.903400,0.513675,0.266184,0.102513
deepconvnet,cross_session,sub-023,,ses-03,ses-02,4,,160,40,200,13,0.545000,0.545000,0.528876,0.618200,1.453366,0.715951,0.332676
deepconvnet,cross_session,sub-025,,ses-01,ses-02,4,,160,40,200,6,0.875000,0.875000,0.874621,0.928500,0.440378,0.213333,0.085556
deepconvnet,cross_session,sub-025,,ses-01,ses-03,4,,160,40,200,6,0.805000,0.805000,0.804173,0.909900,0.493270,0.258325,0.091448
deepconvnet,cross_session,sub-025,,ses-02,ses-01,4,,160,40,200,28,0.850000,0.850000,0.849985,0.913200,0.554449,0.244266,0.089034
deepconvnet,cross_session,sub-025,,ses-02,ses-03,4,,160,40,200,28,0.850000,0.850000,0.849940,0.929400,0.535312,0.249881,0.118751
deepconvnet,cross_session,sub-025,,ses-03,ses-01,4,,160,40,200,6,0.875000,0.875000,0.874972,0.940800,0.320644,0.188718,0.048336
deepconvnet,cross_session,sub-025,,ses-03,ses-02,4,,160,40,200,6,0.905000,0.905000,0.904941,0.955500,0.272893,0.149193,0.055814
deepconvnet,cross_session,sub-026,,ses-02,ses-03,4,,160,40,200,20,0.880000,0.880000,0.879952,0.938600,0.373435,0.187556,0.080204
deepconvnet,cross_session,sub-026,,ses-03,ses-02,4,,160,40,200,6,0.895000,0.895000,0.894681,0.957600,0.313649,0.167986,0.057169
deepconvnet,cross_session,sub-027,,ses-01,ses-02,4,,160,40,200,35,0.590000,0.590000,0.587359,0.600050,3.629219,0.763983,0.372172
deepconvnet,cross_session,sub-027,,ses-01,ses-03,4,,160,40,200,35,0.690000,0.690000,0.685471,0.733500,1.355686,0.519461,0.245218
deepconvnet,cross_session,sub-027,,ses-02,ses-01,4,,160,40,200,3,0.480000,0.480000,0.392239,0.662100,0.687099,0.494161,0.119940
deepconvnet,cross_session,sub-027,,ses-02,ses-03,4,,160,40,200,3,0.565000,0.565000,0.513627,0.643500,0.683430,0.490061,0.059060
deepconvnet,cross_session,sub-027,,ses-03,ses-01,4,,160,40,200,8,0.730000,0.730000,0.722906,0.798000,0.699414,0.408245,0.106749
deepconvnet,cross_session,sub-027,,ses-03,ses-02,4,,160,40,200,8,0.545000,0.545000,0.540856,0.621600,1.366125,0.713129,0.340792
deepconvnet,cross_session,sub-028,,ses-01,ses-02,4,,160,40,200,21,0.660000,0.660000,0.659455,0.756300,1.245958,0.526426,0.256484
deepconvnet,cross_session,sub-028,,ses-01,ses-03,4,,160,40,200,21,0.460000,0.460000,0.374348,0.477100,1.908321,0.895487,0.439753
deepconvnet,cross_session,sub-028,,ses-02,ses-01,4,,160,40,200,10,0.695000,0.695000,0.680218,0.794800,0.602965,0.412460,0.074412
deepconvnet,cross_session,sub-028,,ses-02,ses-03,4,,160,40,200,10,0.530000,0.530000,0.417163,0.653000,0.765233,0.545366,0.184768
deepconvnet,cross_session,sub-028,,ses-03,ses-01,4,,160,40,200,8,0.520000,0.520000,0.461340,0.626600,0.817172,0.587801,0.221529
deepconvnet,cross_session,sub-028,,ses-03,ses-02,4,,160,40,200,8,0.585000,0.585000,0.584491,0.629400,0.976043,0.573998,0.210919
deepconvnet,cross_session,sub-029,,ses-01,ses-02,4,,160,40,200,62,0.480000,0.480000,0.407407,0.524150,7.313604,1.008301,0.504812
deepconvnet,cross_session,sub-029,,ses-01,ses-03,4,,160,40,200,62,0.590000,0.590000,0.539895,0.670050,2.912641,0.723620,0.357260
deepconvnet,cross_session,sub-029,,ses-02,ses-01,4,,160,40,200,21,0.365000,0.365000,0.361408,0.332000,1.552708,0.943659,0.452800
deepconvnet,cross_session,sub-029,,ses-02,ses-03,4,,160,40,200,21,0.945000,0.945000,0.944999,0.986400,0.154610,0.090182,0.024647
deepconvnet,cross_session,sub-029,,ses-03,ses-01,4,,160,40,200,9,0.410000,0.410000,0.409941,0.436900,1.083114,0.745338,0.350054
deepconvnet,cross_session,sub-029,,ses-03,ses-02,4,,160,40,200,9,0.895000,0.895000,0.894871,0.958300,0.297697,0.162831,0.061580
deepconvnet,cross_session,sub-030,,ses-01,ses-02,4,,160,40,200,26,0.500000,0.500000,0.333333,0.935300,0.688902,0.495975,0.076706
deepconvnet,cross_session,sub-030,,ses-01,ses-03,4,,160,40,200,26,0.500000,0.500000,0.333333,0.923700,0.687195,0.494293,0.075463
deepconvnet,cross_session,sub-030,,ses-02,ses-01,4,,160,40,200,17,0.925000,0.925000,0.924953,0.974000,0.350129,0.119780,0.058988
deepconvnet,cross_session,sub-030,,ses-02,ses-03,4,,160,40,200,17,0.880000,0.880000,0.880000,0.945200,0.387858,0.186113,0.077318
deepconvnet,cross_session,sub-030,,ses-03,ses-01,4,,160,40,200,1,0.750000,0.750000,0.740637,0.940650,0.631803,0.338282,0.128441
deepconvnet,cross_session,sub-030,,ses-03,ses-02,4,,160,40,200,1,0.825000,0.825000,0.823406,0.923800,0.423646,0.261025,0.063596
deepconvnet,cross_session,sub-031,,ses-01,ses-02,4,,160,40,200,19,0.630000,0.630000,0.627617,0.715300,1.695948,0.656139,0.323441
deepconvnet,cross_session,sub-031,,ses-01,ses-03,4,,160,40,200,19,0.615000,0.615000,0.613366,0.654950,2.549294,0.677689,0.332828
deepconvnet,cross_session,sub-031,,ses-02,ses-01,4,,160,40,200,8,0.705000,0.705000,0.695680,0.784200,0.698395,0.422732,0.114257
deepconvnet,cross_session,sub-031,,ses-02,ses-03,4,,160,40,200,8,0.790000,0.790000,0.788966,0.843700,0.757877,0.335473,0.134998
deepconvnet,cross_session,sub-031,,ses-03,ses-01,4,,160,40,200,3,0.610000,0.610000,0.559023,0.726700,0.680314,0.481146,0.120099
deepconvnet,cross_session,sub-031,,ses-03,ses-02,4,,160,40,200,3,0.685000,0.685000,0.657152,0.826700,0.585891,0.402538,0.068879
deepconvnet,cross_session,sub-032,,ses-01,ses-03,4,,160,40,200,18,0.610000,0.610000,0.609961,0.599500,0.937264,0.571511,0.182911
deepconvnet,cross_session,sub-032,,ses-03,ses-01,4,,160,40,200,8,0.545000,0.545000,0.532266,0.543300,0.980716,0.638866,0.232798
deepconvnet,cross_session,sub-033,,ses-01,ses-02,4,,160,40,200,20,0.680000,0.680000,0.652778,0.904600,1.086020,0.527865,0.244089
deepconvnet,cross_session,sub-033,,ses-01,ses-03,4,,160,40,200,20,0.760000,0.760000,0.751012,0.897000,0.826549,0.398785,0.191108
deepconvnet,cross_session,sub-033,,ses-02,ses-01,4,,160,40,200,24,0.765000,0.765000,0.759953,0.907400,0.648127,0.329202,0.148395
deepconvnet,cross_session,sub-033,,ses-02,ses-03,4,,160,40,200,24,0.800000,0.800000,0.799920,0.848500,0.807311,0.354747,0.153697
deepconvnet,cross_session,sub-033,,ses-03,ses-01,4,,160,40,200,33,0.845000,0.845000,0.844685,0.940300,0.447807,0.236029,0.111727
deepconvnet,cross_session,sub-033,,ses-03,ses-02,4,,160,40,200,33,0.825000,0.825000,0.821751,0.936800,0.541525,0.279963,0.110615
deepconvnet,cross_session,sub-034,,ses-01,ses-02,4,,160,40,200,13,0.810000,0.810000,0.809924,0.871200,0.461955,0.286793,0.069729
deepconvnet,cross_session,sub-034,,ses-01,ses-03,4,,160,40,200,13,0.745000,0.745000,0.737863,0.816500,0.589836,0.391083,0.123603
deepconvnet,cross_session,sub-034,,ses-02,ses-01,4,,160,40,200,21,0.590000,0.590000,0.588972,0.606800,1.913623,0.695447,0.326281
deepconvnet,cross_session,sub-034,,ses-02,ses-03,4,,160,40,200,21,0.835000,0.835000,0.833497,0.958600,0.395245,0.237050,0.088206
deepconvnet,cross_session,sub-034,,ses-03,ses-01,4,,160,40,200,18,0.625000,0.625000,0.618039,0.690500,1.176447,0.584443,0.253224
deepconvnet,cross_session,sub-034,,ses-03,ses-02,4,,160,40,200,18,0.915000,0.915000,0.914896,0.983400,0.200753,0.116761,0.030429
deepconvnet,cross_session,sub-035,,ses-01,ses-02,4,,160,40,200,43,0.965000,0.965000,0.964999,0.990300,0.111495,0.049661,0.019331
deepconvnet,cross_session,sub-035,,ses-01,ses-03,4,,160,40,200,43,0.900000,0.900000,0.899840,0.963600,0.398682,0.151326,0.066461
deepconvnet,cross_session,sub-035,,ses-02,ses-01,4,,160,40,200,23,0.930000,0.930000,0.929655,0.998200,0.156438,0.100664,0.035624
deepconvnet,cross_session,sub-035,,ses-02,ses-03,4,,160,40,200,23,0.910000,0.910000,0.909265,0.979600,0.285387,0.145786,0.041762
deepconvnet,cross_session,sub-035,,ses-03,ses-01,4,,160,40,200,36,0.965000,0.965000,0.964978,0.996800,0.110653,0.060541,0.028645
deepconvnet,cross_session,sub-035,,ses-03,ses-02,4,,160,40,200,36,0.945000,0.945000,0.944933,0.986500,0.180656,0.086433,0.032129
deepconvnet,cross_session,sub-036,,ses-01,ses-02,4,,160,40,200,13,0.925000,0.925000,0.924953,0.982800,0.180759,0.104586,0.042855
deepconvnet,cross_session,sub-036,,ses-01,ses-03,4,,160,40,200,13,0.975000,0.975000,0.974994,0.996300,0.089515,0.047434,0.029946
deepconvnet,cross_session,sub-036,,ses-02,ses-01,4,,160,40,200,29,0.855000,0.855000,0.854822,0.899050,0.902532,0.245228,0.112402
deepconvnet,cross_session,sub-036,,ses-02,ses-03,4,,160,40,200,29,0.985000,0.985000,0.985000,0.993200,0.086616,0.028736,0.009948
deepconvnet,cross_session,sub-036,,ses-03,ses-01,4,,160,40,200,34,0.830000,0.830000,0.829574,0.896400,0.740581,0.288651,0.131275
deepconvnet,cross_session,sub-036,,ses-03,ses-02,4,,160,40,200,34,0.895000,0.895000,0.894787,0.974300,0.241340,0.137583,0.052695
deepconvnet,cross_session,sub-037,,ses-01,ses-02,4,,160,40,200,39,0.890000,0.890000,0.889603,0.949100,0.324440,0.192931,0.059356
deepconvnet,cross_session,sub-037,,ses-01,ses-03,4,,160,40,200,39,0.850000,0.850000,0.847808,0.938800,0.382014,0.229545,0.027568
deepconvnet,cross_session,sub-037,,ses-02,ses-01,4,,160,40,200,2,0.855000,0.855000,0.854909,0.918900,0.440438,0.215554,0.062467
deepconvnet,cross_session,sub-037,,ses-02,ses-03,4,,160,40,200,2,0.915000,0.915000,0.914981,0.966900,0.235753,0.134845,0.038221
deepconvnet,cross_session,sub-037,,ses-03,ses-01,4,,160,40,200,5,0.845000,0.845000,0.843588,0.919500,0.540980,0.257298,0.112931
deepconvnet,cross_session,sub-037,,ses-03,ses-02,4,,160,40,200,5,0.875000,0.875000,0.873862,0.956500,0.310912,0.182844,0.069224
deepconvnet,cross_session,sub-038,,ses-01,ses-02,4,,160,40,200,14,0.635000,0.635000,0.623469,0.659700,0.700880,0.480763,0.086233
deepconvnet,cross_session,sub-038,,ses-01,ses-03,4,,160,40,200,14,0.490000,0.490000,0.474822,0.524200,0.696659,0.503481,0.070410
deepconvnet,cross_session,sub-038,,ses-02,ses-01,4,,160,40,200,20,0.450000,0.450000,0.441964,0.446500,2.068561,0.809696,0.365548
deepconvnet,cross_session,sub-038,,ses-02,ses-03,4,,160,40,200,20,0.520000,0.520000,0.485199,0.572600,1.027307,0.661441,0.284511
deepconvnet,cross_session,sub-038,,ses-03,ses-01,4,,160,40,200,17,0.590000,0.590000,0.589631,0.589600,2.476962,0.666868,0.274510
deepconvnet,cross_session,sub-038,,ses-03,ses-02,4,,160,40,200,17,0.505000,0.505000,0.500492,0.514000,2.039457,0.836030,0.396794
deepconvnet,cross_session,sub-039,,ses-01,ses-02,4,,160,40,200,36,0.430000,0.430000,0.420201,0.384000,1.924575,0.919781,0.426055
deepconvnet,cross_session,sub-039,,ses-01,ses-03,4,,160,40,200,36,0.410000,0.410000,0.402774,0.352400,2.641478,1.005090,0.486106
deepconvnet,cross_session,sub-039,,ses-02,ses-01,4,,160,40,200,12,0.425000,0.425000,0.423255,0.383900,1.590250,0.897951,0.409933
deepconvnet,cross_session,sub-039,,ses-02,ses-03,4,,160,40,200,12,0.660000,0.660000,0.656566,0.724900,0.875615,0.504952,0.208227
deepconvnet,cross_session,sub-039,,ses-03,ses-01,4,,160,40,200,2,0.450000,0.450000,0.447292,0.425900,0.851346,0.625944,0.213843
deepconvnet,cross_session,sub-039,,ses-03,ses-02,4,,160,40,200,2,0.665000,0.665000,0.647136,0.650400,0.652884,0.461854,0.109255
deepconvnet,cross_session,sub-040,,ses-01,ses-02,4,,160,40,200,9,0.590000,0.590000,0.587981,0.642800,0.674797,0.477150,0.053589
deepconvnet,cross_session,sub-040,,ses-01,ses-03,4,,160,40,200,9,0.705000,0.705000,0.704816,0.778100,0.581384,0.393905,0.089057
deepconvnet,cross_session,sub-040,,ses-02,ses-01,4,,160,40,200,3,0.620000,0.620000,0.619848,0.692700,0.648861,0.453738,0.097972
deepconvnet,cross_session,sub-040,,ses-02,ses-03,4,,160,40,200,3,0.660000,0.660000,0.659148,0.742000,0.620362,0.424403,0.081699
deepconvnet,cross_session,sub-040,,ses-03,ses-01,4,,160,40,200,8,0.630000,0.630000,0.626263,0.671600,0.715782,0.488964,0.118146
deepconvnet,cross_session,sub-040,,ses-03,ses-02,4,,160,40,200,8,0.640000,0.640000,0.639856,0.681900,0.675529,0.468178,0.091509
deepconvnet,cross_session,sub-041,,ses-01,ses-02,4,,160,40,200,13,0.795000,0.795000,0.794378,0.908000,0.441235,0.280493,0.109278
deepconvnet,cross_session,sub-041,,ses-01,ses-03,4,,160,40,200,13,0.860000,0.860000,0.859649,0.942600,0.366656,0.217683,0.074102
deepconvnet,cross_session,sub-041,,ses-02,ses-01,4,,160,40,200,12,0.690000,0.690000,0.659341,0.908200,0.746904,0.434266,0.190169
deepconvnet,cross_session,sub-041,,ses-02,ses-03,4,,160,40,200,12,0.805000,0.805000,0.801380,0.939300,0.406900,0.257685,0.111100
deepconvnet,cross_session,sub-041,,ses-03,ses-01,4,,160,40,200,8,0.825000,0.825000,0.822222,0.914000,0.487047,0.278986,0.056327
deepconvnet,cross_session,sub-041,,ses-03,ses-02,4,,160,40,200,8,0.835000,0.835000,0.834798,0.896500,0.421184,0.254120,0.056188
deepconvnet,cross_session,sub-042,,ses-01,ses-02,4,,160,40,200,24,0.675000,0.675000,0.673162,0.701400,1.193524,0.529898,0.211017
deepconvnet,cross_session,sub-042,,ses-01,ses-03,4,,160,40,200,24,0.610000,0.610000,0.609844,0.643650,2.086637,0.668217,0.320678
deepconvnet,cross_session,sub-042,,ses-02,ses-01,4,,160,40,200,1,0.570000,0.570000,0.560102,0.619500,0.684238,0.491105,0.041791
deepconvnet,cross_session,sub-042,,ses-02,ses-03,4,,160,40,200,1,0.485000,0.485000,0.483955,0.496100,0.759929,0.557976,0.156619
deepconvnet,cross_session,sub-042,,ses-03,ses-01,4,,160,40,200,11,0.595000,0.595000,0.590485,0.624300,0.738827,0.517133,0.107364
deepconvnet,cross_session,sub-042,,ses-03,ses-02,4,,160,40,200,11,0.500000,0.500000,0.486864,0.534500,0.767801,0.551734,0.154061
deepconvnet,cross_session,sub-043,,ses-01,ses-02,4,,160,40,200,28,0.880000,0.880000,0.878247,0.992800,0.281433,0.178988,0.061614
deepconvnet,cross_session,sub-043,,ses-01,ses-03,4,,160,40,200,28,0.830000,0.830000,0.826601,0.955100,0.508631,0.253627,0.109081
deepconvnet,cross_session,sub-043,,ses-02,ses-01,4,,160,40,200,27,0.965000,0.965000,0.964978,0.995600,0.097020,0.057403,0.022460
deepconvnet,cross_session,sub-043,,ses-02,ses-03,4,,160,40,200,27,0.920000,0.920000,0.919928,0.966600,0.284542,0.142092,0.060428
deepconvnet,cross_session,sub-043,,ses-03,ses-01,4,,160,40,200,23,0.945000,0.945000,0.944966,0.982200,0.186608,0.097778,0.047071
deepconvnet,cross_session,sub-043,,ses-03,ses-02,4,,160,40,200,23,0.920000,0.920000,0.919872,0.975500,0.220802,0.126094,0.047155
deepconvnet,cross_session,sub-044,,ses-01,ses-02,4,,160,40,200,8,0.590000,0.590000,0.584978,0.658000,0.688968,0.491024,0.118401
deepconvnet,cross_session,sub-044,,ses-01,ses-03,4,,160,40,200,8,0.580000,0.580000,0.579832,0.603000,0.709110,0.504290,0.139333
deepconvnet,cross_session,sub-044,,ses-02,ses-01,4,,160,40,200,1,0.560000,0.560000,0.559956,0.575400,0.710513,0.512769,0.091849
deepconvnet,cross_session,sub-044,,ses-02,ses-03,4,,160,40,200,1,0.560000,0.560000,0.557833,0.604100,0.686508,0.491493,0.071124
deepconvnet,cross_session,sub-044,,ses-03,ses-01,4,,160,40,200,15,0.630000,0.630000,0.628178,0.646100,1.064043,0.593481,0.254070
deepconvnet,cross_session,sub-044,,ses-03,ses-02,4,,160,40,200,15,0.740000,0.740000,0.736201,0.838000,0.648313,0.386988,0.140649
deepconvnet,cross_session,sub-045,,ses-01,ses-02,4,,160,40,200,10,0.730000,0.730000,0.720959,0.834700,0.600684,0.379226,0.106064
deepconvnet,cross_session,sub-045,,ses-01,ses-03,4,,160,40,200,10,0.690000,0.690000,0.667525,0.807900,0.622622,0.416015,0.088124
deepconvnet,cross_session,sub-045,,ses-02,ses-01,4,,160,40,200,18,0.755000,0.755000,0.754994,0.813200,0.598601,0.360541,0.096552
deepconvnet,cross_session,sub-045,,ses-02,ses-03,4,,160,40,200,18,0.720000,0.720000,0.719551,0.749300,0.778981,0.428339,0.115449
deepconvnet,cross_session,sub-045,,ses-03,ses-01,4,,160,40,200,30,0.785000,0.785000,0.784348,0.868700,0.729189,0.345347,0.151741
deepconvnet,cross_session,sub-045,,ses-03,ses-02,4,,160,40,200,30,0.780000,0.780000,0.780000,0.835000,0.874746,0.361629,0.139169
deepconvnet,cross_session,sub-046,,ses-01,ses-02,4,,160,40,200,25,0.935000,0.935000,0.934959,0.988600,0.146688,0.083909,0.034870
deepconvnet,cross_session,sub-046,,ses-01,ses-03,4,,160,40,200,25,0.930000,0.930000,0.930000,0.971300,0.271018,0.108404,0.039120
deepconvnet,cross_session,sub-046,,ses-02,ses-01,4,,160,40,200,15,0.960000,0.960000,0.959984,0.994500,0.108964,0.059600,0.019510
deepconvnet,cross_session,sub-046,,ses-02,ses-03,4,,160,40,200,15,0.880000,0.880000,0.879227,0.945800,0.495199,0.183238,0.078253
deepconvnet,cross_session,sub-046,,ses-03,ses-01,4,,160,40,200,8,0.935000,0.935000,0.934868,0.987800,0.189552,0.107463,0.064110
deepconvnet,cross_session,sub-046,,ses-03,ses-02,4,,160,40,200,8,0.935000,0.935000,0.934920,0.976200,0.201863,0.102343,0.041757
deepconvnet,cross_session,sub-047,,ses-01,ses-02,4,,160,40,200,16,0.780000,0.780000,0.779912,0.835500,0.609492,0.342417,0.105126
deepconvnet,cross_session,sub-047,,ses-01,ses-03,4,,160,40,200,16,0.745000,0.745000,0.744483,0.782900,0.692791,0.397076,0.115381
deepconvnet,cross_session,sub-047,,ses-02,ses-01,4,,160,40,200,6,0.675000,0.675000,0.663483,0.730300,0.635741,0.435347,0.063300
deepconvnet,cross_session,sub-047,,ses-02,ses-03,4,,160,40,200,6,0.600000,0.600000,0.595101,0.670400,0.704328,0.491543,0.116619
deepconvnet,cross_session,sub-047,,ses-03,ses-01,4,,160,40,200,15,0.740000,0.740000,0.739896,0.795200,0.633006,0.372284,0.079075
deepconvnet,cross_session,sub-047,,ses-03,ses-02,4,,160,40,200,15,0.715000,0.715000,0.714822,0.754600,0.714393,0.435052,0.122859
deepconvnet,cross_session,sub-048,,ses-01,ses-02,4,,160,40,200,4,0.785000,0.785000,0.778208,0.894400,0.551147,0.331888,0.144288
deepconvnet,cross_session,sub-048,,ses-01,ses-03,4,,160,40,200,4,0.845000,0.845000,0.844530,0.930500,0.353238,0.227649,0.044764
deepconvnet,cross_session,sub-048,,ses-02,ses-01,4,,160,40,200,6,0.795000,0.795000,0.794130,0.860300,0.558552,0.310534,0.099669
deepconvnet,cross_session,sub-048,,ses-02,ses-03,4,,160,40,200,6,0.755000,0.755000,0.747260,0.891500,0.556309,0.349003,0.112238
deepconvnet,cross_session,sub-048,,ses-03,ses-01,4,,160,40,200,6,0.670000,0.670000,0.644051,0.893400,0.805805,0.495229,0.225206
deepconvnet,cross_session,sub-048,,ses-03,ses-02,4,,160,40,200,6,0.630000,0.630000,0.581637,0.894200,0.961384,0.552674,0.266721
deepconvnet,cross_session,sub-049,,ses-01,ses-02,4,,160,40,200,35,0.570000,0.570000,0.569311,0.583300,1.617482,0.676101,0.272173
deepconvnet,cross_session,sub-049,,ses-01,ses-03,4,,160,40,200,35,0.680000,0.680000,0.676081,0.715600,1.163234,0.497630,0.201366
deepconvnet,cross_session,sub-049,,ses-02,ses-01,4,,160,40,200,3,0.515000,0.515000,0.395243,0.609300,0.767280,0.562824,0.216161
deepconvnet,cross_session,sub-049,,ses-02,ses-03,4,,160,40,200,3,0.505000,0.505000,0.446541,0.653800,0.713727,0.519904,0.159441
deepconvnet,cross_session,sub-049,,ses-03,ses-01,4,,160,40,200,52,0.840000,0.840000,0.839744,0.911400,0.558488,0.269170,0.110685
deepconvnet,cross_session,sub-049,,ses-03,ses-02,4,,160,40,200,52,0.750000,0.750000,0.749900,0.815300,1.217761,0.422028,0.198280
deepconvnet,cross_session,sub-050,,ses-01,ses-02,4,,160,40,200,31,0.860000,0.860000,0.859649,0.952800,0.302470,0.195748,0.048224
deepconvnet,cross_session,sub-050,,ses-01,ses-03,4,,160,40,200,31,0.840000,0.840000,0.839984,0.920400,0.387786,0.225650,0.054584
deepconvnet,cross_session,sub-050,,ses-02,ses-01,4,,160,40,200,31,0.735000,0.735000,0.734834,0.756200,2.389346,0.488820,0.247527
deepconvnet,cross_session,sub-050,,ses-02,ses-03,4,,160,40,200,31,0.880000,0.880000,0.879409,0.946900,0.447735,0.184905,0.071797
deepconvnet,cross_session,sub-050,,ses-03,ses-01,4,,160,40,200,7,0.690000,0.690000,0.685471,0.699000,1.884798,0.549437,0.240151
deepconvnet,cross_session,sub-050,,ses-03,ses-02,4,,160,40,200,7,0.845000,0.845000,0.843588,0.947200,0.410907,0.252582,0.086104
deepconvnet,cross_session,sub-051,,ses-01,ses-02,4,,160,40,200,25,0.615000,0.615000,0.575512,0.689600,0.878956,0.577315,0.237765
deepconvnet,cross_session,sub-051,,ses-01,ses-03,4,,160,40,200,25,0.720000,0.720000,0.712644,0.845800,0.630874,0.373019,0.119943
deepconvnet,cross_session,sub-051,,ses-02,ses-01,4,,160,40,200,10,0.695000,0.695000,0.694626,0.761700,0.933620,0.440183,0.149201
deepconvnet,cross_session,sub-051,,ses-02,ses-03,4,,160,40,200,10,0.775000,0.775000,0.770168,0.900600,0.474512,0.310479,0.113516
deepconvnet,cross_session,sub-051,,ses-03,ses-01,4,,160,40,200,10,0.685000,0.685000,0.684614,0.747350,1.415432,0.499873,0.230030
deepconvnet,cross_session,sub-051,,ses-03,ses-02,4,,160,40,200,10,0.590000,0.590000,0.552353,0.644800,1.155331,0.655788,0.286523
eegnet,cross_session,sub-001,,ses-01,ses-02,0,,160,40,200,19,0.755000,0.755000,0.751716,0.858300,0.604273,0.343962,0.103327
eegnet,cross_session,sub-001,,ses-01,ses-03,0,,160,40,200,19,0.830000,0.830000,0.829983,0.913300,0.376543,0.237751,0.034134
eegnet,cross_session,sub-001,,ses-02,ses-01,0,,160,40,200,60,0.755000,0.755000,0.754945,0.778200,0.826195,0.422564,0.186673
eegnet,cross_session,sub-001,,ses-02,ses-03,0,,160,40,200,60,0.970000,0.970000,0.969997,0.994300,0.095271,0.044039,0.032078
eegnet,cross_session,sub-001,,ses-03,ses-01,0,,160,40,200,31,0.765000,0.765000,0.764994,0.862800,0.548963,0.324201,0.140088
eegnet,cross_session,sub-001,,ses-03,ses-02,0,,160,40,200,31,0.960000,0.960000,0.959984,0.991700,0.122556,0.066111,0.017677
eegnet,cross_session,sub-002,,ses-01,ses-02,0,,160,40,200,10,0.615000,0.615000,0.614219,0.659100,0.677357,0.475541,0.078770
eegnet,cross_session,sub-002,,ses-01,ses-03,0,,160,40,200,10,0.640000,0.640000,0.639098,0.663500,0.675622,0.475113,0.102995
eegnet,cross_session,sub-002,,ses-02,ses-01,0,,160,40,200,1,0.595000,0.595000,0.594747,0.601600,0.682096,0.489134,0.070951
eegnet,cross_session,sub-002,,ses-02,ses-03,0,,160,40,200,1,0.590000,0.590000,0.589343,0.630700,0.679785,0.486703,0.063629
eegnet,cross_session,sub-002,,ses-03,ses-01,0,,160,40,200,10,0.615000,0.615000,0.607853,0.646600,0.871999,0.532713,0.153453
eegnet,cross_session,sub-002,,ses-03,ses-02,0,,160,40,200,10,0.595000,0.595000,0.591312,0.628900,0.993502,0.558057,0.175479
eegnet,cross_session,sub-003,,ses-01,ses-02,0,,160,40,200,34,0.845000,0.845000,0.844810,0.918300,0.391145,0.226959,0.043224
eegnet,cross_session,sub-003,,ses-01,ses-03,0,,160,40,200,34,0.815000,0.815000,0.814773,0.886500,0.627963,0.269055,0.098241
eegnet,cross_session,sub-003,,ses-02,ses-01,0,,160,40,200,58,0.810000,0.810000,0.806734,0.886900,0.802744,0.322784,0.128373
eegnet,cross_session,sub-003,,ses-02,ses-03,0,,160,40,200,58,0.775000,0.775000,0.773727,0.897400,0.910140,0.351651,0.175988
eegnet,cross_session,sub-003,,ses-03,ses-01,0,,160,40,200,1,0.515000,0.515000,0.510583,0.500300,0.694171,0.501050,0.036051
eegnet,cross_session,sub-003,,ses-03,ses-02,0,,160,40,200,1,0.510000,0.510000,0.432279,0.514200,0.694108,0.500951,0.007583
eegnet,cross_session,sub-004,,ses-01,ses-02,0,,160,40,200,1,0.525000,0.525000,0.523559,0.514600,0.697105,0.503535,0.034212
eegnet,cross_session,sub-004,,ses-01,ses-03,0,,160,40,200,1,0.470000,0.470000,0.469151,0.478200,0.702542,0.509339,0.078715
eegnet,cross_session,sub-004,,ses-02,ses-01,0,,160,40,200,1,0.470000,0.470000,0.469947,0.461000,0.699119,0.505941,0.052834
eegnet,cross_session,sub-004,,ses-02,ses-03,0,,160,40,200,1,0.510000,0.510000,0.509804,0.489100,0.698176,0.505000,0.082436
eegnet,cross_session,sub-004,,ses-03,ses-01,0,,160,40,200,9,0.525000,0.525000,0.517460,0.491400,0.798848,0.578641,0.171413
eegnet,cross_session,sub-004,,ses-03,ses-02,0,,160,40,200,9,0.505000,0.505000,0.501398,0.505200,0.797995,0.573780,0.159500
eegnet,cross_session,sub-005,,ses-01,ses-02,0,,160,40,200,33,0.885000,0.885000,0.884974,0.935300,0.378012,0.186925,0.077594
eegnet,cross_session,sub-005,,ses-01,ses-03,0,,160,40,200,33,0.730000,0.730000,0.729973,0.789300,0.668641,0.405238,0.129270
eegnet,cross_session,sub-005,,ses-02,ses-01,0,,160,40,200,45,0.900000,0.900000,0.899840,0.954800,0.305582,0.162946,0.071955
eegnet,cross_session,sub-005,,ses-02,ses-03,0,,160,40,200,45,0.725000,0.725000,0.724993,0.786500,0.755526,0.411264,0.146538
eegnet,cross_session,sub-005,,ses-03,ses-01,0,,160,40,200,8,0.705000,0.705000,0.703748,0.802200,0.540015,0.371743,0.093617
eegnet,cross_session,sub-005,,ses-03,ses-02,0,,160,40,200,8,0.720000,0.720000,0.719888,0.776000,0.572117,0.385550,0.052590
eegnet,cross_session,sub-006,,ses-01,ses-02,0,,160,40,200,44,0.930000,0.930000,0.930000,0.974200,0.205005,0.116813,0.024356
eegnet,cross_session,sub-006,,ses-01,ses-03,0,,160,40,200,44,0.935000,0.935000,0.934985,0.986900,0.162049,0.096037,0.022903
eegnet,cross_session,sub-006,,ses-02,ses-01,0,,160,40,200,50,0.760000,0.760000,0.748928,0.880800,1.365186,0.416245,0.201136
eegnet,cross_session,sub-006,,ses-02,ses-03,0,,160,40,200,50,0.920000,0.920000,0.919485,0.982200,0.445887,0.154724,0.075235
eegnet,cross_session,sub-006,,ses-03,ses-01,0,,160,40,200,33,0.840000,0.840000,0.838969,0.919700,0.600624,0.248388,0.096266
eegnet,cross_session,sub-006,,ses-03,ses-02,0,,160,40,200,33,0.935000,0.935000,0.934998,0.971800,0.204433,0.111370,0.043011
eegnet,cross_session,sub-007,,ses-01,ses-02,0,,160,40,200,5,0.830000,0.830000,0.829574,0.868700,0.512197,0.329896,0.165784
eegnet,cross_session,sub-007,,ses-01,ses-03,0,,160,40,200,5,0.860000,0.860000,0.859874,0.934800,0.409269,0.245923,0.178352
eegnet,cross_session,sub-007,,ses-02,ses-01,0,,160,40,200,5,0.660000,0.660000,0.654155,0.739400,0.678655,0.451743,0.121669
eegnet,cross_session,sub-007,,ses-02,ses-03,0,,160,40,200,5,0.895000,0.895000,0.894681,0.938100,0.326462,0.183572,0.078522
eegnet,cross_session,sub-007,,ses-03,ses-01,0,,160,40,200,31,0.660000,0.660000,0.659864,0.696600,1.218062,0.565772,0.230206
eegnet,cross_session,sub-007,,ses-03,ses-02,0,,160,40,200,31,0.665000,0.665000,0.663984,0.736200,1.006670,0.506129,0.208136
eegnet,cross_session,sub-008,,ses-01,ses-02,0,,160,40,200,46,0.710000,0.710000,0.710000,0.786500,0.873648,0.425782,0.173967
eegnet,cross_session,sub-008,,ses-01,ses-03,0,,160,40,200,46,0.660000,0.660000,0.658772,0.681700,1.443389,0.559422,0.234265
eegnet,cross_session,sub-008,,ses-02,ses-01,0,,160,40,200,19,0.675000,0.675000,0.669841,0.716700,0.818369,0.489784,0.190818
eegnet,cross_session,sub-008,,ses-02,ses-03,0,,160,40,200,19,0.855000,0.855000,0.854967,0.941200,0.366370,0.221618,0.085478
eegnet,cross_session,sub-008,,ses-03,ses-01,0,,160,40,200,23,0.615000,0.615000,0.583502,0.651400,0.859287,0.555168,0.181197
eegnet,cross_session,sub-008,,ses-03,ses-02,0,,160,40,200,23,0.820000,0.820000,0.818530,0.875000,0.495543,0.288414,0.089387
eegnet,cross_session,sub-009,,ses-01,ses-02,0,,160,40,200,26,0.740000,0.740000,0.739583,0.830800,0.643790,0.367747,0.130852
eegnet,cross_session,sub-009,,ses-01,ses-03,0,,160,40,200,26,0.615000,0.615000,0.614528,0.655700,1.096791,0.564957,0.238210
eegnet,cross_session,sub-009,,ses-02,ses-01,0,,160,40,200,5,0.755000,0.755000,0.754503,0.823600,0.539260,0.352164,0.078670
eegnet,cross_session,sub-009,,ses-02,ses-03,0,,160,40,200,5,0.595000,0.595000,0.587482,0.658200,0.695988,0.476879,0.081214
eegnet,cross_session,sub-009,,ses-03,ses-01,0,,160,40,200,1,0.575000,0.575000,0.568254,0.574800,0.687722,0.494184,0.050975
eegnet,cross_session,sub-009,,ses-03,ses-02,0,,160,40,200,1,0.615000,0.615000,0.613366,0.630400,0.678441,0.484928,0.090658
eegnet,cross_session,sub-010,,ses-01,ses-02,0,,160,40,200,2,0.740000,0.740000,0.739061,0.815900,0.593482,0.400986,0.176975
eegnet,cross_session,sub-010,,ses-01,ses-03,0,,160,40,200,2,0.540000,0.540000,0.538847,0.552000,0.685429,0.492447,0.020831
eegnet,cross_session,sub-010,,ses-02,ses-01,0,,160,40,200,8,0.740000,0.740000,0.738720,0.822400,0.703132,0.359891,0.099269
eegnet,cross_session,sub-010,,ses-02,ses-03,0,,160,40,200,8,0.560000,0.560000,0.555556,0.610200,0.699136,0.498481,0.078953
eegnet,cross_session,sub-010,,ses-03,ses-01,0,,160,40,200,43,0.590000,0.590000,0.588519,0.638900,1.658768,0.666068,0.302587
eegnet,cross_session,sub-010,,ses-03,ses-02,0,,160,40,200,43,0.655000,0.655000,0.648596,0.735600,1.747841,0.561051,0.266008
eegnet,cross_session,sub-011,,ses-01,ses-02,0,,160,40,200,3,0.625000,0.625000,0.623409,0.618300,0.798914,0.541157,0.143588
eegnet,cross_session,sub-011,,ses-01,ses-03,0,,160,40,200,3,0.925000,0.925000,0.924908,0.976100,0.203136,0.112436,0.026125
eegnet,cross_session,sub-011,,ses-02,ses-01,0,,160,40,200,54,0.825000,0.825000,0.824257,0.925700,0.731200,0.259008,0.117083
eegnet,cross_session,sub-011,,ses-02,ses-03,0,,160,40,200,54,0.910000,0.910000,0.909856,0.972900,0.317780,0.155362,0.061331
eegnet,cross_session,sub-011,,ses-03,ses-01,0,,160,40,200,100,0.925000,0.925000,0.924998,0.958400,0.353394,0.119987,0.047989
eegnet,cross_session,sub-011,,ses-03,ses-02,0,,160,40,200,100,0.630000,0.630000,0.620279,0.695500,1.289414,0.548656,0.227591
eegnet,cross_session,sub-012,,ses-01,ses-02,0,,160,40,200,1,0.515000,0.515000,0.514016,0.557700,0.688815,0.495631,0.056307
eegnet,cross_session,sub-012,,ses-01,ses-03,0,,160,40,200,1,0.575000,0.575000,0.567111,0.585600,0.687686,0.494536,0.050883
eegnet,cross_session,sub-012,,ses-02,ses-01,0,,160,40,200,11,0.515000,0.515000,0.514891,0.512200,0.911754,0.611906,0.203399
eegnet,cross_session,sub-012,,ses-02,ses-03,0,,160,40,200,11,0.540000,0.540000,0.536244,0.564000,0.743808,0.536887,0.160070
eegnet,cross_session,sub-012,,ses-03,ses-01,0,,160,40,200,1,0.495000,0.495000,0.480867,0.502900,0.706284,0.510263,0.072486
eegnet,cross_session,sub-012,,ses-03,ses-02,0,,160,40,200,1,0.545000,0.545000,0.542426,0.563200,0.688155,0.494659,0.012185
eegnet,cross_session,sub-013,,ses-01,ses-02,0,,160,40,200,10,0.700000,0.700000,0.698523,0.783700,0.797410,0.423759,0.156916
eegnet,cross_session,sub-013,,ses-01,ses-03,0,,160,40,200,10,0.800000,0.800000,0.799980,0.899900,0.429220,0.262215,0.052896
eegnet,cross_session,sub-013,,ses-02,ses-01,0,,160,40,200,9,0.570000,0.570000,0.569828,0.635900,0.649107,0.465179,0.105378
eegnet,cross_session,sub-013,,ses-02,ses-03,0,,160,40,200,9,0.745000,0.745000,0.743918,0.818000,0.531816,0.355878,0.066288
eegnet,cross_session,sub-013,,ses-03,ses-01,0,,160,40,200,39,0.730000,0.730000,0.729973,0.843500,0.658700,0.367125,0.156179
eegnet,cross_session,sub-013,,ses-03,ses-02,0,,160,40,200,39,0.720000,0.720000,0.718988,0.783200,1.170972,0.436052,0.170676
eegnet,cross_session,sub-014,,ses-01,ses-02,0,,160,40,200,1,0.515000,0.515000,0.512256,0.553800,0.692598,0.499150,0.020255
eegnet,cross_session,sub-014,,ses-01,ses-03,0,,160,40,200,1,0.515000,0.515000,0.514988,0.532300,0.692837,0.499654,0.012430
eegnet,cross_session,sub-014,,ses-02,ses-01,0,,160,40,200,3,0.520000,0.520000,0.516080,0.554200,0.712728,0.503984,0.068594
eegnet,cross_session,sub-014,,ses-02,ses-03,0,,160,40,200,3,0.570000,0.570000,0.567883,0.551700,0.714908,0.516734,0.088041
eegnet,cross_session,sub-014,,ses-03,ses-01,0,,160,40,200,1,0.570000,0.570000,0.569957,0.544400,0.693685,0.499781,0.089136
eegnet,cross_session,sub-014,,ses-03,ses-02,0,,160,40,200,1,0.530000,0.530000,0.527686,0.538100,0.695815,0.501973,0.019734
eegnet,cross_session,sub-015,,ses-01,ses-02,0,,160,40,200,37,0.735000,0.735000,0.734462,0.813500,0.825658,0.378393,0.143831
eegnet,cross_session,sub-015,,ses-01,ses-03,0,,160,40,200,37,0.690000,0.690000,0.689969,0.739500,0.949726,0.471146,0.168632
eegnet,cross_session,sub-015,,ses-02,ses-01,0,,160,40,200,12,0.610000,0.610000,0.609023,0.669900,0.670490,0.471222,0.086851
eegnet,cross_session,sub-015,,ses-02,ses-03,0,,160,40,200,12,0.605000,0.605000,0.602125,0.622400,0.930484,0.535236,0.140542
eegnet,cross_session,sub-015,,ses-03,ses-01,0,,160,40,200,1,0.500000,0.500000,0.373041,0.497500,0.693311,0.500164,0.002328
eegnet,cross_session,sub-015,,ses-03,ses-02,0,,160,40,200,1,0.485000,0.485000,0.435910,0.531800,0.692884,0.499736,0.017734
eegnet,cross_session,sub-016,,ses-01,ses-02,0,,160,40,200,12,0.525000,0.525000,0.524036,0.534700,0.752374,0.546109,0.135377
eegnet,cross_session,sub-016,,ses-01,ses-03,0,,160,40,200,12,0.560000,0.560000,0.555556,0.572800,0.779882,0.551493,0.144210
eegnet,cross_session,sub-016,,ses-02,ses-01,0,,160,40,200,1,0.510000,0.510000,0.508772,0.526200,0.693098,0.499928,0.055945
eegnet,cross_session,sub-016,,ses-02,ses-03,0,,160,40,200,1,0.530000,0.530000,0.529577,0.542300,0.687292,0.494257,0.048305
eegnet,cross_session,sub-016,,ses-03,ses-01,0,,160,40,200,3,0.595000,0.595000,0.593282,0.586200,0.689231,0.495053,0.129921
eegnet,cross_session,sub-016,,ses-03,ses-02,0,,160,40,200,3,0.570000,0.570000,0.567230,0.578800,0.696031,0.501235,0.066272
eegnet,cross_session,sub-017,,ses-01,ses-02,0,,160,40,200,17,0.695000,0.695000,0.693275,0.782600,0.563452,0.387028,0.062359
eegnet,cross_session,sub-017,,ses-01,ses-03,0,,160,40,200,17,0.610000,0.610000,0.605223,0.687200,0.752318,0.499256,0.148973
eegnet,cross_session,sub-017,,ses-02,ses-01,0,,160,40,200,14,0.655000,0.655000,0.653953,0.746200,1.029826,0.452192,0.165653
eegnet,cross_session,sub-017,,ses-02,ses-03,0,,160,40,200,14,0.700000,0.700000,0.694002,0.835200,0.857098,0.480561,0.216375
eegnet,cross_session,sub-017,,ses-03,ses-01,0,,160,40,200,22,0.630000,0.630000,0.629852,0.671400,1.353883,0.577957,0.236654
eegnet,cross_session,sub-017,,ses-03,ses-02,0,,160,40,200,22,0.715000,0.715000,0.714422,0.776700,0.636337,0.407295,0.118587
eegnet,cross_session,sub-018,,ses-01,ses-02,0,,160,40,200,12,0.695000,0.695000,0.691600,0.750900,0.624435,0.433358,0.136094
eegnet,cross_session,sub-018,,ses-01,ses-03,0,,160,40,200,12,0.605000,0.605000,0.597667,0.595100,0.703719,0.503613,0.092625
eegnet,cross_session,sub-018,,ses-02,ses-01,0,,160,40,200,8,0.705000,0.705000,0.703748,0.747100,0.822918,0.439078,0.130730
eegnet,cross_session,sub-018,,ses-02,ses-03,0,,160,40,200,8,0.610000,0.610000,0.605223,0.627600,0.919299,0.571645,0.200163
eegnet,cross_session,sub-018,,ses-03,ses-01,0,,160,40,200,23,0.655000,0.655000,0.654577,0.738700,0.816308,0.486478,0.187333
eegnet,cross_session,sub-018,,ses-03,ses-02,0,,160,40,200,23,0.725000,0.725000,0.724993,0.781500,0.738476,0.394252,0.094850
eegnet,cross_session,sub-019,,ses-01,ses-02,0,,160,40,200,26,0.570000,0.570000,0.568922,0.581700,1.085279,0.648625,0.257036
eegnet,cross_session,sub-019,,ses-01,ses-03,0,,160,40,200,26,0.640000,0.640000,0.639856,0.678800,0.956821,0.533486,0.193226
eegnet,cross_session,sub-019,,ses-02,ses-01,0,,160,40,200,5,0.515000,0.515000,0.511470,0.524300,0.795896,0.533550,0.125611
eegnet,cross_session,sub-019,,ses-02,ses-03,0,,160,40,200,5,0.835000,0.835000,0.834665,0.906300,0.408836,0.250994,0.072658
eegnet,cross_session,sub-019,,ses-03,ses-01,0,,160,40,200,44,0.570000,0.570000,0.569828,0.570400,1.062087,0.634666,0.224264
eegnet,cross_session,sub-019,,ses-03,ses-02,0,,160,40,200,44,0.720000,0.720000,0.718988,0.809800,0.824609,0.426598,0.189987
eegnet,cross_session,sub-020,,ses-01,ses-02,0,,160,40,200,65,0.870000,0.870000,0.869792,0.939600,0.438340,0.190845,0.057871
eegnet,cross_session,sub-020,,ses-01,ses-03,0,,160,40,200,65,0.595000,0.595000,0.564411,0.635400,1.100817,0.640666,0.283579
eegnet,cross_session,sub-020,,ses-02,ses-01,0,,160,40,200,39,0.775000,0.775000,0.773727,0.815750,1.829452,0.409440,0.191012
eegnet,cross_session,sub-020,,ses-02,ses-03,0,,160,40,200,39,0.465000,0.465000,0.463914,0.437500,1.286036,0.782429,0.332762
eegnet,cross_session,sub-020,,ses-03,ses-01,0,,160,40,200,59,0.465000,0.465000,0.464880,0.446200,3.460585,0.947962,0.462397
eegnet,cross_session,sub-020,,ses-03,ses-02,0,,160,40,200,59,0.455000,0.455000,0.454659,0.443600,1.840012,0.852347,0.394943
eegnet,cross_session,sub-021,,ses-01,ses-02,0,,160,40,200,37,0.665000,0.665000,0.663579,0.768900,1.011483,0.513141,0.239393
eegnet,cross_session,sub-021,,ses-01,ses-03,0,,160,40,200,37,0.610000,0.610000,0.609375,0.647850,2.333226,0.693053,0.330909
eegnet,cross_session,sub-021,,ses-02,ses-01,0,,160,40,200,1,0.515000,0.515000,0.509593,0.560400,0.688255,0.495144,0.041420
eegnet,cross_session,sub-021,,ses-02,ses-03,0,,160,40,200,1,0.615000,0.615000,0.606732,0.648400,0.681158,0.488018,0.093830
eegnet,cross_session,sub-021,,ses-03,ses-01,0,,160,40,200,10,0.625000,0.625000,0.606826,0.684100,0.679643,0.482437,0.116639
eegnet,cross_session,sub-021,,ses-03,ses-02,0,,160,40,200,10,0.565000,0.565000,0.563680,0.582100,0.787131,0.551465,0.165530
eegnet,cross_session,sub-022,,ses-01,ses-02,0,,160,40,200,36,0.590000,0.590000,0.587359,0.605100,1.849090,0.694934,0.318464
eegnet,cross_session,sub-022,,ses-01,ses-03,0,,160,40,200,36,0.530000,0.530000,0.490017,0.579000,1.528127,0.690543,0.294936
eegnet,cross_session,sub-022,,ses-02,ses-01,0,,160,40,200,36,0.560000,0.560000,0.557166,0.606300,1.116647,0.654648,0.295547
eegnet,cross_session,sub-022,,ses-02,ses-03,0,,160,40,200,36,0.795000,0.795000,0.794130,0.872700,0.527879,0.303933,0.097645
eegnet,cross_session,sub-022,,ses-03,ses-01,0,,160,40,200,34,0.585000,0.585000,0.581221,0.640300,1.544441,0.637846,0.290377
eegnet,cross_session,sub-022,,ses-03,ses-02,0,,160,40,200,34,0.690000,0.690000,0.689223,0.745100,1.188143,0.496185,0.214883
eegnet,cross_session,sub-023,,ses-02,ses-03,0,,160,40,200,18,0.900000,0.900000,0.899749,0.967700,0.251551,0.149187,0.035098
eegnet,cross_session,sub-023,,ses-03,ses-02,0,,160,40,200,48,0.865000,0.865000,0.864834,0.914600,0.559047,0.235332,0.095279
eegnet,cross_session,sub-025,,ses-01,ses-02,0,,160,40,200,5,0.905000,0.905000,0.904941,0.950600,0.291891,0.159505,0.042108
eegnet,cross_session,sub-025,,ses-01,ses-03,0,,160,40,200,5,0.840000,0.840000,0.839212,0.906900,0.434604,0.252901,0.078046
eegnet,cross_session,sub-025,,ses-02,ses-01,0,,160,40,200,13,0.850000,0.850000,0.850000,0.899300,0.430637,0.238819,0.053580
eegnet,cross_session,sub-025,,ses-02,ses-03,0,,160,40,200,13,0.825000,0.825000,0.824010,0.912700,0.434448,0.248347,0.065177
eegnet,cross_session,sub-025,,ses-03,ses-01,0,,160,40,200,99,0.770000,0.770000,0.769424,0.841800,0.867906,0.396765,0.180498
eegnet,cross_session,sub-025,,ses-03,ses-02,0,,160,40,200,99,0.885000,0.885000,0.884997,0.942300,0.474219,0.197703,0.089521
eegnet,cross_session,sub-026,,ses-02,ses-03,0,,160,40,200,12,0.870000,0.870000,0.869163,0.948500,0.339617,0.190914,0.057311
eegnet,cross_session,sub-026,,ses-03,ses-02,0,,160,40,200,44,0.615000,0.615000,0.592496,0.732500,2.482152,0.694766,0.354492
eegnet,cross_session,sub-027,,ses-01,ses-02,0,,160,40,200,18,0.640000,0.640000,0.639856,0.664000,1.609345,0.622493,0.280304
eegnet,cross_session,sub-027,,ses-01,ses-03,0,,160,40,200,18,0.690000,0.690000,0.682864,0.801500,0.719489,0.444654,0.160093
eegnet,cross_session,sub-027,,ses-02,ses-01,0,,160,40,200,1,0.520000,0.520000,0.510404,0.555200,0.689614,0.496469,0.038168
eegnet,cross_session,sub-027,,ses-02,ses-03,0,,160,40,200,1,0.610000,0.610000,0.604302,0.651200,0.680129,0.487010,0.084029
eegnet,cross_session,sub-027,,ses-03,ses-01,0,,160,40,200,27,0.610000,0.610000,0.609961,0.682600,1.849561,0.657664,0.320383
eegnet,cross_session,sub-027,,ses-03,ses-02,0,,160,40,200,27,0.555000,0.555000,0.544046,0.582850,3.120795,0.790136,0.382497
eegnet,cross_session,sub-028,,ses-01,ses-02,0,,160,40,200,4,0.745000,0.745000,0.744483,0.802500,0.678611,0.386162,0.122789
eegnet,cross_session,sub-028,,ses-01,ses-03,0,,160,40,200,4,0.505000,0.505000,0.382774,0.542200,1.225496,0.754521,0.363783
eegnet,cross_session,sub-028,,ses-02,ses-01,0,,160,40,200,11,0.860000,0.860000,0.859311,0.930600,0.344648,0.202637,0.080328
eegnet,cross_session,sub-028,,ses-02,ses-03,0,,160,40,200,11,0.515000,0.515000,0.425338,0.520100,0.946564,0.653192,0.261669
eegnet,cross_session,sub-028,,ses-03,ses-01,0,,160,40,200,10,0.625000,0.625000,0.613153,0.719800,0.690513,0.474202,0.128615
eegnet,cross_session,sub-028,,ses-03,ses-02,0,,160,40,200,10,0.565000,0.565000,0.532145,0.593600,1.228594,0.645281,0.274759
eegnet,cross_session,sub-029,,ses-01,ses-02,0,,160,40,200,58,0.425000,0.425000,0.388282,0.408800,8.591372,1.089080,0.553701
eegnet,cross_session,sub-029,,ses-01,ses-03,0,,160,40,200,58,0.440000,0.440000,0.402667,0.453650,4.257447,1.027082,0.507190
eegnet,cross_session,sub-029,,ses-02,ses-01,0,,160,40,200,70,0.320000,0.320000,0.319932,0.327900,1.620610,0.964001,0.488943
eegnet,cross_session,sub-029,,ses-02,ses-03,0,,160,40,200,70,0.905000,0.905000,0.904979,0.974200,0.212645,0.125814,0.027182
eegnet,cross_session,sub-029,,ses-03,ses-01,0,,160,40,200,80,0.370000,0.370000,0.369432,0.368300,1.304777,0.833016,0.400547
eegnet,cross_session,sub-029,,ses-03,ses-02,0,,160,40,200,80,0.745000,0.745000,0.744841,0.782100,1.801050,0.458327,0.223780
eegnet,cross_session,sub-030,,ses-01,ses-02,0,,160,40,200,78,0.500000,0.500000,0.333333,0.927900,0.678145,0.485070,0.360878
eegnet,cross_session,sub-030,,ses-01,ses-03,0,,160,40,200,78,0.500000,0.500000,0.333333,0.918200,0.678493,0.485415,0.321106
eegnet,cross_session,sub-030,,ses-02,ses-01,0,,160,40,200,4,0.945000,0.945000,0.944966,0.987800,0.170880,0.092078,0.053466
eegnet,cross_session,sub-030,,ses-02,ses-03,0,,160,40,200,4,0.870000,0.870000,0.869987,0.948400,0.303064,0.187702,0.082344
eegnet,cross_session,sub-030,,ses-03,ses-01,0,,160,40,200,9,0.910000,0.910000,0.909919,0.960100,0.260827,0.155049,0.046008
eegnet,cross_session,sub-030,,ses-03,ses-02,0,,160,40,200,9,0.870000,0.870000,0.869948,0.947500,0.295606,0.184761,0.041454
eegnet,cross_session,sub-031,,ses-01,ses-02,0,,160,40,200,30,0.705000,0.705000,0.696744,0.772900,1.363592,0.500599,0.215383
eegnet,cross_session,sub-031,,ses-01,ses-03,0,,160,40,200,30,0.675000,0.675000,0.665904,0.733750,2.885253,0.541989,0.258741
eegnet,cross_session,sub-031,,ses-02,ses-01,0,,160,40,200,6,0.750000,0.750000,0.749373,0.830300,0.516293,0.340830,0.053262
eegnet,cross_session,sub-031,,ses-02,ses-03,0,,160,40,200,6,0.755000,0.755000,0.754994,0.799500,0.963399,0.385381,0.151785
eegnet,cross_session,sub-031,,ses-03,ses-01,0,,160,40,200,8,0.685000,0.685000,0.683663,0.787200,0.555710,0.381167,0.083358
eegnet,cross_session,sub-031,,ses-03,ses-02,0,,160,40,200,8,0.750000,0.750000,0.745702,0.858600,0.470171,0.310963,0.076549
eegnet,cross_session,sub-032,,ses-01,ses-03,0,,160,40,200,18,0.620000,0.620000,0.619391,0.665700,0.742197,0.503287,0.137839
eegnet,cross_session,sub-032,,ses-03,ses-01,0,,160,40,200,2,0.520000,0.520000,0.520000,0.532700,0.764999,0.540759,0.099411
eegnet,cross_session,sub-033,,ses-01,ses-02,0,,160,40,200,16,0.915000,0.915000,0.914947,0.968500,0.269008,0.128407,0.013788
eegnet,cross_session,sub-033,,ses-01,ses-03,0,,160,40,200,16,0.905000,0.905000,0.904998,0.964800,0.248361,0.146948,0.058582
eegnet,cross_session,sub-033,,ses-02,ses-01,0,,160,40,200,3,0.795000,0.795000,0.794749,0.892400,0.434417,0.270888,0.085017
eegnet,cross_session,sub-033,,ses-02,ses-03,0,,160,40,200,3,0.835000,0.835000,0.834963,0.910400,0.392747,0.247784,0.063878
eegnet,cross_session,sub-033,,ses-03,ses-01,0,,160,40,200,19,0.845000,0.845000,0.844965,0.917000,0.422247,0.229984,0.076964
eegnet,cross_session,sub-033,,ses-03,ses-02,0,,160,40,200,19,0.925000,0.925000,0.924998,0.967300,0.257074,0.122339,0.045898
eegnet,cross_session,sub-034,,ses-01,ses-02,0,,160,40,200,13,0.845000,0.845000,0.844996,0.926300,0.372754,0.215526,0.027490
eegnet,cross_session,sub-034,,ses-01,ses-03,0,,160,40,200,13,0.790000,0.790000,0.785802,0.827100,0.585060,0.337515,0.090966
eegnet,cross_session,sub-034,,ses-02,ses-01,0,,160,40,200,16,0.640000,0.640000,0.639098,0.682300,1.277257,0.577835,0.250223
eegnet,cross_session,sub-034,,ses-02,ses-03,0,,160,40,200,16,0.895000,0.895000,0.894787,0.970800,0.254721,0.155158,0.038553
eegnet,cross_session,sub-034,,ses-03,ses-01,0,,160,40,200,37,0.630000,0.630000,0.627617,0.694100,1.445771,0.603281,0.290279
eegnet,cross_session,sub-034,,ses-03,ses-02,0,,160,40,200,37,0.910000,0.910000,0.910000,0.959600,0.288141,0.139126,0.054537
eegnet,cross_session,sub-035,,ses-01,ses-02,0,,160,40,200,60,0.930000,0.930000,0.929937,0.985700,0.165071,0.095556,0.037392
eegnet,cross_session,sub-035,,ses-01,ses-03,0,,160,40,200,60,0.910000,0.910000,0.909919,0.964700,0.427245,0.137525,0.055876
eegnet,cross_session,sub-035,,ses-02,ses-01,0,,160,40,200,37,0.950000,0.950000,0.949875,0.996700,0.123741,0.078003,0.026984
eegnet,cross_session,sub-035,,ses-02,ses-03,0,,160,40,200,37,0.940000,0.940000,0.939994,0.966900,0.339583,0.117015,0.060140
eegnet,cross_session,sub-035,,ses-03,ses-01,0,,160,40,200,1,0.890000,0.890000,0.889989,0.942900,0.591153,0.399374,0.326771
eegnet,cross_session,sub-035,,ses-03,ses-02,0,,160,40,200,1,0.825000,0.825000,0.824010,0.907000,0.573132,0.383660,0.239277
eegnet,cross_session,sub-036,,ses-01,ses-02,0,,160,40,200,11,0.905000,0.905000,0.904941,0.984200,0.219918,0.123649,0.078732
eegnet,cross_session,sub-036,,ses-01,ses-03,0,,160,40,200,11,0.985000,0.985000,0.985000,0.999300,0.127727,0.052913,0.092829
eegnet,cross_session,sub-036,,ses-02,ses-01,0,,160,40,200,28,0.860000,0.860000,0.860000,0.898750,0.757973,0.226343,0.094187
eegnet,cross_session,sub-036,,ses-02,ses-03,0,,160,40,200,28,0.995000,0.995000,0.995000,0.996400,0.052099,0.015224,0.012418
eegnet,cross_session,sub-036,,ses-03,ses-01,0,,160,40,200,96,0.865000,0.865000,0.864236,0.901200,1.089096,0.240069,0.110652
eegnet,cross_session,sub-036,,ses-03,ses-02,0,,160,40,200,96,0.900000,0.900000,0.899990,0.970300,0.281709,0.157145,0.080372
eegnet,cross_session,sub-037,,ses-01,ses-02,0,,160,40,200,57,0.905000,0.905000,0.904597,0.957500,0.481844,0.299809,0.260745
eegnet,cross_session,sub-037,,ses-01,ses-03,0,,160,40,200,57,0.915000,0.915000,0.914896,0.969300,0.465294,0.284456,0.268006
eegnet,cross_session,sub-037,,ses-02,ses-01,0,,160,40,200,8,0.830000,0.830000,0.830000,0.909200,0.466156,0.228550,0.079627
eegnet,cross_session,sub-037,,ses-02,ses-03,0,,160,40,200,8,0.895000,0.895000,0.894976,0.940700,0.391796,0.171139,0.051651
eegnet,cross_session,sub-037,,ses-03,ses-01,0,,160,40,200,17,0.880000,0.880000,0.879892,0.949900,0.301444,0.171605,0.071134
eegnet,cross_session,sub-037,,ses-03,ses-02,0,,160,40,200,17,0.905000,0.905000,0.904979,0.970700,0.226891,0.138630,0.038903
eegnet,cross_session,sub-038,,ses-01,ses-02,0,,160,40,200,1,0.535000,0.535000,0.413601,0.637000,0.688014,0.494927,0.019450
eegnet,cross_session,sub-038,,ses-01,ses-03,0,,160,40,200,1,0.500000,0.500000,0.342019,0.408800,0.695393,0.502244,0.013455
eegnet,cross_session,sub-038,,ses-02,ses-01,0,,160,40,200,28,0.470000,0.470000,0.467390,0.455300,2.021412,0.779803,0.344833
eegnet,cross_session,sub-038,,ses-02,ses-03,0,,160,40,200,28,0.460000,0.460000,0.449204,0.453900,0.995373,0.702742,0.295399
eegnet,cross_session,sub-038,,ses-03,ses-01,0,,160,40,200,25,0.545000,0.545000,0.542426,0.566300,2.713188,0.769827,0.365515
eegnet,cross_session,sub-038,,ses-03,ses-02,0,,160,40,200,25,0.505000,0.505000,0.503498,0.531000,1.875014,0.798467,0.384096
eegnet,cross_session,sub-039,,ses-01,ses-02,0,,160,40,200,30,0.430000,0.430000,0.426329,0.407200,1.678069,0.892228,0.414289
eegnet,cross_session,sub-039,,ses-01,ses-03,0,,160,40,200,30,0.450000,0.450000,0.445509,0.431100,1.555302,0.856256,0.385934
eegnet,cross_session,sub-039,,ses-02,ses-01,0,,160,40,200,14,0.435000,0.435000,0.421092,0.408600,1.256311,0.807666,0.353588
eegnet,cross_session,sub-039,,ses-02,ses-03,0,,160,40,200,14,0.535000,0.535000,0.493891,0.627700,0.915438,0.624642,0.268693
eegnet,cross_session,sub-039,,ses-03,ses-01,0,,160,40,200,23,0.410000,0.410000,0.407868,0.379500,1.334879,0.840240,0.381504
eegnet,cross_session,sub-039,,ses-03,ses-02,0,,160,40,200,23,0.485000,0.485000,0.468730,0.494300,1.220996,0.746768,0.324651
eegnet,cross_session,sub-040,,ses-01,ses-02,0,,160,40,200,24,0.660000,0.660000,0.659148,0.724500,0.849298,0.497308,0.182044
eegnet,cross_session,sub-040,,ses-01,ses-03,0,,160,40,200,24,0.765000,0.765000,0.764523,0.846000,0.551193,0.336715,0.099264
eegnet,cross_session,sub-040,,ses-02,ses-01,0,,160,40,200,13,0.685000,0.685000,0.684361,0.743100,0.634675,0.427354,0.090780
eegnet,cross_session,sub-040,,ses-02,ses-03,0,,160,40,200,13,0.700000,0.700000,0.699880,0.740700,0.636159,0.427053,0.105577
eegnet,cross_session,sub-040,,ses-03,ses-01,0,,160,40,200,13,0.740000,0.740000,0.739766,0.778200,0.610947,0.391945,0.104506
eegnet,cross_session,sub-040,,ses-03,ses-02,0,,160,40,200,13,0.675000,0.675000,0.674601,0.746100,0.639250,0.431277,0.112961
eegnet,cross_session,sub-041,,ses-01,ses-02,0,,160,40,200,12,0.840000,0.840000,0.839984,0.923500,0.351882,0.230346,0.051907
eegnet,cross_session,sub-041,,ses-01,ses-03,0,,160,40,200,12,0.880000,0.880000,0.879808,0.946500,0.330963,0.185276,0.055820
eegnet,cross_session,sub-041,,ses-02,ses-01,0,,160,40,200,8,0.885000,0.885000,0.884928,0.937400,0.340466,0.185415,0.074658
eegnet,cross_session,sub-041,,ses-02,ses-03,0,,160,40,200,8,0.895000,0.895000,0.894997,0.954800,0.263998,0.161169,0.035665
eegnet,cross_session,sub-041,,ses-03,ses-01,0,,160,40,200,5,0.885000,0.885000,0.884974,0.933500,0.373212,0.201454,0.072878
eegnet,cross_session,sub-041,,ses-03,ses-02,0,,160,40,200,5,0.865000,0.865000,0.864997,0.934500,0.341678,0.211625,0.063189
eegnet,cross_session,sub-042,,ses-01,ses-02,0,,160,40,200,19,0.745000,0.745000,0.744841,0.837500,0.510567,0.330730,0.077964
eegnet,cross_session,sub-042,,ses-01,ses-03,0,,160,40,200,19,0.655000,0.655000,0.653536,0.690000,1.498752,0.550179,0.236117
eegnet,cross_session,sub-042,,ses-02,ses-01,0,,160,40,200,10,0.740000,0.740000,0.738720,0.793200,0.585169,0.376562,0.093719
eegnet,cross_session,sub-042,,ses-02,ses-03,0,,160,40,200,10,0.655000,0.655000,0.650376,0.657000,1.081747,0.554809,0.199806
eegnet,cross_session,sub-042,,ses-03,ses-01,0,,160,40,200,6,0.675000,0.675000,0.674601,0.716000,0.650297,0.439706,0.104914
eegnet,cross_session,sub-042,,ses-03,ses-02,0,,160,40,200,6,0.550000,0.550000,0.544488,0.588800,0.738631,0.522617,0.140398
eegnet,cross_session,sub-043,,ses-01,ses-02,0,,160,40,200,23,0.930000,0.930000,0.929993,0.987500,0.142526,0.089289,0.041369
eegnet,cross_session,sub-043,,ses-01,ses-03,0,,160,40,200,23,0.895000,0.895000,0.894997,0.965900,0.247090,0.145235,0.057349
eegnet,cross_session,sub-043,,ses-02,ses-01,0,,160,40,200,98,0.955000,0.955000,0.954990,0.985050,0.198622,0.080726,0.044840
eegnet,cross_session,sub-043,,ses-02,ses-03,0,,160,40,200,98,0.905000,0.905000,0.904883,0.974200,0.285865,0.124735,0.064457
eegnet,cross_session,sub-043,,ses-03,ses-01,0,,160,40,200,98,0.970000,0.970000,0.969997,0.998400,0.063715,0.040580,0.016576
eegnet,cross_session,sub-043,,ses-03,ses-02,0,,160,40,200,98,0.985000,0.985000,0.985000,0.999000,0.042115,0.024666,0.020651
eegnet,cross_session,sub-044,,ses-01,ses-02,0,,160,40,200,2,0.550000,0.550000,0.542264,0.576200,0.684982,0.492116,0.039229
eegnet,cross_session,sub-044,,ses-01,ses-03,0,,160,40,200,2,0.590000,0.590000,0.589343,0.614600,0.670968,0.478363,0.030033
eegnet,cross_session,sub-044,,ses-02,ses-01,0,,160,40,200,14,0.610000,0.610000,0.609649,0.666600,0.824141,0.531009,0.190080
eegnet,cross_session,sub-044,,ses-02,ses-03,0,,160,40,200,14,0.765000,0.765000,0.763290,0.840600,0.520501,0.341767,0.058318
eegnet,cross_session,sub-044,,ses-03,ses-01,0,,160,40,200,6,0.665000,0.665000,0.663984,0.681100,0.776000,0.500263,0.172165
eegnet,cross_session,sub-044,,ses-03,ses-02,0,,160,40,200,6,0.725000,0.725000,0.724442,0.804000,0.571114,0.383302,0.102293
eegnet,cross_session,sub-045,,ses-01,ses-02,0,,160,40,200,11,0.770000,0.770000,0.765402,0.855800,0.522552,0.337932,0.095422
eegnet,cross_session,sub-045,,ses-01,ses-03,0,,160,40,200,11,0.845000,0.845000,0.844965,0.924000,0.361246,0.224270,0.064136
eegnet,cross_session,sub-045,,ses-02,ses-01,0,,160,40,200,9,0.680000,0.680000,0.678844,0.773300,0.690936,0.403247,0.109093
eegnet,cross_session,sub-045,,ses-02,ses-03,0,,160,40,200,9,0.735000,0.735000,0.733071,0.800500,0.559990,0.373066,0.055397
eegnet,cross_session,sub-045,,ses-03,ses-01,0,,160,40,200,15,0.780000,0.780000,0.779978,0.863500,0.514374,0.300111,0.078638
eegnet,cross_session,sub-045,,ses-03,ses-02,0,,160,40,200,15,0.745000,0.745000,0.742157,0.820600,0.776579,0.370169,0.127864
eegnet,cross_session,sub-046,,ses-01,ses-02,0,,160,40,200,100,0.990000,0.990000,0.989999,1.000000,0.021164,0.011567,0.012586
eegnet,cross_session,sub-046,,ses-01,ses-03,0,,160,40,200,100,0.960000,0.960000,0.959984,0.988000,0.155831,0.066414,0.034080
eegnet,cross_session,sub-046,,ses-02,ses-01,0,,160,40,200,89,0.980000,0.980000,0.979998,0.997700,0.059252,0.029580,0.016241
eegnet,cross_session,sub-046,,ses-02,ses-03,0,,160,40,200,89,0.950000,0.950000,0.949980,0.967900,0.287402,0.093420,0.045803
eegnet,cross_session,sub-046,,ses-03,ses-01,0,,160,40,200,84,0.990000,0.990000,0.990000,0.999800,0.026615,0.014391,0.018067
eegnet,cross_session,sub-046,,ses-03,ses-02,0,,160,40,200,84,0.990000,0.990000,0.989999,0.999500,0.037906,0.020724,0.010556
eegnet,cross_session,sub-047,,ses-01,ses-02,0,,160,40,200,50,0.860000,0.860000,0.859776,0.935600,0.404159,0.212005,0.076551
eegnet,cross_session,sub-047,,ses-01,ses-03,0,,160,40,200,50,0.805000,0.805000,0.804878,0.896300,0.518394,0.293199,0.110985
eegnet,cross_session,sub-047,,ses-02,ses-01,0,,160,40,200,42,0.850000,0.850000,0.849760,0.923300,0.493410,0.234245,0.098956
eegnet,cross_session,sub-047,,ses-02,ses-03,0,,160,40,200,42,0.820000,0.820000,0.819928,0.898200,0.536923,0.268719,0.103044
eegnet,cross_session,sub-047,,ses-03,ses-01,0,,160,40,200,49,0.850000,0.850000,0.849865,0.938000,0.400121,0.215778,0.086540
eegnet,cross_session,sub-047,,ses-03,ses-02,0,,160,40,200,49,0.785000,0.785000,0.784736,0.843300,1.060346,0.346246,0.156623
eegnet,cross_session,sub-048,,ses-01,ses-02,0,,160,40,200,10,0.865000,0.865000,0.864427,0.908600,0.402303,0.223780,0.060658
eegnet,cross_session,sub-048,,ses-01,ses-03,0,,160,40,200,10,0.815000,0.815000,0.811566,0.937400,0.396177,0.261095,0.077022
eegnet,cross_session,sub-048,,ses-02,ses-01,0,,160,40,200,4,0.795000,0.795000,0.794995,0.883800,0.443454,0.273942,0.072681
eegnet,cross_session,sub-048,,ses-02,ses-03,0,,160,40,200,4,0.780000,0.780000,0.773453,0.931900,0.427767,0.281899,0.058052
eegnet,cross_session,sub-048,,ses-03,ses-01,0,,160,40,200,69,0.770000,0.770000,0.764706,0.894100,0.874201,0.391258,0.170393
eegnet,cross_session,sub-048,,ses-03,ses-02,0,,160,40,200,69,0.760000,0.760000,0.748928,0.929900,0.786165,0.388693,0.170709
eegnet,cross_session,sub-049,,ses-01,ses-02,0,,160,40,200,27,0.760000,0.760000,0.757060,0.831200,0.877530,0.365738,0.127471
eegnet,cross_session,sub-049,,ses-01,ses-03,0,,160,40,200,27,0.730000,0.730000,0.717544,0.890100,0.603574,0.368440,0.124698
eegnet,cross_session,sub-049,,ses-02,ses-01,0,,160,40,200,21,0.840000,0.840000,0.840000,0.904200,0.412020,0.247748,0.053980
eegnet,cross_session,sub-049,,ses-02,ses-03,0,,160,40,200,21,0.860000,0.860000,0.859494,0.931200,0.360063,0.214998,0.074782
eegnet,cross_session,sub-049,,ses-03,ses-01,0,,160,40,200,74,0.715000,0.715000,0.705996,0.847600,1.221533,0.479238,0.226563
eegnet,cross_session,sub-049,,ses-03,ses-02,0,,160,40,200,74,0.730000,0.730000,0.727273,0.799300,1.503440,0.462138,0.207931
eegnet,cross_session,sub-050,,ses-01,ses-02,0,,160,40,200,53,0.945000,0.945000,0.944988,0.982500,0.161080,0.084324,0.033467
eegnet,cross_session,sub-050,,ses-01,ses-03,0,,160,40,200,53,0.935000,0.935000,0.934985,0.988200,0.142262,0.089811,0.021420
eegnet,cross_session,sub-050,,ses-02,ses-01,0,,160,40,200,50,0.775000,0.775000,0.774317,0.794950,1.818867,0.395599,0.185356
eegnet,cross_session,sub-050,,ses-02,ses-03,0,,160,40,200,50,0.955000,0.955000,0.954972,0.988600,0.156181,0.079160,0.036926
eegnet,cross_session,sub-050,,ses-03,ses-01,0,,160,40,200,61,0.780000,0.780000,0.778583,0.789200,2.300553,0.389656,0.180375
eegnet,cross_session,sub-050,,ses-03,ses-02,0,,160,40,200,61,0.965000,0.965000,0.964999,0.993900,0.099555,0.055811,0.031316
eegnet,cross_session,sub-051,,ses-01,ses-02,0,,160,40,200,35,0.680000,0.680000,0.671593,0.798800,0.603817,0.393921,0.095287
eegnet,cross_session,sub-051,,ses-01,ses-03,0,,160,40,200,35,0.860000,0.860000,0.858857,0.935300,0.369623,0.210258,0.027895
eegnet,cross_session,sub-051,,ses-02,ses-01,0,,160,40,200,11,0.790000,0.790000,0.789916,0.830600,0.712494,0.343498,0.117716
eegnet,cross_session,sub-051,,ses-02,ses-03,0,,160,40,200,11,0.860000,0.860000,0.859311,0.935600,0.378652,0.211322,0.045075
eegnet,cross_session,sub-051,,ses-03,ses-01,0,,160,40,200,26,0.795000,0.795000,0.794130,0.844700,1.129652,0.350941,0.148401
eegnet,cross_session,sub-051,,ses-03,ses-02,0,,160,40,200,26,0.780000,0.780000,0.778583,0.840400,0.540600,0.348604,0.098320
eegnet,cross_session,sub-001,,ses-01,ses-02,1,,160,40,200,63,0.795000,0.795000,0.790597,0.907900,0.690313,0.337262,0.138311
eegnet,cross_session,sub-001,,ses-01,ses-03,1,,160,40,200,63,0.855000,0.855000,0.853384,0.964400,0.326957,0.195221,0.055981
eegnet,cross_session,sub-001,,ses-02,ses-01,1,,160,40,200,36,0.665000,0.665000,0.663105,0.706900,1.007115,0.538658,0.206718
eegnet,cross_session,sub-001,,ses-02,ses-03,1,,160,40,200,36,0.970000,0.970000,0.969997,0.989700,0.116362,0.058483,0.019633
eegnet,cross_session,sub-001,,ses-03,ses-01,1,,160,40,200,93,0.705000,0.705000,0.704105,0.801700,1.291383,0.478321,0.225173
eegnet,cross_session,sub-001,,ses-03,ses-02,1,,160,40,200,93,0.965000,0.965000,0.964992,0.987400,0.140785,0.056535,0.022464
eegnet,cross_session,sub-002,,ses-01,ses-02,1,,160,40,200,2,0.535000,0.535000,0.528768,0.531000,0.698970,0.505022,0.039015
eegnet,cross_session,sub-002,,ses-01,ses-03,1,,160,40,200,2,0.610000,0.610000,0.603296,0.614400,0.677860,0.484835,0.071371
eegnet,cross_session,sub-002,,ses-02,ses-01,1,,160,40,200,30,0.565000,0.565000,0.564728,0.591200,1.092412,0.638621,0.262606
eegnet,cross_session,sub-002,,ses-02,ses-03,1,,160,40,200,30,0.640000,0.640000,0.639423,0.678400,0.825763,0.512936,0.199087
eegnet,cross_session,sub-002,,ses-03,ses-01,1,,160,40,200,7,0.660000,0.660000,0.658326,0.723500,0.690378,0.443665,0.115777
eegnet,cross_session,sub-002,,ses-03,ses-02,1,,160,40,200,7,0.690000,0.690000,0.688474,0.714300,0.778039,0.457204,0.107751
eegnet,cross_session,sub-003,,ses-01,ses-02,1,,160,40,200,89,0.900000,0.900000,0.900000,0.949000,0.345150,0.167620,0.055195
eegnet,cross_session,sub-003,,ses-01,ses-03,1,,160,40,200,89,0.860000,0.860000,0.859944,0.913500,0.548391,0.221789,0.087620
eegnet,cross_session,sub-003,,ses-02,ses-01,1,,160,40,200,66,0.830000,0.830000,0.829163,0.892200,0.781051,0.288022,0.122420
eegnet,cross_session,sub-003,,ses-02,ses-03,1,,160,40,200,66,0.800000,0.800000,0.794048,0.870800,1.293704,0.357792,0.179748
eegnet,cross_session,sub-003,,ses-03,ses-01,1,,160,40,200,36,0.500000,0.500000,0.333333,0.689000,0.708803,0.515597,0.133195
eegnet,cross_session,sub-003,,ses-03,ses-02,1,,160,40,200,36,0.500000,0.500000,0.333333,0.744200,0.715134,0.521602,0.136009
eegnet,cross_session,sub-004,,ses-01,ses-02,1,,160,40,200,1,0.480000,0.480000,0.479532,0.507300,0.693624,0.500370,0.059932
eegnet,cross_session,sub-004,,ses-01,ses-03,1,,160,40,200,1,0.530000,0.530000,0.528302,0.472000,0.700531,0.507298,0.091343
eegnet,cross_session,sub-004,,ses-02,ses-01,1,,160,40,200,3,0.540000,0.540000,0.539586,0.556500,0.689115,0.495753,0.030686
eegnet,cross_session,sub-004,,ses-02,ses-03,1,,160,40,200,3,0.520000,0.520000,0.519231,0.574300,0.687332,0.493817,0.063229
eegnet,cross_session,sub-004,,ses-03,ses-01,1,,160,40,200,10,0.525000,0.525000,0.524036,0.524000,0.782344,0.562828,0.132015
eegnet,cross_session,sub-004,,ses-03,ses-02,1,,160,40,200,10,0.500000,0.500000,0.499800,0.475400,0.912117,0.622003,0.179054
eegnet,cross_session,sub-005,,ses-01,ses-02,1,,160,40,200,40,0.900000,0.900000,0.899990,0.958700,0.280120,0.150286,0.042343
eegnet,cross_session,sub-005,,ses-01,ses-03,1,,160,40,200,40,0.765000,0.765000,0.764947,0.847700,0.548495,0.339534,0.120180
eegnet,cross_session,sub-005,,ses-02,ses-01,1,,160,40,200,69,0.910000,0.910000,0.909991,0.957900,0.314180,0.141762,0.044579
eegnet,cross_session,sub-005,,ses-02,ses-03,1,,160,40,200,69,0.765000,0.765000,0.764712,0.842500,0.705145,0.379598,0.158717
eegnet,cross_session,sub-005,,ses-03,ses-01,1,,160,40,200,12,0.860000,0.860000,0.859944,0.910100,0.396373,0.235515,0.078956
eegnet,cross_session,sub-005,,ses-03,ses-02,1,,160,40,200,12,0.805000,0.805000,0.804956,0.884800,0.424402,0.271957,0.083418
eegnet,cross_session,sub-006,,ses-01,ses-02,1,,160,40,200,53,0.895000,0.895000,0.894997,0.960300,0.258307,0.151181,0.043632
eegnet,cross_session,sub-006,,ses-01,ses-03,1,,160,40,200,53,0.955000,0.955000,0.954972,0.982400,0.163135,0.077902,0.030308
eegnet,cross_session,sub-006,,ses-02,ses-01,1,,160,40,200,30,0.700000,0.700000,0.683244,0.840500,1.744241,0.522889,0.261699
eegnet,cross_session,sub-006,,ses-02,ses-03,1,,160,40,200,30,0.805000,0.805000,0.800812,0.936500,0.947977,0.348027,0.173444
eegnet,cross_session,sub-006,,ses-03,ses-01,1,,160,40,200,27,0.695000,0.695000,0.681620,0.853850,1.016629,0.461656,0.217792
eegnet,cross_session,sub-006,,ses-03,ses-02,1,,160,40,200,27,0.915000,0.915000,0.914998,0.980300,0.186461,0.112037,0.020540
eegnet,cross_session,sub-007,,ses-01,ses-02,1,,160,40,200,12,0.710000,0.710000,0.708132,0.784600,0.568124,0.382896,0.059423
eegnet,cross_session,sub-007,,ses-01,ses-03,1,,160,40,200,12,0.860000,0.860000,0.859494,0.916600,0.442490,0.255620,0.139401
eegnet,cross_session,sub-007,,ses-02,ses-01,1,,160,40,200,5,0.650000,0.650000,0.645713,0.696000,0.752307,0.485850,0.125705
eegnet,cross_session,sub-007,,ses-02,ses-03,1,,160,40,200,5,0.875000,0.875000,0.874470,0.900300,0.436046,0.229315,0.078604
eegnet,cross_session,sub-007,,ses-03,ses-01,1,,160,40,200,54,0.580000,0.580000,0.578483,0.573400,4.955908,0.819420,0.411037
eegnet,cross_session,sub-007,,ses-03,ses-02,1,,160,40,200,54,0.525000,0.525000,0.520674,0.559100,5.370560,0.885699,0.451983
eegnet,cross_session,sub-008,,ses-01,ses-02,1,,160,40,200,48,0.780000,0.780000,0.779912,0.825300,0.724487,0.370197,0.143379
eegnet,cross_session,sub-008,,ses-01,ses-03,1,,160,40,200,48,0.705000,0.705000,0.704816,0.753400,1.182385,0.500504,0.224041
eegnet,cross_session,sub-008,,ses-02,ses-01,1,,160,40,200,72,0.710000,0.710000,0.709273,0.750000,1.141371,0.480766,0.192134
eegnet,cross_session,sub-008,,ses-02,ses-03,1,,160,40,200,72,0.830000,0.830000,0.829574,0.870100,1.093610,0.309367,0.151522
eegnet,cross_session,sub-008,,ses-03,ses-01,1,,160,40,200,71,0.655000,0.655000,0.654922,0.730200,0.862073,0.453246,0.143537
eegnet,cross_session,sub-008,,ses-03,ses-02,1,,160,40,200,71,0.805000,0.805000,0.804995,0.902400,0.400083,0.248372,0.090069
eegnet,cross_session,sub-009,,ses-01,ses-02,1,,160,40,200,18,0.720000,0.720000,0.719972,0.787600,0.650434,0.405306,0.128305
eegnet,cross_session,sub-009,,ses-01,ses-03,1,,160,40,200,18,0.605000,0.605000,0.604990,0.637000,0.879138,0.559121,0.197020
eegnet,cross_session,sub-009,,ses-02,ses-01,1,,160,40,200,6,0.635000,0.635000,0.627161,0.696700,0.713263,0.476858,0.134884
eegnet,cross_session,sub-009,,ses-02,ses-03,1,,160,40,200,6,0.675000,0.675000,0.674927,0.694200,0.704336,0.461809,0.091019
eegnet,cross_session,sub-009,,ses-03,ses-01,1,,160,40,200,10,0.625000,0.625000,0.623409,0.667200,0.692445,0.487065,0.109633
eegnet,cross_session,sub-009,,ses-03,ses-02,1,,160,40,200,10,0.605000,0.605000,0.602766,0.672500,0.673130,0.480470,0.125856
eegnet,cross_session,sub-010,,ses-01,ses-02,1,,160,40,200,8,0.825000,0.825000,0.824996,0.873800,0.459968,0.282769,0.072856
eegnet,cross_session,sub-010,,ses-01,ses-03,1,,160,40,200,8,0.530000,0.530000,0.516013,0.568300,0.775414,0.537182,0.146283
eegnet,cross_session,sub-010,,ses-02,ses-01,1,,160,40,200,37,0.740000,0.740000,0.739896,0.799500,1.076746,0.432144,0.195444
eegnet,cross_session,sub-010,,ses-02,ses-03,1,,160,40,200,37,0.585000,0.585000,0.574784,0.669200,0.854784,0.518534,0.182578
eegnet,cross_session,sub-010,,ses-03,ses-01,1,,160,40,200,98,0.575000,0.575000,0.568254,0.595900,2.177840,0.726614,0.348082
eegnet,cross_session,sub-010,,ses-03,ses-02,1,,160,40,200,98,0.560000,0.560000,0.549872,0.594500,3.294641,0.794067,0.382137
eegnet,cross_session,sub-011,,ses-01,ses-02,1,,160,40,200,4,0.690000,0.690000,0.689969,0.706900,1.025030,0.457231,0.113706
eegnet,cross_session,sub-011,,ses-01,ses-03,1,,160,40,200,4,0.935000,0.935000,0.934959,0.980000,0.178170,0.097959,0.029240
eegnet,cross_session,sub-011,,ses-02,ses-01,1,,160,40,200,20,0.850000,0.850000,0.849624,0.933600,0.356965,0.215925,0.036158
eegnet,cross_session,sub-011,,ses-02,ses-03,1,,160,40,200,20,0.905000,0.905000,0.904941,0.966400,0.238581,0.133712,0.039793
eegnet,cross_session,sub-011,,ses-03,ses-01,1,,160,40,200,6,0.890000,0.890000,0.889956,0.959000,0.280133,0.173767,0.040323
eegnet,cross_session,sub-011,,ses-03,ses-02,1,,160,40,200,6,0.625000,0.625000,0.623409,0.659900,0.927147,0.498804,0.138809
eegnet,cross_session,sub-012,,ses-01,ses-02,1,,160,40,200,4,0.515000,0.515000,0.514891,0.532200,0.706208,0.511288,0.069361
eegnet,cross_session,sub-012,,ses-01,ses-03,1,,160,40,200,4,0.555000,0.555000,0.554989,0.576600,0.694451,0.498881,0.026258
eegnet,cross_session,sub-012,,ses-02,ses-01,1,,160,40,200,5,0.520000,0.520000,0.515152,0.535300,0.737902,0.528849,0.112926
eegnet,cross_session,sub-012,,ses-02,ses-03,1,,160,40,200,5,0.475000,0.475000,0.472030,0.485900,0.744557,0.544087,0.126741
eegnet,cross_session,sub-012,,ses-03,ses-01,1,,160,40,200,1,0.560000,0.560000,0.560000,0.584400,0.684264,0.491081,0.038823
eegnet,cross_session,sub-012,,ses-03,ses-02,1,,160,40,200,1,0.485000,0.485000,0.484987,0.488700,0.707703,0.513973,0.064553
eegnet,cross_session,sub-013,,ses-01,ses-02,1,,160,40,200,44,0.695000,0.695000,0.694809,0.739300,1.307174,0.499265,0.226303
eegnet,cross_session,sub-013,,ses-01,ses-03,1,,160,40,200,44,0.815000,0.815000,0.814773,0.867600,0.817941,0.288322,0.095612
eegnet,cross_session,sub-013,,ses-02,ses-01,1,,160,40,200,72,0.610000,0.610000,0.609649,0.677500,0.846929,0.537397,0.197570
eegnet,cross_session,sub-013,,ses-02,ses-03,1,,160,40,200,72,0.760000,0.760000,0.760000,0.795400,0.673096,0.388844,0.127860
eegnet,cross_session,sub-013,,ses-03,ses-01,1,,160,40,200,41,0.765000,0.765000,0.764947,0.830800,0.695271,0.357887,0.125492
eegnet,cross_session,sub-013,,ses-03,ses-02,1,,160,40,200,41,0.655000,0.655000,0.651858,0.707900,1.705022,0.595620,0.279356
eegnet,cross_session,sub-014,,ses-01,ses-02,1,,160,40,200,2,0.520000,0.520000,0.519952,0.515500,0.708904,0.505477,0.037523
eegnet,cross_session,sub-014,,ses-01,ses-03,1,,160,40,200,2,0.500000,0.500000,0.498193,0.483700,0.703233,0.509613,0.082640
eegnet,cross_session,sub-014,,ses-02,ses-01,1,,160,40,200,1,0.530000,0.530000,0.526973,0.540200,0.689561,0.496431,0.017620
eegnet,cross_session,sub-014,,ses-02,ses-03,1,,160,40,200,1,0.465000,0.465000,0.464880,0.415600,0.708818,0.515540,0.064137
eegnet,cross_session,sub-014,,ses-03,ses-01,1,,160,40,200,1,0.530000,0.530000,0.529577,0.548500,0.686712,0.493788,0.018229
eegnet,cross_session,sub-014,,ses-03,ses-02,1,,160,40,200,1,0.435000,0.435000,0.430888,0.411600,0.710661,0.512240,0.094461
eegnet,cross_session,sub-015,,ses-01,ses-02,1,,160,40,200,16,0.690000,0.690000,0.689721,0.718500,0.900216,0.474848,0.159499
eegnet,cross_session,sub-015,,ses-01,ses-03,1,,160,40,200,16,0.580000,0.580000,0.578483,0.604300,1.156449,0.616301,0.240281
eegnet,cross_session,sub-015,,ses-02,ses-01,1,,160,40,200,43,0.705000,0.705000,0.704993,0.719100,0.945946,0.475563,0.192049
eegnet,cross_session,sub-015,,ses-02,ses-03,1,,160,40,200,43,0.615000,0.615000,0.614759,0.659100,1.290349,0.567378,0.228149
eegnet,cross_session,sub-015,,ses-03,ses-01,1,,160,40,200,6,0.570000,0.570000,0.563718,0.593500,0.684719,0.491401,0.072284
eegnet,cross_session,sub-015,,ses-03,ses-02,1,,160,40,200,6,0.625000,0.625000,0.624540,0.651400,0.685048,0.479808,0.119351
eegnet,cross_session,sub-016,,ses-01,ses-02,1,,160,40,200,7,0.505000,0.505000,0.500492,0.508800,0.746295,0.544919,0.131358
eegnet,cross_session,sub-016,,ses-01,ses-03,1,,160,40,200,7,0.550000,0.550000,0.548374,0.564500,0.704441,0.508689,0.094823
eegnet,cross_session,sub-016,,ses-02,ses-01,1,,160,40,200,1,0.540000,0.540000,0.538338,0.553100,0.689147,0.495991,0.025303
eegnet,cross_session,sub-016,,ses-02,ses-03,1,,160,40,200,1,0.525000,0.525000,0.524417,0.544800,0.690264,0.497121,0.009908
eegnet,cross_session,sub-016,,ses-03,ses-01,1,,160,40,200,1,0.565000,0.565000,0.563154,0.566500,0.685870,0.492719,0.060767
eegnet,cross_session,sub-016,,ses-03,ses-02,1,,160,40,200,1,0.455000,0.455000,0.454877,0.460000,0.700933,0.507726,0.077916
eegnet,cross_session,sub-017,,ses-01,ses-02,1,,160,40,200,21,0.705000,0.705000,0.702853,0.796900,0.551267,0.374184,0.059697
eegnet,cross_session,sub-017,,ses-01,ses-03,1,,160,40,200,21,0.620000,0.620000,0.614448,0.631400,0.979461,0.583002,0.196580
eegnet,cross_session,sub-017,,ses-02,ses-01,1,,160,40,200,9,0.760000,0.760000,0.759976,0.805500,0.706148,0.373156,0.109685
eegnet,cross_session,sub-017,,ses-02,ses-03,1,,160,40,200,9,0.785000,0.785000,0.783435,0.886700,0.511299,0.296585,0.086572
eegnet,cross_session,sub-017,,ses-03,ses-01,1,,160,40,200,35,0.595000,0.595000,0.593282,0.649300,1.657644,0.614933,0.296751
eegnet,cross_session,sub-017,,ses-03,ses-02,1,,160,40,200,35,0.645000,0.645000,0.642992,0.720700,0.789350,0.489367,0.181717
eegnet,cross_session,sub-018,,ses-01,ses-02,1,,160,40,200,44,0.670000,0.670000,0.651568,0.798100,0.587247,0.400647,0.075975
eegnet,cross_session,sub-018,,ses-01,ses-03,1,,160,40,200,44,0.565000,0.565000,0.541804,0.591400,0.755189,0.531841,0.112247
eegnet,cross_session,sub-018,,ses-02,ses-01,1,,160,40,200,17,0.610000,0.610000,0.608591,0.663900,1.356768,0.590687,0.248932
eegnet,cross_session,sub-018,,ses-02,ses-03,1,,160,40,200,17,0.610000,0.610000,0.608591,0.607950,1.548678,0.616648,0.244836
eegnet,cross_session,sub-018,,ses-03,ses-01,1,,160,40,200,21,0.605000,0.605000,0.604753,0.646750,1.302021,0.584216,0.241723
eegnet,cross_session,sub-018,,ses-03,ses-02,1,,160,40,200,21,0.715000,0.715000,0.714650,0.767900,0.671288,0.397526,0.070857
eegnet,cross_session,sub-019,,ses-01,ses-02,1,,160,40,200,7,0.570000,0.570000,0.569311,0.557500,0.724172,0.522312,0.103152
eegnet,cross_session,sub-019,,ses-01,ses-03,1,,160,40,200,7,0.565000,0.565000,0.564989,0.583600,0.695966,0.500242,0.101460
eegnet,cross_session,sub-019,,ses-02,ses-01,1,,160,40,200,18,0.490000,0.490000,0.489541,0.544600,1.249114,0.703674,0.328408
eegnet,cross_session,sub-019,,ses-02,ses-03,1,,160,40,200,18,0.810000,0.810000,0.806734,0.897800,0.472108,0.276078,0.091248
eegnet,cross_session,sub-019,,ses-03,ses-01,1,,160,40,200,2,0.555000,0.555000,0.554454,0.554900,0.696526,0.500840,0.048166
eegnet,cross_session,sub-019,,ses-03,ses-02,1,,160,40,200,2,0.715000,0.715000,0.711823,0.785400,0.588330,0.396810,0.111123
eegnet,cross_session,sub-020,,ses-01,ses-02,1,,160,40,200,57,0.915000,0.915000,0.914998,0.935000,0.413303,0.161411,0.059452
eegnet,cross_session,sub-020,,ses-01,ses-03,1,,160,40,200,57,0.475000,0.475000,0.465254,0.468300,1.411709,0.792238,0.352387
eegnet,cross_session,sub-020,,ses-02,ses-01,1,,160,40,200,33,0.705000,0.705000,0.701711,0.737650,2.076303,0.509451,0.231782
eegnet,cross_session,sub-020,,ses-02,ses-03,1,,160,40,200,33,0.405000,0.405000,0.402475,0.375700,1.424982,0.873190,0.404333
eegnet,cross_session,sub-020,,ses-03,ses-01,1,,160,40,200,13,0.445000,0.445000,0.444653,0.454600,2.385850,0.901563,0.436903
eegnet,cross_session,sub-020,,ses-03,ses-02,1,,160,40,200,13,0.470000,0.470000,0.466586,0.450600,1.389925,0.794303,0.341376
eegnet,cross_session,sub-021,,ses-01,ses-02,1,,160,40,200,14,0.780000,0.780000,0.776218,0.881000,0.468849,0.312086,0.065042
eegnet,cross_session,sub-021,,ses-01,ses-03,1,,160,40,200,14,0.750000,0.750000,0.749775,0.825800,0.733456,0.371760,0.142171
eegnet,cross_session,sub-021,,ses-02,ses-01,1,,160,40,200,36,0.830000,0.830000,0.830000,0.910800,0.429708,0.248482,0.082064
eegnet,cross_session,sub-021,,ses-02,ses-03,1,,160,40,200,36,0.750000,0.750000,0.749373,0.842300,0.882563,0.414368,0.179753
eegnet,cross_session,sub-021,,ses-03,ses-01,1,,160,40,200,7,0.680000,0.680000,0.677939,0.739200,0.604168,0.418356,0.052087
eegnet,cross_session,sub-021,,ses-03,ses-02,1,,160,40,200,7,0.630000,0.630000,0.629963,0.656500,0.719603,0.491207,0.112333
eegnet,cross_session,sub-022,,ses-01,ses-02,1,,160,40,200,14,0.575000,0.575000,0.574734,0.569400,1.171080,0.640066,0.233731
eegnet,cross_session,sub-022,,ses-01,ses-03,1,,160,40,200,14,0.595000,0.595000,0.578991,0.645200,0.730644,0.507071,0.144143
eegnet,cross_session,sub-022,,ses-02,ses-01,1,,160,40,200,50,0.605000,0.605000,0.604753,0.638350,1.778976,0.667922,0.304538
eegnet,cross_session,sub-022,,ses-02,ses-03,1,,160,40,200,50,0.770000,0.770000,0.769908,0.839100,0.805122,0.358026,0.144956
eegnet,cross_session,sub-022,,ses-03,ses-01,1,,160,40,200,14,0.620000,0.620000,0.619391,0.650400,1.167260,0.592624,0.231783
eegnet,cross_session,sub-022,,ses-03,ses-02,1,,160,40,200,14,0.685000,0.685000,0.681488,0.728100,0.959224,0.498472,0.201060
eegnet,cross_session,sub-023,,ses-02,ses-03,1,,160,40,200,25,0.945000,0.945000,0.944933,0.974600,0.231395,0.099634,0.032746
eegnet,cross_session,sub-023,,ses-03,ses-02,1,,160,40,200,9,0.825000,0.825000,0.824961,0.886800,0.482175,0.277185,0.078452
eegnet,cross_session,sub-025,,ses-01,ses-02,1,,160,40,200,50,0.905000,0.905000,0.904979,0.953000,0.381249,0.162907,0.075046
eegnet,cross_session,sub-025,,ses-01,ses-03,1,,160,40,200,50,0.830000,0.830000,0.829163,0.916100,0.669230,0.273342,0.122310
eegnet,cross_session,sub-025,,ses-02,ses-01,1,,160,40,200,29,0.825000,0.825000,0.824961,0.908500,0.403695,0.242563,0.075874
eegnet,cross_session,sub-025,,ses-02,ses-03,1,,160,40,200,29,0.750000,0.750000,0.749097,0.839700,0.652771,0.372857,0.145172
eegnet,cross_session,sub-025,,ses-03,ses-01,1,,160,40,200,38,0.815000,0.815000,0.814439,0.878100,0.533519,0.293237,0.097226
eegnet,cross_session,sub-025,,ses-03,ses-02,1,,160,40,200,38,0.880000,0.880000,0.879808,0.954000,0.343195,0.188207,0.066728
eegnet,cross_session,sub-026,,ses-02,ses-03,1,,160,40,200,19,0.910000,0.910000,0.909774,0.968200,0.252608,0.146985,0.050312
eegnet,cross_session,sub-026,,ses-03,ses-02,1,,160,40,200,6,0.820000,0.820000,0.818530,0.923300,0.445607,0.270260,0.095462
eegnet,cross_session,sub-027,,ses-01,ses-02,1,,160,40,200,31,0.565000,0.565000,0.561038,0.602200,4.102945,0.816993,0.399632
eegnet,cross_session,sub-027,,ses-01,ses-03,1,,160,40,200,31,0.700000,0.700000,0.697550,0.754750,1.369129,0.482471,0.209983
eegnet,cross_session,sub-027,,ses-02,ses-01,1,,160,40,200,11,0.610000,0.610000,0.588217,0.732700,0.759305,0.515781,0.163686
eegnet,cross_session,sub-027,,ses-02,ses-03,1,,160,40,200,11,0.640000,0.640000,0.638699,0.691600,0.655227,0.457085,0.069170
eegnet,cross_session,sub-027,,ses-03,ses-01,1,,160,40,200,33,0.645000,0.645000,0.632420,0.694750,2.016760,0.615445,0.285602
eegnet,cross_session,sub-027,,ses-03,ses-02,1,,160,40,200,33,0.515000,0.515000,0.475321,0.538950,3.579214,0.859806,0.417128
eegnet,cross_session,sub-028,,ses-01,ses-02,1,,160,40,200,57,0.715000,0.715000,0.714822,0.723850,3.136430,0.523256,0.249050
eegnet,cross_session,sub-028,,ses-01,ses-03,1,,160,40,200,57,0.510000,0.510000,0.427302,0.525600,3.916457,0.894708,0.451575
eegnet,cross_session,sub-028,,ses-02,ses-01,1,,160,40,200,32,0.860000,0.860000,0.859098,0.929100,0.393138,0.219288,0.067435
eegnet,cross_session,sub-028,,ses-02,ses-03,1,,160,40,200,32,0.535000,0.535000,0.458909,0.617500,1.271230,0.703244,0.323577
eegnet,cross_session,sub-028,,ses-03,ses-01,1,,160,40,200,1,0.605000,0.605000,0.600597,0.643900,0.667629,0.474710,0.077279
eegnet,cross_session,sub-028,,ses-03,ses-02,1,,160,40,200,1,0.545000,0.545000,0.494879,0.577200,0.688432,0.495312,0.047599
eegnet,cross_session,sub-029,,ses-01,ses-02,1,,160,40,200,47,0.520000,0.520000,0.519568,0.545650,6.475183,0.901353,0.450290
eegnet,cross_session,sub-029,,ses-01,ses-03,1,,160,40,200,47,0.480000,0.480000,0.479532,0.520050,2.652202,0.875906,0.429995
eegnet,cross_session,sub-029,,ses-02,ses-01,1,,160,40,200,31,0.315000,0.315000,0.312922,0.298900,1.542656,0.940767,0.473191
eegnet,cross_session,sub-029,,ses-02,ses-03,1,,160,40,200,31,0.965000,0.965000,0.964978,0.991800,0.124898,0.063389,0.029096
eegnet,cross_session,sub-029,,ses-03,ses-01,1,,160,40,200,31,0.375000,0.375000,0.352851,0.325500,1.483404,0.906214,0.419613
eegnet,cross_session,sub-029,,ses-03,ses-02,1,,160,40,200,31,0.755000,0.755000,0.754945,0.815100,1.774310,0.427613,0.205331
eegnet,cross_session,sub-030,,ses-01,ses-02,1,,160,40,200,68,0.655000,0.655000,0.611388,0.941000,0.676780,0.483645,0.141743
eegnet,cross_session,sub-030,,ses-01,ses-03,1,,160,40,200,68,0.745000,0.745000,0.727265,0.930900,0.676014,0.482880,0.231573
eegnet,cross_session,sub-030,,ses-02,ses-01,1,,160,40,200,4,0.950000,0.950000,0.949995,0.990700,0.153009,0.077528,0.055913
eegnet,cross_session,sub-030,,ses-02,ses-03,1,,160,40,200,4,0.835000,0.835000,0.834499,0.941100,0.355205,0.226781,0.045145
eegnet,cross_session,sub-030,,ses-03,ses-01,1,,160,40,200,5,0.910000,0.910000,0.909919,0.959150,0.448143,0.182181,0.130474
eegnet,cross_session,sub-030,,ses-03,ses-02,1,,160,40,200,5,0.830000,0.830000,0.829728,0.909700,0.410852,0.252521,0.088409
eegnet,cross_session,sub-031,,ses-01,ses-02,1,,160,40,200,4,0.605000,0.605000,0.575166,0.688000,1.056375,0.612206,0.278268
eegnet,cross_session,sub-031,,ses-01,ses-03,1,,160,40,200,4,0.560000,0.560000,0.525402,0.726700,1.237573,0.649506,0.313845
eegnet,cross_session,sub-031,,ses-02,ses-01,1,,160,40,200,5,0.735000,0.735000,0.732587,0.807400,0.553935,0.365737,0.046901
eegnet,cross_session,sub-031,,ses-02,ses-03,1,,160,40,200,5,0.750000,0.750000,0.746938,0.836200,0.767980,0.349688,0.122216
eegnet,cross_session,sub-031,,ses-03,ses-01,1,,160,40,200,40,0.640000,0.640000,0.639423,0.723700,0.819577,0.495487,0.189881
eegnet,cross_session,sub-031,,ses-03,ses-02,1,,160,40,200,40,0.785000,0.785000,0.784952,0.872200,0.518153,0.308900,0.105170
eegnet,cross_session,sub-032,,ses-01,ses-03,1,,160,40,200,1,0.545000,0.545000,0.542426,0.543400,0.690551,0.497406,0.046482
eegnet,cross_session,sub-032,,ses-03,ses-01,1,,160,40,200,23,0.595000,0.595000,0.591312,0.616700,1.177074,0.616571,0.262399
eegnet,cross_session,sub-033,,ses-01,ses-02,1,,160,40,200,7,0.915000,0.915000,0.914896,0.955800,0.316451,0.177847,0.114807
eegnet,cross_session,sub-033,,ses-01,ses-03,1,,160,40,200,7,0.910000,0.910000,0.909774,0.974100,0.263653,0.153689,0.098054
eegnet,cross_session,sub-033,,ses-02,ses-01,1,,160,40,200,100,0.940000,0.940000,0.939994,0.977900,0.228785,0.107380,0.050382
eegnet,cross_session,sub-033,,ses-02,ses-03,1,,160,40,200,100,0.960000,0.960000,0.959964,0.992500,0.116064,0.057731,0.022892
eegnet,cross_session,sub-033,,ses-03,ses-01,1,,160,40,200,25,0.890000,0.890000,0.890000,0.953300,0.289618,0.167016,0.040397
eegnet,cross_session,sub-033,,ses-03,ses-02,1,,160,40,200,25,0.915000,0.915000,0.914998,0.975200,0.205173,0.116533,0.030325
eegnet,cross_session,sub-034,,ses-01,ses-02,1,,160,40,200,2,0.795000,0.795000,0.794130,0.860900,0.648567,0.455766,0.261240
eegnet,cross_session,sub-034,,ses-01,ses-03,1,,160,40,200,2,0.700000,0.700000,0.680000,0.841400,0.643859,0.451378,0.151030
eegnet,cross_session,sub-034,,ses-02,ses-01,1,,160,40,200,14,0.660000,0.660000,0.657810,0.701000,1.089986,0.529883,0.202236
eegnet,cross_session,sub-034,,ses-02,ses-03,1,,160,40,200,14,0.840000,0.840000,0.838693,0.936500,0.388526,0.239974,0.053063
eegnet,cross_session,sub-034,,ses-03,ses-01,1,,160,40,200,8,0.745000,0.745000,0.744687,0.777400,0.748052,0.405589,0.112306
eegnet,cross_session,sub-034,,ses-03,ses-02,1,,160,40,200,8,0.890000,0.890000,0.889956,0.939300,0.314133,0.171377,0.056119
eegnet,cross_session,sub-035,,ses-01,ses-02,1,,160,40,200,100,0.955000,0.955000,0.954990,0.995300,0.098199,0.062592,0.029362
eegnet,cross_session,sub-035,,ses-01,ses-03,1,,160,40,200,100,0.930000,0.930000,0.929972,0.976600,0.325836,0.116555,0.049242
eegnet,cross_session,sub-035,,ses-02,ses-01,1,,160,40,200,31,0.975000,0.975000,0.974994,0.997200,0.096233,0.053406,0.026734
eegnet,cross_session,sub-035,,ses-02,ses-03,1,,160,40,200,31,0.960000,0.960000,0.959996,0.978500,0.263121,0.070008,0.028381
eegnet,cross_session,sub-035,,ses-03,ses-01,1,,160,40,200,26,0.975000,0.975000,0.974994,0.998200,0.131640,0.057542,0.079042
eegnet,cross_session,sub-035,,ses-03,ses-02,1,,160,40,200,26,0.970000,0.970000,0.969973,0.996000,0.152671,0.075787,0.087990
eegnet,cross_session,sub-036,,ses-01,ses-02,1,,160,40,200,6,0.930000,0.930000,0.929993,0.985500,0.231656,0.120182,0.115257
eegnet,cross_session,sub-036,,ses-01,ses-03,1,,160,40,200,6,0.985000,0.985000,0.985000,0.998800,0.169708,0.070356,0.128469
eegnet,cross_session,sub-036,,ses-02,ses-01,1,,160,40,200,34,0.860000,0.860000,0.859986,0.909900,0.771703,0.229785,0.103220
eegnet,cross_session,sub-036,,ses-02,ses-03,1,,160,40,200,34,0.990000,0.990000,0.989999,0.995400,0.054089,0.015334,0.008291
eegnet,cross_session,sub-036,,ses-03,ses-01,1,,160,40,200,6,0.840000,0.840000,0.840000,0.896700,0.551149,0.232551,0.101136
eegnet,cross_session,sub-036,,ses-03,ses-02,1,,160,40,200,6,0.925000,0.925000,0.924998,0.982500,0.178269,0.108193,0.033188
eegnet,cross_session,sub-037,,ses-01,ses-02,1,,160,40,200,100,0.910000,0.910000,0.910000,0.962800,0.460403,0.280801,0.257450
eegnet,cross_session,sub-037,,ses-01,ses-03,1,,160,40,200,100,0.895000,0.895000,0.894997,0.948500,0.468487,0.289181,0.241089
eegnet,cross_session,sub-037,,ses-02,ses-01,1,,160,40,200,30,0.845000,0.845000,0.844685,0.900200,0.632355,0.256939,0.099219
eegnet,cross_session,sub-037,,ses-02,ses-03,1,,160,40,200,30,0.890000,0.890000,0.889989,0.945900,0.492217,0.176125,0.070476
eegnet,cross_session,sub-037,,ses-03,ses-01,1,,160,40,200,14,0.865000,0.865000,0.864916,0.921600,0.378580,0.213935,0.068271
eegnet,cross_session,sub-037,,ses-03,ses-02,1,,160,40,200,14,0.935000,0.935000,0.934920,0.975300,0.198201,0.115088,0.036108
eegnet,cross_session,sub-038,,ses-01,ses-02,1,,160,40,200,1,0.660000,0.660000,0.659864,0.685400,0.688401,0.495267,0.154481
eegnet,cross_session,sub-038,,ses-01,ses-03,1,,160,40,200,1,0.400000,0.400000,0.399460,0.365000,0.695827,0.502679,0.104323
eegnet,cross_session,sub-038,,ses-02,ses-01,1,,160,40,200,21,0.500000,0.500000,0.499800,0.483300,2.128461,0.720343,0.277009
eegnet,cross_session,sub-038,,ses-02,ses-03,1,,160,40,200,21,0.450000,0.450000,0.449780,0.397400,1.037121,0.736036,0.295321
eegnet,cross_session,sub-038,,ses-03,ses-01,1,,160,40,200,32,0.495000,0.495000,0.492143,0.482050,3.330263,0.864558,0.412834
eegnet,cross_session,sub-038,,ses-03,ses-02,1,,160,40,200,32,0.420000,0.420000,0.420000,0.450300,2.047500,0.899039,0.465254
eegnet,cross_session,sub-039,,ses-01,ses-02,1,,160,40,200,6,0.410000,0.410000,0.406200,0.386600,1.008009,0.724426,0.312173
eegnet,cross_session,sub-039,,ses-01,ses-03,1,,160,40,200,6,0.420000,0.420000,0.412896,0.405300,1.072550,0.743392,0.356564
eegnet,cross_session,sub-039,,ses-02,ses-01,1,,160,40,200,8,0.405000,0.405000,0.383914,0.395000,1.097201,0.765068,0.343266
eegnet,cross_session,sub-039,,ses-02,ses-03,1,,160,40,200,8,0.620000,0.620000,0.610016,0.676600,0.729929,0.504160,0.160433
eegnet,cross_session,sub-039,,ses-03,ses-01,1,,160,40,200,22,0.430000,0.430000,0.429487,0.439300,1.278994,0.786032,0.362701
eegnet,cross_session,sub-039,,ses-03,ses-02,1,,160,40,200,22,0.565000,0.565000,0.555658,0.600500,0.926254,0.609111,0.243222
eegnet,cross_session,sub-040,,ses-01,ses-02,1,,160,40,200,16,0.585000,0.585000,0.576087,0.605700,1.269575,0.669871,0.287206
eegnet,cross_session,sub-040,,ses-01,ses-03,1,,160,40,200,16,0.745000,0.745000,0.743918,0.821200,0.640406,0.373546,0.158511
eegnet,cross_session,sub-040,,ses-02,ses-01,1,,160,40,200,4,0.675000,0.675000,0.674992,0.714200,0.623639,0.432855,0.054218
eegnet,cross_session,sub-040,,ses-02,ses-03,1,,160,40,200,4,0.685000,0.685000,0.684614,0.783000,0.560263,0.380731,0.039491
eegnet,cross_session,sub-040,,ses-03,ses-01,1,,160,40,200,32,0.770000,0.770000,0.769977,0.866500,0.529912,0.325582,0.114410
eegnet,cross_session,sub-040,,ses-03,ses-02,1,,160,40,200,32,0.645000,0.645000,0.640242,0.708800,0.807345,0.509465,0.178648
eegnet,cross_session,sub-041,,ses-01,ses-02,1,,160,40,200,20,0.835000,0.835000,0.834963,0.934400,0.363124,0.225155,0.078201
eegnet,cross_session,sub-041,,ses-01,ses-03,1,,160,40,200,20,0.850000,0.850000,0.849985,0.936900,0.399758,0.230135,0.087399
eegnet,cross_session,sub-041,,ses-02,ses-01,1,,160,40,200,10,0.880000,0.880000,0.879988,0.950400,0.290483,0.173091,0.062545
eegnet,cross_session,sub-041,,ses-02,ses-03,1,,160,40,200,10,0.915000,0.915000,0.914947,0.967500,0.237337,0.134503,0.059326
eegnet,cross_session,sub-041,,ses-03,ses-01,1,,160,40,200,6,0.855000,0.855000,0.854909,0.912800,0.403799,0.227521,0.043116
eegnet,cross_session,sub-041,,ses-03,ses-02,1,,160,40,200,6,0.830000,0.830000,0.829932,0.913400,0.372696,0.235140,0.043090
eegnet,cross_session,sub-042,,ses-01,ses-02,1,,160,40,200,42,0.745000,0.745000,0.744841,0.846800,0.576297,0.354269,0.125687
eegnet,cross_session,sub-042,,ses-01,ses-03,1,,160,40,200,42,0.640000,0.640000,0.639098,0.695350,2.009826,0.587045,0.279116
eegnet,cross_session,sub-042,,ses-02,ses-01,1,,160,40,200,12,0.640000,0.640000,0.640000,0.671800,0.737259,0.490436,0.137039
eegnet,cross_session,sub-042,,ses-02,ses-03,1,,160,40,200,12,0.630000,0.630000,0.629852,0.654900,0.977829,0.550749,0.185241
eegnet,cross_session,sub-042,,ses-03,ses-01,1,,160,40,200,8,0.680000,0.680000,0.679198,0.690000,0.677641,0.463702,0.122598
eegnet,cross_session,sub-042,,ses-03,ses-02,1,,160,40,200,8,0.550000,0.550000,0.548872,0.592100,0.742390,0.526996,0.142627
eegnet,cross_session,sub-043,,ses-01,ses-02,1,,160,40,200,75,0.975000,0.975000,0.974994,0.992300,0.110249,0.052097,0.023269
eegnet,cross_session,sub-043,,ses-01,ses-03,1,,160,40,200,75,0.960000,0.960000,0.959996,0.987500,0.136425,0.050518,0.022490
eegnet,cross_session,sub-043,,ses-02,ses-01,1,,160,40,200,58,0.970000,0.970000,0.969997,0.995300,0.086177,0.046309,0.022669
eegnet,cross_session,sub-043,,ses-02,ses-03,1,,160,40,200,58,0.925000,0.925000,0.924983,0.982850,0.190622,0.090168,0.051160
eegnet,cross_session,sub-043,,ses-03,ses-01,1,,160,40,200,95,0.995000,0.995000,0.995000,0.999900,0.019738,0.011014,0.014986
eegnet,cross_session,sub-043,,ses-03,ses-02,1,,160,40,200,95,0.980000,0.980000,0.980000,0.998400,0.055186,0.031850,0.015279
eegnet,cross_session,sub-044,,ses-01,ses-02,1,,160,40,200,3,0.505000,0.505000,0.504690,0.550700,0.706437,0.511355,0.110270
eegnet,cross_session,sub-044,,ses-01,ses-03,1,,160,40,200,3,0.465000,0.465000,0.464880,0.479400,0.720231,0.525500,0.113171
eegnet,cross_session,sub-044,,ses-02,ses-01,1,,160,40,200,9,0.635000,0.635000,0.634259,0.656600,0.762834,0.507852,0.131254
eegnet,cross_session,sub-044,,ses-02,ses-03,1,,160,40,200,9,0.630000,0.630000,0.618989,0.720100,0.653232,0.449765,0.090150
eegnet,cross_session,sub-044,,ses-03,ses-01,1,,160,40,200,14,0.625000,0.625000,0.624540,0.702000,0.763445,0.480281,0.155893
eegnet,cross_session,sub-044,,ses-03,ses-02,1,,160,40,200,14,0.740000,0.740000,0.739348,0.812600,0.630875,0.378670,0.110745
eegnet,cross_session,sub-045,,ses-01,ses-02,1,,160,40,200,6,0.750000,0.750000,0.749599,0.808200,0.573603,0.365146,0.058025
eegnet,cross_session,sub-045,,ses-01,ses-03,1,,160,40,200,6,0.800000,0.800000,0.799679,0.886400,0.439124,0.280014,0.044423
eegnet,cross_session,sub-045,,ses-02,ses-01,1,,160,40,200,9,0.820000,0.820000,0.819982,0.878700,0.446785,0.283788,0.084821
eegnet,cross_session,sub-045,,ses-02,ses-03,1,,160,40,200,9,0.900000,0.900000,0.899960,0.949000,0.356765,0.209950,0.138837
eegnet,cross_session,sub-045,,ses-03,ses-01,1,,160,40,200,35,0.825000,0.825000,0.824645,0.899400,0.546023,0.266117,0.108911
eegnet,cross_session,sub-045,,ses-03,ses-02,1,,160,40,200,35,0.785000,0.785000,0.784995,0.863150,0.742963,0.332507,0.140805
eegnet,cross_session,sub-046,,ses-01,ses-02,1,,160,40,200,98,0.990000,0.990000,0.990000,0.999700,0.022987,0.014061,0.013611
eegnet,cross_session,sub-046,,ses-01,ses-03,1,,160,40,200,98,0.965000,0.965000,0.964992,0.982600,0.187154,0.058412,0.033091
eegnet,cross_session,sub-046,,ses-02,ses-01,1,,160,40,200,100,0.995000,0.995000,0.995000,0.999900,0.023597,0.012520,0.015374
eegnet,cross_session,sub-046,,ses-02,ses-03,1,,160,40,200,100,0.960000,0.960000,0.959984,0.977500,0.212933,0.071441,0.037659
eegnet,cross_session,sub-046,,ses-03,ses-01,1,,160,40,200,22,0.990000,0.990000,0.990000,0.999900,0.042651,0.016543,0.028957
eegnet,cross_session,sub-046,,ses-03,ses-02,1,,160,40,200,22,0.975000,0.975000,0.974999,0.999100,0.060191,0.030089,0.032175
eegnet,cross_session,sub-047,,ses-01,ses-02,1,,160,40,200,18,0.865000,0.865000,0.864916,0.926500,0.380880,0.216522,0.056818
eegnet,cross_session,sub-047,,ses-01,ses-03,1,,160,40,200,18,0.835000,0.835000,0.834665,0.915500,0.409018,0.239174,0.071317
eegnet,cross_session,sub-047,,ses-02,ses-01,1,,160,40,200,51,0.900000,0.900000,0.899960,0.966300,0.270320,0.149783,0.048798
eegnet,cross_session,sub-047,,ses-02,ses-03,1,,160,40,200,51,0.900000,0.900000,0.899639,0.970300,0.260829,0.145699,0.037632
eegnet,cross_session,sub-047,,ses-03,ses-01,1,,160,40,200,40,0.885000,0.885000,0.884997,0.944700,0.358356,0.183547,0.069036
eegnet,cross_session,sub-047,,ses-03,ses-02,1,,160,40,200,40,0.880000,0.880000,0.879988,0.955700,0.288666,0.170880,0.073000
eegnet,cross_session,sub-048,,ses-01,ses-02,1,,160,40,200,4,0.790000,0.790000,0.789916,0.865300,0.486935,0.309727,0.089407
eegnet,cross_session,sub-048,,ses-01,ses-03,1,,160,40,200,4,0.745000,0.745000,0.737863,0.866200,0.508185,0.343957,0.053945
eegnet,cross_session,sub-048,,ses-02,ses-01,1,,160,40,200,3,0.760000,0.760000,0.759904,0.856300,0.502100,0.314129,0.064512
eegnet,cross_session,sub-048,,ses-02,ses-03,1,,160,40,200,3,0.730000,0.730000,0.717544,0.905300,0.502156,0.334246,0.124437
eegnet,cross_session,sub-048,,ses-03,ses-01,1,,160,40,200,28,0.800000,0.800000,0.796002,0.870100,0.718598,0.337032,0.124848
eegnet,cross_session,sub-048,,ses-03,ses-02,1,,160,40,200,28,0.795000,0.795000,0.790597,0.911700,0.579055,0.314029,0.119449
eegnet,cross_session,sub-049,,ses-01,ses-02,1,,160,40,200,12,0.640000,0.640000,0.631714,0.711900,1.366075,0.548605,0.229117
eegnet,cross_session,sub-049,,ses-01,ses-03,1,,160,40,200,12,0.735000,0.735000,0.724525,0.868300,0.574274,0.352794,0.067124
eegnet,cross_session,sub-049,,ses-02,ses-01,1,,160,40,200,39,0.845000,0.845000,0.844996,0.914400,0.400135,0.240155,0.080748
eegnet,cross_session,sub-049,,ses-02,ses-03,1,,160,40,200,39,0.870000,0.870000,0.869163,0.948600,0.361186,0.196080,0.069128
eegnet,cross_session,sub-049,,ses-03,ses-01,1,,160,40,200,31,0.670000,0.670000,0.665958,0.734700,1.110669,0.562397,0.254169
eegnet,cross_session,sub-049,,ses-03,ses-02,1,,160,40,200,31,0.750000,0.750000,0.746347,0.789450,2.029592,0.428182,0.184901
eegnet,cross_session,sub-050,,ses-01,ses-02,1,,160,40,200,44,0.920000,0.920000,0.919968,0.975800,0.215146,0.115534,0.034997
eegnet,cross_session,sub-050,,ses-01,ses-03,1,,160,40,200,44,0.970000,0.970000,0.969997,0.994400,0.098257,0.055869,0.035222
eegnet,cross_session,sub-050,,ses-02,ses-01,1,,160,40,200,36,0.855000,0.855000,0.854180,0.891850,0.731617,0.248019,0.100653
eegnet,cross_session,sub-050,,ses-02,ses-03,1,,160,40,200,36,0.965000,0.965000,0.964957,0.995500,0.111666,0.060947,0.024268
eegnet,cross_session,sub-050,,ses-03,ses-01,1,,160,40,200,23,0.830000,0.830000,0.829847,0.842350,1.522736,0.301710,0.119640
eegnet,cross_session,sub-050,,ses-03,ses-02,1,,160,40,200,23,0.900000,0.900000,0.899840,0.974900,0.220990,0.134046,0.059477
eegnet,cross_session,sub-051,,ses-01,ses-02,1,,160,40,200,20,0.660000,0.660000,0.655032,0.745700,0.600183,0.416913,0.063205
eegnet,cross_session,sub-051,,ses-01,ses-03,1,,160,40,200,20,0.855000,0.855000,0.854385,0.931700,0.367865,0.221316,0.097248
eegnet,cross_session,sub-051,,ses-02,ses-01,1,,160,40,200,16,0.785000,0.785000,0.783042,0.843900,0.791249,0.312996,0.097438
eegnet,cross_session,sub-051,,ses-02,ses-03,1,,160,40,200,16,0.865000,0.865000,0.864427,0.930300,0.345113,0.208514,0.061718
eegnet,cross_session,sub-051,,ses-03,ses-01,1,,160,40,200,13,0.805000,0.805000,0.804604,0.838450,1.051206,0.326138,0.114095
eegnet,cross_session,sub-051,,ses-03,ses-02,1,,160,40,200,13,0.765000,0.765000,0.762860,0.863900,0.486063,0.318047,0.055832
eegnet,cross_session,sub-001,,ses-01,ses-02,2,,160,40,200,6,0.675000,0.675000,0.673621,0.741200,0.648512,0.420515,0.068229
eegnet,cross_session,sub-001,,ses-01,ses-03,2,,160,40,200,6,0.705000,0.705000,0.704638,0.743200,0.628374,0.425109,0.083694
eegnet,cross_session,sub-001,,ses-02,ses-01,2,,160,40,200,16,0.705000,0.705000,0.701046,0.783200,0.704158,0.419376,0.141364
eegnet,cross_session,sub-001,,ses-02,ses-03,2,,160,40,200,16,0.915000,0.915000,0.914896,0.964700,0.303905,0.135413,0.036112
eegnet,cross_session,sub-001,,ses-03,ses-01,2,,160,40,200,47,0.710000,0.710000,0.709971,0.767900,1.038915,0.484755,0.218841
eegnet,cross_session,sub-001,,ses-03,ses-02,2,,160,40,200,47,0.925000,0.925000,0.924953,0.954500,0.429653,0.131164,0.064387
eegnet,cross_session,sub-002,,ses-01,ses-02,2,,160,40,200,23,0.590000,0.590000,0.584010,0.650100,0.790741,0.544817,0.192444
eegnet,cross_session,sub-002,,ses-01,ses-03,2,,160,40,200,23,0.660000,0.660000,0.656566,0.737100,0.717322,0.444247,0.122273
eegnet,cross_session,sub-002,,ses-02,ses-01,2,,160,40,200,4,0.620000,0.620000,0.616162,0.649900,0.682844,0.471886,0.109593
eegnet,cross_session,sub-002,,ses-02,ses-03,2,,160,40,200,4,0.665000,0.665000,0.664992,0.742600,0.610615,0.421958,0.068998
eegnet,cross_session,sub-002,,ses-03,ses-01,2,,160,40,200,15,0.595000,0.595000,0.592709,0.666700,0.900590,0.539430,0.205224
eegnet,cross_session,sub-002,,ses-03,ses-02,2,,160,40,200,15,0.675000,0.675000,0.674601,0.698300,0.847716,0.484536,0.140606
eegnet,cross_session,sub-003,,ses-01,ses-02,2,,160,40,200,25,0.890000,0.890000,0.889824,0.957600,0.298496,0.181946,0.071617
eegnet,cross_session,sub-003,,ses-01,ses-03,2,,160,40,200,25,0.850000,0.850000,0.850000,0.905300,0.457713,0.236234,0.079356
eegnet,cross_session,sub-003,,ses-02,ses-01,2,,160,40,200,92,0.820000,0.820000,0.819928,0.896200,0.703954,0.301593,0.137994
eegnet,cross_session,sub-003,,ses-02,ses-03,2,,160,40,200,92,0.825000,0.825000,0.824469,0.868500,1.272718,0.316532,0.144429
eegnet,cross_session,sub-003,,ses-03,ses-01,2,,160,40,200,84,0.515000,0.515000,0.365827,0.625400,0.696028,0.502601,0.082282
eegnet,cross_session,sub-003,,ses-03,ses-02,2,,160,40,200,84,0.495000,0.495000,0.339675,0.669600,0.695676,0.502857,0.169950
eegnet,cross_session,sub-004,,ses-01,ses-02,2,,160,40,200,1,0.505000,0.505000,0.503996,0.512200,0.699976,0.506342,0.063894
eegnet,cross_session,sub-004,,ses-01,ses-03,2,,160,40,200,1,0.530000,0.530000,0.529577,0.539300,0.692821,0.499535,0.020511
eegnet,cross_session,sub-004,,ses-02,ses-01,2,,160,40,200,1,0.475000,0.475000,0.471179,0.491400,0.695260,0.502151,0.054891
eegnet,cross_session,sub-004,,ses-02,ses-03,2,,160,40,200,1,0.475000,0.475000,0.472030,0.490200,0.697576,0.504343,0.057823
eegnet,cross_session,sub-004,,ses-03,ses-01,2,,160,40,200,12,0.535000,0.535000,0.530765,0.558200,0.765135,0.548707,0.146042
eegnet,cross_session,sub-004,,ses-03,ses-02,2,,160,40,200,12,0.480000,0.480000,0.478697,0.449500,1.027821,0.682690,0.254465
eegnet,cross_session,sub-005,,ses-01,ses-02,2,,160,40,200,47,0.925000,0.925000,0.924983,0.962900,0.272972,0.124454,0.052520
eegnet,cross_session,sub-005,,ses-01,ses-03,2,,160,40,200,47,0.690000,0.690000,0.689223,0.753500,0.813599,0.472758,0.185317
eegnet,cross_session,sub-005,,ses-02,ses-01,2,,160,40,200,41,0.845000,0.845000,0.844965,0.905700,0.496071,0.258469,0.125306
eegnet,cross_session,sub-005,,ses-02,ses-03,2,,160,40,200,41,0.700000,0.700000,0.699248,0.774600,0.790260,0.455797,0.177551
eegnet,cross_session,sub-005,,ses-03,ses-01,2,,160,40,200,5,0.590000,0.590000,0.588972,0.638300,0.721399,0.490132,0.067458
eegnet,cross_session,sub-005,,ses-03,ses-02,2,,160,40,200,5,0.570000,0.570000,0.562608,0.625700,0.692172,0.493898,0.081726
eegnet,cross_session,sub-006,,ses-01,ses-02,2,,160,40,200,14,0.950000,0.950000,0.949980,0.978000,0.188248,0.100320,0.057947
eegnet,cross_session,sub-006,,ses-01,ses-03,2,,160,40,200,14,0.965000,0.965000,0.964999,0.990600,0.128725,0.062297,0.055828
eegnet,cross_session,sub-006,,ses-02,ses-01,2,,160,40,200,93,0.720000,0.720000,0.717713,0.763300,1.688535,0.505042,0.245656
eegnet,cross_session,sub-006,,ses-02,ses-03,2,,160,40,200,93,0.750000,0.750000,0.739583,0.896900,1.936223,0.469183,0.230616
eegnet,cross_session,sub-006,,ses-03,ses-01,2,,160,40,200,56,0.560000,0.560000,0.502488,0.635400,3.102064,0.793811,0.390182
eegnet,cross_session,sub-006,,ses-03,ses-02,2,,160,40,200,56,0.860000,0.860000,0.858857,0.962300,0.375895,0.213742,0.069264
eegnet,cross_session,sub-007,,ses-01,ses-02,2,,160,40,200,32,0.750000,0.750000,0.749599,0.804000,0.622327,0.369861,0.101713
eegnet,cross_session,sub-007,,ses-01,ses-03,2,,160,40,200,32,0.860000,0.860000,0.859874,0.916900,0.433327,0.214523,0.068988
eegnet,cross_session,sub-007,,ses-02,ses-01,2,,160,40,200,6,0.650000,0.650000,0.645713,0.703100,0.781119,0.499137,0.190001
eegnet,cross_session,sub-007,,ses-02,ses-03,2,,160,40,200,6,0.870000,0.870000,0.869674,0.897800,0.513640,0.235410,0.062802
eegnet,cross_session,sub-007,,ses-03,ses-01,2,,160,40,200,38,0.655000,0.655000,0.654991,0.702100,1.304347,0.548068,0.242242
eegnet,cross_session,sub-007,,ses-03,ses-02,2,,160,40,200,38,0.740000,0.740000,0.739896,0.808700,0.736750,0.415517,0.164703
eegnet,cross_session,sub-008,,ses-01,ses-02,2,,160,40,200,10,0.645000,0.645000,0.644565,0.658500,0.721868,0.493898,0.129771
eegnet,cross_session,sub-008,,ses-01,ses-03,2,,160,40,200,10,0.435000,0.435000,0.434307,0.423900,1.067463,0.712941,0.296137
eegnet,cross_session,sub-008,,ses-02,ses-01,2,,160,40,200,31,0.635000,0.635000,0.634918,0.681300,1.095018,0.551129,0.242403
eegnet,cross_session,sub-008,,ses-02,ses-03,2,,160,40,200,31,0.860000,0.860000,0.859944,0.913700,0.551969,0.232177,0.095806
eegnet,cross_session,sub-008,,ses-03,ses-01,2,,160,40,200,3,0.570000,0.570000,0.550162,0.591600,0.683666,0.489948,0.037203
eegnet,cross_session,sub-008,,ses-03,ses-02,2,,160,40,200,3,0.580000,0.580000,0.554329,0.645300,0.670552,0.478249,0.023924
eegnet,cross_session,sub-009,,ses-01,ses-02,2,,160,40,200,34,0.760000,0.760000,0.759784,0.841100,0.810462,0.374768,0.156942
eegnet,cross_session,sub-009,,ses-01,ses-03,2,,160,40,200,34,0.625000,0.625000,0.624239,0.675700,1.359929,0.541695,0.200220
eegnet,cross_session,sub-009,,ses-02,ses-01,2,,160,40,200,2,0.685000,0.685000,0.680778,0.718150,0.638324,0.446230,0.108454
eegnet,cross_session,sub-009,,ses-02,ses-03,2,,160,40,200,2,0.615000,0.615000,0.614913,0.628200,0.702015,0.493904,0.086371
eegnet,cross_session,sub-009,,ses-03,ses-01,2,,160,40,200,8,0.580000,0.580000,0.572780,0.644900,0.715701,0.502324,0.125923
eegnet,cross_session,sub-009,,ses-03,ses-02,2,,160,40,200,8,0.635000,0.635000,0.632344,0.697300,0.639451,0.452076,0.087223
eegnet,cross_session,sub-010,,ses-01,ses-02,2,,160,40,200,8,0.800000,0.800000,0.799679,0.871400,0.455245,0.292246,0.078903
eegnet,cross_session,sub-010,,ses-01,ses-03,2,,160,40,200,8,0.520000,0.520000,0.493190,0.574100,0.789393,0.543132,0.142200
eegnet,cross_session,sub-010,,ses-02,ses-01,2,,160,40,200,7,0.765000,0.765000,0.764853,0.822800,0.645705,0.342931,0.084851
eegnet,cross_session,sub-010,,ses-02,ses-03,2,,160,40,200,7,0.495000,0.495000,0.465481,0.527700,0.839061,0.595888,0.204367
eegnet,cross_session,sub-010,,ses-03,ses-01,2,,160,40,200,21,0.580000,0.580000,0.575758,0.617200,1.325612,0.634658,0.281654
eegnet,cross_session,sub-010,,ses-03,ses-02,2,,160,40,200,21,0.640000,0.640000,0.639856,0.634050,2.030420,0.648784,0.303088
eegnet,cross_session,sub-011,,ses-01,ses-02,2,,160,40,200,3,0.735000,0.735000,0.733501,0.768400,0.711300,0.413526,0.156986
eegnet,cross_session,sub-011,,ses-01,ses-03,2,,160,40,200,3,0.950000,0.950000,0.949955,0.983800,0.178931,0.094790,0.041217
eegnet,cross_session,sub-011,,ses-02,ses-01,2,,160,40,200,7,0.880000,0.880000,0.879892,0.950700,0.347985,0.175457,0.048442
eegnet,cross_session,sub-011,,ses-02,ses-03,2,,160,40,200,7,0.965000,0.965000,0.964999,0.995500,0.124456,0.064120,0.048265
eegnet,cross_session,sub-011,,ses-03,ses-01,2,,160,40,200,97,0.905000,0.905000,0.904998,0.966500,0.306596,0.129322,0.053177
eegnet,cross_session,sub-011,,ses-03,ses-02,2,,160,40,200,97,0.695000,0.695000,0.688450,0.784600,1.135195,0.468253,0.194660
eegnet,cross_session,sub-012,,ses-01,ses-02,2,,160,40,200,7,0.555000,0.555000,0.554722,0.550600,0.713234,0.517600,0.088200
eegnet,cross_session,sub-012,,ses-01,ses-03,2,,160,40,200,7,0.550000,0.550000,0.546325,0.593700,0.687351,0.493166,0.084536
eegnet,cross_session,sub-012,,ses-02,ses-01,2,,160,40,200,2,0.500000,0.500000,0.499950,0.462200,0.727227,0.528024,0.100702
eegnet,cross_session,sub-012,,ses-02,ses-03,2,,160,40,200,2,0.480000,0.480000,0.479948,0.543900,0.692403,0.498511,0.081790
eegnet,cross_session,sub-012,,ses-03,ses-01,2,,160,40,200,21,0.565000,0.565000,0.564902,0.580000,1.376222,0.684138,0.304724
eegnet,cross_session,sub-012,,ses-03,ses-02,2,,160,40,200,21,0.525000,0.525000,0.524417,0.522700,1.310427,0.739396,0.320956
eegnet,cross_session,sub-013,,ses-01,ses-02,2,,160,40,200,2,0.715000,0.715000,0.705996,0.789400,0.817949,0.433123,0.140853
eegnet,cross_session,sub-013,,ses-01,ses-03,2,,160,40,200,2,0.715000,0.715000,0.714135,0.776400,0.626478,0.435295,0.148698
eegnet,cross_session,sub-013,,ses-02,ses-01,2,,160,40,200,24,0.585000,0.585000,0.573385,0.619500,0.761666,0.527540,0.142504
eegnet,cross_session,sub-013,,ses-02,ses-03,2,,160,40,200,24,0.745000,0.745000,0.740952,0.783500,0.592291,0.391839,0.125761
eegnet,cross_session,sub-013,,ses-03,ses-01,2,,160,40,200,14,0.770000,0.770000,0.769631,0.878800,0.462077,0.290837,0.057869
eegnet,cross_session,sub-013,,ses-03,ses-02,2,,160,40,200,14,0.770000,0.770000,0.768519,0.827100,0.770712,0.371378,0.145085
eegnet,cross_session,sub-014,,ses-01,ses-02,2,,160,40,200,2,0.490000,0.490000,0.488157,0.496000,0.700140,0.507059,0.057226
eegnet,cross_session,sub-014,,ses-01,ses-03,2,,160,40,200,2,0.480000,0.480000,0.479532,0.512600,0.696232,0.502004,0.101054
eegnet,cross_session,sub-014,,ses-02,ses-01,2,,160,40,200,3,0.555000,0.555000,0.549036,0.597900,0.703439,0.501448,0.101337
eegnet,cross_session,sub-014,,ses-02,ses-03,2,,160,40,200,3,0.515000,0.515000,0.501426,0.528300,0.711753,0.515777,0.068123
eegnet,cross_session,sub-014,,ses-03,ses-01,2,,160,40,200,1,0.580000,0.580000,0.568966,0.593100,0.688675,0.493235,0.034740
eegnet,cross_session,sub-014,,ses-03,ses-02,2,,160,40,200,1,0.495000,0.495000,0.480867,0.505900,0.697065,0.503713,0.053323
eegnet,cross_session,sub-015,,ses-01,ses-02,2,,160,40,200,6,0.460000,0.460000,0.459946,0.420600,1.169974,0.763978,0.349474
eegnet,cross_session,sub-015,,ses-01,ses-03,2,,160,40,200,6,0.535000,0.535000,0.516619,0.515900,1.123250,0.606340,0.173592
eegnet,cross_session,sub-015,,ses-02,ses-01,2,,160,40,200,12,0.590000,0.590000,0.588519,0.617300,0.723867,0.509866,0.109895
eegnet,cross_session,sub-015,,ses-02,ses-03,2,,160,40,200,12,0.550000,0.550000,0.548872,0.598750,0.933681,0.525974,0.133663
eegnet,cross_session,sub-015,,ses-03,ses-01,2,,160,40,200,60,0.575000,0.575000,0.537428,0.662300,0.693498,0.488822,0.081540
eegnet,cross_session,sub-015,,ses-03,ses-02,2,,160,40,200,60,0.600000,0.600000,0.579655,0.633200,0.717463,0.506055,0.099424
eegnet,cross_session,sub-016,,ses-01,ses-02,2,,160,40,200,5,0.490000,0.490000,0.456000,0.454200,0.735611,0.539605,0.107573
eegnet,cross_session,sub-016,,ses-01,ses-03,2,,160,40,200,5,0.480000,0.480000,0.442299,0.539500,0.725689,0.527576,0.142499
eegnet,cross_session,sub-016,,ses-02,ses-01,2,,160,40,200,1,0.440000,0.440000,0.430373,0.424500,0.728585,0.532777,0.114687
eegnet,cross_session,sub-016,,ses-02,ses-03,2,,160,40,200,1,0.530000,0.530000,0.528822,0.543400,0.693001,0.499718,0.018963
eegnet,cross_session,sub-016,,ses-03,ses-01,2,,160,40,200,6,0.455000,0.455000,0.454877,0.499400,0.900867,0.630045,0.264913
eegnet,cross_session,sub-016,,ses-03,ses-02,2,,160,40,200,6,0.540000,0.540000,0.534366,0.545300,0.784933,0.556520,0.150402
eegnet,cross_session,sub-017,,ses-01,ses-02,2,,160,40,200,29,0.665000,0.665000,0.664589,0.741800,0.602465,0.413597,0.072030
eegnet,cross_session,sub-017,,ses-01,ses-03,2,,160,40,200,29,0.605000,0.605000,0.601403,0.642000,0.845120,0.557202,0.178041
eegnet,cross_session,sub-017,,ses-02,ses-01,2,,160,40,200,11,0.720000,0.720000,0.718621,0.752650,1.081427,0.452187,0.158795
eegnet,cross_session,sub-017,,ses-02,ses-03,2,,160,40,200,11,0.715000,0.715000,0.704900,0.858400,0.917485,0.440897,0.193448
eegnet,cross_session,sub-017,,ses-03,ses-01,2,,160,40,200,15,0.690000,0.690000,0.689876,0.722600,0.918066,0.480173,0.160767
eegnet,cross_session,sub-017,,ses-03,ses-02,2,,160,40,200,15,0.720000,0.720000,0.717713,0.777400,0.601728,0.402336,0.085918
eegnet,cross_session,sub-018,,ses-01,ses-02,2,,160,40,200,11,0.635000,0.635000,0.632935,0.695200,0.648179,0.456836,0.069490
eegnet,cross_session,sub-018,,ses-01,ses-03,2,,160,40,200,11,0.540000,0.540000,0.539954,0.522000,0.740997,0.538776,0.088465
eegnet,cross_session,sub-018,,ses-02,ses-01,2,,160,40,200,9,0.635000,0.635000,0.627161,0.647700,1.476626,0.573389,0.245035
eegnet,cross_session,sub-018,,ses-02,ses-03,2,,160,40,200,9,0.625000,0.625000,0.623409,0.630700,0.895866,0.556074,0.197871
eegnet,cross_session,sub-018,,ses-03,ses-01,2,,160,40,200,1,0.505000,0.505000,0.502900,0.527500,0.760708,0.514536,0.068443
eegnet,cross_session,sub-018,,ses-03,ses-02,2,,160,40,200,1,0.510000,0.510000,0.495418,0.506000,0.695124,0.501907,0.058052
eegnet,cross_session,sub-019,,ses-01,ses-02,2,,160,40,200,22,0.640000,0.640000,0.639676,0.694600,0.917451,0.527299,0.206834
eegnet,cross_session,sub-019,,ses-01,ses-03,2,,160,40,200,22,0.660000,0.660000,0.659864,0.714500,0.879820,0.503274,0.199462
eegnet,cross_session,sub-019,,ses-02,ses-01,2,,160,40,200,3,0.565000,0.565000,0.561834,0.563100,0.747656,0.508307,0.043518
eegnet,cross_session,sub-019,,ses-02,ses-03,2,,160,40,200,3,0.845000,0.845000,0.844965,0.891500,0.459186,0.287393,0.137424
eegnet,cross_session,sub-019,,ses-03,ses-01,2,,160,40,200,10,0.500000,0.500000,0.500000,0.500900,0.919668,0.615181,0.202607
eegnet,cross_session,sub-019,,ses-03,ses-02,2,,160,40,200,10,0.735000,0.735000,0.733071,0.809700,0.683497,0.391968,0.151649
eegnet,cross_session,sub-020,,ses-01,ses-02,2,,160,40,200,88,0.700000,0.700000,0.698523,0.768100,0.843598,0.453694,0.160730
eegnet,cross_session,sub-020,,ses-01,ses-03,2,,160,40,200,88,0.570000,0.570000,0.563718,0.654300,0.982224,0.591604,0.256231
eegnet,cross_session,sub-020,,ses-02,ses-01,2,,160,40,200,29,0.610000,0.610000,0.609844,0.645100,2.197758,0.646757,0.305445
eegnet,cross_session,sub-020,,ses-02,ses-03,2,,160,40,200,29,0.430000,0.430000,0.427941,0.386300,1.437132,0.840884,0.369854
eegnet,cross_session,sub-020,,ses-03,ses-01,2,,160,40,200,41,0.495000,0.495000,0.484154,0.502950,3.420408,0.894329,0.436326
eegnet,cross_session,sub-020,,ses-03,ses-02,2,,160,40,200,41,0.505000,0.505000,0.481010,0.512200,1.682407,0.775120,0.354874
eegnet,cross_session,sub-021,,ses-01,ses-02,2,,160,40,200,37,0.645000,0.645000,0.624249,0.686000,2.394632,0.629204,0.297151
eegnet,cross_session,sub-021,,ses-01,ses-03,2,,160,40,200,37,0.695000,0.695000,0.694381,0.760750,1.868571,0.526612,0.257682
eegnet,cross_session,sub-021,,ses-02,ses-01,2,,160,40,200,18,0.755000,0.755000,0.754847,0.826700,0.522109,0.346512,0.105391
eegnet,cross_session,sub-021,,ses-02,ses-03,2,,160,40,200,18,0.630000,0.630000,0.630000,0.711100,0.966119,0.530806,0.242552
eegnet,cross_session,sub-021,,ses-03,ses-01,2,,160,40,200,3,0.575000,0.575000,0.563106,0.574300,0.700368,0.505314,0.094534
eegnet,cross_session,sub-021,,ses-03,ses-02,2,,160,40,200,3,0.525000,0.525000,0.524988,0.522800,0.727617,0.531082,0.115401
eegnet,cross_session,sub-022,,ses-01,ses-02,2,,160,40,200,26,0.560000,0.560000,0.553571,0.551000,1.447412,0.696758,0.300099
eegnet,cross_session,sub-022,,ses-01,ses-03,2,,160,40,200,26,0.575000,0.575000,0.559939,0.578400,1.235978,0.635146,0.258375
eegnet,cross_session,sub-022,,ses-02,ses-01,2,,160,40,200,24,0.495000,0.495000,0.494886,0.498200,1.530276,0.781200,0.353088
eegnet,cross_session,sub-022,,ses-02,ses-03,2,,160,40,200,24,0.800000,0.800000,0.800000,0.836300,0.547285,0.320105,0.089037
eegnet,cross_session,sub-022,,ses-03,ses-01,2,,160,40,200,21,0.630000,0.630000,0.628663,0.688400,1.700241,0.622727,0.289538
eegnet,cross_session,sub-022,,ses-03,ses-02,2,,160,40,200,21,0.650000,0.650000,0.643983,0.702100,1.395108,0.540057,0.241234
eegnet,cross_session,sub-023,,ses-02,ses-03,2,,160,40,200,46,0.860000,0.860000,0.858586,0.955500,0.364004,0.206576,0.068615
eegnet,cross_session,sub-023,,ses-03,ses-02,2,,160,40,200,37,0.750000,0.750000,0.748390,0.824700,0.866512,0.421403,0.190254
eegnet,cross_session,sub-025,,ses-01,ses-02,2,,160,40,200,7,0.860000,0.860000,0.859986,0.943400,0.324288,0.184306,0.056300
eegnet,cross_session,sub-025,,ses-01,ses-03,2,,160,40,200,7,0.820000,0.820000,0.819350,0.904700,0.464481,0.255544,0.095155
eegnet,cross_session,sub-025,,ses-02,ses-01,2,,160,40,200,4,0.845000,0.845000,0.844996,0.934600,0.334620,0.205963,0.083334
eegnet,cross_session,sub-025,,ses-02,ses-03,2,,160,40,200,4,0.800000,0.800000,0.799277,0.896300,0.451141,0.278194,0.053275
eegnet,cross_session,sub-025,,ses-03,ses-01,2,,160,40,200,55,0.770000,0.770000,0.770000,0.874000,0.591977,0.318688,0.127435
eegnet,cross_session,sub-025,,ses-03,ses-02,2,,160,40,200,55,0.875000,0.875000,0.874847,0.928800,0.467984,0.212817,0.090010
eegnet,cross_session,sub-026,,ses-02,ses-03,2,,160,40,200,15,0.905000,0.905000,0.904883,0.961800,0.260161,0.150476,0.049718
eegnet,cross_session,sub-026,,ses-03,ses-02,2,,160,40,200,54,0.820000,0.820000,0.817370,0.932000,0.620019,0.283318,0.115101
eegnet,cross_session,sub-027,,ses-01,ses-02,2,,160,40,200,6,0.555000,0.555000,0.550947,0.594950,2.256282,0.729370,0.349036
eegnet,cross_session,sub-027,,ses-01,ses-03,2,,160,40,200,6,0.690000,0.690000,0.689969,0.756400,0.679033,0.429285,0.133431
eegnet,cross_session,sub-027,,ses-02,ses-01,2,,160,40,200,12,0.610000,0.610000,0.593750,0.762800,0.694755,0.472502,0.155360
eegnet,cross_session,sub-027,,ses-02,ses-03,2,,160,40,200,12,0.670000,0.670000,0.669703,0.738800,0.626581,0.425510,0.094233
eegnet,cross_session,sub-027,,ses-03,ses-01,2,,160,40,200,4,0.700000,0.700000,0.699880,0.732700,0.795632,0.440805,0.106468
eegnet,cross_session,sub-027,,ses-03,ses-02,2,,160,40,200,4,0.590000,0.590000,0.587981,0.614500,0.954192,0.580957,0.214872
eegnet,cross_session,sub-028,,ses-01,ses-02,2,,160,40,200,5,0.765000,0.765000,0.764003,0.819300,0.604008,0.360055,0.110673
eegnet,cross_session,sub-028,,ses-01,ses-03,2,,160,40,200,5,0.530000,0.530000,0.501273,0.544900,0.965618,0.638808,0.227993
eegnet,cross_session,sub-028,,ses-02,ses-01,2,,160,40,200,36,0.885000,0.885000,0.884928,0.925700,0.369766,0.199833,0.062713
eegnet,cross_session,sub-028,,ses-02,ses-03,2,,160,40,200,36,0.500000,0.500000,0.438896,0.519300,1.366763,0.753117,0.329646
eegnet,cross_session,sub-028,,ses-03,ses-01,2,,160,40,200,6,0.605000,0.605000,0.592521,0.601300,0.745167,0.532388,0.149320
eegnet,cross_session,sub-028,,ses-03,ses-02,2,,160,40,200,6,0.550000,0.550000,0.522496,0.577500,0.907100,0.621638,0.227502
eegnet,cross_session,sub-029,,ses-01,ses-02,2,,160,40,200,44,0.500000,0.500000,0.342019,0.492550,9.661522,0.996370,0.502658
eegnet,cross_session,sub-029,,ses-01,ses-03,2,,160,40,200,44,0.595000,0.595000,0.566833,0.597300,2.474252,0.742961,0.355946
eegnet,cross_session,sub-029,,ses-02,ses-01,2,,160,40,200,77,0.320000,0.320000,0.319932,0.303600,2.024094,1.046625,0.528910
eegnet,cross_session,sub-029,,ses-02,ses-03,2,,160,40,200,77,0.960000,0.960000,0.959996,0.993200,0.103001,0.054304,0.019464
eegnet,cross_session,sub-029,,ses-03,ses-01,2,,160,40,200,51,0.375000,0.375000,0.352851,0.340100,1.222138,0.809528,0.367065
eegnet,cross_session,sub-029,,ses-03,ses-02,2,,160,40,200,51,0.755000,0.755000,0.754503,0.787200,1.686839,0.442856,0.216148
eegnet,cross_session,sub-030,,ses-01,ses-02,2,,160,40,200,13,0.500000,0.500000,0.333333,0.949200,0.687292,0.494153,0.017987
eegnet,cross_session,sub-030,,ses-01,ses-03,2,,160,40,200,13,0.500000,0.500000,0.333333,0.922100,0.689254,0.496113,0.017976
eegnet,cross_session,sub-030,,ses-02,ses-01,2,,160,40,200,20,0.960000,0.960000,0.959984,0.974350,0.289981,0.075553,0.028050
eegnet,cross_session,sub-030,,ses-02,ses-03,2,,160,40,200,20,0.875000,0.875000,0.874293,0.952600,0.339718,0.202735,0.068878
eegnet,cross_session,sub-030,,ses-03,ses-01,2,,160,40,200,35,0.885000,0.885000,0.884974,0.932500,0.625779,0.199355,0.080302
eegnet,cross_session,sub-030,,ses-03,ses-02,2,,160,40,200,35,0.870000,0.870000,0.869530,0.940400,0.430159,0.212079,0.090061
eegnet,cross_session,sub-031,,ses-01,ses-02,2,,160,40,200,24,0.665000,0.665000,0.657805,0.741300,1.258301,0.561984,0.257792
eegnet,cross_session,sub-031,,ses-01,ses-03,2,,160,40,200,24,0.630000,0.630000,0.629407,0.701000,1.308722,0.570396,0.240314
eegnet,cross_session,sub-031,,ses-02,ses-01,2,,160,40,200,4,0.725000,0.725000,0.722999,0.813900,0.539788,0.358019,0.054538
eegnet,cross_session,sub-031,,ses-02,ses-03,2,,160,40,200,4,0.790000,0.790000,0.790000,0.819700,0.670255,0.348867,0.123549
eegnet,cross_session,sub-031,,ses-03,ses-01,2,,160,40,200,9,0.695000,0.695000,0.681620,0.782900,0.588278,0.409796,0.088307
eegnet,cross_session,sub-031,,ses-03,ses-02,2,,160,40,200,9,0.800000,0.800000,0.799499,0.899200,0.402730,0.261611,0.051935
eegnet,cross_session,sub-032,,ses-01,ses-03,2,,160,40,200,12,0.605000,0.605000,0.604199,0.618800,0.849340,0.554434,0.175411
eegnet,cross_session,sub-032,,ses-03,ses-01,2,,160,40,200,13,0.550000,0.550000,0.547784,0.562700,1.321538,0.654164,0.277961
eegnet,cross_session,sub-033,,ses-01,ses-02,2,,160,40,200,5,0.925000,0.925000,0.924953,0.966000,0.290185,0.150630,0.107606
eegnet,cross_session,sub-033,,ses-01,ses-03,2,,160,40,200,5,0.880000,0.880000,0.879892,0.967200,0.246162,0.150096,0.055967
eegnet,cross_session,sub-033,,ses-02,ses-01,2,,160,40,200,5,0.905000,0.905000,0.904941,0.967200,0.240519,0.141354,0.043961
eegnet,cross_session,sub-033,,ses-02,ses-03,2,,160,40,200,5,0.905000,0.905000,0.904998,0.970000,0.222630,0.134831,0.044465
eegnet,cross_session,sub-033,,ses-03,ses-01,2,,160,40,200,7,0.875000,0.875000,0.874922,0.948000,0.305145,0.178610,0.043675
eegnet,cross_session,sub-033,,ses-03,ses-02,2,,160,40,200,7,0.895000,0.895000,0.894997,0.955000,0.299394,0.164909,0.060998
eegnet,cross_session,sub-034,,ses-01,ses-02,2,,160,40,200,4,0.745000,0.745000,0.742678,0.841100,0.532879,0.349237,0.073221
eegnet,cross_session,sub-034,,ses-01,ses-03,2,,160,40,200,4,0.725000,0.725000,0.714130,0.832400,0.547393,0.368013,0.062736
eegnet,cross_session,sub-034,,ses-02,ses-01,2,,160,40,200,41,0.615000,0.615000,0.608889,0.599550,2.842490,0.700655,0.346212
eegnet,cross_session,sub-034,,ses-02,ses-03,2,,160,40,200,41,0.790000,0.790000,0.785166,0.946000,0.590786,0.312819,0.137170
eegnet,cross_session,sub-034,,ses-03,ses-01,2,,160,40,200,6,0.690000,0.690000,0.683803,0.771000,0.791558,0.436362,0.120497
eegnet,cross_session,sub-034,,ses-03,ses-02,2,,160,40,200,6,0.890000,0.890000,0.889901,0.948900,0.289806,0.166268,0.044974
eegnet,cross_session,sub-035,,ses-01,ses-02,2,,160,40,200,27,0.930000,0.930000,0.929972,0.989100,0.140732,0.083593,0.031432
eegnet,cross_session,sub-035,,ses-01,ses-03,2,,160,40,200,27,0.930000,0.930000,0.929937,0.981500,0.203018,0.118598,0.040964
eegnet,cross_session,sub-035,,ses-02,ses-01,2,,160,40,200,26,0.960000,0.960000,0.959936,0.996900,0.106970,0.061390,0.027883
eegnet,cross_session,sub-035,,ses-02,ses-03,2,,160,40,200,26,0.935000,0.935000,0.934803,0.981500,0.184744,0.099084,0.041525
eegnet,cross_session,sub-035,,ses-03,ses-01,2,,160,40,200,27,0.970000,0.970000,0.969988,0.996000,0.095228,0.049197,0.032040
eegnet,cross_session,sub-035,,ses-03,ses-02,2,,160,40,200,27,0.920000,0.920000,0.919968,0.966700,0.250166,0.136298,0.050880
eegnet,cross_session,sub-036,,ses-01,ses-02,2,,160,40,200,31,0.925000,0.925000,0.924998,0.985100,0.162764,0.100871,0.027833
eegnet,cross_session,sub-036,,ses-01,ses-03,2,,160,40,200,31,0.970000,0.970000,0.970000,0.996200,0.093336,0.050635,0.042088
eegnet,cross_session,sub-036,,ses-02,ses-01,2,,160,40,200,64,0.865000,0.865000,0.864970,0.910600,0.705191,0.228867,0.097083
eegnet,cross_session,sub-036,,ses-02,ses-03,2,,160,40,200,64,0.985000,0.985000,0.985000,0.997800,0.056348,0.025447,0.015471
eegnet,cross_session,sub-036,,ses-03,ses-01,2,,160,40,200,15,0.810000,0.810000,0.809524,0.872600,0.897778,0.293324,0.116116
eegnet,cross_session,sub-036,,ses-03,ses-02,2,,160,40,200,15,0.830000,0.830000,0.829983,0.924600,0.431585,0.251293,0.101345
eegnet,cross_session,sub-037,,ses-01,ses-02,2,,160,40,200,90,0.850000,0.850000,0.848163,0.956400,0.477037,0.297001,0.214575
eegnet,cross_session,sub-037,,ses-01,ses-03,2,,160,40,200,90,0.810000,0.810000,0.807673,0.894000,0.514754,0.328175,0.154119
eegnet,cross_session,sub-037,,ses-02,ses-01,2,,160,40,200,4,0.835000,0.835000,0.834798,0.901800,0.488515,0.241570,0.058060
eegnet,cross_session,sub-037,,ses-02,ses-03,2,,160,40,200,4,0.870000,0.870000,0.870000,0.934400,0.397978,0.187731,0.035362
eegnet,cross_session,sub-037,,ses-03,ses-01,2,,160,40,200,5,0.865000,0.865000,0.864834,0.936400,0.345125,0.204700,0.073634
eegnet,cross_session,sub-037,,ses-03,ses-02,2,,160,40,200,5,0.915000,0.915000,0.914896,0.965400,0.249882,0.144779,0.080120
eegnet,cross_session,sub-038,,ses-01,ses-02,2,,160,40,200,1,0.490000,0.490000,0.453024,0.438100,0.694012,0.500865,0.015587
eegnet,cross_session,sub-038,,ses-01,ses-03,2,,160,40,200,1,0.490000,0.490000,0.409107,0.482100,0.693522,0.500374,0.016107
eegnet,cross_session,sub-038,,ses-02,ses-01,2,,160,40,200,44,0.445000,0.445000,0.444986,0.464100,2.548223,0.873477,0.427086
eegnet,cross_session,sub-038,,ses-02,ses-03,2,,160,40,200,44,0.520000,0.520000,0.519568,0.563000,0.892996,0.617528,0.255260
eegnet,cross_session,sub-038,,ses-03,ses-01,2,,160,40,200,80,0.520000,0.520000,0.515152,0.552750,2.824984,0.798327,0.378043
eegnet,cross_session,sub-038,,ses-03,ses-02,2,,160,40,200,80,0.405000,0.405000,0.404270,0.416200,3.566121,1.026138,0.512451
eegnet,cross_session,sub-039,,ses-01,ses-02,2,,160,40,200,36,0.420000,0.420000,0.417144,0.354200,1.802636,0.932775,0.430704
eegnet,cross_session,sub-039,,ses-01,ses-03,2,,160,40,200,36,0.450000,0.450000,0.406752,0.408100,2.385634,0.935971,0.461448
eegnet,cross_session,sub-039,,ses-02,ses-01,2,,160,40,200,9,0.430000,0.430000,0.423019,0.388200,1.033626,0.737669,0.306550
eegnet,cross_session,sub-039,,ses-02,ses-03,2,,160,40,200,9,0.580000,0.580000,0.538462,0.605900,0.861114,0.583907,0.194203
eegnet,cross_session,sub-039,,ses-03,ses-01,2,,160,40,200,14,0.470000,0.470000,0.460889,0.466500,0.963075,0.671964,0.260589
eegnet,cross_session,sub-039,,ses-03,ses-02,2,,160,40,200,14,0.600000,0.600000,0.599640,0.541500,0.983207,0.622107,0.213988
eegnet,cross_session,sub-040,,ses-01,ses-02,2,,160,40,200,1,0.565000,0.565000,0.558095,0.578300,0.687237,0.493955,0.043658
eegnet,cross_session,sub-040,,ses-01,ses-03,2,,160,40,200,1,0.640000,0.640000,0.639964,0.695900,0.650739,0.458648,0.082437
eegnet,cross_session,sub-040,,ses-02,ses-01,2,,160,40,200,11,0.660000,0.660000,0.659148,0.702400,0.655669,0.456481,0.112046
eegnet,cross_session,sub-040,,ses-02,ses-03,2,,160,40,200,11,0.730000,0.730000,0.729973,0.791900,0.560093,0.374318,0.045876
eegnet,cross_session,sub-040,,ses-03,ses-01,2,,160,40,200,20,0.705000,0.705000,0.702853,0.798200,0.640042,0.410658,0.151552
eegnet,cross_session,sub-040,,ses-03,ses-02,2,,160,40,200,20,0.645000,0.645000,0.642416,0.703600,0.795509,0.503324,0.170358
eegnet,cross_session,sub-041,,ses-01,ses-02,2,,160,40,200,42,0.820000,0.820000,0.819549,0.916800,0.497929,0.296939,0.129018
eegnet,cross_session,sub-041,,ses-01,ses-03,2,,160,40,200,42,0.840000,0.840000,0.839856,0.941800,0.421695,0.238021,0.101178
eegnet,cross_session,sub-041,,ses-02,ses-01,2,,160,40,200,10,0.880000,0.880000,0.879988,0.935000,0.344295,0.183197,0.070748
eegnet,cross_session,sub-041,,ses-02,ses-03,2,,160,40,200,10,0.880000,0.880000,0.879952,0.957200,0.268652,0.166875,0.056047
eegnet,cross_session,sub-041,,ses-03,ses-01,2,,160,40,200,4,0.855000,0.855000,0.854967,0.934600,0.372484,0.207668,0.037484
eegnet,cross_session,sub-041,,ses-03,ses-02,2,,160,40,200,4,0.830000,0.830000,0.829728,0.908900,0.386119,0.243658,0.049563
eegnet,cross_session,sub-042,,ses-01,ses-02,2,,160,40,200,1,0.460000,0.460000,0.449204,0.486200,0.697958,0.504834,0.088054
eegnet,cross_session,sub-042,,ses-01,ses-03,2,,160,40,200,1,0.590000,0.590000,0.584978,0.606600,0.680629,0.487564,0.043711
eegnet,cross_session,sub-042,,ses-02,ses-01,2,,160,40,200,10,0.570000,0.570000,0.560102,0.588550,1.180041,0.623404,0.234627
eegnet,cross_session,sub-042,,ses-02,ses-03,2,,160,40,200,10,0.575000,0.575000,0.554402,0.600900,1.488785,0.673041,0.279509
eegnet,cross_session,sub-042,,ses-03,ses-01,2,,160,40,200,7,0.705000,0.705000,0.703331,0.710400,0.698985,0.456532,0.119525
eegnet,cross_session,sub-042,,ses-03,ses-02,2,,160,40,200,7,0.545000,0.545000,0.541689,0.574300,0.743797,0.532256,0.127239
eegnet,cross_session,sub-043,,ses-01,ses-02,2,,160,40,200,56,0.955000,0.955000,0.954999,0.987200,0.144173,0.073948,0.041429
eegnet,cross_session,sub-043,,ses-01,ses-03,2,,160,40,200,56,0.905000,0.905000,0.904998,0.967600,0.312177,0.139636,0.060992
eegnet,cross_session,sub-043,,ses-02,ses-01,2,,160,40,200,99,0.930000,0.930000,0.929993,0.972400,0.341279,0.130590,0.062503
eegnet,cross_session,sub-043,,ses-02,ses-03,2,,160,40,200,99,0.895000,0.895000,0.894976,0.958100,0.464478,0.166801,0.078314
eegnet,cross_session,sub-043,,ses-03,ses-01,2,,160,40,200,54,0.970000,0.970000,0.969988,0.994400,0.093013,0.049977,0.018121
eegnet,cross_session,sub-043,,ses-03,ses-02,2,,160,40,200,54,0.970000,0.970000,0.969997,0.997400,0.071946,0.043869,0.029144
eegnet,cross_session,sub-044,,ses-01,ses-02,2,,160,40,200,4,0.600000,0.600000,0.596734,0.622100,0.684483,0.486292,0.055912
eegnet,cross_session,sub-044,,ses-01,ses-03,2,,160,40,200,4,0.580000,0.580000,0.578483,0.639500,0.662493,0.470441,0.059166
eegnet,cross_session,sub-044,,ses-02,ses-01,2,,160,40,200,12,0.605000,0.605000,0.604199,0.674800,0.822955,0.516185,0.180146
eegnet,cross_session,sub-044,,ses-02,ses-03,2,,160,40,200,12,0.635000,0.635000,0.632935,0.744500,0.596062,0.415099,0.088359
eegnet,cross_session,sub-044,,ses-03,ses-01,2,,160,40,200,17,0.685000,0.685000,0.684044,0.720900,0.832496,0.484108,0.155200
eegnet,cross_session,sub-044,,ses-03,ses-02,2,,160,40,200,17,0.700000,0.700000,0.696970,0.795000,0.746846,0.444293,0.166489
eegnet,cross_session,sub-045,,ses-01,ses-02,2,,160,40,200,38,0.775000,0.775000,0.773727,0.862400,0.747992,0.329097,0.147591
eegnet,cross_session,sub-045,,ses-01,ses-03,2,,160,40,200,38,0.880000,0.880000,0.879988,0.933300,0.364455,0.201383,0.073899
eegnet,cross_session,sub-045,,ses-02,ses-01,2,,160,40,200,31,0.805000,0.805000,0.804761,0.839300,0.653928,0.315911,0.115828
eegnet,cross_session,sub-045,,ses-02,ses-03,2,,160,40,200,31,0.770000,0.770000,0.769631,0.809900,0.675311,0.367858,0.106868
eegnet,cross_session,sub-045,,ses-03,ses-01,2,,160,40,200,36,0.775000,0.775000,0.774994,0.825200,0.896445,0.367255,0.145301
eegnet,cross_session,sub-045,,ses-03,ses-02,2,,160,40,200,36,0.665000,0.665000,0.664320,0.734800,1.422182,0.509697,0.227609
eegnet,cross_session,sub-046,,ses-01,ses-02,2,,160,40,200,97,0.980000,0.980000,0.980000,0.994300,0.086289,0.036588,0.022819
eegnet,cross_session,sub-046,,ses-01,ses-03,2,,160,40,200,97,0.935000,0.935000,0.934985,0.955900,0.382444,0.117617,0.052022
eegnet,cross_session,sub-046,,ses-02,ses-01,2,,160,40,200,27,0.935000,0.935000,0.934868,0.991200,0.126598,0.082317,0.037331
eegnet,cross_session,sub-046,,ses-02,ses-03,2,,160,40,200,27,0.910000,0.910000,0.909964,0.933400,0.470686,0.163433,0.065061
eegnet,cross_session,sub-046,,ses-03,ses-01,2,,160,40,200,30,0.970000,0.970000,0.969997,0.996500,0.088216,0.051747,0.028033
eegnet,cross_session,sub-046,,ses-03,ses-02,2,,160,40,200,30,0.960000,0.960000,0.959984,0.986800,0.139430,0.067171,0.018557
eegnet,cross_session,sub-047,,ses-01,ses-02,2,,160,40,200,47,0.820000,0.820000,0.819712,0.884800,0.672334,0.297885,0.132990
eegnet,cross_session,sub-047,,ses-01,ses-03,2,,160,40,200,47,0.800000,0.800000,0.800000,0.891800,0.585970,0.305195,0.129974
eegnet,cross_session,sub-047,,ses-02,ses-01,2,,160,40,200,30,0.830000,0.830000,0.829163,0.911700,0.424615,0.256822,0.070497
eegnet,cross_session,sub-047,,ses-02,ses-03,2,,160,40,200,30,0.690000,0.690000,0.688880,0.768300,0.844133,0.468784,0.190756
eegnet,cross_session,sub-047,,ses-03,ses-01,2,,160,40,200,37,0.850000,0.850000,0.849865,0.937500,0.352894,0.215144,0.086223
eegnet,cross_session,sub-047,,ses-03,ses-02,2,,160,40,200,37,0.840000,0.840000,0.840000,0.911500,0.436358,0.240216,0.071769
eegnet,cross_session,sub-048,,ses-01,ses-02,2,,160,40,200,7,0.870000,0.870000,0.869530,0.902300,0.411714,0.236077,0.066045
eegnet,cross_session,sub-048,,ses-01,ses-03,2,,160,40,200,7,0.795000,0.795000,0.790597,0.922200,0.419600,0.270014,0.049142
eegnet,cross_session,sub-048,,ses-02,ses-01,2,,160,40,200,42,0.790000,0.790000,0.789241,0.818300,1.127169,0.368160,0.154037
eegnet,cross_session,sub-048,,ses-02,ses-03,2,,160,40,200,42,0.765000,0.765000,0.764853,0.827200,0.786944,0.401753,0.186019
eegnet,cross_session,sub-048,,ses-03,ses-01,2,,160,40,200,28,0.660000,0.660000,0.647266,0.783600,1.036959,0.546351,0.242092
eegnet,cross_session,sub-048,,ses-03,ses-02,2,,160,40,200,28,0.620000,0.620000,0.576649,0.841200,1.155862,0.599811,0.298001
eegnet,cross_session,sub-049,,ses-01,ses-02,2,,160,40,200,51,0.515000,0.515000,0.505997,0.544850,3.439930,0.819728,0.397331
eegnet,cross_session,sub-049,,ses-01,ses-03,2,,160,40,200,51,0.515000,0.515000,0.507302,0.525800,2.003423,0.800861,0.374933
eegnet,cross_session,sub-049,,ses-02,ses-01,2,,160,40,200,43,0.890000,0.890000,0.889956,0.941500,0.312244,0.174980,0.043590
eegnet,cross_session,sub-049,,ses-02,ses-03,2,,160,40,200,43,0.855000,0.855000,0.853945,0.940100,0.403906,0.221246,0.072222
eegnet,cross_session,sub-049,,ses-03,ses-01,2,,160,40,200,17,0.645000,0.645000,0.632420,0.745300,0.905848,0.529721,0.221440
eegnet,cross_session,sub-049,,ses-03,ses-02,2,,160,40,200,17,0.720000,0.720000,0.715187,0.761100,1.034517,0.460291,0.197424
eegnet,cross_session,sub-050,,ses-01,ses-02,2,,160,40,200,72,0.910000,0.910000,0.909964,0.974400,0.237262,0.121901,0.044195
eegnet,cross_session,sub-050,,ses-01,ses-03,2,,160,40,200,72,0.935000,0.935000,0.934985,0.977700,0.193020,0.105607,0.032378
eegnet,cross_session,sub-050,,ses-02,ses-01,2,,160,40,200,16,0.735000,0.735000,0.734993,0.765750,1.636026,0.435710,0.179933
eegnet,cross_session,sub-050,,ses-02,ses-03,2,,160,40,200,16,0.940000,0.940000,0.939946,0.985200,0.178042,0.100943,0.022821
eegnet,cross_session,sub-050,,ses-03,ses-01,2,,160,40,200,29,0.735000,0.735000,0.733876,0.742400,2.609123,0.455339,0.209670
eegnet,cross_session,sub-050,,ses-03,ses-02,2,,160,40,200,29,0.950000,0.950000,0.949980,0.982900,0.170238,0.096327,0.040856
eegnet,cross_session,sub-051,,ses-01,ses-02,2,,160,40,200,15,0.635000,0.635000,0.618988,0.719800,0.643924,0.454362,0.080095
eegnet,cross_session,sub-051,,ses-01,ses-03,2,,160,40,200,15,0.835000,0.835000,0.832789,0.942700,0.383925,0.223700,0.073038
eegnet,cross_session,sub-051,,ses-02,ses-01,2,,160,40,200,35,0.800000,0.800000,0.799980,0.878100,0.759971,0.315794,0.136595
eegnet,cross_session,sub-051,,ses-02,ses-03,2,,160,40,200,35,0.880000,0.880000,0.879892,0.937200,0.456054,0.186100,0.060450
eegnet,cross_session,sub-051,,ses-03,ses-01,2,,160,40,200,11,0.790000,0.790000,0.789811,0.843200,0.986810,0.322799,0.129269
eegnet,cross_session,sub-051,,ses-03,ses-02,2,,160,40,200,11,0.735000,0.735000,0.734834,0.835600,0.501067,0.330714,0.076250
eegnet,cross_session,sub-001,,ses-01,ses-02,3,,160,40,200,27,0.720000,0.720000,0.715187,0.809200,0.743891,0.413128,0.139449
eegnet,cross_session,sub-001,,ses-01,ses-03,3,,160,40,200,27,0.715000,0.715000,0.711180,0.816600,0.727720,0.428565,0.159491
eegnet,cross_session,sub-001,,ses-02,ses-01,3,,160,40,200,80,0.660000,0.660000,0.659966,0.722300,1.094141,0.539882,0.250800
eegnet,cross_session,sub-001,,ses-02,ses-03,3,,160,40,200,80,0.960000,0.960000,0.959984,0.982900,0.174112,0.088866,0.044723
eegnet,cross_session,sub-001,,ses-03,ses-01,3,,160,40,200,20,0.675000,0.675000,0.674927,0.720500,1.074929,0.539117,0.223353
eegnet,cross_session,sub-001,,ses-03,ses-02,3,,160,40,200,20,0.825000,0.825000,0.824961,0.895300,0.496643,0.262723,0.090937
eegnet,cross_session,sub-002,,ses-01,ses-02,3,,160,40,200,4,0.605000,0.605000,0.603324,0.650200,0.668331,0.471830,0.050544
eegnet,cross_session,sub-002,,ses-01,ses-03,3,,160,40,200,4,0.625000,0.625000,0.621585,0.691400,0.631721,0.442276,0.057669
eegnet,cross_session,sub-002,,ses-02,ses-01,3,,160,40,200,18,0.560000,0.560000,0.559295,0.608950,0.915950,0.545629,0.172991
eegnet,cross_session,sub-002,,ses-02,ses-03,3,,160,40,200,18,0.635000,0.635000,0.628224,0.666800,0.752907,0.497890,0.141099
eegnet,cross_session,sub-002,,ses-03,ses-01,3,,160,40,200,35,0.640000,0.640000,0.639964,0.692950,1.324126,0.600975,0.272780
eegnet,cross_session,sub-002,,ses-03,ses-02,3,,160,40,200,35,0.605000,0.605000,0.602766,0.644900,1.613382,0.629801,0.274768
eegnet,cross_session,sub-003,,ses-01,ses-02,3,,160,40,200,39,0.785000,0.785000,0.784736,0.860100,0.559820,0.318694,0.117204
eegnet,cross_session,sub-003,,ses-01,ses-03,3,,160,40,200,39,0.790000,0.790000,0.789241,0.852400,0.791553,0.322581,0.093735
eegnet,cross_session,sub-003,,ses-02,ses-01,3,,160,40,200,95,0.680000,0.680000,0.676768,0.731900,2.256964,0.564464,0.271075
eegnet,cross_session,sub-003,,ses-02,ses-03,3,,160,40,200,95,0.765000,0.765000,0.761850,0.829600,1.809232,0.409510,0.197027
eegnet,cross_session,sub-003,,ses-03,ses-01,3,,160,40,200,7,0.570000,0.570000,0.566489,0.582600,0.741827,0.531039,0.124137
eegnet,cross_session,sub-003,,ses-03,ses-02,3,,160,40,200,7,0.640000,0.640000,0.625000,0.682300,0.669536,0.469914,0.060586
eegnet,cross_session,sub-004,,ses-01,ses-02,3,,160,40,200,3,0.555000,0.555000,0.550947,0.540800,0.710373,0.514705,0.119763
eegnet,cross_session,sub-004,,ses-01,ses-03,3,,160,40,200,3,0.500000,0.500000,0.499950,0.521900,0.705537,0.511698,0.091117
eegnet,cross_session,sub-004,,ses-02,ses-01,3,,160,40,200,1,0.530000,0.530000,0.529247,0.531700,0.693058,0.499859,0.049162
eegnet,cross_session,sub-004,,ses-02,ses-03,3,,160,40,200,1,0.500000,0.500000,0.500000,0.500700,0.694432,0.501288,0.032224
eegnet,cross_session,sub-004,,ses-03,ses-01,3,,160,40,200,11,0.540000,0.540000,0.537037,0.562400,0.770576,0.550172,0.147854
eegnet,cross_session,sub-004,,ses-03,ses-02,3,,160,40,200,11,0.485000,0.485000,0.481252,0.495500,0.876776,0.614952,0.210052
eegnet,cross_session,sub-005,,ses-01,ses-02,3,,160,40,200,25,0.860000,0.860000,0.859776,0.891700,0.544898,0.245400,0.075356
eegnet,cross_session,sub-005,,ses-01,ses-03,3,,160,40,200,25,0.665000,0.665000,0.663105,0.689100,0.704775,0.482436,0.143566
eegnet,cross_session,sub-005,,ses-02,ses-01,3,,160,40,200,18,0.795000,0.795000,0.794995,0.859800,0.650452,0.306865,0.088527
eegnet,cross_session,sub-005,,ses-02,ses-03,3,,160,40,200,18,0.600000,0.600000,0.589491,0.626100,0.797272,0.540494,0.147735
eegnet,cross_session,sub-005,,ses-03,ses-01,3,,160,40,200,53,0.790000,0.790000,0.785802,0.862150,1.065134,0.375854,0.173706
eegnet,cross_session,sub-005,,ses-03,ses-02,3,,160,40,200,53,0.790000,0.790000,0.787428,0.893300,0.659281,0.346841,0.150044
eegnet,cross_session,sub-006,,ses-01,ses-02,3,,160,40,200,41,0.915000,0.915000,0.914981,0.973300,0.204164,0.118604,0.016284
eegnet,cross_session,sub-006,,ses-01,ses-03,3,,160,40,200,41,0.965000,0.965000,0.964992,0.985200,0.139445,0.062576,0.021691
eegnet,cross_session,sub-006,,ses-02,ses-01,3,,160,40,200,66,0.780000,0.780000,0.779912,0.850900,1.057794,0.373041,0.171600
eegnet,cross_session,sub-006,,ses-02,ses-03,3,,160,40,200,66,0.890000,0.890000,0.889724,0.956400,0.503117,0.175685,0.086983
eegnet,cross_session,sub-006,,ses-03,ses-01,3,,160,40,200,53,0.690000,0.690000,0.686869,0.730750,1.675530,0.521826,0.235201
eegnet,cross_session,sub-006,,ses-03,ses-02,3,,160,40,200,53,0.795000,0.795000,0.793133,0.913100,0.565126,0.308539,0.121202
eegnet,cross_session,sub-007,,ses-01,ses-02,3,,160,40,200,4,0.675000,0.675000,0.674797,0.710500,0.629082,0.436967,0.065378
eegnet,cross_session,sub-007,,ses-01,ses-03,3,,160,40,200,4,0.810000,0.810000,0.809829,0.876200,0.564062,0.332597,0.178347
eegnet,cross_session,sub-007,,ses-02,ses-01,3,,160,40,200,5,0.620000,0.620000,0.619658,0.660700,0.844875,0.532200,0.197066
eegnet,cross_session,sub-007,,ses-02,ses-03,3,,160,40,200,5,0.870000,0.870000,0.869530,0.924400,0.360310,0.206711,0.055481
eegnet,cross_session,sub-007,,ses-03,ses-01,3,,160,40,200,3,0.660000,0.660000,0.652174,0.703100,0.780107,0.492837,0.151661
eegnet,cross_session,sub-007,,ses-03,ses-02,3,,160,40,200,3,0.670000,0.670000,0.663403,0.767000,0.647855,0.434323,0.107734
eegnet,cross_session,sub-008,,ses-01,ses-02,3,,160,40,200,9,0.635000,0.635000,0.632935,0.671300,0.678176,0.475316,0.094874
eegnet,cross_session,sub-008,,ses-01,ses-03,3,,160,40,200,9,0.670000,0.670000,0.669967,0.695100,0.744464,0.471511,0.115695
eegnet,cross_session,sub-008,,ses-02,ses-01,3,,160,40,200,72,0.665000,0.665000,0.664320,0.700400,1.377256,0.549434,0.240170
eegnet,cross_session,sub-008,,ses-02,ses-03,3,,160,40,200,72,0.710000,0.710000,0.706448,0.734700,2.247529,0.516489,0.240987
eegnet,cross_session,sub-008,,ses-03,ses-01,3,,160,40,200,29,0.655000,0.655000,0.654577,0.655400,0.915927,0.513282,0.171483
eegnet,cross_session,sub-008,,ses-03,ses-02,3,,160,40,200,29,0.715000,0.715000,0.713791,0.798500,0.598774,0.372965,0.080332
eegnet,cross_session,sub-009,,ses-01,ses-02,3,,160,40,200,13,0.745000,0.745000,0.744841,0.827300,0.548214,0.359770,0.098147
eegnet,cross_session,sub-009,,ses-01,ses-03,3,,160,40,200,13,0.635000,0.635000,0.634772,0.660000,0.973006,0.505496,0.138733
eegnet,cross_session,sub-009,,ses-02,ses-01,3,,160,40,200,25,0.585000,0.585000,0.584491,0.666800,1.078830,0.624481,0.290909
eegnet,cross_session,sub-009,,ses-02,ses-03,3,,160,40,200,25,0.610000,0.610000,0.608080,0.630700,1.358276,0.601434,0.247899
eegnet,cross_session,sub-009,,ses-03,ses-01,3,,160,40,200,1,0.570000,0.570000,0.569311,0.607100,0.678696,0.485652,0.030647
eegnet,cross_session,sub-009,,ses-03,ses-02,3,,160,40,200,1,0.550000,0.550000,0.548872,0.591500,0.681585,0.488586,0.026312
eegnet,cross_session,sub-010,,ses-01,ses-02,3,,160,40,200,20,0.790000,0.790000,0.790000,0.819000,0.743917,0.348275,0.117361
eegnet,cross_session,sub-010,,ses-01,ses-03,3,,160,40,200,20,0.565000,0.565000,0.551257,0.539100,0.994273,0.611879,0.201987
eegnet,cross_session,sub-010,,ses-02,ses-01,3,,160,40,200,5,0.715000,0.715000,0.712926,0.786600,0.650361,0.393890,0.088866
eegnet,cross_session,sub-010,,ses-02,ses-03,3,,160,40,200,5,0.565000,0.565000,0.564117,0.613500,0.679029,0.485705,0.064265
eegnet,cross_session,sub-010,,ses-03,ses-01,3,,160,40,200,37,0.540000,0.540000,0.539816,0.608700,1.661270,0.707124,0.342616
eegnet,cross_session,sub-010,,ses-03,ses-02,3,,160,40,200,37,0.655000,0.655000,0.652489,0.702550,1.838861,0.576467,0.285738
eegnet,cross_session,sub-011,,ses-01,ses-02,3,,160,40,200,5,0.705000,0.705000,0.704105,0.745000,0.767426,0.423520,0.123582
eegnet,cross_session,sub-011,,ses-01,ses-03,3,,160,40,200,5,0.915000,0.915000,0.914828,0.966400,0.303623,0.152188,0.057415
eegnet,cross_session,sub-011,,ses-02,ses-01,3,,160,40,200,2,0.830000,0.830000,0.828612,0.898400,0.597678,0.406053,0.261399
eegnet,cross_session,sub-011,,ses-02,ses-03,3,,160,40,200,2,0.845000,0.845000,0.844685,0.916700,0.548694,0.360335,0.243061
eegnet,cross_session,sub-011,,ses-03,ses-01,3,,160,40,200,5,0.890000,0.890000,0.889724,0.958900,0.264641,0.155836,0.072595
eegnet,cross_session,sub-011,,ses-03,ses-02,3,,160,40,200,5,0.665000,0.665000,0.664992,0.747900,0.776624,0.424140,0.129605
eegnet,cross_session,sub-012,,ses-01,ses-02,3,,160,40,200,1,0.450000,0.450000,0.450000,0.486800,0.696292,0.503214,0.092167
eegnet,cross_session,sub-012,,ses-01,ses-03,3,,160,40,200,1,0.580000,0.580000,0.578947,0.599900,0.685694,0.492496,0.073958
eegnet,cross_session,sub-012,,ses-02,ses-01,3,,160,40,200,1,0.550000,0.550000,0.549955,0.564000,0.719398,0.500548,0.044187
eegnet,cross_session,sub-012,,ses-02,ses-03,3,,160,40,200,1,0.510000,0.510000,0.509951,0.516600,0.693695,0.500509,0.024230
eegnet,cross_session,sub-012,,ses-03,ses-01,3,,160,40,200,13,0.565000,0.565000,0.564728,0.537100,1.233829,0.676119,0.282881
eegnet,cross_session,sub-012,,ses-03,ses-02,3,,160,40,200,13,0.505000,0.505000,0.500492,0.542700,1.041620,0.675904,0.292120
eegnet,cross_session,sub-013,,ses-01,ses-02,3,,160,40,200,1,0.705000,0.705000,0.704993,0.803000,0.674078,0.434755,0.186682
eegnet,cross_session,sub-013,,ses-01,ses-03,3,,160,40,200,1,0.725000,0.725000,0.724828,0.752500,0.643645,0.451333,0.171464
eegnet,cross_session,sub-013,,ses-02,ses-01,3,,160,40,200,24,0.625000,0.625000,0.621585,0.685200,0.706118,0.481524,0.144862
eegnet,cross_session,sub-013,,ses-02,ses-03,3,,160,40,200,24,0.750000,0.750000,0.749599,0.817200,0.554851,0.354967,0.088467
eegnet,cross_session,sub-013,,ses-03,ses-01,3,,160,40,200,77,0.750000,0.750000,0.749373,0.803900,1.055301,0.409166,0.165086
eegnet,cross_session,sub-013,,ses-03,ses-02,3,,160,40,200,77,0.650000,0.650000,0.648735,0.743700,2.034078,0.599173,0.289547
eegnet,cross_session,sub-014,,ses-01,ses-02,3,,160,40,200,1,0.500000,0.500000,0.498747,0.536200,0.690094,0.496979,0.046450
eegnet,cross_session,sub-014,,ses-01,ses-03,3,,160,40,200,1,0.550000,0.550000,0.544488,0.511500,0.701536,0.508139,0.080409
eegnet,cross_session,sub-014,,ses-02,ses-01,3,,160,40,200,1,0.490000,0.490000,0.488722,0.519600,0.691922,0.498876,0.056592
eegnet,cross_session,sub-014,,ses-02,ses-03,3,,160,40,200,1,0.480000,0.480000,0.469604,0.469700,0.704287,0.510823,0.054354
eegnet,cross_session,sub-014,,ses-03,ses-01,3,,160,40,200,2,0.480000,0.480000,0.479948,0.479900,0.704676,0.511182,0.074644
eegnet,cross_session,sub-014,,ses-03,ses-02,3,,160,40,200,2,0.505000,0.505000,0.504690,0.538600,0.684975,0.492342,0.049147
eegnet,cross_session,sub-015,,ses-01,ses-02,3,,160,40,200,46,0.600000,0.600000,0.599840,0.604300,1.746827,0.697105,0.313339
eegnet,cross_session,sub-015,,ses-01,ses-03,3,,160,40,200,46,0.530000,0.530000,0.525253,0.542550,2.195318,0.770592,0.366476
eegnet,cross_session,sub-015,,ses-02,ses-01,3,,160,40,200,9,0.605000,0.605000,0.604911,0.637400,0.758176,0.514718,0.147833
eegnet,cross_session,sub-015,,ses-02,ses-03,3,,160,40,200,9,0.650000,0.650000,0.649439,0.684500,0.832488,0.474549,0.126330
eegnet,cross_session,sub-015,,ses-03,ses-01,3,,160,40,200,88,0.560000,0.560000,0.522569,0.636600,0.777649,0.534555,0.144087
eegnet,cross_session,sub-015,,ses-03,ses-02,3,,160,40,200,88,0.600000,0.600000,0.575552,0.666300,0.707768,0.496581,0.081952
eegnet,cross_session,sub-016,,ses-01,ses-02,3,,160,40,200,4,0.515000,0.515000,0.513528,0.514500,0.708680,0.513946,0.091112
eegnet,cross_session,sub-016,,ses-01,ses-03,3,,160,40,200,4,0.565000,0.565000,0.564728,0.581800,0.692387,0.497766,0.062282
eegnet,cross_session,sub-016,,ses-02,ses-01,3,,160,40,200,1,0.515000,0.515000,0.514891,0.537500,0.690944,0.498075,0.051865
eegnet,cross_session,sub-016,,ses-02,ses-03,3,,160,40,200,1,0.550000,0.550000,0.538177,0.587400,0.677641,0.484857,0.053327
eegnet,cross_session,sub-016,,ses-03,ses-01,3,,160,40,200,1,0.545000,0.545000,0.544898,0.572200,0.682022,0.489391,0.021292
eegnet,cross_session,sub-016,,ses-03,ses-02,3,,160,40,200,1,0.585000,0.585000,0.583239,0.608800,0.674784,0.481935,0.043435
eegnet,cross_session,sub-017,,ses-01,ses-02,3,,160,40,200,25,0.735000,0.735000,0.732046,0.827000,0.523239,0.350582,0.076975
eegnet,cross_session,sub-017,,ses-01,ses-03,3,,160,40,200,25,0.695000,0.695000,0.686464,0.803900,0.638030,0.429937,0.143190
eegnet,cross_session,sub-017,,ses-02,ses-01,3,,160,40,200,13,0.765000,0.765000,0.764947,0.804700,0.884447,0.387383,0.137862
eegnet,cross_session,sub-017,,ses-02,ses-03,3,,160,40,200,13,0.685000,0.685000,0.672549,0.855300,1.038030,0.489615,0.219202
eegnet,cross_session,sub-017,,ses-03,ses-01,3,,160,40,200,3,0.675000,0.675000,0.674992,0.701600,0.660389,0.447813,0.075647
eegnet,cross_session,sub-017,,ses-03,ses-02,3,,160,40,200,3,0.630000,0.630000,0.628178,0.696200,0.633016,0.443177,0.029267
eegnet,cross_session,sub-018,,ses-01,ses-02,3,,160,40,200,12,0.725000,0.725000,0.721314,0.778800,0.623528,0.433084,0.150514
eegnet,cross_session,sub-018,,ses-01,ses-03,3,,160,40,200,12,0.585000,0.585000,0.576087,0.668900,0.662470,0.469126,0.094465
eegnet,cross_session,sub-018,,ses-02,ses-01,3,,160,40,200,4,0.630000,0.630000,0.629407,0.669800,1.073941,0.505120,0.143861
eegnet,cross_session,sub-018,,ses-02,ses-03,3,,160,40,200,4,0.610000,0.610000,0.609375,0.643600,0.813751,0.515932,0.138289
eegnet,cross_session,sub-018,,ses-03,ses-01,3,,160,40,200,17,0.640000,0.640000,0.629286,0.686700,1.547401,0.549404,0.229270
eegnet,cross_session,sub-018,,ses-03,ses-02,3,,160,40,200,17,0.755000,0.755000,0.754847,0.802900,0.575778,0.369218,0.077397
eegnet,cross_session,sub-019,,ses-01,ses-02,3,,160,40,200,19,0.560000,0.560000,0.558410,0.581000,0.904554,0.601362,0.207283
eegnet,cross_session,sub-019,,ses-01,ses-03,3,,160,40,200,19,0.625000,0.625000,0.615769,0.672000,0.775457,0.520766,0.159365
eegnet,cross_session,sub-019,,ses-02,ses-01,3,,160,40,200,10,0.560000,0.560000,0.557166,0.591100,0.944318,0.564819,0.183552
eegnet,cross_session,sub-019,,ses-02,ses-03,3,,160,40,200,10,0.740000,0.740000,0.734802,0.840500,0.551264,0.366536,0.091112
eegnet,cross_session,sub-019,,ses-03,ses-01,3,,160,40,200,9,0.575000,0.575000,0.574904,0.596700,0.909483,0.543123,0.165728
eegnet,cross_session,sub-019,,ses-03,ses-02,3,,160,40,200,9,0.735000,0.735000,0.734196,0.785200,0.694220,0.390659,0.156553
eegnet,cross_session,sub-020,,ses-01,ses-02,3,,160,40,200,65,0.845000,0.845000,0.844965,0.923900,0.499263,0.225201,0.073468
eegnet,cross_session,sub-020,,ses-01,ses-03,3,,160,40,200,65,0.600000,0.600000,0.594156,0.655100,1.158588,0.616416,0.271760
eegnet,cross_session,sub-020,,ses-02,ses-01,3,,160,40,200,100,0.705000,0.705000,0.704401,0.733850,2.673694,0.542646,0.261761
eegnet,cross_session,sub-020,,ses-02,ses-03,3,,160,40,200,100,0.580000,0.580000,0.579622,0.605800,1.276710,0.666681,0.303252
eegnet,cross_session,sub-020,,ses-03,ses-01,3,,160,40,200,20,0.505000,0.505000,0.500492,0.458600,3.034989,0.899164,0.439325
eegnet,cross_session,sub-020,,ses-03,ses-02,3,,160,40,200,20,0.515000,0.515000,0.510583,0.445600,2.052041,0.837294,0.373450
eegnet,cross_session,sub-021,,ses-01,ses-02,3,,160,40,200,29,0.715000,0.715000,0.713388,0.728900,1.308338,0.505252,0.228894
eegnet,cross_session,sub-021,,ses-01,ses-03,3,,160,40,200,29,0.720000,0.720000,0.719748,0.804900,1.018940,0.460252,0.203444
eegnet,cross_session,sub-021,,ses-02,ses-01,3,,160,40,200,35,0.735000,0.735000,0.734993,0.811600,0.664448,0.395552,0.146496
eegnet,cross_session,sub-021,,ses-02,ses-03,3,,160,40,200,35,0.785000,0.785000,0.784088,0.882000,0.800698,0.357128,0.165061
eegnet,cross_session,sub-021,,ses-03,ses-01,3,,160,40,200,4,0.560000,0.560000,0.533107,0.577000,0.711223,0.514546,0.101236
eegnet,cross_session,sub-021,,ses-03,ses-02,3,,160,40,200,4,0.490000,0.490000,0.489796,0.466900,0.796878,0.586108,0.162841
eegnet,cross_session,sub-022,,ses-01,ses-02,3,,160,40,200,3,0.555000,0.555000,0.512582,0.563000,0.702054,0.506132,0.049084
eegnet,cross_session,sub-022,,ses-01,ses-03,3,,160,40,200,3,0.590000,0.590000,0.567100,0.678700,0.676373,0.481710,0.054462
eegnet,cross_session,sub-022,,ses-02,ses-01,3,,160,40,200,38,0.615000,0.615000,0.612198,0.616200,1.873970,0.656640,0.293241
eegnet,cross_session,sub-022,,ses-02,ses-03,3,,160,40,200,38,0.745000,0.745000,0.744687,0.811600,0.726493,0.385831,0.135529
eegnet,cross_session,sub-022,,ses-03,ses-01,3,,160,40,200,28,0.615000,0.615000,0.612198,0.660900,1.875429,0.649593,0.302509
eegnet,cross_session,sub-022,,ses-03,ses-02,3,,160,40,200,28,0.630000,0.630000,0.622603,0.695500,1.140448,0.572309,0.236322
eegnet,cross_session,sub-023,,ses-02,ses-03,3,,160,40,200,49,0.900000,0.900000,0.899960,0.926900,0.486254,0.185590,0.073551
eegnet,cross_session,sub-023,,ses-03,ses-02,3,,160,40,200,75,0.775000,0.775000,0.773363,0.857350,0.925887,0.348681,0.149469
eegnet,cross_session,sub-025,,ses-01,ses-02,3,,160,40,200,6,0.890000,0.890000,0.889989,0.945600,0.297902,0.178128,0.063288
eegnet,cross_session,sub-025,,ses-01,ses-03,3,,160,40,200,6,0.800000,0.800000,0.798367,0.886800,0.548056,0.276963,0.084893
eegnet,cross_session,sub-025,,ses-02,ses-01,3,,160,40,200,3,0.845000,0.845000,0.844903,0.893500,0.409183,0.245627,0.056457
eegnet,cross_session,sub-025,,ses-02,ses-03,3,,160,40,200,3,0.825000,0.825000,0.824469,0.873900,0.468970,0.284874,0.080434
eegnet,cross_session,sub-025,,ses-03,ses-01,3,,160,40,200,12,0.825000,0.825000,0.824891,0.903300,0.402133,0.247417,0.080006
eegnet,cross_session,sub-025,,ses-03,ses-02,3,,160,40,200,12,0.900000,0.900000,0.899960,0.955700,0.280746,0.141158,0.063067
eegnet,cross_session,sub-026,,ses-02,ses-03,3,,160,40,200,8,0.920000,0.920000,0.919992,0.959100,0.257497,0.131116,0.062644
eegnet,cross_session,sub-026,,ses-03,ses-02,3,,160,40,200,96,0.695000,0.695000,0.690912,0.789750,2.495243,0.568407,0.281692
eegnet,cross_session,sub-027,,ses-01,ses-02,3,,160,40,200,3,0.610000,0.610000,0.608591,0.652400,0.823167,0.535060,0.163704
eegnet,cross_session,sub-027,,ses-01,ses-03,3,,160,40,200,3,0.665000,0.665000,0.655624,0.684900,0.720106,0.480002,0.140545
eegnet,cross_session,sub-027,,ses-02,ses-01,3,,160,40,200,11,0.655000,0.655000,0.653048,0.740400,0.670650,0.449987,0.118664
eegnet,cross_session,sub-027,,ses-02,ses-03,3,,160,40,200,11,0.680000,0.680000,0.672634,0.766800,0.608703,0.409347,0.086040
eegnet,cross_session,sub-027,,ses-03,ses-01,3,,160,40,200,21,0.665000,0.665000,0.657805,0.732100,1.232916,0.543413,0.251558
eegnet,cross_session,sub-027,,ses-03,ses-02,3,,160,40,200,21,0.615000,0.615000,0.609840,0.631550,3.634684,0.735677,0.363236
eegnet,cross_session,sub-028,,ses-01,ses-02,3,,160,40,200,5,0.685000,0.685000,0.684614,0.731400,0.914674,0.476980,0.186562
eegnet,cross_session,sub-028,,ses-01,ses-03,3,,160,40,200,5,0.545000,0.545000,0.475066,0.613200,0.951190,0.624193,0.237948
eegnet,cross_session,sub-028,,ses-02,ses-01,3,,160,40,200,39,0.855000,0.855000,0.854180,0.926400,0.390690,0.215515,0.063916
eegnet,cross_session,sub-028,,ses-02,ses-03,3,,160,40,200,39,0.480000,0.480000,0.432252,0.483600,1.373487,0.759849,0.331553
eegnet,cross_session,sub-028,,ses-03,ses-01,3,,160,40,200,14,0.575000,0.575000,0.550157,0.695200,0.987228,0.595163,0.252839
eegnet,cross_session,sub-028,,ses-03,ses-02,3,,160,40,200,14,0.570000,0.570000,0.517450,0.624200,2.392552,0.756921,0.365470
eegnet,cross_session,sub-029,,ses-01,ses-02,3,,160,40,200,6,0.380000,0.380000,0.359239,0.373900,1.710793,0.923787,0.449093
eegnet,cross_session,sub-029,,ses-01,ses-03,3,,160,40,200,6,0.345000,0.345000,0.326669,0.294000,1.445151,0.905984,0.444119
eegnet,cross_session,sub-029,,ses-02,ses-01,3,,160,40,200,52,0.280000,0.280000,0.278195,0.255000,2.261435,1.136358,0.576679
eegnet,cross_session,sub-029,,ses-02,ses-03,3,,160,40,200,52,0.895000,0.895000,0.894787,0.966000,0.360149,0.138669,0.055811
eegnet,cross_session,sub-029,,ses-03,ses-01,3,,160,40,200,88,0.375000,0.375000,0.370452,0.337700,1.325022,0.858547,0.405519
eegnet,cross_session,sub-029,,ses-03,ses-02,3,,160,40,200,88,0.715000,0.715000,0.714650,0.771350,1.778067,0.477067,0.230573
eegnet,cross_session,sub-030,,ses-01,ses-02,3,,160,40,200,97,0.520000,0.520000,0.376299,0.945300,0.676927,0.483811,0.139028
eegnet,cross_session,sub-030,,ses-01,ses-03,3,,160,40,200,97,0.500000,0.500000,0.333333,0.932900,0.678863,0.485742,0.094361
eegnet,cross_session,sub-030,,ses-02,ses-01,3,,160,40,200,8,0.950000,0.950000,0.949955,0.978550,0.281149,0.090452,0.031638
eegnet,cross_session,sub-030,,ses-02,ses-03,3,,160,40,200,8,0.840000,0.840000,0.839936,0.925000,0.362758,0.216705,0.054543
eegnet,cross_session,sub-030,,ses-03,ses-01,3,,160,40,200,26,0.875000,0.875000,0.874997,0.933800,0.463548,0.182009,0.090227
eegnet,cross_session,sub-030,,ses-03,ses-02,3,,160,40,200,26,0.835000,0.835000,0.834499,0.926400,0.448573,0.240696,0.089622
eegnet,cross_session,sub-031,,ses-01,ses-02,3,,160,40,200,5,0.625000,0.625000,0.583692,0.706200,1.089389,0.613113,0.279318
eegnet,cross_session,sub-031,,ses-01,ses-03,3,,160,40,200,5,0.575000,0.575000,0.556356,0.657400,1.829309,0.681440,0.316629
eegnet,cross_session,sub-031,,ses-02,ses-01,3,,160,40,200,13,0.715000,0.715000,0.714993,0.823600,0.576714,0.370285,0.119233
eegnet,cross_session,sub-031,,ses-02,ses-03,3,,160,40,200,13,0.750000,0.750000,0.747475,0.772400,1.563638,0.429997,0.182069
eegnet,cross_session,sub-031,,ses-03,ses-01,3,,160,40,200,7,0.695000,0.695000,0.694931,0.760200,0.584519,0.397137,0.032972
eegnet,cross_session,sub-031,,ses-03,ses-02,3,,160,40,200,7,0.810000,0.810000,0.809314,0.886600,0.445736,0.283473,0.065225
eegnet,cross_session,sub-032,,ses-01,ses-03,3,,160,40,200,2,0.620000,0.620000,0.620000,0.694500,0.646434,0.454604,0.074877
eegnet,cross_session,sub-032,,ses-03,ses-01,3,,160,40,200,6,0.605000,0.605000,0.602125,0.625100,0.753523,0.523339,0.135161
eegnet,cross_session,sub-033,,ses-01,ses-02,3,,160,40,200,28,0.910000,0.910000,0.909919,0.961600,0.280111,0.137859,0.033631
eegnet,cross_session,sub-033,,ses-01,ses-03,3,,160,40,200,28,0.900000,0.900000,0.900000,0.970800,0.231803,0.149561,0.051423
eegnet,cross_session,sub-033,,ses-02,ses-01,3,,160,40,200,66,0.860000,0.860000,0.859311,0.935100,0.477187,0.234491,0.091035
eegnet,cross_session,sub-033,,ses-02,ses-03,3,,160,40,200,66,0.870000,0.870000,0.869987,0.939400,0.440412,0.199779,0.077680
eegnet,cross_session,sub-033,,ses-03,ses-01,3,,160,40,200,78,0.895000,0.895000,0.894997,0.954600,0.346817,0.159077,0.058587
eegnet,cross_session,sub-033,,ses-03,ses-02,3,,160,40,200,78,0.905000,0.905000,0.904807,0.944100,0.399596,0.168410,0.071152
eegnet,cross_session,sub-034,,ses-01,ses-02,3,,160,40,200,12,0.830000,0.830000,0.829574,0.867000,0.470044,0.277432,0.084121
eegnet,cross_session,sub-034,,ses-01,ses-03,3,,160,40,200,12,0.760000,0.760000,0.755202,0.835300,0.534310,0.353564,0.106954
eegnet,cross_session,sub-034,,ses-02,ses-01,3,,160,40,200,5,0.600000,0.600000,0.599359,0.651800,0.941984,0.567315,0.220077
eegnet,cross_session,sub-034,,ses-02,ses-03,3,,160,40,200,5,0.895000,0.895000,0.894871,0.963100,0.267592,0.158227,0.061744
eegnet,cross_session,sub-034,,ses-03,ses-01,3,,160,40,200,13,0.625000,0.625000,0.622271,0.683600,1.250656,0.588111,0.257925
eegnet,cross_session,sub-034,,ses-03,ses-02,3,,160,40,200,13,0.925000,0.925000,0.924983,0.961300,0.241125,0.126284,0.040808
eegnet,cross_session,sub-035,,ses-01,ses-02,3,,160,40,200,94,0.925000,0.925000,0.924848,0.984000,0.237842,0.117596,0.052716
eegnet,cross_session,sub-035,,ses-01,ses-03,3,,160,40,200,94,0.880000,0.880000,0.879952,0.943200,0.595182,0.204626,0.084778
eegnet,cross_session,sub-035,,ses-02,ses-01,3,,160,40,200,42,0.935000,0.935000,0.934868,0.989000,0.156169,0.094788,0.020589
eegnet,cross_session,sub-035,,ses-02,ses-03,3,,160,40,200,42,0.890000,0.890000,0.889989,0.952300,0.346536,0.178109,0.071428
eegnet,cross_session,sub-035,,ses-03,ses-01,3,,160,40,200,66,0.940000,0.940000,0.939994,0.987700,0.182571,0.100237,0.067861
eegnet,cross_session,sub-035,,ses-03,ses-02,3,,160,40,200,66,0.930000,0.930000,0.929972,0.980000,0.191225,0.109172,0.041291
eegnet,cross_session,sub-036,,ses-01,ses-02,3,,160,40,200,24,0.880000,0.880000,0.879699,0.960300,0.278447,0.168428,0.039720
eegnet,cross_session,sub-036,,ses-01,ses-03,3,,160,40,200,24,0.935000,0.935000,0.934868,0.983700,0.190477,0.110689,0.049816
eegnet,cross_session,sub-036,,ses-02,ses-01,3,,160,40,200,53,0.820000,0.820000,0.819928,0.847400,1.385899,0.309943,0.143760
eegnet,cross_session,sub-036,,ses-02,ses-03,3,,160,40,200,53,0.970000,0.970000,0.969973,0.993600,0.100984,0.044906,0.016023
eegnet,cross_session,sub-036,,ses-03,ses-01,3,,160,40,200,14,0.795000,0.795000,0.793840,0.856000,0.955337,0.316310,0.137998
eegnet,cross_session,sub-036,,ses-03,ses-02,3,,160,40,200,14,0.895000,0.895000,0.894997,0.935500,0.374780,0.180672,0.068803
eegnet,cross_session,sub-037,,ses-01,ses-02,3,,160,40,200,57,0.845000,0.845000,0.842540,0.941600,0.509501,0.326849,0.202692
eegnet,cross_session,sub-037,,ses-01,ses-03,3,,160,40,200,57,0.845000,0.845000,0.842540,0.943200,0.502697,0.320214,0.208549
eegnet,cross_session,sub-037,,ses-02,ses-01,3,,160,40,200,32,0.825000,0.825000,0.824785,0.906250,0.713008,0.278886,0.125088
eegnet,cross_session,sub-037,,ses-02,ses-03,3,,160,40,200,32,0.890000,0.890000,0.890000,0.954600,0.351690,0.161756,0.071646
eegnet,cross_session,sub-037,,ses-03,ses-01,3,,160,40,200,22,0.880000,0.880000,0.879892,0.946300,0.327619,0.177104,0.056787
eegnet,cross_session,sub-037,,ses-03,ses-02,3,,160,40,200,22,0.925000,0.925000,0.924983,0.976900,0.191730,0.108615,0.019253
eegnet,cross_session,sub-038,,ses-01,ses-02,3,,160,40,200,34,0.555000,0.555000,0.533433,0.627200,0.885931,0.589330,0.218798
eegnet,cross_session,sub-038,,ses-01,ses-03,3,,160,40,200,34,0.550000,0.550000,0.549595,0.576000,0.868463,0.592453,0.207196
eegnet,cross_session,sub-038,,ses-02,ses-01,3,,160,40,200,30,0.475000,0.475000,0.474672,0.470500,2.323698,0.836817,0.390682
eegnet,cross_session,sub-038,,ses-02,ses-03,3,,160,40,200,30,0.495000,0.495000,0.492857,0.502500,0.934393,0.659065,0.250868
eegnet,cross_session,sub-038,,ses-03,ses-01,3,,160,40,200,64,0.540000,0.540000,0.530804,0.562750,3.073985,0.779763,0.359804
eegnet,cross_session,sub-038,,ses-03,ses-02,3,,160,40,200,64,0.475000,0.475000,0.474672,0.482000,3.022536,0.892402,0.422393
eegnet,cross_session,sub-039,,ses-01,ses-02,3,,160,40,200,1,0.510000,0.510000,0.505999,0.480600,0.701055,0.507789,0.054561
eegnet,cross_session,sub-039,,ses-01,ses-03,3,,160,40,200,1,0.410000,0.410000,0.402774,0.404300,0.710339,0.517064,0.126704
eegnet,cross_session,sub-039,,ses-02,ses-01,3,,160,40,200,11,0.405000,0.405000,0.403195,0.401300,1.200224,0.794307,0.368521
eegnet,cross_session,sub-039,,ses-02,ses-03,3,,160,40,200,11,0.585000,0.585000,0.564887,0.679800,0.790451,0.540368,0.194065
eegnet,cross_session,sub-039,,ses-03,ses-01,3,,160,40,200,14,0.480000,0.480000,0.479167,0.459400,1.148032,0.748009,0.316908
eegnet,cross_session,sub-039,,ses-03,ses-02,3,,160,40,200,14,0.560000,0.560000,0.535424,0.589700,1.021887,0.637067,0.243715
eegnet,cross_session,sub-040,,ses-01,ses-02,3,,160,40,200,1,0.610000,0.610000,0.609649,0.631900,0.677407,0.484205,0.081680
eegnet,cross_session,sub-040,,ses-01,ses-03,3,,160,40,200,1,0.660000,0.660000,0.659864,0.683000,0.663432,0.470582,0.117550
eegnet,cross_session,sub-040,,ses-02,ses-01,3,,160,40,200,1,0.570000,0.570000,0.569828,0.606500,0.676228,0.483233,0.037467
eegnet,cross_session,sub-040,,ses-02,ses-03,3,,160,40,200,1,0.635000,0.635000,0.634918,0.677600,0.662062,0.469287,0.084260
eegnet,cross_session,sub-040,,ses-03,ses-01,3,,160,40,200,18,0.670000,0.670000,0.669967,0.742800,0.727175,0.455929,0.148094
eegnet,cross_session,sub-040,,ses-03,ses-02,3,,160,40,200,18,0.620000,0.620000,0.616897,0.666800,0.864589,0.542857,0.200370
eegnet,cross_session,sub-041,,ses-01,ses-02,3,,160,40,200,10,0.795000,0.795000,0.794872,0.894400,0.450273,0.279997,0.077119
eegnet,cross_session,sub-041,,ses-01,ses-03,3,,160,40,200,10,0.830000,0.830000,0.829932,0.914700,0.452293,0.246874,0.098960
eegnet,cross_session,sub-041,,ses-02,ses-01,3,,160,40,200,11,0.890000,0.890000,0.889989,0.937600,0.326775,0.172342,0.070082
eegnet,cross_session,sub-041,,ses-02,ses-03,3,,160,40,200,11,0.905000,0.905000,0.904807,0.957300,0.250049,0.148158,0.040522
eegnet,cross_session,sub-041,,ses-03,ses-01,3,,160,40,200,30,0.815000,0.815000,0.813953,0.911000,0.527992,0.250013,0.095834
eegnet,cross_session,sub-041,,ses-03,ses-02,3,,160,40,200,30,0.825000,0.825000,0.824996,0.899800,0.495088,0.270904,0.081843
eegnet,cross_session,sub-042,,ses-01,ses-02,3,,160,40,200,42,0.675000,0.675000,0.672635,0.740100,1.140271,0.510216,0.212671
eegnet,cross_session,sub-042,,ses-01,ses-03,3,,160,40,200,42,0.615000,0.615000,0.604225,0.649500,2.400283,0.656371,0.309581
eegnet,cross_session,sub-042,,ses-02,ses-01,3,,160,40,200,12,0.610000,0.610000,0.609961,0.643100,0.815604,0.539061,0.173264
eegnet,cross_session,sub-042,,ses-02,ses-03,3,,160,40,200,12,0.585000,0.585000,0.584990,0.625800,1.124825,0.601217,0.251567
eegnet,cross_session,sub-042,,ses-03,ses-01,3,,160,40,200,4,0.635000,0.635000,0.633893,0.645700,0.673838,0.476822,0.066382
eegnet,cross_session,sub-042,,ses-03,ses-02,3,,160,40,200,4,0.515000,0.515000,0.507302,0.540500,0.741796,0.540108,0.127470
eegnet,cross_session,sub-043,,ses-01,ses-02,3,,160,40,200,5,0.875000,0.875000,0.874847,0.935800,0.320373,0.194081,0.032086
eegnet,cross_session,sub-043,,ses-01,ses-03,3,,160,40,200,5,0.870000,0.870000,0.869792,0.928400,0.373288,0.191153,0.085564
eegnet,cross_session,sub-043,,ses-02,ses-01,3,,160,40,200,64,0.905000,0.905000,0.904941,0.972200,0.315842,0.147691,0.076549
eegnet,cross_session,sub-043,,ses-02,ses-03,3,,160,40,200,64,0.875000,0.875000,0.874997,0.955600,0.462493,0.199284,0.096312
eegnet,cross_session,sub-043,,ses-03,ses-01,3,,160,40,200,5,0.930000,0.930000,0.930000,0.981100,0.215492,0.117088,0.079696
eegnet,cross_session,sub-043,,ses-03,ses-02,3,,160,40,200,5,0.930000,0.930000,0.929993,0.985900,0.211097,0.113457,0.085421
eegnet,cross_session,sub-044,,ses-01,ses-02,3,,160,40,200,1,0.525000,0.525000,0.521543,0.517500,0.698279,0.504917,0.037548
eegnet,cross_session,sub-044,,ses-01,ses-03,3,,160,40,200,1,0.575000,0.575000,0.574989,0.588600,0.685672,0.492533,0.045353
eegnet,cross_session,sub-044,,ses-02,ses-01,3,,160,40,200,29,0.615000,0.615000,0.614990,0.646800,1.086551,0.591537,0.223644
eegnet,cross_session,sub-044,,ses-02,ses-03,3,,160,40,200,29,0.685000,0.685000,0.684614,0.762200,0.730687,0.441927,0.170473
eegnet,cross_session,sub-044,,ses-03,ses-01,3,,160,40,200,6,0.655000,0.655000,0.654991,0.714100,0.676623,0.452477,0.098953
eegnet,cross_session,sub-044,,ses-03,ses-02,3,,160,40,200,6,0.745000,0.745000,0.744943,0.812600,0.543128,0.359575,0.086677
eegnet,cross_session,sub-045,,ses-01,ses-02,3,,160,40,200,35,0.760000,0.760000,0.758454,0.865200,0.613358,0.337216,0.152613
eegnet,cross_session,sub-045,,ses-01,ses-03,3,,160,40,200,35,0.840000,0.840000,0.839936,0.885400,0.462942,0.257594,0.061941
eegnet,cross_session,sub-045,,ses-02,ses-01,3,,160,40,200,35,0.735000,0.735000,0.734462,0.798600,0.867076,0.391018,0.162654
eegnet,cross_session,sub-045,,ses-02,ses-03,3,,160,40,200,35,0.745000,0.745000,0.744943,0.797400,0.720963,0.399973,0.136484
eegnet,cross_session,sub-045,,ses-03,ses-01,3,,160,40,200,17,0.775000,0.775000,0.774994,0.813300,0.827957,0.363577,0.133099
eegnet,cross_session,sub-045,,ses-03,ses-02,3,,160,40,200,17,0.795000,0.795000,0.794378,0.856800,0.745248,0.307851,0.096803
eegnet,cross_session,sub-046,,ses-01,ses-02,3,,160,40,200,98,0.975000,0.975000,0.974999,0.997900,0.059673,0.037936,0.025923
eegnet,cross_session,sub-046,,ses-01,ses-03,3,,160,40,200,98,0.940000,0.940000,0.939946,0.969250,0.302714,0.110430,0.044030
eegnet,cross_session,sub-046,,ses-02,ses-01,3,,160,40,200,100,0.975000,0.975000,0.974994,0.998100,0.063935,0.034774,0.021575
eegnet,cross_session,sub-046,,ses-02,ses-03,3,,160,40,200,100,0.925000,0.925000,0.924998,0.956850,0.418806,0.126802,0.058685
eegnet,cross_session,sub-046,,ses-03,ses-01,3,,160,40,200,36,0.980000,0.980000,0.979998,0.999400,0.054870,0.028326,0.035097
eegnet,cross_session,sub-046,,ses-03,ses-02,3,,160,40,200,36,0.975000,0.975000,0.974984,0.995100,0.099841,0.047888,0.033601
eegnet,cross_session,sub-047,,ses-01,ses-02,3,,160,40,200,12,0.710000,0.710000,0.704202,0.790700,0.904392,0.436908,0.174284
eegnet,cross_session,sub-047,,ses-01,ses-03,3,,160,40,200,12,0.715000,0.715000,0.714936,0.793800,0.723621,0.396607,0.140293
eegnet,cross_session,sub-047,,ses-02,ses-01,3,,160,40,200,56,0.790000,0.790000,0.789241,0.869100,0.625308,0.328980,0.112666
eegnet,cross_session,sub-047,,ses-02,ses-03,3,,160,40,200,56,0.710000,0.710000,0.709273,0.760700,1.399095,0.497516,0.224118
eegnet,cross_session,sub-047,,ses-03,ses-01,3,,160,40,200,68,0.720000,0.720000,0.719298,0.781500,1.069209,0.455306,0.203681
eegnet,cross_session,sub-047,,ses-03,ses-02,3,,160,40,200,68,0.700000,0.700000,0.698068,0.818900,1.006762,0.447247,0.210533
eegnet,cross_session,sub-048,,ses-01,ses-02,3,,160,40,200,4,0.805000,0.805000,0.804761,0.883500,0.435056,0.271898,0.057315
eegnet,cross_session,sub-048,,ses-01,ses-03,3,,160,40,200,4,0.815000,0.815000,0.811566,0.930600,0.431129,0.277385,0.062284
eegnet,cross_session,sub-048,,ses-02,ses-01,3,,160,40,200,11,0.760000,0.760000,0.759784,0.823300,0.780517,0.357089,0.127600
eegnet,cross_session,sub-048,,ses-02,ses-03,3,,160,40,200,11,0.775000,0.775000,0.772951,0.867600,0.505602,0.320649,0.090344
eegnet,cross_session,sub-048,,ses-03,ses-01,3,,160,40,200,13,0.785000,0.785000,0.781009,0.904200,0.511758,0.302172,0.108402
eegnet,cross_session,sub-048,,ses-03,ses-02,3,,160,40,200,13,0.820000,0.820000,0.816906,0.934900,0.445383,0.275231,0.089646
eegnet,cross_session,sub-049,,ses-01,ses-02,3,,160,40,200,21,0.555000,0.555000,0.526583,0.604300,1.914305,0.697904,0.313390
eegnet,cross_session,sub-049,,ses-01,ses-03,3,,160,40,200,21,0.645000,0.645000,0.608589,0.778300,1.048811,0.538656,0.219857
eegnet,cross_session,sub-049,,ses-02,ses-01,3,,160,40,200,38,0.885000,0.885000,0.884997,0.942400,0.311281,0.170294,0.058971
eegnet,cross_session,sub-049,,ses-02,ses-03,3,,160,40,200,38,0.825000,0.825000,0.824010,0.906300,0.460643,0.257625,0.098128
eegnet,cross_session,sub-049,,ses-03,ses-01,3,,160,40,200,14,0.695000,0.695000,0.681620,0.809000,1.195753,0.503509,0.229058
eegnet,cross_session,sub-049,,ses-03,ses-02,3,,160,40,200,14,0.675000,0.675000,0.664732,0.710900,1.918665,0.544982,0.236275
eegnet,cross_session,sub-050,,ses-01,ses-02,3,,160,40,200,26,0.920000,0.920000,0.919968,0.975300,0.195467,0.118534,0.031759
eegnet,cross_session,sub-050,,ses-01,ses-03,3,,160,40,200,26,0.855000,0.855000,0.854385,0.944400,0.345198,0.203089,0.048869
eegnet,cross_session,sub-050,,ses-02,ses-01,3,,160,40,200,9,0.775000,0.775000,0.774859,0.779550,1.430576,0.391382,0.177444
eegnet,cross_session,sub-050,,ses-02,ses-03,3,,160,40,200,9,0.940000,0.940000,0.939850,0.983400,0.177677,0.097018,0.031152
eegnet,cross_session,sub-050,,ses-03,ses-01,3,,160,40,200,53,0.745000,0.745000,0.744483,0.759050,2.937914,0.449453,0.218784
eegnet,cross_session,sub-050,,ses-03,ses-02,3,,160,40,200,53,0.910000,0.910000,0.909991,0.968500,0.267566,0.143491,0.066420
eegnet,cross_session,sub-051,,ses-01,ses-02,3,,160,40,200,47,0.640000,0.640000,0.619892,0.741300,0.708302,0.479260,0.133808
eegnet,cross_session,sub-051,,ses-01,ses-03,3,,160,40,200,47,0.825000,0.825000,0.821242,0.925800,0.448577,0.259433,0.050594
eegnet,cross_session,sub-051,,ses-02,ses-01,3,,160,40,200,11,0.780000,0.780000,0.779802,0.785700,1.138431,0.380018,0.139148
eegnet,cross_session,sub-051,,ses-02,ses-03,3,,160,40,200,11,0.830000,0.830000,0.829932,0.908400,0.402914,0.243246,0.031811
eegnet,cross_session,sub-051,,ses-03,ses-01,3,,160,40,200,15,0.750000,0.750000,0.749975,0.754200,1.884454,0.433649,0.174960
eegnet,cross_session,sub-051,,ses-03,ses-02,3,,160,40,200,15,0.740000,0.740000,0.738325,0.812600,0.585641,0.370452,0.067682
eegnet,cross_session,sub-001,,ses-01,ses-02,4,,160,40,200,53,0.805000,0.805000,0.803897,0.866400,0.632589,0.323700,0.122763
eegnet,cross_session,sub-001,,ses-01,ses-03,4,,160,40,200,53,0.805000,0.805000,0.804761,0.870500,0.673331,0.323203,0.130984
eegnet,cross_session,sub-001,,ses-02,ses-01,4,,160,40,200,92,0.750000,0.750000,0.748769,0.824500,0.785462,0.367271,0.146042
eegnet,cross_session,sub-001,,ses-02,ses-03,4,,160,40,200,92,0.960000,0.960000,0.959996,0.996400,0.094774,0.054017,0.026106
eegnet,cross_session,sub-001,,ses-03,ses-01,4,,160,40,200,64,0.740000,0.740000,0.739583,0.830300,0.800338,0.412250,0.184237
eegnet,cross_session,sub-001,,ses-03,ses-02,4,,160,40,200,64,0.955000,0.955000,0.954972,0.988500,0.142574,0.072469,0.030435
eegnet,cross_session,sub-002,,ses-01,ses-02,4,,160,40,200,11,0.625000,0.625000,0.624765,0.676200,0.657308,0.458479,0.079615
eegnet,cross_session,sub-002,,ses-01,ses-03,4,,160,40,200,11,0.680000,0.680000,0.676081,0.728500,0.607744,0.423381,0.077697
eegnet,cross_session,sub-002,,ses-02,ses-01,4,,160,40,200,2,0.560000,0.560000,0.560000,0.584500,0.690870,0.493215,0.022949
eegnet,cross_session,sub-002,,ses-02,ses-03,4,,160,40,200,2,0.615000,0.615000,0.612198,0.659900,0.664064,0.471482,0.070449
eegnet,cross_session,sub-002,,ses-03,ses-01,4,,160,40,200,19,0.605000,0.605000,0.604911,0.659800,0.905149,0.559983,0.213325
eegnet,cross_session,sub-002,,ses-03,ses-02,4,,160,40,200,19,0.670000,0.670000,0.669868,0.717100,1.004410,0.483315,0.165116
eegnet,cross_session,sub-003,,ses-01,ses-02,4,,160,40,200,45,0.865000,0.865000,0.864997,0.952400,0.286162,0.172931,0.044323
eegnet,cross_session,sub-003,,ses-01,ses-03,4,,160,40,200,45,0.825000,0.825000,0.824645,0.874400,0.741400,0.287784,0.093445
eegnet,cross_session,sub-003,,ses-02,ses-01,4,,160,40,200,95,0.685000,0.685000,0.673837,0.764000,2.164880,0.560433,0.274745
eegnet,cross_session,sub-003,,ses-02,ses-03,4,,160,40,200,95,0.660000,0.660000,0.647266,0.749800,2.394127,0.606391,0.287911
eegnet,cross_session,sub-003,,ses-03,ses-01,4,,160,40,200,91,0.515000,0.515000,0.381200,0.506900,0.706181,0.512813,0.080493
eegnet,cross_session,sub-003,,ses-03,ses-02,4,,160,40,200,91,0.500000,0.500000,0.342019,0.654400,0.696633,0.503587,0.127874
eegnet,cross_session,sub-004,,ses-01,ses-02,4,,160,40,200,3,0.515000,0.515000,0.514988,0.564700,0.689183,0.496695,0.090333
eegnet,cross_session,sub-004,,ses-01,ses-03,4,,160,40,200,3,0.450000,0.450000,0.449780,0.451700,0.757957,0.557083,0.157060
eegnet,cross_session,sub-004,,ses-02,ses-01,4,,160,40,200,1,0.510000,0.510000,0.507587,0.521300,0.693897,0.500788,0.037952
eegnet,cross_session,sub-004,,ses-02,ses-03,4,,160,40,200,1,0.475000,0.475000,0.474356,0.466700,0.708455,0.515022,0.079413
eegnet,cross_session,sub-004,,ses-03,ses-01,4,,160,40,200,8,0.500000,0.500000,0.499199,0.475100,0.820740,0.594177,0.191485
eegnet,cross_session,sub-004,,ses-03,ses-02,4,,160,40,200,8,0.535000,0.535000,0.534430,0.531600,0.813953,0.572801,0.125730
eegnet,cross_session,sub-005,,ses-01,ses-02,4,,160,40,200,29,0.910000,0.910000,0.909991,0.951100,0.310395,0.141225,0.053283
eegnet,cross_session,sub-005,,ses-01,ses-03,4,,160,40,200,29,0.700000,0.700000,0.698523,0.750700,0.736188,0.462633,0.163735
eegnet,cross_session,sub-005,,ses-02,ses-01,4,,160,40,200,61,0.835000,0.835000,0.834996,0.900350,0.675112,0.252526,0.106642
eegnet,cross_session,sub-005,,ses-02,ses-03,4,,160,40,200,61,0.695000,0.695000,0.694381,0.763800,0.864337,0.473542,0.181873
eegnet,cross_session,sub-005,,ses-03,ses-01,4,,160,40,200,11,0.685000,0.685000,0.684361,0.750700,0.649142,0.433891,0.120694
eegnet,cross_session,sub-005,,ses-03,ses-02,4,,160,40,200,11,0.665000,0.665000,0.662562,0.717000,0.710646,0.469296,0.141592
eegnet,cross_session,sub-006,,ses-01,ses-02,4,,160,40,200,21,0.950000,0.950000,0.949980,0.980700,0.179108,0.100494,0.057691
eegnet,cross_session,sub-006,,ses-01,ses-03,4,,160,40,200,21,0.965000,0.965000,0.964999,0.996400,0.096764,0.051376,0.036440
eegnet,cross_session,sub-006,,ses-02,ses-01,4,,160,40,200,73,0.735000,0.735000,0.719510,0.891800,1.935971,0.478021,0.237393
eegnet,cross_session,sub-006,,ses-02,ses-03,4,,160,40,200,73,0.810000,0.810000,0.803638,0.937300,1.548140,0.367352,0.181717
eegnet,cross_session,sub-006,,ses-03,ses-01,4,,160,40,200,51,0.700000,0.700000,0.696326,0.800700,1.700731,0.507436,0.253716
eegnet,cross_session,sub-006,,ses-03,ses-02,4,,160,40,200,51,0.910000,0.910000,0.909919,0.970800,0.248352,0.150732,0.053337
eegnet,cross_session,sub-007,,ses-01,ses-02,4,,160,40,200,1,0.535000,0.535000,0.520309,0.562900,0.691359,0.498100,0.027011
eegnet,cross_session,sub-007,,ses-01,ses-03,4,,160,40,200,1,0.640000,0.640000,0.638699,0.656600,0.687018,0.493864,0.127694
eegnet,cross_session,sub-007,,ses-02,ses-01,4,,160,40,200,34,0.625000,0.625000,0.616946,0.657600,1.722600,0.636979,0.280597
eegnet,cross_session,sub-007,,ses-02,ses-03,4,,160,40,200,34,0.850000,0.850000,0.849865,0.898700,0.696669,0.238501,0.103065
eegnet,cross_session,sub-007,,ses-03,ses-01,4,,160,40,200,4,0.600000,0.600000,0.597424,0.633500,1.129178,0.619386,0.276291
eegnet,cross_session,sub-007,,ses-03,ses-02,4,,160,40,200,4,0.605000,0.605000,0.604516,0.645000,0.832697,0.547391,0.199223
eegnet,cross_session,sub-008,,ses-01,ses-02,4,,160,40,200,12,0.590000,0.590000,0.588519,0.635600,0.787939,0.522539,0.133212
eegnet,cross_session,sub-008,,ses-01,ses-03,4,,160,40,200,12,0.505000,0.505000,0.504988,0.532000,1.035066,0.667109,0.273915
eegnet,cross_session,sub-008,,ses-02,ses-01,4,,160,40,200,34,0.730000,0.730000,0.729757,0.790000,0.712638,0.406907,0.152167
eegnet,cross_session,sub-008,,ses-02,ses-03,4,,160,40,200,34,0.820000,0.820000,0.819712,0.880500,0.743385,0.302200,0.135987
eegnet,cross_session,sub-008,,ses-03,ses-01,4,,160,40,200,41,0.605000,0.605000,0.593945,0.657400,1.018441,0.569989,0.212601
eegnet,cross_session,sub-008,,ses-03,ses-02,4,,160,40,200,41,0.780000,0.780000,0.779802,0.878900,0.443590,0.286912,0.054676
eegnet,cross_session,sub-009,,ses-01,ses-02,4,,160,40,200,26,0.710000,0.710000,0.709739,0.801800,0.751227,0.426574,0.172365
eegnet,cross_session,sub-009,,ses-01,ses-03,4,,160,40,200,26,0.695000,0.695000,0.694381,0.734900,1.015019,0.462121,0.173164
eegnet,cross_session,sub-009,,ses-02,ses-01,4,,160,40,200,6,0.740000,0.740000,0.738325,0.808700,0.541896,0.359487,0.070601
eegnet,cross_session,sub-009,,ses-02,ses-03,4,,160,40,200,6,0.565000,0.565000,0.561834,0.639200,0.714020,0.491528,0.104731
eegnet,cross_session,sub-009,,ses-03,ses-01,4,,160,40,200,1,0.485000,0.485000,0.484678,0.512300,0.697765,0.504147,0.073583
eegnet,cross_session,sub-009,,ses-03,ses-02,4,,160,40,200,1,0.550000,0.550000,0.549820,0.560700,0.685946,0.493286,0.062872
eegnet,cross_session,sub-010,,ses-01,ses-02,4,,160,40,200,7,0.830000,0.830000,0.829983,0.862000,0.470903,0.293981,0.113635
eegnet,cross_session,sub-010,,ses-01,ses-03,4,,160,40,200,7,0.520000,0.520000,0.472527,0.614000,0.706131,0.508956,0.101332
eegnet,cross_session,sub-010,,ses-02,ses-01,4,,160,40,200,7,0.690000,0.690000,0.685471,0.774700,0.830104,0.434089,0.128931
eegnet,cross_session,sub-010,,ses-02,ses-03,4,,160,40,200,7,0.495000,0.495000,0.492143,0.508500,0.822315,0.583730,0.173472
eegnet,cross_session,sub-010,,ses-03,ses-01,4,,160,40,200,99,0.560000,0.560000,0.546906,0.565500,2.481167,0.775248,0.361731
eegnet,cross_session,sub-010,,ses-03,ses-02,4,,160,40,200,99,0.605000,0.605000,0.601403,0.597650,4.249382,0.738735,0.350340
eegnet,cross_session,sub-011,,ses-01,ses-02,4,,160,40,200,7,0.650000,0.650000,0.643003,0.686400,0.985146,0.513237,0.177248
eegnet,cross_session,sub-011,,ses-01,ses-03,4,,160,40,200,7,0.950000,0.950000,0.950000,0.983000,0.187358,0.091447,0.042678
eegnet,cross_session,sub-011,,ses-02,ses-01,4,,160,40,200,53,0.895000,0.895000,0.894681,0.966400,0.318603,0.152829,0.067501
eegnet,cross_session,sub-011,,ses-02,ses-03,4,,160,40,200,53,0.910000,0.910000,0.909557,0.966400,0.471670,0.159825,0.062335
eegnet,cross_session,sub-011,,ses-03,ses-01,4,,160,40,200,7,0.895000,0.895000,0.894871,0.941700,0.308392,0.174852,0.069851
eegnet,cross_session,sub-011,,ses-03,ses-02,4,,160,40,200,7,0.700000,0.700000,0.698523,0.732900,0.702083,0.432030,0.108393
eegnet,cross_session,sub-012,,ses-01,ses-02,4,,160,40,200,3,0.550000,0.550000,0.549820,0.563300,0.699178,0.503566,0.046491
eegnet,cross_session,sub-012,,ses-01,ses-03,4,,160,40,200,3,0.545000,0.545000,0.544898,0.576300,0.681734,0.489192,0.061444
eegnet,cross_session,sub-012,,ses-02,ses-01,4,,160,40,200,1,0.530000,0.530000,0.528822,0.524700,0.701420,0.506711,0.054004
eegnet,cross_session,sub-012,,ses-02,ses-03,4,,160,40,200,1,0.505000,0.505000,0.504889,0.519900,0.690695,0.497611,0.039284
eegnet,cross_session,sub-012,,ses-03,ses-01,4,,160,40,200,2,0.560000,0.560000,0.557833,0.580300,0.691899,0.492912,0.053841
eegnet,cross_session,sub-012,,ses-03,ses-02,4,,160,40,200,2,0.550000,0.550000,0.549595,0.567600,0.691423,0.497536,0.028903
eegnet,cross_session,sub-013,,ses-01,ses-02,4,,160,40,200,18,0.720000,0.720000,0.720000,0.830600,0.672135,0.359250,0.126207
eegnet,cross_session,sub-013,,ses-01,ses-03,4,,160,40,200,18,0.780000,0.780000,0.779449,0.867300,0.494089,0.292654,0.043825
eegnet,cross_session,sub-013,,ses-02,ses-01,4,,160,40,200,62,0.615000,0.615000,0.613366,0.669400,0.782163,0.520770,0.186084
eegnet,cross_session,sub-013,,ses-02,ses-03,4,,160,40,200,62,0.755000,0.755000,0.754257,0.822400,0.580763,0.353870,0.119383
eegnet,cross_session,sub-013,,ses-03,ses-01,4,,160,40,200,16,0.710000,0.710000,0.710000,0.783400,0.632376,0.394822,0.084525
eegnet,cross_session,sub-013,,ses-03,ses-02,4,,160,40,200,16,0.725000,0.725000,0.722999,0.798800,0.938833,0.425091,0.169745
eegnet,cross_session,sub-014,,ses-01,ses-02,4,,160,40,200,1,0.460000,0.460000,0.459784,0.453800,0.702978,0.509631,0.063348
eegnet,cross_session,sub-014,,ses-01,ses-03,4,,160,40,200,1,0.450000,0.450000,0.449780,0.433700,0.712980,0.519473,0.095017
eegnet,cross_session,sub-014,,ses-02,ses-01,4,,160,40,200,1,0.520000,0.520000,0.518797,0.509000,0.714948,0.519540,0.061228
eegnet,cross_session,sub-014,,ses-02,ses-03,4,,160,40,200,1,0.440000,0.440000,0.439776,0.415500,0.736566,0.541225,0.128057
eegnet,cross_session,sub-014,,ses-03,ses-01,4,,160,40,200,3,0.500000,0.500000,0.499550,0.476800,0.734467,0.535705,0.084368
eegnet,cross_session,sub-014,,ses-03,ses-02,4,,160,40,200,3,0.475000,0.475000,0.473935,0.485900,0.730530,0.518810,0.072414
eegnet,cross_session,sub-015,,ses-01,ses-02,4,,160,40,200,41,0.700000,0.700000,0.699880,0.744400,1.099013,0.491303,0.193983
eegnet,cross_session,sub-015,,ses-01,ses-03,4,,160,40,200,41,0.530000,0.530000,0.517652,0.532800,2.049482,0.796599,0.378804
eegnet,cross_session,sub-015,,ses-02,ses-01,4,,160,40,200,1,0.505000,0.505000,0.499482,0.514000,0.692940,0.499833,0.044731
eegnet,cross_session,sub-015,,ses-02,ses-03,4,,160,40,200,1,0.530000,0.530000,0.529247,0.583600,0.766829,0.495031,0.051521
eegnet,cross_session,sub-015,,ses-03,ses-01,4,,160,40,200,1,0.500000,0.500000,0.333333,0.586600,0.692694,0.499547,0.011646
eegnet,cross_session,sub-015,,ses-03,ses-02,4,,160,40,200,1,0.500000,0.500000,0.333333,0.624400,0.692084,0.498937,0.011353
eegnet,cross_session,sub-016,,ses-01,ses-02,4,,160,40,200,2,0.470000,0.470000,0.466586,0.467000,0.717899,0.523920,0.094293
eegnet,cross_session,sub-016,,ses-01,ses-03,4,,160,40,200,2,0.540000,0.540000,0.537735,0.540700,0.695114,0.501354,0.052827
eegnet,cross_session,sub-016,,ses-02,ses-01,4,,160,40,200,1,0.500000,0.500000,0.498747,0.519100,0.701438,0.507771,0.084896
eegnet,cross_session,sub-016,,ses-02,ses-03,4,,160,40,200,1,0.530000,0.530000,0.529247,0.584700,0.678992,0.486163,0.050552
eegnet,cross_session,sub-016,,ses-03,ses-01,4,,160,40,200,1,0.520000,0.520000,0.519568,0.580500,0.685825,0.492234,0.079733
eegnet,cross_session,sub-016,,ses-03,ses-02,4,,160,40,200,1,0.490000,0.490000,0.489183,0.536600,0.690815,0.498033,0.090310
eegnet,cross_session,sub-017,,ses-01,ses-02,4,,160,40,200,80,0.645000,0.645000,0.643923,0.683600,0.919640,0.539490,0.218433
eegnet,cross_session,sub-017,,ses-01,ses-03,4,,160,40,200,80,0.625000,0.625000,0.614505,0.700000,1.644716,0.627145,0.293423
eegnet,cross_session,sub-017,,ses-02,ses-01,4,,160,40,200,9,0.745000,0.745000,0.744483,0.813400,0.644583,0.357754,0.078174
eegnet,cross_session,sub-017,,ses-02,ses-03,4,,160,40,200,9,0.730000,0.730000,0.725359,0.835400,0.764614,0.417698,0.168205
eegnet,cross_session,sub-017,,ses-03,ses-01,4,,160,40,200,9,0.640000,0.640000,0.635591,0.701900,0.789644,0.465989,0.137307
eegnet,cross_session,sub-017,,ses-03,ses-02,4,,160,40,200,9,0.670000,0.670000,0.666667,0.736000,0.612114,0.424794,0.105806
eegnet,cross_session,sub-018,,ses-01,ses-02,4,,160,40,200,31,0.680000,0.680000,0.666667,0.787400,0.599310,0.411561,0.078396
eegnet,cross_session,sub-018,,ses-01,ses-03,4,,160,40,200,31,0.605000,0.605000,0.579776,0.643400,0.681692,0.485259,0.054848
eegnet,cross_session,sub-018,,ses-02,ses-01,4,,160,40,200,9,0.675000,0.675000,0.674601,0.722900,0.891722,0.484775,0.176427
eegnet,cross_session,sub-018,,ses-02,ses-03,4,,160,40,200,9,0.680000,0.680000,0.679198,0.702600,0.758406,0.471678,0.127402
eegnet,cross_session,sub-018,,ses-03,ses-01,4,,160,40,200,12,0.650000,0.650000,0.643983,0.724450,1.073297,0.494523,0.189451
eegnet,cross_session,sub-018,,ses-03,ses-02,4,,160,40,200,12,0.680000,0.680000,0.679487,0.758600,0.623099,0.413810,0.072033
eegnet,cross_session,sub-019,,ses-01,ses-02,4,,160,40,200,1,0.435000,0.435000,0.434873,0.450900,0.703440,0.510257,0.102462
eegnet,cross_session,sub-019,,ses-01,ses-03,4,,160,40,200,1,0.470000,0.470000,0.469788,0.482300,0.698954,0.505767,0.066040
eegnet,cross_session,sub-019,,ses-02,ses-01,4,,160,40,200,22,0.515000,0.515000,0.513528,0.565800,1.044471,0.665870,0.290871
eegnet,cross_session,sub-019,,ses-02,ses-03,4,,160,40,200,22,0.790000,0.790000,0.789474,0.859200,0.518870,0.317133,0.095340
eegnet,cross_session,sub-019,,ses-03,ses-01,4,,160,40,200,54,0.595000,0.595000,0.594909,0.598000,1.287230,0.647469,0.279927
eegnet,cross_session,sub-019,,ses-03,ses-02,4,,160,40,200,54,0.695000,0.695000,0.693706,0.797550,0.811885,0.444431,0.195696
eegnet,cross_session,sub-020,,ses-01,ses-02,4,,160,40,200,94,0.750000,0.750000,0.748390,0.804000,1.019086,0.415572,0.180818
eegnet,cross_session,sub-020,,ses-01,ses-03,4,,160,40,200,94,0.620000,0.620000,0.619848,0.680300,1.067366,0.594276,0.255570
eegnet,cross_session,sub-020,,ses-02,ses-01,4,,160,40,200,79,0.700000,0.700000,0.696970,0.751850,2.540457,0.529298,0.239767
eegnet,cross_session,sub-020,,ses-02,ses-03,4,,160,40,200,79,0.550000,0.550000,0.549955,0.607000,1.094370,0.647099,0.288483
eegnet,cross_session,sub-020,,ses-03,ses-01,4,,160,40,200,34,0.465000,0.465000,0.461106,0.457300,2.840949,0.935801,0.458145
eegnet,cross_session,sub-020,,ses-03,ses-02,4,,160,40,200,34,0.475000,0.475000,0.474987,0.449700,2.670971,0.883366,0.420313
eegnet,cross_session,sub-021,,ses-01,ses-02,4,,160,40,200,43,0.725000,0.725000,0.724993,0.770100,1.405672,0.493345,0.231708
eegnet,cross_session,sub-021,,ses-01,ses-03,4,,160,40,200,43,0.765000,0.765000,0.764712,0.805600,1.578835,0.420309,0.189401
eegnet,cross_session,sub-021,,ses-02,ses-01,4,,160,40,200,48,0.805000,0.805000,0.804878,0.874100,0.604602,0.304269,0.120807
eegnet,cross_session,sub-021,,ses-02,ses-03,4,,160,40,200,48,0.785000,0.785000,0.784564,0.851900,0.975113,0.365218,0.160920
eegnet,cross_session,sub-021,,ses-03,ses-01,4,,160,40,200,7,0.560000,0.560000,0.519598,0.610300,0.751912,0.536268,0.139770
eegnet,cross_session,sub-021,,ses-03,ses-02,4,,160,40,200,7,0.555000,0.555000,0.545443,0.537400,0.792714,0.569591,0.165119
eegnet,cross_session,sub-022,,ses-01,ses-02,4,,160,40,200,30,0.475000,0.475000,0.456395,0.502000,1.903165,0.848039,0.398836
eegnet,cross_session,sub-022,,ses-01,ses-03,4,,160,40,200,30,0.540000,0.540000,0.539954,0.553200,1.295579,0.625278,0.226102
eegnet,cross_session,sub-022,,ses-02,ses-01,4,,160,40,200,1,0.510000,0.510000,0.509951,0.531900,0.693535,0.500285,0.078478
eegnet,cross_session,sub-022,,ses-02,ses-03,4,,160,40,200,1,0.590000,0.590000,0.588972,0.577500,0.687832,0.494673,0.075911
eegnet,cross_session,sub-022,,ses-03,ses-01,4,,160,40,200,13,0.595000,0.595000,0.592053,0.614500,1.215555,0.618450,0.266672
eegnet,cross_session,sub-022,,ses-03,ses-02,4,,160,40,200,13,0.625000,0.625000,0.623409,0.656800,0.977455,0.558049,0.210912
eegnet,cross_session,sub-023,,ses-02,ses-03,4,,160,40,200,69,0.890000,0.890000,0.889824,0.950000,0.385892,0.185393,0.076453
eegnet,cross_session,sub-023,,ses-03,ses-02,4,,160,40,200,96,0.715000,0.715000,0.714135,0.777850,1.506287,0.475171,0.239677
eegnet,cross_session,sub-025,,ses-01,ses-02,4,,160,40,200,4,0.870000,0.870000,0.869674,0.930200,0.349904,0.214236,0.058602
eegnet,cross_session,sub-025,,ses-01,ses-03,4,,160,40,200,4,0.775000,0.775000,0.772492,0.863000,0.534237,0.317277,0.062352
eegnet,cross_session,sub-025,,ses-02,ses-01,4,,160,40,200,8,0.855000,0.855000,0.854996,0.925700,0.350692,0.206030,0.061249
eegnet,cross_session,sub-025,,ses-02,ses-03,4,,160,40,200,8,0.830000,0.830000,0.829728,0.903100,0.433649,0.239035,0.079055
eegnet,cross_session,sub-025,,ses-03,ses-01,4,,160,40,200,7,0.770000,0.770000,0.769793,0.850600,0.477072,0.310226,0.062956
eegnet,cross_session,sub-025,,ses-03,ses-02,4,,160,40,200,7,0.890000,0.890000,0.889724,0.952100,0.320368,0.188450,0.090871
eegnet,cross_session,sub-026,,ses-02,ses-03,4,,160,40,200,9,0.890000,0.890000,0.889901,0.952700,0.284597,0.150156,0.043867
eegnet,cross_session,sub-026,,ses-03,ses-02,4,,160,40,200,74,0.765000,0.765000,0.761270,0.877250,1.211452,0.419195,0.193969
eegnet,cross_session,sub-027,,ses-01,ses-02,4,,160,40,200,22,0.560000,0.560000,0.551204,0.630000,1.823408,0.738099,0.351035
eegnet,cross_session,sub-027,,ses-01,ses-03,4,,160,40,200,22,0.705000,0.705000,0.703748,0.755200,1.007954,0.458020,0.178829
eegnet,cross_session,sub-027,,ses-02,ses-01,4,,160,40,200,8,0.685000,0.685000,0.678235,0.792000,0.590853,0.401322,0.070791
eegnet,cross_session,sub-027,,ses-02,ses-03,4,,160,40,200,8,0.735000,0.735000,0.733876,0.789000,0.585134,0.383942,0.090193
eegnet,cross_session,sub-027,,ses-03,ses-01,4,,160,40,200,55,0.715000,0.715000,0.712926,0.780100,1.654027,0.458397,0.206440
eegnet,cross_session,sub-027,,ses-03,ses-02,4,,160,40,200,55,0.585000,0.585000,0.583239,0.599100,3.568971,0.755874,0.367480
eegnet,cross_session,sub-028,,ses-01,ses-02,4,,160,40,200,24,0.735000,0.735000,0.733876,0.759950,1.842179,0.494217,0.229513
eegnet,cross_session,sub-028,,ses-01,ses-03,4,,160,40,200,24,0.545000,0.545000,0.510634,0.539100,1.702275,0.752455,0.329579
eegnet,cross_session,sub-028,,ses-02,ses-01,4,,160,40,200,52,0.845000,0.845000,0.843872,0.918700,0.411205,0.217938,0.078225
eegnet,cross_session,sub-028,,ses-02,ses-03,4,,160,40,200,52,0.520000,0.520000,0.507389,0.528200,1.197919,0.698700,0.284425
eegnet,cross_session,sub-028,,ses-03,ses-01,4,,160,40,200,60,0.615000,0.615000,0.612198,0.667500,1.636524,0.657079,0.318093
eegnet,cross_session,sub-028,,ses-03,ses-02,4,,160,40,200,60,0.570000,0.570000,0.555601,0.598450,4.271425,0.780621,0.381695
eegnet,cross_session,sub-029,,ses-01,ses-02,4,,160,40,200,8,0.420000,0.420000,0.411526,0.399600,3.777092,1.048522,0.525199
eegnet,cross_session,sub-029,,ses-01,ses-03,4,,160,40,200,8,0.345000,0.345000,0.313255,0.297200,1.986584,0.985815,0.488395
eegnet,cross_session,sub-029,,ses-02,ses-01,4,,160,40,200,12,0.330000,0.330000,0.314578,0.302100,0.995722,0.738099,0.354081
eegnet,cross_session,sub-029,,ses-02,ses-03,4,,160,40,200,12,0.950000,0.950000,0.949955,0.988300,0.181062,0.097104,0.074311
eegnet,cross_session,sub-029,,ses-03,ses-01,4,,160,40,200,51,0.340000,0.340000,0.331916,0.325900,1.215427,0.824234,0.400799
eegnet,cross_session,sub-029,,ses-03,ses-02,4,,160,40,200,51,0.860000,0.860000,0.859944,0.933700,0.403105,0.208711,0.081808
eegnet,cross_session,sub-030,,ses-01,ses-02,4,,160,40,200,4,0.780000,0.780000,0.770833,0.948100,0.687372,0.494225,0.276123
eegnet,cross_session,sub-030,,ses-01,ses-03,4,,160,40,200,4,0.795000,0.795000,0.787735,0.935700,0.686375,0.493229,0.290417
eegnet,cross_session,sub-030,,ses-02,ses-01,4,,160,40,200,10,0.925000,0.925000,0.924953,0.968750,0.336104,0.124448,0.049908
eegnet,cross_session,sub-030,,ses-02,ses-03,4,,160,40,200,10,0.880000,0.880000,0.879988,0.953300,0.282676,0.170434,0.016740
eegnet,cross_session,sub-030,,ses-03,ses-01,4,,160,40,200,60,0.645000,0.645000,0.644778,0.696300,1.825795,0.622115,0.302811
eegnet,cross_session,sub-030,,ses-03,ses-02,4,,160,40,200,60,0.645000,0.645000,0.635065,0.768100,1.320342,0.590443,0.277446
eegnet,cross_session,sub-031,,ses-01,ses-02,4,,160,40,200,34,0.605000,0.605000,0.567349,0.724400,1.891440,0.686446,0.332350
eegnet,cross_session,sub-031,,ses-01,ses-03,4,,160,40,200,34,0.555000,0.555000,0.528988,0.638300,3.376849,0.842088,0.414655
eegnet,cross_session,sub-031,,ses-02,ses-01,4,,160,40,200,8,0.745000,0.745000,0.744687,0.813900,0.571465,0.362402,0.100961
eegnet,cross_session,sub-031,,ses-02,ses-03,4,,160,40,200,8,0.755000,0.755000,0.750452,0.804300,1.054649,0.400738,0.174289
eegnet,cross_session,sub-031,,ses-03,ses-01,4,,160,40,200,20,0.675000,0.675000,0.674341,0.775000,0.603149,0.401879,0.106170
eegnet,cross_session,sub-031,,ses-03,ses-02,4,,160,40,200,20,0.775000,0.775000,0.774543,0.852200,0.477897,0.309680,0.069968
eegnet,cross_session,sub-032,,ses-01,ses-03,4,,160,40,200,1,0.580000,0.580000,0.577295,0.612600,0.685541,0.492096,0.070272
eegnet,cross_session,sub-032,,ses-03,ses-01,4,,160,40,200,5,0.545000,0.545000,0.542426,0.550300,0.958505,0.592223,0.188775
eegnet,cross_session,sub-033,,ses-01,ses-02,4,,160,40,200,86,0.945000,0.945000,0.944999,0.981400,0.185836,0.083212,0.031006
eegnet,cross_session,sub-033,,ses-01,ses-03,4,,160,40,200,86,0.920000,0.920000,0.919992,0.970200,0.255211,0.127876,0.044958
eegnet,cross_session,sub-033,,ses-02,ses-01,4,,160,40,200,97,0.905000,0.905000,0.904883,0.971900,0.316100,0.161872,0.069923
eegnet,cross_session,sub-033,,ses-02,ses-03,4,,160,40,200,97,0.920000,0.920000,0.919928,0.976100,0.255727,0.128486,0.052163
eegnet,cross_session,sub-033,,ses-03,ses-01,4,,160,40,200,24,0.880000,0.880000,0.879892,0.939800,0.380000,0.187683,0.074375
eegnet,cross_session,sub-033,,ses-03,ses-02,4,,160,40,200,24,0.940000,0.940000,0.939994,0.976500,0.206441,0.100023,0.029190
eegnet,cross_session,sub-034,,ses-01,ses-02,4,,160,40,200,16,0.880000,0.880000,0.879892,0.929300,0.365419,0.201548,0.068596
eegnet,cross_session,sub-034,,ses-01,ses-03,4,,160,40,200,16,0.725000,0.725000,0.708925,0.811800,0.733711,0.443328,0.157078
eegnet,cross_session,sub-034,,ses-02,ses-01,4,,160,40,200,40,0.605000,0.605000,0.603801,0.641300,2.021329,0.664966,0.308247
eegnet,cross_session,sub-034,,ses-02,ses-03,4,,160,40,200,40,0.875000,0.875000,0.873607,0.977500,0.377258,0.210518,0.091484
eegnet,cross_session,sub-034,,ses-03,ses-01,4,,160,40,200,73,0.665000,0.665000,0.664320,0.715050,1.624574,0.586373,0.283501
eegnet,cross_session,sub-034,,ses-03,ses-02,4,,160,40,200,73,0.925000,0.925000,0.924998,0.971500,0.294691,0.126115,0.058508
eegnet,cross_session,sub-035,,ses-01,ses-02,4,,160,40,200,62,0.925000,0.925000,0.924953,0.984700,0.176797,0.114408,0.042140
eegnet,cross_session,sub-035,,ses-01,ses-03,4,,160,40,200,62,0.915000,0.915000,0.914828,0.956300,0.448391,0.150664,0.062884
eegnet,cross_session,sub-035,,ses-02,ses-01,4,,160,40,200,29,0.950000,0.950000,0.950000,0.988900,0.134130,0.076467,0.028665
eegnet,cross_session,sub-035,,ses-02,ses-03,4,,160,40,200,29,0.890000,0.890000,0.889956,0.966200,0.337202,0.135560,0.048270
eegnet,cross_session,sub-035,,ses-03,ses-01,4,,160,40,200,85,0.955000,0.955000,0.954990,0.977900,0.211053,0.085096,0.042229
eegnet,cross_session,sub-035,,ses-03,ses-02,4,,160,40,200,85,0.935000,0.935000,0.934998,0.980000,0.205937,0.110110,0.036961
eegnet,cross_session,sub-036,,ses-01,ses-02,4,,160,40,200,15,0.940000,0.940000,0.939994,0.990300,0.158759,0.086227,0.064155
eegnet,cross_session,sub-036,,ses-01,ses-03,4,,160,40,200,15,0.980000,0.980000,0.980000,0.998300,0.110927,0.046115,0.068339
eegnet,cross_session,sub-036,,ses-02,ses-01,4,,160,40,200,10,0.885000,0.885000,0.884997,0.903900,0.519562,0.211002,0.079665
eegnet,cross_session,sub-036,,ses-02,ses-03,4,,160,40,200,10,0.990000,0.990000,0.990000,0.995800,0.066576,0.025049,0.032179
eegnet,cross_session,sub-036,,ses-03,ses-01,4,,160,40,200,45,0.855000,0.855000,0.854996,0.874200,1.041630,0.253812,0.099911
eegnet,cross_session,sub-036,,ses-03,ses-02,4,,160,40,200,45,0.890000,0.890000,0.889989,0.946100,0.373851,0.183768,0.071005
eegnet,cross_session,sub-037,,ses-01,ses-02,4,,160,40,200,69,0.875000,0.875000,0.874293,0.953900,0.476540,0.296843,0.223965
eegnet,cross_session,sub-037,,ses-01,ses-03,4,,160,40,200,69,0.845000,0.845000,0.842123,0.966600,0.474290,0.298030,0.192623
eegnet,cross_session,sub-037,,ses-02,ses-01,4,,160,40,200,5,0.845000,0.845000,0.844996,0.913800,0.410649,0.230795,0.059456
eegnet,cross_session,sub-037,,ses-02,ses-03,4,,160,40,200,5,0.925000,0.925000,0.924998,0.963500,0.275488,0.139554,0.039636
eegnet,cross_session,sub-037,,ses-03,ses-01,4,,160,40,200,7,0.870000,0.870000,0.869792,0.935500,0.332351,0.199129,0.061674
eegnet,cross_session,sub-037,,ses-03,ses-02,4,,160,40,200,7,0.900000,0.900000,0.899960,0.952700,0.277160,0.163667,0.041116
eegnet,cross_session,sub-038,,ses-01,ses-02,4,,160,40,200,1,0.525000,0.525000,0.504162,0.479600,0.697050,0.503720,0.028623
eegnet,cross_session,sub-038,,ses-01,ses-03,4,,160,40,200,1,0.405000,0.405000,0.390353,0.398300,0.696966,0.503817,0.103281
eegnet,cross_session,sub-038,,ses-02,ses-01,4,,160,40,200,65,0.460000,0.460000,0.458049,0.487350,2.802370,0.871193,0.418983
eegnet,cross_session,sub-038,,ses-02,ses-03,4,,160,40,200,65,0.495000,0.495000,0.491325,0.503900,1.141345,0.718695,0.312060
eegnet,cross_session,sub-038,,ses-03,ses-01,4,,160,40,200,45,0.570000,0.570000,0.570000,0.568750,2.977810,0.732070,0.332152
eegnet,cross_session,sub-038,,ses-03,ses-02,4,,160,40,200,45,0.470000,0.470000,0.468085,0.451500,2.855693,0.921927,0.442273
eegnet,cross_session,sub-039,,ses-01,ses-02,4,,160,40,200,26,0.515000,0.515000,0.514697,0.479500,1.324477,0.756955,0.318186
eegnet,cross_session,sub-039,,ses-01,ses-03,4,,160,40,200,26,0.455000,0.455000,0.451034,0.408900,1.432718,0.837971,0.394874
eegnet,cross_session,sub-039,,ses-02,ses-01,4,,160,40,200,14,0.445000,0.445000,0.425332,0.410500,1.417114,0.849611,0.369940
eegnet,cross_session,sub-039,,ses-02,ses-03,4,,160,40,200,14,0.590000,0.590000,0.587359,0.620200,0.864410,0.576912,0.209167
eegnet,cross_session,sub-039,,ses-03,ses-01,4,,160,40,200,4,0.410000,0.410000,0.409054,0.389300,0.925236,0.679288,0.271436
eegnet,cross_session,sub-039,,ses-03,ses-02,4,,160,40,200,4,0.535000,0.535000,0.510204,0.526300,0.710747,0.514745,0.110045
eegnet,cross_session,sub-040,,ses-01,ses-02,4,,160,40,200,82,0.695000,0.695000,0.694381,0.762700,0.973839,0.486018,0.210238
eegnet,cross_session,sub-040,,ses-01,ses-03,4,,160,40,200,82,0.815000,0.815000,0.814958,0.885900,0.517468,0.296549,0.103229
eegnet,cross_session,sub-040,,ses-02,ses-01,4,,160,40,200,1,0.540000,0.540000,0.539586,0.550100,0.700031,0.505051,0.037594
eegnet,cross_session,sub-040,,ses-02,ses-03,4,,160,40,200,1,0.590000,0.590000,0.586652,0.628400,0.672512,0.479051,0.066617
eegnet,cross_session,sub-040,,ses-03,ses-01,4,,160,40,200,20,0.730000,0.730000,0.729892,0.796100,0.607138,0.391156,0.104836
eegnet,cross_session,sub-040,,ses-03,ses-02,4,,160,40,200,20,0.670000,0.670000,0.668375,0.736500,0.705645,0.435287,0.097959
eegnet,cross_session,sub-041,,ses-01,ses-02,4,,160,40,200,27,0.870000,0.870000,0.869987,0.946400,0.326884,0.185233,0.065169
eegnet,cross_session,sub-041,,ses-01,ses-03,4,,160,40,200,27,0.880000,0.880000,0.879808,0.959300,0.303211,0.173682,0.059198
eegnet,cross_session,sub-041,,ses-02,ses-01,4,,160,40,200,26,0.865000,0.865000,0.864590,0.935000,0.368047,0.192656,0.083370
eegnet,cross_session,sub-041,,ses-02,ses-03,4,,160,40,200,26,0.900000,0.900000,0.900000,0.956900,0.295712,0.149240,0.062278
eegnet,cross_session,sub-041,,ses-03,ses-01,4,,160,40,200,21,0.865000,0.865000,0.864018,0.937600,0.389287,0.203798,0.039705
eegnet,cross_session,sub-041,,ses-03,ses-02,4,,160,40,200,21,0.865000,0.865000,0.864916,0.944400,0.304127,0.196509,0.064243
eegnet,cross_session,sub-042,,ses-01,ses-02,4,,160,40,200,27,0.720000,0.720000,0.718988,0.740000,0.762634,0.437514,0.142190
eegnet,cross_session,sub-042,,ses-01,ses-03,4,,160,40,200,27,0.660000,0.660000,0.658772,0.683300,1.705045,0.549958,0.237787
eegnet,cross_session,sub-042,,ses-02,ses-01,4,,160,40,200,17,0.705000,0.705000,0.704993,0.753600,0.707121,0.425624,0.106749
eegnet,cross_session,sub-042,,ses-02,ses-03,4,,160,40,200,17,0.600000,0.600000,0.598997,0.623900,1.369912,0.636231,0.254208
eegnet,cross_session,sub-042,,ses-03,ses-01,4,,160,40,200,12,0.740000,0.740000,0.737877,0.783500,0.638519,0.384211,0.120412
eegnet,cross_session,sub-042,,ses-03,ses-02,4,,160,40,200,12,0.570000,0.570000,0.569828,0.589400,0.797208,0.552764,0.160822
eegnet,cross_session,sub-043,,ses-01,ses-02,4,,160,40,200,100,0.945000,0.945000,0.944999,0.993600,0.103483,0.067816,0.037504
eegnet,cross_session,sub-043,,ses-01,ses-03,4,,160,40,200,100,0.930000,0.930000,0.929993,0.973700,0.277435,0.111761,0.035445
eegnet,cross_session,sub-043,,ses-02,ses-01,4,,160,40,200,22,0.925000,0.925000,0.924953,0.979300,0.185662,0.102762,0.036679
eegnet,cross_session,sub-043,,ses-02,ses-03,4,,160,40,200,22,0.895000,0.895000,0.894787,0.967100,0.269712,0.151788,0.051386
eegnet,cross_session,sub-043,,ses-03,ses-01,4,,160,40,200,43,0.970000,0.970000,0.969997,0.998200,0.064346,0.039228,0.023438
eegnet,cross_session,sub-043,,ses-03,ses-02,4,,160,40,200,43,0.985000,0.985000,0.985000,0.998700,0.049263,0.026361,0.013642
eegnet,cross_session,sub-044,,ses-01,ses-02,4,,160,40,200,7,0.585000,0.585000,0.583239,0.611500,0.716613,0.510150,0.129521
eegnet,cross_session,sub-044,,ses-01,ses-03,4,,160,40,200,7,0.635000,0.635000,0.633451,0.683200,0.663370,0.459545,0.067909
eegnet,cross_session,sub-044,,ses-02,ses-01,4,,160,40,200,10,0.655000,0.655000,0.653536,0.674700,0.755630,0.495702,0.141362
eegnet,cross_session,sub-044,,ses-02,ses-03,4,,160,40,200,10,0.725000,0.725000,0.719094,0.793500,0.576980,0.390295,0.077970
eegnet,cross_session,sub-044,,ses-03,ses-01,4,,160,40,200,25,0.610000,0.610000,0.609844,0.651800,1.275622,0.601339,0.279756
eegnet,cross_session,sub-044,,ses-03,ses-02,4,,160,40,200,25,0.690000,0.690000,0.686203,0.769600,0.886083,0.470339,0.196494
eegnet,cross_session,sub-045,,ses-01,ses-02,4,,160,40,200,51,0.765000,0.765000,0.763671,0.841400,0.842062,0.383968,0.163745
eegnet,cross_session,sub-045,,ses-01,ses-03,4,,160,40,200,51,0.840000,0.840000,0.839936,0.932600,0.376239,0.224199,0.082244
eegnet,cross_session,sub-045,,ses-02,ses-01,4,,160,40,200,14,0.815000,0.815000,0.814995,0.835700,0.571982,0.322315,0.094634
eegnet,cross_session,sub-045,,ses-02,ses-03,4,,160,40,200,14,0.830000,0.830000,0.829728,0.881900,0.451033,0.283098,0.076028
eegnet,cross_session,sub-045,,ses-03,ses-01,4,,160,40,200,21,0.735000,0.735000,0.734675,0.806200,0.912912,0.431480,0.190848
eegnet,cross_session,sub-045,,ses-03,ses-02,4,,160,40,200,21,0.815000,0.815000,0.814439,0.870600,0.660394,0.304598,0.113341
eegnet,cross_session,sub-046,,ses-01,ses-02,4,,160,40,200,52,0.980000,0.980000,0.979998,0.999200,0.043391,0.027467,0.020276
eegnet,cross_session,sub-046,,ses-01,ses-03,4,,160,40,200,52,0.925000,0.925000,0.924983,0.979600,0.223035,0.118441,0.061003
eegnet,cross_session,sub-046,,ses-02,ses-01,4,,160,40,200,45,0.980000,0.980000,0.979998,0.999700,0.033200,0.019190,0.021546
eegnet,cross_session,sub-046,,ses-02,ses-03,4,,160,40,200,45,0.955000,0.955000,0.954999,0.971000,0.239630,0.074243,0.033449
eegnet,cross_session,sub-046,,ses-03,ses-01,4,,160,40,200,45,0.995000,0.995000,0.995000,1.000000,0.016929,0.007221,0.014217
eegnet,cross_session,sub-046,,ses-03,ses-02,4,,160,40,200,45,0.990000,0.990000,0.990000,0.997200,0.042084,0.015270,0.008285
eegnet,cross_session,sub-047,,ses-01,ses-02,4,,160,40,200,24,0.790000,0.790000,0.787879,0.879800,0.604330,0.310725,0.090062
eegnet,cross_session,sub-047,,ses-01,ses-03,4,,160,40,200,24,0.725000,0.725000,0.724166,0.820400,0.671340,0.382124,0.148922
eegnet,cross_session,sub-047,,ses-02,ses-01,4,,160,40,200,6,0.675000,0.675000,0.674601,0.780000,0.561259,0.380793,0.064265
eegnet,cross_session,sub-047,,ses-02,ses-03,4,,160,40,200,6,0.595000,0.595000,0.594178,0.645100,0.754657,0.521216,0.149467
eegnet,cross_session,sub-047,,ses-03,ses-01,4,,160,40,200,24,0.885000,0.885000,0.884997,0.948300,0.289039,0.174350,0.040261
eegnet,cross_session,sub-047,,ses-03,ses-02,4,,160,40,200,24,0.805000,0.805000,0.804956,0.878600,0.513171,0.294545,0.100526
eegnet,cross_session,sub-048,,ses-01,ses-02,4,,160,40,200,22,0.845000,0.845000,0.844530,0.911700,0.444134,0.234057,0.076278
eegnet,cross_session,sub-048,,ses-01,ses-03,4,,160,40,200,22,0.825000,0.825000,0.822222,0.935500,0.411146,0.245541,0.082277
eegnet,cross_session,sub-048,,ses-02,ses-01,4,,160,40,200,20,0.770000,0.770000,0.770000,0.828500,0.736806,0.357126,0.131463
eegnet,cross_session,sub-048,,ses-02,ses-03,4,,160,40,200,20,0.760000,0.760000,0.758818,0.807900,0.698995,0.391143,0.130801
eegnet,cross_session,sub-048,,ses-03,ses-01,4,,160,40,200,14,0.710000,0.710000,0.701370,0.851500,0.673894,0.412527,0.167405
eegnet,cross_session,sub-048,,ses-03,ses-02,4,,160,40,200,14,0.765000,0.765000,0.759953,0.905600,0.550158,0.319288,0.119636
eegnet,cross_session,sub-049,,ses-01,ses-02,4,,160,40,200,37,0.625000,0.625000,0.620820,0.633750,2.379577,0.636770,0.268531
eegnet,cross_session,sub-049,,ses-01,ses-03,4,,160,40,200,37,0.640000,0.640000,0.625000,0.677400,1.091667,0.569195,0.246464
eegnet,cross_session,sub-049,,ses-02,ses-01,4,,160,40,200,41,0.910000,0.910000,0.909964,0.951000,0.281221,0.157779,0.042032
eegnet,cross_session,sub-049,,ses-02,ses-03,4,,160,40,200,41,0.865000,0.865000,0.864018,0.954600,0.374310,0.199014,0.077717
eegnet,cross_session,sub-049,,ses-03,ses-01,4,,160,40,200,27,0.745000,0.745000,0.744943,0.834400,0.888447,0.410242,0.184625
eegnet,cross_session,sub-049,,ses-03,ses-02,4,,160,40,200,27,0.705000,0.705000,0.703331,0.750400,1.689402,0.478459,0.200887
eegnet,cross_session,sub-050,,ses-01,ses-02,4,,160,40,200,61,0.940000,0.940000,0.939994,0.975100,0.201975,0.097053,0.032995
eegnet,cross_session,sub-050,,ses-01,ses-03,4,,160,40,200,61,0.930000,0.930000,0.929888,0.986900,0.171912,0.100717,0.035939
eegnet,cross_session,sub-050,,ses-02,ses-01,4,,160,40,200,49,0.760000,0.760000,0.759398,0.783850,2.328982,0.403079,0.186776
eegnet,cross_session,sub-050,,ses-02,ses-03,4,,160,40,200,49,0.955000,0.955000,0.954945,0.984800,0.207450,0.085784,0.041721
eegnet,cross_session,sub-050,,ses-03,ses-01,4,,160,40,200,89,0.760000,0.760000,0.759133,0.760850,2.734114,0.430359,0.201936
eegnet,cross_session,sub-050,,ses-03,ses-02,4,,160,40,200,89,0.935000,0.935000,0.934985,0.988300,0.156591,0.094160,0.044730
eegnet,cross_session,sub-051,,ses-01,ses-02,4,,160,40,200,53,0.700000,0.700000,0.688764,0.788100,0.651721,0.430746,0.135146
eegnet,cross_session,sub-051,,ses-01,ses-03,4,,160,40,200,53,0.865000,0.865000,0.864427,0.937600,0.384503,0.208545,0.081581
eegnet,cross_session,sub-051,,ses-02,ses-01,4,,160,40,200,21,0.780000,0.780000,0.777305,0.841500,1.115162,0.372632,0.163379
eegnet,cross_session,sub-051,,ses-02,ses-03,4,,160,40,200,21,0.835000,0.835000,0.834067,0.933600,0.352902,0.214587,0.061457
eegnet,cross_session,sub-051,,ses-03,ses-01,4,,160,40,200,12,0.830000,0.830000,0.829932,0.885300,0.646562,0.278743,0.111744
eegnet,cross_session,sub-051,,ses-03,ses-02,4,,160,40,200,12,0.720000,0.720000,0.718621,0.815900,0.563454,0.369497,0.083171
fbcnet,cross_session,sub-001,,ses-01,ses-02,0,,160,40,200,13,0.650000,0.650000,0.646465,0.649600,0.733140,0.504202,0.182120
fbcnet,cross_session,sub-001,,ses-01,ses-03,0,,160,40,200,13,0.585000,0.585000,0.556138,0.666600,0.801186,0.541837,0.189384
fbcnet,cross_session,sub-001,,ses-02,ses-01,0,,160,40,200,68,0.650000,0.650000,0.635417,0.748100,0.761725,0.497269,0.193814
fbcnet,cross_session,sub-001,,ses-02,ses-03,0,,160,40,200,68,0.795000,0.795000,0.794995,0.867800,0.469057,0.298448,0.083303
fbcnet,cross_session,sub-001,,ses-03,ses-01,0,,160,40,200,98,0.665000,0.665000,0.650304,0.773100,0.936008,0.541144,0.221199
fbcnet,cross_session,sub-001,,ses-03,ses-02,0,,160,40,200,98,0.820000,0.820000,0.819928,0.878600,0.485820,0.278653,0.077290
fbcnet,cross_session,sub-002,,ses-01,ses-02,0,,160,40,200,3,0.435000,0.435000,0.368274,0.420800,0.841658,0.624105,0.233783
fbcnet,cross_session,sub-002,,ses-01,ses-03,0,,160,40,200,3,0.460000,0.460000,0.459514,0.409600,0.822859,0.607150,0.199848
fbcnet,cross_session,sub-002,,ses-02,ses-01,0,,160,40,200,1,0.545000,0.545000,0.541689,0.539600,0.723710,0.525779,0.110194
fbcnet,cross_session,sub-002,,ses-02,ses-03,0,,160,40,200,1,0.500000,0.500000,0.398966,0.523100,0.814477,0.596965,0.217579
fbcnet,cross_session,sub-002,,ses-03,ses-01,0,,160,40,200,16,0.515000,0.515000,0.484029,0.528800,1.021479,0.669914,0.258907
fbcnet,cross_session,sub-002,,ses-03,ses-02,0,,160,40,200,16,0.540000,0.540000,0.479873,0.585400,1.015289,0.652198,0.266996
fbcnet,cross_session,sub-003,,ses-01,ses-02,0,,160,40,200,92,0.745000,0.745000,0.744226,0.818000,0.634526,0.365515,0.107724
fbcnet,cross_session,sub-003,,ses-01,ses-03,0,,160,40,200,92,0.765000,0.765000,0.764947,0.868100,0.578804,0.317793,0.111328
fbcnet,cross_session,sub-003,,ses-02,ses-01,0,,160,40,200,23,0.550000,0.550000,0.478624,0.653800,1.130312,0.672525,0.298162
fbcnet,cross_session,sub-003,,ses-02,ses-03,0,,160,40,200,23,0.585000,0.585000,0.532539,0.711900,0.961128,0.612369,0.258676
fbcnet,cross_session,sub-003,,ses-03,ses-01,0,,160,40,200,6,0.600000,0.600000,0.571000,0.657700,0.695686,0.492549,0.087094
fbcnet,cross_session,sub-003,,ses-03,ses-02,0,,160,40,200,6,0.505000,0.505000,0.395881,0.637400,1.098312,0.738475,0.358150
fbcnet,cross_session,sub-004,,ses-01,ses-02,0,,160,40,200,2,0.480000,0.480000,0.435764,0.437400,0.922527,0.667861,0.252782
fbcnet,cross_session,sub-004,,ses-01,ses-03,0,,160,40,200,2,0.525000,0.525000,0.499671,0.530500,0.784253,0.557319,0.121544
fbcnet,cross_session,sub-004,,ses-02,ses-01,0,,160,40,200,9,0.520000,0.520000,0.519231,0.537200,0.735107,0.534794,0.115841
fbcnet,cross_session,sub-004,,ses-02,ses-03,0,,160,40,200,9,0.440000,0.440000,0.439776,0.463500,0.769223,0.567732,0.191564
fbcnet,cross_session,sub-004,,ses-03,ses-01,0,,160,40,200,2,0.560000,0.560000,0.546906,0.562100,0.701685,0.505822,0.084692
fbcnet,cross_session,sub-004,,ses-03,ses-02,0,,160,40,200,2,0.515000,0.515000,0.430601,0.463100,0.793393,0.584683,0.163942
fbcnet,cross_session,sub-005,,ses-01,ses-02,0,,160,40,200,89,0.790000,0.790000,0.789241,0.867400,0.523573,0.324143,0.124588
fbcnet,cross_session,sub-005,,ses-01,ses-03,0,,160,40,200,89,0.825000,0.825000,0.823049,0.922300,0.409017,0.259035,0.060108
fbcnet,cross_session,sub-005,,ses-02,ses-01,0,,160,40,200,44,0.800000,0.800000,0.799820,0.858800,0.502219,0.317901,0.092739
fbcnet,cross_session,sub-005,,ses-02,ses-03,0,,160,40,200,44,0.750000,0.750000,0.748769,0.836300,0.563389,0.359120,0.099883
fbcnet,cross_session,sub-005,,ses-03,ses-01,0,,160,40,200,20,0.670000,0.670000,0.644051,0.869000,0.700820,0.459408,0.166741
fbcnet,cross_session,sub-005,,ses-03,ses-02,0,,160,40,200,20,0.685000,0.685000,0.669733,0.828900,0.634383,0.425664,0.124812
fbcnet,cross_session,sub-006,,ses-01,ses-02,0,,160,40,200,97,0.630000,0.630000,0.574908,0.928800,1.076035,0.590386,0.288888
fbcnet,cross_session,sub-006,,ses-01,ses-03,0,,160,40,200,97,0.630000,0.630000,0.578348,0.940600,1.112312,0.582381,0.284265
fbcnet,cross_session,sub-006,,ses-02,ses-01,0,,160,40,200,32,0.680000,0.680000,0.676768,0.778400,0.612473,0.408748,0.112553
fbcnet,cross_session,sub-006,,ses-02,ses-03,0,,160,40,200,32,0.730000,0.730000,0.713497,0.957600,0.564556,0.365578,0.165620
fbcnet,cross_session,sub-006,,ses-03,ses-01,0,,160,40,200,53,0.515000,0.515000,0.373688,0.695600,2.281680,0.895489,0.450245
fbcnet,cross_session,sub-006,,ses-03,ses-02,0,,160,40,200,53,0.820000,0.820000,0.818530,0.891600,0.565808,0.295000,0.110929
fbcnet,cross_session,sub-007,,ses-01,ses-02,0,,160,40,200,3,0.575000,0.575000,0.559939,0.548100,0.776144,0.555251,0.165146
fbcnet,cross_session,sub-007,,ses-01,ses-03,0,,160,40,200,3,0.505000,0.505000,0.375768,0.580200,0.907953,0.654900,0.298434
fbcnet,cross_session,sub-007,,ses-02,ses-01,0,,160,40,200,42,0.535000,0.535000,0.472176,0.616100,1.066974,0.661252,0.286789
fbcnet,cross_session,sub-007,,ses-02,ses-03,0,,160,40,200,42,0.555000,0.555000,0.505981,0.623800,1.167435,0.683932,0.298450
fbcnet,cross_session,sub-007,,ses-03,ses-01,0,,160,40,200,14,0.540000,0.540000,0.539263,0.527500,1.013531,0.684564,0.293156
fbcnet,cross_session,sub-007,,ses-03,ses-02,0,,160,40,200,14,0.530000,0.530000,0.516013,0.560300,0.888584,0.617651,0.222211
fbcnet,cross_session,sub-008,,ses-01,ses-02,0,,160,40,200,10,0.490000,0.490000,0.478261,0.478200,0.793022,0.581438,0.171968
fbcnet,cross_session,sub-008,,ses-01,ses-03,0,,160,40,200,10,0.515000,0.515000,0.497813,0.542100,0.746411,0.542934,0.137096
fbcnet,cross_session,sub-008,,ses-02,ses-01,0,,160,40,200,36,0.540000,0.540000,0.529412,0.563400,1.080910,0.664645,0.282519
fbcnet,cross_session,sub-008,,ses-02,ses-03,0,,160,40,200,36,0.690000,0.690000,0.688003,0.739700,0.643525,0.433112,0.108133
fbcnet,cross_session,sub-008,,ses-03,ses-01,0,,160,40,200,55,0.590000,0.590000,0.560275,0.661000,1.129179,0.629809,0.273020
fbcnet,cross_session,sub-008,,ses-03,ses-02,0,,160,40,200,55,0.570000,0.570000,0.524284,0.664000,1.084916,0.664523,0.306409
fbcnet,cross_session,sub-009,,ses-01,ses-02,0,,160,40,200,1,0.495000,0.495000,0.417381,0.507000,0.767358,0.562218,0.160393
fbcnet,cross_session,sub-009,,ses-01,ses-03,0,,160,40,200,1,0.460000,0.460000,0.357143,0.456700,0.765014,0.566144,0.180689
fbcnet,cross_session,sub-009,,ses-02,ses-01,0,,160,40,200,5,0.595000,0.595000,0.587482,0.666800,0.655357,0.464325,0.065145
fbcnet,cross_session,sub-009,,ses-02,ses-03,0,,160,40,200,5,0.450000,0.450000,0.433632,0.431600,0.829131,0.612476,0.208030
fbcnet,cross_session,sub-009,,ses-03,ses-01,0,,160,40,200,2,0.500000,0.500000,0.483258,0.514600,0.785939,0.576848,0.174979
fbcnet,cross_session,sub-009,,ses-03,ses-02,0,,160,40,200,2,0.490000,0.490000,0.464061,0.471500,0.818538,0.601692,0.201219
fbcnet,cross_session,sub-010,,ses-01,ses-02,0,,160,40,200,1,0.500000,0.500000,0.415615,0.503200,0.764317,0.564788,0.177878
fbcnet,cross_session,sub-010,,ses-01,ses-03,0,,160,40,200,1,0.475000,0.475000,0.424957,0.412200,0.793469,0.587112,0.165110
fbcnet,cross_session,sub-010,,ses-02,ses-01,0,,160,40,200,1,0.520000,0.520000,0.519808,0.535900,0.711139,0.515569,0.103747
fbcnet,cross_session,sub-010,,ses-02,ses-03,0,,160,40,200,1,0.480000,0.480000,0.424715,0.508500,0.745252,0.545442,0.151342
fbcnet,cross_session,sub-010,,ses-03,ses-01,0,,160,40,200,17,0.550000,0.550000,0.546325,0.551500,0.811096,0.573784,0.159931
fbcnet,cross_session,sub-010,,ses-03,ses-02,0,,160,40,200,17,0.505000,0.505000,0.344349,0.542000,1.586668,0.875629,0.436568
fbcnet,cross_session,sub-011,,ses-01,ses-02,0,,160,40,200,43,0.675000,0.675000,0.667000,0.763400,0.765637,0.490361,0.184742
fbcnet,cross_session,sub-011,,ses-01,ses-03,0,,160,40,200,43,0.640000,0.640000,0.616000,0.784300,0.866702,0.517486,0.224807
fbcnet,cross_session,sub-011,,ses-02,ses-01,0,,160,40,200,37,0.635000,0.635000,0.630108,0.713100,0.677131,0.458580,0.130573
fbcnet,cross_session,sub-011,,ses-02,ses-03,0,,160,40,200,37,0.530000,0.530000,0.464387,0.543300,1.359319,0.781812,0.353856
fbcnet,cross_session,sub-011,,ses-03,ses-01,0,,160,40,200,73,0.740000,0.740000,0.739766,0.838600,0.547012,0.353873,0.122740
fbcnet,cross_session,sub-011,,ses-03,ses-02,0,,160,40,200,73,0.555000,0.555000,0.533433,0.640100,1.115240,0.666495,0.304886
fbcnet,cross_session,sub-012,,ses-01,ses-02,0,,160,40,200,13,0.470000,0.470000,0.457801,0.449600,0.804031,0.592514,0.193173
fbcnet,cross_session,sub-012,,ses-01,ses-03,0,,160,40,200,13,0.495000,0.495000,0.417381,0.520200,0.871408,0.620634,0.229848
fbcnet,cross_session,sub-012,,ses-02,ses-01,0,,160,40,200,6,0.490000,0.490000,0.483753,0.468300,0.757686,0.557532,0.146983
fbcnet,cross_session,sub-012,,ses-02,ses-03,0,,160,40,200,6,0.515000,0.515000,0.508500,0.515800,0.750556,0.546371,0.123390
fbcnet,cross_session,sub-012,,ses-03,ses-01,0,,160,40,200,7,0.535000,0.535000,0.527619,0.543400,0.757773,0.546979,0.130683
fbcnet,cross_session,sub-012,,ses-03,ses-02,0,,160,40,200,7,0.530000,0.530000,0.529812,0.518300,0.756630,0.551291,0.138744
fbcnet,cross_session,sub-013,,ses-01,ses-02,0,,160,40,200,4,0.495000,0.495000,0.417381,0.526000,0.792538,0.578180,0.191787
fbcnet,cross_session,sub-013,,ses-01,ses-03,0,,160,40,200,4,0.555000,0.555000,0.502446,0.525400,0.780632,0.564930,0.142735
fbcnet,cross_session,sub-013,,ses-02,ses-01,0,,160,40,200,9,0.500000,0.500000,0.350312,0.593300,0.986913,0.699441,0.324345
fbcnet,cross_session,sub-013,,ses-02,ses-03,0,,160,40,200,9,0.505000,0.505000,0.375768,0.505300,0.996610,0.699820,0.304717
fbcnet,cross_session,sub-013,,ses-03,ses-01,0,,160,40,200,1,0.470000,0.470000,0.469788,0.475200,0.725035,0.529486,0.116938
fbcnet,cross_session,sub-013,,ses-03,ses-02,0,,160,40,200,1,0.490000,0.490000,0.398514,0.508700,1.024373,0.717058,0.314191
fbcnet,cross_session,sub-014,,ses-01,ses-02,0,,160,40,200,6,0.505000,0.505000,0.352751,0.521200,0.940123,0.679968,0.298976
fbcnet,cross_session,sub-014,,ses-01,ses-03,0,,160,40,200,6,0.510000,0.510000,0.355178,0.477300,0.978499,0.694906,0.307219
fbcnet,cross_session,sub-014,,ses-02,ses-01,0,,160,40,200,4,0.505000,0.505000,0.352751,0.486800,0.824151,0.606798,0.215695
fbcnet,cross_session,sub-014,,ses-02,ses-03,0,,160,40,200,4,0.505000,0.505000,0.344349,0.496300,0.975718,0.697246,0.305763
fbcnet,cross_session,sub-014,,ses-03,ses-01,0,,160,40,200,1,0.500000,0.500000,0.493876,0.485600,0.712105,0.518523,0.138332
fbcnet,cross_session,sub-014,,ses-03,ses-02,0,,160,40,200,1,0.510000,0.510000,0.385580,0.553000,0.793010,0.583804,0.205609
fbcnet,cross_session,sub-015,,ses-01,ses-02,0,,160,40,200,12,0.565000,0.565000,0.532145,0.552400,0.881050,0.605383,0.193528
fbcnet,cross_session,sub-015,,ses-01,ses-03,0,,160,40,200,12,0.485000,0.485000,0.395380,0.506800,1.348883,0.753176,0.334196
fbcnet,cross_session,sub-015,,ses-02,ses-01,0,,160,40,200,36,0.570000,0.570000,0.558703,0.573300,0.941203,0.613977,0.240951
fbcnet,cross_session,sub-015,,ses-02,ses-03,0,,160,40,200,36,0.485000,0.485000,0.383953,0.497700,2.102541,0.878210,0.422406
fbcnet,cross_session,sub-015,,ses-03,ses-01,0,,160,40,200,1,0.495000,0.495000,0.331104,0.465600,0.941433,0.686152,0.297019
fbcnet,cross_session,sub-015,,ses-03,ses-02,0,,160,40,200,1,0.535000,0.535000,0.432494,0.470100,0.817738,0.601360,0.216332
fbcnet,cross_session,sub-016,,ses-01,ses-02,0,,160,40,200,5,0.520000,0.520000,0.443865,0.519300,0.956147,0.664595,0.258988
fbcnet,cross_session,sub-016,,ses-01,ses-03,0,,160,40,200,5,0.510000,0.510000,0.398847,0.578300,0.910093,0.647223,0.273290
fbcnet,cross_session,sub-016,,ses-02,ses-01,0,,160,40,200,2,0.555000,0.555000,0.553650,0.521500,0.716039,0.520187,0.088018
fbcnet,cross_session,sub-016,,ses-02,ses-03,0,,160,40,200,2,0.535000,0.535000,0.534430,0.529000,0.710163,0.515732,0.100974
fbcnet,cross_session,sub-016,,ses-03,ses-01,0,,160,40,200,1,0.540000,0.540000,0.497762,0.549800,0.730232,0.531499,0.111861
fbcnet,cross_session,sub-016,,ses-03,ses-02,0,,160,40,200,1,0.535000,0.535000,0.496957,0.522200,0.757574,0.553920,0.150224
fbcnet,cross_session,sub-017,,ses-01,ses-02,0,,160,40,200,40,0.525000,0.525000,0.521543,0.561400,0.755543,0.545036,0.147095
fbcnet,cross_session,sub-017,,ses-01,ses-03,0,,160,40,200,40,0.605000,0.605000,0.601403,0.635600,0.706453,0.497957,0.093259
fbcnet,cross_session,sub-017,,ses-02,ses-01,0,,160,40,200,2,0.560000,0.560000,0.551204,0.537000,0.770991,0.550709,0.134161
fbcnet,cross_session,sub-017,,ses-02,ses-03,0,,160,40,200,2,0.515000,0.515000,0.489138,0.550100,0.738156,0.536697,0.128821
fbcnet,cross_session,sub-017,,ses-03,ses-01,0,,160,40,200,59,0.555000,0.555000,0.494878,0.608800,1.207537,0.676721,0.288935
fbcnet,cross_session,sub-017,,ses-03,ses-02,0,,160,40,200,59,0.640000,0.640000,0.634740,0.692100,0.806742,0.504451,0.150773
fbcnet,cross_session,sub-018,,ses-01,ses-02,0,,160,40,200,1,0.565000,0.565000,0.562539,0.567300,0.690820,0.497030,0.091399
fbcnet,cross_session,sub-018,,ses-01,ses-03,0,,160,40,200,1,0.480000,0.480000,0.428571,0.516300,0.724583,0.529103,0.132851
fbcnet,cross_session,sub-018,,ses-02,ses-01,0,,160,40,200,26,0.560000,0.560000,0.509804,0.590350,1.190416,0.645853,0.250826
fbcnet,cross_session,sub-018,,ses-02,ses-03,0,,160,40,200,26,0.530000,0.530000,0.521920,0.534800,0.857300,0.602024,0.200900
fbcnet,cross_session,sub-018,,ses-03,ses-01,0,,160,40,200,1,0.490000,0.490000,0.468750,0.540800,0.846712,0.579248,0.195684
fbcnet,cross_session,sub-018,,ses-03,ses-02,0,,160,40,200,1,0.535000,0.535000,0.534709,0.561300,0.704574,0.507783,0.083131
fbcnet,cross_session,sub-019,,ses-01,ses-02,0,,160,40,200,14,0.540000,0.540000,0.536244,0.527100,0.777819,0.563840,0.145646
fbcnet,cross_session,sub-019,,ses-01,ses-03,0,,160,40,200,14,0.525000,0.525000,0.508167,0.560000,0.763202,0.552702,0.155000
fbcnet,cross_session,sub-019,,ses-02,ses-01,0,,160,40,200,3,0.510000,0.510000,0.441595,0.569300,0.758804,0.553092,0.170986
fbcnet,cross_session,sub-019,,ses-02,ses-03,0,,160,40,200,3,0.515000,0.515000,0.381200,0.551000,0.812243,0.596444,0.217713
fbcnet,cross_session,sub-019,,ses-03,ses-01,0,,160,40,200,38,0.495000,0.495000,0.339675,0.594400,2.548513,0.945446,0.469446
fbcnet,cross_session,sub-019,,ses-03,ses-02,0,,160,40,200,38,0.515000,0.515000,0.440455,0.592000,1.455939,0.788433,0.367429
fbcnet,cross_session,sub-020,,ses-01,ses-02,0,,160,40,200,58,0.500000,0.500000,0.333333,0.618900,3.508724,0.968834,0.489459
fbcnet,cross_session,sub-020,,ses-01,ses-03,0,,160,40,200,58,0.480000,0.480000,0.407407,0.418800,1.898136,0.892241,0.423611
fbcnet,cross_session,sub-020,,ses-02,ses-01,0,,160,40,200,36,0.500000,0.500000,0.350312,0.708100,2.211380,0.887744,0.457177
fbcnet,cross_session,sub-020,,ses-02,ses-03,0,,160,40,200,36,0.485000,0.485000,0.342924,0.387800,2.310770,0.947993,0.462670
fbcnet,cross_session,sub-020,,ses-03,ses-01,0,,160,40,200,58,0.510000,0.510000,0.355178,0.415700,6.127367,0.977434,0.488213
fbcnet,cross_session,sub-020,,ses-03,ses-02,0,,160,40,200,58,0.435000,0.435000,0.429854,0.458200,1.779879,0.881871,0.428375
fbcnet,cross_session,sub-021,,ses-01,ses-02,0,,160,40,200,13,0.505000,0.505000,0.395881,0.599000,1.308658,0.731772,0.350956
fbcnet,cross_session,sub-021,,ses-01,ses-03,0,,160,40,200,13,0.505000,0.505000,0.344349,0.581000,1.473620,0.829022,0.405085
fbcnet,cross_session,sub-021,,ses-02,ses-01,0,,160,40,200,30,0.580000,0.580000,0.538462,0.658200,0.772927,0.544830,0.193214
fbcnet,cross_session,sub-021,,ses-02,ses-03,0,,160,40,200,30,0.600000,0.600000,0.598555,0.652000,0.693866,0.482766,0.101947
fbcnet,cross_session,sub-021,,ses-03,ses-01,0,,160,40,200,2,0.560000,0.560000,0.541667,0.517700,0.799107,0.572919,0.167008
fbcnet,cross_session,sub-021,,ses-03,ses-02,0,,160,40,200,2,0.505000,0.505000,0.504889,0.497100,1.505064,0.762991,0.323744
fbcnet,cross_session,sub-022,,ses-01,ses-02,0,,160,40,200,7,0.485000,0.485000,0.410738,0.523500,0.954465,0.669463,0.285576
fbcnet,cross_session,sub-022,,ses-01,ses-03,0,,160,40,200,7,0.520000,0.520000,0.515152,0.530900,0.954682,0.607224,0.197421
fbcnet,cross_session,sub-022,,ses-02,ses-01,0,,160,40,200,17,0.555000,0.555000,0.552483,0.585700,0.745223,0.531004,0.159199
fbcnet,cross_session,sub-022,,ses-02,ses-03,0,,160,40,200,17,0.635000,0.635000,0.630108,0.680200,0.688848,0.471927,0.084017
fbcnet,cross_session,sub-022,,ses-03,ses-01,0,,160,40,200,12,0.570000,0.570000,0.564733,0.554800,0.736577,0.531204,0.118014
fbcnet,cross_session,sub-022,,ses-03,ses-02,0,,160,40,200,12,0.575000,0.575000,0.552337,0.630400,0.746853,0.529124,0.132159
fbcnet,cross_session,sub-023,,ses-02,ses-03,0,,160,40,200,33,0.735000,0.735000,0.723375,0.898300,0.626174,0.371617,0.146643
fbcnet,cross_session,sub-023,,ses-03,ses-02,0,,160,40,200,92,0.800000,0.800000,0.798367,0.896000,0.516955,0.306842,0.107751
fbcnet,cross_session,sub-025,,ses-01,ses-02,0,,160,40,200,55,0.640000,0.640000,0.639964,0.726800,0.751561,0.479875,0.175941
fbcnet,cross_session,sub-025,,ses-01,ses-03,0,,160,40,200,55,0.520000,0.520000,0.383905,0.568300,2.877891,0.914281,0.465941
fbcnet,cross_session,sub-025,,ses-02,ses-01,0,,160,40,200,47,0.575000,0.575000,0.531409,0.713400,0.927536,0.601996,0.272162
fbcnet,cross_session,sub-025,,ses-02,ses-03,0,,160,40,200,47,0.605000,0.605000,0.592521,0.631700,0.897430,0.583519,0.206662
fbcnet,cross_session,sub-025,,ses-03,ses-01,0,,160,40,200,68,0.640000,0.640000,0.631714,0.704900,0.779238,0.499260,0.169850
fbcnet,cross_session,sub-025,,ses-03,ses-02,0,,160,40,200,68,0.570000,0.570000,0.524284,0.680600,1.067892,0.625488,0.277116
fbcnet,cross_session,sub-026,,ses-02,ses-03,0,,160,40,200,57,0.575000,0.575000,0.524808,0.696000,1.431581,0.712514,0.336730
fbcnet,cross_session,sub-026,,ses-03,ses-02,0,,160,40,200,33,0.710000,0.710000,0.695250,0.820800,0.579304,0.390594,0.080814
fbcnet,cross_session,sub-027,,ses-01,ses-02,0,,160,40,200,20,0.500000,0.500000,0.333333,0.438850,4.002421,0.998531,0.499093
fbcnet,cross_session,sub-027,,ses-01,ses-03,0,,160,40,200,20,0.505000,0.505000,0.375768,0.555600,1.600277,0.827156,0.400538
fbcnet,cross_session,sub-027,,ses-02,ses-01,0,,160,40,200,14,0.570000,0.570000,0.562608,0.589900,0.737151,0.526186,0.128083
fbcnet,cross_session,sub-027,,ses-02,ses-03,0,,160,40,200,14,0.500000,0.500000,0.333333,0.555100,1.771480,0.914546,0.457609
fbcnet,cross_session,sub-027,,ses-03,ses-01,0,,160,40,200,26,0.500000,0.500000,0.333333,0.611900,3.201314,0.990498,0.496221
fbcnet,cross_session,sub-027,,ses-03,ses-02,0,,160,40,200,26,0.535000,0.535000,0.490676,0.634000,0.921734,0.611463,0.257497
fbcnet,cross_session,sub-028,,ses-01,ses-02,0,,160,40,200,67,0.750000,0.750000,0.749373,0.840100,0.515717,0.342669,0.079607
fbcnet,cross_session,sub-028,,ses-01,ses-03,0,,160,40,200,67,0.695000,0.695000,0.688450,0.803200,0.619818,0.422495,0.138260
fbcnet,cross_session,sub-028,,ses-02,ses-01,0,,160,40,200,20,0.685000,0.685000,0.676184,0.761500,0.675540,0.453209,0.151784
fbcnet,cross_session,sub-028,,ses-02,ses-03,0,,160,40,200,20,0.635000,0.635000,0.591894,0.808800,0.762196,0.515639,0.200068
fbcnet,cross_session,sub-028,,ses-03,ses-01,0,,160,40,200,14,0.715000,0.715000,0.711180,0.810200,0.549613,0.369178,0.069169
fbcnet,cross_session,sub-028,,ses-03,ses-02,0,,160,40,200,14,0.650000,0.650000,0.632198,0.760800,0.650849,0.447977,0.118419
fbcnet,cross_session,sub-029,,ses-01,ses-02,0,,160,40,200,53,0.505000,0.505000,0.352751,0.706900,2.132423,0.896058,0.456546
fbcnet,cross_session,sub-029,,ses-01,ses-03,0,,160,40,200,53,0.540000,0.540000,0.429563,0.792900,1.289503,0.730649,0.366663
fbcnet,cross_session,sub-029,,ses-02,ses-01,0,,160,40,200,54,0.795000,0.795000,0.786897,0.959900,0.426656,0.289315,0.094231
fbcnet,cross_session,sub-029,,ses-02,ses-03,0,,160,40,200,54,0.945000,0.945000,0.944933,0.985700,0.181172,0.098088,0.022737
fbcnet,cross_session,sub-029,,ses-03,ses-01,0,,160,40,200,86,0.795000,0.795000,0.787735,0.961800,0.479996,0.299408,0.131383
fbcnet,cross_session,sub-029,,ses-03,ses-02,0,,160,40,200,86,0.920000,0.920000,0.919711,0.989600,0.203204,0.122928,0.034284
fbcnet,cross_session,sub-030,,ses-01,ses-02,0,,160,40,200,16,0.505000,0.505000,0.352751,0.693900,0.871679,0.623304,0.290915
fbcnet,cross_session,sub-030,,ses-01,ses-03,0,,160,40,200,16,0.575000,0.575000,0.517580,0.679000,0.746799,0.529965,0.169078
fbcnet,cross_session,sub-030,,ses-02,ses-01,0,,160,40,200,33,0.795000,0.795000,0.791195,0.911100,0.455330,0.286243,0.095643
fbcnet,cross_session,sub-030,,ses-02,ses-03,0,,160,40,200,33,0.795000,0.795000,0.794954,0.864400,0.499314,0.307615,0.089445
fbcnet,cross_session,sub-030,,ses-03,ses-01,0,,160,40,200,21,0.625000,0.625000,0.583692,0.761750,1.085837,0.581505,0.252529
fbcnet,cross_session,sub-030,,ses-03,ses-02,0,,160,40,200,21,0.515000,0.515000,0.401807,0.776600,1.433671,0.801241,0.416042
fbcnet,cross_session,sub-031,,ses-01,ses-02,0,,160,40,200,43,0.570000,0.570000,0.536188,0.567700,1.000865,0.634925,0.273544
fbcnet,cross_session,sub-031,,ses-01,ses-03,0,,160,40,200,43,0.540000,0.540000,0.452381,0.679200,1.078546,0.681776,0.318284
fbcnet,cross_session,sub-031,,ses-02,ses-01,0,,160,40,200,6,0.490000,0.490000,0.328859,0.531400,1.962103,0.939622,0.474168
fbcnet,cross_session,sub-031,,ses-02,ses-03,0,,160,40,200,6,0.525000,0.525000,0.519705,0.563900,0.825378,0.564741,0.176163
fbcnet,cross_session,sub-031,,ses-03,ses-01,0,,160,40,200,7,0.565000,0.565000,0.484582,0.640900,0.776772,0.558241,0.178666
fbcnet,cross_session,sub-031,,ses-03,ses-02,0,,160,40,200,7,0.560000,0.560000,0.552436,0.605100,0.693156,0.499350,0.099010
fbcnet,cross_session,sub-032,,ses-01,ses-03,0,,160,40,200,7,0.560000,0.560000,0.560000,0.596000,0.731433,0.518000,0.102909
fbcnet,cross_session,sub-032,,ses-03,ses-01,0,,160,40,200,17,0.585000,0.585000,0.581980,0.599900,0.827970,0.562793,0.184017
fbcnet,cross_session,sub-033,,ses-01,ses-02,0,,160,40,200,15,0.860000,0.860000,0.857201,0.934700,0.399647,0.225009,0.053475
fbcnet,cross_session,sub-033,,ses-01,ses-03,0,,160,40,200,15,0.930000,0.930000,0.929937,0.962200,0.216292,0.114800,0.031661
fbcnet,cross_session,sub-033,,ses-02,ses-01,0,,160,40,200,84,0.950000,0.950000,0.949980,0.991700,0.127122,0.076822,0.019574
fbcnet,cross_session,sub-033,,ses-02,ses-03,0,,160,40,200,84,0.795000,0.795000,0.786007,0.990900,0.459636,0.290818,0.125377
fbcnet,cross_session,sub-033,,ses-03,ses-01,0,,160,40,200,19,0.935000,0.935000,0.934803,0.990400,0.179705,0.100137,0.034449
fbcnet,cross_session,sub-033,,ses-03,ses-02,0,,160,40,200,19,0.795000,0.795000,0.786897,0.954900,0.456341,0.286321,0.081177
fbcnet,cross_session,sub-034,,ses-01,ses-02,0,,160,40,200,59,0.580000,0.580000,0.579832,0.628700,0.720931,0.512438,0.143025
fbcnet,cross_session,sub-034,,ses-01,ses-03,0,,160,40,200,59,0.520000,0.520000,0.516080,0.534100,0.842018,0.602761,0.214792
fbcnet,cross_session,sub-034,,ses-02,ses-01,0,,160,40,200,44,0.525000,0.525000,0.491965,0.518200,1.375520,0.730308,0.299228
fbcnet,cross_session,sub-034,,ses-02,ses-03,0,,160,40,200,44,0.535000,0.535000,0.520309,0.575400,1.032259,0.664541,0.273216
fbcnet,cross_session,sub-034,,ses-03,ses-01,0,,160,40,200,2,0.490000,0.490000,0.443171,0.477800,0.827243,0.589593,0.177612
fbcnet,cross_session,sub-034,,ses-03,ses-02,0,,160,40,200,2,0.525000,0.525000,0.476281,0.503700,0.750838,0.548713,0.108619
fbcnet,cross_session,sub-035,,ses-01,ses-02,0,,160,40,200,62,0.875000,0.875000,0.874997,0.949100,0.301580,0.189063,0.046413
fbcnet,cross_session,sub-035,,ses-01,ses-03,0,,160,40,200,62,0.795000,0.795000,0.791746,0.895800,0.495172,0.303843,0.090004
fbcnet,cross_session,sub-035,,ses-02,ses-01,0,,160,40,200,96,0.925000,0.925000,0.924908,0.977000,0.212936,0.128099,0.054797
fbcnet,cross_session,sub-035,,ses-02,ses-03,0,,160,40,200,96,0.885000,0.885000,0.884349,0.953500,0.299609,0.172214,0.043964
fbcnet,cross_session,sub-035,,ses-03,ses-01,0,,160,40,200,63,0.790000,0.790000,0.787879,0.844100,0.633113,0.349977,0.119476
fbcnet,cross_session,sub-035,,ses-03,ses-02,0,,160,40,200,63,0.720000,0.720000,0.711667,0.865500,0.810950,0.442086,0.188235
fbcnet,cross_session,sub-036,,ses-01,ses-02,0,,160,40,200,36,0.840000,0.840000,0.839744,0.911700,0.375095,0.242382,0.054179
fbcnet,cross_session,sub-036,,ses-01,ses-03,0,,160,40,200,36,0.920000,0.920000,0.919799,0.975700,0.241789,0.141549,0.059817
fbcnet,cross_session,sub-036,,ses-02,ses-01,0,,160,40,200,95,0.810000,0.810000,0.808081,0.867400,0.567212,0.318775,0.114039
fbcnet,cross_session,sub-036,,ses-02,ses-03,0,,160,40,200,95,0.935000,0.935000,0.934998,0.978600,0.186035,0.108562,0.029237
fbcnet,cross_session,sub-036,,ses-03,ses-01,0,,160,40,200,90,0.750000,0.750000,0.743432,0.873400,0.680085,0.372715,0.158352
fbcnet,cross_session,sub-036,,ses-03,ses-02,0,,160,40,200,90,0.795000,0.795000,0.788524,0.955900,0.470749,0.291322,0.105731
fbcnet,cross_session,sub-037,,ses-01,ses-02,0,,160,40,200,10,0.665000,0.665000,0.664589,0.724000,0.624367,0.431020,0.063675
fbcnet,cross_session,sub-037,,ses-01,ses-03,0,,160,40,200,10,0.610000,0.610000,0.579333,0.755000,0.643759,0.449935,0.114420
fbcnet,cross_session,sub-037,,ses-02,ses-01,0,,160,40,200,36,0.560000,0.560000,0.471090,0.800600,1.346766,0.727063,0.369798
fbcnet,cross_session,sub-037,,ses-02,ses-03,0,,160,40,200,36,0.655000,0.655000,0.641363,0.797700,0.684446,0.431419,0.155040
fbcnet,cross_session,sub-037,,ses-03,ses-01,0,,160,40,200,61,0.565000,0.565000,0.489302,0.746700,1.544191,0.710513,0.352629
fbcnet,cross_session,sub-037,,ses-03,ses-02,0,,160,40,200,61,0.755000,0.755000,0.753960,0.826900,0.610946,0.370200,0.135298
fbcnet,cross_session,sub-038,,ses-01,ses-02,0,,160,40,200,4,0.500000,0.500000,0.333333,0.464300,0.967614,0.701982,0.311313
fbcnet,cross_session,sub-038,,ses-01,ses-03,0,,160,40,200,4,0.500000,0.500000,0.333333,0.472000,1.031206,0.736765,0.339436
fbcnet,cross_session,sub-038,,ses-02,ses-01,0,,160,40,200,68,0.510000,0.510000,0.385580,0.538400,1.829819,0.845876,0.409973
fbcnet,cross_session,sub-038,,ses-02,ses-03,0,,160,40,200,68,0.505000,0.505000,0.495811,0.549300,1.225870,0.717985,0.324239
fbcnet,cross_session,sub-038,,ses-03,ses-01,0,,160,40,200,6,0.500000,0.500000,0.498193,0.534400,1.020177,0.624073,0.240221
fbcnet,cross_session,sub-038,,ses-03,ses-02,0,,160,40,200,6,0.520000,0.520000,0.514121,0.523600,0.784702,0.567323,0.154486
fbcnet,cross_session,sub-039,,ses-01,ses-02,0,,160,40,200,45,0.500000,0.500000,0.350312,0.472600,2.021844,0.892732,0.434675
fbcnet,cross_session,sub-039,,ses-01,ses-03,0,,160,40,200,45,0.505000,0.505000,0.352751,0.585600,2.576489,0.955906,0.486142
fbcnet,cross_session,sub-039,,ses-02,ses-01,0,,160,40,200,26,0.480000,0.480000,0.460525,0.466000,1.029712,0.696570,0.293462
fbcnet,cross_session,sub-039,,ses-02,ses-03,0,,160,40,200,26,0.555000,0.555000,0.528988,0.664200,0.803366,0.556718,0.214341
fbcnet,cross_session,sub-039,,ses-03,ses-01,0,,160,40,200,22,0.555000,0.555000,0.526583,0.567700,1.090603,0.657764,0.278296
fbcnet,cross_session,sub-039,,ses-03,ses-02,0,,160,40,200,22,0.575000,0.575000,0.496431,0.676900,1.082962,0.653827,0.271514
fbcnet,cross_session,sub-040,,ses-01,ses-02,0,,160,40,200,38,0.560000,0.560000,0.494485,0.664400,0.943920,0.617417,0.255160
fbcnet,cross_session,sub-040,,ses-01,ses-03,0,,160,40,200,38,0.715000,0.715000,0.714135,0.788100,0.586762,0.383834,0.062022
fbcnet,cross_session,sub-040,,ses-02,ses-01,0,,160,40,200,14,0.560000,0.560000,0.541667,0.595500,0.910875,0.599465,0.231912
fbcnet,cross_session,sub-040,,ses-02,ses-03,0,,160,40,200,14,0.615000,0.615000,0.614219,0.660100,0.771263,0.503829,0.152298
fbcnet,cross_session,sub-040,,ses-03,ses-01,0,,160,40,200,39,0.680000,0.680000,0.677387,0.728800,0.695131,0.448266,0.123628
fbcnet,cross_session,sub-040,,ses-03,ses-02,0,,160,40,200,39,0.645000,0.645000,0.642992,0.721400,0.668579,0.460607,0.130009
fbcnet,cross_session,sub-041,,ses-01,ses-02,0,,160,40,200,99,0.780000,0.780000,0.779647,0.841900,0.592412,0.351512,0.124214
fbcnet,cross_session,sub-041,,ses-01,ses-03,0,,160,40,200,99,0.780000,0.780000,0.778203,0.887100,0.484698,0.305503,0.094828
fbcnet,cross_session,sub-041,,ses-02,ses-01,0,,160,40,200,35,0.795000,0.795000,0.794378,0.852800,0.513588,0.311864,0.074447
fbcnet,cross_session,sub-041,,ses-02,ses-03,0,,160,40,200,35,0.850000,0.850000,0.849985,0.922300,0.358853,0.226116,0.071478
fbcnet,cross_session,sub-041,,ses-03,ses-01,0,,160,40,200,42,0.775000,0.775000,0.774724,0.857100,0.492314,0.318989,0.079273
fbcnet,cross_session,sub-041,,ses-03,ses-02,0,,160,40,200,42,0.800000,0.800000,0.799820,0.886900,0.439328,0.278802,0.070639
fbcnet,cross_session,sub-042,,ses-01,ses-02,0,,160,40,200,69,0.600000,0.600000,0.560440,0.652500,1.380114,0.667352,0.302151
fbcnet,cross_session,sub-042,,ses-01,ses-03,0,,160,40,200,69,0.645000,0.645000,0.640242,0.695500,1.030742,0.557625,0.227922
fbcnet,cross_session,sub-042,,ses-02,ses-01,0,,160,40,200,13,0.610000,0.610000,0.608080,0.648600,0.694299,0.491555,0.112723
fbcnet,cross_session,sub-042,,ses-02,ses-03,0,,160,40,200,13,0.645000,0.645000,0.638410,0.664800,0.716779,0.491463,0.109162
fbcnet,cross_session,sub-042,,ses-03,ses-01,0,,160,40,200,16,0.675000,0.675000,0.674927,0.672700,0.681936,0.472539,0.109403
fbcnet,cross_session,sub-042,,ses-03,ses-02,0,,160,40,200,16,0.575000,0.575000,0.542900,0.636400,0.793092,0.555688,0.183054
fbcnet,cross_session,sub-043,,ses-01,ses-02,0,,160,40,200,100,0.915000,0.915000,0.914896,0.984200,0.195539,0.120943,0.027688
fbcnet,cross_session,sub-043,,ses-01,ses-03,0,,160,40,200,100,0.980000,0.980000,0.979992,0.999100,0.070554,0.036107,0.040964
fbcnet,cross_session,sub-043,,ses-02,ses-01,0,,160,40,200,55,0.930000,0.930000,0.929993,0.983100,0.171353,0.103466,0.034245
fbcnet,cross_session,sub-043,,ses-02,ses-03,0,,160,40,200,55,0.945000,0.945000,0.944966,0.982900,0.164642,0.094327,0.028388
fbcnet,cross_session,sub-043,,ses-03,ses-01,0,,160,40,200,39,0.920000,0.920000,0.919992,0.982200,0.181395,0.108623,0.034482
fbcnet,cross_session,sub-043,,ses-03,ses-02,0,,160,40,200,39,0.850000,0.850000,0.847808,0.959900,0.341384,0.214395,0.035247
fbcnet,cross_session,sub-044,,ses-01,ses-02,0,,160,40,200,2,0.490000,0.490000,0.403927,0.434500,0.794292,0.587011,0.174143
fbcnet,cross_session,sub-044,,ses-01,ses-03,0,,160,40,200,2,0.495000,0.495000,0.383677,0.481800,0.800131,0.591012,0.210119
fbcnet,cross_session,sub-044,,ses-02,ses-01,0,,160,40,200,3,0.535000,0.535000,0.528768,0.547300,0.733031,0.532499,0.119032
fbcnet,cross_session,sub-044,,ses-02,ses-03,0,,160,40,200,3,0.485000,0.485000,0.377850,0.489700,0.843033,0.616412,0.222958
fbcnet,cross_session,sub-044,,ses-03,ses-01,0,,160,40,200,2,0.505000,0.505000,0.491146,0.529600,0.720513,0.523967,0.113121
fbcnet,cross_session,sub-044,,ses-03,ses-02,0,,160,40,200,2,0.485000,0.485000,0.395380,0.439600,0.829743,0.612908,0.194291
fbcnet,cross_session,sub-045,,ses-01,ses-02,0,,160,40,200,2,0.550000,0.550000,0.531250,0.565700,0.722466,0.520537,0.109746
fbcnet,cross_session,sub-045,,ses-01,ses-03,0,,160,40,200,2,0.660000,0.660000,0.658772,0.686100,0.641684,0.450589,0.079084
fbcnet,cross_session,sub-045,,ses-02,ses-01,0,,160,40,200,42,0.620000,0.620000,0.598775,0.743100,0.733901,0.503028,0.169961
fbcnet,cross_session,sub-045,,ses-02,ses-03,0,,160,40,200,42,0.670000,0.670000,0.667305,0.724800,0.650895,0.448096,0.101565
fbcnet,cross_session,sub-045,,ses-03,ses-01,0,,160,40,200,23,0.755000,0.755000,0.754847,0.810600,0.604850,0.363697,0.092342
fbcnet,cross_session,sub-045,,ses-03,ses-02,0,,160,40,200,23,0.565000,0.565000,0.513627,0.658000,1.148356,0.622115,0.267350
fbcnet,cross_session,sub-046,,ses-01,ses-02,0,,160,40,200,100,0.950000,0.950000,0.949980,0.989400,0.122091,0.062326,0.042869
fbcnet,cross_session,sub-046,,ses-01,ses-03,0,,160,40,200,100,0.965000,0.965000,0.964992,0.989900,0.135631,0.069223,0.041350
fbcnet,cross_session,sub-046,,ses-02,ses-01,0,,160,40,200,97,0.870000,0.870000,0.868101,0.982000,0.295704,0.189338,0.053646
fbcnet,cross_session,sub-046,,ses-02,ses-03,0,,160,40,200,97,0.935000,0.935000,0.934998,0.977800,0.192586,0.111789,0.039412
fbcnet,cross_session,sub-046,,ses-03,ses-01,0,,160,40,200,100,0.795000,0.795000,0.788524,0.953600,0.493378,0.294113,0.118916
fbcnet,cross_session,sub-046,,ses-03,ses-02,0,,160,40,200,100,0.955000,0.955000,0.954990,0.990400,0.140222,0.082337,0.035658
fbcnet,cross_session,sub-047,,ses-01,ses-02,0,,160,40,200,34,0.775000,0.775000,0.774949,0.869000,0.481830,0.311077,0.080251
fbcnet,cross_session,sub-047,,ses-01,ses-03,0,,160,40,200,34,0.730000,0.730000,0.725359,0.848700,0.558975,0.368396,0.135919
fbcnet,cross_session,sub-047,,ses-02,ses-01,0,,160,40,200,40,0.770000,0.770000,0.763957,0.839600,0.610593,0.373820,0.128624
fbcnet,cross_session,sub-047,,ses-02,ses-03,0,,160,40,200,40,0.715000,0.715000,0.714135,0.787700,0.630503,0.401016,0.092535
fbcnet,cross_session,sub-047,,ses-03,ses-01,0,,160,40,200,99,0.805000,0.805000,0.804761,0.901000,0.425712,0.263064,0.067271
fbcnet,cross_session,sub-047,,ses-03,ses-02,0,,160,40,200,99,0.825000,0.825000,0.824891,0.899900,0.431259,0.252142,0.084944
fbcnet,cross_session,sub-048,,ses-01,ses-02,0,,160,40,200,16,0.555000,0.555000,0.550039,0.599600,0.816293,0.568518,0.200805
fbcnet,cross_session,sub-048,,ses-01,ses-03,0,,160,40,200,16,0.535000,0.535000,0.526368,0.536200,0.881499,0.609651,0.191701
fbcnet,cross_session,sub-048,,ses-02,ses-01,0,,160,40,200,22,0.645000,0.645000,0.639365,0.661100,0.799513,0.519760,0.180230
fbcnet,cross_session,sub-048,,ses-02,ses-03,0,,160,40,200,22,0.620000,0.620000,0.613468,0.683100,0.698772,0.483148,0.126235
fbcnet,cross_session,sub-048,,ses-03,ses-01,0,,160,40,200,29,0.500000,0.500000,0.365804,0.637800,1.772628,0.882501,0.447099
fbcnet,cross_session,sub-048,,ses-03,ses-02,0,,160,40,200,29,0.525000,0.525000,0.407712,0.650400,1.568304,0.787314,0.381913
fbcnet,cross_session,sub-049,,ses-01,ses-02,0,,160,40,200,35,0.565000,0.565000,0.489302,0.761900,2.198990,0.798147,0.384344
fbcnet,cross_session,sub-049,,ses-01,ses-03,0,,160,40,200,35,0.510000,0.510000,0.355178,0.785900,3.327796,0.961182,0.486188
fbcnet,cross_session,sub-049,,ses-02,ses-01,0,,160,40,200,20,0.765000,0.765000,0.756672,0.934700,0.507628,0.337915,0.124256
fbcnet,cross_session,sub-049,,ses-02,ses-03,0,,160,40,200,20,0.790000,0.790000,0.789916,0.859400,0.511289,0.316266,0.096758
fbcnet,cross_session,sub-049,,ses-03,ses-01,0,,160,40,200,15,0.780000,0.780000,0.778203,0.879800,0.451174,0.293509,0.046847
fbcnet,cross_session,sub-049,,ses-03,ses-02,0,,160,40,200,15,0.805000,0.805000,0.802826,0.906800,0.426262,0.265194,0.055823
fbcnet,cross_session,sub-050,,ses-01,ses-02,0,,160,40,200,65,0.835000,0.835000,0.834499,0.934800,0.345476,0.227786,0.055147
fbcnet,cross_session,sub-050,,ses-01,ses-03,0,,160,40,200,65,0.825000,0.825000,0.824961,0.901000,0.411685,0.263423,0.091480
fbcnet,cross_session,sub-050,,ses-02,ses-01,0,,160,40,200,80,0.810000,0.810000,0.807224,0.889600,0.472361,0.286925,0.080908
fbcnet,cross_session,sub-050,,ses-02,ses-03,0,,160,40,200,80,0.860000,0.860000,0.859494,0.950500,0.325531,0.209000,0.056775
fbcnet,cross_session,sub-050,,ses-03,ses-01,0,,160,40,200,43,0.660000,0.660000,0.652174,0.800600,0.601946,0.416347,0.138976
fbcnet,cross_session,sub-050,,ses-03,ses-02,0,,160,40,200,43,0.820000,0.820000,0.819114,0.941300,0.342994,0.226172,0.060765
fbcnet,cross_session,sub-051,,ses-01,ses-02,0,,160,40,200,49,0.645000,0.645000,0.633785,0.764300,0.678287,0.467564,0.153441
fbcnet,cross_session,sub-051,,ses-01,ses-03,0,,160,40,200,49,0.610000,0.610000,0.592008,0.750500,0.785256,0.512715,0.210547
fbcnet,cross_session,sub-051,,ses-02,ses-01,0,,160,40,200,85,0.735000,0.735000,0.729309,0.811600,0.735841,0.421235,0.139333
fbcnet,cross_session,sub-051,,ses-02,ses-03,0,,160,40,200,85,0.790000,0.790000,0.789663,0.903000,0.416716,0.280119,0.095643
fbcnet,cross_session,sub-051,,ses-03,ses-01,0,,160,40,200,33,0.560000,0.560000,0.485741,0.722300,1.166528,0.660307,0.307809
fbcnet,cross_session,sub-051,,ses-03,ses-02,0,,160,40,200,33,0.755000,0.755000,0.747260,0.898500,0.466707,0.310569,0.073254
fbcnet,cross_session,sub-001,,ses-01,ses-02,1,,160,40,200,36,0.600000,0.600000,0.583333,0.691400,0.858327,0.558196,0.229031
fbcnet,cross_session,sub-001,,ses-01,ses-03,1,,160,40,200,36,0.615000,0.615000,0.566332,0.706200,1.063801,0.610631,0.263374
fbcnet,cross_session,sub-001,,ses-02,ses-01,1,,160,40,200,91,0.710000,0.710000,0.708952,0.745800,0.714288,0.456012,0.164395
fbcnet,cross_session,sub-001,,ses-02,ses-03,1,,160,40,200,91,0.815000,0.815000,0.814625,0.905500,0.415610,0.263172,0.066378
fbcnet,cross_session,sub-001,,ses-03,ses-01,1,,160,40,200,86,0.680000,0.680000,0.679872,0.726100,0.839590,0.486066,0.172498
fbcnet,cross_session,sub-001,,ses-03,ses-02,1,,160,40,200,86,0.750000,0.750000,0.747475,0.836600,0.648887,0.381494,0.133268
fbcnet,cross_session,sub-002,,ses-01,ses-02,1,,160,40,200,4,0.510000,0.510000,0.471470,0.514300,0.787252,0.576908,0.171081
fbcnet,cross_session,sub-002,,ses-01,ses-03,1,,160,40,200,4,0.505000,0.505000,0.504393,0.478700,0.804768,0.576823,0.157674
fbcnet,cross_session,sub-002,,ses-02,ses-01,1,,160,40,200,12,0.490000,0.490000,0.489541,0.461600,0.834504,0.612636,0.195478
fbcnet,cross_session,sub-002,,ses-02,ses-03,1,,160,40,200,12,0.585000,0.585000,0.573385,0.619800,0.718983,0.510265,0.117215
fbcnet,cross_session,sub-002,,ses-03,ses-01,1,,160,40,200,1,0.480000,0.480000,0.479948,0.480100,0.806332,0.588507,0.180214
fbcnet,cross_session,sub-002,,ses-03,ses-02,1,,160,40,200,1,0.505000,0.505000,0.494369,0.529800,0.761103,0.556546,0.157591
fbcnet,cross_session,sub-003,,ses-01,ses-02,1,,160,40,200,39,0.715000,0.715000,0.704900,0.785200,0.730494,0.440513,0.159466
fbcnet,cross_session,sub-003,,ses-01,ses-03,1,,160,40,200,39,0.795000,0.795000,0.794872,0.849900,0.513187,0.308060,0.073820
fbcnet,cross_session,sub-003,,ses-02,ses-01,1,,160,40,200,72,0.590000,0.590000,0.576271,0.643800,1.293312,0.678591,0.318144
fbcnet,cross_session,sub-003,,ses-02,ses-03,1,,160,40,200,72,0.620000,0.620000,0.594667,0.711900,1.328097,0.630709,0.269149
fbcnet,cross_session,sub-003,,ses-03,ses-01,1,,160,40,200,21,0.585000,0.585000,0.542435,0.673400,0.705113,0.503588,0.118892
fbcnet,cross_session,sub-003,,ses-03,ses-02,1,,160,40,200,21,0.575000,0.575000,0.517580,0.681500,0.747958,0.527377,0.145531
fbcnet,cross_session,sub-004,,ses-01,ses-02,1,,160,40,200,11,0.490000,0.490000,0.484848,0.480500,0.825119,0.600726,0.191125
fbcnet,cross_session,sub-004,,ses-01,ses-03,1,,160,40,200,11,0.470000,0.470000,0.466586,0.500400,0.784544,0.575110,0.213379
fbcnet,cross_session,sub-004,,ses-02,ses-01,1,,160,40,200,6,0.500000,0.500000,0.392909,0.518500,0.788559,0.578045,0.183403
fbcnet,cross_session,sub-004,,ses-02,ses-03,1,,160,40,200,6,0.480000,0.480000,0.453552,0.469900,0.763080,0.561437,0.153104
fbcnet,cross_session,sub-004,,ses-03,ses-01,1,,160,40,200,2,0.545000,0.545000,0.539928,0.548900,0.713808,0.517418,0.123185
fbcnet,cross_session,sub-004,,ses-03,ses-02,1,,160,40,200,2,0.480000,0.480000,0.472403,0.462100,0.781351,0.577689,0.179853
fbcnet,cross_session,sub-005,,ses-01,ses-02,1,,160,40,200,99,0.770000,0.770000,0.768122,0.846200,0.647945,0.366089,0.141420
fbcnet,cross_session,sub-005,,ses-01,ses-03,1,,160,40,200,99,0.795000,0.795000,0.794584,0.866600,0.591879,0.331573,0.123228
fbcnet,cross_session,sub-005,,ses-02,ses-01,1,,160,40,200,92,0.775000,0.775000,0.773363,0.851700,0.578795,0.341008,0.109149
fbcnet,cross_session,sub-005,,ses-02,ses-03,1,,160,40,200,92,0.720000,0.720000,0.718621,0.786900,0.748106,0.410233,0.144598
fbcnet,cross_session,sub-005,,ses-03,ses-01,1,,160,40,200,51,0.730000,0.730000,0.713497,0.886900,0.717993,0.416288,0.161969
fbcnet,cross_session,sub-005,,ses-03,ses-02,1,,160,40,200,51,0.690000,0.690000,0.671053,0.839900,0.816950,0.450033,0.192772
fbcnet,cross_session,sub-006,,ses-01,ses-02,1,,160,40,200,96,0.715000,0.715000,0.689804,0.903600,0.866497,0.447797,0.193010
fbcnet,cross_session,sub-006,,ses-01,ses-03,1,,160,40,200,96,0.785000,0.785000,0.778208,0.942400,0.579772,0.313007,0.117276
fbcnet,cross_session,sub-006,,ses-02,ses-01,1,,160,40,200,19,0.685000,0.685000,0.683663,0.736700,0.685887,0.447272,0.116480
fbcnet,cross_session,sub-006,,ses-02,ses-03,1,,160,40,200,19,0.685000,0.685000,0.657152,0.926800,0.773903,0.451123,0.206326
fbcnet,cross_session,sub-006,,ses-03,ses-01,1,,160,40,200,99,0.500000,0.500000,0.333333,0.705150,3.108306,0.949234,0.483268
fbcnet,cross_session,sub-006,,ses-03,ses-02,1,,160,40,200,99,0.875000,0.875000,0.873325,0.960600,0.369159,0.193021,0.059881
fbcnet,cross_session,sub-007,,ses-01,ses-02,1,,160,40,200,9,0.495000,0.495000,0.370305,0.529700,1.018038,0.692636,0.302342
fbcnet,cross_session,sub-007,,ses-01,ses-03,1,,160,40,200,9,0.570000,0.570000,0.555601,0.572100,0.764577,0.545786,0.110051
fbcnet,cross_session,sub-007,,ses-02,ses-01,1,,160,40,200,14,0.490000,0.490000,0.374310,0.574600,1.116831,0.736543,0.356513
fbcnet,cross_session,sub-007,,ses-02,ses-03,1,,160,40,200,14,0.490000,0.490000,0.386946,0.599600,1.082923,0.715462,0.359599
fbcnet,cross_session,sub-007,,ses-03,ses-01,1,,160,40,200,31,0.490000,0.490000,0.464061,0.507300,1.886387,0.853740,0.402112
fbcnet,cross_session,sub-007,,ses-03,ses-02,1,,160,40,200,31,0.510000,0.510000,0.487394,0.544200,1.275271,0.730332,0.320855
fbcnet,cross_session,sub-008,,ses-01,ses-02,1,,160,40,200,12,0.550000,0.550000,0.549955,0.604900,0.687142,0.492844,0.099605
fbcnet,cross_session,sub-008,,ses-01,ses-03,1,,160,40,200,12,0.550000,0.550000,0.541004,0.582500,0.709817,0.510019,0.088334
fbcnet,cross_session,sub-008,,ses-02,ses-01,1,,160,40,200,56,0.600000,0.600000,0.590793,0.600700,1.163862,0.618418,0.245315
fbcnet,cross_session,sub-008,,ses-02,ses-03,1,,160,40,200,56,0.660000,0.660000,0.626374,0.810700,0.857754,0.497942,0.208406
fbcnet,cross_session,sub-008,,ses-03,ses-01,1,,160,40,200,69,0.560000,0.560000,0.490210,0.637300,1.313159,0.724868,0.333749
fbcnet,cross_session,sub-008,,ses-03,ses-02,1,,160,40,200,69,0.560000,0.560000,0.454365,0.780100,1.319981,0.712928,0.348799
fbcnet,cross_session,sub-009,,ses-01,ses-02,1,,160,40,200,3,0.660000,0.660000,0.655032,0.693700,0.659171,0.457750,0.074974
fbcnet,cross_session,sub-009,,ses-01,ses-03,1,,160,40,200,3,0.540000,0.540000,0.506650,0.532100,0.749180,0.542570,0.114105
fbcnet,cross_session,sub-009,,ses-02,ses-01,1,,160,40,200,2,0.535000,0.535000,0.476219,0.561400,0.742227,0.537908,0.122037
fbcnet,cross_session,sub-009,,ses-02,ses-03,1,,160,40,200,2,0.460000,0.460000,0.439776,0.447500,0.799841,0.586987,0.176813
fbcnet,cross_session,sub-009,,ses-03,ses-01,1,,160,40,200,1,0.495000,0.495000,0.417381,0.495900,0.792924,0.583322,0.179621
fbcnet,cross_session,sub-009,,ses-03,ses-02,1,,160,40,200,1,0.515000,0.515000,0.388379,0.528500,0.872057,0.626573,0.232178
fbcnet,cross_session,sub-010,,ses-01,ses-02,1,,160,40,200,47,0.560000,0.560000,0.509804,0.647900,0.972322,0.623473,0.247837
fbcnet,cross_session,sub-010,,ses-01,ses-03,1,,160,40,200,47,0.445000,0.445000,0.409559,0.439400,1.165059,0.770124,0.337278
fbcnet,cross_session,sub-010,,ses-02,ses-01,1,,160,40,200,9,0.545000,0.545000,0.498332,0.627200,0.809693,0.573635,0.216706
fbcnet,cross_session,sub-010,,ses-02,ses-03,1,,160,40,200,9,0.545000,0.545000,0.544989,0.563500,0.799797,0.571684,0.175260
fbcnet,cross_session,sub-010,,ses-03,ses-01,1,,160,40,200,29,0.485000,0.485000,0.428270,0.547000,1.161766,0.712799,0.327653
fbcnet,cross_session,sub-010,,ses-03,ses-02,1,,160,40,200,29,0.500000,0.500000,0.333333,0.528500,2.952976,0.969634,0.486902
fbcnet,cross_session,sub-011,,ses-01,ses-02,1,,160,40,200,82,0.665000,0.665000,0.645418,0.757000,1.078903,0.558607,0.237004
fbcnet,cross_session,sub-011,,ses-01,ses-03,1,,160,40,200,82,0.705000,0.705000,0.694546,0.765100,0.902394,0.487465,0.193690
fbcnet,cross_session,sub-011,,ses-02,ses-01,1,,160,40,200,7,0.675000,0.675000,0.674797,0.711800,0.629573,0.436012,0.045007
fbcnet,cross_session,sub-011,,ses-02,ses-03,1,,160,40,200,7,0.520000,0.520000,0.428571,0.545900,0.944892,0.662265,0.266398
fbcnet,cross_session,sub-011,,ses-03,ses-01,1,,160,40,200,21,0.675000,0.675000,0.663483,0.808700,0.588405,0.405455,0.103849
fbcnet,cross_session,sub-011,,ses-03,ses-02,1,,160,40,200,21,0.545000,0.545000,0.522948,0.605800,0.796898,0.569091,0.205637
fbcnet,cross_session,sub-012,,ses-01,ses-02,1,,160,40,200,6,0.485000,0.485000,0.442867,0.457800,0.855046,0.620056,0.197291
fbcnet,cross_session,sub-012,,ses-01,ses-03,1,,160,40,200,6,0.530000,0.530000,0.435028,0.593400,0.823256,0.581383,0.198539
fbcnet,cross_session,sub-012,,ses-02,ses-01,1,,160,40,200,1,0.495000,0.495000,0.479046,0.492500,0.748769,0.544467,0.131025
fbcnet,cross_session,sub-012,,ses-02,ses-03,1,,160,40,200,1,0.515000,0.515000,0.388379,0.544700,0.815655,0.600925,0.229857
fbcnet,cross_session,sub-012,,ses-03,ses-01,1,,160,40,200,28,0.550000,0.550000,0.549955,0.569400,0.829402,0.578038,0.206555
fbcnet,cross_session,sub-012,,ses-03,ses-02,1,,160,40,200,28,0.540000,0.540000,0.537037,0.535900,0.875857,0.616108,0.234326
fbcnet,cross_session,sub-013,,ses-01,ses-02,1,,160,40,200,4,0.505000,0.505000,0.407877,0.541000,0.813873,0.591801,0.213184
fbcnet,cross_session,sub-013,,ses-01,ses-03,1,,160,40,200,4,0.530000,0.530000,0.450678,0.580000,0.765400,0.556902,0.157337
fbcnet,cross_session,sub-013,,ses-02,ses-01,1,,160,40,200,19,0.575000,0.575000,0.542900,0.628500,0.710988,0.508937,0.137774
fbcnet,cross_session,sub-013,,ses-02,ses-03,1,,160,40,200,19,0.540000,0.540000,0.494505,0.537900,0.837967,0.598699,0.216879
fbcnet,cross_session,sub-013,,ses-03,ses-01,1,,160,40,200,5,0.500000,0.500000,0.365804,0.531100,0.886859,0.644046,0.266873
fbcnet,cross_session,sub-013,,ses-03,ses-02,1,,160,40,200,5,0.500000,0.500000,0.442959,0.489600,1.391864,0.832284,0.388198
fbcnet,cross_session,sub-014,,ses-01,ses-02,1,,160,40,200,1,0.485000,0.485000,0.395380,0.427400,0.835551,0.618098,0.229429
fbcnet,cross_session,sub-014,,ses-01,ses-03,1,,160,40,200,1,0.500000,0.500000,0.379960,0.464900,0.835164,0.612568,0.204473
fbcnet,cross_session,sub-014,,ses-02,ses-01,1,,160,40,200,1,0.500000,0.500000,0.350312,0.560200,0.779708,0.572268,0.196404
fbcnet,cross_session,sub-014,,ses-02,ses-03,1,,160,40,200,1,0.455000,0.455000,0.453346,0.470400,0.726963,0.532026,0.131377
fbcnet,cross_session,sub-014,,ses-03,ses-01,1,,160,40,200,14,0.500000,0.500000,0.333333,0.529200,1.298959,0.813297,0.399597
fbcnet,cross_session,sub-014,,ses-03,ses-02,1,,160,40,200,14,0.450000,0.450000,0.437340,0.443400,0.853666,0.615908,0.219297
fbcnet,cross_session,sub-015,,ses-01,ses-02,1,,160,40,200,15,0.525000,0.525000,0.483007,0.583200,0.954521,0.641979,0.266282
fbcnet,cross_session,sub-015,,ses-01,ses-03,1,,160,40,200,15,0.495000,0.495000,0.417381,0.519700,1.496579,0.765648,0.356557
fbcnet,cross_session,sub-015,,ses-02,ses-01,1,,160,40,200,35,0.555000,0.555000,0.502446,0.597400,1.086519,0.678639,0.284414
fbcnet,cross_session,sub-015,,ses-02,ses-03,1,,160,40,200,35,0.515000,0.515000,0.508500,0.533800,1.632899,0.762574,0.346667
fbcnet,cross_session,sub-015,,ses-03,ses-01,1,,160,40,200,13,0.465000,0.465000,0.382769,0.449200,0.882007,0.647999,0.255980
fbcnet,cross_session,sub-015,,ses-03,ses-02,1,,160,40,200,13,0.520000,0.520000,0.479167,0.521700,0.774412,0.561290,0.173272
fbcnet,cross_session,sub-016,,ses-01,ses-02,1,,160,40,200,2,0.510000,0.510000,0.487394,0.509800,0.766173,0.557838,0.143052
fbcnet,cross_session,sub-016,,ses-01,ses-03,1,,160,40,200,2,0.560000,0.560000,0.528100,0.547800,0.736813,0.532930,0.111718
fbcnet,cross_session,sub-016,,ses-02,ses-01,1,,160,40,200,4,0.465000,0.465000,0.464987,0.465700,0.756457,0.557476,0.158769
fbcnet,cross_session,sub-016,,ses-02,ses-03,1,,160,40,200,4,0.530000,0.530000,0.529812,0.540900,0.713749,0.517997,0.114589
fbcnet,cross_session,sub-016,,ses-03,ses-01,1,,160,40,200,2,0.505000,0.505000,0.497143,0.541200,0.702358,0.508371,0.096575
fbcnet,cross_session,sub-016,,ses-03,ses-02,1,,160,40,200,2,0.545000,0.545000,0.532266,0.527800,0.737398,0.536051,0.115626
fbcnet,cross_session,sub-017,,ses-01,ses-02,1,,160,40,200,19,0.550000,0.550000,0.533147,0.559800,0.769264,0.557491,0.181312
fbcnet,cross_session,sub-017,,ses-01,ses-03,1,,160,40,200,19,0.535000,0.535000,0.496957,0.631400,0.775761,0.553641,0.197562
fbcnet,cross_session,sub-017,,ses-02,ses-01,1,,160,40,200,7,0.555000,0.555000,0.521390,0.613400,0.738789,0.528485,0.130652
fbcnet,cross_session,sub-017,,ses-02,ses-03,1,,160,40,200,7,0.650000,0.650000,0.648277,0.716900,0.620706,0.430318,0.029846
fbcnet,cross_session,sub-017,,ses-03,ses-01,1,,160,40,200,27,0.590000,0.590000,0.587981,0.619600,0.859674,0.534272,0.153468
fbcnet,cross_session,sub-017,,ses-03,ses-02,1,,160,40,200,27,0.630000,0.630000,0.614583,0.702600,0.721693,0.498336,0.159293
fbcnet,cross_session,sub-018,,ses-01,ses-02,1,,160,40,200,29,0.545000,0.545000,0.498332,0.558400,0.754597,0.546398,0.143343
fbcnet,cross_session,sub-018,,ses-01,ses-03,1,,160,40,200,29,0.555000,0.555000,0.521390,0.596300,0.737825,0.529218,0.118041
fbcnet,cross_session,sub-018,,ses-02,ses-01,1,,160,40,200,1,0.515000,0.515000,0.503061,0.497900,0.800540,0.571402,0.139066
fbcnet,cross_session,sub-018,,ses-02,ses-03,1,,160,40,200,1,0.465000,0.465000,0.464665,0.466700,0.751963,0.552429,0.148666
fbcnet,cross_session,sub-018,,ses-03,ses-01,1,,160,40,200,2,0.590000,0.590000,0.586652,0.570300,0.755448,0.522230,0.124747
fbcnet,cross_session,sub-018,,ses-03,ses-02,1,,160,40,200,2,0.465000,0.465000,0.427792,0.477500,0.808336,0.592210,0.195022
fbcnet,cross_session,sub-019,,ses-01,ses-02,1,,160,40,200,6,0.535000,0.535000,0.443763,0.560200,0.834456,0.598129,0.223120
fbcnet,cross_session,sub-019,,ses-01,ses-03,1,,160,40,200,6,0.575000,0.575000,0.574734,0.617500,0.674689,0.482064,0.062415
fbcnet,cross_session,sub-019,,ses-02,ses-01,1,,160,40,200,1,0.555000,0.555000,0.544046,0.573500,0.715815,0.516771,0.093715
fbcnet,cross_session,sub-019,,ses-02,ses-03,1,,160,40,200,1,0.495000,0.495000,0.412364,0.518700,0.749701,0.549604,0.154884
fbcnet,cross_session,sub-019,,ses-03,ses-01,1,,160,40,200,61,0.575000,0.575000,0.559939,0.598600,1.423055,0.716730,0.336927
fbcnet,cross_session,sub-019,,ses-03,ses-02,1,,160,40,200,61,0.575000,0.575000,0.570262,0.629800,1.049192,0.614432,0.249559
fbcnet,cross_session,sub-020,,ses-01,ses-02,1,,160,40,200,59,0.645000,0.645000,0.627795,0.717200,0.891408,0.532261,0.195714
fbcnet,cross_session,sub-020,,ses-01,ses-03,1,,160,40,200,59,0.495000,0.495000,0.339675,0.422250,2.630970,0.940752,0.453916
fbcnet,cross_session,sub-020,,ses-02,ses-01,1,,160,40,200,36,0.500000,0.500000,0.342019,0.696500,3.448693,0.968348,0.486938
fbcnet,cross_session,sub-020,,ses-02,ses-03,1,,160,40,200,36,0.500000,0.500000,0.333333,0.432850,3.333283,0.974633,0.490274
fbcnet,cross_session,sub-020,,ses-03,ses-01,1,,160,40,200,19,0.450000,0.450000,0.444444,0.426600,1.695005,0.873581,0.402908
fbcnet,cross_session,sub-020,,ses-03,ses-02,1,,160,40,200,19,0.475000,0.475000,0.460307,0.501700,1.413319,0.796701,0.361967
fbcnet,cross_session,sub-021,,ses-01,ses-02,1,,160,40,200,46,0.550000,0.550000,0.543425,0.554650,2.254497,0.708758,0.300087
fbcnet,cross_session,sub-021,,ses-01,ses-03,1,,160,40,200,46,0.535000,0.535000,0.534988,0.588000,0.905266,0.604892,0.243467
fbcnet,cross_session,sub-021,,ses-02,ses-01,1,,160,40,200,61,0.670000,0.670000,0.666667,0.726200,0.710424,0.473503,0.154135
fbcnet,cross_session,sub-021,,ses-02,ses-03,1,,160,40,200,61,0.565000,0.565000,0.474495,0.732900,1.114121,0.672297,0.308904
fbcnet,cross_session,sub-021,,ses-03,ses-01,1,,160,40,200,5,0.585000,0.585000,0.528931,0.618200,0.865310,0.594710,0.211818
fbcnet,cross_session,sub-021,,ses-03,ses-02,1,,160,40,200,5,0.500000,0.500000,0.498193,0.529200,1.338460,0.783500,0.357782
fbcnet,cross_session,sub-022,,ses-01,ses-02,1,,160,40,200,19,0.545000,0.545000,0.530625,0.581800,1.032471,0.659180,0.259695
fbcnet,cross_session,sub-022,,ses-01,ses-03,1,,160,40,200,19,0.525000,0.525000,0.522985,0.530500,1.244943,0.691342,0.299481
fbcnet,cross_session,sub-022,,ses-02,ses-01,1,,160,40,200,37,0.510000,0.510000,0.371069,0.542700,1.313576,0.801775,0.388599
fbcnet,cross_session,sub-022,,ses-02,ses-03,1,,160,40,200,37,0.625000,0.625000,0.623409,0.662500,0.772160,0.507305,0.144483
fbcnet,cross_session,sub-022,,ses-03,ses-01,1,,160,40,200,9,0.480000,0.480000,0.347962,0.398500,0.917428,0.669036,0.266332
fbcnet,cross_session,sub-022,,ses-03,ses-02,1,,160,40,200,9,0.575000,0.575000,0.567111,0.606300,0.710339,0.509348,0.110429
fbcnet,cross_session,sub-023,,ses-02,ses-03,1,,160,40,200,8,0.810000,0.810000,0.806734,0.897900,0.463849,0.301325,0.066275
fbcnet,cross_session,sub-023,,ses-03,ses-02,1,,160,40,200,98,0.795000,0.795000,0.794130,0.919200,0.391527,0.251415,0.094618
fbcnet,cross_session,sub-025,,ses-01,ses-02,1,,160,40,200,98,0.655000,0.655000,0.624500,0.752000,1.059494,0.563763,0.242007
fbcnet,cross_session,sub-025,,ses-01,ses-03,1,,160,40,200,98,0.505000,0.505000,0.352751,0.525800,3.382272,0.950590,0.471955
fbcnet,cross_session,sub-025,,ses-02,ses-01,1,,160,40,200,93,0.585000,0.585000,0.517091,0.732800,1.434669,0.713660,0.340576
fbcnet,cross_session,sub-025,,ses-02,ses-03,1,,160,40,200,93,0.565000,0.565000,0.552826,0.620000,1.022811,0.631405,0.278942
fbcnet,cross_session,sub-025,,ses-03,ses-01,1,,160,40,200,49,0.635000,0.635000,0.632935,0.700200,0.721239,0.484485,0.144204
fbcnet,cross_session,sub-025,,ses-03,ses-02,1,,160,40,200,49,0.670000,0.670000,0.662404,0.750800,0.757308,0.465475,0.153616
fbcnet,cross_session,sub-026,,ses-02,ses-03,1,,160,40,200,13,0.575000,0.575000,0.567111,0.654300,0.806847,0.553407,0.198293
fbcnet,cross_session,sub-026,,ses-03,ses-02,1,,160,40,200,84,0.730000,0.730000,0.727795,0.849100,0.504758,0.340296,0.082178
fbcnet,cross_session,sub-027,,ses-01,ses-02,1,,160,40,200,19,0.500000,0.500000,0.333333,0.534400,3.913253,0.998256,0.499202
fbcnet,cross_session,sub-027,,ses-01,ses-03,1,,160,40,200,19,0.500000,0.500000,0.333333,0.571400,1.887013,0.897442,0.457518
fbcnet,cross_session,sub-027,,ses-02,ses-01,1,,160,40,200,11,0.515000,0.515000,0.373688,0.626100,1.016955,0.691678,0.325046
fbcnet,cross_session,sub-027,,ses-02,ses-03,1,,160,40,200,11,0.500000,0.500000,0.333333,0.652300,1.258485,0.792582,0.405413
fbcnet,cross_session,sub-027,,ses-03,ses-01,1,,160,40,200,65,0.505000,0.505000,0.352751,0.649600,3.493060,0.973020,0.492420
fbcnet,cross_session,sub-027,,ses-03,ses-02,1,,160,40,200,65,0.610000,0.610000,0.607488,0.624100,1.001324,0.603322,0.226410
fbcnet,cross_session,sub-028,,ses-01,ses-02,1,,160,40,200,53,0.745000,0.745000,0.736944,0.829500,0.658601,0.402774,0.123333
fbcnet,cross_session,sub-028,,ses-01,ses-03,1,,160,40,200,53,0.695000,0.695000,0.694626,0.775700,0.628355,0.406437,0.105561
fbcnet,cross_session,sub-028,,ses-02,ses-01,1,,160,40,200,37,0.755000,0.755000,0.754945,0.824200,0.600509,0.351394,0.128047
fbcnet,cross_session,sub-028,,ses-02,ses-03,1,,160,40,200,37,0.580000,0.580000,0.495132,0.846800,1.258599,0.694086,0.342807
fbcnet,cross_session,sub-028,,ses-03,ses-01,1,,160,40,200,62,0.745000,0.745000,0.734920,0.870900,0.603080,0.378147,0.109757
fbcnet,cross_session,sub-028,,ses-03,ses-02,1,,160,40,200,62,0.630000,0.630000,0.581637,0.853600,0.975264,0.567489,0.258995
fbcnet,cross_session,sub-029,,ses-01,ses-02,1,,160,40,200,29,0.500000,0.500000,0.333333,0.683000,2.997404,0.953030,0.483185
fbcnet,cross_session,sub-029,,ses-01,ses-03,1,,160,40,200,29,0.585000,0.585000,0.498656,0.836500,1.121720,0.650926,0.320382
fbcnet,cross_session,sub-029,,ses-02,ses-01,1,,160,40,200,98,0.805000,0.805000,0.798090,0.956400,0.437646,0.275315,0.116563
fbcnet,cross_session,sub-029,,ses-02,ses-03,1,,160,40,200,98,0.965000,0.965000,0.964978,0.993400,0.100320,0.051059,0.023293
fbcnet,cross_session,sub-029,,ses-03,ses-01,1,,160,40,200,50,0.920000,0.920000,0.919872,0.966400,0.242268,0.136239,0.042961
fbcnet,cross_session,sub-029,,ses-03,ses-02,1,,160,40,200,50,0.940000,0.940000,0.939904,0.988500,0.176060,0.099168,0.031186
fbcnet,cross_session,sub-030,,ses-01,ses-02,1,,160,40,200,18,0.630000,0.630000,0.607385,0.708300,0.648600,0.456767,0.062364
fbcnet,cross_session,sub-030,,ses-01,ses-03,1,,160,40,200,18,0.570000,0.570000,0.530516,0.707400,0.679327,0.485317,0.149817
fbcnet,cross_session,sub-030,,ses-02,ses-01,1,,160,40,200,59,0.825000,0.825000,0.824645,0.919100,0.393781,0.252689,0.082428
fbcnet,cross_session,sub-030,,ses-02,ses-03,1,,160,40,200,59,0.780000,0.780000,0.777305,0.869600,0.566284,0.325819,0.104723
fbcnet,cross_session,sub-030,,ses-03,ses-01,1,,160,40,200,22,0.680000,0.680000,0.674499,0.772900,0.648804,0.429281,0.121128
fbcnet,cross_session,sub-030,,ses-03,ses-02,1,,160,40,200,22,0.595000,0.595000,0.543803,0.777400,0.904814,0.580022,0.256518
fbcnet,cross_session,sub-031,,ses-01,ses-02,1,,160,40,200,31,0.515000,0.515000,0.481270,0.541800,1.102836,0.681631,0.289571
fbcnet,cross_session,sub-031,,ses-01,ses-03,1,,160,40,200,31,0.530000,0.530000,0.464387,0.581600,1.242641,0.721954,0.324249
fbcnet,cross_session,sub-031,,ses-02,ses-01,1,,160,40,200,4,0.495000,0.495000,0.339675,0.471800,1.547333,0.880301,0.429577
fbcnet,cross_session,sub-031,,ses-02,ses-03,1,,160,40,200,4,0.550000,0.550000,0.548374,0.536500,0.812382,0.566612,0.177337
fbcnet,cross_session,sub-031,,ses-03,ses-01,1,,160,40,200,14,0.510000,0.510000,0.355178,0.626400,1.204156,0.758297,0.377596
fbcnet,cross_session,sub-031,,ses-03,ses-02,1,,160,40,200,14,0.550000,0.550000,0.469277,0.567500,0.903221,0.627187,0.234411
fbcnet,cross_session,sub-032,,ses-01,ses-03,1,,160,40,200,35,0.630000,0.630000,0.629407,0.679300,0.796747,0.517672,0.175477
fbcnet,cross_session,sub-032,,ses-03,ses-01,1,,160,40,200,1,0.505000,0.505000,0.504393,0.517100,0.743653,0.544323,0.154411
fbcnet,cross_session,sub-033,,ses-01,ses-02,1,,160,40,200,28,0.925000,0.925000,0.924576,0.979500,0.236951,0.141154,0.066847
fbcnet,cross_session,sub-033,,ses-01,ses-03,1,,160,40,200,28,0.935000,0.935000,0.934998,0.976200,0.174977,0.099952,0.029898
fbcnet,cross_session,sub-033,,ses-02,ses-01,1,,160,40,200,97,0.965000,0.965000,0.964999,0.992100,0.114828,0.064107,0.022966
fbcnet,cross_session,sub-033,,ses-02,ses-03,1,,160,40,200,97,0.840000,0.840000,0.836317,0.986100,0.359705,0.231625,0.069752
fbcnet,cross_session,sub-033,,ses-03,ses-01,1,,160,40,200,72,0.925000,0.925000,0.924772,0.990200,0.208314,0.119633,0.047730
fbcnet,cross_session,sub-033,,ses-03,ses-02,1,,160,40,200,72,0.905000,0.905000,0.904463,0.974000,0.289648,0.167013,0.053636
fbcnet,cross_session,sub-034,,ses-01,ses-02,1,,160,40,200,5,0.565000,0.565000,0.551257,0.609400,0.679281,0.485135,0.061362
fbcnet,cross_session,sub-034,,ses-01,ses-03,1,,160,40,200,5,0.540000,0.540000,0.539816,0.537200,0.708855,0.513986,0.068605
fbcnet,cross_session,sub-034,,ses-02,ses-01,1,,160,40,200,10,0.530000,0.530000,0.440476,0.525900,1.427884,0.753035,0.350018
fbcnet,cross_session,sub-034,,ses-02,ses-03,1,,160,40,200,10,0.510000,0.510000,0.509804,0.558300,0.819964,0.580476,0.213524
fbcnet,cross_session,sub-034,,ses-03,ses-01,1,,160,40,200,4,0.495000,0.495000,0.412364,0.464400,0.949786,0.655820,0.254426
fbcnet,cross_session,sub-034,,ses-03,ses-02,1,,160,40,200,4,0.645000,0.645000,0.643494,0.658900,0.665324,0.467851,0.086704
fbcnet,cross_session,sub-035,,ses-01,ses-02,1,,160,40,200,77,0.865000,0.865000,0.864726,0.941200,0.372381,0.193583,0.081214
fbcnet,cross_session,sub-035,,ses-01,ses-03,1,,160,40,200,77,0.790000,0.790000,0.786932,0.911300,0.526400,0.281526,0.112216
fbcnet,cross_session,sub-035,,ses-02,ses-01,1,,160,40,200,52,0.930000,0.930000,0.929972,0.975400,0.201452,0.117218,0.041830
fbcnet,cross_session,sub-035,,ses-02,ses-03,1,,160,40,200,52,0.905000,0.905000,0.904979,0.952000,0.284396,0.168623,0.038396
fbcnet,cross_session,sub-035,,ses-03,ses-01,1,,160,40,200,85,0.750000,0.750000,0.749599,0.848700,0.597284,0.356286,0.124920
fbcnet,cross_session,sub-035,,ses-03,ses-02,1,,160,40,200,85,0.740000,0.740000,0.730262,0.910500,0.698429,0.401807,0.170464
fbcnet,cross_session,sub-036,,ses-01,ses-02,1,,160,40,200,28,0.810000,0.810000,0.808081,0.905700,0.412263,0.261944,0.050304
fbcnet,cross_session,sub-036,,ses-01,ses-03,1,,160,40,200,28,0.935000,0.935000,0.934998,0.970700,0.224474,0.125102,0.056660
fbcnet,cross_session,sub-036,,ses-02,ses-01,1,,160,40,200,100,0.750000,0.750000,0.746347,0.834000,0.721454,0.384537,0.144430
fbcnet,cross_session,sub-036,,ses-02,ses-03,1,,160,40,200,100,0.930000,0.930000,0.929993,0.975400,0.194347,0.102637,0.028008
fbcnet,cross_session,sub-036,,ses-03,ses-01,1,,160,40,200,55,0.790000,0.790000,0.789979,0.883100,0.497713,0.298355,0.099921
fbcnet,cross_session,sub-036,,ses-03,ses-02,1,,160,40,200,55,0.840000,0.840000,0.839212,0.947600,0.327973,0.214940,0.056390
fbcnet,cross_session,sub-037,,ses-01,ses-02,1,,160,40,200,1,0.485000,0.485000,0.342924,0.656800,0.820599,0.604361,0.270719
fbcnet,cross_session,sub-037,,ses-01,ses-03,1,,160,40,200,1,0.500000,0.500000,0.342019,0.626300,0.832212,0.611878,0.256571
fbcnet,cross_session,sub-037,,ses-02,ses-01,1,,160,40,200,16,0.665000,0.665000,0.654417,0.749100,0.767855,0.500209,0.199100
fbcnet,cross_session,sub-037,,ses-02,ses-03,1,,160,40,200,16,0.685000,0.685000,0.671181,0.793500,0.692020,0.435456,0.146920
fbcnet,cross_session,sub-037,,ses-03,ses-01,1,,160,40,200,68,0.620000,0.620000,0.587674,0.770400,1.409910,0.623741,0.297229
fbcnet,cross_session,sub-037,,ses-03,ses-02,1,,160,40,200,68,0.790000,0.790000,0.790000,0.817500,0.649669,0.360658,0.149257
fbcnet,cross_session,sub-038,,ses-01,ses-02,1,,160,40,200,4,0.500000,0.500000,0.333333,0.509100,1.043110,0.742264,0.350144
fbcnet,cross_session,sub-038,,ses-01,ses-03,1,,160,40,200,4,0.500000,0.500000,0.333333,0.526500,0.910063,0.667393,0.288588
fbcnet,cross_session,sub-038,,ses-02,ses-01,1,,160,40,200,11,0.515000,0.515000,0.414092,0.508800,1.289667,0.738086,0.330985
fbcnet,cross_session,sub-038,,ses-02,ses-03,1,,160,40,200,11,0.540000,0.540000,0.534366,0.554600,0.801286,0.571858,0.166073
fbcnet,cross_session,sub-038,,ses-03,ses-01,1,,160,40,200,5,0.500000,0.500000,0.472073,0.519900,1.015333,0.672618,0.266618
fbcnet,cross_session,sub-038,,ses-03,ses-02,1,,160,40,200,5,0.525000,0.525000,0.523559,0.540500,0.743213,0.539928,0.129102
fbcnet,cross_session,sub-039,,ses-01,ses-02,1,,160,40,200,15,0.495000,0.495000,0.331104,0.477200,1.645968,0.867953,0.423662
fbcnet,cross_session,sub-039,,ses-01,ses-03,1,,160,40,200,15,0.550000,0.550000,0.441964,0.644100,1.065872,0.681108,0.311495
fbcnet,cross_session,sub-039,,ses-02,ses-01,1,,160,40,200,17,0.480000,0.480000,0.416452,0.484100,0.975517,0.679813,0.284657
fbcnet,cross_session,sub-039,,ses-02,ses-03,1,,160,40,200,17,0.660000,0.660000,0.659864,0.733300,0.624800,0.429666,0.084496
fbcnet,cross_session,sub-039,,ses-03,ses-01,1,,160,40,200,72,0.525000,0.525000,0.486139,0.597900,1.358374,0.755740,0.347770
fbcnet,cross_session,sub-039,,ses-03,ses-02,1,,160,40,200,72,0.625000,0.625000,0.624991,0.664100,0.833287,0.545458,0.194491
fbcnet,cross_session,sub-040,,ses-01,ses-02,1,,160,40,200,79,0.665000,0.665000,0.663579,0.742900,0.664491,0.440730,0.139204
fbcnet,cross_session,sub-040,,ses-01,ses-03,1,,160,40,200,79,0.760000,0.760000,0.758454,0.835300,0.549471,0.354519,0.099800
fbcnet,cross_session,sub-040,,ses-02,ses-01,1,,160,40,200,7,0.550000,0.550000,0.549820,0.594000,0.765790,0.545472,0.167258
fbcnet,cross_session,sub-040,,ses-02,ses-03,1,,160,40,200,7,0.605000,0.605000,0.602125,0.631400,0.778776,0.512929,0.131478
fbcnet,cross_session,sub-040,,ses-03,ses-01,1,,160,40,200,46,0.660000,0.660000,0.635350,0.797200,0.884752,0.509151,0.210885
fbcnet,cross_session,sub-040,,ses-03,ses-02,1,,160,40,200,46,0.655000,0.655000,0.622115,0.745600,0.878310,0.519013,0.191053
fbcnet,cross_session,sub-041,,ses-01,ses-02,1,,160,40,200,24,0.635000,0.635000,0.605139,0.703900,0.881826,0.543853,0.224170
fbcnet,cross_session,sub-041,,ses-01,ses-03,1,,160,40,200,24,0.680000,0.680000,0.668015,0.746300,0.726647,0.469620,0.148697
fbcnet,cross_session,sub-041,,ses-02,ses-01,1,,160,40,200,35,0.780000,0.780000,0.778583,0.858100,0.497875,0.306764,0.045422
fbcnet,cross_session,sub-041,,ses-02,ses-03,1,,160,40,200,35,0.815000,0.815000,0.814884,0.900500,0.415113,0.260629,0.039343
fbcnet,cross_session,sub-041,,ses-03,ses-01,1,,160,40,200,21,0.735000,0.735000,0.734993,0.813300,0.538343,0.358874,0.090755
fbcnet,cross_session,sub-041,,ses-03,ses-02,1,,160,40,200,21,0.785000,0.785000,0.783784,0.845000,0.508480,0.322095,0.051439
fbcnet,cross_session,sub-042,,ses-01,ses-02,1,,160,40,200,27,0.600000,0.600000,0.568547,0.617200,1.202515,0.649808,0.296066
fbcnet,cross_session,sub-042,,ses-01,ses-03,1,,160,40,200,27,0.615000,0.615000,0.612822,0.625200,0.998256,0.588431,0.227093
fbcnet,cross_session,sub-042,,ses-02,ses-01,1,,160,40,200,18,0.635000,0.635000,0.634991,0.642900,0.754971,0.514271,0.145568
fbcnet,cross_session,sub-042,,ses-02,ses-03,1,,160,40,200,18,0.560000,0.560000,0.553571,0.589800,0.896145,0.604649,0.232365
fbcnet,cross_session,sub-042,,ses-03,ses-01,1,,160,40,200,27,0.580000,0.580000,0.571603,0.647000,0.791785,0.536982,0.173396
fbcnet,cross_session,sub-042,,ses-03,ses-02,1,,160,40,200,27,0.515000,0.515000,0.465255,0.601300,1.120304,0.702174,0.314895
fbcnet,cross_session,sub-043,,ses-01,ses-02,1,,160,40,200,94,0.950000,0.950000,0.949995,0.990600,0.135929,0.080850,0.041914
fbcnet,cross_session,sub-043,,ses-01,ses-03,1,,160,40,200,94,0.975000,0.975000,0.974984,1.000000,0.064144,0.035508,0.023669
fbcnet,cross_session,sub-043,,ses-02,ses-01,1,,160,40,200,97,0.970000,0.970000,0.969997,0.994200,0.104933,0.056435,0.042349
fbcnet,cross_session,sub-043,,ses-02,ses-03,1,,160,40,200,97,0.935000,0.935000,0.934998,0.987700,0.140947,0.086072,0.047801
fbcnet,cross_session,sub-043,,ses-03,ses-01,1,,160,40,200,96,0.965000,0.965000,0.964978,0.998300,0.074878,0.042333,0.031561
fbcnet,cross_session,sub-043,,ses-03,ses-02,1,,160,40,200,96,0.895000,0.895000,0.894236,0.988700,0.213281,0.137795,0.048542
fbcnet,cross_session,sub-044,,ses-01,ses-02,1,,160,40,200,4,0.515000,0.515000,0.508500,0.525300,0.729859,0.531155,0.115625
fbcnet,cross_session,sub-044,,ses-01,ses-03,1,,160,40,200,4,0.565000,0.565000,0.552826,0.593200,0.699656,0.501867,0.095962
fbcnet,cross_session,sub-044,,ses-02,ses-01,1,,160,40,200,4,0.460000,0.460000,0.459784,0.462900,0.806702,0.598609,0.224108
fbcnet,cross_session,sub-044,,ses-02,ses-03,1,,160,40,200,4,0.525000,0.525000,0.508167,0.572000,0.737357,0.533446,0.134227
fbcnet,cross_session,sub-044,,ses-03,ses-01,1,,160,40,200,7,0.560000,0.560000,0.525402,0.568200,0.801682,0.570403,0.176612
fbcnet,cross_session,sub-044,,ses-03,ses-02,1,,160,40,200,7,0.545000,0.545000,0.538902,0.589900,0.720996,0.519173,0.119685
fbcnet,cross_session,sub-045,,ses-01,ses-02,1,,160,40,200,14,0.650000,0.650000,0.635417,0.733200,0.733292,0.478015,0.121587
fbcnet,cross_session,sub-045,,ses-01,ses-03,1,,160,40,200,14,0.665000,0.665000,0.637593,0.828600,0.633911,0.430615,0.134234
fbcnet,cross_session,sub-045,,ses-02,ses-01,1,,160,40,200,1,0.550000,0.550000,0.502157,0.580500,0.703238,0.508377,0.102506
fbcnet,cross_session,sub-045,,ses-02,ses-03,1,,160,40,200,1,0.575000,0.575000,0.573710,0.627500,0.670555,0.476650,0.032882
fbcnet,cross_session,sub-045,,ses-03,ses-01,1,,160,40,200,14,0.745000,0.745000,0.744841,0.808000,0.573322,0.359062,0.070173
fbcnet,cross_session,sub-045,,ses-03,ses-02,1,,160,40,200,14,0.605000,0.605000,0.579776,0.684900,0.909889,0.538430,0.176319
fbcnet,cross_session,sub-046,,ses-01,ses-02,1,,160,40,200,94,0.950000,0.950000,0.949995,0.989100,0.126012,0.070512,0.031799
fbcnet,cross_session,sub-046,,ses-01,ses-03,1,,160,40,200,94,0.960000,0.960000,0.959984,0.989200,0.135978,0.072057,0.030459
fbcnet,cross_session,sub-046,,ses-02,ses-01,1,,160,40,200,74,0.900000,0.900000,0.899508,0.977400,0.237548,0.147886,0.040398
fbcnet,cross_session,sub-046,,ses-02,ses-03,1,,160,40,200,74,0.950000,0.950000,0.950000,0.988400,0.143307,0.078051,0.040839
fbcnet,cross_session,sub-046,,ses-03,ses-01,1,,160,40,200,100,0.870000,0.870000,0.869360,0.968900,0.287666,0.178920,0.053850
fbcnet,cross_session,sub-046,,ses-03,ses-02,1,,160,40,200,100,0.945000,0.945000,0.944933,0.986100,0.154224,0.086618,0.014312
fbcnet,cross_session,sub-047,,ses-01,ses-02,1,,160,40,200,41,0.745000,0.745000,0.743558,0.854300,0.594962,0.359089,0.132130
fbcnet,cross_session,sub-047,,ses-01,ses-03,1,,160,40,200,41,0.755000,0.755000,0.754700,0.844800,0.523304,0.337146,0.092980
fbcnet,cross_session,sub-047,,ses-02,ses-01,1,,160,40,200,76,0.745000,0.745000,0.742678,0.872300,0.489610,0.318457,0.113543
fbcnet,cross_session,sub-047,,ses-02,ses-03,1,,160,40,200,76,0.760000,0.760000,0.759615,0.838500,0.543439,0.344102,0.097664
fbcnet,cross_session,sub-047,,ses-03,ses-01,1,,160,40,200,72,0.810000,0.810000,0.809924,0.904700,0.401764,0.248965,0.082142
fbcnet,cross_session,sub-047,,ses-03,ses-02,1,,160,40,200,72,0.790000,0.790000,0.789474,0.881900,0.451488,0.295109,0.079591
fbcnet,cross_session,sub-048,,ses-01,ses-02,1,,160,40,200,4,0.570000,0.570000,0.550162,0.629000,0.705100,0.498592,0.126864
fbcnet,cross_session,sub-048,,ses-01,ses-03,1,,160,40,200,4,0.510000,0.510000,0.416667,0.580800,0.849205,0.602827,0.223474
fbcnet,cross_session,sub-048,,ses-02,ses-01,1,,160,40,200,17,0.620000,0.620000,0.616897,0.653000,0.735314,0.503154,0.106624
fbcnet,cross_session,sub-048,,ses-02,ses-03,1,,160,40,200,17,0.535000,0.535000,0.420181,0.687000,1.032073,0.666080,0.315985
fbcnet,cross_session,sub-048,,ses-03,ses-01,1,,160,40,200,90,0.510000,0.510000,0.378488,0.621500,2.578851,0.925697,0.468264
fbcnet,cross_session,sub-048,,ses-03,ses-02,1,,160,40,200,90,0.575000,0.575000,0.517580,0.689400,1.699082,0.721662,0.348254
fbcnet,cross_session,sub-049,,ses-01,ses-02,1,,160,40,200,36,0.560000,0.560000,0.485741,0.789150,2.222605,0.807010,0.406033
fbcnet,cross_session,sub-049,,ses-01,ses-03,1,,160,40,200,36,0.505000,0.505000,0.344349,0.819400,3.309538,0.951079,0.481007
fbcnet,cross_session,sub-049,,ses-02,ses-01,1,,160,40,200,33,0.855000,0.855000,0.854996,0.932700,0.360105,0.202523,0.043809
fbcnet,cross_session,sub-049,,ses-02,ses-03,1,,160,40,200,33,0.805000,0.805000,0.802387,0.861100,0.672493,0.326915,0.147424
fbcnet,cross_session,sub-049,,ses-03,ses-01,1,,160,40,200,35,0.745000,0.745000,0.740952,0.850000,0.531632,0.355181,0.099569
fbcnet,cross_session,sub-049,,ses-03,ses-02,1,,160,40,200,35,0.790000,0.790000,0.786390,0.912000,0.493373,0.302026,0.105236
fbcnet,cross_session,sub-050,,ses-01,ses-02,1,,160,40,200,60,0.805000,0.805000,0.803897,0.879100,0.488658,0.301526,0.087774
fbcnet,cross_session,sub-050,,ses-01,ses-03,1,,160,40,200,60,0.800000,0.800000,0.799277,0.877100,0.473948,0.295784,0.065084
fbcnet,cross_session,sub-050,,ses-02,ses-01,1,,160,40,200,34,0.795000,0.795000,0.794954,0.883400,0.453375,0.280558,0.061978
fbcnet,cross_session,sub-050,,ses-02,ses-03,1,,160,40,200,34,0.825000,0.825000,0.824257,0.915000,0.407552,0.255338,0.068465
fbcnet,cross_session,sub-050,,ses-03,ses-01,1,,160,40,200,51,0.745000,0.745000,0.734920,0.886200,0.521765,0.336718,0.095357
fbcnet,cross_session,sub-050,,ses-03,ses-02,1,,160,40,200,51,0.915000,0.915000,0.914896,0.959100,0.274276,0.162744,0.045765
fbcnet,cross_session,sub-051,,ses-01,ses-02,1,,160,40,200,40,0.760000,0.760000,0.758454,0.822700,0.531338,0.357076,0.081018
fbcnet,cross_session,sub-051,,ses-01,ses-03,1,,160,40,200,40,0.685000,0.685000,0.679153,0.772800,0.658370,0.426798,0.126824
fbcnet,cross_session,sub-051,,ses-02,ses-01,1,,160,40,200,48,0.665000,0.665000,0.641702,0.771600,0.911214,0.529758,0.234333
fbcnet,cross_session,sub-051,,ses-02,ses-03,1,,160,40,200,48,0.800000,0.800000,0.799499,0.892000,0.432453,0.282619,0.078779
fbcnet,cross_session,sub-051,,ses-03,ses-01,1,,160,40,200,60,0.680000,0.680000,0.656800,0.792800,0.819600,0.484678,0.197591
fbcnet,cross_session,sub-051,,ses-03,ses-02,1,,160,40,200,60,0.830000,0.830000,0.829574,0.924200,0.364289,0.232458,0.058712
fbcnet,cross_session,sub-001,,ses-01,ses-02,2,,160,40,200,53,0.595000,0.595000,0.575372,0.671600,1.035888,0.590472,0.253047
fbcnet,cross_session,sub-001,,ses-01,ses-03,2,,160,40,200,53,0.585000,0.585000,0.517091,0.715000,1.387670,0.700237,0.335702
fbcnet,cross_session,sub-001,,ses-02,ses-01,2,,160,40,200,100,0.665000,0.665000,0.650304,0.743100,0.920444,0.541643,0.244739
fbcnet,cross_session,sub-001,,ses-02,ses-03,2,,160,40,200,100,0.785000,0.785000,0.784564,0.892500,0.431997,0.265891,0.074821
fbcnet,cross_session,sub-001,,ses-03,ses-01,2,,160,40,200,52,0.605000,0.605000,0.600597,0.694000,0.833022,0.538334,0.216454
fbcnet,cross_session,sub-001,,ses-03,ses-02,2,,160,40,200,52,0.710000,0.710000,0.708952,0.785400,0.696806,0.412884,0.140350
fbcnet,cross_session,sub-002,,ses-01,ses-02,2,,160,40,200,1,0.530000,0.530000,0.450678,0.571900,0.794021,0.575501,0.189170
fbcnet,cross_session,sub-002,,ses-01,ses-03,2,,160,40,200,1,0.535000,0.535000,0.449036,0.549200,0.787543,0.568698,0.173669
fbcnet,cross_session,sub-002,,ses-02,ses-01,2,,160,40,200,3,0.500000,0.500000,0.499199,0.511400,0.766604,0.561384,0.190222
fbcnet,cross_session,sub-002,,ses-02,ses-03,2,,160,40,200,3,0.590000,0.590000,0.571085,0.604800,0.751890,0.526988,0.132123
fbcnet,cross_session,sub-002,,ses-03,ses-01,2,,160,40,200,21,0.560000,0.560000,0.548440,0.548000,0.957249,0.634568,0.240993
fbcnet,cross_session,sub-002,,ses-03,ses-02,2,,160,40,200,21,0.570000,0.570000,0.520945,0.611600,0.969628,0.613825,0.246670
fbcnet,cross_session,sub-003,,ses-01,ses-02,2,,160,40,200,52,0.725000,0.725000,0.720635,0.822400,0.602369,0.371565,0.114822
fbcnet,cross_session,sub-003,,ses-01,ses-03,2,,160,40,200,52,0.755000,0.755000,0.750452,0.834700,0.668630,0.358076,0.083909
fbcnet,cross_session,sub-003,,ses-02,ses-01,2,,160,40,200,65,0.575000,0.575000,0.554402,0.651800,1.345329,0.674706,0.319586
fbcnet,cross_session,sub-003,,ses-02,ses-03,2,,160,40,200,65,0.600000,0.600000,0.581546,0.677400,1.447733,0.676219,0.297713
fbcnet,cross_session,sub-003,,ses-03,ses-01,2,,160,40,200,60,0.660000,0.660000,0.659694,0.723300,0.642179,0.431838,0.067382
fbcnet,cross_session,sub-003,,ses-03,ses-02,2,,160,40,200,60,0.640000,0.640000,0.611692,0.776800,0.647975,0.461523,0.141194
fbcnet,cross_session,sub-004,,ses-01,ses-02,2,,160,40,200,7,0.510000,0.510000,0.507587,0.515300,0.796989,0.575835,0.162064
fbcnet,cross_session,sub-004,,ses-01,ses-03,2,,160,40,200,7,0.535000,0.535000,0.458909,0.542200,0.864670,0.611445,0.203023
fbcnet,cross_session,sub-004,,ses-02,ses-01,2,,160,40,200,2,0.495000,0.495000,0.417381,0.536800,0.786026,0.577215,0.190843
fbcnet,cross_session,sub-004,,ses-02,ses-03,2,,160,40,200,2,0.505000,0.505000,0.402011,0.518500,0.810006,0.592903,0.203512
fbcnet,cross_session,sub-004,,ses-03,ses-01,2,,160,40,200,7,0.510000,0.510000,0.503998,0.477400,0.766467,0.563742,0.144822
fbcnet,cross_session,sub-004,,ses-03,ses-02,2,,160,40,200,7,0.535000,0.535000,0.534709,0.527900,0.742344,0.542532,0.137785
fbcnet,cross_session,sub-005,,ses-01,ses-02,2,,160,40,200,59,0.750000,0.750000,0.748390,0.861700,0.548007,0.337019,0.110166
fbcnet,cross_session,sub-005,,ses-01,ses-03,2,,160,40,200,59,0.770000,0.770000,0.762298,0.879000,0.530398,0.326748,0.088940
fbcnet,cross_session,sub-005,,ses-02,ses-01,2,,160,40,200,98,0.740000,0.740000,0.737374,0.809500,0.697411,0.399834,0.130857
fbcnet,cross_session,sub-005,,ses-02,ses-03,2,,160,40,200,98,0.750000,0.750000,0.748390,0.844700,0.594976,0.366394,0.150371
fbcnet,cross_session,sub-005,,ses-03,ses-01,2,,160,40,200,68,0.645000,0.645000,0.603075,0.855200,1.068203,0.549984,0.253336
fbcnet,cross_session,sub-005,,ses-03,ses-02,2,,160,40,200,68,0.680000,0.680000,0.652778,0.845100,0.935847,0.512097,0.219786
fbcnet,cross_session,sub-006,,ses-01,ses-02,2,,160,40,200,86,0.785000,0.785000,0.775568,0.919400,0.646954,0.334907,0.122217
fbcnet,cross_session,sub-006,,ses-01,ses-03,2,,160,40,200,86,0.845000,0.845000,0.842540,0.960000,0.390133,0.228474,0.073618
fbcnet,cross_session,sub-006,,ses-02,ses-01,2,,160,40,200,35,0.515000,0.515000,0.365827,0.725400,2.139458,0.891411,0.453596
fbcnet,cross_session,sub-006,,ses-02,ses-03,2,,160,40,200,35,0.695000,0.695000,0.663717,0.964300,0.861415,0.487015,0.226108
fbcnet,cross_session,sub-006,,ses-03,ses-01,2,,160,40,200,100,0.500000,0.500000,0.333333,0.701800,5.789639,0.999683,0.499906
fbcnet,cross_session,sub-006,,ses-03,ses-02,2,,160,40,200,100,0.850000,0.850000,0.848775,0.925900,0.487707,0.244329,0.085507
fbcnet,cross_session,sub-007,,ses-01,ses-02,2,,160,40,200,7,0.540000,0.540000,0.435652,0.588800,0.878770,0.619854,0.267130
fbcnet,cross_session,sub-007,,ses-01,ses-03,2,,160,40,200,7,0.565000,0.565000,0.564728,0.582200,0.724745,0.520833,0.134980
fbcnet,cross_session,sub-007,,ses-02,ses-01,2,,160,40,200,24,0.565000,0.565000,0.556925,0.590500,0.849716,0.583940,0.203956
fbcnet,cross_session,sub-007,,ses-02,ses-03,2,,160,40,200,24,0.605000,0.605000,0.601403,0.656500,0.739085,0.498758,0.133350
fbcnet,cross_session,sub-007,,ses-03,ses-01,2,,160,40,200,18,0.500000,0.500000,0.497538,0.514300,1.215330,0.744150,0.340084
fbcnet,cross_session,sub-007,,ses-03,ses-02,2,,160,40,200,18,0.565000,0.565000,0.552826,0.599800,0.882384,0.587486,0.201129
fbcnet,cross_session,sub-008,,ses-01,ses-02,2,,160,40,200,24,0.575000,0.575000,0.528184,0.613000,0.814610,0.566435,0.185824
fbcnet,cross_session,sub-008,,ses-01,ses-03,2,,160,40,200,24,0.550000,0.550000,0.514615,0.578500,0.813476,0.580678,0.187790
fbcnet,cross_session,sub-008,,ses-02,ses-01,2,,160,40,200,53,0.605000,0.605000,0.604990,0.624800,1.005730,0.574054,0.223847
fbcnet,cross_session,sub-008,,ses-02,ses-03,2,,160,40,200,53,0.715000,0.715000,0.705996,0.801300,0.642543,0.406499,0.120388
fbcnet,cross_session,sub-008,,ses-03,ses-01,2,,160,40,200,43,0.530000,0.530000,0.429335,0.690400,1.250991,0.747174,0.377284
fbcnet,cross_session,sub-008,,ses-03,ses-02,2,,160,40,200,43,0.550000,0.550000,0.464286,0.701100,1.138881,0.688801,0.336139
fbcnet,cross_session,sub-009,,ses-01,ses-02,2,,160,40,200,2,0.550000,0.550000,0.547784,0.571200,0.708937,0.510425,0.098024
fbcnet,cross_session,sub-009,,ses-01,ses-03,2,,160,40,200,2,0.525000,0.525000,0.509994,0.522700,0.721589,0.525341,0.110128
fbcnet,cross_session,sub-009,,ses-02,ses-01,2,,160,40,200,7,0.635000,0.635000,0.594793,0.711400,0.663174,0.469609,0.080065
fbcnet,cross_session,sub-009,,ses-02,ses-03,2,,160,40,200,7,0.505000,0.505000,0.500492,0.515400,0.748087,0.546861,0.136767
fbcnet,cross_session,sub-009,,ses-03,ses-01,2,,160,40,200,4,0.540000,0.540000,0.503829,0.547200,0.844765,0.597674,0.196213
fbcnet,cross_session,sub-009,,ses-03,ses-02,2,,160,40,200,4,0.520000,0.520000,0.482256,0.528200,0.805464,0.579290,0.150807
fbcnet,cross_session,sub-010,,ses-01,ses-02,2,,160,40,200,23,0.580000,0.580000,0.579622,0.623700,0.718268,0.509154,0.117099
fbcnet,cross_session,sub-010,,ses-01,ses-03,2,,160,40,200,23,0.545000,0.545000,0.507776,0.524400,0.985595,0.648061,0.228200
fbcnet,cross_session,sub-010,,ses-02,ses-01,2,,160,40,200,21,0.590000,0.590000,0.564941,0.672100,0.857705,0.566595,0.199348
fbcnet,cross_session,sub-010,,ses-02,ses-03,2,,160,40,200,21,0.525000,0.525000,0.464955,0.584000,1.152630,0.714046,0.301000
fbcnet,cross_session,sub-010,,ses-03,ses-01,2,,160,40,200,91,0.530000,0.530000,0.464387,0.575000,1.608310,0.774376,0.355449
fbcnet,cross_session,sub-010,,ses-03,ses-02,2,,160,40,200,91,0.510000,0.510000,0.355178,0.585800,3.731356,0.948593,0.479012
fbcnet,cross_session,sub-011,,ses-01,ses-02,2,,160,40,200,59,0.655000,0.655000,0.645345,0.776100,0.755335,0.467033,0.187885
fbcnet,cross_session,sub-011,,ses-01,ses-03,2,,160,40,200,59,0.725000,0.725000,0.717304,0.753600,0.874113,0.473556,0.200725
fbcnet,cross_session,sub-011,,ses-02,ses-01,2,,160,40,200,40,0.640000,0.640000,0.639676,0.715500,0.709840,0.476284,0.159418
fbcnet,cross_session,sub-011,,ses-02,ses-03,2,,160,40,200,40,0.585000,0.585000,0.568596,0.612000,0.907783,0.598565,0.251093
fbcnet,cross_session,sub-011,,ses-03,ses-01,2,,160,40,200,43,0.700000,0.700000,0.693095,0.832900,0.553345,0.382854,0.114576
fbcnet,cross_session,sub-011,,ses-03,ses-02,2,,160,40,200,43,0.565000,0.565000,0.510011,0.615000,1.118792,0.664410,0.280242
fbcnet,cross_session,sub-012,,ses-01,ses-02,2,,160,40,200,3,0.545000,0.545000,0.538902,0.532300,0.722706,0.524951,0.090264
fbcnet,cross_session,sub-012,,ses-01,ses-03,2,,160,40,200,3,0.525000,0.525000,0.506224,0.531700,0.739850,0.536189,0.100009
fbcnet,cross_session,sub-012,,ses-02,ses-01,2,,160,40,200,4,0.465000,0.465000,0.448098,0.437500,0.814147,0.601109,0.192337
fbcnet,cross_session,sub-012,,ses-02,ses-03,2,,160,40,200,4,0.525000,0.525000,0.511706,0.544000,0.740742,0.536192,0.117315
fbcnet,cross_session,sub-012,,ses-03,ses-01,2,,160,40,200,4,0.500000,0.500000,0.483258,0.521000,0.732192,0.534328,0.121027
fbcnet,cross_session,sub-012,,ses-03,ses-02,2,,160,40,200,4,0.520000,0.520000,0.516080,0.515000,0.725975,0.527605,0.113926
fbcnet,cross_session,sub-013,,ses-01,ses-02,2,,160,40,200,3,0.490000,0.490000,0.328859,0.523300,2.146284,0.906723,0.436545
fbcnet,cross_session,sub-013,,ses-01,ses-03,2,,160,40,200,3,0.505000,0.505000,0.382774,0.502500,0.829187,0.605285,0.219861
fbcnet,cross_session,sub-013,,ses-02,ses-01,2,,160,40,200,9,0.530000,0.530000,0.501273,0.582200,0.733138,0.529363,0.129489
fbcnet,cross_session,sub-013,,ses-02,ses-03,2,,160,40,200,9,0.505000,0.505000,0.457816,0.501000,0.880111,0.626687,0.213046
fbcnet,cross_session,sub-013,,ses-03,ses-01,2,,160,40,200,33,0.575000,0.575000,0.554402,0.609100,0.838901,0.574147,0.215763
fbcnet,cross_session,sub-013,,ses-03,ses-02,2,,160,40,200,33,0.490000,0.490000,0.360502,0.521700,3.858716,0.953282,0.468892
fbcnet,cross_session,sub-014,,ses-01,ses-02,2,,160,40,200,4,0.515000,0.515000,0.388379,0.451900,0.856392,0.624910,0.237811
fbcnet,cross_session,sub-014,,ses-01,ses-03,2,,160,40,200,4,0.500000,0.500000,0.442959,0.492400,0.769173,0.563426,0.145878
fbcnet,cross_session,sub-014,,ses-02,ses-01,2,,160,40,200,6,0.490000,0.490000,0.403927,0.485500,0.821622,0.604666,0.223910
fbcnet,cross_session,sub-014,,ses-02,ses-03,2,,160,40,200,6,0.465000,0.465000,0.456508,0.449200,0.830504,0.606833,0.195585
fbcnet,cross_session,sub-014,,ses-03,ses-01,2,,160,40,200,3,0.530000,0.530000,0.529812,0.513900,0.723868,0.527605,0.083712
fbcnet,cross_session,sub-014,,ses-03,ses-02,2,,160,40,200,3,0.475000,0.475000,0.451969,0.440900,0.814332,0.593175,0.187202
fbcnet,cross_session,sub-015,,ses-01,ses-02,2,,160,40,200,5,0.500000,0.500000,0.494949,0.553800,0.754676,0.548501,0.174608
fbcnet,cross_session,sub-015,,ses-01,ses-03,2,,160,40,200,5,0.465000,0.465000,0.397370,0.481100,0.965086,0.651324,0.268163
fbcnet,cross_session,sub-015,,ses-02,ses-01,2,,160,40,200,22,0.555000,0.555000,0.533433,0.564400,0.839226,0.586677,0.210800
fbcnet,cross_session,sub-015,,ses-02,ses-03,2,,160,40,200,22,0.515000,0.515000,0.475321,0.518800,1.153719,0.679421,0.286092
fbcnet,cross_session,sub-015,,ses-03,ses-01,2,,160,40,200,7,0.500000,0.500000,0.466667,0.474800,0.807752,0.595474,0.215176
fbcnet,cross_session,sub-015,,ses-03,ses-02,2,,160,40,200,7,0.550000,0.550000,0.548872,0.550600,0.769237,0.556740,0.142171
fbcnet,cross_session,sub-016,,ses-01,ses-02,2,,160,40,200,2,0.490000,0.490000,0.403927,0.518500,0.845487,0.615996,0.231462
fbcnet,cross_session,sub-016,,ses-01,ses-03,2,,160,40,200,2,0.550000,0.550000,0.502157,0.546400,0.767014,0.557436,0.166580
fbcnet,cross_session,sub-016,,ses-02,ses-01,2,,160,40,200,3,0.480000,0.480000,0.412031,0.505900,0.753852,0.555190,0.167997
fbcnet,cross_session,sub-016,,ses-02,ses-03,2,,160,40,200,3,0.495000,0.495000,0.494684,0.492900,0.734795,0.537553,0.115890
fbcnet,cross_session,sub-016,,ses-03,ses-01,2,,160,40,200,5,0.515000,0.515000,0.514891,0.517200,0.749910,0.547021,0.140293
fbcnet,cross_session,sub-016,,ses-03,ses-02,2,,160,40,200,5,0.510000,0.510000,0.495418,0.521500,0.792753,0.576406,0.164440
fbcnet,cross_session,sub-017,,ses-01,ses-02,2,,160,40,200,16,0.550000,0.550000,0.549820,0.501100,0.749399,0.547614,0.137575
fbcnet,cross_session,sub-017,,ses-01,ses-03,2,,160,40,200,16,0.530000,0.530000,0.460018,0.560900,0.783580,0.569372,0.181604
fbcnet,cross_session,sub-017,,ses-02,ses-01,2,,160,40,200,22,0.530000,0.530000,0.516013,0.587500,1.017361,0.623117,0.271674
fbcnet,cross_session,sub-017,,ses-02,ses-03,2,,160,40,200,22,0.675000,0.675000,0.673621,0.730500,0.621691,0.430729,0.082204
fbcnet,cross_session,sub-017,,ses-03,ses-01,2,,160,40,200,1,0.500000,0.500000,0.404762,0.569100,0.754887,0.550695,0.169133
fbcnet,cross_session,sub-017,,ses-03,ses-02,2,,160,40,200,1,0.520000,0.520000,0.433896,0.516500,0.755820,0.553193,0.153126
fbcnet,cross_session,sub-018,,ses-01,ses-02,2,,160,40,200,3,0.550000,0.550000,0.542264,0.545500,0.743394,0.535520,0.151901
fbcnet,cross_session,sub-018,,ses-01,ses-03,2,,160,40,200,3,0.535000,0.535000,0.514601,0.515500,0.760095,0.552930,0.122520
fbcnet,cross_session,sub-018,,ses-02,ses-01,2,,160,40,200,10,0.580000,0.580000,0.562500,0.592100,0.908739,0.576173,0.151015
fbcnet,cross_session,sub-018,,ses-02,ses-03,2,,160,40,200,10,0.530000,0.530000,0.510417,0.573300,0.760361,0.541600,0.139026
fbcnet,cross_session,sub-018,,ses-03,ses-01,2,,160,40,200,2,0.460000,0.460000,0.389417,0.490500,0.866994,0.605887,0.222291
fbcnet,cross_session,sub-018,,ses-03,ses-02,2,,160,40,200,2,0.455000,0.455000,0.451034,0.483900,0.759992,0.557382,0.184658
fbcnet,cross_session,sub-019,,ses-01,ses-02,2,,160,40,200,12,0.510000,0.510000,0.477333,0.482200,0.846791,0.611291,0.191645
fbcnet,cross_session,sub-019,,ses-01,ses-03,2,,160,40,200,12,0.500000,0.500000,0.490004,0.523400,0.771567,0.563633,0.163247
fbcnet,cross_session,sub-019,,ses-02,ses-01,2,,160,40,200,5,0.515000,0.515000,0.501426,0.568100,0.715360,0.519315,0.121332
fbcnet,cross_session,sub-019,,ses-02,ses-03,2,,160,40,200,5,0.575000,0.575000,0.573710,0.549600,0.720772,0.522202,0.133605
fbcnet,cross_session,sub-019,,ses-03,ses-01,2,,160,40,200,54,0.495000,0.495000,0.339675,0.636600,2.925181,0.956400,0.482132
fbcnet,cross_session,sub-019,,ses-03,ses-02,2,,160,40,200,54,0.530000,0.530000,0.501273,0.594900,1.245535,0.711286,0.318154
fbcnet,cross_session,sub-020,,ses-01,ses-02,2,,160,40,200,44,0.610000,0.610000,0.609023,0.667400,0.973862,0.556617,0.214896
fbcnet,cross_session,sub-020,,ses-01,ses-03,2,,160,40,200,44,0.500000,0.500000,0.350312,0.432800,2.635979,0.949564,0.464193
fbcnet,cross_session,sub-020,,ses-02,ses-01,2,,160,40,200,58,0.520000,0.520000,0.398119,0.725800,2.176093,0.834480,0.425750
fbcnet,cross_session,sub-020,,ses-02,ses-03,2,,160,40,200,58,0.500000,0.500000,0.333333,0.478800,3.924181,0.987889,0.494098
fbcnet,cross_session,sub-020,,ses-03,ses-01,2,,160,40,200,20,0.505000,0.505000,0.344349,0.428950,3.876648,0.966974,0.483786
fbcnet,cross_session,sub-020,,ses-03,ses-02,2,,160,40,200,20,0.455000,0.455000,0.454877,0.462000,1.425353,0.792750,0.362240
fbcnet,cross_session,sub-021,,ses-01,ses-02,2,,160,40,200,7,0.540000,0.540000,0.539263,0.563300,0.863694,0.599253,0.208184
fbcnet,cross_session,sub-021,,ses-01,ses-03,2,,160,40,200,7,0.555000,0.555000,0.524051,0.651900,0.714530,0.510432,0.142973
fbcnet,cross_session,sub-021,,ses-02,ses-01,2,,160,40,200,19,0.615000,0.615000,0.596341,0.662900,0.704995,0.496723,0.131161
fbcnet,cross_session,sub-021,,ses-02,ses-03,2,,160,40,200,19,0.555000,0.555000,0.462414,0.643700,0.835567,0.585670,0.222053
fbcnet,cross_session,sub-021,,ses-03,ses-01,2,,160,40,200,4,0.530000,0.530000,0.503748,0.570900,0.806671,0.575767,0.190727
fbcnet,cross_session,sub-021,,ses-03,ses-02,2,,160,40,200,4,0.545000,0.545000,0.541689,0.573500,0.775753,0.549745,0.163230
fbcnet,cross_session,sub-022,,ses-01,ses-02,2,,160,40,200,31,0.520000,0.520000,0.479167,0.563100,1.112624,0.702086,0.302138
fbcnet,cross_session,sub-022,,ses-01,ses-03,2,,160,40,200,31,0.515000,0.515000,0.457722,0.470900,1.482286,0.778222,0.339980
fbcnet,cross_session,sub-022,,ses-02,ses-01,2,,160,40,200,34,0.500000,0.500000,0.358234,0.567100,1.368992,0.795153,0.387427
fbcnet,cross_session,sub-022,,ses-02,ses-03,2,,160,40,200,34,0.640000,0.640000,0.637681,0.678000,0.715708,0.493683,0.161955
fbcnet,cross_session,sub-022,,ses-03,ses-01,2,,160,40,200,22,0.480000,0.480000,0.380952,0.498300,1.067005,0.720748,0.320322
fbcnet,cross_session,sub-022,,ses-03,ses-02,2,,160,40,200,22,0.575000,0.575000,0.517580,0.659500,0.903497,0.603554,0.239623
fbcnet,cross_session,sub-023,,ses-02,ses-03,2,,160,40,200,11,0.675000,0.675000,0.644021,0.890700,0.697927,0.458091,0.181654
fbcnet,cross_session,sub-023,,ses-03,ses-02,2,,160,40,200,54,0.805000,0.805000,0.798839,0.917500,0.507087,0.322794,0.125342
fbcnet,cross_session,sub-025,,ses-01,ses-02,2,,160,40,200,71,0.580000,0.580000,0.504659,0.680500,1.409741,0.687009,0.323544
fbcnet,cross_session,sub-025,,ses-01,ses-03,2,,160,40,200,71,0.530000,0.530000,0.423384,0.568700,1.830498,0.815767,0.394215
fbcnet,cross_session,sub-025,,ses-02,ses-01,2,,160,40,200,44,0.585000,0.585000,0.551048,0.731800,0.892759,0.575347,0.253114
fbcnet,cross_session,sub-025,,ses-02,ses-03,2,,160,40,200,44,0.530000,0.530000,0.506095,0.615100,0.900390,0.617927,0.250763
fbcnet,cross_session,sub-025,,ses-03,ses-01,2,,160,40,200,20,0.625000,0.625000,0.616946,0.697400,0.681334,0.465921,0.096487
fbcnet,cross_session,sub-025,,ses-03,ses-02,2,,160,40,200,20,0.685000,0.685000,0.684614,0.710900,0.657839,0.450507,0.111706
fbcnet,cross_session,sub-026,,ses-02,ses-03,2,,160,40,200,62,0.560000,0.560000,0.502488,0.689200,1.483772,0.750820,0.360946
fbcnet,cross_session,sub-026,,ses-03,ses-02,2,,160,40,200,80,0.725000,0.725000,0.711672,0.847900,0.672201,0.401428,0.130745
fbcnet,cross_session,sub-027,,ses-01,ses-02,2,,160,40,200,46,0.500000,0.500000,0.333333,0.439600,4.031422,0.994504,0.496937
fbcnet,cross_session,sub-027,,ses-01,ses-03,2,,160,40,200,46,0.560000,0.560000,0.558410,0.568300,1.102006,0.654693,0.256502
fbcnet,cross_session,sub-027,,ses-02,ses-01,2,,160,40,200,27,0.595000,0.595000,0.547170,0.627800,0.898044,0.591783,0.206233
fbcnet,cross_session,sub-027,,ses-02,ses-03,2,,160,40,200,27,0.500000,0.500000,0.333333,0.612800,2.809563,0.978829,0.492490
fbcnet,cross_session,sub-027,,ses-03,ses-01,2,,160,40,200,25,0.500000,0.500000,0.333333,0.640100,3.133779,0.981322,0.493486
fbcnet,cross_session,sub-027,,ses-03,ses-02,2,,160,40,200,25,0.575000,0.575000,0.568254,0.620600,0.869670,0.580193,0.209174
fbcnet,cross_session,sub-028,,ses-01,ses-02,2,,160,40,200,38,0.700000,0.700000,0.692118,0.809000,0.603435,0.405437,0.114338
fbcnet,cross_session,sub-028,,ses-01,ses-03,2,,160,40,200,38,0.640000,0.640000,0.621690,0.772800,0.774306,0.505220,0.206750
fbcnet,cross_session,sub-028,,ses-02,ses-01,2,,160,40,200,70,0.740000,0.740000,0.740000,0.813800,0.627475,0.368268,0.129515
fbcnet,cross_session,sub-028,,ses-02,ses-03,2,,160,40,200,70,0.765000,0.765000,0.761270,0.842600,0.552906,0.353425,0.087151
fbcnet,cross_session,sub-028,,ses-03,ses-01,2,,160,40,200,53,0.730000,0.730000,0.713497,0.871100,0.703588,0.424769,0.167055
fbcnet,cross_session,sub-028,,ses-03,ses-02,2,,160,40,200,53,0.770000,0.770000,0.765402,0.864700,0.520063,0.333264,0.088015
fbcnet,cross_session,sub-029,,ses-01,ses-02,2,,160,40,200,44,0.500000,0.500000,0.333333,0.671900,4.373080,0.996865,0.498886
fbcnet,cross_session,sub-029,,ses-01,ses-03,2,,160,40,200,44,0.510000,0.510000,0.355178,0.776300,2.662642,0.947232,0.479168
fbcnet,cross_session,sub-029,,ses-02,ses-01,2,,160,40,200,77,0.855000,0.855000,0.852698,0.967200,0.306726,0.193893,0.046514
fbcnet,cross_session,sub-029,,ses-02,ses-03,2,,160,40,200,77,0.980000,0.980000,0.979998,0.998600,0.062674,0.032762,0.035232
fbcnet,cross_session,sub-029,,ses-03,ses-01,2,,160,40,200,50,0.855000,0.855000,0.854180,0.943400,0.333184,0.198820,0.034169
fbcnet,cross_session,sub-029,,ses-03,ses-02,2,,160,40,200,50,0.830000,0.830000,0.824941,0.963900,0.407137,0.240328,0.071173
fbcnet,cross_session,sub-030,,ses-01,ses-02,2,,160,40,200,15,0.630000,0.630000,0.607385,0.709700,0.653454,0.459812,0.045834
fbcnet,cross_session,sub-030,,ses-01,ses-03,2,,160,40,200,15,0.570000,0.570000,0.501796,0.719400,0.728328,0.517909,0.165822
fbcnet,cross_session,sub-030,,ses-02,ses-01,2,,160,40,200,47,0.860000,0.860000,0.858857,0.927200,0.416555,0.213071,0.058641
fbcnet,cross_session,sub-030,,ses-02,ses-03,2,,160,40,200,47,0.660000,0.660000,0.621212,0.861900,1.033698,0.534957,0.245478
fbcnet,cross_session,sub-030,,ses-03,ses-01,2,,160,40,200,59,0.620000,0.620000,0.576649,0.804650,1.177859,0.578722,0.258875
fbcnet,cross_session,sub-030,,ses-03,ses-02,2,,160,40,200,59,0.610000,0.610000,0.571429,0.820700,0.994228,0.571577,0.258290
fbcnet,cross_session,sub-031,,ses-01,ses-02,2,,160,40,200,23,0.545000,0.545000,0.507776,0.611600,0.809798,0.561234,0.169154
fbcnet,cross_session,sub-031,,ses-01,ses-03,2,,160,40,200,23,0.535000,0.535000,0.472176,0.652400,0.810319,0.573083,0.215493
fbcnet,cross_session,sub-031,,ses-02,ses-01,2,,160,40,200,4,0.495000,0.495000,0.331104,0.582000,1.624364,0.902743,0.453173
fbcnet,cross_session,sub-031,,ses-02,ses-03,2,,160,40,200,4,0.505000,0.505000,0.498366,0.527500,0.816573,0.576520,0.174696
fbcnet,cross_session,sub-031,,ses-03,ses-01,2,,160,40,200,4,0.540000,0.540000,0.536244,0.586100,0.698940,0.504278,0.107530
fbcnet,cross_session,sub-031,,ses-03,ses-02,2,,160,40,200,4,0.540000,0.540000,0.536244,0.578800,0.696781,0.504527,0.102054
fbcnet,cross_session,sub-032,,ses-01,ses-03,2,,160,40,200,6,0.545000,0.545000,0.513356,0.573500,0.762325,0.548233,0.139670
fbcnet,cross_session,sub-032,,ses-03,ses-01,2,,160,40,200,4,0.570000,0.570000,0.568922,0.565400,0.721667,0.523109,0.156703
fbcnet,cross_session,sub-033,,ses-01,ses-02,2,,160,40,200,37,0.900000,0.900000,0.899508,0.972900,0.236134,0.144132,0.058812
fbcnet,cross_session,sub-033,,ses-01,ses-03,2,,160,40,200,37,0.945000,0.945000,0.944988,0.982400,0.173623,0.101977,0.037472
fbcnet,cross_session,sub-033,,ses-02,ses-01,2,,160,40,200,79,0.980000,0.980000,0.979992,0.985900,0.106766,0.044801,0.027505
fbcnet,cross_session,sub-033,,ses-02,ses-03,2,,160,40,200,79,0.900000,0.900000,0.899183,0.992200,0.207332,0.137242,0.028626
fbcnet,cross_session,sub-033,,ses-03,ses-01,2,,160,40,200,32,0.940000,0.940000,0.939783,0.988900,0.181736,0.099705,0.029283
fbcnet,cross_session,sub-033,,ses-03,ses-02,2,,160,40,200,32,0.890000,0.890000,0.889901,0.954700,0.287721,0.179420,0.052997
fbcnet,cross_session,sub-034,,ses-01,ses-02,2,,160,40,200,44,0.610000,0.610000,0.593750,0.648700,0.746399,0.515470,0.134378
fbcnet,cross_session,sub-034,,ses-01,ses-03,2,,160,40,200,44,0.445000,0.445000,0.433081,0.489400,0.886841,0.645400,0.292805
fbcnet,cross_session,sub-034,,ses-02,ses-01,2,,160,40,200,72,0.520000,0.520000,0.383905,0.507000,3.353322,0.890421,0.438152
fbcnet,cross_session,sub-034,,ses-02,ses-03,2,,160,40,200,72,0.600000,0.600000,0.597424,0.570100,1.123051,0.659329,0.273759
fbcnet,cross_session,sub-034,,ses-03,ses-01,2,,160,40,200,1,0.510000,0.510000,0.405051,0.549300,0.858547,0.613433,0.246306
fbcnet,cross_session,sub-034,,ses-03,ses-02,2,,160,40,200,1,0.500000,0.500000,0.373041,0.540300,0.799099,0.586462,0.200130
fbcnet,cross_session,sub-035,,ses-01,ses-02,2,,160,40,200,56,0.890000,0.890000,0.889724,0.956800,0.288055,0.174860,0.055912
fbcnet,cross_session,sub-035,,ses-01,ses-03,2,,160,40,200,56,0.810000,0.810000,0.809064,0.890700,0.474541,0.275115,0.087347
fbcnet,cross_session,sub-035,,ses-02,ses-01,2,,160,40,200,41,0.885000,0.885000,0.884349,0.961000,0.289740,0.175798,0.024163
fbcnet,cross_session,sub-035,,ses-02,ses-03,2,,160,40,200,41,0.880000,0.880000,0.879409,0.949200,0.307999,0.183859,0.052944
fbcnet,cross_session,sub-035,,ses-03,ses-01,2,,160,40,200,20,0.750000,0.750000,0.746347,0.850700,0.524415,0.337197,0.092385
fbcnet,cross_session,sub-035,,ses-03,ses-02,2,,160,40,200,20,0.760000,0.760000,0.753695,0.880600,0.572852,0.357616,0.101404
fbcnet,cross_session,sub-036,,ses-01,ses-02,2,,160,40,200,29,0.815000,0.815000,0.812938,0.926000,0.399887,0.258837,0.049042
fbcnet,cross_session,sub-036,,ses-01,ses-03,2,,160,40,200,29,0.920000,0.920000,0.919799,0.972300,0.235427,0.132700,0.051944
fbcnet,cross_session,sub-036,,ses-02,ses-01,2,,160,40,200,93,0.785000,0.785000,0.784952,0.873500,0.531830,0.313767,0.094524
fbcnet,cross_session,sub-036,,ses-02,ses-03,2,,160,40,200,93,0.935000,0.935000,0.934959,0.973100,0.214216,0.117773,0.036121
fbcnet,cross_session,sub-036,,ses-03,ses-01,2,,160,40,200,99,0.785000,0.785000,0.783435,0.881100,0.556208,0.317802,0.116296
fbcnet,cross_session,sub-036,,ses-03,ses-02,2,,160,40,200,99,0.830000,0.830000,0.827516,0.949700,0.442931,0.261892,0.114538
fbcnet,cross_session,sub-037,,ses-01,ses-02,2,,160,40,200,32,0.575000,0.575000,0.550157,0.717200,0.695896,0.497007,0.168399
fbcnet,cross_session,sub-037,,ses-01,ses-03,2,,160,40,200,32,0.610000,0.610000,0.579333,0.713400,0.726205,0.505261,0.158114
fbcnet,cross_session,sub-037,,ses-02,ses-01,2,,160,40,200,14,0.535000,0.535000,0.490676,0.694100,0.977953,0.628134,0.304693
fbcnet,cross_session,sub-037,,ses-02,ses-03,2,,160,40,200,14,0.730000,0.730000,0.728670,0.788300,0.650826,0.394632,0.092982
fbcnet,cross_session,sub-037,,ses-03,ses-01,2,,160,40,200,37,0.580000,0.580000,0.528672,0.744400,1.247546,0.641183,0.305743
fbcnet,cross_session,sub-037,,ses-03,ses-02,2,,160,40,200,37,0.755000,0.755000,0.753614,0.815000,0.603318,0.367282,0.087186
fbcnet,cross_session,sub-038,,ses-01,ses-02,2,,160,40,200,21,0.505000,0.505000,0.478604,0.507400,0.738569,0.540527,0.127433
fbcnet,cross_session,sub-038,,ses-01,ses-03,2,,160,40,200,21,0.510000,0.510000,0.422102,0.509300,0.796861,0.587111,0.198786
fbcnet,cross_session,sub-038,,ses-02,ses-01,2,,160,40,200,97,0.545000,0.545000,0.544898,0.546600,1.664304,0.709807,0.303063
fbcnet,cross_session,sub-038,,ses-02,ses-03,2,,160,40,200,97,0.570000,0.570000,0.561404,0.576400,1.143481,0.652143,0.260732
fbcnet,cross_session,sub-038,,ses-03,ses-01,2,,160,40,200,8,0.525000,0.525000,0.414141,0.492600,1.615527,0.793795,0.363997
fbcnet,cross_session,sub-038,,ses-03,ses-02,2,,160,40,200,8,0.500000,0.500000,0.497538,0.511400,0.804325,0.588011,0.216417
fbcnet,cross_session,sub-039,,ses-01,ses-02,2,,160,40,200,47,0.495000,0.495000,0.377139,0.505000,1.540309,0.817950,0.377485
fbcnet,cross_session,sub-039,,ses-01,ses-03,2,,160,40,200,47,0.520000,0.520000,0.391172,0.597200,1.906775,0.850977,0.420678
fbcnet,cross_session,sub-039,,ses-02,ses-01,2,,160,40,200,11,0.540000,0.540000,0.506650,0.530500,0.882441,0.627266,0.255187
fbcnet,cross_session,sub-039,,ses-02,ses-03,2,,160,40,200,11,0.605000,0.605000,0.604199,0.657200,0.672269,0.481118,0.131472
fbcnet,cross_session,sub-039,,ses-03,ses-01,2,,160,40,200,32,0.520000,0.520000,0.500000,0.556800,1.117599,0.695211,0.293207
fbcnet,cross_session,sub-039,,ses-03,ses-02,2,,160,40,200,32,0.605000,0.605000,0.604199,0.674000,0.747534,0.512865,0.183321
fbcnet,cross_session,sub-040,,ses-01,ses-02,2,,160,40,200,69,0.630000,0.630000,0.614583,0.683600,0.901510,0.554997,0.207450
fbcnet,cross_session,sub-040,,ses-01,ses-03,2,,160,40,200,69,0.715000,0.715000,0.711180,0.752200,0.701305,0.447041,0.154554
fbcnet,cross_session,sub-040,,ses-02,ses-01,2,,160,40,200,25,0.605000,0.605000,0.592521,0.647100,0.928189,0.592520,0.238663
fbcnet,cross_session,sub-040,,ses-02,ses-03,2,,160,40,200,25,0.620000,0.620000,0.602469,0.673800,0.917140,0.538307,0.191282
fbcnet,cross_session,sub-040,,ses-03,ses-01,2,,160,40,200,89,0.720000,0.720000,0.713555,0.811800,0.716767,0.414674,0.168201
fbcnet,cross_session,sub-040,,ses-03,ses-02,2,,160,40,200,89,0.695000,0.695000,0.684191,0.757100,0.833701,0.466794,0.155872
fbcnet,cross_session,sub-041,,ses-01,ses-02,2,,160,40,200,24,0.680000,0.680000,0.679968,0.728900,0.693656,0.445010,0.136899
fbcnet,cross_session,sub-041,,ses-01,ses-03,2,,160,40,200,24,0.700000,0.700000,0.699970,0.795000,0.575284,0.388465,0.105170
fbcnet,cross_session,sub-041,,ses-02,ses-01,2,,160,40,200,45,0.775000,0.775000,0.774045,0.870800,0.475659,0.306442,0.065758
fbcnet,cross_session,sub-041,,ses-02,ses-03,2,,160,40,200,45,0.860000,0.860000,0.859874,0.931400,0.337867,0.207986,0.032120
fbcnet,cross_session,sub-041,,ses-03,ses-01,2,,160,40,200,46,0.780000,0.780000,0.779912,0.854700,0.509397,0.316187,0.070611
fbcnet,cross_session,sub-041,,ses-03,ses-02,2,,160,40,200,46,0.825000,0.825000,0.824469,0.883600,0.457597,0.270900,0.084347
fbcnet,cross_session,sub-042,,ses-01,ses-02,2,,160,40,200,23,0.585000,0.585000,0.558499,0.678300,0.842897,0.542294,0.194498
fbcnet,cross_session,sub-042,,ses-01,ses-03,2,,160,40,200,23,0.585000,0.585000,0.545442,0.636100,1.041378,0.632560,0.259579
fbcnet,cross_session,sub-042,,ses-02,ses-01,2,,160,40,200,1,0.505000,0.505000,0.467613,0.529700,0.737470,0.537676,0.125596
fbcnet,cross_session,sub-042,,ses-02,ses-03,2,,160,40,200,1,0.570000,0.570000,0.568922,0.551500,0.713717,0.516617,0.105822
fbcnet,cross_session,sub-042,,ses-03,ses-01,2,,160,40,200,8,0.550000,0.550000,0.520000,0.623100,0.717446,0.517324,0.122565
fbcnet,cross_session,sub-042,,ses-03,ses-02,2,,160,40,200,8,0.540000,0.540000,0.429563,0.603100,0.861552,0.616081,0.239129
fbcnet,cross_session,sub-043,,ses-01,ses-02,2,,160,40,200,45,0.895000,0.895000,0.894681,0.976900,0.231380,0.141945,0.024300
fbcnet,cross_session,sub-043,,ses-01,ses-03,2,,160,40,200,45,0.970000,0.970000,0.969973,0.997000,0.109505,0.056767,0.037339
fbcnet,cross_session,sub-043,,ses-02,ses-01,2,,160,40,200,100,0.945000,0.945000,0.944933,0.989400,0.149996,0.084094,0.016968
fbcnet,cross_session,sub-043,,ses-02,ses-03,2,,160,40,200,100,0.935000,0.935000,0.934868,0.993300,0.140724,0.087228,0.017083
fbcnet,cross_session,sub-043,,ses-03,ses-01,2,,160,40,200,18,0.920000,0.920000,0.919799,0.982900,0.214508,0.126000,0.050143
fbcnet,cross_session,sub-043,,ses-03,ses-02,2,,160,40,200,18,0.820000,0.820000,0.816401,0.950800,0.369322,0.235856,0.049398
fbcnet,cross_session,sub-044,,ses-01,ses-02,2,,160,40,200,6,0.530000,0.530000,0.514262,0.538700,0.731381,0.528286,0.107411
fbcnet,cross_session,sub-044,,ses-01,ses-03,2,,160,40,200,6,0.565000,0.565000,0.563680,0.582600,0.710133,0.511365,0.104112
fbcnet,cross_session,sub-044,,ses-02,ses-01,2,,160,40,200,8,0.480000,0.480000,0.469604,0.515000,0.824778,0.598616,0.220424
fbcnet,cross_session,sub-044,,ses-02,ses-03,2,,160,40,200,8,0.530000,0.530000,0.486844,0.589000,0.800976,0.574961,0.185845
fbcnet,cross_session,sub-044,,ses-03,ses-01,2,,160,40,200,21,0.535000,0.535000,0.523553,0.585600,0.824613,0.575308,0.204355
fbcnet,cross_session,sub-044,,ses-03,ses-02,2,,160,40,200,21,0.555000,0.555000,0.550947,0.556300,0.875557,0.598424,0.190940
fbcnet,cross_session,sub-045,,ses-01,ses-02,2,,160,40,200,39,0.710000,0.710000,0.704202,0.782400,0.719949,0.425931,0.153715
fbcnet,cross_session,sub-045,,ses-01,ses-03,2,,160,40,200,39,0.785000,0.785000,0.783784,0.872200,0.518479,0.317201,0.077227
fbcnet,cross_session,sub-045,,ses-02,ses-01,2,,160,40,200,17,0.685000,0.685000,0.682708,0.761500,0.591816,0.408141,0.069182
fbcnet,cross_session,sub-045,,ses-02,ses-03,2,,160,40,200,17,0.650000,0.650000,0.638280,0.698600,0.681304,0.469266,0.096926
fbcnet,cross_session,sub-045,,ses-03,ses-01,2,,160,40,200,31,0.735000,0.735000,0.732046,0.805200,0.682672,0.392092,0.123907
fbcnet,cross_session,sub-045,,ses-03,ses-02,2,,160,40,200,31,0.515000,0.515000,0.395243,0.662400,1.739388,0.802346,0.401666
fbcnet,cross_session,sub-046,,ses-01,ses-02,2,,160,40,200,100,0.935000,0.935000,0.934998,0.986800,0.145752,0.090412,0.021577
fbcnet,cross_session,sub-046,,ses-01,ses-03,2,,160,40,200,100,0.940000,0.940000,0.939946,0.986900,0.162166,0.091156,0.020846
fbcnet,cross_session,sub-046,,ses-02,ses-01,2,,160,40,200,99,0.940000,0.940000,0.940000,0.980800,0.170573,0.090521,0.039181
fbcnet,cross_session,sub-046,,ses-02,ses-03,2,,160,40,200,99,0.925000,0.925000,0.924953,0.979400,0.191883,0.117881,0.026325
fbcnet,cross_session,sub-046,,ses-03,ses-01,2,,160,40,200,45,0.740000,0.740000,0.722667,0.958600,0.762048,0.426002,0.187830
fbcnet,cross_session,sub-046,,ses-03,ses-02,2,,160,40,200,45,0.920000,0.920000,0.919968,0.988600,0.149596,0.092829,0.042629
fbcnet,cross_session,sub-047,,ses-01,ses-02,2,,160,40,200,12,0.760000,0.760000,0.758454,0.840000,0.507906,0.335109,0.055118
fbcnet,cross_session,sub-047,,ses-01,ses-03,2,,160,40,200,12,0.705000,0.705000,0.703331,0.793100,0.569839,0.388104,0.070945
fbcnet,cross_session,sub-047,,ses-02,ses-01,2,,160,40,200,100,0.770000,0.770000,0.769169,0.857200,0.555725,0.345416,0.118065
fbcnet,cross_session,sub-047,,ses-02,ses-03,2,,160,40,200,100,0.710000,0.710000,0.703325,0.826300,0.690607,0.409808,0.147941
fbcnet,cross_session,sub-047,,ses-03,ses-01,2,,160,40,200,98,0.825000,0.825000,0.824891,0.914800,0.408846,0.245938,0.084587
fbcnet,cross_session,sub-047,,ses-03,ses-02,2,,160,40,200,98,0.810000,0.810000,0.807673,0.898500,0.557207,0.296579,0.108857
fbcnet,cross_session,sub-048,,ses-01,ses-02,2,,160,40,200,5,0.540000,0.540000,0.514307,0.568000,0.821770,0.571017,0.182965
fbcnet,cross_session,sub-048,,ses-01,ses-03,2,,160,40,200,5,0.545000,0.545000,0.510634,0.554500,0.840020,0.579339,0.155104
fbcnet,cross_session,sub-048,,ses-02,ses-01,2,,160,40,200,31,0.640000,0.640000,0.639676,0.675000,0.751577,0.493627,0.115535
fbcnet,cross_session,sub-048,,ses-02,ses-03,2,,160,40,200,31,0.575000,0.575000,0.545442,0.625900,0.817436,0.566597,0.216779
fbcnet,cross_session,sub-048,,ses-03,ses-01,2,,160,40,200,23,0.495000,0.495000,0.339675,0.668000,1.957147,0.917973,0.461237
fbcnet,cross_session,sub-048,,ses-03,ses-02,2,,160,40,200,23,0.505000,0.505000,0.368441,0.620700,1.622816,0.816993,0.403610
fbcnet,cross_session,sub-049,,ses-01,ses-02,2,,160,40,200,40,0.580000,0.580000,0.513382,0.779100,2.184703,0.776956,0.377551
fbcnet,cross_session,sub-049,,ses-01,ses-03,2,,160,40,200,40,0.510000,0.510000,0.355178,0.827200,3.162597,0.943532,0.476147
fbcnet,cross_session,sub-049,,ses-02,ses-01,2,,160,40,200,25,0.810000,0.810000,0.808448,0.919700,0.392130,0.238175,0.054626
fbcnet,cross_session,sub-049,,ses-02,ses-03,2,,160,40,200,25,0.800000,0.800000,0.795396,0.891900,0.620430,0.332668,0.139568
fbcnet,cross_session,sub-049,,ses-03,ses-01,2,,160,40,200,35,0.730000,0.730000,0.720959,0.860800,0.612470,0.380219,0.140668
fbcnet,cross_session,sub-049,,ses-03,ses-02,2,,160,40,200,35,0.815000,0.815000,0.813654,0.887800,0.497110,0.279857,0.090221
fbcnet,cross_session,sub-050,,ses-01,ses-02,2,,160,40,200,26,0.770000,0.770000,0.768867,0.886900,0.434381,0.280356,0.076484
fbcnet,cross_session,sub-050,,ses-01,ses-03,2,,160,40,200,26,0.810000,0.810000,0.809924,0.863500,0.484568,0.297020,0.058963
fbcnet,cross_session,sub-050,,ses-02,ses-01,2,,160,40,200,75,0.805000,0.805000,0.803581,0.904350,0.437470,0.277203,0.084782
fbcnet,cross_session,sub-050,,ses-02,ses-03,2,,160,40,200,75,0.840000,0.840000,0.839212,0.937000,0.379613,0.233035,0.067230
fbcnet,cross_session,sub-050,,ses-03,ses-01,2,,160,40,200,29,0.705000,0.705000,0.690703,0.869400,0.562849,0.382893,0.114431
fbcnet,cross_session,sub-050,,ses-03,ses-02,2,,160,40,200,29,0.805000,0.805000,0.802826,0.906200,0.437123,0.281641,0.076709
fbcnet,cross_session,sub-051,,ses-01,ses-02,2,,160,40,200,65,0.700000,0.700000,0.699730,0.774800,0.592971,0.402502,0.097224
fbcnet,cross_session,sub-051,,ses-01,ses-03,2,,160,40,200,65,0.685000,0.685000,0.677246,0.759600,0.693624,0.451238,0.141217
fbcnet,cross_session,sub-051,,ses-02,ses-01,2,,160,40,200,54,0.670000,0.670000,0.654776,0.785100,0.770567,0.485742,0.212532
fbcnet,cross_session,sub-051,,ses-02,ses-03,2,,160,40,200,54,0.780000,0.780000,0.779647,0.880000,0.462246,0.303797,0.098173
fbcnet,cross_session,sub-051,,ses-03,ses-01,2,,160,40,200,31,0.680000,0.680000,0.662126,0.778400,0.775750,0.466047,0.169758
fbcnet,cross_session,sub-051,,ses-03,ses-02,2,,160,40,200,31,0.815000,0.815000,0.814773,0.895500,0.419771,0.260391,0.049507
fbcnet,cross_session,sub-001,,ses-01,ses-02,3,,160,40,200,22,0.620000,0.620000,0.620000,0.663400,0.708158,0.503669,0.159103
fbcnet,cross_session,sub-001,,ses-01,ses-03,3,,160,40,200,22,0.670000,0.670000,0.664327,0.716300,0.655021,0.447920,0.114307
fbcnet,cross_session,sub-001,,ses-02,ses-01,3,,160,40,200,57,0.675000,0.675000,0.674341,0.742500,0.707970,0.455073,0.156754
fbcnet,cross_session,sub-001,,ses-02,ses-03,3,,160,40,200,57,0.860000,0.860000,0.859311,0.946200,0.310112,0.196586,0.041492
fbcnet,cross_session,sub-001,,ses-03,ses-01,3,,160,40,200,58,0.575000,0.575000,0.513716,0.719900,1.137965,0.647212,0.285024
fbcnet,cross_session,sub-001,,ses-03,ses-02,3,,160,40,200,58,0.755000,0.755000,0.754700,0.844800,0.534155,0.347475,0.100715
fbcnet,cross_session,sub-002,,ses-01,ses-02,3,,160,40,200,1,0.455000,0.455000,0.454332,0.443300,0.792019,0.586320,0.180873
fbcnet,cross_session,sub-002,,ses-01,ses-03,3,,160,40,200,1,0.385000,0.385000,0.371792,0.352300,0.871918,0.654567,0.268331
fbcnet,cross_session,sub-002,,ses-02,ses-01,3,,160,40,200,2,0.440000,0.440000,0.427110,0.409600,0.836349,0.615532,0.216000
fbcnet,cross_session,sub-002,,ses-02,ses-03,3,,160,40,200,2,0.485000,0.485000,0.389792,0.533600,0.846825,0.611473,0.234152
fbcnet,cross_session,sub-002,,ses-03,ses-01,3,,160,40,200,11,0.500000,0.500000,0.494949,0.471400,0.910459,0.653745,0.220483
fbcnet,cross_session,sub-002,,ses-03,ses-02,3,,160,40,200,11,0.590000,0.590000,0.567100,0.584700,0.800851,0.560034,0.169923
fbcnet,cross_session,sub-003,,ses-01,ses-02,3,,160,40,200,97,0.680000,0.680000,0.679712,0.763800,0.673007,0.430283,0.130655
fbcnet,cross_session,sub-003,,ses-01,ses-03,3,,160,40,200,97,0.795000,0.795000,0.794378,0.863400,0.593517,0.310803,0.073904
fbcnet,cross_session,sub-003,,ses-02,ses-01,3,,160,40,200,33,0.535000,0.535000,0.510204,0.576900,1.333372,0.734307,0.356807
fbcnet,cross_session,sub-003,,ses-02,ses-03,3,,160,40,200,33,0.590000,0.590000,0.579228,0.649500,1.284616,0.666433,0.295519
fbcnet,cross_session,sub-003,,ses-03,ses-01,3,,160,40,200,22,0.610000,0.610000,0.576823,0.658200,0.784221,0.541321,0.164422
fbcnet,cross_session,sub-003,,ses-03,ses-02,3,,160,40,200,22,0.490000,0.490000,0.328859,0.590200,1.939797,0.930895,0.471989
fbcnet,cross_session,sub-004,,ses-01,ses-02,3,,160,40,200,21,0.555000,0.555000,0.552483,0.544300,0.887323,0.608665,0.197562
fbcnet,cross_session,sub-004,,ses-01,ses-03,3,,160,40,200,21,0.530000,0.530000,0.514262,0.533100,0.922248,0.622614,0.227174
fbcnet,cross_session,sub-004,,ses-02,ses-01,3,,160,40,200,1,0.550000,0.550000,0.538177,0.541100,0.739319,0.536192,0.142385
fbcnet,cross_session,sub-004,,ses-02,ses-03,3,,160,40,200,1,0.550000,0.550000,0.511719,0.555300,0.753189,0.545197,0.126561
fbcnet,cross_session,sub-004,,ses-03,ses-01,3,,160,40,200,1,0.520000,0.520000,0.502023,0.529100,0.737849,0.538730,0.129049
fbcnet,cross_session,sub-004,,ses-03,ses-02,3,,160,40,200,1,0.510000,0.510000,0.491649,0.487300,0.742900,0.544276,0.144274
fbcnet,cross_session,sub-005,,ses-01,ses-02,3,,160,40,200,35,0.730000,0.730000,0.728670,0.806700,0.585068,0.380413,0.128979
fbcnet,cross_session,sub-005,,ses-01,ses-03,3,,160,40,200,35,0.765000,0.765000,0.764523,0.844900,0.519307,0.330664,0.082853
fbcnet,cross_session,sub-005,,ses-02,ses-01,3,,160,40,200,18,0.730000,0.730000,0.729757,0.793100,0.590528,0.387951,0.097698
fbcnet,cross_session,sub-005,,ses-02,ses-03,3,,160,40,200,18,0.695000,0.695000,0.690912,0.776300,0.681188,0.441296,0.128710
fbcnet,cross_session,sub-005,,ses-03,ses-01,3,,160,40,200,61,0.750000,0.750000,0.743432,0.861500,0.580276,0.354257,0.113514
fbcnet,cross_session,sub-005,,ses-03,ses-02,3,,160,40,200,61,0.710000,0.710000,0.702381,0.818000,0.674337,0.411009,0.132470
fbcnet,cross_session,sub-006,,ses-01,ses-02,3,,160,40,200,44,0.715000,0.715000,0.691684,0.953700,0.547097,0.362420,0.137731
fbcnet,cross_session,sub-006,,ses-01,ses-03,3,,160,40,200,44,0.855000,0.855000,0.853057,0.945300,0.427192,0.242821,0.076017
fbcnet,cross_session,sub-006,,ses-02,ses-01,3,,160,40,200,35,0.590000,0.590000,0.524968,0.817900,0.992615,0.607579,0.287377
fbcnet,cross_session,sub-006,,ses-02,ses-03,3,,160,40,200,35,0.730000,0.730000,0.708769,0.955500,0.724901,0.423113,0.178023
fbcnet,cross_session,sub-006,,ses-03,ses-01,3,,160,40,200,40,0.680000,0.680000,0.674499,0.750500,0.700210,0.449488,0.137741
fbcnet,cross_session,sub-006,,ses-03,ses-02,3,,160,40,200,40,0.770000,0.770000,0.757153,0.945600,0.653516,0.364536,0.139490
fbcnet,cross_session,sub-007,,ses-01,ses-02,3,,160,40,200,6,0.525000,0.525000,0.511706,0.537800,0.796165,0.554677,0.156338
fbcnet,cross_session,sub-007,,ses-01,ses-03,3,,160,40,200,6,0.525000,0.525000,0.442341,0.561200,0.823972,0.586114,0.197877
fbcnet,cross_session,sub-007,,ses-02,ses-01,3,,160,40,200,37,0.625000,0.625000,0.619974,0.628400,0.819233,0.553480,0.186794
fbcnet,cross_session,sub-007,,ses-02,ses-03,3,,160,40,200,37,0.590000,0.590000,0.557761,0.637400,1.012329,0.619954,0.258367
fbcnet,cross_session,sub-007,,ses-03,ses-01,3,,160,40,200,37,0.540000,0.540000,0.538338,0.541200,1.345854,0.731695,0.312445
fbcnet,cross_session,sub-007,,ses-03,ses-02,3,,160,40,200,37,0.520000,0.520000,0.488000,0.580100,1.094068,0.678276,0.296797
fbcnet,cross_session,sub-008,,ses-01,ses-02,3,,160,40,200,5,0.525000,0.525000,0.506224,0.555500,0.732074,0.530892,0.138651
fbcnet,cross_session,sub-008,,ses-01,ses-03,3,,160,40,200,5,0.505000,0.505000,0.494369,0.521500,0.738480,0.538214,0.129657
fbcnet,cross_session,sub-008,,ses-02,ses-01,3,,160,40,200,49,0.575000,0.575000,0.568254,0.633700,1.048813,0.596318,0.236446
fbcnet,cross_session,sub-008,,ses-02,ses-03,3,,160,40,200,49,0.730000,0.730000,0.729892,0.826900,0.546630,0.354053,0.081459
fbcnet,cross_session,sub-008,,ses-03,ses-01,3,,160,40,200,58,0.550000,0.550000,0.464286,0.683500,1.344127,0.719456,0.343137
fbcnet,cross_session,sub-008,,ses-03,ses-02,3,,160,40,200,58,0.530000,0.530000,0.423384,0.747000,1.313021,0.733047,0.367367
fbcnet,cross_session,sub-009,,ses-01,ses-02,3,,160,40,200,16,0.645000,0.645000,0.629427,0.743900,0.666080,0.453106,0.114963
fbcnet,cross_session,sub-009,,ses-01,ses-03,3,,160,40,200,16,0.485000,0.485000,0.439471,0.562900,0.883475,0.637100,0.268819
fbcnet,cross_session,sub-009,,ses-02,ses-01,3,,160,40,200,14,0.670000,0.670000,0.657641,0.733000,0.654615,0.440573,0.080920
fbcnet,cross_session,sub-009,,ses-02,ses-03,3,,160,40,200,14,0.510000,0.510000,0.510000,0.519700,0.837205,0.599523,0.210003
fbcnet,cross_session,sub-009,,ses-03,ses-01,3,,160,40,200,2,0.490000,0.490000,0.489183,0.488800,0.736517,0.540797,0.156819
fbcnet,cross_session,sub-009,,ses-03,ses-02,3,,160,40,200,2,0.485000,0.485000,0.415420,0.490900,0.783173,0.578228,0.186285
fbcnet,cross_session,sub-010,,ses-01,ses-02,3,,160,40,200,10,0.585000,0.585000,0.558499,0.679100,0.672962,0.476803,0.075368
fbcnet,cross_session,sub-010,,ses-01,ses-03,3,,160,40,200,10,0.495000,0.495000,0.462752,0.488900,0.868896,0.619987,0.205036
fbcnet,cross_session,sub-010,,ses-02,ses-01,3,,160,40,200,5,0.550000,0.550000,0.539642,0.588500,0.722415,0.519915,0.124182
fbcnet,cross_session,sub-010,,ses-02,ses-03,3,,160,40,200,5,0.490000,0.490000,0.486715,0.498600,0.823053,0.596405,0.195377
fbcnet,cross_session,sub-010,,ses-03,ses-01,3,,160,40,200,38,0.520000,0.520000,0.493190,0.544900,1.126754,0.694317,0.280215
fbcnet,cross_session,sub-010,,ses-03,ses-02,3,,160,40,200,38,0.510000,0.510000,0.363306,0.563300,1.767164,0.847244,0.409233
fbcnet,cross_session,sub-011,,ses-01,ses-02,3,,160,40,200,43,0.655000,0.655000,0.653536,0.738300,0.712912,0.459336,0.151316
fbcnet,cross_session,sub-011,,ses-01,ses-03,3,,160,40,200,43,0.590000,0.590000,0.507152,0.797000,1.356300,0.711734,0.355684
fbcnet,cross_session,sub-011,,ses-02,ses-01,3,,160,40,200,8,0.570000,0.570000,0.569828,0.642400,0.704699,0.504417,0.154430
fbcnet,cross_session,sub-011,,ses-02,ses-03,3,,160,40,200,8,0.560000,0.560000,0.513220,0.576200,0.804132,0.575399,0.174096
fbcnet,cross_session,sub-011,,ses-03,ses-01,3,,160,40,200,17,0.655000,0.655000,0.639865,0.806400,0.615623,0.427277,0.113653
fbcnet,cross_session,sub-011,,ses-03,ses-02,3,,160,40,200,17,0.555000,0.555000,0.505981,0.601400,0.929641,0.627509,0.269501
fbcnet,cross_session,sub-012,,ses-01,ses-02,3,,160,40,200,1,0.530000,0.530000,0.526973,0.494300,0.733314,0.536400,0.104885
fbcnet,cross_session,sub-012,,ses-01,ses-03,3,,160,40,200,1,0.485000,0.485000,0.435910,0.458700,0.756491,0.558738,0.164526
fbcnet,cross_session,sub-012,,ses-02,ses-01,3,,160,40,200,1,0.505000,0.505000,0.502200,0.534000,0.705721,0.511973,0.097726
fbcnet,cross_session,sub-012,,ses-02,ses-03,3,,160,40,200,1,0.515000,0.515000,0.513528,0.497200,0.729609,0.533303,0.115494
fbcnet,cross_session,sub-012,,ses-03,ses-01,3,,160,40,200,4,0.530000,0.530000,0.512398,0.554300,0.757390,0.538268,0.113727
fbcnet,cross_session,sub-012,,ses-03,ses-02,3,,160,40,200,4,0.540000,0.540000,0.538847,0.549000,0.714150,0.516979,0.085992
fbcnet,cross_session,sub-013,,ses-01,ses-02,3,,160,40,200,3,0.500000,0.500000,0.358234,0.550800,0.963709,0.685304,0.319732
fbcnet,cross_session,sub-013,,ses-01,ses-03,3,,160,40,200,3,0.540000,0.540000,0.491094,0.534900,0.759924,0.552984,0.175394
fbcnet,cross_session,sub-013,,ses-02,ses-01,3,,160,40,200,11,0.505000,0.505000,0.375768,0.557700,0.932800,0.666926,0.285894
fbcnet,cross_session,sub-013,,ses-02,ses-03,3,,160,40,200,11,0.495000,0.495000,0.370305,0.517300,0.892373,0.643731,0.253581
fbcnet,cross_session,sub-013,,ses-03,ses-01,3,,160,40,200,27,0.570000,0.570000,0.565657,0.597600,0.800374,0.566789,0.196038
fbcnet,cross_session,sub-013,,ses-03,ses-02,3,,160,40,200,27,0.480000,0.480000,0.347962,0.508700,3.245787,0.951165,0.470242
fbcnet,cross_session,sub-014,,ses-01,ses-02,3,,160,40,200,4,0.495000,0.495000,0.339675,0.486100,1.020477,0.716526,0.319235
fbcnet,cross_session,sub-014,,ses-01,ses-03,3,,160,40,200,4,0.490000,0.490000,0.431818,0.491800,0.803733,0.592988,0.195439
fbcnet,cross_session,sub-014,,ses-02,ses-01,3,,160,40,200,1,0.500000,0.500000,0.358234,0.545400,0.763909,0.562273,0.203287
fbcnet,cross_session,sub-014,,ses-02,ses-03,3,,160,40,200,1,0.500000,0.500000,0.392909,0.469400,0.806002,0.593853,0.184919
fbcnet,cross_session,sub-014,,ses-03,ses-01,3,,160,40,200,6,0.535000,0.535000,0.490676,0.538000,0.747456,0.543216,0.121560
fbcnet,cross_session,sub-014,,ses-03,ses-02,3,,160,40,200,6,0.540000,0.540000,0.534366,0.534200,0.757026,0.543837,0.098339
fbcnet,cross_session,sub-015,,ses-01,ses-02,3,,160,40,200,4,0.570000,0.570000,0.568446,0.550900,0.762869,0.548970,0.130353
fbcnet,cross_session,sub-015,,ses-01,ses-03,3,,160,40,200,4,0.490000,0.490000,0.403927,0.513000,1.396326,0.761080,0.352120
fbcnet,cross_session,sub-015,,ses-02,ses-01,3,,160,40,200,2,0.530000,0.530000,0.429335,0.525600,0.946640,0.666569,0.279614
fbcnet,cross_session,sub-015,,ses-02,ses-03,3,,160,40,200,2,0.505000,0.505000,0.473390,0.521500,1.180905,0.707856,0.307038
fbcnet,cross_session,sub-015,,ses-03,ses-01,3,,160,40,200,3,0.515000,0.515000,0.414092,0.530400,0.838997,0.615030,0.244285
fbcnet,cross_session,sub-015,,ses-03,ses-02,3,,160,40,200,3,0.505000,0.505000,0.438123,0.494100,0.784008,0.573848,0.158222
fbcnet,cross_session,sub-016,,ses-01,ses-02,3,,160,40,200,4,0.505000,0.505000,0.450473,0.489900,0.825567,0.605778,0.199962
fbcnet,cross_session,sub-016,,ses-01,ses-03,3,,160,40,200,4,0.525000,0.525000,0.504162,0.535400,0.754631,0.550368,0.150235
fbcnet,cross_session,sub-016,,ses-02,ses-01,3,,160,40,200,10,0.460000,0.460000,0.445813,0.447800,0.857209,0.628500,0.235114
fbcnet,cross_session,sub-016,,ses-02,ses-03,3,,160,40,200,10,0.535000,0.535000,0.514601,0.535200,0.783433,0.564784,0.146896
fbcnet,cross_session,sub-016,,ses-03,ses-01,3,,160,40,200,12,0.495000,0.495000,0.477104,0.534500,0.846839,0.604025,0.219925
fbcnet,cross_session,sub-016,,ses-03,ses-02,3,,160,40,200,12,0.530000,0.530000,0.526973,0.534000,0.841698,0.597182,0.191658
fbcnet,cross_session,sub-017,,ses-01,ses-02,3,,160,40,200,5,0.510000,0.510000,0.363306,0.559500,0.893630,0.645890,0.270492
fbcnet,cross_session,sub-017,,ses-01,ses-03,3,,160,40,200,5,0.520000,0.520000,0.376299,0.612700,0.869493,0.631896,0.265909
fbcnet,cross_session,sub-017,,ses-02,ses-01,3,,160,40,200,6,0.580000,0.580000,0.580000,0.585200,0.723900,0.519638,0.094141
fbcnet,cross_session,sub-017,,ses-02,ses-03,3,,160,40,200,6,0.575000,0.575000,0.528184,0.655000,0.735559,0.520821,0.130455
fbcnet,cross_session,sub-017,,ses-03,ses-01,3,,160,40,200,17,0.515000,0.515000,0.453690,0.586200,0.854130,0.603420,0.216757
fbcnet,cross_session,sub-017,,ses-03,ses-02,3,,160,40,200,17,0.635000,0.635000,0.634772,0.674000,0.675516,0.472616,0.090900
fbcnet,cross_session,sub-018,,ses-01,ses-02,3,,160,40,200,15,0.645000,0.645000,0.638410,0.663000,0.660917,0.467340,0.063226
fbcnet,cross_session,sub-018,,ses-01,ses-03,3,,160,40,200,15,0.490000,0.490000,0.489949,0.519700,0.748655,0.545245,0.150496
fbcnet,cross_session,sub-018,,ses-02,ses-01,3,,160,40,200,3,0.565000,0.565000,0.561038,0.580000,0.733838,0.521292,0.099009
fbcnet,cross_session,sub-018,,ses-02,ses-03,3,,160,40,200,3,0.470000,0.470000,0.445549,0.476000,0.762203,0.558653,0.153474
fbcnet,cross_session,sub-018,,ses-03,ses-01,3,,160,40,200,3,0.530000,0.530000,0.525253,0.547400,0.734764,0.528354,0.104289
fbcnet,cross_session,sub-018,,ses-03,ses-02,3,,160,40,200,3,0.490000,0.490000,0.488722,0.529300,0.718011,0.522137,0.131530
fbcnet,cross_session,sub-019,,ses-01,ses-02,3,,160,40,200,8,0.495000,0.495000,0.426771,0.542600,0.897075,0.636119,0.257415
fbcnet,cross_session,sub-019,,ses-01,ses-03,3,,160,40,200,8,0.520000,0.520000,0.457259,0.515900,0.850612,0.613826,0.198924
fbcnet,cross_session,sub-019,,ses-02,ses-01,3,,160,40,200,7,0.535000,0.535000,0.525013,0.547800,0.743633,0.542124,0.147046
fbcnet,cross_session,sub-019,,ses-02,ses-03,3,,160,40,200,7,0.490000,0.490000,0.398514,0.594300,0.790727,0.578677,0.227367
fbcnet,cross_session,sub-019,,ses-03,ses-01,3,,160,40,200,43,0.515000,0.515000,0.435636,0.582000,1.500536,0.767604,0.354680
fbcnet,cross_session,sub-019,,ses-03,ses-02,3,,160,40,200,43,0.490000,0.490000,0.435778,0.612400,1.315219,0.736522,0.367677
fbcnet,cross_session,sub-020,,ses-01,ses-02,3,,160,40,200,90,0.630000,0.630000,0.629667,0.644700,1.336656,0.590010,0.231413
fbcnet,cross_session,sub-020,,ses-01,ses-03,3,,160,40,200,90,0.475000,0.475000,0.359268,0.398700,2.209577,0.922124,0.451559
fbcnet,cross_session,sub-020,,ses-02,ses-01,3,,160,40,200,57,0.505000,0.505000,0.352751,0.670500,2.663820,0.924886,0.468409
fbcnet,cross_session,sub-020,,ses-02,ses-03,3,,160,40,200,57,0.500000,0.500000,0.333333,0.444250,3.576029,0.981808,0.490129
fbcnet,cross_session,sub-020,,ses-03,ses-01,3,,160,40,200,44,0.480000,0.480000,0.439111,0.430450,2.873848,0.893904,0.426571
fbcnet,cross_session,sub-020,,ses-03,ses-02,3,,160,40,200,44,0.480000,0.480000,0.472403,0.456500,1.777539,0.854201,0.382635
fbcnet,cross_session,sub-021,,ses-01,ses-02,3,,160,40,200,3,0.555000,0.555000,0.554097,0.557800,1.063475,0.637546,0.249409
fbcnet,cross_session,sub-021,,ses-01,ses-03,3,,160,40,200,3,0.500000,0.500000,0.342019,0.595800,0.973900,0.691507,0.313652
fbcnet,cross_session,sub-021,,ses-02,ses-01,3,,160,40,200,2,0.560000,0.560000,0.522569,0.573700,0.712097,0.515372,0.098761
fbcnet,cross_session,sub-021,,ses-02,ses-03,3,,160,40,200,2,0.495000,0.495000,0.492143,0.519200,0.715790,0.519964,0.105430
fbcnet,cross_session,sub-021,,ses-03,ses-01,3,,160,40,200,1,0.510000,0.510000,0.509559,0.572000,0.709031,0.511462,0.125043
fbcnet,cross_session,sub-021,,ses-03,ses-02,3,,160,40,200,1,0.545000,0.545000,0.530625,0.527700,1.159404,0.669925,0.231930
fbcnet,cross_session,sub-022,,ses-01,ses-02,3,,160,40,200,31,0.560000,0.560000,0.559956,0.596300,0.914597,0.590072,0.219397
fbcnet,cross_session,sub-022,,ses-01,ses-03,3,,160,40,200,31,0.505000,0.505000,0.502900,0.492300,1.278328,0.726113,0.289984
fbcnet,cross_session,sub-022,,ses-02,ses-01,3,,160,40,200,70,0.495000,0.495000,0.331104,0.626700,2.820646,0.978370,0.490712
fbcnet,cross_session,sub-022,,ses-02,ses-03,3,,160,40,200,70,0.605000,0.605000,0.564486,0.714300,0.959284,0.563675,0.235463
fbcnet,cross_session,sub-022,,ses-03,ses-01,3,,160,40,200,7,0.480000,0.480000,0.474747,0.455900,0.762596,0.559062,0.137261
fbcnet,cross_session,sub-022,,ses-03,ses-02,3,,160,40,200,7,0.555000,0.555000,0.551761,0.585200,0.712762,0.509112,0.075659
fbcnet,cross_session,sub-023,,ses-02,ses-03,3,,160,40,200,74,0.740000,0.740000,0.728005,0.913300,0.638488,0.371262,0.147731
fbcnet,cross_session,sub-023,,ses-03,ses-02,3,,160,40,200,35,0.770000,0.770000,0.769631,0.875000,0.447435,0.302238,0.093330
fbcnet,cross_session,sub-025,,ses-01,ses-02,3,,160,40,200,49,0.550000,0.550000,0.453618,0.747300,1.321103,0.718083,0.364512
fbcnet,cross_session,sub-025,,ses-01,ses-03,3,,160,40,200,49,0.525000,0.525000,0.420290,0.557400,2.020424,0.830052,0.407439
fbcnet,cross_session,sub-025,,ses-02,ses-01,3,,160,40,200,40,0.595000,0.595000,0.571327,0.705300,0.945277,0.596521,0.244657
fbcnet,cross_session,sub-025,,ses-02,ses-03,3,,160,40,200,40,0.580000,0.580000,0.564270,0.610800,1.020456,0.627403,0.243436
fbcnet,cross_session,sub-025,,ses-03,ses-01,3,,160,40,200,33,0.605000,0.605000,0.602125,0.618500,0.841802,0.557460,0.191139
fbcnet,cross_session,sub-025,,ses-03,ses-02,3,,160,40,200,33,0.680000,0.680000,0.679712,0.710700,0.700925,0.464409,0.133583
fbcnet,cross_session,sub-026,,ses-02,ses-03,3,,160,40,200,61,0.585000,0.585000,0.584740,0.655700,1.070669,0.581642,0.256413
fbcnet,cross_session,sub-026,,ses-03,ses-02,3,,160,40,200,89,0.530000,0.530000,0.396740,0.762200,2.137897,0.841075,0.427565
fbcnet,cross_session,sub-027,,ses-01,ses-02,3,,160,40,200,4,0.500000,0.500000,0.333333,0.361900,2.384496,0.976260,0.484920
fbcnet,cross_session,sub-027,,ses-01,ses-03,3,,160,40,200,4,0.500000,0.500000,0.365804,0.526100,1.048564,0.717481,0.314755
fbcnet,cross_session,sub-027,,ses-02,ses-01,3,,160,40,200,13,0.500000,0.500000,0.333333,0.552300,1.606961,0.886671,0.444186
fbcnet,cross_session,sub-027,,ses-02,ses-03,3,,160,40,200,13,0.500000,0.500000,0.333333,0.625600,1.705811,0.908498,0.459611
fbcnet,cross_session,sub-027,,ses-03,ses-01,3,,160,40,200,55,0.505000,0.505000,0.344349,0.674700,2.754034,0.946089,0.479400
fbcnet,cross_session,sub-027,,ses-03,ses-02,3,,160,40,200,55,0.555000,0.555000,0.509358,0.621500,1.278583,0.688374,0.322601
fbcnet,cross_session,sub-028,,ses-01,ses-02,3,,160,40,200,35,0.770000,0.770000,0.769631,0.864400,0.460023,0.304780,0.061697
fbcnet,cross_session,sub-028,,ses-01,ses-03,3,,160,40,200,35,0.680000,0.680000,0.666667,0.816300,0.610704,0.411084,0.124180
fbcnet,cross_session,sub-028,,ses-02,ses-01,3,,160,40,200,31,0.700000,0.700000,0.699880,0.768800,0.630555,0.399264,0.100344
fbcnet,cross_session,sub-028,,ses-02,ses-03,3,,160,40,200,31,0.645000,0.645000,0.600124,0.811900,0.901205,0.545860,0.235004
fbcnet,cross_session,sub-028,,ses-03,ses-01,3,,160,40,200,75,0.745000,0.745000,0.744687,0.823800,0.574390,0.367892,0.113643
fbcnet,cross_session,sub-028,,ses-03,ses-02,3,,160,40,200,75,0.700000,0.700000,0.680000,0.887900,0.631278,0.404659,0.162314
fbcnet,cross_session,sub-029,,ses-01,ses-02,3,,160,40,200,29,0.500000,0.500000,0.333333,0.671200,2.735562,0.949057,0.479872
fbcnet,cross_session,sub-029,,ses-01,ses-03,3,,160,40,200,29,0.545000,0.545000,0.426211,0.780200,1.403624,0.746580,0.373735
fbcnet,cross_session,sub-029,,ses-02,ses-01,3,,160,40,200,54,0.840000,0.840000,0.835796,0.967900,0.375842,0.240805,0.066780
fbcnet,cross_session,sub-029,,ses-02,ses-03,3,,160,40,200,54,0.950000,0.950000,0.950000,0.982500,0.164085,0.078728,0.033971
fbcnet,cross_session,sub-029,,ses-03,ses-01,3,,160,40,200,24,0.765000,0.765000,0.752469,0.923600,0.495248,0.320244,0.096549
fbcnet,cross_session,sub-029,,ses-03,ses-02,3,,160,40,200,24,0.875000,0.875000,0.873325,0.977700,0.296139,0.181354,0.057115
fbcnet,cross_session,sub-030,,ses-01,ses-02,3,,160,40,200,44,0.510000,0.510000,0.355178,0.722300,1.081262,0.708631,0.360926
fbcnet,cross_session,sub-030,,ses-01,ses-03,3,,160,40,200,44,0.615000,0.615000,0.572590,0.720100,0.823811,0.531726,0.190190
fbcnet,cross_session,sub-030,,ses-02,ses-01,3,,160,40,200,51,0.775000,0.775000,0.766106,0.942050,0.599685,0.298694,0.118700
fbcnet,cross_session,sub-030,,ses-02,ses-03,3,,160,40,200,51,0.800000,0.800000,0.796562,0.889300,0.611392,0.324645,0.124059
fbcnet,cross_session,sub-030,,ses-03,ses-01,3,,160,40,200,55,0.630000,0.630000,0.581637,0.822250,1.248490,0.588486,0.268902
fbcnet,cross_session,sub-030,,ses-03,ses-02,3,,160,40,200,55,0.610000,0.610000,0.568536,0.809900,1.021262,0.603315,0.278288
fbcnet,cross_session,sub-031,,ses-01,ses-02,3,,160,40,200,30,0.580000,0.580000,0.571603,0.606300,0.811245,0.541603,0.135733
fbcnet,cross_session,sub-031,,ses-01,ses-03,3,,160,40,200,30,0.625000,0.625000,0.611711,0.648500,0.774621,0.523755,0.125945
fbcnet,cross_session,sub-031,,ses-02,ses-01,3,,160,40,200,98,0.495000,0.495000,0.331104,0.579900,6.373661,1.009481,0.504698
fbcnet,cross_session,sub-031,,ses-02,ses-03,3,,160,40,200,98,0.690000,0.690000,0.689876,0.700400,1.019869,0.518265,0.189913
fbcnet,cross_session,sub-031,,ses-03,ses-01,3,,160,40,200,23,0.535000,0.535000,0.480084,0.632600,0.937446,0.629866,0.268097
fbcnet,cross_session,sub-031,,ses-03,ses-02,3,,160,40,200,23,0.585000,0.585000,0.584990,0.626800,0.747774,0.528633,0.169292
fbcnet,cross_session,sub-032,,ses-01,ses-03,3,,160,40,200,57,0.645000,0.645000,0.638410,0.733900,0.737273,0.487316,0.168512
fbcnet,cross_session,sub-032,,ses-03,ses-01,3,,160,40,200,8,0.545000,0.545000,0.491265,0.605800,0.834333,0.578899,0.196135
fbcnet,cross_session,sub-033,,ses-01,ses-02,3,,160,40,200,47,0.925000,0.925000,0.924848,0.969100,0.236445,0.133713,0.034510
fbcnet,cross_session,sub-033,,ses-01,ses-03,3,,160,40,200,47,0.935000,0.935000,0.934985,0.971500,0.208025,0.104002,0.034985
fbcnet,cross_session,sub-033,,ses-02,ses-01,3,,160,40,200,53,0.965000,0.965000,0.964978,0.988700,0.131919,0.061551,0.021195
fbcnet,cross_session,sub-033,,ses-02,ses-03,3,,160,40,200,53,0.935000,0.935000,0.934920,0.988300,0.150801,0.087708,0.032061
fbcnet,cross_session,sub-033,,ses-03,ses-01,3,,160,40,200,37,0.935000,0.935000,0.934803,0.992400,0.148206,0.088653,0.015965
fbcnet,cross_session,sub-033,,ses-03,ses-02,3,,160,40,200,37,0.810000,0.810000,0.803638,0.965500,0.403489,0.257635,0.069923
fbcnet,cross_session,sub-034,,ses-01,ses-02,3,,160,40,200,20,0.595000,0.595000,0.547170,0.687300,0.707071,0.501432,0.105996
fbcnet,cross_session,sub-034,,ses-01,ses-03,3,,160,40,200,20,0.520000,0.520000,0.417193,0.525900,0.878123,0.634005,0.244067
fbcnet,cross_session,sub-034,,ses-02,ses-01,3,,160,40,200,35,0.595000,0.595000,0.594990,0.589600,0.984379,0.596216,0.210091
fbcnet,cross_session,sub-034,,ses-02,ses-03,3,,160,40,200,35,0.570000,0.570000,0.552083,0.623400,0.851319,0.572922,0.208977
fbcnet,cross_session,sub-034,,ses-03,ses-01,3,,160,40,200,16,0.475000,0.475000,0.438488,0.475900,1.104847,0.719597,0.294593
fbcnet,cross_session,sub-034,,ses-03,ses-02,3,,160,40,200,16,0.605000,0.605000,0.577529,0.694900,0.730880,0.516296,0.147821
fbcnet,cross_session,sub-035,,ses-01,ses-02,3,,160,40,200,90,0.870000,0.870000,0.869792,0.957700,0.292714,0.180513,0.063117
fbcnet,cross_session,sub-035,,ses-01,ses-03,3,,160,40,200,90,0.830000,0.830000,0.829386,0.900900,0.453862,0.262136,0.092544
fbcnet,cross_session,sub-035,,ses-02,ses-01,3,,160,40,200,39,0.905000,0.905000,0.904941,0.957400,0.264859,0.153843,0.048295
fbcnet,cross_session,sub-035,,ses-02,ses-03,3,,160,40,200,39,0.855000,0.855000,0.854909,0.917200,0.371485,0.230073,0.042836
fbcnet,cross_session,sub-035,,ses-03,ses-01,3,,160,40,200,96,0.760000,0.760000,0.755874,0.855800,0.608436,0.351006,0.121671
fbcnet,cross_session,sub-035,,ses-03,ses-02,3,,160,40,200,96,0.710000,0.710000,0.687197,0.928200,0.813668,0.456897,0.197636
fbcnet,cross_session,sub-036,,ses-01,ses-02,3,,160,40,200,35,0.880000,0.880000,0.879952,0.937100,0.327860,0.201756,0.053987
fbcnet,cross_session,sub-036,,ses-01,ses-03,3,,160,40,200,35,0.910000,0.910000,0.909919,0.973000,0.237989,0.133425,0.067070
fbcnet,cross_session,sub-036,,ses-02,ses-01,3,,160,40,200,97,0.775000,0.775000,0.774543,0.850300,0.606193,0.353598,0.140777
fbcnet,cross_session,sub-036,,ses-02,ses-03,3,,160,40,200,97,0.920000,0.920000,0.919872,0.981600,0.189819,0.115514,0.037753
fbcnet,cross_session,sub-036,,ses-03,ses-01,3,,160,40,200,78,0.800000,0.800000,0.797078,0.891700,0.552435,0.307073,0.110918
fbcnet,cross_session,sub-036,,ses-03,ses-02,3,,160,40,200,78,0.885000,0.885000,0.884767,0.964300,0.257277,0.162997,0.067281
fbcnet,cross_session,sub-037,,ses-01,ses-02,3,,160,40,200,1,0.485000,0.485000,0.383953,0.524000,0.782209,0.575939,0.191280
fbcnet,cross_session,sub-037,,ses-01,ses-03,3,,160,40,200,1,0.510000,0.510000,0.416667,0.563900,0.817378,0.595355,0.207063
fbcnet,cross_session,sub-037,,ses-02,ses-01,3,,160,40,200,16,0.605000,0.605000,0.561489,0.755900,0.901595,0.564880,0.254601
fbcnet,cross_session,sub-037,,ses-02,ses-03,3,,160,40,200,16,0.740000,0.740000,0.739974,0.789100,0.616872,0.378554,0.089084
fbcnet,cross_session,sub-037,,ses-03,ses-01,3,,160,40,200,32,0.685000,0.685000,0.684044,0.762500,0.748651,0.440718,0.159339
fbcnet,cross_session,sub-037,,ses-03,ses-02,3,,160,40,200,32,0.700000,0.700000,0.698068,0.784100,0.648701,0.418555,0.134432
fbcnet,cross_session,sub-038,,ses-01,ses-02,3,,160,40,200,16,0.510000,0.510000,0.398847,0.553900,0.778873,0.570224,0.181164
fbcnet,cross_session,sub-038,,ses-01,ses-03,3,,160,40,200,16,0.480000,0.480000,0.324324,0.556200,0.827499,0.612002,0.249532
fbcnet,cross_session,sub-038,,ses-02,ses-01,3,,160,40,200,18,0.545000,0.545000,0.520737,0.534400,1.212722,0.666894,0.260197
fbcnet,cross_session,sub-038,,ses-02,ses-03,3,,160,40,200,18,0.545000,0.545000,0.544989,0.551300,0.832601,0.582481,0.214748
fbcnet,cross_session,sub-038,,ses-03,ses-01,3,,160,40,200,7,0.525000,0.525000,0.514799,0.509500,0.942653,0.602014,0.171899
fbcnet,cross_session,sub-038,,ses-03,ses-02,3,,160,40,200,7,0.555000,0.555000,0.537410,0.566700,0.745680,0.535245,0.120155
fbcnet,cross_session,sub-039,,ses-01,ses-02,3,,160,40,200,31,0.470000,0.470000,0.405229,0.422500,1.364738,0.800960,0.349414
fbcnet,cross_session,sub-039,,ses-01,ses-03,3,,160,40,200,31,0.535000,0.535000,0.420181,0.568400,1.476647,0.786727,0.368853
fbcnet,cross_session,sub-039,,ses-02,ses-01,3,,160,40,200,40,0.510000,0.510000,0.489583,0.525600,1.115516,0.697003,0.288551
fbcnet,cross_session,sub-039,,ses-02,ses-03,3,,160,40,200,40,0.670000,0.670000,0.667874,0.725800,0.746228,0.482749,0.166816
fbcnet,cross_session,sub-039,,ses-03,ses-01,3,,160,40,200,96,0.540000,0.540000,0.518778,0.550200,1.306991,0.722888,0.310382
fbcnet,cross_session,sub-039,,ses-03,ses-02,3,,160,40,200,96,0.585000,0.585000,0.548312,0.703000,1.009244,0.591969,0.266080
fbcnet,cross_session,sub-040,,ses-01,ses-02,3,,160,40,200,55,0.655000,0.655000,0.653048,0.719300,0.699785,0.476561,0.162912
fbcnet,cross_session,sub-040,,ses-01,ses-03,3,,160,40,200,55,0.655000,0.655000,0.651154,0.741600,0.704153,0.463144,0.164039
fbcnet,cross_session,sub-040,,ses-02,ses-01,3,,160,40,200,41,0.675000,0.675000,0.659249,0.761600,0.819366,0.474359,0.140410
fbcnet,cross_session,sub-040,,ses-02,ses-03,3,,160,40,200,41,0.670000,0.670000,0.665179,0.692600,0.880894,0.508518,0.176463
fbcnet,cross_session,sub-040,,ses-03,ses-01,3,,160,40,200,86,0.705000,0.705000,0.702853,0.780000,0.712154,0.427186,0.157185
fbcnet,cross_session,sub-040,,ses-03,ses-02,3,,160,40,200,86,0.685000,0.685000,0.684803,0.750500,0.745116,0.452347,0.153051
fbcnet,cross_session,sub-041,,ses-01,ses-02,3,,160,40,200,18,0.600000,0.600000,0.575552,0.681100,0.787953,0.522057,0.182776
fbcnet,cross_session,sub-041,,ses-01,ses-03,3,,160,40,200,18,0.670000,0.670000,0.653216,0.773000,0.676692,0.454242,0.147711
fbcnet,cross_session,sub-041,,ses-02,ses-01,3,,160,40,200,51,0.690000,0.690000,0.678390,0.817600,0.645316,0.426044,0.136664
fbcnet,cross_session,sub-041,,ses-02,ses-03,3,,160,40,200,51,0.785000,0.785000,0.784564,0.879700,0.463198,0.300354,0.073338
fbcnet,cross_session,sub-041,,ses-03,ses-01,3,,160,40,200,86,0.750000,0.750000,0.741629,0.842900,0.636477,0.376879,0.111798
fbcnet,cross_session,sub-041,,ses-03,ses-02,3,,160,40,200,86,0.845000,0.845000,0.844965,0.910700,0.396304,0.241517,0.081094
fbcnet,cross_session,sub-042,,ses-01,ses-02,3,,160,40,200,4,0.510000,0.510000,0.450118,0.576500,0.863651,0.619395,0.263667
fbcnet,cross_session,sub-042,,ses-01,ses-03,3,,160,40,200,4,0.625000,0.625000,0.616946,0.633200,0.719887,0.506729,0.132322
fbcnet,cross_session,sub-042,,ses-02,ses-01,3,,160,40,200,19,0.575000,0.575000,0.563106,0.608500,0.865996,0.581535,0.207754
fbcnet,cross_session,sub-042,,ses-02,ses-03,3,,160,40,200,19,0.635000,0.635000,0.630108,0.674100,0.785770,0.509339,0.146838
fbcnet,cross_session,sub-042,,ses-03,ses-01,3,,160,40,200,6,0.585000,0.585000,0.578413,0.626200,0.703180,0.496646,0.075631
fbcnet,cross_session,sub-042,,ses-03,ses-02,3,,160,40,200,6,0.555000,0.555000,0.518594,0.590400,0.746366,0.533592,0.140579
fbcnet,cross_session,sub-043,,ses-01,ses-02,3,,160,40,200,100,0.905000,0.905000,0.904712,0.983000,0.194996,0.121231,0.032150
fbcnet,cross_session,sub-043,,ses-01,ses-03,3,,160,40,200,100,0.975000,0.975000,0.974994,0.998300,0.072294,0.037558,0.023312
fbcnet,cross_session,sub-043,,ses-02,ses-01,3,,160,40,200,78,0.955000,0.955000,0.954909,0.996300,0.119508,0.072722,0.017986
fbcnet,cross_session,sub-043,,ses-02,ses-03,3,,160,40,200,78,0.955000,0.955000,0.954999,0.995000,0.105503,0.060857,0.037317
fbcnet,cross_session,sub-043,,ses-03,ses-01,3,,160,40,200,100,0.915000,0.915000,0.914639,0.995000,0.127964,0.083323,0.040674
fbcnet,cross_session,sub-043,,ses-03,ses-02,3,,160,40,200,100,0.905000,0.905000,0.904463,0.984000,0.245962,0.149538,0.028563
fbcnet,cross_session,sub-044,,ses-01,ses-02,3,,160,40,200,5,0.520000,0.520000,0.495586,0.523100,0.735001,0.538499,0.171525
fbcnet,cross_session,sub-044,,ses-01,ses-03,3,,160,40,200,5,0.540000,0.540000,0.494505,0.620400,0.720638,0.519334,0.128444
fbcnet,cross_session,sub-044,,ses-02,ses-01,3,,160,40,200,25,0.495000,0.495000,0.477104,0.502700,1.051083,0.705497,0.297254
fbcnet,cross_session,sub-044,,ses-02,ses-03,3,,160,40,200,25,0.550000,0.550000,0.520000,0.597600,0.955016,0.631569,0.278088
fbcnet,cross_session,sub-044,,ses-03,ses-01,3,,160,40,200,4,0.520000,0.520000,0.508951,0.557000,0.734246,0.533536,0.130244
fbcnet,cross_session,sub-044,,ses-03,ses-02,3,,160,40,200,4,0.545000,0.545000,0.543069,0.511400,0.779756,0.564516,0.147032
fbcnet,cross_session,sub-045,,ses-01,ses-02,3,,160,40,200,20,0.640000,0.640000,0.639423,0.694500,0.717556,0.471719,0.146743
fbcnet,cross_session,sub-045,,ses-01,ses-03,3,,160,40,200,20,0.750000,0.750000,0.742560,0.871700,0.515517,0.345100,0.074857
fbcnet,cross_session,sub-045,,ses-02,ses-01,3,,160,40,200,33,0.715000,0.715000,0.713791,0.799400,0.553386,0.371833,0.055449
fbcnet,cross_session,sub-045,,ses-02,ses-03,3,,160,40,200,33,0.670000,0.670000,0.656250,0.740400,0.657925,0.446211,0.129235
fbcnet,cross_session,sub-045,,ses-03,ses-01,3,,160,40,200,36,0.730000,0.730000,0.726693,0.794100,0.711425,0.402678,0.129637
fbcnet,cross_session,sub-045,,ses-03,ses-02,3,,160,40,200,36,0.515000,0.515000,0.395243,0.671100,1.994667,0.839128,0.420113
fbcnet,cross_session,sub-046,,ses-01,ses-02,3,,160,40,200,85,0.935000,0.935000,0.934985,0.985800,0.151221,0.089341,0.037391
fbcnet,cross_session,sub-046,,ses-01,ses-03,3,,160,40,200,85,0.965000,0.965000,0.964992,0.985600,0.160114,0.077085,0.043328
fbcnet,cross_session,sub-046,,ses-02,ses-01,3,,160,40,200,61,0.905000,0.905000,0.904979,0.971300,0.221111,0.136634,0.030222
fbcnet,cross_session,sub-046,,ses-02,ses-03,3,,160,40,200,61,0.925000,0.925000,0.924953,0.980300,0.194559,0.119353,0.047840
fbcnet,cross_session,sub-046,,ses-03,ses-01,3,,160,40,200,60,0.775000,0.775000,0.767026,0.948200,0.560353,0.335681,0.135545
fbcnet,cross_session,sub-046,,ses-03,ses-02,3,,160,40,200,60,0.915000,0.915000,0.914742,0.977200,0.202301,0.121829,0.038157
fbcnet,cross_session,sub-047,,ses-01,ses-02,3,,160,40,200,44,0.745000,0.745000,0.742678,0.854100,0.560982,0.353627,0.118311
fbcnet,cross_session,sub-047,,ses-01,ses-03,3,,160,40,200,44,0.730000,0.730000,0.725359,0.838400,0.589498,0.381110,0.103128
fbcnet,cross_session,sub-047,,ses-02,ses-01,3,,160,40,200,12,0.670000,0.670000,0.669967,0.770500,0.571889,0.392591,0.083035
fbcnet,cross_session,sub-047,,ses-02,ses-03,3,,160,40,200,12,0.640000,0.640000,0.636364,0.688400,0.692744,0.482132,0.170690
fbcnet,cross_session,sub-047,,ses-03,ses-01,3,,160,40,200,96,0.795000,0.795000,0.789263,0.914500,0.544705,0.317576,0.124702
fbcnet,cross_session,sub-047,,ses-03,ses-02,3,,160,40,200,96,0.795000,0.795000,0.790597,0.893400,0.528672,0.303720,0.094557
fbcnet,cross_session,sub-048,,ses-01,ses-02,3,,160,40,200,9,0.555000,0.555000,0.546739,0.611200,0.763914,0.539416,0.166618
fbcnet,cross_session,sub-048,,ses-01,ses-03,3,,160,40,200,9,0.565000,0.565000,0.554292,0.564500,0.784827,0.556922,0.151307
fbcnet,cross_session,sub-048,,ses-02,ses-01,3,,160,40,200,17,0.560000,0.560000,0.543521,0.618500,0.796043,0.547075,0.176071
fbcnet,cross_session,sub-048,,ses-02,ses-03,3,,160,40,200,17,0.600000,0.600000,0.571000,0.634600,0.765815,0.528615,0.141222
fbcnet,cross_session,sub-048,,ses-03,ses-01,3,,160,40,200,42,0.505000,0.505000,0.389473,0.667100,1.711557,0.828894,0.420148
fbcnet,cross_session,sub-048,,ses-03,ses-02,3,,160,40,200,42,0.585000,0.585000,0.532539,0.632500,1.346431,0.695190,0.324289
fbcnet,cross_session,sub-049,,ses-01,ses-02,3,,160,40,200,36,0.560000,0.560000,0.465760,0.784500,2.718726,0.833452,0.408645
fbcnet,cross_session,sub-049,,ses-01,ses-03,3,,160,40,200,36,0.505000,0.505000,0.344349,0.793150,4.137407,0.977299,0.490901
fbcnet,cross_session,sub-049,,ses-02,ses-01,3,,160,40,200,43,0.835000,0.835000,0.832789,0.932900,0.438563,0.248553,0.083458
fbcnet,cross_session,sub-049,,ses-02,ses-03,3,,160,40,200,43,0.795000,0.795000,0.790597,0.866700,0.714288,0.329330,0.145282
fbcnet,cross_session,sub-049,,ses-03,ses-01,3,,160,40,200,45,0.735000,0.735000,0.726628,0.866000,0.587493,0.369300,0.119942
fbcnet,cross_session,sub-049,,ses-03,ses-02,3,,160,40,200,45,0.795000,0.795000,0.788524,0.896300,0.602676,0.326381,0.139881
fbcnet,cross_session,sub-050,,ses-01,ses-02,3,,160,40,200,97,0.840000,0.840000,0.839744,0.905600,0.399308,0.247451,0.060297
fbcnet,cross_session,sub-050,,ses-01,ses-03,3,,160,40,200,97,0.755000,0.755000,0.752769,0.864400,0.543212,0.333103,0.112502
fbcnet,cross_session,sub-050,,ses-02,ses-01,3,,160,40,200,37,0.760000,0.760000,0.759784,0.815100,0.579743,0.362071,0.113099
fbcnet,cross_session,sub-050,,ses-02,ses-03,3,,160,40,200,37,0.840000,0.840000,0.839744,0.932300,0.344564,0.220663,0.064653
fbcnet,cross_session,sub-050,,ses-03,ses-01,3,,160,40,200,70,0.720000,0.720000,0.716571,0.813500,0.631324,0.400007,0.112257
fbcnet,cross_session,sub-050,,ses-03,ses-02,3,,160,40,200,70,0.840000,0.840000,0.838693,0.943700,0.346312,0.219475,0.037618
fbcnet,cross_session,sub-051,,ses-01,ses-02,3,,160,40,200,46,0.735000,0.735000,0.733071,0.804900,0.564125,0.379747,0.116934
fbcnet,cross_session,sub-051,,ses-01,ses-03,3,,160,40,200,46,0.685000,0.685000,0.684044,0.750700,0.668681,0.440363,0.126209
fbcnet,cross_session,sub-051,,ses-02,ses-01,3,,160,40,200,38,0.640000,0.640000,0.596005,0.792800,0.953950,0.565796,0.240277
fbcnet,cross_session,sub-051,,ses-02,ses-03,3,,160,40,200,38,0.705000,0.705000,0.699524,0.799500,0.665195,0.426692,0.146839
fbcnet,cross_session,sub-051,,ses-03,ses-01,3,,160,40,200,78,0.655000,0.655000,0.622115,0.760400,1.085493,0.572645,0.244513
fbcnet,cross_session,sub-051,,ses-03,ses-02,3,,160,40,200,78,0.835000,0.835000,0.834300,0.914700,0.401581,0.247531,0.052485
fbcnet,cross_session,sub-001,,ses-01,ses-02,4,,160,40,200,38,0.650000,0.650000,0.647746,0.736200,0.670033,0.451035,0.158251
fbcnet,cross_session,sub-001,,ses-01,ses-03,4,,160,40,200,38,0.575000,0.575000,0.509677,0.688300,1.049203,0.629836,0.285689
fbcnet,cross_session,sub-001,,ses-02,ses-01,4,,160,40,200,44,0.620000,0.620000,0.611253,0.687400,0.794492,0.534441,0.182797
fbcnet,cross_session,sub-001,,ses-02,ses-03,4,,160,40,200,44,0.790000,0.790000,0.789811,0.883100,0.431880,0.277031,0.065299
fbcnet,cross_session,sub-001,,ses-03,ses-01,4,,160,40,200,30,0.565000,0.565000,0.543918,0.670200,0.829197,0.559982,0.233608
fbcnet,cross_session,sub-001,,ses-03,ses-02,4,,160,40,200,30,0.780000,0.780000,0.779205,0.827700,0.531615,0.338141,0.069040
fbcnet,cross_session,sub-002,,ses-01,ses-02,4,,160,40,200,6,0.520000,0.520000,0.515152,0.508800,0.834322,0.599258,0.190508
fbcnet,cross_session,sub-002,,ses-01,ses-03,4,,160,40,200,6,0.500000,0.500000,0.494949,0.491700,0.847992,0.591386,0.162135
fbcnet,cross_session,sub-002,,ses-02,ses-01,4,,160,40,200,3,0.465000,0.465000,0.461974,0.467300,0.788769,0.578523,0.179148
fbcnet,cross_session,sub-002,,ses-02,ses-03,4,,160,40,200,3,0.570000,0.570000,0.569613,0.610800,0.693506,0.496533,0.096204
fbcnet,cross_session,sub-002,,ses-03,ses-01,4,,160,40,200,15,0.485000,0.485000,0.460040,0.513600,1.044495,0.680256,0.288366
fbcnet,cross_session,sub-002,,ses-03,ses-02,4,,160,40,200,15,0.545000,0.545000,0.498332,0.619100,0.947330,0.606319,0.244665
fbcnet,cross_session,sub-003,,ses-01,ses-02,4,,160,40,200,24,0.655000,0.655000,0.651154,0.724500,0.691600,0.455440,0.121990
fbcnet,cross_session,sub-003,,ses-01,ses-03,4,,160,40,200,24,0.640000,0.640000,0.609375,0.743700,0.861152,0.538078,0.212638
fbcnet,cross_session,sub-003,,ses-02,ses-01,4,,160,40,200,58,0.650000,0.650000,0.643003,0.691200,0.953083,0.551420,0.233065
fbcnet,cross_session,sub-003,,ses-02,ses-03,4,,160,40,200,58,0.720000,0.720000,0.716571,0.792800,0.704843,0.446635,0.181288
fbcnet,cross_session,sub-003,,ses-03,ses-01,4,,160,40,200,33,0.605000,0.605000,0.595277,0.650200,0.695130,0.489995,0.071117
fbcnet,cross_session,sub-003,,ses-03,ses-02,4,,160,40,200,33,0.515000,0.515000,0.419839,0.657300,0.835689,0.603400,0.256990
fbcnet,cross_session,sub-004,,ses-01,ses-02,4,,160,40,200,6,0.515000,0.515000,0.510583,0.529800,0.771822,0.556138,0.139470
fbcnet,cross_session,sub-004,,ses-01,ses-03,4,,160,40,200,6,0.535000,0.535000,0.499879,0.540200,0.776612,0.562217,0.149291
fbcnet,cross_session,sub-004,,ses-02,ses-01,4,,160,40,200,2,0.605000,0.605000,0.604199,0.625000,0.681614,0.484563,0.048455
fbcnet,cross_session,sub-004,,ses-02,ses-03,4,,160,40,200,2,0.490000,0.490000,0.474822,0.482400,0.758210,0.556499,0.135684
fbcnet,cross_session,sub-004,,ses-03,ses-01,4,,160,40,200,7,0.515000,0.515000,0.514016,0.535300,0.734281,0.534041,0.127647
fbcnet,cross_session,sub-004,,ses-03,ses-02,4,,160,40,200,7,0.560000,0.560000,0.556407,0.542300,0.731122,0.529989,0.102442
fbcnet,cross_session,sub-005,,ses-01,ses-02,4,,160,40,200,77,0.710000,0.710000,0.704202,0.843100,0.635913,0.403583,0.173815
fbcnet,cross_session,sub-005,,ses-01,ses-03,4,,160,40,200,77,0.805000,0.805000,0.804878,0.885900,0.449547,0.279582,0.067602
fbcnet,cross_session,sub-005,,ses-02,ses-01,4,,160,40,200,21,0.665000,0.665000,0.664790,0.749800,0.633361,0.426299,0.104093
fbcnet,cross_session,sub-005,,ses-02,ses-03,4,,160,40,200,21,0.605000,0.605000,0.585856,0.709900,0.800104,0.533825,0.196910
fbcnet,cross_session,sub-005,,ses-03,ses-01,4,,160,40,200,82,0.695000,0.695000,0.677172,0.859400,0.746125,0.448636,0.183984
fbcnet,cross_session,sub-005,,ses-03,ses-02,4,,160,40,200,82,0.695000,0.695000,0.675523,0.823500,0.838554,0.480373,0.208382
fbcnet,cross_session,sub-006,,ses-01,ses-02,4,,160,40,200,84,0.690000,0.690000,0.659341,0.936200,0.843395,0.466444,0.213620
fbcnet,cross_session,sub-006,,ses-01,ses-03,4,,160,40,200,84,0.640000,0.640000,0.596005,0.938100,1.038623,0.547861,0.263237
fbcnet,cross_session,sub-006,,ses-02,ses-01,4,,160,40,200,100,0.505000,0.505000,0.344349,0.772050,4.162114,0.980697,0.492325
fbcnet,cross_session,sub-006,,ses-02,ses-03,4,,160,40,200,100,0.675000,0.675000,0.636618,0.960900,0.999313,0.520854,0.251743
fbcnet,cross_session,sub-006,,ses-03,ses-01,4,,160,40,200,92,0.595000,0.595000,0.585030,0.655700,0.962969,0.562352,0.227205
fbcnet,cross_session,sub-006,,ses-03,ses-02,4,,160,40,200,92,0.755000,0.755000,0.746318,0.921300,0.691926,0.356916,0.153405
fbcnet,cross_session,sub-007,,ses-01,ses-02,4,,160,40,200,3,0.525000,0.525000,0.476281,0.554000,0.796792,0.567281,0.176108
fbcnet,cross_session,sub-007,,ses-01,ses-03,4,,160,40,200,3,0.480000,0.480000,0.424715,0.536800,0.774336,0.569624,0.189868
fbcnet,cross_session,sub-007,,ses-02,ses-01,4,,160,40,200,27,0.585000,0.585000,0.583741,0.617100,0.811151,0.549595,0.168591
fbcnet,cross_session,sub-007,,ses-02,ses-03,4,,160,40,200,27,0.580000,0.580000,0.544271,0.623100,1.049770,0.642960,0.271830
fbcnet,cross_session,sub-007,,ses-03,ses-01,4,,160,40,200,10,0.555000,0.555000,0.554722,0.537100,0.979400,0.650161,0.255408
fbcnet,cross_session,sub-007,,ses-03,ses-02,4,,160,40,200,10,0.530000,0.530000,0.525253,0.579700,0.787833,0.556051,0.188290
fbcnet,cross_session,sub-008,,ses-01,ses-02,4,,160,40,200,6,0.545000,0.545000,0.455725,0.612900,0.779018,0.562947,0.204229
fbcnet,cross_session,sub-008,,ses-01,ses-03,4,,160,40,200,6,0.635000,0.635000,0.633451,0.647400,0.666193,0.474237,0.092713
fbcnet,cross_session,sub-008,,ses-02,ses-01,4,,160,40,200,8,0.615000,0.615000,0.607853,0.665000,0.725317,0.493937,0.116908
fbcnet,cross_session,sub-008,,ses-02,ses-03,4,,160,40,200,8,0.650000,0.650000,0.641944,0.757700,0.603923,0.415959,0.071385
fbcnet,cross_session,sub-008,,ses-03,ses-01,4,,160,40,200,37,0.560000,0.560000,0.533107,0.639200,0.972887,0.610150,0.249994
fbcnet,cross_session,sub-008,,ses-03,ses-02,4,,160,40,200,37,0.560000,0.560000,0.509804,0.744000,0.827734,0.566408,0.251946
fbcnet,cross_session,sub-009,,ses-01,ses-02,4,,160,40,200,4,0.640000,0.640000,0.636364,0.709000,0.627940,0.435269,0.087677
fbcnet,cross_session,sub-009,,ses-01,ses-03,4,,160,40,200,4,0.460000,0.460000,0.417539,0.455900,0.779295,0.576700,0.189038
fbcnet,cross_session,sub-009,,ses-02,ses-01,4,,160,40,200,6,0.590000,0.590000,0.546410,0.664800,0.705831,0.500941,0.100861
fbcnet,cross_session,sub-009,,ses-02,ses-03,4,,160,40,200,6,0.480000,0.480000,0.478121,0.449300,0.867926,0.629151,0.194708
fbcnet,cross_session,sub-009,,ses-03,ses-01,4,,160,40,200,2,0.535000,0.535000,0.533589,0.537000,0.716250,0.521416,0.119490
fbcnet,cross_session,sub-009,,ses-03,ses-02,4,,160,40,200,2,0.555000,0.555000,0.554989,0.537200,0.732388,0.528697,0.103678
fbcnet,cross_session,sub-010,,ses-01,ses-02,4,,160,40,200,3,0.590000,0.590000,0.564941,0.667000,0.670224,0.475592,0.071018
fbcnet,cross_session,sub-010,,ses-01,ses-03,4,,160,40,200,3,0.510000,0.510000,0.503998,0.553500,0.724088,0.522740,0.112772
fbcnet,cross_session,sub-010,,ses-02,ses-01,4,,160,40,200,19,0.580000,0.580000,0.571603,0.634900,0.820259,0.552161,0.198460
fbcnet,cross_session,sub-010,,ses-02,ses-03,4,,160,40,200,19,0.550000,0.550000,0.536608,0.557800,1.035954,0.667967,0.265328
fbcnet,cross_session,sub-010,,ses-03,ses-01,4,,160,40,200,39,0.550000,0.550000,0.529239,0.569200,1.038347,0.648305,0.243987
fbcnet,cross_session,sub-010,,ses-03,ses-02,4,,160,40,200,39,0.510000,0.510000,0.385580,0.569800,1.612934,0.833835,0.410536
fbcnet,cross_session,sub-011,,ses-01,ses-02,4,,160,40,200,62,0.630000,0.630000,0.609334,0.750300,0.935641,0.550699,0.257471
fbcnet,cross_session,sub-011,,ses-01,ses-03,4,,160,40,200,62,0.565000,0.565000,0.474495,0.748100,1.432619,0.696417,0.340074
fbcnet,cross_session,sub-011,,ses-02,ses-01,4,,160,40,200,9,0.545000,0.545000,0.432651,0.677300,0.857921,0.605047,0.254842
fbcnet,cross_session,sub-011,,ses-02,ses-03,4,,160,40,200,9,0.520000,0.520000,0.391172,0.614300,1.009458,0.704415,0.332761
fbcnet,cross_session,sub-011,,ses-03,ses-01,4,,160,40,200,23,0.760000,0.760000,0.760000,0.809600,0.543169,0.356355,0.090625
fbcnet,cross_session,sub-011,,ses-03,ses-02,4,,160,40,200,23,0.525000,0.525000,0.524417,0.603600,0.845994,0.585860,0.244520
fbcnet,cross_session,sub-012,,ses-01,ses-02,4,,160,40,200,13,0.485000,0.485000,0.479259,0.495900,0.785487,0.571814,0.164334
fbcnet,cross_session,sub-012,,ses-01,ses-03,4,,160,40,200,13,0.495000,0.495000,0.486984,0.518400,0.782448,0.565402,0.176198
fbcnet,cross_session,sub-012,,ses-02,ses-01,4,,160,40,200,3,0.465000,0.465000,0.464344,0.435400,0.759707,0.563076,0.209450
fbcnet,cross_session,sub-012,,ses-02,ses-03,4,,160,40,200,3,0.535000,0.535000,0.516619,0.531600,0.732477,0.532920,0.130966
fbcnet,cross_session,sub-012,,ses-03,ses-01,4,,160,40,200,6,0.455000,0.455000,0.390636,0.451900,0.847117,0.619209,0.227141
fbcnet,cross_session,sub-012,,ses-03,ses-02,4,,160,40,200,6,0.540000,0.540000,0.457483,0.568500,0.797217,0.574348,0.170037
fbcnet,cross_session,sub-013,,ses-01,ses-02,4,,160,40,200,14,0.490000,0.490000,0.345399,0.517700,3.214334,0.930915,0.455702
fbcnet,cross_session,sub-013,,ses-01,ses-03,4,,160,40,200,14,0.525000,0.525000,0.420290,0.529600,0.989082,0.671448,0.264366
fbcnet,cross_session,sub-013,,ses-02,ses-01,4,,160,40,200,20,0.510000,0.510000,0.363306,0.547900,1.012860,0.697783,0.310893
fbcnet,cross_session,sub-013,,ses-02,ses-03,4,,160,40,200,20,0.495000,0.495000,0.417381,0.528700,0.936309,0.650753,0.252813
fbcnet,cross_session,sub-013,,ses-03,ses-01,4,,160,40,200,1,0.505000,0.505000,0.503996,0.487400,0.730565,0.534802,0.099259
fbcnet,cross_session,sub-013,,ses-03,ses-02,4,,160,40,200,1,0.460000,0.460000,0.447570,0.433900,0.737286,0.542215,0.134111
fbcnet,cross_session,sub-014,,ses-01,ses-02,4,,160,40,200,1,0.455000,0.455000,0.452688,0.425800,0.810381,0.598387,0.196651
fbcnet,cross_session,sub-014,,ses-01,ses-03,4,,160,40,200,1,0.500000,0.500000,0.410308,0.465300,0.856947,0.620666,0.213108
fbcnet,cross_session,sub-014,,ses-02,ses-01,4,,160,40,200,5,0.490000,0.490000,0.386946,0.486000,0.855730,0.623341,0.227282
fbcnet,cross_session,sub-014,,ses-02,ses-03,4,,160,40,200,5,0.490000,0.490000,0.328859,0.436000,1.271104,0.826556,0.400975
fbcnet,cross_session,sub-014,,ses-03,ses-01,4,,160,40,200,7,0.490000,0.490000,0.414062,0.466700,0.815711,0.599900,0.223489
fbcnet,cross_session,sub-014,,ses-03,ses-02,4,,160,40,200,7,0.475000,0.475000,0.467964,0.460900,0.778871,0.574476,0.168479
fbcnet,cross_session,sub-015,,ses-01,ses-02,4,,160,40,200,6,0.555000,0.555000,0.502446,0.630300,0.794046,0.559570,0.195716
fbcnet,cross_session,sub-015,,ses-01,ses-03,4,,160,40,200,6,0.495000,0.495000,0.395915,0.531800,1.687536,0.805583,0.386500
fbcnet,cross_session,sub-015,,ses-02,ses-01,4,,160,40,200,1,0.555000,0.555000,0.505981,0.562300,0.736684,0.533550,0.113548
fbcnet,cross_session,sub-015,,ses-02,ses-03,4,,160,40,200,1,0.510000,0.510000,0.495418,0.516000,0.856939,0.586184,0.177409
fbcnet,cross_session,sub-015,,ses-03,ses-01,4,,160,40,200,12,0.500000,0.500000,0.333333,0.410500,1.079888,0.751568,0.331316
fbcnet,cross_session,sub-015,,ses-03,ses-02,4,,160,40,200,12,0.500000,0.500000,0.333333,0.516600,1.175344,0.785085,0.378588
fbcnet,cross_session,sub-016,,ses-01,ses-02,4,,160,40,200,4,0.515000,0.515000,0.445064,0.520100,0.877534,0.627468,0.253801
fbcnet,cross_session,sub-016,,ses-01,ses-03,4,,160,40,200,4,0.515000,0.515000,0.435636,0.565400,0.857570,0.618650,0.250952
fbcnet,cross_session,sub-016,,ses-02,ses-01,4,,160,40,200,1,0.505000,0.505000,0.489362,0.556500,0.703031,0.509658,0.114089
fbcnet,cross_session,sub-016,,ses-02,ses-03,4,,160,40,200,1,0.470000,0.470000,0.468672,0.483100,0.730472,0.534769,0.128806
fbcnet,cross_session,sub-016,,ses-03,ses-01,4,,160,40,200,2,0.520000,0.520000,0.502023,0.578200,0.706233,0.511867,0.106246
fbcnet,cross_session,sub-016,,ses-03,ses-02,4,,160,40,200,2,0.545000,0.545000,0.538902,0.514100,0.752055,0.547308,0.111337
fbcnet,cross_session,sub-017,,ses-01,ses-02,4,,160,40,200,2,0.520000,0.520000,0.376299,0.541900,0.872277,0.635914,0.255288
fbcnet,cross_session,sub-017,,ses-01,ses-03,4,,160,40,200,2,0.505000,0.505000,0.360775,0.604600,0.906488,0.658027,0.295749
fbcnet,cross_session,sub-017,,ses-02,ses-01,4,,160,40,200,1,0.485000,0.485000,0.449183,0.536000,0.772443,0.553165,0.167302
fbcnet,cross_session,sub-017,,ses-02,ses-03,4,,160,40,200,1,0.560000,0.560000,0.519598,0.637200,0.700945,0.502233,0.104775
fbcnet,cross_session,sub-017,,ses-03,ses-01,4,,160,40,200,10,0.500000,0.500000,0.494949,0.557700,0.752150,0.539386,0.170351
fbcnet,cross_session,sub-017,,ses-03,ses-02,4,,160,40,200,10,0.555000,0.555000,0.537410,0.643100,0.716069,0.506426,0.157749
fbcnet,cross_session,sub-018,,ses-01,ses-02,4,,160,40,200,3,0.510000,0.510000,0.498721,0.519700,0.726464,0.529388,0.108903
fbcnet,cross_session,sub-018,,ses-01,ses-03,4,,160,40,200,3,0.460000,0.460000,0.453386,0.545100,0.720752,0.520101,0.164507
fbcnet,cross_session,sub-018,,ses-02,ses-01,4,,160,40,200,5,0.525000,0.525000,0.414141,0.660600,0.746450,0.538408,0.178097
fbcnet,cross_session,sub-018,,ses-02,ses-03,4,,160,40,200,5,0.480000,0.480000,0.340436,0.468900,0.828694,0.607130,0.212650
fbcnet,cross_session,sub-018,,ses-03,ses-01,4,,160,40,200,3,0.565000,0.565000,0.558095,0.590200,0.729553,0.508881,0.073496
fbcnet,cross_session,sub-018,,ses-03,ses-02,4,,160,40,200,3,0.520000,0.520000,0.518266,0.510900,0.717791,0.522790,0.104803
fbcnet,cross_session,sub-019,,ses-01,ses-02,4,,160,40,200,15,0.515000,0.515000,0.435636,0.547200,0.884246,0.626113,0.232317
fbcnet,cross_session,sub-019,,ses-01,ses-03,4,,160,40,200,15,0.535000,0.535000,0.438253,0.547100,0.902258,0.636867,0.240885
fbcnet,cross_session,sub-019,,ses-02,ses-01,4,,160,40,200,44,0.565000,0.565000,0.563154,0.580100,0.984432,0.620568,0.238255
fbcnet,cross_session,sub-019,,ses-02,ses-03,4,,160,40,200,44,0.610000,0.610000,0.609844,0.644100,0.742209,0.508430,0.141324
fbcnet,cross_session,sub-019,,ses-03,ses-01,4,,160,40,200,60,0.540000,0.540000,0.514307,0.591500,1.304738,0.709851,0.315555
fbcnet,cross_session,sub-019,,ses-03,ses-02,4,,160,40,200,60,0.575000,0.575000,0.567111,0.612100,1.066146,0.611017,0.246904
fbcnet,cross_session,sub-020,,ses-01,ses-02,4,,160,40,200,64,0.675000,0.675000,0.663483,0.708500,1.134313,0.534759,0.216235
fbcnet,cross_session,sub-020,,ses-01,ses-03,4,,160,40,200,64,0.460000,0.460000,0.389417,0.345000,1.976944,0.915303,0.419931
fbcnet,cross_session,sub-020,,ses-02,ses-01,4,,160,40,200,37,0.500000,0.500000,0.365804,0.701100,2.118523,0.887170,0.452943
fbcnet,cross_session,sub-020,,ses-02,ses-03,4,,160,40,200,37,0.500000,0.500000,0.333333,0.445150,3.072315,0.966345,0.484962
fbcnet,cross_session,sub-020,,ses-03,ses-01,4,,160,40,200,21,0.515000,0.515000,0.408085,0.442200,2.534037,0.878460,0.422654
fbcnet,cross_session,sub-020,,ses-03,ses-02,4,,160,40,200,21,0.480000,0.480000,0.458333,0.503400,1.396938,0.775978,0.349566
fbcnet,cross_session,sub-021,,ses-01,ses-02,4,,160,40,200,16,0.580000,0.580000,0.528672,0.577600,1.571552,0.665797,0.259901
fbcnet,cross_session,sub-021,,ses-01,ses-03,4,,160,40,200,16,0.550000,0.550000,0.517375,0.581200,0.939133,0.625666,0.243599
fbcnet,cross_session,sub-021,,ses-02,ses-01,4,,160,40,200,3,0.490000,0.490000,0.367560,0.570800,0.777582,0.570723,0.206659
fbcnet,cross_session,sub-021,,ses-02,ses-03,4,,160,40,200,3,0.540000,0.540000,0.509333,0.557500,0.706665,0.511602,0.096400
fbcnet,cross_session,sub-021,,ses-03,ses-01,4,,160,40,200,9,0.630000,0.630000,0.614583,0.597000,0.854401,0.577890,0.251859
fbcnet,cross_session,sub-021,,ses-03,ses-02,4,,160,40,200,9,0.510000,0.510000,0.471470,0.547100,1.198618,0.729330,0.346418
fbcnet,cross_session,sub-022,,ses-01,ses-02,4,,160,40,200,10,0.490000,0.490000,0.423338,0.518200,1.064505,0.727069,0.311387
fbcnet,cross_session,sub-022,,ses-01,ses-03,4,,160,40,200,10,0.485000,0.485000,0.424179,0.516800,1.098985,0.708022,0.304079
fbcnet,cross_session,sub-022,,ses-02,ses-01,4,,160,40,200,10,0.535000,0.535000,0.426475,0.687200,0.772769,0.557775,0.216748
fbcnet,cross_session,sub-022,,ses-02,ses-03,4,,160,40,200,10,0.595000,0.595000,0.593282,0.609500,0.716159,0.512064,0.130038
fbcnet,cross_session,sub-022,,ses-03,ses-01,4,,160,40,200,29,0.495000,0.495000,0.339675,0.559700,1.623376,0.880469,0.441429
fbcnet,cross_session,sub-022,,ses-03,ses-02,4,,160,40,200,29,0.680000,0.680000,0.678844,0.682200,0.711887,0.479685,0.121631
fbcnet,cross_session,sub-023,,ses-02,ses-03,4,,160,40,200,28,0.815000,0.815000,0.811027,0.934100,0.456079,0.282657,0.077103
fbcnet,cross_session,sub-023,,ses-03,ses-02,4,,160,40,200,51,0.785000,0.785000,0.782603,0.897300,0.469358,0.296204,0.098173
fbcnet,cross_session,sub-025,,ses-01,ses-02,4,,160,40,200,100,0.580000,0.580000,0.513382,0.731500,1.475790,0.693227,0.328697
fbcnet,cross_session,sub-025,,ses-01,ses-03,4,,160,40,200,100,0.545000,0.545000,0.470545,0.592500,2.088480,0.825712,0.397227
fbcnet,cross_session,sub-025,,ses-02,ses-01,4,,160,40,200,55,0.600000,0.600000,0.581546,0.711200,0.905453,0.567468,0.250657
fbcnet,cross_session,sub-025,,ses-02,ses-03,4,,160,40,200,55,0.510000,0.510000,0.457905,0.585900,1.363346,0.739233,0.346987
fbcnet,cross_session,sub-025,,ses-03,ses-01,4,,160,40,200,18,0.640000,0.640000,0.633811,0.652800,0.711090,0.497098,0.113888
fbcnet,cross_session,sub-025,,ses-03,ses-02,4,,160,40,200,18,0.705000,0.705000,0.704105,0.770800,0.591205,0.392295,0.098002
fbcnet,cross_session,sub-026,,ses-02,ses-03,4,,160,40,200,37,0.530000,0.530000,0.450678,0.701400,1.662972,0.810490,0.400393
fbcnet,cross_session,sub-026,,ses-03,ses-02,4,,160,40,200,100,0.710000,0.710000,0.690667,0.819700,0.789032,0.444367,0.158452
fbcnet,cross_session,sub-027,,ses-01,ses-02,4,,160,40,200,36,0.500000,0.500000,0.333333,0.483150,4.684606,0.999227,0.499573
fbcnet,cross_session,sub-027,,ses-01,ses-03,4,,160,40,200,36,0.525000,0.525000,0.420290,0.609700,1.725090,0.777777,0.375217
fbcnet,cross_session,sub-027,,ses-02,ses-01,4,,160,40,200,23,0.600000,0.600000,0.586606,0.615100,0.775765,0.538887,0.149077
fbcnet,cross_session,sub-027,,ses-02,ses-03,4,,160,40,200,23,0.500000,0.500000,0.333333,0.614700,2.608389,0.975004,0.490755
fbcnet,cross_session,sub-027,,ses-03,ses-01,4,,160,40,200,23,0.505000,0.505000,0.344349,0.650000,2.334611,0.932113,0.470002
fbcnet,cross_session,sub-027,,ses-03,ses-02,4,,160,40,200,23,0.515000,0.515000,0.395243,0.656100,1.811108,0.841654,0.414821
fbcnet,cross_session,sub-028,,ses-01,ses-02,4,,160,40,200,49,0.745000,0.745000,0.742678,0.858700,0.510122,0.330243,0.065161
fbcnet,cross_session,sub-028,,ses-01,ses-03,4,,160,40,200,49,0.660000,0.660000,0.641009,0.780600,0.747208,0.486139,0.194041
fbcnet,cross_session,sub-028,,ses-02,ses-01,4,,160,40,200,54,0.760000,0.760000,0.757576,0.808200,0.624635,0.373297,0.135255
fbcnet,cross_session,sub-028,,ses-02,ses-03,4,,160,40,200,54,0.790000,0.790000,0.789663,0.881300,0.436504,0.283703,0.054336
fbcnet,cross_session,sub-028,,ses-03,ses-01,4,,160,40,200,27,0.585000,0.585000,0.521214,0.798000,0.869913,0.569695,0.249694
fbcnet,cross_session,sub-028,,ses-03,ses-02,4,,160,40,200,27,0.680000,0.680000,0.662126,0.818200,0.661027,0.433862,0.127695
fbcnet,cross_session,sub-029,,ses-01,ses-02,4,,160,40,200,23,0.500000,0.500000,0.333333,0.702950,3.307250,0.961358,0.487010
fbcnet,cross_session,sub-029,,ses-01,ses-03,4,,160,40,200,23,0.570000,0.570000,0.472457,0.852700,1.096746,0.653909,0.328286
fbcnet,cross_session,sub-029,,ses-02,ses-01,4,,160,40,200,76,0.785000,0.785000,0.776501,0.951600,0.634095,0.340184,0.164922
fbcnet,cross_session,sub-029,,ses-02,ses-03,4,,160,40,200,76,0.960000,0.960000,0.959984,0.988700,0.130683,0.059024,0.018291
fbcnet,cross_session,sub-029,,ses-03,ses-01,4,,160,40,200,39,0.915000,0.915000,0.914742,0.968400,0.257825,0.150795,0.059160
fbcnet,cross_session,sub-029,,ses-03,ses-02,4,,160,40,200,39,0.825000,0.825000,0.819471,0.975100,0.426057,0.270355,0.084824
fbcnet,cross_session,sub-030,,ses-01,ses-02,4,,160,40,200,26,0.500000,0.500000,0.333333,0.742100,1.096281,0.733001,0.380280
fbcnet,cross_session,sub-030,,ses-01,ses-03,4,,160,40,200,26,0.695000,0.695000,0.690912,0.747000,0.615587,0.419592,0.100869
fbcnet,cross_session,sub-030,,ses-02,ses-01,4,,160,40,200,71,0.855000,0.855000,0.854706,0.920500,0.390535,0.234356,0.067813
fbcnet,cross_session,sub-030,,ses-02,ses-03,4,,160,40,200,71,0.830000,0.830000,0.828905,0.902400,0.486567,0.260292,0.088672
fbcnet,cross_session,sub-030,,ses-03,ses-01,4,,160,40,200,7,0.655000,0.655000,0.616996,0.814100,0.734687,0.475880,0.162759
fbcnet,cross_session,sub-030,,ses-03,ses-02,4,,160,40,200,7,0.655000,0.655000,0.632969,0.792500,0.662342,0.458957,0.137085
fbcnet,cross_session,sub-031,,ses-01,ses-02,4,,160,40,200,56,0.560000,0.560000,0.490210,0.609400,1.074705,0.671828,0.277367
fbcnet,cross_session,sub-031,,ses-01,ses-03,4,,160,40,200,56,0.515000,0.515000,0.414092,0.672900,1.154489,0.714798,0.349964
fbcnet,cross_session,sub-031,,ses-02,ses-01,4,,160,40,200,23,0.490000,0.490000,0.328859,0.588000,2.570949,0.960106,0.488035
fbcnet,cross_session,sub-031,,ses-02,ses-03,4,,160,40,200,23,0.585000,0.585000,0.564887,0.660500,0.960646,0.575610,0.224020
fbcnet,cross_session,sub-031,,ses-03,ses-01,4,,160,40,200,3,0.595000,0.595000,0.594909,0.568400,0.723008,0.522276,0.141843
fbcnet,cross_session,sub-031,,ses-03,ses-02,4,,160,40,200,3,0.475000,0.475000,0.330165,0.589900,0.808569,0.591015,0.244302
fbcnet,cross_session,sub-032,,ses-01,ses-03,4,,160,40,200,9,0.635000,0.635000,0.620572,0.678900,0.678127,0.477316,0.087431
fbcnet,cross_session,sub-032,,ses-03,ses-01,4,,160,40,200,1,0.505000,0.505000,0.504889,0.522500,0.714806,0.519355,0.099462
fbcnet,cross_session,sub-033,,ses-01,ses-02,4,,160,40,200,51,0.865000,0.865000,0.862494,0.940800,0.434119,0.225539,0.080665
fbcnet,cross_session,sub-033,,ses-01,ses-03,4,,160,40,200,51,0.935000,0.935000,0.934985,0.975800,0.186075,0.113295,0.032877
fbcnet,cross_session,sub-033,,ses-02,ses-01,4,,160,40,200,39,0.945000,0.945000,0.944966,0.987700,0.143010,0.078077,0.017506
fbcnet,cross_session,sub-033,,ses-02,ses-03,4,,160,40,200,39,0.880000,0.880000,0.878530,0.985100,0.270635,0.171823,0.028773
fbcnet,cross_session,sub-033,,ses-03,ses-01,4,,160,40,200,29,0.920000,0.920000,0.919606,0.980000,0.251911,0.135234,0.042858
fbcnet,cross_session,sub-033,,ses-03,ses-02,4,,160,40,200,29,0.825000,0.825000,0.822222,0.958400,0.340375,0.216849,0.054213
fbcnet,cross_session,sub-034,,ses-01,ses-02,4,,160,40,200,15,0.585000,0.585000,0.566795,0.613200,0.703205,0.503176,0.091362
fbcnet,cross_session,sub-034,,ses-01,ses-03,4,,160,40,200,15,0.470000,0.470000,0.447917,0.499700,0.762828,0.559228,0.172687
fbcnet,cross_session,sub-034,,ses-02,ses-01,4,,160,40,200,38,0.550000,0.550000,0.539642,0.537000,1.113177,0.666176,0.301621
fbcnet,cross_session,sub-034,,ses-02,ses-03,4,,160,40,200,38,0.580000,0.580000,0.578947,0.593900,0.893613,0.596088,0.237679
fbcnet,cross_session,sub-034,,ses-03,ses-01,4,,160,40,200,1,0.515000,0.515000,0.493724,0.470100,0.825122,0.594541,0.167842
fbcnet,cross_session,sub-034,,ses-03,ses-02,4,,160,40,200,1,0.490000,0.490000,0.435778,0.511600,0.741758,0.543411,0.135807
fbcnet,cross_session,sub-035,,ses-01,ses-02,4,,160,40,200,97,0.870000,0.870000,0.869948,0.960700,0.274538,0.172614,0.056985
fbcnet,cross_session,sub-035,,ses-01,ses-03,4,,160,40,200,97,0.790000,0.790000,0.785802,0.900200,0.549409,0.304291,0.103542
fbcnet,cross_session,sub-035,,ses-02,ses-01,4,,160,40,200,88,0.930000,0.930000,0.929993,0.975100,0.202524,0.118369,0.026556
fbcnet,cross_session,sub-035,,ses-02,ses-03,4,,160,40,200,88,0.875000,0.875000,0.874847,0.961500,0.259837,0.166789,0.058921
fbcnet,cross_session,sub-035,,ses-03,ses-01,4,,160,40,200,57,0.880000,0.880000,0.879952,0.930600,0.336906,0.199172,0.053646
fbcnet,cross_session,sub-035,,ses-03,ses-02,4,,160,40,200,57,0.820000,0.820000,0.816906,0.926600,0.451791,0.265225,0.077399
fbcnet,cross_session,sub-036,,ses-01,ses-02,4,,160,40,200,50,0.830000,0.830000,0.829574,0.915500,0.386906,0.247236,0.050254
fbcnet,cross_session,sub-036,,ses-01,ses-03,4,,160,40,200,50,0.905000,0.905000,0.904883,0.965400,0.254510,0.154024,0.047312
fbcnet,cross_session,sub-036,,ses-02,ses-01,4,,160,40,200,82,0.760000,0.760000,0.760000,0.850600,0.566387,0.344560,0.118108
fbcnet,cross_session,sub-036,,ses-02,ses-03,4,,160,40,200,82,0.920000,0.920000,0.919992,0.978700,0.189781,0.113658,0.026288
fbcnet,cross_session,sub-036,,ses-03,ses-01,4,,160,40,200,95,0.790000,0.790000,0.789811,0.865000,0.559654,0.331564,0.119441
fbcnet,cross_session,sub-036,,ses-03,ses-02,4,,160,40,200,95,0.795000,0.795000,0.792253,0.918900,0.515357,0.307464,0.107928
fbcnet,cross_session,sub-037,,ses-01,ses-02,4,,160,40,200,5,0.505000,0.505000,0.360775,0.708800,0.909299,0.654829,0.309357
fbcnet,cross_session,sub-037,,ses-01,ses-03,4,,160,40,200,5,0.505000,0.505000,0.389473,0.722000,0.871012,0.634943,0.296621
fbcnet,cross_session,sub-037,,ses-02,ses-01,4,,160,40,200,46,0.530000,0.530000,0.423384,0.736600,1.722783,0.817080,0.417271
fbcnet,cross_session,sub-037,,ses-02,ses-03,4,,160,40,200,46,0.725000,0.725000,0.721314,0.817500,0.689566,0.394546,0.131530
fbcnet,cross_session,sub-037,,ses-03,ses-01,4,,160,40,200,65,0.730000,0.730000,0.729024,0.782700,0.770212,0.418499,0.146802
fbcnet,cross_session,sub-037,,ses-03,ses-02,4,,160,40,200,65,0.760000,0.760000,0.759133,0.829100,0.623528,0.372956,0.115655
fbcnet,cross_session,sub-038,,ses-01,ses-02,4,,160,40,200,14,0.505000,0.505000,0.375768,0.547900,0.873277,0.639224,0.260719
fbcnet,cross_session,sub-038,,ses-01,ses-03,4,,160,40,200,14,0.505000,0.505000,0.352751,0.536100,0.857925,0.622051,0.257148
fbcnet,cross_session,sub-038,,ses-02,ses-01,4,,160,40,200,70,0.515000,0.515000,0.493724,0.576100,1.835538,0.705740,0.323318
fbcnet,cross_session,sub-038,,ses-02,ses-03,4,,160,40,200,70,0.535000,0.535000,0.514601,0.562400,1.144373,0.680888,0.299266
fbcnet,cross_session,sub-038,,ses-03,ses-01,4,,160,40,200,1,0.510000,0.510000,0.480051,0.506400,0.752023,0.549267,0.132882
fbcnet,cross_session,sub-038,,ses-03,ses-02,4,,160,40,200,1,0.475000,0.475000,0.474987,0.471700,0.732408,0.537193,0.123718
fbcnet,cross_session,sub-039,,ses-01,ses-02,4,,160,40,200,55,0.520000,0.520000,0.502023,0.452200,1.354661,0.753364,0.322517
fbcnet,cross_session,sub-039,,ses-01,ses-03,4,,160,40,200,55,0.535000,0.535000,0.493891,0.582900,1.011782,0.661960,0.273512
fbcnet,cross_session,sub-039,,ses-02,ses-01,4,,160,40,200,10,0.490000,0.490000,0.449898,0.486500,0.854650,0.620968,0.213033
fbcnet,cross_session,sub-039,,ses-02,ses-03,4,,160,40,200,10,0.665000,0.665000,0.656754,0.738000,0.626830,0.437810,0.061099
fbcnet,cross_session,sub-039,,ses-03,ses-01,4,,160,40,200,15,0.525000,0.525000,0.524703,0.551500,0.863726,0.603234,0.231130
fbcnet,cross_session,sub-039,,ses-03,ses-02,4,,160,40,200,15,0.605000,0.605000,0.604516,0.692500,0.646833,0.458507,0.130130
fbcnet,cross_session,sub-040,,ses-01,ses-02,4,,160,40,200,20,0.655000,0.655000,0.647591,0.689600,0.738561,0.497732,0.142384
fbcnet,cross_session,sub-040,,ses-01,ses-03,4,,160,40,200,20,0.685000,0.685000,0.684614,0.728200,0.660395,0.436697,0.096698
fbcnet,cross_session,sub-040,,ses-02,ses-01,4,,160,40,200,6,0.590000,0.590000,0.581803,0.657200,0.660592,0.467485,0.057289
fbcnet,cross_session,sub-040,,ses-02,ses-03,4,,160,40,200,6,0.630000,0.630000,0.629852,0.664600,0.657657,0.463023,0.050249
fbcnet,cross_session,sub-040,,ses-03,ses-01,4,,160,40,200,60,0.690000,0.690000,0.675698,0.791300,0.778370,0.460420,0.178814
fbcnet,cross_session,sub-040,,ses-03,ses-02,4,,160,40,200,60,0.700000,0.700000,0.687500,0.756400,0.821842,0.464451,0.162766
fbcnet,cross_session,sub-041,,ses-01,ses-02,4,,160,40,200,94,0.610000,0.610000,0.579333,0.767300,0.968504,0.531277,0.254470
fbcnet,cross_session,sub-041,,ses-01,ses-03,4,,160,40,200,94,0.665000,0.665000,0.643608,0.816400,0.923820,0.515823,0.226888
fbcnet,cross_session,sub-041,,ses-02,ses-01,4,,160,40,200,77,0.800000,0.800000,0.799920,0.886000,0.472635,0.279036,0.058898
fbcnet,cross_session,sub-041,,ses-02,ses-03,4,,160,40,200,77,0.815000,0.815000,0.814439,0.935000,0.327780,0.216706,0.067425
fbcnet,cross_session,sub-041,,ses-03,ses-01,4,,160,40,200,66,0.750000,0.750000,0.741629,0.871600,0.604862,0.361013,0.115960
fbcnet,cross_session,sub-041,,ses-03,ses-02,4,,160,40,200,66,0.800000,0.800000,0.799679,0.875300,0.484035,0.288908,0.070991
fbcnet,cross_session,sub-042,,ses-01,ses-02,4,,160,40,200,55,0.580000,0.580000,0.513382,0.646500,1.629743,0.702950,0.318603
fbcnet,cross_session,sub-042,,ses-01,ses-03,4,,160,40,200,55,0.575000,0.575000,0.534489,0.644900,1.329108,0.680344,0.317028
fbcnet,cross_session,sub-042,,ses-02,ses-01,4,,160,40,200,14,0.495000,0.495000,0.491325,0.557200,0.820397,0.582568,0.228905
fbcnet,cross_session,sub-042,,ses-02,ses-03,4,,160,40,200,14,0.565000,0.565000,0.561038,0.607500,0.804709,0.549707,0.175901
fbcnet,cross_session,sub-042,,ses-03,ses-01,4,,160,40,200,4,0.560000,0.560000,0.557166,0.600800,0.686050,0.492455,0.088424
fbcnet,cross_session,sub-042,,ses-03,ses-02,4,,160,40,200,4,0.590000,0.590000,0.557761,0.601400,0.712567,0.513635,0.127959
fbcnet,cross_session,sub-043,,ses-01,ses-02,4,,160,40,200,99,0.960000,0.960000,0.959996,0.989800,0.138251,0.077691,0.036981
fbcnet,cross_session,sub-043,,ses-01,ses-03,4,,160,40,200,99,0.980000,0.980000,0.979992,0.999500,0.070437,0.034712,0.035431
fbcnet,cross_session,sub-043,,ses-02,ses-01,4,,160,40,200,96,0.945000,0.945000,0.944888,0.992300,0.133431,0.071289,0.025231
fbcnet,cross_session,sub-043,,ses-02,ses-03,4,,160,40,200,96,0.965000,0.965000,0.964999,0.993800,0.112364,0.064556,0.042769
fbcnet,cross_session,sub-043,,ses-03,ses-01,4,,160,40,200,47,0.945000,0.945000,0.944988,0.987200,0.155795,0.091484,0.026916
fbcnet,cross_session,sub-043,,ses-03,ses-02,4,,160,40,200,47,0.860000,0.860000,0.857955,0.969500,0.310828,0.186742,0.053727
fbcnet,cross_session,sub-044,,ses-01,ses-02,4,,160,40,200,7,0.555000,0.555000,0.551761,0.568600,0.716004,0.514929,0.079771
fbcnet,cross_session,sub-044,,ses-01,ses-03,4,,160,40,200,7,0.555000,0.555000,0.546739,0.606500,0.701363,0.501286,0.097261
fbcnet,cross_session,sub-044,,ses-02,ses-01,4,,160,40,200,11,0.485000,0.485000,0.483437,0.511400,0.861921,0.614834,0.231036
fbcnet,cross_session,sub-044,,ses-02,ses-03,4,,160,40,200,11,0.535000,0.535000,0.533027,0.526100,0.863967,0.605879,0.176814
fbcnet,cross_session,sub-044,,ses-03,ses-01,4,,160,40,200,23,0.565000,0.565000,0.564902,0.580600,0.815686,0.573426,0.193208
fbcnet,cross_session,sub-044,,ses-03,ses-02,4,,160,40,200,23,0.555000,0.555000,0.521390,0.589700,0.919844,0.614127,0.226107
fbcnet,cross_session,sub-045,,ses-01,ses-02,4,,160,40,200,16,0.645000,0.645000,0.640242,0.713000,0.710506,0.458444,0.105302
fbcnet,cross_session,sub-045,,ses-01,ses-03,4,,160,40,200,16,0.750000,0.750000,0.749775,0.820200,0.516289,0.349527,0.064110
fbcnet,cross_session,sub-045,,ses-02,ses-01,4,,160,40,200,100,0.680000,0.680000,0.677387,0.743600,0.739280,0.461788,0.144902
fbcnet,cross_session,sub-045,,ses-02,ses-03,4,,160,40,200,100,0.665000,0.665000,0.664790,0.748700,0.691258,0.450710,0.149417
fbcnet,cross_session,sub-045,,ses-03,ses-01,4,,160,40,200,15,0.700000,0.700000,0.698068,0.764200,0.685689,0.417719,0.097433
fbcnet,cross_session,sub-045,,ses-03,ses-02,4,,160,40,200,15,0.565000,0.565000,0.520384,0.637600,1.156963,0.647378,0.273687
fbcnet,cross_session,sub-046,,ses-01,ses-02,4,,160,40,200,77,0.955000,0.955000,0.954990,0.985400,0.148760,0.075619,0.035317
fbcnet,cross_session,sub-046,,ses-01,ses-03,4,,160,40,200,77,0.915000,0.915000,0.914742,0.986600,0.183047,0.109351,0.036066
fbcnet,cross_session,sub-046,,ses-02,ses-01,4,,160,40,200,100,0.905000,0.905000,0.904941,0.958000,0.281891,0.157695,0.039730
fbcnet,cross_session,sub-046,,ses-02,ses-03,4,,160,40,200,100,0.915000,0.915000,0.914947,0.979000,0.195628,0.120234,0.026987
fbcnet,cross_session,sub-046,,ses-03,ses-01,4,,160,40,200,64,0.870000,0.870000,0.869674,0.948500,0.314020,0.191561,0.044919
fbcnet,cross_session,sub-046,,ses-03,ses-02,4,,160,40,200,64,0.930000,0.930000,0.929993,0.986400,0.165275,0.099419,0.037628
fbcnet,cross_session,sub-047,,ses-01,ses-02,4,,160,40,200,59,0.750000,0.750000,0.746347,0.846300,0.650365,0.381287,0.139277
fbcnet,cross_session,sub-047,,ses-01,ses-03,4,,160,40,200,59,0.780000,0.780000,0.779912,0.857800,0.511764,0.330647,0.102795
fbcnet,cross_session,sub-047,,ses-02,ses-01,4,,160,40,200,42,0.770000,0.770000,0.769631,0.857700,0.481189,0.319667,0.099069
fbcnet,cross_session,sub-047,,ses-02,ses-03,4,,160,40,200,42,0.740000,0.740000,0.731294,0.846800,0.583397,0.376491,0.089023
fbcnet,cross_session,sub-047,,ses-03,ses-01,4,,160,40,200,93,0.770000,0.770000,0.762298,0.898400,0.582808,0.344860,0.105702
fbcnet,cross_session,sub-047,,ses-03,ses-02,4,,160,40,200,93,0.795000,0.795000,0.789263,0.888500,0.564490,0.322325,0.122014
fbcnet,cross_session,sub-048,,ses-01,ses-02,4,,160,40,200,16,0.640000,0.640000,0.639098,0.647500,0.710896,0.499615,0.131153
fbcnet,cross_session,sub-048,,ses-01,ses-03,4,,160,40,200,16,0.575000,0.575000,0.574904,0.612300,0.726516,0.513804,0.114702
fbcnet,cross_session,sub-048,,ses-02,ses-01,4,,160,40,200,12,0.605000,0.605000,0.602766,0.613400,0.746424,0.526204,0.140903
fbcnet,cross_session,sub-048,,ses-02,ses-03,4,,160,40,200,12,0.555000,0.555000,0.477562,0.695700,0.839752,0.581697,0.233377
fbcnet,cross_session,sub-048,,ses-03,ses-01,4,,160,40,200,41,0.505000,0.505000,0.360775,0.641300,2.257101,0.931940,0.464926
fbcnet,cross_session,sub-048,,ses-03,ses-02,4,,160,40,200,41,0.525000,0.525000,0.393959,0.695200,1.649595,0.819357,0.407510
fbcnet,cross_session,sub-049,,ses-01,ses-02,4,,160,40,200,78,0.525000,0.525000,0.393959,0.809350,2.968689,0.875022,0.444695
fbcnet,cross_session,sub-049,,ses-01,ses-03,4,,160,40,200,78,0.510000,0.510000,0.363306,0.819800,3.582613,0.958235,0.483135
fbcnet,cross_session,sub-049,,ses-02,ses-01,4,,160,40,200,56,0.800000,0.800000,0.794048,0.942300,0.499001,0.303811,0.097204
fbcnet,cross_session,sub-049,,ses-02,ses-03,4,,160,40,200,56,0.800000,0.800000,0.797980,0.872600,0.620737,0.312116,0.109115
fbcnet,cross_session,sub-049,,ses-03,ses-01,4,,160,40,200,43,0.795000,0.795000,0.793840,0.901900,0.413825,0.264941,0.038503
fbcnet,cross_session,sub-049,,ses-03,ses-02,4,,160,40,200,43,0.835000,0.835000,0.833161,0.916100,0.391417,0.242435,0.048743
fbcnet,cross_session,sub-050,,ses-01,ses-02,4,,160,40,200,51,0.805000,0.805000,0.804408,0.911900,0.399267,0.255903,0.082303
fbcnet,cross_session,sub-050,,ses-01,ses-03,4,,160,40,200,51,0.805000,0.805000,0.804956,0.884700,0.458017,0.274225,0.074945
fbcnet,cross_session,sub-050,,ses-02,ses-01,4,,160,40,200,70,0.820000,0.820000,0.818182,0.893500,0.478779,0.276553,0.069493
fbcnet,cross_session,sub-050,,ses-02,ses-03,4,,160,40,200,70,0.835000,0.835000,0.834897,0.934000,0.347192,0.226953,0.074887
fbcnet,cross_session,sub-050,,ses-03,ses-01,4,,160,40,200,55,0.750000,0.750000,0.741629,0.874100,0.524389,0.342743,0.076620
fbcnet,cross_session,sub-050,,ses-03,ses-02,4,,160,40,200,55,0.890000,0.890000,0.889724,0.961200,0.271092,0.166263,0.036237
fbcnet,cross_session,sub-051,,ses-01,ses-02,4,,160,40,200,17,0.700000,0.700000,0.696970,0.790900,0.571486,0.385254,0.063335
fbcnet,cross_session,sub-051,,ses-01,ses-03,4,,160,40,200,17,0.680000,0.680000,0.662126,0.773300,0.652850,0.441581,0.121286
fbcnet,cross_session,sub-051,,ses-02,ses-01,4,,160,40,200,27,0.735000,0.735000,0.733501,0.789800,0.626630,0.392489,0.097764
fbcnet,cross_session,sub-051,,ses-02,ses-03,4,,160,40,200,27,0.765000,0.765000,0.764003,0.859100,0.485897,0.312368,0.093284
fbcnet,cross_session,sub-051,,ses-03,ses-01,4,,160,40,200,30,0.680000,0.680000,0.672634,0.784000,0.651469,0.419240,0.131603
fbcnet,cross_session,sub-051,,ses-03,ses-02,4,,160,40,200,30,0.840000,0.840000,0.839599,0.899000,0.419753,0.253705,0.054536
