==================================================================
NODE: gpu01 | MODE: clone_install | NEW_ENV: mi_torch_cu118 | START: Fri Jun  5 19:53:31 CST 2026
==================================================================
=== nvidia-smi (informational; absent on CPU allocations) ===
No devices were found
[clone] conda create -n mi_torch_cu118 --clone mi_torch -y
Source:      /share/home/yuan/.conda/envs/mi_torch
Destination: /share/home/yuan/.conda/envs/mi_torch_cu118
Packages: 296
Files: 14155

Downloading and Extracting Packages: ...working... done

## Package Plan ##

  environment location: /share/home/yuan/.conda/envs/mi_torch_cu118

  added / updated specs:
    - conda-forge/linux-64::cffi==1.17.1=py310h8deb56e_0
    - conda-forge/linux-64::debugpy==1.8.15=py310h25320af_0
    - conda-forge/linux-64::libgcc-ng==15.1.0=h69a702a_3
    - conda-forge/linux-64::libgcc==15.1.0=h767d61c_3
    - conda-forge/linux-64::libgomp==15.1.0=h767d61c_3
    - conda-forge/linux-64::libre2-11==2024.07.02=hba17884_3
    - conda-forge/linux-64::libsodium==1.0.18=h36c2ea0_1
    - conda-forge/linux-64::libstdcxx==15.1.0=h8f9b012_3
    - conda-forge/linux-64::markupsafe==3.0.2=py310h89163eb_1
    - conda-forge/linux-64::openssl==3.5.4=h26f9b46_0
    - conda-forge/linux-64::psutil==7.0.0=py310ha75aee5_0
    - conda-forge/linux-64::pycares==4.11.0=py310h7c4b9e2_1
    - conda-forge/linux-64::python_abi==3.10=2_cp310
    - conda-forge/linux-64::pyyaml==6.0.2=py310h89163eb_2
    - conda-forge/linux-64::pyzmq==26.2.0=py310h71f11fc_1
    - conda-forge/linux-64::re2==2024.07.02=h9925aae_3
    - conda-forge/linux-64::tensorboard-data-server==0.7.0=py310hed992bd_3
    - conda-forge/linux-64::yaml==0.2.5=h7f98852_2
    - conda-forge/linux-64::zstandard==0.23.0=py310ha75aee5_2
    - conda-forge/noarch::absl-py==2.3.1=pyhd8ed1ab_0
    - conda-forge/noarch::accelerate==1.11.0=pyhcf101f3_0
    - conda-forge/noarch::asttokens==3.0.0=pyhd8ed1ab_1
    - conda-forge/noarch::charset-normalizer==3.4.2=pyhd8ed1ab_0
    - conda-forge/noarch::comm==0.2.2=pyhd8ed1ab_1
    - conda-forge/noarch::decorator==5.2.1=pyhd8ed1ab_0
    - conda-forge/noarch::exceptiongroup==1.3.0=pyhd8ed1ab_0
    - conda-forge/noarch::executing==2.2.0=pyhd8ed1ab_0
    - conda-forge/noarch::h2==4.2.0=pyhd8ed1ab_0
    - conda-forge/noarch::hpack==4.1.0=pyhd8ed1ab_0
    - conda-forge/noarch::hyperframe==6.1.0=pyhd8ed1ab_0
    - conda-forge/noarch::idna==3.10=pyhd8ed1ab_1
    - conda-forge/noarch::importlib-metadata==8.7.0=pyhe01879c_1
    - conda-forge/noarch::ipykernel==6.29.5=pyh3099207_0
    - conda-forge/noarch::ipython==8.37.0=pyh8f84b5b_0
    - conda-forge/noarch::jedi==0.19.2=pyhd8ed1ab_1
    - conda-forge/noarch::jinja2==3.1.6=pyhd8ed1ab_0
    - conda-forge/noarch::jupyter_client==8.6.3=pyhd8ed1ab_1
    - conda-forge/noarch::jupyter_core==5.8.1=pyh31011fe_0
    - conda-forge/noarch::markdown==3.10=pyhd8ed1ab_0
    - conda-forge/noarch::matplotlib-inline==0.1.7=pyhd8ed1ab_1
    - conda-forge/noarch::nest-asyncio==1.6.0=pyhd8ed1ab_1
    - conda-forge/noarch::parso==0.8.4=pyhd8ed1ab_1
    - conda-forge/noarch::peft==0.17.1=pyhcf101f3_0
    - conda-forge/noarch::pexpect==4.9.0=pyhd8ed1ab_1
    - conda-forge/noarch::pickleshare==0.7.5=pyhd8ed1ab_1004
    - conda-forge/noarch::platformdirs==4.3.8=pyhe01879c_0
    - conda-forge/noarch::prompt-toolkit==3.0.51=pyha770c72_0
    - conda-forge/noarch::prompt_toolkit==3.0.51=hd8ed1ab_0
    - conda-forge/noarch::ptyprocess==0.7.0=pyhd8ed1ab_1
    - conda-forge/noarch::pure_eval==0.2.3=pyhd8ed1ab_1
    - conda-forge/noarch::pycparser==2.22=pyh29332c3_1
    - conda-forge/noarch::pygments==2.19.2=pyhd8ed1ab_0
    - conda-forge/noarch::pysocks==1.7.1=pyha55dd90_7
    - conda-forge/noarch::requests==2.32.4=pyhd8ed1ab_0
    - conda-forge/noarch::stack_data==0.6.3=pyhd8ed1ab_1
    - conda-forge/noarch::tensorboard==2.20.0=pyhe01879c_0
    - conda-forge/noarch::traitlets==5.14.3=pyhd8ed1ab_1
    - conda-forge/noarch::typing-extensions==4.14.1=h4440ef1_0
    - conda-forge/noarch::typing_extensions==4.14.1=pyhe01879c_0
    - conda-forge/noarch::urllib3==2.5.0=pyhd8ed1ab_0
    - conda-forge/noarch::wcwidth==0.2.13=pyhd8ed1ab_1
    - conda-forge/noarch::werkzeug==3.1.3=pyhd8ed1ab_1
    - conda-forge/noarch::zipp==3.23.0=pyhd8ed1ab_0
    - defaults/linux-64::_libgcc_mutex==0.1=main
    - defaults/linux-64::_openmp_mutex==5.1=1_gnu
    - defaults/linux-64::aiodns==3.5.0=py310h06a4308_1
    - defaults/linux-64::aiohappyeyeballs==2.6.1=py310h06a4308_0
    - defaults/linux-64::aiohttp==3.13.2=py310hee96239_0
    - defaults/linux-64::aiosignal==1.4.0=py310h06a4308_0
    - defaults/linux-64::anyio==4.7.0=py310h06a4308_0
    - defaults/linux-64::aom==3.6.0=h6a678d5_0
    - defaults/linux-64::argon2-cffi-bindings==21.2.0=py310h5eee18b_1
    - defaults/linux-64::arrow-cpp==19.0.0=h8011034_4
    - defaults/linux-64::async-lru==2.0.4=py310h06a4308_0
    - defaults/linux-64::async-timeout==5.0.1=py310h06a4308_0
    - defaults/linux-64::attrs==24.3.0=py310h06a4308_0
    - defaults/linux-64::aws-c-auth==0.9.0=h5eee18b_1
    - defaults/linux-64::aws-c-cal==0.9.2=hdb10cc7_0
    - defaults/linux-64::aws-c-common==0.12.3=h5eee18b_0
    - defaults/linux-64::aws-c-compression==0.3.1=h5eee18b_1
    - defaults/linux-64::aws-c-event-stream==0.5.5=h5eee18b_0
    - defaults/linux-64::aws-c-http==0.10.2=h5eee18b_0
    - defaults/linux-64::aws-c-io==0.20.1=hbcb7957_0
    - defaults/linux-64::aws-c-mqtt==0.13.2=h5eee18b_0
    - defaults/linux-64::aws-c-s3==0.8.3=hdb10cc7_0
    - defaults/linux-64::aws-c-sdkutils==0.2.4=h5eee18b_0
    - defaults/linux-64::aws-checksums==0.2.7=h5eee18b_0
    - defaults/linux-64::aws-crt-cpp==0.32.10=h6a678d5_0
    - defaults/linux-64::aws-sdk-cpp==1.11.528=h9e09249_1
    - defaults/linux-64::babel==2.16.0=py310h06a4308_0
    - defaults/linux-64::beautifulsoup4==4.13.4=py310h06a4308_0
    - defaults/linux-64::blas==1.0=mkl
    - defaults/linux-64::bleach==6.2.0=py310h06a4308_0
    - defaults/linux-64::bottleneck==1.4.2=py310ha9d4c09_0
    - defaults/linux-64::brotli-python==1.0.9=py310h6a678d5_9
    - defaults/linux-64::bzip2==1.0.8=h5eee18b_6
    - defaults/linux-64::c-ares==1.19.1=h5eee18b_0
    - defaults/linux-64::ca-certificates==2025.11.4=h06a4308_0
    - defaults/linux-64::cairo==1.16.0=he5ede1b_6
    - defaults/linux-64::certifi==2025.10.5=py310h06a4308_0
    - defaults/linux-64::contourpy==1.3.1=py310hdb19cb5_0
    - defaults/linux-64::cyrus-sasl==2.1.28=h52b45da_1
    - defaults/linux-64::datasets==3.3.2=py310h06a4308_0
    - defaults/linux-64::dav1d==1.2.1=h5eee18b_0
    - defaults/linux-64::dill==0.3.8=py310h06a4308_0
    - defaults/linux-64::expat==2.7.1=h6a678d5_0
    - defaults/linux-64::filelock==3.20.0=py310h06a4308_0
    - defaults/linux-64::fontconfig==2.14.1=h55d465d_3
    - defaults/linux-64::fonttools==4.55.3=py310h5eee18b_0
    - defaults/linux-64::freetype==2.13.3=h4a9f257_0
    - defaults/linux-64::fribidi==1.0.10=h7b6447c_0
    - defaults/linux-64::frozenlist==1.8.0=py310hbdd6827_0
    - defaults/linux-64::fsspec==2024.12.0=py310h06a4308_0
    - defaults/linux-64::gflags==2.2.2=h6a678d5_1
    - defaults/linux-64::glog==0.5.0=h6a678d5_1
    - defaults/linux-64::gmp==6.3.0=h6a678d5_0
    - defaults/linux-64::gmpy2==2.2.1=py310h5eee18b_0
    - defaults/linux-64::graphite2==1.3.14=h295c915_1
    - defaults/linux-64::grpcio==1.71.0=py310h6a678d5_0
    - defaults/linux-64::h11==0.16.0=py310h06a4308_0
    - defaults/linux-64::harfbuzz==10.2.0=hdfddeaa_1
    - defaults/linux-64::hf-xet==1.1.8=py310h84c0859_0
    - defaults/linux-64::httpcore==1.0.9=py310h06a4308_0
    - defaults/linux-64::httpx==0.28.1=py310h06a4308_0
    - defaults/linux-64::huggingface_hub==0.34.4=py310h06a4308_0
    - defaults/linux-64::icu==73.1=h6a678d5_0
    - defaults/linux-64::intel-openmp==2023.1.0=hdb19cb5_46306
    - defaults/linux-64::ipywidgets==8.1.5=py310h06a4308_0
    - defaults/linux-64::jpeg==9e=h5eee18b_3
    - defaults/linux-64::json5==0.9.25=py310h06a4308_0
    - defaults/linux-64::jsonschema-specifications==2023.7.1=py310h06a4308_0
    - defaults/linux-64::jsonschema==4.23.0=py310h06a4308_0
    - defaults/linux-64::jupyter-lsp==2.2.5=py310h06a4308_0
    - defaults/linux-64::jupyter==1.1.1=py310h06a4308_0
    - defaults/linux-64::jupyter_console==6.6.3=py310h06a4308_0
    - defaults/linux-64::jupyter_events==0.12.0=py310h06a4308_0
    - defaults/linux-64::jupyter_server==2.16.0=py310h06a4308_0
    - defaults/linux-64::jupyter_server_terminals==0.5.3=py310h06a4308_0
    - defaults/linux-64::jupyterlab==4.4.4=py310h06a4308_0
    - defaults/linux-64::jupyterlab_pygments==0.3.0=py310h06a4308_0
    - defaults/linux-64::jupyterlab_server==2.27.3=py310h06a4308_0
    - defaults/linux-64::jupyterlab_widgets==3.0.15=py310h06a4308_0
    - defaults/linux-64::kiwisolver==1.4.8=py310h6a678d5_0
    - defaults/linux-64::krb5==1.20.1=h143b758_1
    - defaults/linux-64::lcms2==2.16=h92b89f2_1
    - defaults/linux-64::ld_impl_linux-64==2.40=h12ee557_0
    - defaults/linux-64::lerc==4.0.0=h6a678d5_0
    - defaults/linux-64::libabseil==20250127.0=cxx17_h6a678d5_0
    - defaults/linux-64::libavif==1.1.1=h5eee18b_0
    - defaults/linux-64::libbrotlicommon==1.0.9=h5eee18b_9
    - defaults/linux-64::libbrotlidec==1.0.9=h5eee18b_9
    - defaults/linux-64::libbrotlienc==1.0.9=h5eee18b_9
    - defaults/linux-64::libcups==2.4.2=h2d74bed_1
    - defaults/linux-64::libcurl==8.12.1=hc9e6f67_0
    - defaults/linux-64::libdeflate==1.22=h5eee18b_0
    - defaults/linux-64::libedit==3.1.20230828=h5eee18b_0
    - defaults/linux-64::libev==4.33=h7f8727e_1
    - defaults/linux-64::libevent==2.1.12=hdbd6064_1
    - defaults/linux-64::libffi==3.4.4=h6a678d5_1
    - defaults/linux-64::libglib==2.84.2=h37c7471_0
    - defaults/linux-64::libgrpc==1.71.0=h2d74bed_0
    - defaults/linux-64::libiconv==1.16=h5eee18b_3
    - defaults/linux-64::libnghttp2==1.57.0=h2d74bed_0
    - defaults/linux-64::libpng==1.6.39=h5eee18b_0
    - defaults/linux-64::libpq==17.4=hdbd6064_0
    - defaults/linux-64::libprotobuf==5.29.3=h3cdef7c_1
    - defaults/linux-64::libssh2==1.11.1=h251f7ec_0
    - defaults/linux-64::libstdcxx-ng==11.2.0=h1234567_1
    - defaults/linux-64::libthrift==0.15.0=hd8eb582_4
    - defaults/linux-64::libtiff==4.7.0=hde9077f_0
    - defaults/linux-64::libtorch==2.6.0=cpu_mkl_h881e62d_106
    - defaults/linux-64::libuuid==1.41.5=h5eee18b_0
    - defaults/linux-64::libuv==1.48.0=h5eee18b_0
    - defaults/linux-64::libwebp-base==1.3.2=h5eee18b_1
    - defaults/linux-64::libxcb==1.17.0=h9b100fa_0
    - defaults/linux-64::libxkbcommon==1.9.1=h69220b7_0
    - defaults/linux-64::libxml2==2.13.8=hfdd30dd_0
    - defaults/linux-64::lmdb==0.9.31=hb25bd0a_0
    - defaults/linux-64::lz4-c==1.9.4=h6a678d5_1
    - defaults/linux-64::matplotlib-base==3.10.0=py310hbfdbfaf_0
    - defaults/linux-64::matplotlib==3.10.0=py310h06a4308_0
    - defaults/linux-64::mistune==3.1.2=py310h06a4308_0
    - defaults/linux-64::mkl-service==2.4.0=py310h5eee18b_2
    - defaults/linux-64::mkl==2023.1.0=h213fc3f_46344
    - defaults/linux-64::mkl_fft==1.3.11=py310h5eee18b_0
    - defaults/linux-64::mkl_random==1.2.8=py310h1128e8f_0
    - defaults/linux-64::mpc==1.3.1=h5eee18b_0
    - defaults/linux-64::mpfr==4.2.1=h5eee18b_0
    - defaults/linux-64::mpmath==1.3.0=py310h06a4308_0
    - defaults/linux-64::multidict==6.7.0=py310hee96239_0
    - defaults/linux-64::multiprocess==0.70.15=py310h06a4308_0
    - defaults/linux-64::mysql==8.4.0=h721767e_2
    - defaults/linux-64::nbclient==0.10.2=py310h06a4308_0
    - defaults/linux-64::nbconvert-core==7.16.6=py310h06a4308_0
    - defaults/linux-64::nbconvert-pandoc==7.16.6=py310h06a4308_0
    - defaults/linux-64::nbconvert==7.16.6=py310h06a4308_0
    - defaults/linux-64::nbformat==5.10.4=py310h06a4308_0
    - defaults/linux-64::ncurses==6.4=h6a678d5_0
    - defaults/linux-64::networkx==3.4.2=py310h06a4308_0
    - defaults/linux-64::notebook-shim==0.2.4=py310h06a4308_0
    - defaults/linux-64::notebook==7.4.4=py310h06a4308_0
    - defaults/linux-64::numexpr==2.11.0=py310hf4471f9_0
    - defaults/linux-64::numpy-base==2.2.5=py310h06ae042_0
    - defaults/linux-64::numpy==2.2.5=py310h2470af2_0
    - defaults/linux-64::openjpeg==2.5.2=h0d4d230_1
    - defaults/linux-64::openldap==2.6.4=h42fbc30_0
    - defaults/linux-64::opentelemetry-api==1.37.0=py310h06a4308_0
    - defaults/linux-64::orc==2.1.1=hd396ef6_0
    - defaults/linux-64::overrides==7.4.0=py310h06a4308_0
    - defaults/linux-64::packaging==24.2=py310h06a4308_0
    - defaults/linux-64::pandas==2.2.3=py310h6a678d5_0
    - defaults/linux-64::pandoc==2.12=h06a4308_3
    - defaults/linux-64::pcre2==10.42=hebb0a14_1
    - defaults/linux-64::pillow==11.3.0=py310hb1c3d2d_0
    - defaults/linux-64::pixman==0.40.0=h7f8727e_1
    - defaults/linux-64::prometheus_client==0.21.1=py310h06a4308_0
    - defaults/linux-64::propcache==0.3.1=py310h5eee18b_0
    - defaults/linux-64::protobuf==5.29.3=py310he621ea3_0
    - defaults/linux-64::pthread-stubs==0.3=h0ce48e5_1
    - defaults/linux-64::pyarrow==19.0.0=py310h7934f7d_2
    - defaults/linux-64::pyparsing==3.2.0=py310h06a4308_0
    - defaults/linux-64::pyqt6-sip==13.9.1=py310h5eee18b_1
    - defaults/linux-64::pyqt==6.7.1=py310h6a678d5_1
    - defaults/linux-64::python-dateutil==2.9.0post0=py310h06a4308_2
    - defaults/linux-64::python-fastjsonschema==2.20.0=py310h06a4308_0
    - defaults/linux-64::python-json-logger==3.2.1=py310h06a4308_0
    - defaults/linux-64::python-xxhash==3.5.0=py310h5eee18b_0
    - defaults/linux-64::python==3.10.18=h1a3bd86_0
    - defaults/linux-64::pytorch==2.6.0=cpu_mkl_py310hfd6889d_106
    - defaults/linux-64::pytz==2025.2=py310h06a4308_0
    - defaults/linux-64::qtbase==6.7.3=hdaa5aa8_0
    - defaults/linux-64::qtconsole==5.6.1=py310h06a4308_1
    - defaults/linux-64::qtdeclarative==6.7.3=h6a678d5_0
    - defaults/linux-64::qtpy==2.4.1=py310h06a4308_0
    - defaults/linux-64::qtsvg==6.7.3=he621ea3_0
    - defaults/linux-64::qttools==6.7.3=h80c7b02_0
    - defaults/linux-64::qtwebchannel==6.7.3=h6a678d5_0
    - defaults/linux-64::qtwebsockets==6.7.3=h6a678d5_0
    - defaults/linux-64::readline==8.2=h5eee18b_0
    - defaults/linux-64::referencing==0.30.2=py310h06a4308_0
    - defaults/linux-64::regex==2025.9.1=py310hee96239_0
    - defaults/linux-64::rfc3339-validator==0.1.4=py310h06a4308_0
    - defaults/linux-64::rfc3986-validator==0.1.1=py310h06a4308_0
    - defaults/linux-64::rpds-py==0.22.3=py310h4aa5aa6_0
    - defaults/linux-64::s2n==1.5.14=hdbd6064_0
    - defaults/linux-64::safetensors==0.6.2=py310h498d7c9_0
    - defaults/linux-64::send2trash==1.8.2=py310h06a4308_1
    - defaults/linux-64::setuptools==72.1.0=py310h06a4308_0
    - defaults/linux-64::sip==6.10.0=py310h6a678d5_0
    - defaults/linux-64::six==1.17.0=py310h06a4308_0
    - defaults/linux-64::sleef==3.5.1=h5eee18b_2
    - defaults/linux-64::snappy==1.2.1=h6a678d5_0
    - defaults/linux-64::sniffio==1.3.0=py310h06a4308_0
    - defaults/linux-64::soupsieve==2.5=py310h06a4308_0
    - defaults/linux-64::sqlite==3.45.3=h5eee18b_0
    - defaults/linux-64::sympy==1.13.3=py310h06a4308_1
    - defaults/linux-64::tbb==2021.8.0=hdb19cb5_0
    - defaults/linux-64::terminado==0.17.1=py310h06a4308_0
    - defaults/linux-64::tinycss2==1.4.0=py310h06a4308_0
    - defaults/linux-64::tk==8.6.14=h993c535_1
    - defaults/linux-64::tokenizers==0.21.0=py310ha92566c_0
    - defaults/linux-64::tomli==2.0.1=py310h06a4308_0
    - defaults/linux-64::tornado==6.5.1=py310h5eee18b_0
    - defaults/linux-64::tqdm==4.67.1=py310h2f386ee_0
    - defaults/linux-64::transformers==4.51.3=py310h06a4308_0
    - defaults/linux-64::unicodedata2==15.1.0=py310h5eee18b_1
    - defaults/linux-64::utf8proc==2.6.1=h5eee18b_1
    - defaults/linux-64::uvloop==0.22.1=py310h939ff40_1
    - defaults/linux-64::webencodings==0.5.1=py310h06a4308_1
    - defaults/linux-64::websocket-client==1.8.0=py310h06a4308_0
    - defaults/linux-64::wheel==0.45.1=py310h06a4308_0
    - defaults/linux-64::widgetsnbextension==4.0.13=py310h06a4308_0
    - defaults/linux-64::xcb-util-cursor==0.1.5=h5eee18b_0
    - defaults/linux-64::xcb-util-image==0.4.0=h5eee18b_2
    - defaults/linux-64::xcb-util-renderutil==0.3.10=h5eee18b_0
    - defaults/linux-64::xcb-util==0.4.1=h5eee18b_2
    - defaults/linux-64::xkeyboard-config==2.44=h5eee18b_0
    - defaults/linux-64::xorg-libx11==1.8.12=h9b100fa_1
    - defaults/linux-64::xorg-libxau==1.0.12=h9b100fa_0
    - defaults/linux-64::xorg-libxdmcp==1.1.5=h9b100fa_0
    - defaults/linux-64::xorg-libxext==1.3.6=h9b100fa_0
    - defaults/linux-64::xorg-libxrender==0.9.12=h9b100fa_0
    - defaults/linux-64::xorg-xorgproto==2024.1=h5eee18b_1
    - defaults/linux-64::xxhash==0.8.0=h7f8727e_3
    - defaults/linux-64::xz==5.6.4=h5eee18b_1
    - defaults/linux-64::yarl==1.22.0=py310hee96239_0
    - defaults/linux-64::zeromq==4.3.5=h6a678d5_0
    - defaults/linux-64::zlib==1.2.13=h5eee18b_1
    - defaults/linux-64::zstd==1.5.6=hc292b87_0
    - defaults/noarch::argon2-cffi==21.3.0=pyhd3eb1b0_0
    - defaults/noarch::cycler==0.11.0=pyhd3eb1b0_0
    - defaults/noarch::defusedxml==0.7.1=pyhd3eb1b0_0
    - defaults/noarch::pandocfilters==1.5.0=pyhd3eb1b0_0
    - defaults/noarch::pip==25.1=pyhc872135_2
    - defaults/noarch::python-tzdata==2025.2=pyhd3eb1b0_0
    - defaults/noarch::tzdata==2025b=h04d1e81_0


The following NEW packages will be INSTALLED:

  _libgcc_mutex      pkgs/main/linux-64::_libgcc_mutex-0.1-main 
  _openmp_mutex      pkgs/main/linux-64::_openmp_mutex-5.1-1_gnu 
  absl-py            conda-forge/noarch::absl-py-2.3.1-pyhd8ed1ab_0 
  accelerate         conda-forge/noarch::accelerate-1.11.0-pyhcf101f3_0 
  aiodns             pkgs/main/linux-64::aiodns-3.5.0-py310h06a4308_1 
  aiohappyeyeballs   pkgs/main/linux-64::aiohappyeyeballs-2.6.1-py310h06a4308_0 
  aiohttp            pkgs/main/linux-64::aiohttp-3.13.2-py310hee96239_0 
  aiosignal          pkgs/main/linux-64::aiosignal-1.4.0-py310h06a4308_0 
  anyio              pkgs/main/linux-64::anyio-4.7.0-py310h06a4308_0 
  aom                pkgs/main/linux-64::aom-3.6.0-h6a678d5_0 
  argon2-cffi        pkgs/main/noarch::argon2-cffi-21.3.0-pyhd3eb1b0_0 
  argon2-cffi-bindi~ pkgs/main/linux-64::argon2-cffi-bindings-21.2.0-py310h5eee18b_1 
  arrow-cpp          pkgs/main/linux-64::arrow-cpp-19.0.0-h8011034_4 
  asttokens          conda-forge/noarch::asttokens-3.0.0-pyhd8ed1ab_1 
  async-lru          pkgs/main/linux-64::async-lru-2.0.4-py310h06a4308_0 
  async-timeout      pkgs/main/linux-64::async-timeout-5.0.1-py310h06a4308_0 
  attrs              pkgs/main/linux-64::attrs-24.3.0-py310h06a4308_0 
  aws-c-auth         pkgs/main/linux-64::aws-c-auth-0.9.0-h5eee18b_1 
  aws-c-cal          pkgs/main/linux-64::aws-c-cal-0.9.2-hdb10cc7_0 
  aws-c-common       pkgs/main/linux-64::aws-c-common-0.12.3-h5eee18b_0 
  aws-c-compression  pkgs/main/linux-64::aws-c-compression-0.3.1-h5eee18b_1 
  aws-c-event-stream pkgs/main/linux-64::aws-c-event-stream-0.5.5-h5eee18b_0 
  aws-c-http         pkgs/main/linux-64::aws-c-http-0.10.2-h5eee18b_0 
  aws-c-io           pkgs/main/linux-64::aws-c-io-0.20.1-hbcb7957_0 
  aws-c-mqtt         pkgs/main/linux-64::aws-c-mqtt-0.13.2-h5eee18b_0 
  aws-c-s3           pkgs/main/linux-64::aws-c-s3-0.8.3-hdb10cc7_0 
  aws-c-sdkutils     pkgs/main/linux-64::aws-c-sdkutils-0.2.4-h5eee18b_0 
  aws-checksums      pkgs/main/linux-64::aws-checksums-0.2.7-h5eee18b_0 
  aws-crt-cpp        pkgs/main/linux-64::aws-crt-cpp-0.32.10-h6a678d5_0 
  aws-sdk-cpp        pkgs/main/linux-64::aws-sdk-cpp-1.11.528-h9e09249_1 
  babel              pkgs/main/linux-64::babel-2.16.0-py310h06a4308_0 
  beautifulsoup4     pkgs/main/linux-64::beautifulsoup4-4.13.4-py310h06a4308_0 
  blas               pkgs/main/linux-64::blas-1.0-mkl 
  bleach             pkgs/main/linux-64::bleach-6.2.0-py310h06a4308_0 
  bottleneck         pkgs/main/linux-64::bottleneck-1.4.2-py310ha9d4c09_0 
  brotli-python      pkgs/main/linux-64::brotli-python-1.0.9-py310h6a678d5_9 
  bzip2              pkgs/main/linux-64::bzip2-1.0.8-h5eee18b_6 
  c-ares             pkgs/main/linux-64::c-ares-1.19.1-h5eee18b_0 
  ca-certificates    pkgs/main/linux-64::ca-certificates-2025.11.4-h06a4308_0 
  cairo              pkgs/main/linux-64::cairo-1.16.0-he5ede1b_6 
  certifi            pkgs/main/linux-64::certifi-2025.10.5-py310h06a4308_0 
  cffi               conda-forge/linux-64::cffi-1.17.1-py310h8deb56e_0 
  charset-normalizer conda-forge/noarch::charset-normalizer-3.4.2-pyhd8ed1ab_0 
  comm               conda-forge/noarch::comm-0.2.2-pyhd8ed1ab_1 
  contourpy          pkgs/main/linux-64::contourpy-1.3.1-py310hdb19cb5_0 
  cycler             pkgs/main/noarch::cycler-0.11.0-pyhd3eb1b0_0 
  cyrus-sasl         pkgs/main/linux-64::cyrus-sasl-2.1.28-h52b45da_1 
  datasets           pkgs/main/linux-64::datasets-3.3.2-py310h06a4308_0 
  dav1d              pkgs/main/linux-64::dav1d-1.2.1-h5eee18b_0 
  debugpy            conda-forge/linux-64::debugpy-1.8.15-py310h25320af_0 
  decorator          conda-forge/noarch::decorator-5.2.1-pyhd8ed1ab_0 
  defusedxml         pkgs/main/noarch::defusedxml-0.7.1-pyhd3eb1b0_0 
  dill               pkgs/main/linux-64::dill-0.3.8-py310h06a4308_0 
  exceptiongroup     conda-forge/noarch::exceptiongroup-1.3.0-pyhd8ed1ab_0 
  executing          conda-forge/noarch::executing-2.2.0-pyhd8ed1ab_0 
  expat              pkgs/main/linux-64::expat-2.7.1-h6a678d5_0 
  filelock           pkgs/main/linux-64::filelock-3.20.0-py310h06a4308_0 
  fontconfig         pkgs/main/linux-64::fontconfig-2.14.1-h55d465d_3 
  fonttools          pkgs/main/linux-64::fonttools-4.55.3-py310h5eee18b_0 
  freetype           pkgs/main/linux-64::freetype-2.13.3-h4a9f257_0 
  fribidi            pkgs/main/linux-64::fribidi-1.0.10-h7b6447c_0 
  frozenlist         pkgs/main/linux-64::frozenlist-1.8.0-py310hbdd6827_0 
  fsspec             pkgs/main/linux-64::fsspec-2024.12.0-py310h06a4308_0 
  gflags             pkgs/main/linux-64::gflags-2.2.2-h6a678d5_1 
  glog               pkgs/main/linux-64::glog-0.5.0-h6a678d5_1 
  gmp                pkgs/main/linux-64::gmp-6.3.0-h6a678d5_0 
  gmpy2              pkgs/main/linux-64::gmpy2-2.2.1-py310h5eee18b_0 
  graphite2          pkgs/main/linux-64::graphite2-1.3.14-h295c915_1 
  grpcio             pkgs/main/linux-64::grpcio-1.71.0-py310h6a678d5_0 
  h11                pkgs/main/linux-64::h11-0.16.0-py310h06a4308_0 
  h2                 conda-forge/noarch::h2-4.2.0-pyhd8ed1ab_0 
  harfbuzz           pkgs/main/linux-64::harfbuzz-10.2.0-hdfddeaa_1 
  hf-xet             pkgs/main/linux-64::hf-xet-1.1.8-py310h84c0859_0 
  hpack              conda-forge/noarch::hpack-4.1.0-pyhd8ed1ab_0 
  httpcore           pkgs/main/linux-64::httpcore-1.0.9-py310h06a4308_0 
  httpx              pkgs/main/linux-64::httpx-0.28.1-py310h06a4308_0 
  huggingface_hub    pkgs/main/linux-64::huggingface_hub-0.34.4-py310h06a4308_0 
  hyperframe         conda-forge/noarch::hyperframe-6.1.0-pyhd8ed1ab_0 
  icu                pkgs/main/linux-64::icu-73.1-h6a678d5_0 
  idna               conda-forge/noarch::idna-3.10-pyhd8ed1ab_1 
  importlib-metadata conda-forge/noarch::importlib-metadata-8.7.0-pyhe01879c_1 
  intel-openmp       pkgs/main/linux-64::intel-openmp-2023.1.0-hdb19cb5_46306 
  ipykernel          conda-forge/noarch::ipykernel-6.29.5-pyh3099207_0 
  ipython            conda-forge/noarch::ipython-8.37.0-pyh8f84b5b_0 
  ipywidgets         pkgs/main/linux-64::ipywidgets-8.1.5-py310h06a4308_0 
  jedi               conda-forge/noarch::jedi-0.19.2-pyhd8ed1ab_1 
  jinja2             conda-forge/noarch::jinja2-3.1.6-pyhd8ed1ab_0 
  jpeg               pkgs/main/linux-64::jpeg-9e-h5eee18b_3 
  json5              pkgs/main/linux-64::json5-0.9.25-py310h06a4308_0 
  jsonschema         pkgs/main/linux-64::jsonschema-4.23.0-py310h06a4308_0 
  jsonschema-specif~ pkgs/main/linux-64::jsonschema-specifications-2023.7.1-py310h06a4308_0 
  jupyter            pkgs/main/linux-64::jupyter-1.1.1-py310h06a4308_0 
  jupyter-lsp        pkgs/main/linux-64::jupyter-lsp-2.2.5-py310h06a4308_0 
  jupyter_client     conda-forge/noarch::jupyter_client-8.6.3-pyhd8ed1ab_1 
  jupyter_console    pkgs/main/linux-64::jupyter_console-6.6.3-py310h06a4308_0 
  jupyter_core       conda-forge/noarch::jupyter_core-5.8.1-pyh31011fe_0 
  jupyter_events     pkgs/main/linux-64::jupyter_events-0.12.0-py310h06a4308_0 
  jupyter_server     pkgs/main/linux-64::jupyter_server-2.16.0-py310h06a4308_0 
  jupyter_server_te~ pkgs/main/linux-64::jupyter_server_terminals-0.5.3-py310h06a4308_0 
  jupyterlab         pkgs/main/linux-64::jupyterlab-4.4.4-py310h06a4308_0 
  jupyterlab_pygmen~ pkgs/main/linux-64::jupyterlab_pygments-0.3.0-py310h06a4308_0 
  jupyterlab_server  pkgs/main/linux-64::jupyterlab_server-2.27.3-py310h06a4308_0 
  jupyterlab_widgets pkgs/main/linux-64::jupyterlab_widgets-3.0.15-py310h06a4308_0 
  kiwisolver         pkgs/main/linux-64::kiwisolver-1.4.8-py310h6a678d5_0 
  krb5               pkgs/main/linux-64::krb5-1.20.1-h143b758_1 
  lcms2              pkgs/main/linux-64::lcms2-2.16-h92b89f2_1 
  ld_impl_linux-64   pkgs/main/linux-64::ld_impl_linux-64-2.40-h12ee557_0 
  lerc               pkgs/main/linux-64::lerc-4.0.0-h6a678d5_0 
  libabseil          pkgs/main/linux-64::libabseil-20250127.0-cxx17_h6a678d5_0 
  libavif            pkgs/main/linux-64::libavif-1.1.1-h5eee18b_0 
  libbrotlicommon    pkgs/main/linux-64::libbrotlicommon-1.0.9-h5eee18b_9 
  libbrotlidec       pkgs/main/linux-64::libbrotlidec-1.0.9-h5eee18b_9 
  libbrotlienc       pkgs/main/linux-64::libbrotlienc-1.0.9-h5eee18b_9 
  libcups            pkgs/main/linux-64::libcups-2.4.2-h2d74bed_1 
  libcurl            pkgs/main/linux-64::libcurl-8.12.1-hc9e6f67_0 
  libdeflate         pkgs/main/linux-64::libdeflate-1.22-h5eee18b_0 
  libedit            pkgs/main/linux-64::libedit-3.1.20230828-h5eee18b_0 
  libev              pkgs/main/linux-64::libev-4.33-h7f8727e_1 
  libevent           pkgs/main/linux-64::libevent-2.1.12-hdbd6064_1 
  libffi             pkgs/main/linux-64::libffi-3.4.4-h6a678d5_1 
  libgcc             conda-forge/linux-64::libgcc-15.1.0-h767d61c_3 
  libgcc-ng          conda-forge/linux-64::libgcc-ng-15.1.0-h69a702a_3 
  libglib            pkgs/main/linux-64::libglib-2.84.2-h37c7471_0 
  libgomp            conda-forge/linux-64::libgomp-15.1.0-h767d61c_3 
  libgrpc            pkgs/main/linux-64::libgrpc-1.71.0-h2d74bed_0 
  libiconv           pkgs/main/linux-64::libiconv-1.16-h5eee18b_3 
  libnghttp2         pkgs/main/linux-64::libnghttp2-1.57.0-h2d74bed_0 
  libpng             pkgs/main/linux-64::libpng-1.6.39-h5eee18b_0 
  libpq              pkgs/main/linux-64::libpq-17.4-hdbd6064_0 
  libprotobuf        pkgs/main/linux-64::libprotobuf-5.29.3-h3cdef7c_1 
  libre2-11          conda-forge/linux-64::libre2-11-2024.07.02-hba17884_3 
  libsodium          conda-forge/linux-64::libsodium-1.0.18-h36c2ea0_1 
  libssh2            pkgs/main/linux-64::libssh2-1.11.1-h251f7ec_0 
  libstdcxx          conda-forge/linux-64::libstdcxx-15.1.0-h8f9b012_3 
  libstdcxx-ng       pkgs/main/linux-64::libstdcxx-ng-11.2.0-h1234567_1 
  libthrift          pkgs/main/linux-64::libthrift-0.15.0-hd8eb582_4 
  libtiff            pkgs/main/linux-64::libtiff-4.7.0-hde9077f_0 
  libtorch           pkgs/main/linux-64::libtorch-2.6.0-cpu_mkl_h881e62d_106 
  libuuid            pkgs/main/linux-64::libuuid-1.41.5-h5eee18b_0 
  libuv              pkgs/main/linux-64::libuv-1.48.0-h5eee18b_0 
  libwebp-base       pkgs/main/linux-64::libwebp-base-1.3.2-h5eee18b_1 
  libxcb             pkgs/main/linux-64::libxcb-1.17.0-h9b100fa_0 
  libxkbcommon       pkgs/main/linux-64::libxkbcommon-1.9.1-h69220b7_0 
  libxml2            pkgs/main/linux-64::libxml2-2.13.8-hfdd30dd_0 
  lmdb               pkgs/main/linux-64::lmdb-0.9.31-hb25bd0a_0 
  lz4-c              pkgs/main/linux-64::lz4-c-1.9.4-h6a678d5_1 
  markdown           conda-forge/noarch::markdown-3.10-pyhd8ed1ab_0 
  markupsafe         conda-forge/linux-64::markupsafe-3.0.2-py310h89163eb_1 
  matplotlib         pkgs/main/linux-64::matplotlib-3.10.0-py310h06a4308_0 
  matplotlib-base    pkgs/main/linux-64::matplotlib-base-3.10.0-py310hbfdbfaf_0 
  matplotlib-inline  conda-forge/noarch::matplotlib-inline-0.1.7-pyhd8ed1ab_1 
  mistune            pkgs/main/linux-64::mistune-3.1.2-py310h06a4308_0 
  mkl                pkgs/main/linux-64::mkl-2023.1.0-h213fc3f_46344 
  mkl-service        pkgs/main/linux-64::mkl-service-2.4.0-py310h5eee18b_2 
  mkl_fft            pkgs/main/linux-64::mkl_fft-1.3.11-py310h5eee18b_0 
  mkl_random         pkgs/main/linux-64::mkl_random-1.2.8-py310h1128e8f_0 
  mpc                pkgs/main/linux-64::mpc-1.3.1-h5eee18b_0 
  mpfr               pkgs/main/linux-64::mpfr-4.2.1-h5eee18b_0 
  mpmath             pkgs/main/linux-64::mpmath-1.3.0-py310h06a4308_0 
  multidict          pkgs/main/linux-64::multidict-6.7.0-py310hee96239_0 
  multiprocess       pkgs/main/linux-64::multiprocess-0.70.15-py310h06a4308_0 
  mysql              pkgs/main/linux-64::mysql-8.4.0-h721767e_2 
  nbclient           pkgs/main/linux-64::nbclient-0.10.2-py310h06a4308_0 
  nbconvert          pkgs/main/linux-64::nbconvert-7.16.6-py310h06a4308_0 
  nbconvert-core     pkgs/main/linux-64::nbconvert-core-7.16.6-py310h06a4308_0 
  nbconvert-pandoc   pkgs/main/linux-64::nbconvert-pandoc-7.16.6-py310h06a4308_0 
  nbformat           pkgs/main/linux-64::nbformat-5.10.4-py310h06a4308_0 
  ncurses            pkgs/main/linux-64::ncurses-6.4-h6a678d5_0 
  nest-asyncio       conda-forge/noarch::nest-asyncio-1.6.0-pyhd8ed1ab_1 
  networkx           pkgs/main/linux-64::networkx-3.4.2-py310h06a4308_0 
  notebook           pkgs/main/linux-64::notebook-7.4.4-py310h06a4308_0 
  notebook-shim      pkgs/main/linux-64::notebook-shim-0.2.4-py310h06a4308_0 
  numexpr            pkgs/main/linux-64::numexpr-2.11.0-py310hf4471f9_0 
  numpy              pkgs/main/linux-64::numpy-2.2.5-py310h2470af2_0 
  numpy-base         pkgs/main/linux-64::numpy-base-2.2.5-py310h06ae042_0 
  openjpeg           pkgs/main/linux-64::openjpeg-2.5.2-h0d4d230_1 
  openldap           pkgs/main/linux-64::openldap-2.6.4-h42fbc30_0 
  openssl            conda-forge/linux-64::openssl-3.5.4-h26f9b46_0 
  opentelemetry-api  pkgs/main/linux-64::opentelemetry-api-1.37.0-py310h06a4308_0 
  orc                pkgs/main/linux-64::orc-2.1.1-hd396ef6_0 
  overrides          pkgs/main/linux-64::overrides-7.4.0-py310h06a4308_0 
  packaging          pkgs/main/linux-64::packaging-24.2-py310h06a4308_0 
  pandas             pkgs/main/linux-64::pandas-2.2.3-py310h6a678d5_0 
  pandoc             pkgs/main/linux-64::pandoc-2.12-h06a4308_3 
  pandocfilters      pkgs/main/noarch::pandocfilters-1.5.0-pyhd3eb1b0_0 
  parso              conda-forge/noarch::parso-0.8.4-pyhd8ed1ab_1 
  pcre2              pkgs/main/linux-64::pcre2-10.42-hebb0a14_1 
  peft               conda-forge/noarch::peft-0.17.1-pyhcf101f3_0 
  pexpect            conda-forge/noarch::pexpect-4.9.0-pyhd8ed1ab_1 
  pickleshare        conda-forge/noarch::pickleshare-0.7.5-pyhd8ed1ab_1004 
  pillow             pkgs/main/linux-64::pillow-11.3.0-py310hb1c3d2d_0 
  pip                pkgs/main/noarch::pip-25.1-pyhc872135_2 
  pixman             pkgs/main/linux-64::pixman-0.40.0-h7f8727e_1 
  platformdirs       conda-forge/noarch::platformdirs-4.3.8-pyhe01879c_0 
  prometheus_client  pkgs/main/linux-64::prometheus_client-0.21.1-py310h06a4308_0 
  prompt-toolkit     conda-forge/noarch::prompt-toolkit-3.0.51-pyha770c72_0 
  prompt_toolkit     conda-forge/noarch::prompt_toolkit-3.0.51-hd8ed1ab_0 
  propcache          pkgs/main/linux-64::propcache-0.3.1-py310h5eee18b_0 
  protobuf           pkgs/main/linux-64::protobuf-5.29.3-py310he621ea3_0 
  psutil             conda-forge/linux-64::psutil-7.0.0-py310ha75aee5_0 
  pthread-stubs      pkgs/main/linux-64::pthread-stubs-0.3-h0ce48e5_1 
  ptyprocess         conda-forge/noarch::ptyprocess-0.7.0-pyhd8ed1ab_1 
  pure_eval          conda-forge/noarch::pure_eval-0.2.3-pyhd8ed1ab_1 
  pyarrow            pkgs/main/linux-64::pyarrow-19.0.0-py310h7934f7d_2 
  pycares            conda-forge/linux-64::pycares-4.11.0-py310h7c4b9e2_1 
  pycparser          conda-forge/noarch::pycparser-2.22-pyh29332c3_1 
  pygments           conda-forge/noarch::pygments-2.19.2-pyhd8ed1ab_0 
  pyparsing          pkgs/main/linux-64::pyparsing-3.2.0-py310h06a4308_0 
  pyqt               pkgs/main/linux-64::pyqt-6.7.1-py310h6a678d5_1 
  pyqt6-sip          pkgs/main/linux-64::pyqt6-sip-13.9.1-py310h5eee18b_1 
  pysocks            conda-forge/noarch::pysocks-1.7.1-pyha55dd90_7 
  python             pkgs/main/linux-64::python-3.10.18-h1a3bd86_0 
  python-dateutil    pkgs/main/linux-64::python-dateutil-2.9.0post0-py310h06a4308_2 
  python-fastjsonsc~ pkgs/main/linux-64::python-fastjsonschema-2.20.0-py310h06a4308_0 
  python-json-logger pkgs/main/linux-64::python-json-logger-3.2.1-py310h06a4308_0 
  python-tzdata      pkgs/main/noarch::python-tzdata-2025.2-pyhd3eb1b0_0 
  python-xxhash      pkgs/main/linux-64::python-xxhash-3.5.0-py310h5eee18b_0 
  python_abi         conda-forge/linux-64::python_abi-3.10-2_cp310 
  pytorch            pkgs/main/linux-64::pytorch-2.6.0-cpu_mkl_py310hfd6889d_106 
  pytz               pkgs/main/linux-64::pytz-2025.2-py310h06a4308_0 
  pyyaml             conda-forge/linux-64::pyyaml-6.0.2-py310h89163eb_2 
  pyzmq              conda-forge/linux-64::pyzmq-26.2.0-py310h71f11fc_1 
  qtbase             pkgs/main/linux-64::qtbase-6.7.3-hdaa5aa8_0 
  qtconsole          pkgs/main/linux-64::qtconsole-5.6.1-py310h06a4308_1 
  qtdeclarative      pkgs/main/linux-64::qtdeclarative-6.7.3-h6a678d5_0 
  qtpy               pkgs/main/linux-64::qtpy-2.4.1-py310h06a4308_0 
  qtsvg              pkgs/main/linux-64::qtsvg-6.7.3-he621ea3_0 
  qttools            pkgs/main/linux-64::qttools-6.7.3-h80c7b02_0 
  qtwebchannel       pkgs/main/linux-64::qtwebchannel-6.7.3-h6a678d5_0 
  qtwebsockets       pkgs/main/linux-64::qtwebsockets-6.7.3-h6a678d5_0 
  re2                conda-forge/linux-64::re2-2024.07.02-h9925aae_3 
  readline           pkgs/main/linux-64::readline-8.2-h5eee18b_0 
  referencing        pkgs/main/linux-64::referencing-0.30.2-py310h06a4308_0 
  regex              pkgs/main/linux-64::regex-2025.9.1-py310hee96239_0 
  requests           conda-forge/noarch::requests-2.32.4-pyhd8ed1ab_0 
  rfc3339-validator  pkgs/main/linux-64::rfc3339-validator-0.1.4-py310h06a4308_0 
  rfc3986-validator  pkgs/main/linux-64::rfc3986-validator-0.1.1-py310h06a4308_0 
  rpds-py            pkgs/main/linux-64::rpds-py-0.22.3-py310h4aa5aa6_0 
  s2n                pkgs/main/linux-64::s2n-1.5.14-hdbd6064_0 
  safetensors        pkgs/main/linux-64::safetensors-0.6.2-py310h498d7c9_0 
  send2trash         pkgs/main/linux-64::send2trash-1.8.2-py310h06a4308_1 
  setuptools         pkgs/main/linux-64::setuptools-72.1.0-py310h06a4308_0 
  sip                pkgs/main/linux-64::sip-6.10.0-py310h6a678d5_0 
  six                pkgs/main/linux-64::six-1.17.0-py310h06a4308_0 
  sleef              pkgs/main/linux-64::sleef-3.5.1-h5eee18b_2 
  snappy             pkgs/main/linux-64::snappy-1.2.1-h6a678d5_0 
  sniffio            pkgs/main/linux-64::sniffio-1.3.0-py310h06a4308_0 
  soupsieve          pkgs/main/linux-64::soupsieve-2.5-py310h06a4308_0 
  sqlite             pkgs/main/linux-64::sqlite-3.45.3-h5eee18b_0 
  stack_data         conda-forge/noarch::stack_data-0.6.3-pyhd8ed1ab_1 
  sympy              pkgs/main/linux-64::sympy-1.13.3-py310h06a4308_1 
  tbb                pkgs/main/linux-64::tbb-2021.8.0-hdb19cb5_0 
  tensorboard        conda-forge/noarch::tensorboard-2.20.0-pyhe01879c_0 
  tensorboard-data-~ conda-forge/linux-64::tensorboard-data-server-0.7.0-py310hed992bd_3 
  terminado          pkgs/main/linux-64::terminado-0.17.1-py310h06a4308_0 
  tinycss2           pkgs/main/linux-64::tinycss2-1.4.0-py310h06a4308_0 
  tk                 pkgs/main/linux-64::tk-8.6.14-h993c535_1 
  tokenizers         pkgs/main/linux-64::tokenizers-0.21.0-py310ha92566c_0 
  tomli              pkgs/main/linux-64::tomli-2.0.1-py310h06a4308_0 
  tornado            pkgs/main/linux-64::tornado-6.5.1-py310h5eee18b_0 
  tqdm               pkgs/main/linux-64::tqdm-4.67.1-py310h2f386ee_0 
  traitlets          conda-forge/noarch::traitlets-5.14.3-pyhd8ed1ab_1 
  transformers       pkgs/main/linux-64::transformers-4.51.3-py310h06a4308_0 
  typing-extensions  conda-forge/noarch::typing-extensions-4.14.1-h4440ef1_0 
  typing_extensions  conda-forge/noarch::typing_extensions-4.14.1-pyhe01879c_0 
  tzdata             pkgs/main/noarch::tzdata-2025b-h04d1e81_0 
  unicodedata2       pkgs/main/linux-64::unicodedata2-15.1.0-py310h5eee18b_1 
  urllib3            conda-forge/noarch::urllib3-2.5.0-pyhd8ed1ab_0 
  utf8proc           pkgs/main/linux-64::utf8proc-2.6.1-h5eee18b_1 
  uvloop             pkgs/main/linux-64::uvloop-0.22.1-py310h939ff40_1 
  wcwidth            conda-forge/noarch::wcwidth-0.2.13-pyhd8ed1ab_1 
  webencodings       pkgs/main/linux-64::webencodings-0.5.1-py310h06a4308_1 
  websocket-client   pkgs/main/linux-64::websocket-client-1.8.0-py310h06a4308_0 
  werkzeug           conda-forge/noarch::werkzeug-3.1.3-pyhd8ed1ab_1 
  wheel              pkgs/main/linux-64::wheel-0.45.1-py310h06a4308_0 
  widgetsnbextension pkgs/main/linux-64::widgetsnbextension-4.0.13-py310h06a4308_0 
  xcb-util           pkgs/main/linux-64::xcb-util-0.4.1-h5eee18b_2 
  xcb-util-cursor    pkgs/main/linux-64::xcb-util-cursor-0.1.5-h5eee18b_0 
  xcb-util-image     pkgs/main/linux-64::xcb-util-image-0.4.0-h5eee18b_2 
  xcb-util-renderut~ pkgs/main/linux-64::xcb-util-renderutil-0.3.10-h5eee18b_0 
  xkeyboard-config   pkgs/main/linux-64::xkeyboard-config-2.44-h5eee18b_0 
  xorg-libx11        pkgs/main/linux-64::xorg-libx11-1.8.12-h9b100fa_1 
  xorg-libxau        pkgs/main/linux-64::xorg-libxau-1.0.12-h9b100fa_0 
  xorg-libxdmcp      pkgs/main/linux-64::xorg-libxdmcp-1.1.5-h9b100fa_0 
  xorg-libxext       pkgs/main/linux-64::xorg-libxext-1.3.6-h9b100fa_0 
  xorg-libxrender    pkgs/main/linux-64::xorg-libxrender-0.9.12-h9b100fa_0 
  xorg-xorgproto     pkgs/main/linux-64::xorg-xorgproto-2024.1-h5eee18b_1 
  xxhash             pkgs/main/linux-64::xxhash-0.8.0-h7f8727e_3 
  xz                 pkgs/main/linux-64::xz-5.6.4-h5eee18b_1 
  yaml               conda-forge/linux-64::yaml-0.2.5-h7f98852_2 
  yarl               pkgs/main/linux-64::yarl-1.22.0-py310hee96239_0 
  zeromq             pkgs/main/linux-64::zeromq-4.3.5-h6a678d5_0 
  zipp               conda-forge/noarch::zipp-3.23.0-pyhd8ed1ab_0 
  zlib               pkgs/main/linux-64::zlib-1.2.13-h5eee18b_1 
  zstandard          conda-forge/linux-64::zstandard-0.23.0-py310ha75aee5_2 
  zstd               pkgs/main/linux-64::zstd-1.5.6-hc292b87_0 



Downloading and Extracting Packages: ...working... done
Preparing transaction: ...working... done
Verifying transaction: ...working... done
Executing transaction: ...working... done
#
# To activate this environment, use
#
#     $ conda activate mi_torch_cu118
#
# To deactivate an active environment, use
#
#     $ conda deactivate

[clone] exit=0
=== active env: mi_torch_cu118 | python: /share/home/yuan/.conda/envs/mi_torch_cu118/bin/python ===
=== torch BEFORE cu118 install ===
2.6.0 None
=== pip install cu118 torch torchvision torchaudio ===
Looking in indexes: https://download.pytorch.org/whl/cu118
Requirement already satisfied: torch in /share/home/yuan/.conda/envs/mi_torch_cu118/lib/python3.10/site-packages (2.6.0)
Requirement already satisfied: torchvision in /share/home/yuan/.conda/envs/mi_torch_cu118/lib/python3.10/site-packages (0.22.1+cu128)
Requirement already satisfied: torchaudio in /share/home/yuan/.conda/envs/mi_torch_cu118/lib/python3.10/site-packages (2.7.1+cu128)
Requirement already satisfied: filelock in /share/home/yuan/.conda/envs/mi_torch_cu118/lib/python3.10/site-packages (from torch) (3.20.0)
Requirement already satisfied: typing-extensions>=4.10.0 in /share/home/yuan/.conda/envs/mi_torch_cu118/lib/python3.10/site-packages (from torch) (4.14.1)
Requirement already satisfied: sympy>=1.13.3 in /share/home/yuan/.conda/envs/mi_torch_cu118/lib/python3.10/site-packages (from torch) (1.13.3)
Requirement already satisfied: networkx in /share/home/yuan/.conda/envs/mi_torch_cu118/lib/python3.10/site-packages (from torch) (3.3)
Requirement already satisfied: jinja2 in /share/home/yuan/.conda/envs/mi_torch_cu118/lib/python3.10/site-packages (from torch) (3.1.4)
Requirement already satisfied: fsspec in /share/home/yuan/.conda/envs/mi_torch_cu118/lib/python3.10/site-packages (from torch) (2024.12.0)
Requirement already satisfied: numpy in /share/home/yuan/.conda/envs/mi_torch_cu118/lib/python3.10/site-packages (from torchvision) (2.2.5)
Collecting torch
  Using cached https://download-r2.pytorch.org/whl/cu118/torch-2.7.1%2Bcu118-cp310-cp310-manylinux_2_28_x86_64.whl.metadata (28 kB)
Requirement already satisfied: pillow!=8.3.*,>=5.3.0 in /share/home/yuan/.conda/envs/mi_torch_cu118/lib/python3.10/site-packages (from torchvision) (11.0.0)
Requirement already satisfied: nvidia-cuda-nvrtc-cu11==11.8.89 in /share/home/yuan/.conda/envs/mi_torch_cu118/lib/python3.10/site-packages (from torch) (11.8.89)
Requirement already satisfied: nvidia-cuda-runtime-cu11==11.8.89 in /share/home/yuan/.conda/envs/mi_torch_cu118/lib/python3.10/site-packages (from torch) (11.8.89)
Requirement already satisfied: nvidia-cuda-cupti-cu11==11.8.87 in /share/home/yuan/.conda/envs/mi_torch_cu118/lib/python3.10/site-packages (from torch) (11.8.87)
Requirement already satisfied: nvidia-cudnn-cu11==9.1.0.70 in /share/home/yuan/.conda/envs/mi_torch_cu118/lib/python3.10/site-packages (from torch) (9.1.0.70)
Requirement already satisfied: nvidia-cublas-cu11==11.11.3.6 in /share/home/yuan/.conda/envs/mi_torch_cu118/lib/python3.10/site-packages (from torch) (11.11.3.6)
Requirement already satisfied: nvidia-cufft-cu11==10.9.0.58 in /share/home/yuan/.conda/envs/mi_torch_cu118/lib/python3.10/site-packages (from torch) (10.9.0.58)
Requirement already satisfied: nvidia-curand-cu11==10.3.0.86 in /share/home/yuan/.conda/envs/mi_torch_cu118/lib/python3.10/site-packages (from torch) (10.3.0.86)
Requirement already satisfied: nvidia-cusolver-cu11==11.4.1.48 in /share/home/yuan/.conda/envs/mi_torch_cu118/lib/python3.10/site-packages (from torch) (11.4.1.48)
Requirement already satisfied: nvidia-cusparse-cu11==11.7.5.86 in /share/home/yuan/.conda/envs/mi_torch_cu118/lib/python3.10/site-packages (from torch) (11.7.5.86)
Requirement already satisfied: nvidia-nccl-cu11==2.21.5 in /share/home/yuan/.conda/envs/mi_torch_cu118/lib/python3.10/site-packages (from torch) (2.21.5)
Requirement already satisfied: nvidia-nvtx-cu11==11.8.86 in /share/home/yuan/.conda/envs/mi_torch_cu118/lib/python3.10/site-packages (from torch) (11.8.86)
Requirement already satisfied: triton==3.3.1 in /share/home/yuan/.conda/envs/mi_torch_cu118/lib/python3.10/site-packages (from torch) (3.3.1)
Requirement already satisfied: setuptools>=40.8.0 in /share/home/yuan/.conda/envs/mi_torch_cu118/lib/python3.10/site-packages (from triton==3.3.1->torch) (72.1.0)
Requirement already satisfied: mpmath<1.4,>=1.1.0 in /share/home/yuan/.conda/envs/mi_torch_cu118/lib/python3.10/site-packages (from sympy>=1.13.3->torch) (1.3.0)
Requirement already satisfied: MarkupSafe>=2.0 in /share/home/yuan/.conda/envs/mi_torch_cu118/lib/python3.10/site-packages (from jinja2->torch) (2.1.5)
Using cached https://download-r2.pytorch.org/whl/cu118/torch-2.7.1%2Bcu118-cp310-cp310-manylinux_2_28_x86_64.whl (905.3 MB)
Installing collected packages: torch
  Attempting uninstall: torch
    Found existing installation: torch 2.6.0
    Uninstalling torch-2.6.0:
      Successfully uninstalled torch-2.6.0
  Rolling back uninstall of torch
  Moving to /share/home/yuan/.conda/envs/mi_torch_cu118/bin/torchfrtrace
   from /tmp/pip-uninstall-dt04sneo/torchfrtrace
  Moving to /share/home/yuan/.conda/envs/mi_torch_cu118/bin/torchrun
   from /tmp/pip-uninstall-dt04sneo/torchrun
  Moving to /share/home/yuan/.conda/envs/mi_torch_cu118/include/ATen/
   from /share/home/yuan/.conda/envs/mi_torch_cu118/include/~Ten
  Moving to /share/home/yuan/.conda/envs/mi_torch_cu118/include/c10/core/
   from /share/home/yuan/.conda/envs/mi_torch_cu118/include/c10/~ore
  Moving to /share/home/yuan/.conda/envs/mi_torch_cu118/include/c10/cuda/
   from /share/home/yuan/.conda/envs/mi_torch_cu118/include/c10/~uda
  Moving to /share/home/yuan/.conda/envs/mi_torch_cu118/include/c10/macros/
   from /share/home/yuan/.conda/envs/mi_torch_cu118/include/c10/~acros
  Moving to /share/home/yuan/.conda/envs/mi_torch_cu118/include/c10/util/
   from /share/home/yuan/.conda/envs/mi_torch_cu118/include/c10/~til
  Moving to /share/home/yuan/.conda/envs/mi_torch_cu118/include/c10/xpu/
   from /share/home/yuan/.conda/envs/mi_torch_cu118/include/c10/~pu
  Moving to /share/home/yuan/.conda/envs/mi_torch_cu118/include/caffe2/serialize/
   from /share/home/yuan/.conda/envs/mi_torch_cu118/include/caffe2/~erialize
  Moving to /share/home/yuan/.conda/envs/mi_torch_cu118/include/tensorpipe/
   from /share/home/yuan/.conda/envs/mi_torch_cu118/include/~ensorpipe
  Moving to /share/home/yuan/.conda/envs/mi_torch_cu118/include/torch/
   from /share/home/yuan/.conda/envs/mi_torch_cu118/include/~orch
  Moving to /share/home/yuan/.conda/envs/mi_torch_cu118/lib/python3.10/site-packages/functorch/_C.cpython-310-x86_64-linux-gnu.so
   from /tmp/pip-uninstall-8jn7i_yu/_C.cpython-310-x86_64-linux-gnu.so
  Moving to /share/home/yuan/.conda/envs/mi_torch_cu118/lib/python3.10/site-packages/functorch/__init__.py
   from /tmp/pip-uninstall-8jn7i_yu/__init__.py
  Moving to /share/home/yuan/.conda/envs/mi_torch_cu118/lib/python3.10/site-packages/functorch/__pycache__/__init__.cpython-310.pyc
   from /tmp/pip-uninstall-8jn7i_yu/__pycache__/__init__.cpython-310.pyc
  Moving to /share/home/yuan/.conda/envs/mi_torch_cu118/lib/python3.10/site-packages/functorch/_src/__init__.py
   from /tmp/pip-uninstall-8jn7i_yu/_src/__init__.py
  Moving to /share/home/yuan/.conda/envs/mi_torch_cu118/lib/python3.10/site-packages/functorch/_src/__pycache__/__init__.cpython-310.pyc
   from /tmp/pip-uninstall-8jn7i_yu/_src/__pycache__/__init__.cpython-310.pyc
  Moving to /share/home/yuan/.conda/envs/mi_torch_cu118/lib/python3.10/site-packages/functorch/_src/aot_autograd/__init__.py
   from /tmp/pip-uninstall-8jn7i_yu/_src/aot_autograd/__init__.py
  Moving to /share/home/yuan/.conda/envs/mi_torch_cu118/lib/python3.10/site-packages/functorch/_src/aot_autograd/__pycache__/__init__.cpython-310.pyc
   from /tmp/pip-uninstall-8jn7i_yu/_src/aot_autograd/__pycache__/__init__.cpython-310.pyc
  Moving to /share/home/yuan/.conda/envs/mi_torch_cu118/lib/python3.10/site-packages/functorch/_src/eager_transforms/__init__.py
   from /tmp/pip-uninstall-8jn7i_yu/_src/eager_transforms/__init__.py
  Moving to /share/home/yuan/.conda/envs/mi_torch_cu118/lib/python3.10/site-packages/functorch/_src/eager_transforms/__pycache__/__init__.cpython-310.pyc
   from /tmp/pip-uninstall-8jn7i_yu/_src/eager_transforms/__pycache__/__init__.cpython-310.pyc
  Moving to /share/home/yuan/.conda/envs/mi_torch_cu118/lib/python3.10/site-packages/functorch/_src/make_functional/__init__.py
   from /tmp/pip-uninstall-8jn7i_yu/_src/make_functional/__init__.py
  Moving to /share/home/yuan/.conda/envs/mi_torch_cu118/lib/python3.10/site-packages/functorch/_src/make_functional/__pycache__/__init__.cpython-310.pyc
   from /tmp/pip-uninstall-8jn7i_yu/_src/make_functional/__pycache__/__init__.cpython-310.pyc
  Moving to /share/home/yuan/.conda/envs/mi_torch_cu118/lib/python3.10/site-packages/functorch/_src/vmap/__init__.py
   from /tmp/pip-uninstall-8jn7i_yu/_src/vmap/__init__.py
  Moving to /share/home/yuan/.conda/envs/mi_torch_cu118/lib/python3.10/site-packages/functorch/_src/vmap/__pycache__/__init__.cpython-310.pyc
   from /tmp/pip-uninstall-8jn7i_yu/_src/vmap/__pycache__/__init__.cpython-310.pyc
  Moving to /share/home/yuan/.conda/envs/mi_torch_cu118/lib/python3.10/site-packages/functorch/compile/__init__.py
   from /tmp/pip-uninstall-8jn7i_yu/compile/__init__.py
  Moving to /share/home/yuan/.conda/envs/mi_torch_cu118/lib/python3.10/site-packages/functorch/compile/__pycache__/__init__.cpython-310.pyc
   from /tmp/pip-uninstall-8jn7i_yu/compile/__pycache__/__init__.cpython-310.pyc
  Moving to /share/home/yuan/.conda/envs/mi_torch_cu118/lib/python3.10/site-packages/functorch/dim/__init__.py
   from /tmp/pip-uninstall-8jn7i_yu/dim/__init__.py
  Moving to /share/home/yuan/.conda/envs/mi_torch_cu118/lib/python3.10/site-packages/functorch/dim/__pycache__/__init__.cpython-310.pyc
   from /tmp/pip-uninstall-8jn7i_yu/dim/__pycache__/__init__.cpython-310.pyc
  Moving to /share/home/yuan/.conda/envs/mi_torch_cu118/lib/python3.10/site-packages/functorch/dim/__pycache__/batch_tensor.cpython-310.pyc
   from /tmp/pip-uninstall-8jn7i_yu/dim/__pycache__/batch_tensor.cpython-310.pyc
  Moving to /share/home/yuan/.conda/envs/mi_torch_cu118/lib/python3.10/site-packages/functorch/dim/__pycache__/delayed_mul_tensor.cpython-310.pyc
   from /tmp/pip-uninstall-8jn7i_yu/dim/__pycache__/delayed_mul_tensor.cpython-310.pyc
  Moving to /share/home/yuan/.conda/envs/mi_torch_cu118/lib/python3.10/site-packages/functorch/dim/__pycache__/dim.cpython-310.pyc
   from /tmp/pip-uninstall-8jn7i_yu/dim/__pycache__/dim.cpython-310.pyc
  Moving to /share/home/yuan/.conda/envs/mi_torch_cu118/lib/python3.10/site-packages/functorch/dim/__pycache__/magic_trace.cpython-310.pyc
   from /tmp/pip-uninstall-8jn7i_yu/dim/__pycache__/magic_trace.cpython-310.pyc
  Moving to /share/home/yuan/.conda/envs/mi_torch_cu118/lib/python3.10/site-packages/functorch/dim/__pycache__/op_properties.cpython-310.pyc
   from /tmp/pip-uninstall-8jn7i_yu/dim/__pycache__/op_properties.cpython-310.pyc
  Moving to /share/home/yuan/.conda/envs/mi_torch_cu118/lib/python3.10/site-packages/functorch/dim/__pycache__/reference.cpython-310.pyc
   from /tmp/pip-uninstall-8jn7i_yu/dim/__pycache__/reference.cpython-310.pyc
  Moving to /share/home/yuan/.conda/envs/mi_torch_cu118/lib/python3.10/site-packages/functorch/dim/__pycache__/tree_map.cpython-310.pyc
   from /tmp/pip-uninstall-8jn7i_yu/dim/__pycache__/tree_map.cpython-310.pyc
  Moving to /share/home/yuan/.conda/envs/mi_torch_cu118/lib/python3.10/site-packages/functorch/dim/__pycache__/wrap_type.cpython-310.pyc
   from /tmp/pip-uninstall-8jn7i_yu/dim/__pycache__/wrap_type.cpython-310.pyc
  Moving to /share/home/yuan/.conda/envs/mi_torch_cu118/lib/python3.10/site-packages/functorch/dim/batch_tensor.py
   from /tmp/pip-uninstall-8jn7i_yu/dim/batch_tensor.py
  Moving to /share/home/yuan/.conda/envs/mi_torch_cu118/lib/python3.10/site-packages/functorch/dim/delayed_mul_tensor.py
   from /tmp/pip-uninstall-8jn7i_yu/dim/delayed_mul_tensor.py
  Moving to /share/home/yuan/.conda/envs/mi_torch_cu118/lib/python3.10/site-packages/functorch/dim/dim.py
   from /tmp/pip-uninstall-8jn7i_yu/dim/dim.py
  Moving to /share/home/yuan/.conda/envs/mi_torch_cu118/lib/python3.10/site-packages/functorch/dim/magic_trace.py
   from /tmp/pip-uninstall-8jn7i_yu/dim/magic_trace.py
  Moving to /share/home/yuan/.conda/envs/mi_torch_cu118/lib/python3.10/site-packages/functorch/dim/op_properties.py
   from /tmp/pip-uninstall-8jn7i_yu/dim/op_properties.py
  Moving to /share/home/yuan/.conda/envs/mi_torch_cu118/lib/python3.10/site-packages/functorch/dim/reference.py
   from /tmp/pip-uninstall-8jn7i_yu/dim/reference.py
  Moving to /share/home/yuan/.conda/envs/mi_torch_cu118/lib/python3.10/site-packages/functorch/dim/tree_map.py
   from /tmp/pip-uninstall-8jn7i_yu/dim/tree_map.py
  Moving to /share/home/yuan/.conda/envs/mi_torch_cu118/lib/python3.10/site-packages/functorch/dim/wrap_type.py
   from /tmp/pip-uninstall-8jn7i_yu/dim/wrap_type.py
  Moving to /share/home/yuan/.conda/envs/mi_torch_cu118/lib/python3.10/site-packages/functorch/einops/__init__.py
   from /tmp/pip-uninstall-8jn7i_yu/einops/__init__.py
  Moving to /share/home/yuan/.conda/envs/mi_torch_cu118/lib/python3.10/site-packages/functorch/einops/__pycache__/__init__.cpython-310.pyc
   from /tmp/pip-uninstall-8jn7i_yu/einops/__pycache__/__init__.cpython-310.pyc
  Moving to /share/home/yuan/.conda/envs/mi_torch_cu118/lib/python3.10/site-packages/functorch/einops/__pycache__/_parsing.cpython-310.pyc
   from /tmp/pip-uninstall-8jn7i_yu/einops/__pycache__/_parsing.cpython-310.pyc
  Moving to /share/home/yuan/.conda/envs/mi_torch_cu118/lib/python3.10/site-packages/functorch/einops/__pycache__/rearrange.cpython-310.pyc
   from /tmp/pip-uninstall-8jn7i_yu/einops/__pycache__/rearrange.cpython-310.pyc
  Moving to /share/home/yuan/.conda/envs/mi_torch_cu118/lib/python3.10/site-packages/functorch/einops/_parsing.py
   from /tmp/pip-uninstall-8jn7i_yu/einops/_parsing.py
  Moving to /share/home/yuan/.conda/envs/mi_torch_cu118/lib/python3.10/site-packages/functorch/einops/rearrange.py
   from /tmp/pip-uninstall-8jn7i_yu/einops/rearrange.py
  Moving to /share/home/yuan/.conda/envs/mi_torch_cu118/lib/python3.10/site-packages/functorch/experimental/__init__.py
   from /tmp/pip-uninstall-8jn7i_yu/experimental/__init__.py
  Moving to /share/home/yuan/.conda/envs/mi_torch_cu118/lib/python3.10/site-packages/functorch/experimental/__pycache__/__init__.cpython-310.pyc
   from /tmp/pip-uninstall-8jn7i_yu/experimental/__pycache__/__init__.cpython-310.pyc
  Moving to /share/home/yuan/.conda/envs/mi_torch_cu118/lib/python3.10/site-packages/functorch/experimental/__pycache__/control_flow.cpython-310.pyc
   from /tmp/pip-uninstall-8jn7i_yu/experimental/__pycache__/control_flow.cpython-310.pyc
  Moving to /share/home/yuan/.conda/envs/mi_torch_cu118/lib/python3.10/site-packages/functorch/experimental/__pycache__/ops.cpython-310.pyc
   from /tmp/pip-uninstall-8jn7i_yu/experimental/__pycache__/ops.cpython-310.pyc
  Moving to /share/home/yuan/.conda/envs/mi_torch_cu118/lib/python3.10/site-packages/functorch/experimental/control_flow.py
   from /tmp/pip-uninstall-8jn7i_yu/experimental/control_flow.py
  Moving to /share/home/yuan/.conda/envs/mi_torch_cu118/lib/python3.10/site-packages/functorch/experimental/ops.py
   from /tmp/pip-uninstall-8jn7i_yu/experimental/ops.py
  Moving to /share/home/yuan/.conda/envs/mi_torch_cu118/lib/python3.10/site-packages/torch-2.6.0.dist-info/
   from /share/home/yuan/.conda/envs/mi_torch_cu118/lib/python3.10/site-packages/~orch-2.6.0.dist-info
  Moving to /share/home/yuan/.conda/envs/mi_torch_cu118/lib/python3.10/site-packages/torch/_C.cpython-310-x86_64-linux-gnu.so
   from /tmp/pip-uninstall-30rrqvv5/_C.cpython-310-x86_64-linux-gnu.so
  Moving to /share/home/yuan/.conda/envs/mi_torch_cu118/lib/python3.10/site-packages/torch/_C/
   from /share/home/yuan/.conda/envs/mi_torch_cu118/lib/python3.10/site-packages/torch/~C
  Moving to /share/home/yuan/.conda/envs/mi_torch_cu118/lib/python3.10/site-packages/torch/_VF.py
   from /tmp/pip-uninstall-30rrqvv5/_VF.py
  Moving to /share/home/yuan/.conda/envs/mi_torch_cu118/lib/python3.10/site-packages/torch/_VF.pyi
   from /tmp/pip-uninstall-30rrqvv5/_VF.pyi
  Moving to /share/home/yuan/.conda/envs/mi_torch_cu118/lib/python3.10/site-packages/torch/__config__.py
   from /tmp/pip-uninstall-30rrqvv5/__config__.py
  Moving to /share/home/yuan/.conda/envs/mi_torch_cu118/lib/python3.10/site-packages/torch/__future__.py
   from /tmp/pip-uninstall-30rrqvv5/__future__.py
  Moving to /share/home/yuan/.conda/envs/mi_torch_cu118/lib/python3.10/site-packages/torch/__init__.py
   from /tmp/pip-uninstall-30rrqvv5/__init__.py
  Moving to /share/home/yuan/.conda/envs/mi_torch_cu118/lib/python3.10/site-packages/torch/__pycache__/_VF.cpython-310.pyc
   from /tmp/pip-uninstall-30rrqvv5/__pycache__/_VF.cpython-310.pyc
  Moving to /share/home/yuan/.conda/envs/mi_torch_cu118/lib/python3.10/site-packages/torch/__pycache__/__config__.cpython-310.pyc
   from /tmp/pip-uninstall-30rrqvv5/__pycache__/__config__.cpython-310.pyc
  Moving to /share/home/yuan/.conda/envs/mi_torch_cu118/lib/python3.10/site-packages/torch/__pycache__/__future__.cpython-310.pyc
   from /tmp/pip-uninstall-30rrqvv5/__pycache__/__future__.cpython-310.pyc
  Moving to /share/home/yuan/.conda/envs/mi_torch_cu118/lib/python3.10/site-packages/torch/__pycache__/__init__.cpython-310.pyc
   from /tmp/pip-uninstall-30rrqvv5/__pycache__/__init__.cpython-310.pyc
  Moving to /share/home/yuan/.conda/envs/mi_torch_cu118/lib/python3.10/site-packages/torch/__pycache__/_appdirs.cpython-310.pyc
   from /tmp/pip-uninstall-30rrqvv5/__pycache__/_appdirs.cpython-310.pyc
  Moving to /share/home/yuan/.conda/envs/mi_torch_cu118/lib/python3.10/site-packages/torch/__pycache__/_classes.cpython-310.pyc
   from /tmp/pip-uninstall-30rrqvv5/__pycache__/_classes.cpython-310.pyc
  Moving to /share/home/yuan/.conda/envs/mi_torch_cu118/lib/python3.10/site-packages/torch/__pycache__/_compile.cpython-310.pyc
   from /tmp/pip-uninstall-30rrqvv5/__pycache__/_compile.cpython-310.pyc
  Moving to /share/home/yuan/.conda/envs/mi_torch_cu118/lib/python3.10/site-packages/torch/__pycache__/_custom_ops.cpython-310.pyc
   from /tmp/pip-uninstall-30rrqvv5/__pycache__/_custom_ops.cpython-310.pyc
  Moving to /share/home/yuan/.conda/envs/mi_torch_cu118/lib/python3.10/site-packages/torch/__pycache__/_deploy.cpython-310.pyc
   from /tmp/pip-uninstall-30rrqvv5/__pycache__/_deploy.cpython-310.pyc
  Moving to /share/home/yuan/.conda/envs/mi_torch_cu118/lib/python3.10/site-packages/torch/__pycache__/_environment.cpython-310.pyc
   from /tmp/pip-uninstall-30rrqvv5/__pycache__/_environment.cpython-310.pyc
  Moving to /share/home/yuan/.conda/envs/mi_torch_cu118/lib/python3.10/site-packages/torch/__pycache__/_guards.cpython-310.pyc
   from /tmp/pip-uninstall-30rrqvv5/__pycache__/_guards.cpython-310.pyc
  Moving to /share/home/yuan/.conda/envs/mi_torch_cu118/lib/python3.10/site-packages/torch/__pycache__/_jit_internal.cpython-310.pyc
   from /tmp/pip-uninstall-30rrqvv5/__pycache__/_jit_internal.cpython-310.pyc
  Moving to /share/home/yuan/.conda/envs/mi_torch_cu118/lib/python3.10/site-packages/torch/__pycache__/_linalg_utils.cpython-310.pyc
   from /tmp/pip-uninstall-30rrqvv5/__pycache__/_linalg_utils.cpython-310.pyc
  Moving to /share/home/yuan/.conda/envs/mi_torch_cu118/lib/python3.10/site-packages/torch/__pycache__/_lobpcg.cpython-310.pyc
   from /tmp/pip-uninstall-30rrqvv5/__pycache__/_lobpcg.cpython-310.pyc
  Moving to /share/home/yuan/.conda/envs/mi_torch_cu118/lib/python3.10/site-packages/torch/__pycache__/_lowrank.cpython-310.pyc
   from /tmp/pip-uninstall-30rrqvv5/__pycache__/_lowrank.cpython-310.pyc
  Moving to /share/home/yuan/.conda/envs/mi_torch_cu118/lib/python3.10/site-packages/torch/__pycache__/_meta_registrations.cpython-310.pyc
   from /tmp/pip-uninstall-30rrqvv5/__pycache__/_meta_registrations.cpython-310.pyc
  Moving to /share/home/yuan/.conda/envs/mi_torch_cu118/lib/python3.10/site-packages/torch/__pycache__/_namedtensor_internals.cpython-310.pyc
   from /tmp/pip-uninstall-30rrqvv5/__pycache__/_namedtensor_internals.cpython-310.pyc
  Moving to /share/home/yuan/.conda/envs/mi_torch_cu118/lib/python3.10/site-packages/torch/__pycache__/_ops.cpython-310.pyc
   from /tmp/pip-uninstall-30rrqvv5/__pycache__/_ops.cpython-310.pyc
  Moving to /share/home/yuan/.conda/envs/mi_torch_cu118/lib/python3.10/site-packages/torch/__pycache__/_python_dispatcher.cpython-310.pyc
   from /tmp/pip-uninstall-30rrqvv5/__pycache__/_python_dispatcher.cpython-310.pyc
  Moving to /share/home/yuan/.conda/envs/mi_torch_cu118/lib/python3.10/site-packages/torch/__pycache__/_size_docs.cpython-310.pyc
   from /tmp/pip-uninstall-30rrqvv5/__pycache__/_size_docs.cpython-310.pyc
  Moving to /share/home/yuan/.conda/envs/mi_torch_cu118/lib/python3.10/site-packages/torch/__pycache__/_sources.cpython-310.pyc
   from /tmp/pip-uninstall-30rrqvv5/__pycache__/_sources.cpython-310.pyc
  Moving to /share/home/yuan/.conda/envs/mi_torch_cu118/lib/python3.10/site-packages/torch/__pycache__/_storage_docs.cpython-310.pyc
   from /tmp/pip-uninstall-30rrqvv5/__pycache__/_storage_docs.cpython-310.pyc
  Moving to /share/home/yuan/.conda/envs/mi_torch_cu118/lib/python3.10/site-packages/torch/__pycache__/_streambase.cpython-310.pyc
   from /tmp/pip-uninstall-30rrqvv5/__pycache__/_streambase.cpython-310.pyc
  Moving to /share/home/yuan/.conda/envs/mi_torch_cu118/lib/python3.10/site-packages/torch/__pycache__/_tensor.cpython-310.pyc
   from /tmp/pip-uninstall-30rrqvv5/__pycache__/_tensor.cpython-310.pyc
  Moving to /share/home/yuan/.conda/envs/mi_torch_cu118/lib/python3.10/site-packages/torch/__pycache__/_tensor_docs.cpython-310.pyc
   from /tmp/pip-uninstall-30rrqvv5/__pycache__/_tensor_docs.cpython-310.pyc
  Moving to /share/home/yuan/.conda/envs/mi_torch_cu118/lib/python3.10/site-packages/torch/__pycache__/_tensor_str.cpython-310.pyc
   from /tmp/pip-uninstall-30rrqvv5/__pycache__/_tensor_str.cpython-310.pyc
  Moving to /share/home/yuan/.conda/envs/mi_torch_cu118/lib/python3.10/site-packages/torch/__pycache__/_thread_safe_fork.cpython-310.pyc
   from /tmp/pip-uninstall-30rrqvv5/__pycache__/_thread_safe_fork.cpython-310.pyc
  Moving to /share/home/yuan/.conda/envs/mi_torch_cu118/lib/python3.10/site-packages/torch/__pycache__/_torch_docs.cpython-310.pyc
   from /tmp/pip-uninstall-30rrqvv5/__pycache__/_torch_docs.cpython-310.pyc
  Moving to /share/home/yuan/.conda/envs/mi_torch_cu118/lib/python3.10/site-packages/torch/__pycache__/_utils.cpython-310.pyc
   from /tmp/pip-uninstall-30rrqvv5/__pycache__/_utils.cpython-310.pyc
  Moving to /share/home/yuan/.conda/envs/mi_torch_cu118/lib/python3.10/site-packages/torch/__pycache__/_utils_internal.cpython-310.pyc
   from /tmp/pip-uninstall-30rrqvv5/__pycache__/_utils_internal.cpython-310.pyc
  Moving to /share/home/yuan/.conda/envs/mi_torch_cu118/lib/python3.10/site-packages/torch/__pycache__/_vmap_internals.cpython-310.pyc
   from /tmp/pip-uninstall-30rrqvv5/__pycache__/_vmap_internals.cpython-310.pyc
  Moving to /share/home/yuan/.conda/envs/mi_torch_cu118/lib/python3.10/site-packages/torch/__pycache__/_weights_only_unpickler.cpython-310.pyc
   from /tmp/pip-uninstall-30rrqvv5/__pycache__/_weights_only_unpickler.cpython-310.pyc
  Moving to /share/home/yuan/.conda/envs/mi_torch_cu118/lib/python3.10/site-packages/torch/__pycache__/functional.cpython-310.pyc
   from /tmp/pip-uninstall-30rrqvv5/__pycache__/functional.cpython-310.pyc
  Moving to /share/home/yuan/.conda/envs/mi_torch_cu118/lib/python3.10/site-packages/torch/__pycache__/hub.cpython-310.pyc
   from /tmp/pip-uninstall-30rrqvv5/__pycache__/hub.cpython-310.pyc
  Moving to /share/home/yuan/.conda/envs/mi_torch_cu118/lib/python3.10/site-packages/torch/__pycache__/library.cpython-310.pyc
   from /tmp/pip-uninstall-30rrqvv5/__pycache__/library.cpython-310.pyc
  Moving to /share/home/yuan/.conda/envs/mi_torch_cu118/lib/python3.10/site-packages/torch/__pycache__/overrides.cpython-310.pyc
   from /tmp/pip-uninstall-30rrqvv5/__pycache__/overrides.cpython-310.pyc
  Moving to /share/home/yuan/.conda/envs/mi_torch_cu118/lib/python3.10/site-packages/torch/__pycache__/quasirandom.cpython-310.pyc
   from /tmp/pip-uninstall-30rrqvv5/__pycache__/quasirandom.cpython-310.pyc
  Moving to /share/home/yuan/.conda/envs/mi_torch_cu118/lib/python3.10/site-packages/torch/__pycache__/random.cpython-310.pyc
   from /tmp/pip-uninstall-30rrqvv5/__pycache__/random.cpython-310.pyc
  Moving to /share/home/yuan/.conda/envs/mi_torch_cu118/lib/python3.10/site-packages/torch/__pycache__/return_types.cpython-310.pyc
   from /tmp/pip-uninstall-30rrqvv5/__pycache__/return_types.cpython-310.pyc
  Moving to /share/home/yuan/.conda/envs/mi_torch_cu118/lib/python3.10/site-packages/torch/__pycache__/serialization.cpython-310.pyc
   from /tmp/pip-uninstall-30rrqvv5/__pycache__/serialization.cpython-310.pyc
  Moving to /share/home/yuan/.conda/envs/mi_torch_cu118/lib/python3.10/site-packages/torch/__pycache__/storage.cpython-310.pyc
   from /tmp/pip-uninstall-30rrqvv5/__pycache__/storage.cpython-310.pyc
  Moving to /share/home/yuan/.conda/envs/mi_torch_cu118/lib/python3.10/site-packages/torch/__pycache__/torch_version.cpython-310.pyc
   from /tmp/pip-uninstall-30rrqvv5/__pycache__/torch_version.cpython-310.pyc
  Moving to /share/home/yuan/.conda/envs/mi_torch_cu118/lib/python3.10/site-packages/torch/__pycache__/types.cpython-310.pyc
   from /tmp/pip-uninstall-30rrqvv5/__pycache__/types.cpython-310.pyc
  Moving to /share/home/yuan/.conda/envs/mi_torch_cu118/lib/python3.10/site-packages/torch/__pycache__/version.cpython-310.pyc
   from /tmp/pip-uninstall-30rrqvv5/__pycache__/version.cpython-310.pyc
  Moving to /share/home/yuan/.conda/envs/mi_torch_cu118/lib/python3.10/site-packages/torch/_appdirs.py
   from /tmp/pip-uninstall-30rrqvv5/_appdirs.py
  Moving to /share/home/yuan/.conda/envs/mi_torch_cu118/lib/python3.10/site-packages/torch/_awaits/__init__.py
   from /tmp/pip-uninstall-30rrqvv5/_awaits/__init__.py
  Moving to /share/home/yuan/.conda/envs/mi_torch_cu118/lib/python3.10/site-packages/torch/_awaits/__pycache__/__init__.cpython-310.pyc
   from /tmp/pip-uninstall-30rrqvv5/_awaits/__pycache__/__init__.cpython-310.pyc
  Moving to /share/home/yuan/.conda/envs/mi_torch_cu118/lib/python3.10/site-packages/torch/_classes.py
   from /tmp/pip-uninstall-30rrqvv5/_classes.py
  Moving to /share/home/yuan/.conda/envs/mi_torch_cu118/lib/python3.10/site-packages/torch/_compile.py
   from /tmp/pip-uninstall-30rrqvv5/_compile.py
  Moving to /share/home/yuan/.conda/envs/mi_torch_cu118/lib/python3.10/site-packages/torch/_custom_op/__init__.py
   from /tmp/pip-uninstall-30rrqvv5/_custom_op/__init__.py
  Moving to /share/home/yuan/.conda/envs/mi_torch_cu118/lib/python3.10/site-packages/torch/_custom_op/__pycache__/__init__.cpython-310.pyc
   from /tmp/pip-uninstall-30rrqvv5/_custom_op/__pycache__/__init__.cpython-310.pyc
  Moving to /share/home/yuan/.conda/envs/mi_torch_cu118/lib/python3.10/site-packages/torch/_custom_op/__pycache__/autograd.cpython-310.pyc
   from /tmp/pip-uninstall-30rrqvv5/_custom_op/__pycache__/autograd.cpython-310.pyc
  Moving to /share/home/yuan/.conda/envs/mi_torch_cu118/lib/python3.10/site-packages/torch/_custom_op/__pycache__/functional.cpython-310.pyc
   from /tmp/pip-uninstall-30rrqvv5/_custom_op/__pycache__/functional.cpython-310.pyc
  Moving to /share/home/yuan/.conda/envs/mi_torch_cu118/lib/python3.10/site-packages/torch/_custom_op/__pycache__/impl.cpython-310.pyc
   from /tmp/pip-uninstall-30rrqvv5/_custom_op/__pycache__/impl.cpython-310.pyc
  Moving to /share/home/yuan/.conda/envs/mi_torch_cu118/lib/python3.10/site-packages/torch/_custom_op/autograd.py
   from /tmp/pip-uninstall-30rrqvv5/_custom_op/autograd.py
  Moving to /share/home/yuan/.conda/envs/mi_torch_cu118/lib/python3.10/site-packages/torch/_custom_op/functional.py
   from /tmp/pip-uninstall-30rrqvv5/_custom_op/functional.py
  Moving to /share/home/yuan/.conda/envs/mi_torch_cu118/lib/python3.10/site-packages/torch/_custom_op/impl.py
   from /tmp/pip-uninstall-30rrqvv5/_custom_op/impl.py
  Moving to /share/home/yuan/.conda/envs/mi_torch_cu118/lib/python3.10/site-packages/torch/_custom_ops.py
   from /tmp/pip-uninstall-30rrqvv5/_custom_ops.py
  Moving to /share/home/yuan/.conda/envs/mi_torch_cu118/lib/python3.10/site-packages/torch/_decomp/__init__.py
   from /tmp/pip-uninstall-30rrqvv5/_decomp/__init__.py
  Moving to /share/home/yuan/.conda/envs/mi_torch_cu118/lib/python3.10/site-packages/torch/_decomp/__pycache__/__init__.cpython-310.pyc
   from /tmp/pip-uninstall-30rrqvv5/_decomp/__pycache__/__init__.cpython-310.pyc
  Moving to /share/home/yuan/.conda/envs/mi_torch_cu118/lib/python3.10/site-packages/torch/_decomp/__pycache__/decompositions.cpython-310.pyc
   from /tmp/pip-uninstall-30rrqvv5/_decomp/__pycache__/decompositions.cpython-310.pyc
  Moving to /share/home/yuan/.conda/envs/mi_torch_cu118/lib/python3.10/site-packages/torch/_decomp/__pycache__/decompositions_for_jvp.cpython-310.pyc
   from /tmp/pip-uninstall-30rrqvv5/_decomp/__pycache__/decompositions_for_jvp.cpython-310.pyc
  Moving to /share/home/yuan/.conda/envs/mi_torch_cu118/lib/python3.10/site-packages/torch/_decomp/__pycache__/decompositions_for_rng.cpython-310.pyc
   from /tmp/pip-uninstall-30rrqvv5/_decomp/__pycache__/decompositions_for_rng.cpython-310.pyc
  Moving to /share/home/yuan/.conda/envs/mi_torch_cu118/lib/python3.10/site-packages/torch/_decomp/decompositions.py
   from /tmp/pip-uninstall-30rrqvv5/_decomp/decompositions.py
  Moving to /share/home/yuan/.conda/envs/mi_torch_cu118/lib/python3.10/site-packages/torch/_decomp/decompositions_for_jvp.py
   from /tmp/pip-uninstall-30rrqvv5/_decomp/decompositions_for_jvp.py
  Moving to /share/home/yuan/.conda/envs/mi_torch_cu118/lib/python3.10/site-packages/torch/_decomp/decompositions_for_rng.py
   from /tmp/pip-uninstall-30rrqvv5/_decomp/decompositions_for_rng.py
  Moving to /share/home/yuan/.conda/envs/mi_torch_cu118/lib/python3.10/site-packages/torch/_deploy.py
   from /tmp/pip-uninstall-30rrqvv5/_deploy.py
  Moving to /share/home/yuan/.conda/envs/mi_torch_cu118/lib/python3.10/site-packages/torch/_dispatch/__init__.py
   from /tmp/pip-uninstall-30rrqvv5/_dispatch/__init__.py
  Moving to /share/home/yuan/.conda/envs/mi_torch_cu118/lib/python3.10/site-packages/torch/_dispatch/__pycache__/__init__.cpython-310.pyc
   from /tmp/pip-uninstall-30rrqvv5/_dispatch/__pycache__/__init__.cpython-310.pyc
  Moving to /share/home/yuan/.conda/envs/mi_torch_cu118/lib/python3.10/site-packages/torch/_dispatch/__pycache__/python.cpython-310.pyc
   from /tmp/pip-uninstall-30rrqvv5/_dispatch/__pycache__/python.cpython-310.pyc
  Moving to /share/home/yuan/.conda/envs/mi_torch_cu118/lib/python3.10/site-packages/torch/_dispatch/python.py
   from /tmp/pip-uninstall-30rrqvv5/_dispatch/python.py
  Moving to /share/home/yuan/.conda/envs/mi_torch_cu118/lib/python3.10/site-packages/torch/_dynamo/__init__.py
   from /tmp/pip-uninstall-30rrqvv5/_dynamo/__init__.py
  Moving to /share/home/yuan/.conda/envs/mi_torch_cu118/lib/python3.10/site-packages/torch/_dynamo/__pycache__/__init__.cpython-310.pyc
   from /tmp/pip-uninstall-30rrqvv5/_dynamo/__pycache__/__init__.cpython-310.pyc
  Moving to /share/home/yuan/.conda/envs/mi_torch_cu118/lib/python3.10/site-packages/torch/_dynamo/__pycache__/_trace_wrapped_higher_order_op.cpython-310.pyc
   from /tmp/pip-uninstall-30rrqvv5/_dynamo/__pycache__/_trace_wrapped_higher_order_op.cpython-310.pyc
  Moving to /share/home/yuan/.conda/envs/mi_torch_cu118/lib/python3.10/site-packages/torch/_dynamo/__pycache__/bytecode_analysis.cpython-310.pyc
   from /tmp/pip-uninstall-30rrqvv5/_dynamo/__pycache__/bytecode_analysis.cpython-310.pyc
  Moving to /share/home/yuan/.conda/envs/mi_torch_cu118/lib/python3.10/site-packages/torch/_dynamo/__pycache__/bytecode_transformation.cpython-310.pyc
   from /tmp/pip-uninstall-30rrqvv5/_dynamo/__pycache__/bytecode_transformation.cpython-310.pyc
  Moving to /share/home/yuan/.conda/envs/mi_torch_cu118/lib/python3.10/site-packages/torch/_dynamo/__pycache__/cache_size.cpython-310.pyc
   from /tmp/pip-uninstall-30rrqvv5/_dynamo/__pycache__/cache_size.cpython-310.pyc
  Moving to /share/home/yuan/.conda/envs/mi_torch_cu118/lib/python3.10/site-packages/torch/_dynamo/__pycache__/callback.cpython-310.pyc
   from /tmp/pip-uninstall-30rrqvv5/_dynamo/__pycache__/callback.cpython-310.pyc
  Moving to /share/home/yuan/.conda/envs/mi_torch_cu118/lib/python3.10/site-packages/torch/_dynamo/__pycache__/code_context.cpython-310.pyc
   from /tmp/pip-uninstall-30rrqvv5/_dynamo/__pycache__/code_context.cpython-310.pyc
  Moving to /share/home/yuan/.conda/envs/mi_torch_cu118/lib/python3.10/site-packages/torch/_dynamo/__pycache__/codegen.cpython-310.pyc
   from /tmp/pip-uninstall-30rrqvv5/_dynamo/__pycache__/codegen.cpython-310.pyc
  Moving to /share/home/yuan/.conda/envs/mi_torch_cu118/lib/python3.10/site-packages/torch/_dynamo/__pycache__/compiled_autograd.cpython-310.pyc
   from /tmp/pip-uninstall-30rrqvv5/_dynamo/__pycache__/compiled_autograd.cpython-310.pyc
  Moving to /share/home/yuan/.conda/envs/mi_torch_cu118/lib/python3.10/site-packages/torch/_dynamo/__pycache__/comptime.cpython-310.pyc
   from /tmp/pip-uninstall-30rrqvv5/_dynamo/__pycache__/comptime.cpython-310.pyc
  Moving to /share/home/yuan/.conda/envs/mi_torch_cu118/lib/python3.10/site-packages/torch/_dynamo/__pycache__/config.cpython-310.pyc
   from /tmp/pip-uninstall-30rrqvv5/_dynamo/__pycache__/config.cpython-310.pyc
  Moving to /share/home/yuan/.conda/envs/mi_torch_cu118/lib/python3.10/site-packages/torch/_dynamo/__pycache__/convert_frame.cpython-310.pyc
   from /tmp/pip-uninstall-30rrqvv5/_dynamo/__pycache__/convert_frame.cpython-310.pyc
  Moving to /share/home/yuan/.conda/envs/mi_torch_cu118/lib/python3.10/site-packages/torch/_dynamo/__pycache__/create_parameter_op.cpython-310.pyc
   from /tmp/pip-uninstall-30rrqvv5/_dynamo/__pycache__/create_parameter_op.cpython-310.pyc
  Moving to /share/home/yuan/.conda/envs/mi_torch_cu118/lib/python3.10/site-packages/torch/_dynamo/__pycache__/current_scope_id.cpython-310.pyc
   from /tmp/pip-uninstall-30rrqvv5/_dynamo/__pycache__/current_scope_id.cpython-310.pyc
  Moving to /share/home/yuan/.conda/envs/mi_torch_cu118/lib/python3.10/site-packages/torch/_dynamo/__pycache__/debug_utils.cpython-310.pyc
   from /tmp/pip-uninstall-30rrqvv5/_dynamo/__pycache__/debug_utils.cpython-310.pyc
  Moving to /share/home/yuan/.conda/envs/mi_torch_cu118/lib/python3.10/site-packages/torch/_dynamo/__pycache__/decorators.cpython-310.pyc
   from /tmp/pip-uninstall-30rrqvv5/_dynamo/__pycache__/decorators.cpython-310.pyc
  Moving to /share/home/yuan/.conda/envs/mi_torch_cu118/lib/python3.10/site-packages/torch/_dynamo/__pycache__/device_interface.cpython-310.pyc
   from /tmp/pip-uninstall-30rrqvv5/_dynamo/__pycache__/device_interface.cpython-310.pyc
  Moving to /share/home/yuan/.conda/envs/mi_torch_cu118/lib/python3.10/site-packages/torch/_dynamo/__pycache__/distributed.cpython-310.pyc
   from /tmp/pip-uninstall-30rrqvv5/_dynamo/__pycache__/distributed.cpython-310.pyc
  Moving to /share/home/yuan/.conda/envs/mi_torch_cu118/lib/python3.10/site-packages/torch/_dynamo/__pycache__/eval_frame.cpython-310.pyc
   from /tmp/pip-uninstall-30rrqvv5/_dynamo/__pycache__/eval_frame.cpython-310.pyc
  Moving to /share/home/yuan/.conda/envs/mi_torch_cu118/lib/python3.10/site-packages/torch/_dynamo/__pycache__/exc.cpython-310.pyc
   from /tmp/pip-uninstall-30rrqvv5/_dynamo/__pycache__/exc.cpython-310.pyc
  Moving to /share/home/yuan/.conda/envs/mi_torch_cu118/lib/python3.10/site-packages/torch/_dynamo/__pycache__/external_utils.cpython-310.pyc
   from /tmp/pip-uninstall-30rrqvv5/_dynamo/__pycache__/external_utils.cpython-310.pyc
  Moving to /share/home/yuan/.conda/envs/mi_torch_cu118/lib/python3.10/site-packages/torch/_dynamo/__pycache__/funcname_cache.cpython-310.pyc
   from /tmp/pip-uninstall-30rrqvv5/_dynamo/__pycache__/funcname_cache.cpython-310.pyc
  Moving to /share/home/yuan/.conda/envs/mi_torch_cu118/lib/python3.10/site-packages/torch/_dynamo/__pycache__/graph_deduplication.cpython-310.pyc
   from /tmp/pip-uninstall-30rrqvv5/_dynamo/__pycache__/graph_deduplication.cpython-310.pyc
  Moving to /share/home/yuan/.conda/envs/mi_torch_cu118/lib/python3.10/site-packages/torch/_dynamo/__pycache__/graph_region_tracker.cpython-310.pyc
   from /tmp/pip-uninstall-30rrqvv5/_dynamo/__pycache__/graph_region_tracker.cpython-310.pyc
  Moving to /share/home/yuan/.conda/envs/mi_torch_cu118/lib/python3.10/site-packages/torch/_dynamo/__pycache__/guards.cpython-310.pyc
   from /tmp/pip-uninstall-30rrqvv5/_dynamo/__pycache__/guards.cpython-310.pyc
  Moving to /share/home/yuan/.conda/envs/mi_torch_cu118/lib/python3.10/site-packages/torch/_dynamo/__pycache__/hooks.cpython-310.pyc
   from /tmp/pip-uninstall-30rrqvv5/_dynamo/__pycache__/hooks.cpython-310.pyc
  Moving to /share/home/yuan/.conda/envs/mi_torch_cu118/lib/python3.10/site-packages/torch/_dynamo/__pycache__/logging.cpython-310.pyc
   from /tmp/pip-uninstall-30rrqvv5/_dynamo/__pycache__/logging.cpython-310.pyc
  Moving to /share/home/yuan/.conda/envs/mi_torch_cu118/lib/python3.10/site-packages/torch/_dynamo/__pycache__/metrics_context.cpython-310.pyc
   from /tmp/pip-uninstall-30rrqvv5/_dynamo/__pycache__/metrics_context.cpython-310.pyc
  Moving to /share/home/yuan/.conda/envs/mi_torch_cu118/lib/python3.10/site-packages/torch/_dynamo/__pycache__/mutation_guard.cpython-310.pyc
   from /tmp/pip-uninstall-30rrqvv5/_dynamo/__pycache__/mutation_guard.cpython-310.pyc
  Moving to /share/home/yuan/.conda/envs/mi_torch_cu118/lib/python3.10/site-packages/torch/_dynamo/__pycache__/output_graph.cpython-310.pyc
   from /tmp/pip-uninstall-30rrqvv5/_dynamo/__pycache__/output_graph.cpython-310.pyc
  Moving to /share/home/yuan/.conda/envs/mi_torch_cu118/lib/python3.10/site-packages/torch/_dynamo/__pycache__/pgo.cpython-310.pyc
   from /tmp/pip-uninstall-30rrqvv5/_dynamo/__pycache__/pgo.cpython-310.pyc
  Moving to /share/home/yuan/.conda/envs/mi_torch_cu118/lib/python3.10/site-packages/torch/_dynamo/__pycache__/profiler.cpython-310.pyc
   from /tmp/pip-uninstall-30rrqvv5/_dynamo/__pycache__/profiler.cpython-310.pyc
  Moving to /share/home/yuan/.conda/envs/mi_torch_cu118/lib/python3.10/site-packages/torch/_dynamo/__pycache__/replay_record.cpython-310.pyc
   from /tmp/pip-uninstall-30rrqvv5/_dynamo/__pycache__/replay_record.cpython-310.pyc
  Moving to /share/home/yuan/.conda/envs/mi_torch_cu118/lib/python3.10/site-packages/torch/_dynamo/__pycache__/resume_execution.cpython-310.pyc
   from /tmp/pip-uninstall-30rrqvv5/_dynamo/__pycache__/resume_execution.cpython-310.pyc
  Moving to /share/home/yuan/.conda/envs/mi_torch_cu118/lib/python3.10/site-packages/torch/_dynamo/__pycache__/side_effects.cpython-310.pyc
   from /tmp/pip-uninstall-30rrqvv5/_dynamo/__pycache__/side_effects.cpython-310.pyc
  Moving to /share/home/yuan/.conda/envs/mi_torch_cu118/lib/python3.10/site-packages/torch/_dynamo/__pycache__/source.cpython-310.pyc
   from /tmp/pip-uninstall-30rrqvv5/_dynamo/__pycache__/source.cpython-310.pyc
  Moving to /share/home/yuan/.conda/envs/mi_torch_cu118/lib/python3.10/site-packages/torch/_dynamo/__pycache__/symbolic_convert.cpython-310.pyc
   from /tmp/pip-uninstall-30rrqvv5/_dynamo/__pycache__/symbolic_convert.cpython-310.pyc
  Moving to /share/home/yuan/.conda/envs/mi_torch_cu118/lib/python3.10/site-packages/torch/_dynamo/__pycache__/tensor_version_op.cpython-310.pyc
   from /tmp/pip-uninstall-30rrqvv5/_dynamo/__pycache__/tensor_version_op.cpython-310.pyc
  Moving to /share/home/yuan/.conda/envs/mi_torch_cu118/lib/python3.10/site-packages/torch/_dynamo/__pycache__/test_case.cpython-310.pyc
   from /tmp/pip-uninstall-30rrqvv5/_dynamo/__pycache__/test_case.cpython-310.pyc
  Moving to /share/home/yuan/.conda/envs/mi_torch_cu118/lib/python3.10/site-packages/torch/_dynamo/__pycache__/test_minifier_common.cpython-310.pyc
   from /tmp/pip-uninstall-30rrqvv5/_dynamo/__pycache__/test_minifier_common.cpython-310.pyc
  Moving to /share/home/yuan/.conda/envs/mi_torch_cu118/lib/python3.10/site-packages/torch/_dynamo/__pycache__/testing.cpython-310.pyc
   from /tmp/pip-uninstall-30rrqvv5/_dynamo/__pycache__/testing.cpython-310.pyc
  Moving to /share/home/yuan/.conda/envs/mi_torch_cu118/lib/python3.10/site-packages/torch/_dynamo/__pycache__/trace_rules.cpython-310.pyc
   from /tmp/pip-uninstall-30rrqvv5/_dynamo/__pycache__/trace_rules.cpython-310.pyc
  Moving to /share/home/yuan/.conda/envs/mi_torch_cu118/lib/python3.10/site-packages/torch/_dynamo/__pycache__/types.cpython-310.pyc
   from /tmp/pip-uninstall-30rrqvv5/_dynamo/__pycache__/types.cpython-310.pyc
  Moving to /share/home/yuan/.conda/envs/mi_torch_cu118/lib/python3.10/site-packages/torch/_dynamo/__pycache__/utils.cpython-310.pyc
   from /tmp/pip-uninstall-30rrqvv5/_dynamo/__pycache__/utils.cpython-310.pyc
  Moving to /share/home/yuan/.conda/envs/mi_torch_cu118/lib/python3.10/site-packages/torch/_dynamo/_trace_wrapped_higher_order_op.py
   from /tmp/pip-uninstall-30rrqvv5/_dynamo/_trace_wrapped_higher_order_op.py
  Moving to /share/home/yuan/.conda/envs/mi_torch_cu118/lib/python3.10/site-packages/torch/_dynamo/backends/__init__.py
   from /tmp/pip-uninstall-30rrqvv5/_dynamo/backends/__init__.py
  Moving to /share/home/yuan/.conda/envs/mi_torch_cu118/lib/python3.10/site-packages/torch/_dynamo/backends/__pycache__/__init__.cpython-310.pyc
   from /tmp/pip-uninstall-30rrqvv5/_dynamo/backends/__pycache__/__init__.cpython-310.pyc
  Moving to /share/home/yuan/.conda/envs/mi_torch_cu118/lib/python3.10/site-packages/torch/_dynamo/backends/__pycache__/common.cpython-310.pyc
   from /tmp/pip-uninstall-30rrqvv5/_dynamo/backends/__pycache__/common.cpython-310.pyc
  Moving to /share/home/yuan/.conda/envs/mi_torch_cu118/lib/python3.10/site-packages/torch/_dynamo/backends/__pycache__/cudagraphs.cpython-310.pyc
   from /tmp/pip-uninstall-30rrqvv5/_dynamo/backends/__pycache__/cudagraphs.cpython-310.pyc
  Moving to /share/home/yuan/.conda/envs/mi_torch_cu118/lib/python3.10/site-packages/torch/_dynamo/backends/__pycache__/debugging.cpython-310.pyc
   from /tmp/pip-uninstall-30rrqvv5/_dynamo/backends/__pycache__/debugging.cpython-310.pyc
  Moving to /share/home/yuan/.conda/envs/mi_torch_cu118/lib/python3.10/site-packages/torch/_dynamo/backends/__pycache__/distributed.cpython-310.pyc
   from /tmp/pip-uninstall-30rrqvv5/_dynamo/backends/__pycache__/distributed.cpython-310.pyc
  Moving to /share/home/yuan/.conda/envs/mi_torch_cu118/lib/python3.10/site-packages/torch/_dynamo/backends/__pycache__/inductor.cpython-310.pyc
   from /tmp/pip-uninstall-30rrqvv5/_dynamo/backends/__pycache__/inductor.cpython-310.pyc
  Moving to /share/home/yuan/.conda/envs/mi_torch_cu118/lib/python3.10/site-packages/torch/_dynamo/backends/__pycache__/onnxrt.cpython-310.pyc
   from /tmp/pip-uninstall-30rrqvv5/_dynamo/backends/__pycache__/onnxrt.cpython-310.pyc
  Moving to /share/home/yuan/.conda/envs/mi_torch_cu118/lib/python3.10/site-packages/torch/_dynamo/backends/__pycache__/registry.cpython-310.pyc
   from /tmp/pip-uninstall-30rrqvv5/_dynamo/backends/__pycache__/registry.cpython-310.pyc
  Moving to /share/home/yuan/.conda/envs/mi_torch_cu118/lib/python3.10/site-packages/torch/_dynamo/backends/__pycache__/tensorrt.cpython-310.pyc
   from /tmp/pip-uninstall-30rrqvv5/_dynamo/backends/__pycache__/tensorrt.cpython-310.pyc
  Moving to /share/home/yuan/.conda/envs/mi_torch_cu118/lib/python3.10/site-packages/torch/_dynamo/backends/__pycache__/torchxla.cpython-310.pyc
   from /tmp/pip-uninstall-30rrqvv5/_dynamo/backends/__pycache__/torchxla.cpython-310.pyc
  Moving to /share/home/yuan/.conda/envs/mi_torch_cu118/lib/python3.10/site-packages/torch/_dynamo/backends/__pycache__/tvm.cpython-310.pyc
   from /tmp/pip-uninstall-30rrqvv5/_dynamo/backends/__pycache__/tvm.cpython-310.pyc
  Moving to /share/home/yuan/.conda/envs/mi_torch_cu118/lib/python3.10/site-packages/torch/_dynamo/backends/common.py
   from /tmp/pip-uninstall-30rrqvv5/_dynamo/backends/common.py
  Moving to /share/home/yuan/.conda/envs/mi_torch_cu118/lib/python3.10/site-packages/torch/_dynamo/backends/cudagraphs.py
   from /tmp/pip-uninstall-30rrqvv5/_dynamo/backends/cudagraphs.py
  Moving to /share/home/yuan/.conda/envs/mi_torch_cu118/lib/python3.10/site-packages/torch/_dynamo/backends/debugging.py
   from /tmp/pip-uninstall-30rrqvv5/_dynamo/backends/debugging.py
  Moving to /share/home/yuan/.conda/envs/mi_torch_cu118/lib/python3.10/site-packages/torch/_dynamo/backends/distributed.py
   from /tmp/pip-uninstall-30rrqvv5/_dynamo/backends/distributed.py
  Moving to /share/home/yuan/.conda/envs/mi_torch_cu118/lib/python3.10/site-packages/torch/_dynamo/backends/inductor.py
   from /tmp/pip-uninstall-30rrqvv5/_dynamo/backends/inductor.py
  Moving to /share/home/yuan/.conda/envs/mi_torch_cu118/lib/python3.10/site-packages/torch/_dynamo/backends/onnxrt.py
   from /tmp/pip-uninstall-30rrqvv5/_dynamo/backends/onnxrt.py
  Moving to /share/home/yuan/.conda/envs/mi_torch_cu118/lib/python3.10/site-packages/torch/_dynamo/backends/registry.py
   from /tmp/pip-uninstall-30rrqvv5/_dynamo/backends/registry.py
  Moving to /share/home/yuan/.conda/envs/mi_torch_cu118/lib/python3.10/site-packages/torch/_dynamo/backends/tensorrt.py
   from /tmp/pip-uninstall-30rrqvv5/_dynamo/backends/tensorrt.py
  Moving to /share/home/yuan/.conda/envs/mi_torch_cu118/lib/python3.10/site-packages/torch/_dynamo/backends/torchxla.py
   from /tmp/pip-uninstall-30rrqvv5/_dynamo/backends/torchxla.py
  Moving to /share/home/yuan/.conda/envs/mi_torch_cu118/lib/python3.10/site-packages/torch/_dynamo/backends/tvm.py
   from /tmp/pip-uninstall-30rrqvv5/_dynamo/backends/tvm.py
  Moving to /share/home/yuan/.conda/envs/mi_torch_cu118/lib/python3.10/site-packages/torch/_dynamo/bytecode_analysis.py
   from /tmp/pip-uninstall-30rrqvv5/_dynamo/bytecode_analysis.py
  Moving to /share/home/yuan/.conda/envs/mi_torch_cu118/lib/python3.10/site-packages/torch/_dynamo/bytecode_transformation.py
   from /tmp/pip-uninstall-30rrqvv5/_dynamo/bytecode_transformation.py
  Moving to /share/home/yuan/.conda/envs/mi_torch_cu118/lib/python3.10/site-packages/torch/_dynamo/cache_size.py
   from /tmp/pip-uninstall-30rrqvv5/_dynamo/cache_size.py
  Moving to /share/home/yuan/.conda/envs/mi_torch_cu118/lib/python3.10/site-packages/torch/_dynamo/callback.py
   from /tmp/pip-uninstall-30rrqvv5/_dynamo/callback.py
  Moving to /share/home/yuan/.conda/envs/mi_torch_cu118/lib/python3.10/site-packages/torch/_dynamo/code_context.py
   from /tmp/pip-uninstall-30rrqvv5/_dynamo/code_context.py
  Moving to /share/home/yuan/.conda/envs/mi_torch_cu118/lib/python3.10/site-packages/torch/_dynamo/codegen.py
   from /tmp/pip-uninstall-30rrqvv5/_dynamo/codegen.py
  Moving to /share/home/yuan/.conda/envs/mi_torch_cu118/lib/python3.10/site-packages/torch/_dynamo/compiled_autograd.py
   from /tmp/pip-uninstall-30rrqvv5/_dynamo/compiled_autograd.py
  Moving to /share/home/yuan/.conda/envs/mi_torch_cu118/lib/python3.10/site-packages/torch/_dynamo/comptime.py
   from /tmp/pip-uninstall-30rrqvv5/_dynamo/comptime.py
  Moving to /share/home/yuan/.conda/envs/mi_torch_cu118/lib/python3.10/site-packages/torch/_dynamo/config.py
   from /tmp/pip-uninstall-30rrqvv5/_dynamo/config.py
  Moving to /share/home/yuan/.conda/envs/mi_torch_cu118/lib/python3.10/site-packages/torch/_dynamo/convert_frame.py
   from /tmp/pip-uninstall-30rrqvv5/_dynamo/convert_frame.py
  Moving to /share/home/yuan/.conda/envs/mi_torch_cu118/lib/python3.10/site-packages/torch/_dynamo/create_parameter_op.py
   from /tmp/pip-uninstall-30rrqvv5/_dynamo/create_parameter_op.py
  Moving to /share/home/yuan/.conda/envs/mi_torch_cu118/lib/python3.10/site-packages/torch/_dynamo/current_scope_id.py
   from /tmp/pip-uninstall-30rrqvv5/_dynamo/current_scope_id.py
  Moving to /share/home/yuan/.conda/envs/mi_torch_cu118/lib/python3.10/site-packages/torch/_dynamo/debug_utils.py
   from /tmp/pip-uninstall-30rrqvv5/_dynamo/debug_utils.py
  Moving to /share/home/yuan/.conda/envs/mi_torch_cu118/lib/python3.10/site-packages/torch/_dynamo/decorators.py
   from /tmp/pip-uninstall-30rrqvv5/_dynamo/decorators.py
  Moving to /share/home/yuan/.conda/envs/mi_torch_cu118/lib/python3.10/site-packages/torch/_dynamo/device_interface.py
   from /tmp/pip-uninstall-30rrqvv5/_dynamo/device_interface.py
  Moving to /share/home/yuan/.conda/envs/mi_torch_cu118/lib/python3.10/site-packages/torch/_dynamo/distributed.py
   from /tmp/pip-uninstall-30rrqvv5/_dynamo/distributed.py
  Moving to /share/home/yuan/.conda/envs/mi_torch_cu118/lib/python3.10/site-packages/torch/_dynamo/eval_frame.py
   from /tmp/pip-uninstall-30rrqvv5/_dynamo/eval_frame.py
  Moving to /share/home/yuan/.conda/envs/mi_torch_cu118/lib/python3.10/site-packages/torch/_dynamo/exc.py
   from /tmp/pip-uninstall-30rrqvv5/_dynamo/exc.py
  Moving to /share/home/yuan/.conda/envs/mi_torch_cu118/lib/python3.10/site-packages/torch/_dynamo/external_utils.py
   from /tmp/pip-uninstall-30rrqvv5/_dynamo/external_utils.py
  Moving to /share/home/yuan/.conda/envs/mi_torch_cu118/lib/python3.10/site-packages/torch/_dynamo/funcname_cache.py
   from /tmp/pip-uninstall-30rrqvv5/_dynamo/funcname_cache.py
  Moving to /share/home/yuan/.conda/envs/mi_torch_cu118/lib/python3.10/site-packages/torch/_dynamo/graph_deduplication.py
   from /tmp/pip-uninstall-30rrqvv5/_dynamo/graph_deduplication.py
  Moving to /share/home/yuan/.conda/envs/mi_torch_cu118/lib/python3.10/site-packages/torch/_dynamo/graph_region_tracker.py
   from /tmp/pip-uninstall-30rrqvv5/_dynamo/graph_region_tracker.py
  Moving to /share/home/yuan/.conda/envs/mi_torch_cu118/lib/python3.10/site-packages/torch/_dynamo/guards.py
   from /tmp/pip-uninstall-30rrqvv5/_dynamo/guards.py
  Moving to /share/home/yuan/.conda/envs/mi_torch_cu118/lib/python3.10/site-packages/torch/_dynamo/hooks.py
   from /tmp/pip-uninstall-30rrqvv5/_dynamo/hooks.py
  Moving to /share/home/yuan/.conda/envs/mi_torch_cu118/lib/python3.10/site-packages/torch/_dynamo/logging.py
   from /tmp/pip-uninstall-30rrqvv5/_dynamo/logging.py
  Moving to /share/home/yuan/.conda/envs/mi_torch_cu118/lib/python3.10/site-packages/torch/_dynamo/metrics_context.py
   from /tmp/pip-uninstall-30rrqvv5/_dynamo/metrics_context.py
  Moving to /share/home/yuan/.conda/envs/mi_torch_cu118/lib/python3.10/site-packages/torch/_dynamo/mutation_guard.py
   from /tmp/pip-uninstall-30rrqvv5/_dynamo/mutation_guard.py
  Moving to /share/home/yuan/.conda/envs/mi_torch_cu118/lib/python3.10/site-packages/torch/_dynamo/output_graph.py
   from /tmp/pip-uninstall-30rrqvv5/_dynamo/output_graph.py
  Moving to /share/home/yuan/.conda/envs/mi_torch_cu118/lib/python3.10/site-packages/torch/_dynamo/pgo.py
   from /tmp/pip-uninstall-30rrqvv5/_dynamo/pgo.py
  Moving to /share/home/yuan/.conda/envs/mi_torch_cu118/lib/python3.10/site-packages/torch/_dynamo/polyfills/__init__.py
   from /tmp/pip-uninstall-30rrqvv5/_dynamo/polyfills/__init__.py
  Moving to /share/home/yuan/.conda/envs/mi_torch_cu118/lib/python3.10/site-packages/torch/_dynamo/polyfills/__pycache__/__init__.cpython-310.pyc
   from /tmp/pip-uninstall-30rrqvv5/_dynamo/polyfills/__pycache__/__init__.cpython-310.pyc
  Moving to /share/home/yuan/.conda/envs/mi_torch_cu118/lib/python3.10/site-packages/torch/_dynamo/polyfills/__pycache__/builtins.cpython-310.pyc
   from /tmp/pip-uninstall-30rrqvv5/_dynamo/polyfills/__pycache__/builtins.cpython-310.pyc
  Moving to /share/home/yuan/.conda/envs/mi_torch_cu118/lib/python3.10/site-packages/torch/_dynamo/polyfills/__pycache__/functools.cpython-310.pyc
   from /tmp/pip-uninstall-30rrqvv5/_dynamo/polyfills/__pycache__/functools.cpython-310.pyc
  Moving to /share/home/yuan/.conda/envs/mi_torch_cu118/lib/python3.10/site-packages/torch/_dynamo/polyfills/__pycache__/itertools.cpython-310.pyc
   from /tmp/pip-uninstall-30rrqvv5/_dynamo/polyfills/__pycache__/itertools.cpython-310.pyc
  Moving to /share/home/yuan/.conda/envs/mi_torch_cu118/lib/python3.10/site-packages/torch/_dynamo/polyfills/__pycache__/loader.cpython-310.pyc
   from /tmp/pip-uninstall-30rrqvv5/_dynamo/polyfills/__pycache__/loader.cpython-310.pyc
  Moving to /share/home/yuan/.conda/envs/mi_torch_cu118/lib/python3.10/site-packages/torch/_dynamo/polyfills/__pycache__/operator.cpython-310.pyc
   from /tmp/pip-uninstall-30rrqvv5/_dynamo/polyfills/__pycache__/operator.cpython-310.pyc
  Moving to /share/home/yuan/.conda/envs/mi_torch_cu118/lib/python3.10/site-packages/torch/_dynamo/polyfills/__pycache__/os.cpython-310.pyc
   from /tmp/pip-uninstall-30rrqvv5/_dynamo/polyfills/__pycache__/os.cpython-310.pyc
  Moving to /share/home/yuan/.conda/envs/mi_torch_cu118/lib/python3.10/site-packages/torch/_dynamo/polyfills/__pycache__/pytree.cpython-310.pyc
   from /tmp/pip-uninstall-30rrqvv5/_dynamo/polyfills/__pycache__/pytree.cpython-310.pyc
  Moving to /share/home/yuan/.conda/envs/mi_torch_cu118/lib/python3.10/site-packages/torch/_dynamo/polyfills/__pycache__/sys.cpython-310.pyc
   from /tmp/pip-uninstall-30rrqvv5/_dynamo/polyfills/__pycache__/sys.cpython-310.pyc
  Moving to /share/home/yuan/.conda/envs/mi_torch_cu118/lib/python3.10/site-packages/torch/_dynamo/polyfills/builtins.py
   from /tmp/pip-uninstall-30rrqvv5/_dynamo/polyfills/builtins.py
  Moving to /share/home/yuan/.conda/envs/mi_torch_cu118/lib/python3.10/site-packages/torch/_dynamo/polyfills/functools.py
   from /tmp/pip-uninstall-30rrqvv5/_dynamo/polyfills/functools.py
  Moving to /share/home/yuan/.conda/envs/mi_torch_cu118/lib/python3.10/site-packages/torch/_dynamo/polyfills/itertools.py
   from /tmp/pip-uninstall-30rrqvv5/_dynamo/polyfills/itertools.py
  Moving to /share/home/yuan/.conda/envs/mi_torch_cu118/lib/python3.10/site-packages/torch/_dynamo/polyfills/loader.py
   from /tmp/pip-uninstall-30rrqvv5/_dynamo/polyfills/loader.py
  Moving to /share/home/yuan/.conda/envs/mi_torch_cu118/lib/python3.10/site-packages/torch/_dynamo/polyfills/operator.py
   from /tmp/pip-uninstall-30rrqvv5/_dynamo/polyfills/operator.py
  Moving to /share/home/yuan/.conda/envs/mi_torch_cu118/lib/python3.10/site-packages/torch/_dynamo/polyfills/os.py
   from /tmp/pip-uninstall-30rrqvv5/_dynamo/polyfills/os.py
  Moving to /share/home/yuan/.conda/envs/mi_torch_cu118/lib/python3.10/site-packages/torch/_dynamo/polyfills/pytree.py
   from /tmp/pip-uninstall-30rrqvv5/_dynamo/polyfills/pytree.py
  Moving to /share/home/yuan/.conda/envs/mi_torch_cu118/lib/python3.10/site-packages/torch/_dynamo/polyfills/sys.py
   from /tmp/pip-uninstall-30rrqvv5/_dynamo/polyfills/sys.py
  Moving to /share/home/yuan/.conda/envs/mi_torch_cu118/lib/python3.10/site-packages/torch/_dynamo/profiler.py
   from /tmp/pip-uninstall-30rrqvv5/_dynamo/profiler.py
  Moving to /share/home/yuan/.conda/envs/mi_torch_cu118/lib/python3.10/site-packages/torch/_dynamo/replay_record.py
   from /tmp/pip-uninstall-30rrqvv5/_dynamo/replay_record.py
  Moving to /share/home/yuan/.conda/envs/mi_torch_cu118/lib/python3.10/site-packages/torch/_dynamo/repro/__init__.py
   from /tmp/pip-uninstall-30rrqvv5/_dynamo/repro/__init__.py
  Moving to /share/home/yuan/.conda/envs/mi_torch_cu118/lib/python3.10/site-packages/torch/_dynamo/repro/__pycache__/__init__.cpython-310.pyc
   from /tmp/pip-uninstall-30rrqvv5/_dynamo/repro/__pycache__/__init__.cpython-310.pyc
  Moving to /share/home/yuan/.conda/envs/mi_torch_cu118/lib/python3.10/site-packages/torch/_dynamo/repro/__pycache__/after_aot.cpython-310.pyc
   from /tmp/pip-uninstall-30rrqvv5/_dynamo/repro/__pycache__/after_aot.cpython-310.pyc
  Moving to /share/home/yuan/.conda/envs/mi_torch_cu118/lib/python3.10/site-packages/torch/_dynamo/repro/__pycache__/after_dynamo.cpython-310.pyc
   from /tmp/pip-uninstall-30rrqvv5/_dynamo/repro/__pycache__/after_dynamo.cpython-310.pyc
  Moving to /share/home/yuan/.conda/envs/mi_torch_cu118/lib/python3.10/site-packages/torch/_dynamo/repro/__pycache__/aoti.cpython-310.pyc
   from /tmp/pip-uninstall-30rrqvv5/_dynamo/repro/__pycache__/aoti.cpython-310.pyc
  Moving to /share/home/yuan/.conda/envs/mi_torch_cu118/lib/python3.10/site-packages/torch/_dynamo/repro/after_aot.py
   from /tmp/pip-uninstall-30rrqvv5/_dynamo/repro/after_aot.py
  Moving to /share/home/yuan/.conda/envs/mi_torch_cu118/lib/python3.10/site-packages/torch/_dynamo/repro/after_dynamo.py
   from /tmp/pip-uninstall-30rrqvv5/_dynamo/repro/after_dynamo.py
  Moving to /share/home/yuan/.conda/envs/mi_torch_cu118/lib/python3.10/site-packages/torch/_dynamo/repro/aoti.py
   from /tmp/pip-uninstall-30rrqvv5/_dynamo/repro/aoti.py
  Moving to /share/home/yuan/.conda/envs/mi_torch_cu118/lib/python3.10/site-packages/torch/_dynamo/resume_execution.py
   from /tmp/pip-uninstall-30rrqvv5/_dynamo/resume_execution.py
  Moving to /share/home/yuan/.conda/envs/mi_torch_cu118/lib/python3.10/site-packages/torch/_dynamo/side_effects.py
   from /tmp/pip-uninstall-30rrqvv5/_dynamo/side_effects.py
  Moving to /share/home/yuan/.conda/envs/mi_torch_cu118/lib/python3.10/site-packages/torch/_dynamo/source.py
   from /tmp/pip-uninstall-30rrqvv5/_dynamo/source.py
  Moving to /share/home/yuan/.conda/envs/mi_torch_cu118/lib/python3.10/site-packages/torch/_dynamo/symbolic_convert.py
   from /tmp/pip-uninstall-30rrqvv5/_dynamo/symbolic_convert.py
  Moving to /share/home/yuan/.conda/envs/mi_torch_cu118/lib/python3.10/site-packages/torch/_dynamo/tensor_version_op.py
   from /tmp/pip-uninstall-30rrqvv5/_dynamo/tensor_version_op.py
  Moving to /share/home/yuan/.conda/envs/mi_torch_cu118/lib/python3.10/site-packages/torch/_dynamo/test_case.py
   from /tmp/pip-uninstall-30rrqvv5/_dynamo/test_case.py
  Moving to /share/home/yuan/.conda/envs/mi_torch_cu118/lib/python3.10/site-packages/torch/_dynamo/test_minifier_common.py
   from /tmp/pip-uninstall-30rrqvv5/_dynamo/test_minifier_common.py
  Moving to /share/home/yuan/.conda/envs/mi_torch_cu118/lib/python3.10/site-packages/torch/_dynamo/testing.py
   from /tmp/pip-uninstall-30rrqvv5/_dynamo/testing.py
  Moving to /share/home/yuan/.conda/envs/mi_torch_cu118/lib/python3.10/site-packages/torch/_dynamo/trace_rules.py
   from /tmp/pip-uninstall-30rrqvv5/_dynamo/trace_rules.py
  Moving to /share/home/yuan/.conda/envs/mi_torch_cu118/lib/python3.10/site-packages/torch/_dynamo/types.py
   from /tmp/pip-uninstall-30rrqvv5/_dynamo/types.py
  Moving to /share/home/yuan/.conda/envs/mi_torch_cu118/lib/python3.10/site-packages/torch/_dynamo/utils.py
   from /tmp/pip-uninstall-30rrqvv5/_dynamo/utils.py
  Moving to /share/home/yuan/.conda/envs/mi_torch_cu118/lib/python3.10/site-packages/torch/_dynamo/variables/__init__.py
   from /tmp/pip-uninstall-30rrqvv5/_dynamo/variables/__init__.py
  Moving to /share/home/yuan/.conda/envs/mi_torch_cu118/lib/python3.10/site-packages/torch/_dynamo/variables/__pycache__/__init__.cpython-310.pyc
   from /tmp/pip-uninstall-30rrqvv5/_dynamo/variables/__pycache__/__init__.cpython-310.pyc
  Moving to /share/home/yuan/.conda/envs/mi_torch_cu118/lib/python3.10/site-packages/torch/_dynamo/variables/__pycache__/base.cpython-310.pyc
   from /tmp/pip-uninstall-30rrqvv5/_dynamo/variables/__pycache__/base.cpython-310.pyc
  Moving to /share/home/yuan/.conda/envs/mi_torch_cu118/lib/python3.10/site-packages/torch/_dynamo/variables/__pycache__/builder.cpython-310.pyc
   from /tmp/pip-uninstall-30rrqvv5/_dynamo/variables/__pycache__/builder.cpython-310.pyc
  Moving to /share/home/yuan/.conda/envs/mi_torch_cu118/lib/python3.10/site-packages/torch/_dynamo/variables/__pycache__/builtin.cpython-310.pyc
   from /tmp/pip-uninstall-30rrqvv5/_dynamo/variables/__pycache__/builtin.cpython-310.pyc
  Moving to /share/home/yuan/.conda/envs/mi_torch_cu118/lib/python3.10/site-packages/torch/_dynamo/variables/__pycache__/constant.cpython-310.pyc
   from /tmp/pip-uninstall-30rrqvv5/_dynamo/variables/__pycache__/constant.cpython-310.pyc
  Moving to /share/home/yuan/.conda/envs/mi_torch_cu118/lib/python3.10/site-packages/torch/_dynamo/variables/__pycache__/ctx_manager.cpython-310.pyc
   from /tmp/pip-uninstall-30rrqvv5/_dynamo/variables/__pycache__/ctx_manager.cpython-310.pyc
  Moving to /share/home/yuan/.conda/envs/mi_torch_cu118/lib/python3.10/site-packages/torch/_dynamo/variables/__pycache__/dicts.cpython-310.pyc
   from /tmp/pip-uninstall-30rrqvv5/_dynamo/variables/__pycache__/dicts.cpython-310.pyc
  Moving to /share/home/yuan/.conda/envs/mi_torch_cu118/lib/python3.10/site-packages/torch/_dynamo/variables/__pycache__/distributed.cpython-310.pyc
   from /tmp/pip-uninstall-30rrqvv5/_dynamo/variables/__pycache__/distributed.cpython-310.pyc
  Moving to /share/home/yuan/.conda/envs/mi_torch_cu118/lib/python3.10/site-packages/torch/_dynamo/variables/__pycache__/functions.cpython-310.pyc
   from /tmp/pip-uninstall-30rrqvv5/_dynamo/variables/__pycache__/functions.cpython-310.pyc
  Moving to /share/home/yuan/.conda/envs/mi_torch_cu118/lib/python3.10/site-packages/torch/_dynamo/variables/__pycache__/higher_order_ops.cpython-310.pyc
   from /tmp/pip-uninstall-30rrqvv5/_dynamo/variables/__pycache__/higher_order_ops.cpython-310.pyc
  Moving to /share/home/yuan/.conda/envs/mi_torch_cu118/lib/python3.10/site-packages/torch/_dynamo/variables/__pycache__/iter.cpython-310.pyc
   from /tmp/pip-uninstall-30rrqvv5/_dynamo/variables/__pycache__/iter.cpython-310.pyc
  Moving to /share/home/yuan/.conda/envs/mi_torch_cu118/lib/python3.10/site-packages/torch/_dynamo/variables/__pycache__/lazy.cpython-310.pyc
   from /tmp/pip-uninstall-30rrqvv5/_dynamo/variables/__pycache__/lazy.cpython-310.pyc
  Moving to /share/home/yuan/.conda/envs/mi_torch_cu118/lib/python3.10/site-packages/torch/_dynamo/variables/__pycache__/lists.cpython-310.pyc
   from /tmp/pip-uninstall-30rrqvv5/_dynamo/variables/__pycache__/lists.cpython-310.pyc
  Moving to /share/home/yuan/.conda/envs/mi_torch_cu118/lib/python3.10/site-packages/torch/_dynamo/variables/__pycache__/misc.cpython-310.pyc
   from /tmp/pip-uninstall-30rrqvv5/_dynamo/variables/__pycache__/misc.cpython-310.pyc
  Moving to /share/home/yuan/.conda/envs/mi_torch_cu118/lib/python3.10/site-packages/torch/_dynamo/variables/__pycache__/nn_module.cpython-310.pyc
   from /tmp/pip-uninstall-30rrqvv5/_dynamo/variables/__pycache__/nn_module.cpython-310.pyc
  Moving to /share/home/yuan/.conda/envs/mi_torch_cu118/lib/python3.10/site-packages/torch/_dynamo/variables/__pycache__/optimizer.cpython-310.pyc
   from /tmp/pip-uninstall-30rrqvv5/_dynamo/variables/__pycache__/optimizer.cpython-310.pyc
  Moving to /share/home/yuan/.conda/envs/mi_torch_cu118/lib/python3.10/site-packages/torch/_dynamo/variables/__pycache__/script_object.cpython-310.pyc
   from /tmp/pip-uninstall-30rrqvv5/_dynamo/variables/__pycache__/script_object.cpython-310.pyc
  Moving to /share/home/yuan/.conda/envs/mi_torch_cu118/lib/python3.10/site-packages/torch/_dynamo/variables/__pycache__/sdpa.cpython-310.pyc
   from /tmp/pip-uninstall-30rrqvv5/_dynamo/variables/__pycache__/sdpa.cpython-310.pyc
  Moving to /share/home/yuan/.conda/envs/mi_torch_cu118/lib/python3.10/site-packages/torch/_dynamo/variables/__pycache__/tensor.cpython-310.pyc
   from /tmp/pip-uninstall-30rrqvv5/_dynamo/variables/__pycache__/tensor.cpython-310.pyc
  Moving to /share/home/yuan/.conda/envs/mi_torch_cu118/lib/python3.10/site-packages/torch/_dynamo/variables/__pycache__/torch.cpython-310.pyc
   from /tmp/pip-uninstall-30rrqvv5/_dynamo/variables/__pycache__/torch.cpython-310.pyc
  Moving to /share/home/yuan/.conda/envs/mi_torch_cu118/lib/python3.10/site-packages/torch/_dynamo/variables/__pycache__/torch_function.cpython-310.pyc
   from /tmp/pip-uninstall-30rrqvv5/_dynamo/variables/__pycache__/torch_function.cpython-310.pyc
  Moving to /share/home/yuan/.conda/envs/mi_torch_cu118/lib/python3.10/site-packages/torch/_dynamo/variables/__pycache__/user_defined.cpython-310.pyc
   from /tmp/pip-uninstall-30rrqvv5/_dynamo/variables/__pycache__/user_defined.cpython-310.pyc
  Moving to /share/home/yuan/.conda/envs/mi_torch_cu118/lib/python3.10/site-packages/torch/_dynamo/variables/base.py
   from /tmp/pip-uninstall-30rrqvv5/_dynamo/variables/base.py
  Moving to /share/home/yuan/.conda/envs/mi_torch_cu118/lib/python3.10/site-packages/torch/_dynamo/variables/builder.py
   from /tmp/pip-uninstall-30rrqvv5/_dynamo/variables/builder.py
  Moving to /share/home/yuan/.conda/envs/mi_torch_cu118/lib/python3.10/site-packages/torch/_dynamo/variables/builtin.py
   from /tmp/pip-uninstall-30rrqvv5/_dynamo/variables/builtin.py
  Moving to /share/home/yuan/.conda/envs/mi_torch_cu118/lib/python3.10/site-packages/torch/_dynamo/variables/constant.py
   from /tmp/pip-uninstall-30rrqvv5/_dynamo/variables/constant.py
  Moving to /share/home/yuan/.conda/envs/mi_torch_cu118/lib/python3.10/site-packages/torch/_dynamo/variables/ctx_manager.py
   from /tmp/pip-uninstall-30rrqvv5/_dynamo/variables/ctx_manager.py
  Moving to /share/home/yuan/.conda/envs/mi_torch_cu118/lib/python3.10/site-packages/torch/_dynamo/variables/dicts.py
   from /tmp/pip-uninstall-30rrqvv5/_dynamo/variables/dicts.py
  Moving to /share/home/yuan/.conda/envs/mi_torch_cu118/lib/python3.10/site-packages/torch/_dynamo/variables/distributed.py
   from /tmp/pip-uninstall-30rrqvv5/_dynamo/variables/distributed.py
  Moving to /share/home/yuan/.conda/envs/mi_torch_cu118/lib/python3.10/site-packages/torch/_dynamo/variables/functions.py
   from /tmp/pip-uninstall-30rrqvv5/_dynamo/variables/functions.py
  Moving to /share/home/yuan/.conda/envs/mi_torch_cu118/lib/python3.10/site-packages/torch/_dynamo/variables/higher_order_ops.py
   from /tmp/pip-uninstall-30rrqvv5/_dynamo/variables/higher_order_ops.py
  Moving to /share/home/yuan/.conda/envs/mi_torch_cu118/lib/python3.10/site-packages/torch/_dynamo/variables/iter.py
   from /tmp/pip-uninstall-30rrqvv5/_dynamo/variables/iter.py
  Moving to /share/home/yuan/.conda/envs/mi_torch_cu118/lib/python3.10/site-packages/torch/_dynamo/variables/lazy.py
   from /tmp/pip-uninstall-30rrqvv5/_dynamo/variables/lazy.py
  Moving to /share/home/yuan/.conda/envs/mi_torch_cu118/lib/python3.10/site-packages/torch/_dynamo/variables/lists.py
   from /tmp/pip-uninstall-30rrqvv5/_dynamo/variables/lists.py
  Moving to /share/home/yuan/.conda/envs/mi_torch_cu118/lib/python3.10/site-packages/torch/_dynamo/variables/misc.py
   from /tmp/pip-uninstall-30rrqvv5/_dynamo/variables/misc.py
  Moving to /share/home/yuan/.conda/envs/mi_torch_cu118/lib/python3.10/site-packages/torch/_dynamo/variables/nn_module.py
   from /tmp/pip-uninstall-30rrqvv5/_dynamo/variables/nn_module.py
  Moving to /share/home/yuan/.conda/envs/mi_torch_cu118/lib/python3.10/site-packages/torch/_dynamo/variables/optimizer.py
   from /tmp/pip-uninstall-30rrqvv5/_dynamo/variables/optimizer.py
  Moving to /share/home/yuan/.conda/envs/mi_torch_cu118/lib/python3.10/site-packages/torch/_dynamo/variables/script_object.py
   from /tmp/pip-uninstall-30rrqvv5/_dynamo/variables/script_object.py
  Moving to /share/home/yuan/.conda/envs/mi_torch_cu118/lib/python3.10/site-packages/torch/_dynamo/variables/sdpa.py
   from /tmp/pip-uninstall-30rrqvv5/_dynamo/variables/sdpa.py
  Moving to /share/home/yuan/.conda/envs/mi_torch_cu118/lib/python3.10/site-packages/torch/_dynamo/variables/tensor.py
   from /tmp/pip-uninstall-30rrqvv5/_dynamo/variables/tensor.py
  Moving to /share/home/yuan/.conda/envs/mi_torch_cu118/lib/python3.10/site-packages/torch/_dynamo/variables/torch.py
   from /tmp/pip-uninstall-30rrqvv5/_dynamo/variables/torch.py
  Moving to /share/home/yuan/.conda/envs/mi_torch_cu118/lib/python3.10/site-packages/torch/_dynamo/variables/torch_function.py
   from /tmp/pip-uninstall-30rrqvv5/_dynamo/variables/torch_function.py
  Moving to /share/home/yuan/.conda/envs/mi_torch_cu118/lib/python3.10/site-packages/torch/_dynamo/variables/user_defined.py
   from /tmp/pip-uninstall-30rrqvv5/_dynamo/variables/user_defined.py
  Moving to /share/home/yuan/.conda/envs/mi_torch_cu118/lib/python3.10/site-packages/torch/_environment.py
   from /tmp/pip-uninstall-30rrqvv5/_environment.py
  Moving to /share/home/yuan/.conda/envs/mi_torch_cu118/lib/python3.10/site-packages/torch/_export/__init__.py
   from /tmp/pip-uninstall-30rrqvv5/_export/__init__.py
  Moving to /share/home/yuan/.conda/envs/mi_torch_cu118/lib/python3.10/site-packages/torch/_export/__pycache__/__init__.cpython-310.pyc
   from /tmp/pip-uninstall-30rrqvv5/_export/__pycache__/__init__.cpython-310.pyc
  Moving to /share/home/yuan/.conda/envs/mi_torch_cu118/lib/python3.10/site-packages/torch/_export/__pycache__/converter.cpython-310.pyc
   from /tmp/pip-uninstall-30rrqvv5/_export/__pycache__/converter.cpython-310.pyc
  Moving to /share/home/yuan/.conda/envs/mi_torch_cu118/lib/python3.10/site-packages/torch/_export/__pycache__/error.cpython-310.pyc
   from /tmp/pip-uninstall-30rrqvv5/_export/__pycache__/error.cpython-310.pyc
  Moving to /share/home/yuan/.conda/envs/mi_torch_cu118/lib/python3.10/site-packages/torch/_export/__pycache__/non_strict_utils.cpython-310.pyc
   from /tmp/pip-uninstall-30rrqvv5/_export/__pycache__/non_strict_utils.cpython-310.pyc
  Moving to /share/home/yuan/.conda/envs/mi_torch_cu118/lib/python3.10/site-packages/torch/_export/__pycache__/pass_base.cpython-310.pyc
   from /tmp/pip-uninstall-30rrqvv5/_export/__pycache__/pass_base.cpython-310.pyc
  Moving to /share/home/yuan/.conda/envs/mi_torch_cu118/lib/python3.10/site-packages/torch/_export/__pycache__/tools.cpython-310.pyc
   from /tmp/pip-uninstall-30rrqvv5/_export/__pycache__/tools.cpython-310.pyc
  Moving to /share/home/yuan/.conda/envs/mi_torch_cu118/lib/python3.10/site-packages/torch/_export/__pycache__/utils.cpython-310.pyc
   from /tmp/pip-uninstall-30rrqvv5/_export/__pycache__/utils.cpython-310.pyc
  Moving to /share/home/yuan/.conda/envs/mi_torch_cu118/lib/python3.10/site-packages/torch/_export/__pycache__/verifier.cpython-310.pyc
   from /tmp/pip-uninstall-30rrqvv5/_export/__pycache__/verifier.cpython-310.pyc
  Moving to /share/home/yuan/.conda/envs/mi_torch_cu118/lib/python3.10/site-packages/torch/_export/__pycache__/wrappers.cpython-310.pyc
   from /tmp/pip-uninstall-30rrqvv5/_export/__pycache__/wrappers.cpython-310.pyc
  Moving to /share/home/yuan/.conda/envs/mi_torch_cu118/lib/python3.10/site-packages/torch/_export/converter.py
   from /tmp/pip-uninstall-30rrqvv5/_export/converter.py
  Moving to /share/home/yuan/.conda/envs/mi_torch_cu118/lib/python3.10/site-packages/torch/_export/db/__init__.py
   from /tmp/pip-uninstall-30rrqvv5/_export/db/__init__.py
  Moving to /share/home/yuan/.conda/envs/mi_torch_cu118/lib/python3.10/site-packages/torch/_export/db/__pycache__/__init__.cpython-310.pyc
   from /tmp/pip-uninstall-30rrqvv5/_export/db/__pycache__/__init__.cpython-310.pyc
  Moving to /share/home/yuan/.conda/envs/mi_torch_cu118/lib/python3.10/site-packages/torch/_export/db/__pycache__/case.cpython-310.pyc
   from /tmp/pip-uninstall-30rrqvv5/_export/db/__pycache__/case.cpython-310.pyc
  Moving to /share/home/yuan/.conda/envs/mi_torch_cu118/lib/python3.10/site-packages/torch/_export/db/__pycache__/gen_example.cpython-310.pyc
   from /tmp/pip-uninstall-30rrqvv5/_export/db/__pycache__/gen_example.cpython-310.pyc
  Moving to /share/home/yuan/.conda/envs/mi_torch_cu118/lib/python3.10/site-packages/torch/_export/db/__pycache__/logging.cpython-310.pyc
   from /tmp/pip-uninstall-30rrqvv5/_export/db/__pycache__/logging.cpython-310.pyc
  Moving to /share/home/yuan/.conda/envs/mi_torch_cu118/lib/python3.10/site-packages/torch/_export/db/case.py
   from /tmp/pip-uninstall-30rrqvv5/_export/db/case.py
  Moving to /share/home/yuan/.conda/envs/mi_torch_cu118/lib/python3.10/site-packages/torch/_export/db/examples/__init__.py
   from /tmp/pip-uninstall-30rrqvv5/_export/db/examples/__init__.py
  Moving to /share/home/yuan/.conda/envs/mi_torch_cu118/lib/python3.10/site-packages/torch/_export/db/examples/__pycache__/__init__.cpython-310.pyc
   from /tmp/pip-uninstall-30rrqvv5/_export/db/examples/__pycache__/__init__.cpython-310.pyc
  Moving to /share/home/yuan/.conda/envs/mi_torch_cu118/lib/python3.10/site-packages/torch/_export/db/examples/__pycache__/assume_constant_result.cpython-310.pyc
   from /tmp/pip-uninstall-30rrqvv5/_export/db/examples/__pycache__/assume_constant_result.cpython-310.pyc
  Moving to /share/home/yuan/.conda/envs/mi_torch_cu118/lib/python3.10/site-packages/torch/_export/db/examples/__pycache__/autograd_function.cpython-310.pyc
   from /tmp/pip-uninstall-30rrqvv5/_export/db/examples/__pycache__/autograd_function.cpython-310.pyc
  Moving to /share/home/yuan/.conda/envs/mi_torch_cu118/lib/python3.10/site-packages/torch/_export/db/examples/__pycache__/class_method.cpython-310.pyc
   from /tmp/pip-uninstall-30rrqvv5/_export/db/examples/__pycache__/class_method.cpython-310.pyc
  Moving to /share/home/yuan/.conda/envs/mi_torch_cu118/lib/python3.10/site-packages/torch/_export/db/examples/__pycache__/cond_branch_class_method.cpython-310.pyc
   from /tmp/pip-uninstall-30rrqvv5/_export/db/examples/__pycache__/cond_branch_class_method.cpython-310.pyc
  Moving to /share/home/yuan/.conda/envs/mi_torch_cu118/lib/python3.10/site-packages/torch/_export/db/examples/__pycache__/cond_branch_nested_function.cpython-310.pyc
   from /tmp/pip-uninstall-30rrqvv5/_export/db/examples/__pycache__/cond_branch_nested_function.cpython-310.pyc
  Moving to /share/home/yuan/.conda/envs/mi_torch_cu118/lib/python3.10/site-packages/torch/_export/db/examples/__pycache__/cond_branch_nonlocal_variables.cpython-310.pyc
   from /tmp/pip-uninstall-30rrqvv5/_export/db/examples/__pycache__/cond_branch_nonlocal_variables.cpython-310.pyc
  Moving to /share/home/yuan/.conda/envs/mi_torch_cu118/lib/python3.10/site-packages/torch/_export/db/examples/__pycache__/cond_closed_over_variable.cpython-310.pyc
   from /tmp/pip-uninstall-30rrqvv5/_export/db/examples/__pycache__/cond_closed_over_variable.cpython-310.pyc
  Moving to /share/home/yuan/.conda/envs/mi_torch_cu118/lib/python3.10/site-packages/torch/_export/db/examples/__pycache__/cond_operands.cpython-310.pyc
   from /tmp/pip-uninstall-30rrqvv5/_export/db/examples/__pycache__/cond_operands.cpython-310.pyc
  Moving to /share/home/yuan/.conda/envs/mi_torch_cu118/lib/python3.10/site-packages/torch/_export/db/examples/__pycache__/cond_predicate.cpython-310.pyc
   from /tmp/pip-uninstall-30rrqvv5/_export/db/examples/__pycache__/cond_predicate.cpython-310.pyc
  Moving to /share/home/yuan/.conda/envs/mi_torch_cu118/lib/python3.10/site-packages/torch/_export/db/examples/__pycache__/constrain_as_size_example.cpython-310.pyc
   from /tmp/pip-uninstall-30rrqvv5/_export/db/examples/__pycache__/constrain_as_size_example.cpython-310.pyc
  Moving to /share/home/yuan/.conda/envs/mi_torch_cu118/lib/python3.10/site-packages/torch/_export/db/examples/__pycache__/constrain_as_value_example.cpython-310.pyc
   from /tmp/pip-uninstall-30rrqvv5/_export/db/examples/__pycache__/constrain_as_value_example.cpython-310.pyc
  Moving to /share/home/yuan/.conda/envs/mi_torch_cu118/lib/python3.10/site-packages/torch/_export/db/examples/__pycache__/decorator.cpython-310.pyc
   from /tmp/pip-uninstall-30rrqvv5/_export/db/examples/__pycache__/decorator.cpython-310.pyc
  Moving to /share/home/yuan/.conda/envs/mi_torch_cu118/lib/python3.10/site-packages/torch/_export/db/examples/__pycache__/dictionary.cpython-310.pyc
   from /tmp/pip-uninstall-30rrqvv5/_export/db/examples/__pycache__/dictionary.cpython-310.pyc
  Moving to /share/home/yuan/.conda/envs/mi_torch_cu118/lib/python3.10/site-packages/torch/_export/db/examples/__pycache__/dynamic_shape_assert.cpython-310.pyc
   from /tmp/pip-uninstall-30rrqvv5/_export/db/examples/__pycache__/dynamic_shape_assert.cpython-310.pyc
  Moving to /share/home/yuan/.conda/envs/mi_torch_cu118/lib/python3.10/site-packages/torch/_export/db/examples/__pycache__/dynamic_shape_constructor.cpython-310.pyc
   from /tmp/pip-uninstall-30rrqvv5/_export/db/examples/__pycache__/dynamic_shape_constructor.cpython-310.pyc
  Moving to /share/home/yuan/.conda/envs/mi_torch_cu118/lib/python3.10/site-packages/torch/_export/db/examples/__pycache__/dynamic_shape_if_guard.cpython-310.pyc
   from /tmp/pip-uninstall-30rrqvv5/_export/db/examples/__pycache__/dynamic_shape_if_guard.cpython-310.pyc
  Moving to /share/home/yuan/.conda/envs/mi_torch_cu118/lib/python3.10/site-packages/torch/_export/db/examples/__pycache__/dynamic_shape_map.cpython-310.pyc
   from /tmp/pip-uninstall-30rrqvv5/_export/db/examples/__pycache__/dynamic_shape_map.cpython-310.pyc
  Moving to /share/home/yuan/.conda/envs/mi_torch_cu118/lib/python3.10/site-packages/torch/_export/db/examples/__pycache__/dynamic_shape_round.cpython-310.pyc
   from /tmp/pip-uninstall-30rrqvv5/_export/db/examples/__pycache__/dynamic_shape_round.cpython-310.pyc
  Moving to /share/home/yuan/.conda/envs/mi_torch_cu118/lib/python3.10/site-packages/torch/_export/db/examples/__pycache__/dynamic_shape_slicing.cpython-310.pyc
   from /tmp/pip-uninstall-30rrqvv5/_export/db/examples/__pycache__/dynamic_shape_slicing.cpython-310.pyc
  Moving to /share/home/yuan/.conda/envs/mi_torch_cu118/lib/python3.10/site-packages/torch/_export/db/examples/__pycache__/dynamic_shape_view.cpython-310.pyc
   from /tmp/pip-uninstall-30rrqvv5/_export/db/examples/__pycache__/dynamic_shape_view.cpython-310.pyc
  Moving to /share/home/yuan/.conda/envs/mi_torch_cu118/lib/python3.10/site-packages/torch/_export/db/examples/__pycache__/fn_with_kwargs.cpython-310.pyc
   from /tmp/pip-uninstall-30rrqvv5/_export/db/examples/__pycache__/fn_with_kwargs.cpython-310.pyc
  Moving to /share/home/yuan/.conda/envs/mi_torch_cu118/lib/python3.10/site-packages/torch/_export/db/examples/__pycache__/list_contains.cpython-310.pyc
   from /tmp/pip-uninstall-30rrqvv5/_export/db/examples/__pycache__/list_contains.cpython-310.pyc
  Moving to /share/home/yuan/.conda/envs/mi_torch_cu118/lib/python3.10/site-packages/torch/_export/db/examples/__pycache__/list_unpack.cpython-310.pyc
   from /tmp/pip-uninstall-30rrqvv5/_export/db/examples/__pycache__/list_unpack.cpython-310.pyc
  Moving to /share/home/yuan/.conda/envs/mi_torch_cu118/lib/python3.10/site-packages/torch/_export/db/examples/__pycache__/model_attr_mutation.cpython-310.pyc
   from /tmp/pip-uninstall-30rrqvv5/_export/db/examples/__pycache__/model_attr_mutation.cpython-310.pyc
  Moving to /share/home/yuan/.conda/envs/mi_torch_cu118/lib/python3.10/site-packages/torch/_export/db/examples/__pycache__/nested_function.cpython-310.pyc
   from /tmp/pip-uninstall-30rrqvv5/_export/db/examples/__pycache__/nested_function.cpython-310.pyc
  Moving to /share/home/yuan/.conda/envs/mi_torch_cu118/lib/python3.10/site-packages/torch/_export/db/examples/__pycache__/null_context_manager.cpython-310.pyc
   from /tmp/pip-uninstall-30rrqvv5/_export/db/examples/__pycache__/null_context_manager.cpython-310.pyc
  Moving to /share/home/yuan/.conda/envs/mi_torch_cu118/lib/python3.10/site-packages/torch/_export/db/examples/__pycache__/optional_input.cpython-310.pyc
   from /tmp/pip-uninstall-30rrqvv5/_export/db/examples/__pycache__/optional_input.cpython-310.pyc
  Moving to /share/home/yuan/.conda/envs/mi_torch_cu118/lib/python3.10/site-packages/torch/_export/db/examples/__pycache__/pytree_flatten.cpython-310.pyc
   from /tmp/pip-uninstall-30rrqvv5/_export/db/examples/__pycache__/pytree_flatten.cpython-310.pyc
  Moving to /share/home/yuan/.conda/envs/mi_torch_cu118/lib/python3.10/site-packages/torch/_export/db/examples/__pycache__/scalar_output.cpython-310.pyc
   from /tmp/pip-uninstall-30rrqvv5/_export/db/examples/__pycache__/scalar_output.cpython-310.pyc
  Moving to /share/home/yuan/.conda/envs/mi_torch_cu118/lib/python3.10/site-packages/torch/_export/db/examples/__pycache__/specialized_attribute.cpython-310.pyc
   from /tmp/pip-uninstall-30rrqvv5/_export/db/examples/__pycache__/specialized_attribute.cpython-310.pyc
  Moving to /share/home/yuan/.conda/envs/mi_torch_cu118/lib/python3.10/site-packages/torch/_export/db/examples/__pycache__/static_for_loop.cpython-310.pyc
   from /tmp/pip-uninstall-30rrqvv5/_export/db/examples/__pycache__/static_for_loop.cpython-310.pyc
  Moving to /share/home/yuan/.conda/envs/mi_torch_cu118/lib/python3.10/site-packages/torch/_export/db/examples/__pycache__/static_if.cpython-310.pyc
   from /tmp/pip-uninstall-30rrqvv5/_export/db/examples/__pycache__/static_if.cpython-310.pyc
  Moving to /share/home/yuan/.conda/envs/mi_torch_cu118/lib/python3.10/site-packages/torch/_export/db/examples/__pycache__/tensor_setattr.cpython-310.pyc
   from /tmp/pip-uninstall-30rrqvv5/_export/db/examples/__pycache__/tensor_setattr.cpython-310.pyc
  Moving to /share/home/yuan/.conda/envs/mi_torch_cu118/lib/python3.10/site-packages/torch/_export/db/examples/__pycache__/type_reflection_method.cpython-310.pyc
   from /tmp/pip-uninstall-30rrqvv5/_export/db/examples/__pycache__/type_reflection_method.cpython-310.pyc
  Moving to /share/home/yuan/.conda/envs/mi_torch_cu118/lib/python3.10/site-packages/torch/_export/db/examples/__pycache__/unsupported_operator.cpython-310.pyc
   from /tmp/pip-uninstall-30rrqvv5/_export/db/examples/__pycache__/unsupported_operator.cpython-310.pyc
  Moving to /share/home/yuan/.conda/envs/mi_torch_cu118/lib/python3.10/site-packages/torch/_export/db/examples/__pycache__/user_input_mutation.cpython-310.pyc
   from /tmp/pip-uninstall-30rrqvv5/_export/db/examples/__pycache__/user_input_mutation.cpython-310.pyc
  Moving to /share/home/yuan/.conda/envs/mi_torch_cu118/lib/python3.10/site-packages/torch/_export/db/examples/assume_constant_result.py
   from /tmp/pip-uninstall-30rrqvv5/_export/db/examples/assume_constant_result.py
  Moving to /share/home/yuan/.conda/envs/mi_torch_cu118/lib/python3.10/site-packages/torch/_export/db/examples/autograd_function.py
   from /tmp/pip-uninstall-30rrqvv5/_export/db/examples/autograd_function.py
  Moving to /share/home/yuan/.conda/envs/mi_torch_cu118/lib/python3.10/site-packages/torch/_export/db/examples/class_method.py
   from /tmp/pip-uninstall-30rrqvv5/_export/db/examples/class_method.py
  Moving to /share/home/yuan/.conda/envs/mi_torch_cu118/lib/python3.10/site-packages/torch/_export/db/examples/cond_branch_class_method.py
   from /tmp/pip-uninstall-30rrqvv5/_export/db/examples/cond_branch_class_method.py
  Moving to /share/home/yuan/.conda/envs/mi_torch_cu118/lib/python3.10/site-packages/torch/_export/db/examples/cond_branch_nested_function.py
   from /tmp/pip-uninstall-30rrqvv5/_export/db/examples/cond_branch_nested_function.py
  Moving to /share/home/yuan/.conda/envs/mi_torch_cu118/lib/python3.10/site-packages/torch/_export/db/examples/cond_branch_nonlocal_variables.py
   from /tmp/pip-uninstall-30rrqvv5/_export/db/examples/cond_branch_nonlocal_variables.py
  Moving to /share/home/yuan/.conda/envs/mi_torch_cu118/lib/python3.10/site-packages/torch/_export/db/examples/cond_closed_over_variable.py
   from /tmp/pip-uninstall-30rrqvv5/_export/db/examples/cond_closed_over_variable.py
  Moving to /share/home/yuan/.conda/envs/mi_torch_cu118/lib/python3.10/site-packages/torch/_export/db/examples/cond_operands.py
   from /tmp/pip-uninstall-30rrqvv5/_export/db/examples/cond_operands.py
  Moving to /share/home/yuan/.conda/envs/mi_torch_cu118/lib/python3.10/site-packages/torch/_export/db/examples/cond_predicate.py
   from /tmp/pip-uninstall-30rrqvv5/_export/db/examples/cond_predicate.py
  Moving to /share/home/yuan/.conda/envs/mi_torch_cu118/lib/python3.10/site-packages/torch/_export/db/examples/constrain_as_size_example.py
   from /tmp/pip-uninstall-30rrqvv5/_export/db/examples/constrain_as_size_example.py
  Moving to /share/home/yuan/.conda/envs/mi_torch_cu118/lib/python3.10/site-packages/torch/_export/db/examples/constrain_as_value_example.py
   from /tmp/pip-uninstall-30rrqvv5/_export/db/examples/constrain_as_value_example.py
  Moving to /share/home/yuan/.conda/envs/mi_torch_cu118/lib/python3.10/site-packages/torch/_export/db/examples/decorator.py
   from /tmp/pip-uninstall-30rrqvv5/_export/db/examples/decorator.py
  Moving to /share/home/yuan/.conda/envs/mi_torch_cu118/lib/python3.10/site-packages/torch/_export/db/examples/dictionary.py
   from /tmp/pip-uninstall-30rrqvv5/_export/db/examples/dictionary.py
  Moving to /share/home/yuan/.conda/envs/mi_torch_cu118/lib/python3.10/site-packages/torch/_export/db/examples/dynamic_shape_assert.py
   from /tmp/pip-uninstall-30rrqvv5/_export/db/examples/dynamic_shape_assert.py
  Moving to /share/home/yuan/.conda/envs/mi_torch_cu118/lib/python3.10/site-packages/torch/_export/db/examples/dynamic_shape_constructor.py
   from /tmp/pip-uninstall-30rrqvv5/_export/db/examples/dynamic_shape_constructor.py
  Moving to /share/home/yuan/.conda/envs/mi_torch_cu118/lib/python3.10/site-packages/torch/_export/db/examples/dynamic_shape_if_guard.py
   from /tmp/pip-uninstall-30rrqvv5/_export/db/examples/dynamic_shape_if_guard.py
  Moving to /share/home/yuan/.conda/envs/mi_torch_cu118/lib/python3.10/site-packages/torch/_export/db/examples/dynamic_shape_map.py
   from /tmp/pip-uninstall-30rrqvv5/_export/db/examples/dynamic_shape_map.py
  Moving to /share/home/yuan/.conda/envs/mi_torch_cu118/lib/python3.10/site-packages/torch/_export/db/examples/dynamic_shape_round.py
   from /tmp/pip-uninstall-30rrqvv5/_export/db/examples/dynamic_shape_round.py
  Moving to /share/home/yuan/.conda/envs/mi_torch_cu118/lib/python3.10/site-packages/torch/_export/db/examples/dynamic_shape_slicing.py
   from /tmp/pip-uninstall-30rrqvv5/_export/db/examples/dynamic_shape_slicing.py
  Moving to /share/home/yuan/.conda/envs/mi_torch_cu118/lib/python3.10/site-packages/torch/_export/db/examples/dynamic_shape_view.py
   from /tmp/pip-uninstall-30rrqvv5/_export/db/examples/dynamic_shape_view.py
  Moving to /share/home/yuan/.conda/envs/mi_torch_cu118/lib/python3.10/site-packages/torch/_export/db/examples/fn_with_kwargs.py
   from /tmp/pip-uninstall-30rrqvv5/_export/db/examples/fn_with_kwargs.py
  Moving to /share/home/yuan/.conda/envs/mi_torch_cu118/lib/python3.10/site-packages/torch/_export/db/examples/list_contains.py
   from /tmp/pip-uninstall-30rrqvv5/_export/db/examples/list_contains.py
  Moving to /share/home/yuan/.conda/envs/mi_torch_cu118/lib/python3.10/site-packages/torch/_export/db/examples/list_unpack.py
   from /tmp/pip-uninstall-30rrqvv5/_export/db/examples/list_unpack.py
  Moving to /share/home/yuan/.conda/envs/mi_torch_cu118/lib/python3.10/site-packages/torch/_export/db/examples/model_attr_mutation.py
   from /tmp/pip-uninstall-30rrqvv5/_export/db/examples/model_attr_mutation.py
  Moving to /share/home/yuan/.conda/envs/mi_torch_cu118/lib/python3.10/site-packages/torch/_export/db/examples/nested_function.py
   from /tmp/pip-uninstall-30rrqvv5/_export/db/examples/nested_function.py
  Moving to /share/home/yuan/.conda/envs/mi_torch_cu118/lib/python3.10/site-packages/torch/_export/db/examples/null_context_manager.py
   from /tmp/pip-uninstall-30rrqvv5/_export/db/examples/null_context_manager.py
  Moving to /share/home/yuan/.conda/envs/mi_torch_cu118/lib/python3.10/site-packages/torch/_export/db/examples/optional_input.py
   from /tmp/pip-uninstall-30rrqvv5/_export/db/examples/optional_input.py
  Moving to /share/home/yuan/.conda/envs/mi_torch_cu118/lib/python3.10/site-packages/torch/_export/db/examples/pytree_flatten.py
   from /tmp/pip-uninstall-30rrqvv5/_export/db/examples/pytree_flatten.py
  Moving to /share/home/yuan/.conda/envs/mi_torch_cu118/lib/python3.10/site-packages/torch/_export/db/examples/scalar_output.py
   from /tmp/pip-uninstall-30rrqvv5/_export/db/examples/scalar_output.py
  Moving to /share/home/yuan/.conda/envs/mi_torch_cu118/lib/python3.10/site-packages/torch/_export/db/examples/specialized_attribute.py
   from /tmp/pip-uninstall-30rrqvv5/_export/db/examples/specialized_attribute.py
  Moving to /share/home/yuan/.conda/envs/mi_torch_cu118/lib/python3.10/site-packages/torch/_export/db/examples/static_for_loop.py
   from /tmp/pip-uninstall-30rrqvv5/_export/db/examples/static_for_loop.py
  Moving to /share/home/yuan/.conda/envs/mi_torch_cu118/lib/python3.10/site-packages/torch/_export/db/examples/static_if.py
   from /tmp/pip-uninstall-30rrqvv5/_export/db/examples/static_if.py
  Moving to /share/home/yuan/.conda/envs/mi_torch_cu118/lib/python3.10/site-packages/torch/_export/db/examples/tensor_setattr.py
   from /tmp/pip-uninstall-30rrqvv5/_export/db/examples/tensor_setattr.py
  Moving to /share/home/yuan/.conda/envs/mi_torch_cu118/lib/python3.10/site-packages/torch/_export/db/examples/type_reflection_method.py
   from /tmp/pip-uninstall-30rrqvv5/_export/db/examples/type_reflection_method.py
  Moving to /share/home/yuan/.conda/envs/mi_torch_cu118/lib/python3.10/site-packages/torch/_export/db/examples/unsupported_operator.py
   from /tmp/pip-uninstall-30rrqvv5/_export/db/examples/unsupported_operator.py
  Moving to /share/home/yuan/.conda/envs/mi_torch_cu118/lib/python3.10/site-packages/torch/_export/db/examples/user_input_mutation.py
   from /tmp/pip-uninstall-30rrqvv5/_export/db/examples/user_input_mutation.py
  Moving to /share/home/yuan/.conda/envs/mi_torch_cu118/lib/python3.10/site-packages/torch/_export/db/gen_example.py
   from /tmp/pip-uninstall-30rrqvv5/_export/db/gen_example.py
  Moving to /share/home/yuan/.conda/envs/mi_torch_cu118/lib/python3.10/site-packages/torch/_export/db/logging.py
   from /tmp/pip-uninstall-30rrqvv5/_export/db/logging.py
  Moving to /share/home/yuan/.conda/envs/mi_torch_cu118/lib/python3.10/site-packages/torch/_export/error.py
   from /tmp/pip-uninstall-30rrqvv5/_export/error.py
  Moving to /share/home/yuan/.conda/envs/mi_torch_cu118/lib/python3.10/site-packages/torch/_export/non_strict_utils.py
   from /tmp/pip-uninstall-30rrqvv5/_export/non_strict_utils.py
  Moving to /share/home/yuan/.conda/envs/mi_torch_cu118/lib/python3.10/site-packages/torch/_export/pass_base.py
   from /tmp/pip-uninstall-30rrqvv5/_export/pass_base.py
  Moving to /share/home/yuan/.conda/envs/mi_torch_cu118/lib/python3.10/site-packages/torch/_export/pass_infra/__init__.py
   from /tmp/pip-uninstall-30rrqvv5/_export/pass_infra/__init__.py
  Moving to /share/home/yuan/.conda/envs/mi_torch_cu118/lib/python3.10/site-packages/torch/_export/pass_infra/__pycache__/__init__.cpython-310.pyc
   from /tmp/pip-uninstall-30rrqvv5/_export/pass_infra/__pycache__/__init__.cpython-310.pyc
  Moving to /share/home/yuan/.conda/envs/mi_torch_cu118/lib/python3.10/site-packages/torch/_export/pass_infra/__pycache__/node_metadata.cpython-310.pyc
   from /tmp/pip-uninstall-30rrqvv5/_export/pass_infra/__pycache__/node_metadata.cpython-310.pyc
  Moving to /share/home/yuan/.conda/envs/mi_torch_cu118/lib/python3.10/site-packages/torch/_export/pass_infra/__pycache__/proxy_value.cpython-310.pyc
   from /tmp/pip-uninstall-30rrqvv5/_export/pass_infra/__pycache__/proxy_value.cpython-310.pyc
  Moving to /share/home/yuan/.conda/envs/mi_torch_cu118/lib/python3.10/site-packages/torch/_export/pass_infra/node_metadata.py
   from /tmp/pip-uninstall-30rrqvv5/_export/pass_infra/node_metadata.py
  Moving to /share/home/yuan/.conda/envs/mi_torch_cu118/lib/python3.10/site-packages/torch/_export/pass_infra/proxy_value.py
   from /tmp/pip-uninstall-30rrqvv5/_export/pass_infra/proxy_value.py
  Moving to /share/home/yuan/.conda/envs/mi_torch_cu118/lib/python3.10/site-packages/torch/_export/passes/__init__.py
   from /tmp/pip-uninstall-30rrqvv5/_export/passes/__init__.py
  Moving to /share/home/yuan/.conda/envs/mi_torch_cu118/lib/python3.10/site-packages/torch/_export/passes/__pycache__/__init__.cpython-310.pyc
   from /tmp/pip-uninstall-30rrqvv5/_export/passes/__pycache__/__init__.cpython-310.pyc
  Moving to /share/home/yuan/.conda/envs/mi_torch_cu118/lib/python3.10/site-packages/torch/_export/passes/__pycache__/_node_metadata_hook.cpython-310.pyc
   from /tmp/pip-uninstall-30rrqvv5/_export/passes/__pycache__/_node_metadata_hook.cpython-310.pyc
  Moving to /share/home/yuan/.conda/envs/mi_torch_cu118/lib/python3.10/site-packages/torch/_export/passes/__pycache__/add_runtime_assertions_for_constraints_pass.cpython-310.pyc
   from /tmp/pip-uninstall-30rrqvv5/_export/passes/__pycache__/add_runtime_assertions_for_constraints_pass.cpython-310.pyc
  Moving to /share/home/yuan/.conda/envs/mi_torch_cu118/lib/python3.10/site-packages/torch/_export/passes/__pycache__/collect_tracepoints_pass.cpython-310.pyc
   from /tmp/pip-uninstall-30rrqvv5/_export/passes/__pycache__/collect_tracepoints_pass.cpython-310.pyc
  Moving to /share/home/yuan/.conda/envs/mi_torch_cu118/lib/python3.10/site-packages/torch/_export/passes/__pycache__/constant_folding.cpython-310.pyc
   from /tmp/pip-uninstall-30rrqvv5/_export/passes/__pycache__/constant_folding.cpython-310.pyc
  Moving to /share/home/yuan/.conda/envs/mi_torch_cu118/lib/python3.10/site-packages/torch/_export/passes/__pycache__/functionalize_side_effectful_ops_pass.cpython-310.pyc
   from /tmp/pip-uninstall-30rrqvv5/_export/passes/__pycache__/functionalize_side_effectful_ops_pass.cpython-310.pyc
  Moving to /share/home/yuan/.conda/envs/mi_torch_cu118/lib/python3.10/site-packages/torch/_export/passes/__pycache__/insert_custom_op_guards.cpython-310.pyc
   from /tmp/pip-uninstall-30rrqvv5/_export/passes/__pycache__/insert_custom_op_guards.cpython-310.pyc
  Moving to /share/home/yuan/.conda/envs/mi_torch_cu118/lib/python3.10/site-packages/torch/_export/passes/__pycache__/lift_constants_pass.cpython-310.pyc
   from /tmp/pip-uninstall-30rrqvv5/_export/passes/__pycache__/lift_constants_pass.cpython-310.pyc
  Moving to /share/home/yuan/.conda/envs/mi_torch_cu118/lib/python3.10/site-packages/torch/_export/passes/__pycache__/remove_runtime_assertions.cpython-310.pyc
   from /tmp/pip-uninstall-30rrqvv5/_export/passes/__pycache__/remove_runtime_assertions.cpython-310.pyc
  Moving to /share/home/yuan/.conda/envs/mi_torch_cu118/lib/python3.10/site-packages/torch/_export/passes/__pycache__/replace_autocast_with_hop_pass.cpython-310.pyc
   from /tmp/pip-uninstall-30rrqvv5/_export/passes/__pycache__/replace_autocast_with_hop_pass.cpython-310.pyc
  Moving to /share/home/yuan/.conda/envs/mi_torch_cu118/lib/python3.10/site-packages/torch/_export/passes/__pycache__/replace_quantized_ops_with_standard_ops_pass.cpython-310.pyc
   from /tmp/pip-uninstall-30rrqvv5/_export/passes/__pycache__/replace_quantized_ops_with_standard_ops_pass.cpython-310.pyc
  Moving to /share/home/yuan/.conda/envs/mi_torch_cu118/lib/python3.10/site-packages/torch/_export/passes/__pycache__/replace_set_grad_with_hop_pass.cpython-310.pyc
   from /tmp/pip-uninstall-30rrqvv5/_export/passes/__pycache__/replace_set_grad_with_hop_pass.cpython-310.pyc
  Moving to /share/home/yuan/.conda/envs/mi_torch_cu118/lib/python3.10/site-packages/torch/_export/passes/__pycache__/replace_view_ops_with_view_copy_ops_pass.cpython-310.pyc
   from /tmp/pip-uninstall-30rrqvv5/_export/passes/__pycache__/replace_view_ops_with_view_copy_ops_pass.cpython-310.pyc
  Moving to /share/home/yuan/.conda/envs/mi_torch_cu118/lib/python3.10/site-packages/torch/_export/passes/__pycache__/replace_with_hop_pass_util.cpython-310.pyc
   from /tmp/pip-uninstall-30rrqvv5/_export/passes/__pycache__/replace_with_hop_pass_util.cpython-310.pyc
  Moving to /share/home/yuan/.conda/envs/mi_torch_cu118/lib/python3.10/site-packages/torch/_export/passes/_node_metadata_hook.py
   from /tmp/pip-uninstall-30rrqvv5/_export/passes/_node_metadata_hook.py
  Moving to /share/home/yuan/.conda/envs/mi_torch_cu118/lib/python3.10/site-packages/torch/_export/passes/add_runtime_assertions_for_constraints_pass.py
   from /tmp/pip-uninstall-30rrqvv5/_export/passes/add_runtime_assertions_for_constraints_pass.py
  Moving to /share/home/yuan/.conda/envs/mi_torch_cu118/lib/python3.10/site-packages/torch/_export/passes/collect_tracepoints_pass.py
   from /tmp/pip-uninstall-30rrqvv5/_export/passes/collect_tracepoints_pass.py
  Moving to /share/home/yuan/.conda/envs/mi_torch_cu118/lib/python3.10/site-packages/torch/_export/passes/constant_folding.py
   from /tmp/pip-uninstall-30rrqvv5/_export/passes/constant_folding.py
  Moving to /share/home/yuan/.conda/envs/mi_torch_cu118/lib/python3.10/site-packages/torch/_export/passes/functionalize_side_effectful_ops_pass.py
   from /tmp/pip-uninstall-30rrqvv5/_export/passes/functionalize_side_effectful_ops_pass.py
  Moving to /share/home/yuan/.conda/envs/mi_torch_cu118/lib/python3.10/site-packages/torch/_export/passes/insert_custom_op_guards.py
   from /tmp/pip-uninstall-30rrqvv5/_export/passes/insert_custom_op_guards.py
  Moving to /share/home/yuan/.conda/envs/mi_torch_cu118/lib/python3.10/site-packages/torch/_export/passes/lift_constants_pass.py
   from /tmp/pip-uninstall-30rrqvv5/_export/passes/lift_constants_pass.py
  Moving to /share/home/yuan/.conda/envs/mi_torch_cu118/lib/python3.10/site-packages/torch/_export/passes/remove_runtime_assertions.py
   from /tmp/pip-uninstall-30rrqvv5/_export/passes/remove_runtime_assertions.py
  Moving to /share/home/yuan/.conda/envs/mi_torch_cu118/lib/python3.10/site-packages/torch/_export/passes/replace_autocast_with_hop_pass.py
   from /tmp/pip-uninstall-30rrqvv5/_export/passes/replace_autocast_with_hop_pass.py
  Moving to /share/home/yuan/.conda/envs/mi_torch_cu118/lib/python3.10/site-packages/torch/_export/passes/replace_quantized_ops_with_standard_ops_pass.py
   from /tmp/pip-uninstall-30rrqvv5/_export/passes/replace_quantized_ops_with_standard_ops_pass.py
  Moving to /share/home/yuan/.conda/envs/mi_torch_cu118/lib/python3.10/site-packages/torch/_export/passes/replace_set_grad_with_hop_pass.py
   from /tmp/pip-uninstall-30rrqvv5/_export/passes/replace_set_grad_with_hop_pass.py
  Moving to /share/home/yuan/.conda/envs/mi_torch_cu118/lib/python3.10/site-packages/torch/_export/passes/replace_view_ops_with_view_copy_ops_pass.py
   from /tmp/pip-uninstall-30rrqvv5/_export/passes/replace_view_ops_with_view_copy_ops_pass.py
  Moving to /share/home/yuan/.conda/envs/mi_torch_cu118/lib/python3.10/site-packages/torch/_export/passes/replace_with_hop_pass_util.py
   from /tmp/pip-uninstall-30rrqvv5/_export/passes/replace_with_hop_pass_util.py
  Moving to /share/home/yuan/.conda/envs/mi_torch_cu118/lib/python3.10/site-packages/torch/_export/serde/__init__.py
   from /tmp/pip-uninstall-30rrqvv5/_export/serde/__init__.py
  Moving to /share/home/yuan/.conda/envs/mi_torch_cu118/lib/python3.10/site-packages/torch/_export/serde/__pycache__/__init__.cpython-310.pyc
   from /tmp/pip-uninstall-30rrqvv5/_export/serde/__pycache__/__init__.cpython-310.pyc
  Moving to /share/home/yuan/.conda/envs/mi_torch_cu118/lib/python3.10/site-packages/torch/_export/serde/__pycache__/aoti_schema.cpython-310.pyc
   from /tmp/pip-uninstall-30rrqvv5/_export/serde/__pycache__/aoti_schema.cpython-310.pyc
  Moving to /share/home/yuan/.conda/envs/mi_torch_cu118/lib/python3.10/site-packages/torch/_export/serde/__pycache__/dynamic_shapes.cpython-310.pyc
   from /tmp/pip-uninstall-30rrqvv5/_export/serde/__pycache__/dynamic_shapes.cpython-310.pyc
  Moving to /share/home/yuan/.conda/envs/mi_torch_cu118/lib/python3.10/site-packages/torch/_export/serde/__pycache__/schema.cpython-310.pyc
   from /tmp/pip-uninstall-30rrqvv5/_export/serde/__pycache__/schema.cpython-310.pyc
  Moving to /share/home/yuan/.conda/envs/mi_torch_cu118/lib/python3.10/site-packages/torch/_export/serde/__pycache__/schema_check.cpython-310.pyc
   from /tmp/pip-uninstall-30rrqvv5/_export/serde/__pycache__/schema_check.cpython-310.pyc
  Moving to /share/home/yuan/.conda/envs/mi_torch_cu118/lib/python3.10/site-packages/torch/_export/serde/__pycache__/serialize.cpython-310.pyc
   from /tmp/pip-uninstall-30rrqvv5/_export/serde/__pycache__/serialize.cpython-310.pyc
  Moving to /share/home/yuan/.conda/envs/mi_torch_cu118/lib/python3.10/site-packages/torch/_export/serde/__pycache__/union.cpython-310.pyc
   from /tmp/pip-uninstall-30rrqvv5/_export/serde/__pycache__/union.cpython-310.pyc
  Moving to /share/home/yuan/.conda/envs/mi_torch_cu118/lib/python3.10/site-packages/torch/_export/serde/aoti_schema.py
   from /tmp/pip-uninstall-30rrqvv5/_export/serde/aoti_schema.py
  Moving to /share/home/yuan/.conda/envs/mi_torch_cu118/lib/python3.10/site-packages/torch/_export/serde/dynamic_shapes.py
   from /tmp/pip-uninstall-30rrqvv5/_export/serde/dynamic_shapes.py
  Moving to /share/home/yuan/.conda/envs/mi_torch_cu118/lib/python3.10/site-packages/torch/_export/serde/schema.py
   from /tmp/pip-uninstall-30rrqvv5/_export/serde/schema.py
  Moving to /share/home/yuan/.conda/envs/mi_torch_cu118/lib/python3.10/site-packages/torch/_export/serde/schema.thrift
   from /tmp/pip-uninstall-30rrqvv5/_export/serde/schema.thrift
  Moving to /share/home/yuan/.conda/envs/mi_torch_cu118/lib/python3.10/site-packages/torch/_export/serde/schema.yaml
   from /tmp/pip-uninstall-30rrqvv5/_export/serde/schema.yaml
  Moving to /share/home/yuan/.conda/envs/mi_torch_cu118/lib/python3.10/site-packages/torch/_export/serde/schema_check.py
   from /tmp/pip-uninstall-30rrqvv5/_export/serde/schema_check.py
  Moving to /share/home/yuan/.conda/envs/mi_torch_cu118/lib/python3.10/site-packages/torch/_export/serde/serialize.py
   from /tmp/pip-uninstall-30rrqvv5/_export/serde/serialize.py
  Moving to /share/home/yuan/.conda/envs/mi_torch_cu118/lib/python3.10/site-packages/torch/_export/serde/union.py
   from /tmp/pip-uninstall-30rrqvv5/_export/serde/union.py
  Moving to /share/home/yuan/.conda/envs/mi_torch_cu118/lib/python3.10/site-packages/torch/_export/tools.py
   from /tmp/pip-uninstall-30rrqvv5/_export/tools.py
  Moving to /share/home/yuan/.conda/envs/mi_torch_cu118/lib/python3.10/site-packages/torch/_export/utils.py
   from /tmp/pip-uninstall-30rrqvv5/_export/utils.py
  Moving to /share/home/yuan/.conda/envs/mi_torch_cu118/lib/python3.10/site-packages/torch/_export/verifier.py
   from /tmp/pip-uninstall-30rrqvv5/_export/verifier.py
  Moving to /share/home/yuan/.conda/envs/mi_torch_cu118/lib/python3.10/site-packages/torch/_export/wrappers.py
   from /tmp/pip-uninstall-30rrqvv5/_export/wrappers.py
  Moving to /share/home/yuan/.conda/envs/mi_torch_cu118/lib/python3.10/site-packages/torch/_functorch/__init__.py
   from /tmp/pip-uninstall-30rrqvv5/_functorch/__init__.py
  Moving to /share/home/yuan/.conda/envs/mi_torch_cu118/lib/python3.10/site-packages/torch/_functorch/__pycache__/__init__.cpython-310.pyc
   from /tmp/pip-uninstall-30rrqvv5/_functorch/__pycache__/__init__.cpython-310.pyc
  Moving to /share/home/yuan/.conda/envs/mi_torch_cu118/lib/python3.10/site-packages/torch/_functorch/__pycache__/aot_autograd.cpython-310.pyc
   from /tmp/pip-uninstall-30rrqvv5/_functorch/__pycache__/aot_autograd.cpython-310.pyc
  Moving to /share/home/yuan/.conda/envs/mi_torch_cu118/lib/python3.10/site-packages/torch/_functorch/__pycache__/apis.cpython-310.pyc
   from /tmp/pip-uninstall-30rrqvv5/_functorch/__pycache__/apis.cpython-310.pyc
  Moving to /share/home/yuan/.conda/envs/mi_torch_cu118/lib/python3.10/site-packages/torch/_functorch/__pycache__/autograd_function.cpython-310.pyc
   from /tmp/pip-uninstall-30rrqvv5/_functorch/__pycache__/autograd_function.cpython-310.pyc
  Moving to /share/home/yuan/.conda/envs/mi_torch_cu118/lib/python3.10/site-packages/torch/_functorch/__pycache__/batch_norm_replacement.cpython-310.pyc
   from /tmp/pip-uninstall-30rrqvv5/_functorch/__pycache__/batch_norm_replacement.cpython-310.pyc
  Moving to /share/home/yuan/.conda/envs/mi_torch_cu118/lib/python3.10/site-packages/torch/_functorch/__pycache__/benchmark_utils.cpython-310.pyc
   from /tmp/pip-uninstall-30rrqvv5/_functorch/__pycache__/benchmark_utils.cpython-310.pyc
  Moving to /share/home/yuan/.conda/envs/mi_torch_cu118/lib/python3.10/site-packages/torch/_functorch/__pycache__/compile_utils.cpython-310.pyc
   from /tmp/pip-uninstall-30rrqvv5/_functorch/__pycache__/compile_utils.cpython-310.pyc
  Moving to /share/home/yuan/.conda/envs/mi_torch_cu118/lib/python3.10/site-packages/torch/_functorch/__pycache__/compilers.cpython-310.pyc
   from /tmp/pip-uninstall-30rrqvv5/_functorch/__pycache__/compilers.cpython-310.pyc
  Moving to /share/home/yuan/.conda/envs/mi_torch_cu118/lib/python3.10/site-packages/torch/_functorch/__pycache__/config.cpython-310.pyc
   from /tmp/pip-uninstall-30rrqvv5/_functorch/__pycache__/config.cpython-310.pyc
  Moving to /share/home/yuan/.conda/envs/mi_torch_cu118/lib/python3.10/site-packages/torch/_functorch/__pycache__/deprecated.cpython-310.pyc
   from /tmp/pip-uninstall-30rrqvv5/_functorch/__pycache__/deprecated.cpython-310.pyc
  Moving to /share/home/yuan/.conda/envs/mi_torch_cu118/lib/python3.10/site-packages/torch/_functorch/__pycache__/eager_transforms.cpython-310.pyc
   from /tmp/pip-uninstall-30rrqvv5/_functorch/__pycache__/eager_transforms.cpython-310.pyc
  Moving to /share/home/yuan/.conda/envs/mi_torch_cu118/lib/python3.10/site-packages/torch/_functorch/__pycache__/functional_call.cpython-310.pyc
   from /tmp/pip-uninstall-30rrqvv5/_functorch/__pycache__/functional_call.cpython-310.pyc
  Moving to /share/home/yuan/.conda/envs/mi_torch_cu118/lib/python3.10/site-packages/torch/_functorch/__pycache__/fx_minifier.cpython-310.pyc
   from /tmp/pip-uninstall-30rrqvv5/_functorch/__pycache__/fx_minifier.cpython-310.pyc
  Moving to /share/home/yuan/.conda/envs/mi_torch_cu118/lib/python3.10/site-packages/torch/_functorch/__pycache__/make_functional.cpython-310.pyc
   from /tmp/pip-uninstall-30rrqvv5/_functorch/__pycache__/make_functional.cpython-310.pyc
  Moving to /share/home/yuan/.conda/envs/mi_torch_cu118/lib/python3.10/site-packages/torch/_functorch/__pycache__/partitioners.cpython-310.pyc
   from /tmp/pip-uninstall-30rrqvv5/_functorch/__pycache__/partitioners.cpython-310.pyc
  Moving to /share/home/yuan/.conda/envs/mi_torch_cu118/lib/python3.10/site-packages/torch/_functorch/__pycache__/pyfunctorch.cpython-310.pyc
   from /tmp/pip-uninstall-30rrqvv5/_functorch/__pycache__/pyfunctorch.cpython-310.pyc
  Moving to /share/home/yuan/.conda/envs/mi_torch_cu118/lib/python3.10/site-packages/torch/_functorch/__pycache__/python_key.cpython-310.pyc
   from /tmp/pip-uninstall-30rrqvv5/_functorch/__pycache__/python_key.cpython-310.pyc
  Moving to /share/home/yuan/.conda/envs/mi_torch_cu118/lib/python3.10/site-packages/torch/_functorch/__pycache__/pytree_hacks.cpython-310.pyc
   from /tmp/pip-uninstall-30rrqvv5/_functorch/__pycache__/pytree_hacks.cpython-310.pyc
  Moving to /share/home/yuan/.conda/envs/mi_torch_cu118/lib/python3.10/site-packages/torch/_functorch/__pycache__/top_operators_github_usage.cpython-310.pyc
   from /tmp/pip-uninstall-30rrqvv5/_functorch/__pycache__/top_operators_github_usage.cpython-310.pyc
  Moving to /share/home/yuan/.conda/envs/mi_torch_cu118/lib/python3.10/site-packages/torch/_functorch/__pycache__/utils.cpython-310.pyc
   from /tmp/pip-uninstall-30rrqvv5/_functorch/__pycache__/utils.cpython-310.pyc
  Moving to /share/home/yuan/.conda/envs/mi_torch_cu118/lib/python3.10/site-packages/torch/_functorch/__pycache__/vmap.cpython-310.pyc
   from /tmp/pip-uninstall-30rrqvv5/_functorch/__pycache__/vmap.cpython-310.pyc
  Moving to /share/home/yuan/.conda/envs/mi_torch_cu118/lib/python3.10/site-packages/torch/_functorch/_activation_checkpointing/__init__.py
   from /tmp/pip-uninstall-30rrqvv5/_functorch/_activation_checkpointing/__init__.py
  Moving to /share/home/yuan/.conda/envs/mi_torch_cu118/lib/python3.10/site-packages/torch/_functorch/_activation_checkpointing/__pycache__/__init__.cpython-310.pyc
   from /tmp/pip-uninstall-30rrqvv5/_functorch/_activation_checkpointing/__pycache__/__init__.cpython-310.pyc
  Moving to /share/home/yuan/.conda/envs/mi_torch_cu118/lib/python3.10/site-packages/torch/_functorch/_activation_checkpointing/__pycache__/knapsack.cpython-310.pyc
   from /tmp/pip-uninstall-30rrqvv5/_functorch/_activation_checkpointing/__pycache__/knapsack.cpython-310.pyc
  Moving to /share/home/yuan/.conda/envs/mi_torch_cu118/lib/python3.10/site-packages/torch/_functorch/_activation_checkpointing/knapsack.py
   from /tmp/pip-uninstall-30rrqvv5/_functorch/_activation_checkpointing/knapsack.py
  Moving to /share/home/yuan/.conda/envs/mi_torch_cu118/lib/python3.10/site-packages/torch/_functorch/_aot_autograd/__init__.py
   from /tmp/pip-uninstall-30rrqvv5/_functorch/_aot_autograd/__init__.py
  Moving to /share/home/yuan/.conda/envs/mi_torch_cu118/lib/python3.10/site-packages/torch/_functorch/_aot_autograd/__pycache__/__init__.cpython-310.pyc
   from /tmp/pip-uninstall-30rrqvv5/_functorch/_aot_autograd/__pycache__/__init__.cpython-310.pyc
  Moving to /share/home/yuan/.conda/envs/mi_torch_cu118/lib/python3.10/site-packages/torch/_functorch/_aot_autograd/__pycache__/autograd_cache.cpython-310.pyc
   from /tmp/pip-uninstall-30rrqvv5/_functorch/_aot_autograd/__pycache__/autograd_cache.cpython-310.pyc
  Moving to /share/home/yuan/.conda/envs/mi_torch_cu118/lib/python3.10/site-packages/torch/_functorch/_aot_autograd/__pycache__/collect_metadata_analysis.cpython-310.pyc
   from /tmp/pip-uninstall-30rrqvv5/_functorch/_aot_autograd/__pycache__/collect_metadata_analysis.cpython-310.pyc
  Moving to /share/home/yuan/.conda/envs/mi_torch_cu118/lib/python3.10/site-packages/torch/_functorch/_aot_autograd/__pycache__/dispatch_and_compile_graph.cpython-310.pyc
   from /tmp/pip-uninstall-30rrqvv5/_functorch/_aot_autograd/__pycache__/dispatch_and_compile_graph.cpython-310.pyc
  Moving to /share/home/yuan/.conda/envs/mi_torch_cu118/lib/python3.10/site-packages/torch/_functorch/_aot_autograd/__pycache__/functional_utils.cpython-310.pyc
   from /tmp/pip-uninstall-30rrqvv5/_functorch/_aot_autograd/__pycache__/functional_utils.cpython-310.pyc
  Moving to /share/home/yuan/.conda/envs/mi_torch_cu118/lib/python3.10/site-packages/torch/_functorch/_aot_autograd/__pycache__/input_output_analysis.cpython-310.pyc
   from /tmp/pip-uninstall-30rrqvv5/_functorch/_aot_autograd/__pycache__/input_output_analysis.cpython-310.pyc
  Moving to /share/home/yuan/.conda/envs/mi_torch_cu118/lib/python3.10/site-packages/torch/_functorch/_aot_autograd/__pycache__/jit_compile_runtime_wrappers.cpython-310.pyc
   from /tmp/pip-uninstall-30rrqvv5/_functorch/_aot_autograd/__pycache__/jit_compile_runtime_wrappers.cpython-310.pyc
  Moving to /share/home/yuan/.conda/envs/mi_torch_cu118/lib/python3.10/site-packages/torch/_functorch/_aot_autograd/__pycache__/logging_utils.cpython-310.pyc
   from /tmp/pip-uninstall-30rrqvv5/_functorch/_aot_autograd/__pycache__/logging_utils.cpython-310.pyc
  Moving to /share/home/yuan/.conda/envs/mi_torch_cu118/lib/python3.10/site-packages/torch/_functorch/_aot_autograd/__pycache__/runtime_wrappers.cpython-310.pyc
   from /tmp/pip-uninstall-30rrqvv5/_functorch/_aot_autograd/__pycache__/runtime_wrappers.cpython-310.pyc
  Moving to /share/home/yuan/.conda/envs/mi_torch_cu118/lib/python3.10/site-packages/torch/_functorch/_aot_autograd/__pycache__/schemas.cpython-310.pyc
   from /tmp/pip-uninstall-30rrqvv5/_functorch/_aot_autograd/__pycache__/schemas.cpython-310.pyc
  Moving to /share/home/yuan/.conda/envs/mi_torch_cu118/lib/python3.10/site-packages/torch/_functorch/_aot_autograd/__pycache__/subclass_parametrization.cpython-310.pyc
   from /tmp/pip-uninstall-30rrqvv5/_functorch/_aot_autograd/__pycache__/subclass_parametrization.cpython-310.pyc
  Moving to /share/home/yuan/.conda/envs/mi_torch_cu118/lib/python3.10/site-packages/torch/_functorch/_aot_autograd/__pycache__/subclass_utils.cpython-310.pyc
   from /tmp/pip-uninstall-30rrqvv5/_functorch/_aot_autograd/__pycache__/subclass_utils.cpython-310.pyc
  Moving to /share/home/yuan/.conda/envs/mi_torch_cu118/lib/python3.10/site-packages/torch/_functorch/_aot_autograd/__pycache__/traced_function_transforms.cpython-310.pyc
   from /tmp/pip-uninstall-30rrqvv5/_functorch/_aot_autograd/__pycache__/traced_function_transforms.cpython-310.pyc
  Moving to /share/home/yuan/.conda/envs/mi_torch_cu118/lib/python3.10/site-packages/torch/_functorch/_aot_autograd/__pycache__/utils.cpython-310.pyc
   from /tmp/pip-uninstall-30rrqvv5/_functorch/_aot_autograd/__pycache__/utils.cpython-310.pyc
  Moving to /share/home/yuan/.conda/envs/mi_torch_cu118/lib/python3.10/site-packages/torch/_functorch/_aot_autograd/autograd_cache.py
   from /tmp/pip-uninstall-30rrqvv5/_functorch/_aot_autograd/autograd_cache.py
  Moving to /share/home/yuan/.conda/envs/mi_torch_cu118/lib/python3.10/site-packages/torch/_functorch/_aot_autograd/collect_metadata_analysis.py
   from /tmp/pip-uninstall-30rrqvv5/_functorch/_aot_autograd/collect_metadata_analysis.py
  Moving to /share/home/yuan/.conda/envs/mi_torch_cu118/lib/python3.10/site-packages/torch/_functorch/_aot_autograd/dispatch_and_compile_graph.py
   from /tmp/pip-uninstall-30rrqvv5/_functorch/_aot_autograd/dispatch_and_compile_graph.py
  Moving to /share/home/yuan/.conda/envs/mi_torch_cu118/lib/python3.10/site-packages/torch/_functorch/_aot_autograd/functional_utils.py
   from /tmp/pip-uninstall-30rrqvv5/_functorch/_aot_autograd/functional_utils.py
  Moving to /share/home/yuan/.conda/envs/mi_torch_cu118/lib/python3.10/site-packages/torch/_functorch/_aot_autograd/input_output_analysis.py
   from /tmp/pip-uninstall-30rrqvv5/_functorch/_aot_autograd/input_output_analysis.py
  Moving to /share/home/yuan/.conda/envs/mi_torch_cu118/lib/python3.10/site-packages/torch/_functorch/_aot_autograd/jit_compile_runtime_wrappers.py
   from /tmp/pip-uninstall-30rrqvv5/_functorch/_aot_autograd/jit_compile_runtime_wrappers.py
  Moving to /share/home/yuan/.conda/envs/mi_torch_cu118/lib/python3.10/site-packages/torch/_functorch/_aot_autograd/logging_utils.py
   from /tmp/pip-uninstall-30rrqvv5/_functorch/_aot_autograd/logging_utils.py
  Moving to /share/home/yuan/.conda/envs/mi_torch_cu118/lib/python3.10/site-packages/torch/_functorch/_aot_autograd/runtime_wrappers.py
   from /tmp/pip-uninstall-30rrqvv5/_functorch/_aot_autograd/runtime_wrappers.py
  Moving to /share/home/yuan/.conda/envs/mi_torch_cu118/lib/python3.10/site-packages/torch/_functorch/_aot_autograd/schemas.py
   from /tmp/pip-uninstall-30rrqvv5/_functorch/_aot_autograd/schemas.py
  Moving to /share/home/yuan/.conda/envs/mi_torch_cu118/lib/python3.10/site-packages/torch/_functorch/_aot_autograd/subclass_parametrization.py
   from /tmp/pip-uninstall-30rrqvv5/_functorch/_aot_autograd/subclass_parametrization.py
  Moving to /share/home/yuan/.conda/envs/mi_torch_cu118/lib/python3.10/site-packages/torch/_functorch/_aot_autograd/subclass_utils.py
   from /tmp/pip-uninstall-30rrqvv5/_functorch/_aot_autograd/subclass_utils.py
  Moving to /share/home/yuan/.conda/envs/mi_torch_cu118/lib/python3.10/site-packages/torch/_functorch/_aot_autograd/traced_function_transforms.py
   from /tmp/pip-uninstall-30rrqvv5/_functorch/_aot_autograd/traced_function_transforms.py
  Moving to /share/home/yuan/.conda/envs/mi_torch_cu118/lib/python3.10/site-packages/torch/_functorch/_aot_autograd/utils.py
   from /tmp/pip-uninstall-30rrqvv5/_functorch/_aot_autograd/utils.py
  Moving to /share/home/yuan/.conda/envs/mi_torch_cu118/lib/python3.10/site-packages/torch/_functorch/aot_autograd.py
   from /tmp/pip-uninstall-30rrqvv5/_functorch/aot_autograd.py
  Moving to /share/home/yuan/.conda/envs/mi_torch_cu118/lib/python3.10/site-packages/torch/_functorch/apis.py
   from /tmp/pip-uninstall-30rrqvv5/_functorch/apis.py
  Moving to /share/home/yuan/.conda/envs/mi_torch_cu118/lib/python3.10/site-packages/torch/_functorch/autograd_function.py
   from /tmp/pip-uninstall-30rrqvv5/_functorch/autograd_function.py
  Moving to /share/home/yuan/.conda/envs/mi_torch_cu118/lib/python3.10/site-packages/torch/_functorch/batch_norm_replacement.py
   from /tmp/pip-uninstall-30rrqvv5/_functorch/batch_norm_replacement.py
  Moving to /share/home/yuan/.conda/envs/mi_torch_cu118/lib/python3.10/site-packages/torch/_functorch/benchmark_utils.py
   from /tmp/pip-uninstall-30rrqvv5/_functorch/benchmark_utils.py
  Moving to /share/home/yuan/.conda/envs/mi_torch_cu118/lib/python3.10/site-packages/torch/_functorch/compile_utils.py
   from /tmp/pip-uninstall-30rrqvv5/_functorch/compile_utils.py
  Moving to /share/home/yuan/.conda/envs/mi_torch_cu118/lib/python3.10/site-packages/torch/_functorch/compilers.py
   from /tmp/pip-uninstall-30rrqvv5/_functorch/compilers.py
  Moving to /share/home/yuan/.conda/envs/mi_torch_cu118/lib/python3.10/site-packages/torch/_functorch/config.py
   from /tmp/pip-uninstall-30rrqvv5/_functorch/config.py
  Moving to /share/home/yuan/.conda/envs/mi_torch_cu118/lib/python3.10/site-packages/torch/_functorch/deprecated.py
   from /tmp/pip-uninstall-30rrqvv5/_functorch/deprecated.py
  Moving to /share/home/yuan/.conda/envs/mi_torch_cu118/lib/python3.10/site-packages/torch/_functorch/eager_transforms.py
   from /tmp/pip-uninstall-30rrqvv5/_functorch/eager_transforms.py
  Moving to /share/home/yuan/.conda/envs/mi_torch_cu118/lib/python3.10/site-packages/torch/_functorch/functional_call.py
   from /tmp/pip-uninstall-30rrqvv5/_functorch/functional_call.py
  Moving to /share/home/yuan/.conda/envs/mi_torch_cu118/lib/python3.10/site-packages/torch/_functorch/fx_minifier.py
   from /tmp/pip-uninstall-30rrqvv5/_functorch/fx_minifier.py
  Moving to /share/home/yuan/.conda/envs/mi_torch_cu118/lib/python3.10/site-packages/torch/_functorch/make_functional.py
   from /tmp/pip-uninstall-30rrqvv5/_functorch/make_functional.py
  Moving to /share/home/yuan/.conda/envs/mi_torch_cu118/lib/python3.10/site-packages/torch/_functorch/partitioners.py
   from /tmp/pip-uninstall-30rrqvv5/_functorch/partitioners.py
  Moving to /share/home/yuan/.conda/envs/mi_torch_cu118/lib/python3.10/site-packages/torch/_functorch/pyfunctorch.py
   from /tmp/pip-uninstall-30rrqvv5/_functorch/pyfunctorch.py
  Moving to /share/home/yuan/.conda/envs/mi_torch_cu118/lib/python3.10/site-packages/torch/_functorch/python_key.py
   from /tmp/pip-uninstall-30rrqvv5/_functorch/python_key.py
  Moving to /share/home/yuan/.conda/envs/mi_torch_cu118/lib/python3.10/site-packages/torch/_functorch/pytree_hacks.py
   from /tmp/pip-uninstall-30rrqvv5/_functorch/pytree_hacks.py
  Moving to /share/home/yuan/.conda/envs/mi_torch_cu118/lib/python3.10/site-packages/torch/_functorch/top_operators_github_usage.py
   from /tmp/pip-uninstall-30rrqvv5/_functorch/top_operators_github_usage.py
  Moving to /share/home/yuan/.conda/envs/mi_torch_cu118/lib/python3.10/site-packages/torch/_functorch/utils.py
   from /tmp/pip-uninstall-30rrqvv5/_functorch/utils.py
  Moving to /share/home/yuan/.conda/envs/mi_torch_cu118/lib/python3.10/site-packages/torch/_functorch/vmap.py
   from /tmp/pip-uninstall-30rrqvv5/_functorch/vmap.py
  Moving to /share/home/yuan/.conda/envs/mi_torch_cu118/lib/python3.10/site-packages/torch/_guards.py
   from /tmp/pip-uninstall-30rrqvv5/_guards.py
  Moving to /share/home/yuan/.conda/envs/mi_torch_cu118/lib/python3.10/site-packages/torch/_higher_order_ops/__init__.py
   from /tmp/pip-uninstall-30rrqvv5/_higher_order_ops/__init__.py
  Moving to /share/home/yuan/.conda/envs/mi_torch_cu118/lib/python3.10/site-packages/torch/_higher_order_ops/__pycache__/__init__.cpython-310.pyc
   from /tmp/pip-uninstall-30rrqvv5/_higher_order_ops/__pycache__/__init__.cpython-310.pyc
  Moving to /share/home/yuan/.conda/envs/mi_torch_cu118/lib/python3.10/site-packages/torch/_higher_order_ops/__pycache__/associative_scan.cpython-310.pyc
   from /tmp/pip-uninstall-30rrqvv5/_higher_order_ops/__pycache__/associative_scan.cpython-310.pyc
  Moving to /share/home/yuan/.conda/envs/mi_torch_cu118/lib/python3.10/site-packages/torch/_higher_order_ops/__pycache__/auto_functionalize.cpython-310.pyc
   from /tmp/pip-uninstall-30rrqvv5/_higher_order_ops/__pycache__/auto_functionalize.cpython-310.pyc
  Moving to /share/home/yuan/.conda/envs/mi_torch_cu118/lib/python3.10/site-packages/torch/_higher_order_ops/__pycache__/cond.cpython-310.pyc
   from /tmp/pip-uninstall-30rrqvv5/_higher_order_ops/__pycache__/cond.cpython-310.pyc
  Moving to /share/home/yuan/.conda/envs/mi_torch_cu118/lib/python3.10/site-packages/torch/_higher_order_ops/__pycache__/effects.cpython-310.pyc
   from /tmp/pip-uninstall-30rrqvv5/_higher_order_ops/__pycache__/effects.cpython-310.pyc
  Moving to /share/home/yuan/.conda/envs/mi_torch_cu118/lib/python3.10/site-packages/torch/_higher_order_ops/__pycache__/executorch_call_delegate.cpython-310.pyc
   from /tmp/pip-uninstall-30rrqvv5/_higher_order_ops/__pycache__/executorch_call_delegate.cpython-310.pyc
  Moving to /share/home/yuan/.conda/envs/mi_torch_cu118/lib/python3.10/site-packages/torch/_higher_order_ops/__pycache__/flex_attention.cpython-310.pyc
   from /tmp/pip-uninstall-30rrqvv5/_higher_order_ops/__pycache__/flex_attention.cpython-310.pyc
  Moving to /share/home/yuan/.conda/envs/mi_torch_cu118/lib/python3.10/site-packages/torch/_higher_order_ops/__pycache__/hints_wrap.cpython-310.pyc
   from /tmp/pip-uninstall-30rrqvv5/_higher_order_ops/__pycache__/hints_wrap.cpython-310.pyc
  Moving to /share/home/yuan/.conda/envs/mi_torch_cu118/lib/python3.10/site-packages/torch/_higher_order_ops/__pycache__/invoke_subgraph.cpython-310.pyc
   from /tmp/pip-uninstall-30rrqvv5/_higher_order_ops/__pycache__/invoke_subgraph.cpython-310.pyc
  Moving to /share/home/yuan/.conda/envs/mi_torch_cu118/lib/python3.10/site-packages/torch/_higher_order_ops/__pycache__/map.cpython-310.pyc
   from /tmp/pip-uninstall-30rrqvv5/_higher_order_ops/__pycache__/map.cpython-310.pyc
  Moving to /share/home/yuan/.conda/envs/mi_torch_cu118/lib/python3.10/site-packages/torch/_higher_order_ops/__pycache__/out_dtype.cpython-310.pyc
   from /tmp/pip-uninstall-30rrqvv5/_higher_order_ops/__pycache__/out_dtype.cpython-310.pyc
  Moving to /share/home/yuan/.conda/envs/mi_torch_cu118/lib/python3.10/site-packages/torch/_higher_order_ops/__pycache__/prim_hop_base.cpython-310.pyc
   from /tmp/pip-uninstall-30rrqvv5/_higher_order_ops/__pycache__/prim_hop_base.cpython-310.pyc
  Moving to /share/home/yuan/.conda/envs/mi_torch_cu118/lib/python3.10/site-packages/torch/_higher_order_ops/__pycache__/run_const_graph.cpython-310.pyc
   from /tmp/pip-uninstall-30rrqvv5/_higher_order_ops/__pycache__/run_const_graph.cpython-310.pyc
  Moving to /share/home/yuan/.conda/envs/mi_torch_cu118/lib/python3.10/site-packages/torch/_higher_order_ops/__pycache__/scan.cpython-310.pyc
   from /tmp/pip-uninstall-30rrqvv5/_higher_order_ops/__pycache__/scan.cpython-310.pyc
  Moving to /share/home/yuan/.conda/envs/mi_torch_cu118/lib/python3.10/site-packages/torch/_higher_order_ops/__pycache__/strict_mode.cpython-310.pyc
   from /tmp/pip-uninstall-30rrqvv5/_higher_order_ops/__pycache__/strict_mode.cpython-310.pyc
  Moving to /share/home/yuan/.conda/envs/mi_torch_cu118/lib/python3.10/site-packages/torch/_higher_order_ops/__pycache__/torchbind.cpython-310.pyc
   from /tmp/pip-uninstall-30rrqvv5/_higher_order_ops/__pycache__/torchbind.cpython-310.pyc
  Moving to /share/home/yuan/.conda/envs/mi_torch_cu118/lib/python3.10/site-packages/torch/_higher_order_ops/__pycache__/triton_kernel_wrap.cpython-310.pyc
   from /tmp/pip-uninstall-30rrqvv5/_higher_order_ops/__pycache__/triton_kernel_wrap.cpython-310.pyc
  Moving to /share/home/yuan/.conda/envs/mi_torch_cu118/lib/python3.10/site-packages/torch/_higher_order_ops/__pycache__/utils.cpython-310.pyc
   from /tmp/pip-uninstall-30rrqvv5/_higher_order_ops/__pycache__/utils.cpython-310.pyc
  Moving to /share/home/yuan/.conda/envs/mi_torch_cu118/lib/python3.10/site-packages/torch/_higher_order_ops/__pycache__/while_loop.cpython-310.pyc
   from /tmp/pip-uninstall-30rrqvv5/_higher_order_ops/__pycache__/while_loop.cpython-310.pyc
  Moving to /share/home/yuan/.conda/envs/mi_torch_cu118/lib/python3.10/site-packages/torch/_higher_order_ops/__pycache__/wrap.cpython-310.pyc
   from /tmp/pip-uninstall-30rrqvv5/_higher_order_ops/__pycache__/wrap.cpython-310.pyc
  Moving to /share/home/yuan/.conda/envs/mi_torch_cu118/lib/python3.10/site-packages/torch/_higher_order_ops/associative_scan.py
   from /tmp/pip-uninstall-30rrqvv5/_higher_order_ops/associative_scan.py
  Moving to /share/home/yuan/.conda/envs/mi_torch_cu118/lib/python3.10/site-packages/torch/_higher_order_ops/auto_functionalize.py
   from /tmp/pip-uninstall-30rrqvv5/_higher_order_ops/auto_functionalize.py
  Moving to /share/home/yuan/.conda/envs/mi_torch_cu118/lib/python3.10/site-packages/torch/_higher_order_ops/cond.py
   from /tmp/pip-uninstall-30rrqvv5/_higher_order_ops/cond.py
  Moving to /share/home/yuan/.conda/envs/mi_torch_cu118/lib/python3.10/site-packages/torch/_higher_order_ops/effects.py
   from /tmp/pip-uninstall-30rrqvv5/_higher_order_ops/effects.py
  Moving to /share/home/yuan/.conda/envs/mi_torch_cu118/lib/python3.10/site-packages/torch/_higher_order_ops/executorch_call_delegate.py
   from /tmp/pip-uninstall-30rrqvv5/_higher_order_ops/executorch_call_delegate.py
  Moving to /share/home/yuan/.conda/envs/mi_torch_cu118/lib/python3.10/site-packages/torch/_higher_order_ops/flex_attention.py
   from /tmp/pip-uninstall-30rrqvv5/_higher_order_ops/flex_attention.py
  Moving to /share/home/yuan/.conda/envs/mi_torch_cu118/lib/python3.10/site-packages/torch/_higher_order_ops/hints_wrap.py
   from /tmp/pip-uninstall-30rrqvv5/_higher_order_ops/hints_wrap.py
  Moving to /share/home/yuan/.conda/envs/mi_torch_cu118/lib/python3.10/site-packages/torch/_higher_order_ops/invoke_subgraph.py
   from /tmp/pip-uninstall-30rrqvv5/_higher_order_ops/invoke_subgraph.py
  Moving to /share/home/yuan/.conda/envs/mi_torch_cu118/lib/python3.10/site-packages/torch/_higher_order_ops/map.py
   from /tmp/pip-uninstall-30rrqvv5/_higher_order_ops/map.py
  Moving to /share/home/yuan/.conda/envs/mi_torch_cu118/lib/python3.10/site-packages/torch/_higher_order_ops/out_dtype.py
   from /tmp/pip-uninstall-30rrqvv5/_higher_order_ops/out_dtype.py
  Moving to /share/home/yuan/.conda/envs/mi_torch_cu118/lib/python3.10/site-packages/torch/_higher_order_ops/prim_hop_base.py
   from /tmp/pip-uninstall-30rrqvv5/_higher_order_ops/prim_hop_base.py
  Moving to /share/home/yuan/.conda/envs/mi_torch_cu118/lib/python3.10/site-packages/torch/_higher_order_ops/run_const_graph.py
   from /tmp/pip-uninstall-30rrqvv5/_higher_order_ops/run_const_graph.py
  Moving to /share/home/yuan/.conda/envs/mi_torch_cu118/lib/python3.10/site-packages/torch/_higher_order_ops/scan.py
   from /tmp/pip-uninstall-30rrqvv5/_higher_order_ops/scan.py
  Moving to /share/home/yuan/.conda/envs/mi_torch_cu118/lib/python3.10/site-packages/torch/_higher_order_ops/strict_mode.py
   from /tmp/pip-uninstall-30rrqvv5/_higher_order_ops/strict_mode.py
  Moving to /share/home/yuan/.conda/envs/mi_torch_cu118/lib/python3.10/site-packages/torch/_higher_order_ops/torchbind.py
   from /tmp/pip-uninstall-30rrqvv5/_higher_order_ops/torchbind.py
  Moving to /share/home/yuan/.conda/envs/mi_torch_cu118/lib/python3.10/site-packages/torch/_higher_order_ops/triton_kernel_wrap.py
   from /tmp/pip-uninstall-30rrqvv5/_higher_order_ops/triton_kernel_wrap.py
  Moving to /share/home/yuan/.conda/envs/mi_torch_cu118/lib/python3.10/site-packages/torch/_higher_order_ops/utils.py
   from /tmp/pip-uninstall-30rrqvv5/_higher_order_ops/utils.py
  Moving to /share/home/yuan/.conda/envs/mi_torch_cu118/lib/python3.10/site-packages/torch/_higher_order_ops/while_loop.py
   from /tmp/pip-uninstall-30rrqvv5/_higher_order_ops/while_loop.py
  Moving to /share/home/yuan/.conda/envs/mi_torch_cu118/lib/python3.10/site-packages/torch/_higher_order_ops/wrap.py
   from /tmp/pip-uninstall-30rrqvv5/_higher_order_ops/wrap.py
  Moving to /share/home/yuan/.conda/envs/mi_torch_cu118/lib/python3.10/site-packages/torch/_inductor/__init__.py
   from /tmp/pip-uninstall-30rrqvv5/_inductor/__init__.py
  Moving to /share/home/yuan/.conda/envs/mi_torch_cu118/lib/python3.10/site-packages/torch/_inductor/__pycache__/__init__.cpython-310.pyc
   from /tmp/pip-uninstall-30rrqvv5/_inductor/__pycache__/__init__.cpython-310.pyc
  Moving to /share/home/yuan/.conda/envs/mi_torch_cu118/lib/python3.10/site-packages/torch/_inductor/__pycache__/aoti_eager.cpython-310.pyc
   from /tmp/pip-uninstall-30rrqvv5/_inductor/__pycache__/aoti_eager.cpython-310.pyc
  Moving to /share/home/yuan/.conda/envs/mi_torch_cu118/lib/python3.10/site-packages/torch/_inductor/__pycache__/async_compile.cpython-310.pyc
   from /tmp/pip-uninstall-30rrqvv5/_inductor/__pycache__/async_compile.cpython-310.pyc
  Moving to /share/home/yuan/.conda/envs/mi_torch_cu118/lib/python3.10/site-packages/torch/_inductor/__pycache__/autotune_process.cpython-310.pyc
   from /tmp/pip-uninstall-30rrqvv5/_inductor/__pycache__/autotune_process.cpython-310.pyc
  Moving to /share/home/yuan/.conda/envs/mi_torch_cu118/lib/python3.10/site-packages/torch/_inductor/__pycache__/bounds.cpython-310.pyc
   from /tmp/pip-uninstall-30rrqvv5/_inductor/__pycache__/bounds.cpython-310.pyc
  Moving to /share/home/yuan/.conda/envs/mi_torch_cu118/lib/python3.10/site-packages/torch/_inductor/__pycache__/choices.cpython-310.pyc
   from /tmp/pip-uninstall-30rrqvv5/_inductor/__pycache__/choices.cpython-310.pyc
  Moving to /share/home/yuan/.conda/envs/mi_torch_cu118/lib/python3.10/site-packages/torch/_inductor/__pycache__/codecache.cpython-310.pyc
   from /tmp/pip-uninstall-30rrqvv5/_inductor/__pycache__/codecache.cpython-310.pyc
  Moving to /share/home/yuan/.conda/envs/mi_torch_cu118/lib/python3.10/site-packages/torch/_inductor/__pycache__/comm_analysis.cpython-310.pyc
   from /tmp/pip-uninstall-30rrqvv5/_inductor/__pycache__/comm_analysis.cpython-310.pyc
  Moving to /share/home/yuan/.conda/envs/mi_torch_cu118/lib/python3.10/site-packages/torch/_inductor/__pycache__/comm_lowering.cpython-310.pyc
   from /tmp/pip-uninstall-30rrqvv5/_inductor/__pycache__/comm_lowering.cpython-310.pyc
  Moving to /share/home/yuan/.conda/envs/mi_torch_cu118/lib/python3.10/site-packages/torch/_inductor/__pycache__/comms.cpython-310.pyc
   from /tmp/pip-uninstall-30rrqvv5/_inductor/__pycache__/comms.cpython-310.pyc
  Moving to /share/home/yuan/.conda/envs/mi_torch_cu118/lib/python3.10/site-packages/torch/_inductor/__pycache__/compile_fx.cpython-310.pyc
   from /tmp/pip-uninstall-30rrqvv5/_inductor/__pycache__/compile_fx.cpython-310.pyc
  Moving to /share/home/yuan/.conda/envs/mi_torch_cu118/lib/python3.10/site-packages/torch/_inductor/__pycache__/compiler_bisector.cpython-310.pyc
   from /tmp/pip-uninstall-30rrqvv5/_inductor/__pycache__/compiler_bisector.cpython-310.pyc
  Moving to /share/home/yuan/.conda/envs/mi_torch_cu118/lib/python3.10/site-packages/torch/_inductor/__pycache__/config.cpython-310.pyc
   from /tmp/pip-uninstall-30rrqvv5/_inductor/__pycache__/config.cpython-310.pyc
  Moving to /share/home/yuan/.conda/envs/mi_torch_cu118/lib/python3.10/site-packages/torch/_inductor/__pycache__/constant_folding.cpython-310.pyc
   from /tmp/pip-uninstall-30rrqvv5/_inductor/__pycache__/constant_folding.cpython-310.pyc
  Moving to /share/home/yuan/.conda/envs/mi_torch_cu118/lib/python3.10/site-packages/torch/_inductor/__pycache__/cpp_builder.cpython-310.pyc
   from /tmp/pip-uninstall-30rrqvv5/_inductor/__pycache__/cpp_builder.cpython-310.pyc
  Moving to /share/home/yuan/.conda/envs/mi_torch_cu118/lib/python3.10/site-packages/torch/_inductor/__pycache__/cpu_vec_isa.cpython-310.pyc
   from /tmp/pip-uninstall-30rrqvv5/_inductor/__pycache__/cpu_vec_isa.cpython-310.pyc
  Moving to /share/home/yuan/.conda/envs/mi_torch_cu118/lib/python3.10/site-packages/torch/_inductor/__pycache__/cudagraph_trees.cpython-310.pyc
   from /tmp/pip-uninstall-30rrqvv5/_inductor/__pycache__/cudagraph_trees.cpython-310.pyc
  Moving to /share/home/yuan/.conda/envs/mi_torch_cu118/lib/python3.10/site-packages/torch/_inductor/__pycache__/cudagraph_utils.cpython-310.pyc
   from /tmp/pip-uninstall-30rrqvv5/_inductor/__pycache__/cudagraph_utils.cpython-310.pyc
  Moving to /share/home/yuan/.conda/envs/mi_torch_cu118/lib/python3.10/site-packages/torch/_inductor/__pycache__/custom_graph_pass.cpython-310.pyc
   from /tmp/pip-uninstall-30rrqvv5/_inductor/__pycache__/custom_graph_pass.cpython-310.pyc
  Moving to /share/home/yuan/.conda/envs/mi_torch_cu118/lib/python3.10/site-packages/torch/_inductor/__pycache__/debug.cpython-310.pyc
   from /tmp/pip-uninstall-30rrqvv5/_inductor/__pycache__/debug.cpython-310.pyc
  Moving to /share/home/yuan/.conda/envs/mi_torch_cu118/lib/python3.10/site-packages/torch/_inductor/__pycache__/decomposition.cpython-310.pyc
   from /tmp/pip-uninstall-30rrqvv5/_inductor/__pycache__/decomposition.cpython-310.pyc
  Moving to /share/home/yuan/.conda/envs/mi_torch_cu118/lib/python3.10/site-packages/torch/_inductor/__pycache__/dependencies.cpython-310.pyc
   from /tmp/pip-uninstall-30rrqvv5/_inductor/__pycache__/dependencies.cpython-310.pyc
  Moving to /share/home/yuan/.conda/envs/mi_torch_cu118/lib/python3.10/site-packages/torch/_inductor/__pycache__/dtype_propagation.cpython-310.pyc
   from /tmp/pip-uninstall-30rrqvv5/_inductor/__pycache__/dtype_propagation.cpython-310.pyc
  Moving to /share/home/yuan/.conda/envs/mi_torch_cu118/lib/python3.10/site-packages/torch/_inductor/__pycache__/exc.cpython-310.pyc
   from /tmp/pip-uninstall-30rrqvv5/_inductor/__pycache__/exc.cpython-310.pyc
  Moving to /share/home/yuan/.conda/envs/mi_torch_cu118/lib/python3.10/site-packages/torch/_inductor/__pycache__/extern_node_serializer.cpython-310.pyc
   from /tmp/pip-uninstall-30rrqvv5/_inductor/__pycache__/extern_node_serializer.cpython-310.pyc
  Moving to /share/home/yuan/.conda/envs/mi_torch_cu118/lib/python3.10/site-packages/torch/_inductor/__pycache__/freezing.cpython-310.pyc
   from /tmp/pip-uninstall-30rrqvv5/_inductor/__pycache__/freezing.cpython-310.pyc
  Moving to /share/home/yuan/.conda/envs/mi_torch_cu118/lib/python3.10/site-packages/torch/_inductor/__pycache__/fx_utils.cpython-310.pyc
   from /tmp/pip-uninstall-30rrqvv5/_inductor/__pycache__/fx_utils.cpython-310.pyc
  Moving to /share/home/yuan/.conda/envs/mi_torch_cu118/lib/python3.10/site-packages/torch/_inductor/__pycache__/graph.cpython-310.pyc
   from /tmp/pip-uninstall-30rrqvv5/_inductor/__pycache__/graph.cpython-310.pyc
  Moving to /share/home/yuan/.conda/envs/mi_torch_cu118/lib/python3.10/site-packages/torch/_inductor/__pycache__/hooks.cpython-310.pyc
   from /tmp/pip-uninstall-30rrqvv5/_inductor/__pycache__/hooks.cpython-310.pyc
  Moving to /share/home/yuan/.conda/envs/mi_torch_cu118/lib/python3.10/site-packages/torch/_inductor/__pycache__/index_propagation.cpython-310.pyc
   from /tmp/pip-uninstall-30rrqvv5/_inductor/__pycache__/index_propagation.cpython-310.pyc
  Moving to /share/home/yuan/.conda/envs/mi_torch_cu118/lib/python3.10/site-packages/torch/_inductor/__pycache__/inductor_prims.cpython-310.pyc
   from /tmp/pip-uninstall-30rrqvv5/_inductor/__pycache__/inductor_prims.cpython-310.pyc
  Moving to /share/home/yuan/.conda/envs/mi_torch_cu118/lib/python3.10/site-packages/torch/_inductor/__pycache__/ir.cpython-310.pyc
   from /tmp/pip-uninstall-30rrqvv5/_inductor/__pycache__/ir.cpython-310.pyc
  Moving to /share/home/yuan/.conda/envs/mi_torch_cu118/lib/python3.10/site-packages/torch/_inductor/__pycache__/jagged_lowerings.cpython-310.pyc
   from /tmp/pip-uninstall-30rrqvv5/_inductor/__pycache__/jagged_lowerings.cpython-310.pyc
  Moving to /share/home/yuan/.conda/envs/mi_torch_cu118/lib/python3.10/site-packages/torch/_inductor/__pycache__/loop_body.cpython-310.pyc
   from /tmp/pip-uninstall-30rrqvv5/_inductor/__pycache__/loop_body.cpython-310.pyc
  Moving to /share/home/yuan/.conda/envs/mi_torch_cu118/lib/python3.10/site-packages/torch/_inductor/__pycache__/lowering.cpython-310.pyc
   from /tmp/pip-uninstall-30rrqvv5/_inductor/__pycache__/lowering.cpython-310.pyc
  Moving to /share/home/yuan/.conda/envs/mi_torch_cu118/lib/python3.10/site-packages/torch/_inductor/__pycache__/memory.cpython-310.pyc
   from /tmp/pip-uninstall-30rrqvv5/_inductor/__pycache__/memory.cpython-310.pyc
  Moving to /share/home/yuan/.conda/envs/mi_torch_cu118/lib/python3.10/site-packages/torch/_inductor/__pycache__/metrics.cpython-310.pyc
   from /tmp/pip-uninstall-30rrqvv5/_inductor/__pycache__/metrics.cpython-310.pyc
  Moving to /share/home/yuan/.conda/envs/mi_torch_cu118/lib/python3.10/site-packages/torch/_inductor/__pycache__/mkldnn_ir.cpython-310.pyc
   from /tmp/pip-uninstall-30rrqvv5/_inductor/__pycache__/mkldnn_ir.cpython-310.pyc
  Moving to /share/home/yuan/.conda/envs/mi_torch_cu118/lib/python3.10/site-packages/torch/_inductor/__pycache__/mkldnn_lowerings.cpython-310.pyc
   from /tmp/pip-uninstall-30rrqvv5/_inductor/__pycache__/mkldnn_lowerings.cpython-310.pyc
  Moving to /share/home/yuan/.conda/envs/mi_torch_cu118/lib/python3.10/site-packages/torch/_inductor/__pycache__/mock_cache.cpython-310.pyc
   from /tmp/pip-uninstall-30rrqvv5/_inductor/__pycache__/mock_cache.cpython-310.pyc
  Moving to /share/home/yuan/.conda/envs/mi_torch_cu118/lib/python3.10/site-packages/torch/_inductor/__pycache__/ops_handler.cpython-310.pyc
   from /tmp/pip-uninstall-30rrqvv5/_inductor/__pycache__/ops_handler.cpython-310.pyc
  Moving to /share/home/yuan/.conda/envs/mi_torch_cu118/lib/python3.10/site-packages/torch/_inductor/__pycache__/optimize_indexing.cpython-310.pyc
   from /tmp/pip-uninstall-30rrqvv5/_inductor/__pycache__/optimize_indexing.cpython-310.pyc
  Moving to /share/home/yuan/.conda/envs/mi_torch_cu118/lib/python3.10/site-packages/torch/_inductor/__pycache__/output_code.cpython-310.pyc
   from /tmp/pip-uninstall-30rrqvv5/_inductor/__pycache__/output_code.cpython-310.pyc
  Moving to /share/home/yuan/.conda/envs/mi_torch_cu118/lib/python3.10/site-packages/torch/_inductor/__pycache__/pattern_matcher.cpython-310.pyc
   from /tmp/pip-uninstall-30rrqvv5/_inductor/__pycache__/pattern_matcher.cpython-310.pyc
  Moving to /share/home/yuan/.conda/envs/mi_torch_cu118/lib/python3.10/site-packages/torch/_inductor/__pycache__/quantized_lowerings.cpython-310.pyc
   from /tmp/pip-uninstall-30rrqvv5/_inductor/__pycache__/quantized_lowerings.cpython-310.pyc
  Moving to /share/home/yuan/.conda/envs/mi_torch_cu118/lib/python3.10/site-packages/torch/_inductor/__pycache__/remote_cache.cpython-310.pyc
   from /tmp/pip-uninstall-30rrqvv5/_inductor/__pycache__/remote_cache.cpython-310.pyc
  Moving to /share/home/yuan/.conda/envs/mi_torch_cu118/lib/python3.10/site-packages/torch/_inductor/__pycache__/scheduler.cpython-310.pyc
   from /tmp/pip-uninstall-30rrqvv5/_inductor/__pycache__/scheduler.cpython-310.pyc
  Moving to /share/home/yuan/.conda/envs/mi_torch_cu118/lib/python3.10/site-packages/torch/_inductor/__pycache__/select_algorithm.cpython-310.pyc
   from /tmp/pip-uninstall-30rrqvv5/_inductor/__pycache__/select_algorithm.cpython-310.pyc
  Moving to /share/home/yuan/.conda/envs/mi_torch_cu118/lib/python3.10/site-packages/torch/_inductor/__pycache__/sizevars.cpython-310.pyc
   from /tmp/pip-uninstall-30rrqvv5/_inductor/__pycache__/sizevars.cpython-310.pyc
  Moving to /share/home/yuan/.conda/envs/mi_torch_cu118/lib/python3.10/site-packages/torch/_inductor/__pycache__/subgraph_lowering.cpython-310.pyc
   from /tmp/pip-uninstall-30rrqvv5/_inductor/__pycache__/subgraph_lowering.cpython-310.pyc
  Moving to /share/home/yuan/.conda/envs/mi_torch_cu118/lib/python3.10/site-packages/torch/_inductor/__pycache__/test_case.cpython-310.pyc
   from /tmp/pip-uninstall-30rrqvv5/_inductor/__pycache__/test_case.cpython-310.pyc
  Moving to /share/home/yuan/.conda/envs/mi_torch_cu118/lib/python3.10/site-packages/torch/_inductor/__pycache__/test_operators.cpython-310.pyc
   from /tmp/pip-uninstall-30rrqvv5/_inductor/__pycache__/test_operators.cpython-310.pyc
  Moving to /share/home/yuan/.conda/envs/mi_torch_cu118/lib/python3.10/site-packages/torch/_inductor/__pycache__/triton_bundler.cpython-310.pyc
   from /tmp/pip-uninstall-30rrqvv5/_inductor/__pycache__/triton_bundler.cpython-310.pyc
  Moving to /share/home/yuan/.conda/envs/mi_torch_cu118/lib/python3.10/site-packages/torch/_inductor/__pycache__/utils.cpython-310.pyc
   from /tmp/pip-uninstall-30rrqvv5/_inductor/__pycache__/utils.cpython-310.pyc
  Moving to /share/home/yuan/.conda/envs/mi_torch_cu118/lib/python3.10/site-packages/torch/_inductor/__pycache__/virtualized.cpython-310.pyc
   from /tmp/pip-uninstall-30rrqvv5/_inductor/__pycache__/virtualized.cpython-310.pyc
  Moving to /share/home/yuan/.conda/envs/mi_torch_cu118/lib/python3.10/site-packages/torch/_inductor/__pycache__/wrapper_benchmark.cpython-310.pyc
   from /tmp/pip-uninstall-30rrqvv5/_inductor/__pycache__/wrapper_benchmark.cpython-310.pyc
  Moving to /share/home/yuan/.conda/envs/mi_torch_cu118/lib/python3.10/site-packages/torch/_inductor/aoti_eager.py
   from /tmp/pip-uninstall-30rrqvv5/_inductor/aoti_eager.py
  Moving to /share/home/yuan/.conda/envs/mi_torch_cu118/lib/python3.10/site-packages/torch/_inductor/async_compile.py
   from /tmp/pip-uninstall-30rrqvv5/_inductor/async_compile.py
  Moving to /share/home/yuan/.conda/envs/mi_torch_cu118/lib/python3.10/site-packages/torch/_inductor/autoheuristic/__init__.py
   from /tmp/pip-uninstall-30rrqvv5/_inductor/autoheuristic/__init__.py
  Moving to /share/home/yuan/.conda/envs/mi_torch_cu118/lib/python3.10/site-packages/torch/_inductor/autoheuristic/__pycache__/__init__.cpython-310.pyc
   from /tmp/pip-uninstall-30rrqvv5/_inductor/autoheuristic/__pycache__/__init__.cpython-310.pyc
  Moving to /share/home/yuan/.conda/envs/mi_torch_cu118/lib/python3.10/site-packages/torch/_inductor/autoheuristic/__pycache__/autoheuristic.cpython-310.pyc
   from /tmp/pip-uninstall-30rrqvv5/_inductor/autoheuristic/__pycache__/autoheuristic.cpython-310.pyc
  Moving to /share/home/yuan/.conda/envs/mi_torch_cu118/lib/python3.10/site-packages/torch/_inductor/autoheuristic/__pycache__/autoheuristic_utils.cpython-310.pyc
   from /tmp/pip-uninstall-30rrqvv5/_inductor/autoheuristic/__pycache__/autoheuristic_utils.cpython-310.pyc
  Moving to /share/home/yuan/.conda/envs/mi_torch_cu118/lib/python3.10/site-packages/torch/_inductor/autoheuristic/__pycache__/learned_heuristic_controller.cpython-310.pyc
   from /tmp/pip-uninstall-30rrqvv5/_inductor/autoheuristic/__pycache__/learned_heuristic_controller.cpython-310.pyc
  Moving to /share/home/yuan/.conda/envs/mi_torch_cu118/lib/python3.10/site-packages/torch/_inductor/autoheuristic/__pycache__/learnedheuristic_interface.cpython-310.pyc
   from /tmp/pip-uninstall-30rrqvv5/_inductor/autoheuristic/__pycache__/learnedheuristic_interface.cpython-310.pyc
  Moving to /share/home/yuan/.conda/envs/mi_torch_cu118/lib/python3.10/site-packages/torch/_inductor/autoheuristic/artifacts/_MMRankingA100.py
   from /tmp/pip-uninstall-30rrqvv5/_inductor/autoheuristic/artifacts/_MMRankingA100.py
  Moving to /share/home/yuan/.conda/envs/mi_torch_cu118/lib/python3.10/site-packages/torch/_inductor/autoheuristic/artifacts/_MMRankingH100.py
   from /tmp/pip-uninstall-30rrqvv5/_inductor/autoheuristic/artifacts/_MMRankingH100.py
  Moving to /share/home/yuan/.conda/envs/mi_torch_cu118/lib/python3.10/site-packages/torch/_inductor/autoheuristic/artifacts/_MixedMMA100.py
   from /tmp/pip-uninstall-30rrqvv5/_inductor/autoheuristic/artifacts/_MixedMMA100.py
  Moving to /share/home/yuan/.conda/envs/mi_torch_cu118/lib/python3.10/site-packages/torch/_inductor/autoheuristic/artifacts/_MixedMMH100.py
   from /tmp/pip-uninstall-30rrqvv5/_inductor/autoheuristic/artifacts/_MixedMMH100.py
  Moving to /share/home/yuan/.conda/envs/mi_torch_cu118/lib/python3.10/site-packages/torch/_inductor/autoheuristic/artifacts/_PadMMA100.py
   from /tmp/pip-uninstall-30rrqvv5/_inductor/autoheuristic/artifacts/_PadMMA100.py
  Moving to /share/home/yuan/.conda/envs/mi_torch_cu118/lib/python3.10/site-packages/torch/_inductor/autoheuristic/artifacts/__init__.py
   from /tmp/pip-uninstall-30rrqvv5/_inductor/autoheuristic/artifacts/__init__.py
  Moving to /share/home/yuan/.conda/envs/mi_torch_cu118/lib/python3.10/site-packages/torch/_inductor/autoheuristic/artifacts/__pycache__/_MMRankingA100.cpython-310.pyc
   from /tmp/pip-uninstall-30rrqvv5/_inductor/autoheuristic/artifacts/__pycache__/_MMRankingA100.cpython-310.pyc
  Moving to /share/home/yuan/.conda/envs/mi_torch_cu118/lib/python3.10/site-packages/torch/_inductor/autoheuristic/artifacts/__pycache__/_MMRankingH100.cpython-310.pyc
   from /tmp/pip-uninstall-30rrqvv5/_inductor/autoheuristic/artifacts/__pycache__/_MMRankingH100.cpython-310.pyc
  Moving to /share/home/yuan/.conda/envs/mi_torch_cu118/lib/python3.10/site-packages/torch/_inductor/autoheuristic/artifacts/__pycache__/_MixedMMA100.cpython-310.pyc
   from /tmp/pip-uninstall-30rrqvv5/_inductor/autoheuristic/artifacts/__pycache__/_MixedMMA100.cpython-310.pyc
  Moving to /share/home/yuan/.conda/envs/mi_torch_cu118/lib/python3.10/site-packages/torch/_inductor/autoheuristic/artifacts/__pycache__/_MixedMMH100.cpython-310.pyc
   from /tmp/pip-uninstall-30rrqvv5/_inductor/autoheuristic/artifacts/__pycache__/_MixedMMH100.cpython-310.pyc
  Moving to /share/home/yuan/.conda/envs/mi_torch_cu118/lib/python3.10/site-packages/torch/_inductor/autoheuristic/artifacts/__pycache__/_PadMMA100.cpython-310.pyc
   from /tmp/pip-uninstall-30rrqvv5/_inductor/autoheuristic/artifacts/__pycache__/_PadMMA100.cpython-310.pyc
  Moving to /share/home/yuan/.conda/envs/mi_torch_cu118/lib/python3.10/site-packages/torch/_inductor/autoheuristic/artifacts/__pycache__/__init__.cpython-310.pyc
   from /tmp/pip-uninstall-30rrqvv5/_inductor/autoheuristic/artifacts/__pycache__/__init__.cpython-310.pyc
  Moving to /share/home/yuan/.conda/envs/mi_torch_cu118/lib/python3.10/site-packages/torch/_inductor/autoheuristic/autoheuristic.py
   from /tmp/pip-uninstall-30rrqvv5/_inductor/autoheuristic/autoheuristic.py
  Moving to /share/home/yuan/.conda/envs/mi_torch_cu118/lib/python3.10/site-packages/torch/_inductor/autoheuristic/autoheuristic_utils.py
   from /tmp/pip-uninstall-30rrqvv5/_inductor/autoheuristic/autoheuristic_utils.py
  Moving to /share/home/yuan/.conda/envs/mi_torch_cu118/lib/python3.10/site-packages/torch/_inductor/autoheuristic/learned_heuristic_controller.py
   from /tmp/pip-uninstall-30rrqvv5/_inductor/autoheuristic/learned_heuristic_controller.py
  Moving to /share/home/yuan/.conda/envs/mi_torch_cu118/lib/python3.10/site-packages/torch/_inductor/autoheuristic/learnedheuristic_interface.py
   from /tmp/pip-uninstall-30rrqvv5/_inductor/autoheuristic/learnedheuristic_interface.py
  Moving to /share/home/yuan/.conda/envs/mi_torch_cu118/lib/python3.10/site-packages/torch/_inductor/autotune_process.py
   from /tmp/pip-uninstall-30rrqvv5/_inductor/autotune_process.py
  Moving to /share/home/yuan/.conda/envs/mi_torch_cu118/lib/python3.10/site-packages/torch/_inductor/bounds.py
   from /tmp/pip-uninstall-30rrqvv5/_inductor/bounds.py
  Moving to /share/home/yuan/.conda/envs/mi_torch_cu118/lib/python3.10/site-packages/torch/_inductor/choices.py
   from /tmp/pip-uninstall-30rrqvv5/_inductor/choices.py
  Moving to /share/home/yuan/.conda/envs/mi_torch_cu118/lib/python3.10/site-packages/torch/_inductor/codecache.py
   from /tmp/pip-uninstall-30rrqvv5/_inductor/codecache.py
  Moving to /share/home/yuan/.conda/envs/mi_torch_cu118/lib/python3.10/site-packages/torch/_inductor/codegen/__init__.py
   from /tmp/pip-uninstall-30rrqvv5/_inductor/codegen/__init__.py
  Moving to /share/home/yuan/.conda/envs/mi_torch_cu118/lib/python3.10/site-packages/torch/_inductor/codegen/__pycache__/__init__.cpython-310.pyc
   from /tmp/pip-uninstall-30rrqvv5/_inductor/codegen/__pycache__/__init__.cpython-310.pyc
  Moving to /share/home/yuan/.conda/envs/mi_torch_cu118/lib/python3.10/site-packages/torch/_inductor/codegen/__pycache__/aoti_hipify_utils.cpython-310.pyc
   from /tmp/pip-uninstall-30rrqvv5/_inductor/codegen/__pycache__/aoti_hipify_utils.cpython-310.pyc
  Moving to /share/home/yuan/.conda/envs/mi_torch_cu118/lib/python3.10/site-packages/torch/_inductor/codegen/__pycache__/block_analysis.cpython-310.pyc
   from /tmp/pip-uninstall-30rrqvv5/_inductor/codegen/__pycache__/block_analysis.cpython-310.pyc
  Moving to /share/home/yuan/.conda/envs/mi_torch_cu118/lib/python3.10/site-packages/torch/_inductor/codegen/__pycache__/common.cpython-310.pyc
   from /tmp/pip-uninstall-30rrqvv5/_inductor/codegen/__pycache__/common.cpython-310.pyc
  Moving to /share/home/yuan/.conda/envs/mi_torch_cu118/lib/python3.10/site-packages/torch/_inductor/codegen/__pycache__/cpp.cpython-310.pyc
   from /tmp/pip-uninstall-30rrqvv5/_inductor/codegen/__pycache__/cpp.cpython-310.pyc
  Moving to /share/home/yuan/.conda/envs/mi_torch_cu118/lib/python3.10/site-packages/torch/_inductor/codegen/__pycache__/cpp_bmm_template.cpython-310.pyc
   from /tmp/pip-uninstall-30rrqvv5/_inductor/codegen/__pycache__/cpp_bmm_template.cpython-310.pyc
  Moving to /share/home/yuan/.conda/envs/mi_torch_cu118/lib/python3.10/site-packages/torch/_inductor/codegen/__pycache__/cpp_flex_attention_template.cpython-310.pyc
   from /tmp/pip-uninstall-30rrqvv5/_inductor/codegen/__pycache__/cpp_flex_attention_template.cpython-310.pyc
  Moving to /share/home/yuan/.conda/envs/mi_torch_cu118/lib/python3.10/site-packages/torch/_inductor/codegen/__pycache__/cpp_gemm_template.cpython-310.pyc
   from /tmp/pip-uninstall-30rrqvv5/_inductor/codegen/__pycache__/cpp_gemm_template.cpython-310.pyc
  Moving to /share/home/yuan/.conda/envs/mi_torch_cu118/lib/python3.10/site-packages/torch/_inductor/codegen/__pycache__/cpp_micro_gemm.cpython-310.pyc
   from /tmp/pip-uninstall-30rrqvv5/_inductor/codegen/__pycache__/cpp_micro_gemm.cpython-310.pyc
  Moving to /share/home/yuan/.conda/envs/mi_torch_cu118/lib/python3.10/site-packages/torch/_inductor/codegen/__pycache__/cpp_template.cpython-310.pyc
   from /tmp/pip-uninstall-30rrqvv5/_inductor/codegen/__pycache__/cpp_template.cpython-310.pyc
  Moving to /share/home/yuan/.conda/envs/mi_torch_cu118/lib/python3.10/site-packages/torch/_inductor/codegen/__pycache__/cpp_template_kernel.cpython-310.pyc
   from /tmp/pip-uninstall-30rrqvv5/_inductor/codegen/__pycache__/cpp_template_kernel.cpython-310.pyc
  Moving to /share/home/yuan/.conda/envs/mi_torch_cu118/lib/python3.10/site-packages/torch/_inductor/codegen/__pycache__/cpp_utils.cpython-310.pyc
   from /tmp/pip-uninstall-30rrqvv5/_inductor/codegen/__pycache__/cpp_utils.cpython-310.pyc
  Moving to /share/home/yuan/.conda/envs/mi_torch_cu118/lib/python3.10/site-packages/torch/_inductor/codegen/__pycache__/cpp_wrapper_cpu.cpython-310.pyc
   from /tmp/pip-uninstall-30rrqvv5/_inductor/codegen/__pycache__/cpp_wrapper_cpu.cpython-310.pyc
  Moving to /share/home/yuan/.conda/envs/mi_torch_cu118/lib/python3.10/site-packages/torch/_inductor/codegen/__pycache__/cpp_wrapper_cpu_array_ref.cpython-310.pyc
   from /tmp/pip-uninstall-30rrqvv5/_inductor/codegen/__pycache__/cpp_wrapper_cpu_array_ref.cpython-310.pyc
  Moving to /share/home/yuan/.conda/envs/mi_torch_cu118/lib/python3.10/site-packages/torch/_inductor/codegen/__pycache__/cpp_wrapper_gpu.cpython-310.pyc
   from /tmp/pip-uninstall-30rrqvv5/_inductor/codegen/__pycache__/cpp_wrapper_gpu.cpython-310.pyc
  Moving to /share/home/yuan/.conda/envs/mi_torch_cu118/lib/python3.10/site-packages/torch/_inductor/codegen/__pycache__/cpu_device_op_overrides.cpython-310.pyc
   from /tmp/pip-uninstall-30rrqvv5/_inductor/codegen/__pycache__/cpu_device_op_overrides.cpython-310.pyc
  Moving to /share/home/yuan/.conda/envs/mi_torch_cu118/lib/python3.10/site-packages/torch/_inductor/codegen/__pycache__/cuda_combined_scheduling.cpython-310.pyc
   from /tmp/pip-uninstall-30rrqvv5/_inductor/codegen/__pycache__/cuda_combined_scheduling.cpython-310.pyc
  Moving to /share/home/yuan/.conda/envs/mi_torch_cu118/lib/python3.10/site-packages/torch/_inductor/codegen/__pycache__/debug_utils.cpython-310.pyc
   from /tmp/pip-uninstall-30rrqvv5/_inductor/codegen/__pycache__/debug_utils.cpython-310.pyc
  Moving to /share/home/yuan/.conda/envs/mi_torch_cu118/lib/python3.10/site-packages/torch/_inductor/codegen/__pycache__/halide.cpython-310.pyc
   from /tmp/pip-uninstall-30rrqvv5/_inductor/codegen/__pycache__/halide.cpython-310.pyc
  Moving to /share/home/yuan/.conda/envs/mi_torch_cu118/lib/python3.10/site-packages/torch/_inductor/codegen/__pycache__/memory_planning.cpython-310.pyc
   from /tmp/pip-uninstall-30rrqvv5/_inductor/codegen/__pycache__/memory_planning.cpython-310.pyc
  Moving to /share/home/yuan/.conda/envs/mi_torch_cu118/lib/python3.10/site-packages/torch/_inductor/codegen/__pycache__/multi_kernel.cpython-310.pyc
   from /tmp/pip-uninstall-30rrqvv5/_inductor/codegen/__pycache__/multi_kernel.cpython-310.pyc
  Moving to /share/home/yuan/.conda/envs/mi_torch_cu118/lib/python3.10/site-packages/torch/_inductor/codegen/__pycache__/simd.cpython-310.pyc
   from /tmp/pip-uninstall-30rrqvv5/_inductor/codegen/__pycache__/simd.cpython-310.pyc
  Moving to /share/home/yuan/.conda/envs/mi_torch_cu118/lib/python3.10/site-packages/torch/_inductor/codegen/__pycache__/simd_kernel_features.cpython-310.pyc
   from /tmp/pip-uninstall-30rrqvv5/_inductor/codegen/__pycache__/simd_kernel_features.cpython-310.pyc
  Moving to /share/home/yuan/.conda/envs/mi_torch_cu118/lib/python3.10/site-packages/torch/_inductor/codegen/__pycache__/triton.cpython-310.pyc
   from /tmp/pip-uninstall-30rrqvv5/_inductor/codegen/__pycache__/triton.cpython-310.pyc
  Moving to /share/home/yuan/.conda/envs/mi_torch_cu118/lib/python3.10/site-packages/torch/_inductor/codegen/__pycache__/triton_combo_kernel.cpython-310.pyc
   from /tmp/pip-uninstall-30rrqvv5/_inductor/codegen/__pycache__/triton_combo_kernel.cpython-310.pyc
  Moving to /share/home/yuan/.conda/envs/mi_torch_cu118/lib/python3.10/site-packages/torch/_inductor/codegen/__pycache__/triton_split_scan.cpython-310.pyc
   from /tmp/pip-uninstall-30rrqvv5/_inductor/codegen/__pycache__/triton_split_scan.cpython-310.pyc
  Moving to /share/home/yuan/.conda/envs/mi_torch_cu118/lib/python3.10/site-packages/torch/_inductor/codegen/__pycache__/triton_utils.cpython-310.pyc
   from /tmp/pip-uninstall-30rrqvv5/_inductor/codegen/__pycache__/triton_utils.cpython-310.pyc
  Moving to /share/home/yuan/.conda/envs/mi_torch_cu118/lib/python3.10/site-packages/torch/_inductor/codegen/__pycache__/wrapper.cpython-310.pyc
   from /tmp/pip-uninstall-30rrqvv5/_inductor/codegen/__pycache__/wrapper.cpython-310.pyc
  Moving to /share/home/yuan/.conda/envs/mi_torch_cu118/lib/python3.10/site-packages/torch/_inductor/codegen/aoti_hipify_utils.py
   from /tmp/pip-uninstall-30rrqvv5/_inductor/codegen/aoti_hipify_utils.py
  Moving to /share/home/yuan/.conda/envs/mi_torch_cu118/lib/python3.10/site-packages/torch/_inductor/codegen/aoti_runtime/
   from /share/home/yuan/.conda/envs/mi_torch_cu118/lib/python3.10/site-packages/torch/_inductor/codegen/~oti_runtime
  Moving to /share/home/yuan/.conda/envs/mi_torch_cu118/lib/python3.10/site-packages/torch/_inductor/codegen/block_analysis.py
   from /tmp/pip-uninstall-30rrqvv5/_inductor/codegen/block_analysis.py
  Moving to /share/home/yuan/.conda/envs/mi_torch_cu118/lib/python3.10/site-packages/torch/_inductor/codegen/common.py
   from /tmp/pip-uninstall-30rrqvv5/_inductor/codegen/common.py
  Moving to /share/home/yuan/.conda/envs/mi_torch_cu118/lib/python3.10/site-packages/torch/_inductor/codegen/cpp.py
   from /tmp/pip-uninstall-30rrqvv5/_inductor/codegen/cpp.py
  Moving to /share/home/yuan/.conda/envs/mi_torch_cu118/lib/python3.10/site-packages/torch/_inductor/codegen/cpp_bmm_template.py
   from /tmp/pip-uninstall-30rrqvv5/_inductor/codegen/cpp_bmm_template.py
  Moving to /share/home/yuan/.conda/envs/mi_torch_cu118/lib/python3.10/site-packages/torch/_inductor/codegen/cpp_flex_attention_template.py
   from /tmp/pip-uninstall-30rrqvv5/_inductor/codegen/cpp_flex_attention_template.py
  Moving to /share/home/yuan/.conda/envs/mi_torch_cu118/lib/python3.10/site-packages/torch/_inductor/codegen/cpp_gemm_template.py
   from /tmp/pip-uninstall-30rrqvv5/_inductor/codegen/cpp_gemm_template.py
  Moving to /share/home/yuan/.conda/envs/mi_torch_cu118/lib/python3.10/site-packages/torch/_inductor/codegen/cpp_micro_gemm.py
   from /tmp/pip-uninstall-30rrqvv5/_inductor/codegen/cpp_micro_gemm.py
  Moving to /share/home/yuan/.conda/envs/mi_torch_cu118/lib/python3.10/site-packages/torch/_inductor/codegen/cpp_prefix.h
   from /tmp/pip-uninstall-30rrqvv5/_inductor/codegen/cpp_prefix.h
  Moving to /share/home/yuan/.conda/envs/mi_torch_cu118/lib/python3.10/site-packages/torch/_inductor/codegen/cpp_template.py
   from /tmp/pip-uninstall-30rrqvv5/_inductor/codegen/cpp_template.py
  Moving to /share/home/yuan/.conda/envs/mi_torch_cu118/lib/python3.10/site-packages/torch/_inductor/codegen/cpp_template_kernel.py
   from /tmp/pip-uninstall-30rrqvv5/_inductor/codegen/cpp_template_kernel.py
  Moving to /share/home/yuan/.conda/envs/mi_torch_cu118/lib/python3.10/site-packages/torch/_inductor/codegen/cpp_utils.py
   from /tmp/pip-uninstall-30rrqvv5/_inductor/codegen/cpp_utils.py
  Moving to /share/home/yuan/.conda/envs/mi_torch_cu118/lib/python3.10/site-packages/torch/_inductor/codegen/cpp_wrapper_cpu.py
   from /tmp/pip-uninstall-30rrqvv5/_inductor/codegen/cpp_wrapper_cpu.py
  Moving to /share/home/yuan/.conda/envs/mi_torch_cu118/lib/python3.10/site-packages/torch/_inductor/codegen/cpp_wrapper_cpu_array_ref.py
   from /tmp/pip-uninstall-30rrqvv5/_inductor/codegen/cpp_wrapper_cpu_array_ref.py
  Moving to /share/home/yuan/.conda/envs/mi_torch_cu118/lib/python3.10/site-packages/torch/_inductor/codegen/cpp_wrapper_gpu.py
   from /tmp/pip-uninstall-30rrqvv5/_inductor/codegen/cpp_wrapper_gpu.py
  Moving to /share/home/yuan/.conda/envs/mi_torch_cu118/lib/python3.10/site-packages/torch/_inductor/codegen/cpu_device_op_overrides.py
   from /tmp/pip-uninstall-30rrqvv5/_inductor/codegen/cpu_device_op_overrides.py
  Moving to /share/home/yuan/.conda/envs/mi_torch_cu118/lib/python3.10/site-packages/torch/_inductor/codegen/cuda/__init__.py
   from /tmp/pip-uninstall-30rrqvv5/_inductor/codegen/cuda/__init__.py
  Moving to /share/home/yuan/.conda/envs/mi_torch_cu118/lib/python3.10/site-packages/torch/_inductor/codegen/cuda/__pycache__/__init__.cpython-310.pyc
   from /tmp/pip-uninstall-30rrqvv5/_inductor/codegen/cuda/__pycache__/__init__.cpython-310.pyc
  Moving to /share/home/yuan/.conda/envs/mi_torch_cu118/lib/python3.10/site-packages/torch/_inductor/codegen/cuda/__pycache__/cuda_cpp_scheduling.cpython-310.pyc
   from /tmp/pip-uninstall-30rrqvv5/_inductor/codegen/cuda/__pycache__/cuda_cpp_scheduling.cpython-310.pyc
  Moving to /share/home/yuan/.conda/envs/mi_torch_cu118/lib/python3.10/site-packages/torch/_inductor/codegen/cuda/__pycache__/cuda_env.cpython-310.pyc
   from /tmp/pip-uninstall-30rrqvv5/_inductor/codegen/cuda/__pycache__/cuda_env.cpython-310.pyc
  Moving to /share/home/yuan/.conda/envs/mi_torch_cu118/lib/python3.10/site-packages/torch/_inductor/codegen/cuda/__pycache__/cuda_kernel.cpython-310.pyc
   from /tmp/pip-uninstall-30rrqvv5/_inductor/codegen/cuda/__pycache__/cuda_kernel.cpython-310.pyc
  Moving to /share/home/yuan/.conda/envs/mi_torch_cu118/lib/python3.10/site-packages/torch/_inductor/codegen/cuda/__pycache__/cuda_template.cpython-310.pyc
   from /tmp/pip-uninstall-30rrqvv5/_inductor/codegen/cuda/__pycache__/cuda_template.cpython-310.pyc
  Moving to /share/home/yuan/.conda/envs/mi_torch_cu118/lib/python3.10/site-packages/torch/_inductor/codegen/cuda/__pycache__/cutlass_epilogue_gen.cpython-310.pyc
   from /tmp/pip-uninstall-30rrqvv5/_inductor/codegen/cuda/__pycache__/cutlass_epilogue_gen.cpython-310.pyc
  Moving to /share/home/yuan/.conda/envs/mi_torch_cu118/lib/python3.10/site-packages/torch/_inductor/codegen/cuda/__pycache__/cutlass_utils.cpython-310.pyc
   from /tmp/pip-uninstall-30rrqvv5/_inductor/codegen/cuda/__pycache__/cutlass_utils.cpython-310.pyc
  Moving to /share/home/yuan/.conda/envs/mi_torch_cu118/lib/python3.10/site-packages/torch/_inductor/codegen/cuda/__pycache__/device_op_overrides.cpython-310.pyc
   from /tmp/pip-uninstall-30rrqvv5/_inductor/codegen/cuda/__pycache__/device_op_overrides.cpython-310.pyc
  Moving to /share/home/yuan/.conda/envs/mi_torch_cu118/lib/python3.10/site-packages/torch/_inductor/codegen/cuda/__pycache__/gemm_template.cpython-310.pyc
   from /tmp/pip-uninstall-30rrqvv5/_inductor/codegen/cuda/__pycache__/gemm_template.cpython-310.pyc
  Moving to /share/home/yuan/.conda/envs/mi_torch_cu118/lib/python3.10/site-packages/torch/_inductor/codegen/cuda/cuda_cpp_scheduling.py
   from /tmp/pip-uninstall-30rrqvv5/_inductor/codegen/cuda/cuda_cpp_scheduling.py
  Moving to /share/home/yuan/.conda/envs/mi_torch_cu118/lib/python3.10/site-packages/torch/_inductor/codegen/cuda/cuda_env.py
   from /tmp/pip-uninstall-30rrqvv5/_inductor/codegen/cuda/cuda_env.py
  Moving to /share/home/yuan/.conda/envs/mi_torch_cu118/lib/python3.10/site-packages/torch/_inductor/codegen/cuda/cuda_kernel.py
   from /tmp/pip-uninstall-30rrqvv5/_inductor/codegen/cuda/cuda_kernel.py
  Moving to /share/home/yuan/.conda/envs/mi_torch_cu118/lib/python3.10/site-packages/torch/_inductor/codegen/cuda/cuda_template.py
   from /tmp/pip-uninstall-30rrqvv5/_inductor/codegen/cuda/cuda_template.py
  Moving to /share/home/yuan/.conda/envs/mi_torch_cu118/lib/python3.10/site-packages/torch/_inductor/codegen/cuda/cutlass_epilogue_gen.py
   from /tmp/pip-uninstall-30rrqvv5/_inductor/codegen/cuda/cutlass_epilogue_gen.py
  Moving to /share/home/yuan/.conda/envs/mi_torch_cu118/lib/python3.10/site-packages/torch/_inductor/codegen/cuda/cutlass_lib_extensions/__init__.py
   from /tmp/pip-uninstall-30rrqvv5/_inductor/codegen/cuda/cutlass_lib_extensions/__init__.py
  Moving to /share/home/yuan/.conda/envs/mi_torch_cu118/lib/python3.10/site-packages/torch/_inductor/codegen/cuda/cutlass_lib_extensions/__pycache__/__init__.cpython-310.pyc
   from /tmp/pip-uninstall-30rrqvv5/_inductor/codegen/cuda/cutlass_lib_extensions/__pycache__/__init__.cpython-310.pyc
  Moving to /share/home/yuan/.conda/envs/mi_torch_cu118/lib/python3.10/site-packages/torch/_inductor/codegen/cuda/cutlass_lib_extensions/__pycache__/gemm_operation_extensions.cpython-310.pyc
   from /tmp/pip-uninstall-30rrqvv5/_inductor/codegen/cuda/cutlass_lib_extensions/__pycache__/gemm_operation_extensions.cpython-310.pyc
  Moving to /share/home/yuan/.conda/envs/mi_torch_cu118/lib/python3.10/site-packages/torch/_inductor/codegen/cuda/cutlass_lib_extensions/gemm_operation_extensions.py
   from /tmp/pip-uninstall-30rrqvv5/_inductor/codegen/cuda/cutlass_lib_extensions/gemm_operation_extensions.py
  Moving to /share/home/yuan/.conda/envs/mi_torch_cu118/lib/python3.10/site-packages/torch/_inductor/codegen/cuda/cutlass_utils.py
   from /tmp/pip-uninstall-30rrqvv5/_inductor/codegen/cuda/cutlass_utils.py
  Moving to /share/home/yuan/.conda/envs/mi_torch_cu118/lib/python3.10/site-packages/torch/_inductor/codegen/cuda/device_op_overrides.py
   from /tmp/pip-uninstall-30rrqvv5/_inductor/codegen/cuda/device_op_overrides.py
  Moving to /share/home/yuan/.conda/envs/mi_torch_cu118/lib/python3.10/site-packages/torch/_inductor/codegen/cuda/gemm_template.py
   from /tmp/pip-uninstall-30rrqvv5/_inductor/codegen/cuda/gemm_template.py
  Moving to /share/home/yuan/.conda/envs/mi_torch_cu118/lib/python3.10/site-packages/torch/_inductor/codegen/cuda_combined_scheduling.py
   from /tmp/pip-uninstall-30rrqvv5/_inductor/codegen/cuda_combined_scheduling.py
  Moving to /share/home/yuan/.conda/envs/mi_torch_cu118/lib/python3.10/site-packages/torch/_inductor/codegen/debug_utils.py
   from /tmp/pip-uninstall-30rrqvv5/_inductor/codegen/debug_utils.py
  Moving to /share/home/yuan/.conda/envs/mi_torch_cu118/lib/python3.10/site-packages/torch/_inductor/codegen/halide.py
   from /tmp/pip-uninstall-30rrqvv5/_inductor/codegen/halide.py
  Moving to /share/home/yuan/.conda/envs/mi_torch_cu118/lib/python3.10/site-packages/torch/_inductor/codegen/memory_planning.py
   from /tmp/pip-uninstall-30rrqvv5/_inductor/codegen/memory_planning.py
  Moving to /share/home/yuan/.conda/envs/mi_torch_cu118/lib/python3.10/site-packages/torch/_inductor/codegen/multi_kernel.py
   from /tmp/pip-uninstall-30rrqvv5/_inductor/codegen/multi_kernel.py
  Moving to /share/home/yuan/.conda/envs/mi_torch_cu118/lib/python3.10/site-packages/torch/_inductor/codegen/rocm/__init__.py
   from /tmp/pip-uninstall-30rrqvv5/_inductor/codegen/rocm/__init__.py
  Moving to /share/home/yuan/.conda/envs/mi_torch_cu118/lib/python3.10/site-packages/torch/_inductor/codegen/rocm/__pycache__/__init__.cpython-310.pyc
   from /tmp/pip-uninstall-30rrqvv5/_inductor/codegen/rocm/__pycache__/__init__.cpython-310.pyc
  Moving to /share/home/yuan/.conda/envs/mi_torch_cu118/lib/python3.10/site-packages/torch/_inductor/codegen/rocm/__pycache__/ck_conv_template.cpython-310.pyc
   from /tmp/pip-uninstall-30rrqvv5/_inductor/codegen/rocm/__pycache__/ck_conv_template.cpython-310.pyc
  Moving to /share/home/yuan/.conda/envs/mi_torch_cu118/lib/python3.10/site-packages/torch/_inductor/codegen/rocm/__pycache__/ck_template.cpython-310.pyc
   from /tmp/pip-uninstall-30rrqvv5/_inductor/codegen/rocm/__pycache__/ck_template.cpython-310.pyc
  Moving to /share/home/yuan/.conda/envs/mi_torch_cu118/lib/python3.10/site-packages/torch/_inductor/codegen/rocm/__pycache__/ck_universal_gemm_template.cpython-310.pyc
   from /tmp/pip-uninstall-30rrqvv5/_inductor/codegen/rocm/__pycache__/ck_universal_gemm_template.cpython-310.pyc
  Moving to /share/home/yuan/.conda/envs/mi_torch_cu118/lib/python3.10/site-packages/torch/_inductor/codegen/rocm/__pycache__/compile_command.cpython-310.pyc
   from /tmp/pip-uninstall-30rrqvv5/_inductor/codegen/rocm/__pycache__/compile_command.cpython-310.pyc
  Moving to /share/home/yuan/.conda/envs/mi_torch_cu118/lib/python3.10/site-packages/torch/_inductor/codegen/rocm/__pycache__/rocm_benchmark_request.cpython-310.pyc
   from /tmp/pip-uninstall-30rrqvv5/_inductor/codegen/rocm/__pycache__/rocm_benchmark_request.cpython-310.pyc
  Moving to /share/home/yuan/.conda/envs/mi_torch_cu118/lib/python3.10/site-packages/torch/_inductor/codegen/rocm/__pycache__/rocm_cpp_scheduling.cpython-310.pyc
   from /tmp/pip-uninstall-30rrqvv5/_inductor/codegen/rocm/__pycache__/rocm_cpp_scheduling.cpython-310.pyc
  Moving to /share/home/yuan/.conda/envs/mi_torch_cu118/lib/python3.10/site-packages/torch/_inductor/codegen/rocm/__pycache__/rocm_kernel.cpython-310.pyc
   from /tmp/pip-uninstall-30rrqvv5/_inductor/codegen/rocm/__pycache__/rocm_kernel.cpython-310.pyc
  Moving to /share/home/yuan/.conda/envs/mi_torch_cu118/lib/python3.10/site-packages/torch/_inductor/codegen/rocm/__pycache__/rocm_template.cpython-310.pyc
   from /tmp/pip-uninstall-30rrqvv5/_inductor/codegen/rocm/__pycache__/rocm_template.cpython-310.pyc
  Moving to /share/home/yuan/.conda/envs/mi_torch_cu118/lib/python3.10/site-packages/torch/_inductor/codegen/rocm/__pycache__/rocm_template_buffer.cpython-310.pyc
   from /tmp/pip-uninstall-30rrqvv5/_inductor/codegen/rocm/__pycache__/rocm_template_buffer.cpython-310.pyc
  Moving to /share/home/yuan/.conda/envs/mi_torch_cu118/lib/python3.10/site-packages/torch/_inductor/codegen/rocm/ck_conv_template.py
   from /tmp/pip-uninstall-30rrqvv5/_inductor/codegen/rocm/ck_conv_template.py
  Moving to /share/home/yuan/.conda/envs/mi_torch_cu118/lib/python3.10/site-packages/torch/_inductor/codegen/rocm/ck_template.py
   from /tmp/pip-uninstall-30rrqvv5/_inductor/codegen/rocm/ck_template.py
  Moving to /share/home/yuan/.conda/envs/mi_torch_cu118/lib/python3.10/site-packages/torch/_inductor/codegen/rocm/ck_universal_gemm_template.py
   from /tmp/pip-uninstall-30rrqvv5/_inductor/codegen/rocm/ck_universal_gemm_template.py
  Moving to /share/home/yuan/.conda/envs/mi_torch_cu118/lib/python3.10/site-packages/torch/_inductor/codegen/rocm/compile_command.py
   from /tmp/pip-uninstall-30rrqvv5/_inductor/codegen/rocm/compile_command.py
  Moving to /share/home/yuan/.conda/envs/mi_torch_cu118/lib/python3.10/site-packages/torch/_inductor/codegen/rocm/rocm_benchmark_request.py
   from /tmp/pip-uninstall-30rrqvv5/_inductor/codegen/rocm/rocm_benchmark_request.py
  Moving to /share/home/yuan/.conda/envs/mi_torch_cu118/lib/python3.10/site-packages/torch/_inductor/codegen/rocm/rocm_cpp_scheduling.py
   from /tmp/pip-uninstall-30rrqvv5/_inductor/codegen/rocm/rocm_cpp_scheduling.py
  Moving to /share/home/yuan/.conda/envs/mi_torch_cu118/lib/python3.10/site-packages/torch/_inductor/codegen/rocm/rocm_kernel.py
   from /tmp/pip-uninstall-30rrqvv5/_inductor/codegen/rocm/rocm_kernel.py
  Moving to /share/home/yuan/.conda/envs/mi_torch_cu118/lib/python3.10/site-packages/torch/_inductor/codegen/rocm/rocm_template.py
   from /tmp/pip-uninstall-30rrqvv5/_inductor/codegen/rocm/rocm_template.py
  Moving to /share/home/yuan/.conda/envs/mi_torch_cu118/lib/python3.10/site-packages/torch/_inductor/codegen/rocm/rocm_template_buffer.py
   from /tmp/pip-uninstall-30rrqvv5/_inductor/codegen/rocm/rocm_template_buffer.py
  Moving to /share/home/yuan/.conda/envs/mi_torch_cu118/lib/python3.10/site-packages/torch/_inductor/codegen/simd.py
   from /tmp/pip-uninstall-30rrqvv5/_inductor/codegen/simd.py
  Moving to /share/home/yuan/.conda/envs/mi_torch_cu118/lib/python3.10/site-packages/torch/_inductor/codegen/simd_kernel_features.py
   from /tmp/pip-uninstall-30rrqvv5/_inductor/codegen/simd_kernel_features.py
  Moving to /share/home/yuan/.conda/envs/mi_torch_cu118/lib/python3.10/site-packages/torch/_inductor/codegen/triton.py
   from /tmp/pip-uninstall-30rrqvv5/_inductor/codegen/triton.py
  Moving to /share/home/yuan/.conda/envs/mi_torch_cu118/lib/python3.10/site-packages/torch/_inductor/codegen/triton_combo_kernel.py
   from /tmp/pip-uninstall-30rrqvv5/_inductor/codegen/triton_combo_kernel.py
  Moving to /share/home/yuan/.conda/envs/mi_torch_cu118/lib/python3.10/site-packages/torch/_inductor/codegen/triton_split_scan.py
   from /tmp/pip-uninstall-30rrqvv5/_inductor/codegen/triton_split_scan.py
  Moving to /share/home/yuan/.conda/envs/mi_torch_cu118/lib/python3.10/site-packages/torch/_inductor/codegen/triton_utils.py
   from /tmp/pip-uninstall-30rrqvv5/_inductor/codegen/triton_utils.py
  Moving to /share/home/yuan/.conda/envs/mi_torch_cu118/lib/python3.10/site-packages/torch/_inductor/codegen/wrapper.py
   from /tmp/pip-uninstall-30rrqvv5/_inductor/codegen/wrapper.py
  Moving to /share/home/yuan/.conda/envs/mi_torch_cu118/lib/python3.10/site-packages/torch/_inductor/codegen/xpu/__init__.py
   from /tmp/pip-uninstall-30rrqvv5/_inductor/codegen/xpu/__init__.py
  Moving to /share/home/yuan/.conda/envs/mi_torch_cu118/lib/python3.10/site-packages/torch/_inductor/codegen/xpu/__pycache__/__init__.cpython-310.pyc
   from /tmp/pip-uninstall-30rrqvv5/_inductor/codegen/xpu/__pycache__/__init__.cpython-310.pyc
  Moving to /share/home/yuan/.conda/envs/mi_torch_cu118/lib/python3.10/site-packages/torch/_inductor/codegen/xpu/__pycache__/device_op_overrides.cpython-310.pyc
   from /tmp/pip-uninstall-30rrqvv5/_inductor/codegen/xpu/__pycache__/device_op_overrides.cpython-310.pyc
  Moving to /share/home/yuan/.conda/envs/mi_torch_cu118/lib/python3.10/site-packages/torch/_inductor/codegen/xpu/device_op_overrides.py
   from /tmp/pip-uninstall-30rrqvv5/_inductor/codegen/xpu/device_op_overrides.py
  Moving to /share/home/yuan/.conda/envs/mi_torch_cu118/lib/python3.10/site-packages/torch/_inductor/comm_analysis.py
   from /tmp/pip-uninstall-30rrqvv5/_inductor/comm_analysis.py
  Moving to /share/home/yuan/.conda/envs/mi_torch_cu118/lib/python3.10/site-packages/torch/_inductor/comm_lowering.py
   from /tmp/pip-uninstall-30rrqvv5/_inductor/comm_lowering.py
  Moving to /share/home/yuan/.conda/envs/mi_torch_cu118/lib/python3.10/site-packages/torch/_inductor/comms.py
   from /tmp/pip-uninstall-30rrqvv5/_inductor/comms.py
  Moving to /share/home/yuan/.conda/envs/mi_torch_cu118/lib/python3.10/site-packages/torch/_inductor/compile_fx.py
   from /tmp/pip-uninstall-30rrqvv5/_inductor/compile_fx.py
  Moving to /share/home/yuan/.conda/envs/mi_torch_cu118/lib/python3.10/site-packages/torch/_inductor/compile_worker/__init__.py
   from /tmp/pip-uninstall-30rrqvv5/_inductor/compile_worker/__init__.py
  Moving to /share/home/yuan/.conda/envs/mi_torch_cu118/lib/python3.10/site-packages/torch/_inductor/compile_worker/__main__.py
   from /tmp/pip-uninstall-30rrqvv5/_inductor/compile_worker/__main__.py
  Moving to /share/home/yuan/.conda/envs/mi_torch_cu118/lib/python3.10/site-packages/torch/_inductor/compile_worker/__pycache__/__init__.cpython-310.pyc
   from /tmp/pip-uninstall-30rrqvv5/_inductor/compile_worker/__pycache__/__init__.cpython-310.pyc
  Moving to /share/home/yuan/.conda/envs/mi_torch_cu118/lib/python3.10/site-packages/torch/_inductor/compile_worker/__pycache__/__main__.cpython-310.pyc
   from /tmp/pip-uninstall-30rrqvv5/_inductor/compile_worker/__pycache__/__main__.cpython-310.pyc
  Moving to /share/home/yuan/.conda/envs/mi_torch_cu118/lib/python3.10/site-packages/torch/_inductor/compile_worker/__pycache__/subproc_pool.cpython-310.pyc
   from /tmp/pip-uninstall-30rrqvv5/_inductor/compile_worker/__pycache__/subproc_pool.cpython-310.pyc
  Moving to /share/home/yuan/.conda/envs/mi_torch_cu118/lib/python3.10/site-packages/torch/_inductor/compile_worker/__pycache__/watchdog.cpython-310.pyc
   from /tmp/pip-uninstall-30rrqvv5/_inductor/compile_worker/__pycache__/watchdog.cpython-310.pyc
  Moving to /share/home/yuan/.conda/envs/mi_torch_cu118/lib/python3.10/site-packages/torch/_inductor/compile_worker/subproc_pool.py
   from /tmp/pip-uninstall-30rrqvv5/_inductor/compile_worker/subproc_pool.py
  Moving to /share/home/yuan/.conda/envs/mi_torch_cu118/lib/python3.10/site-packages/torch/_inductor/compile_worker/watchdog.py
   from /tmp/pip-uninstall-30rrqvv5/_inductor/compile_worker/watchdog.py
  Moving to /share/home/yuan/.conda/envs/mi_torch_cu118/lib/python3.10/site-packages/torch/_inductor/compiler_bisector.py
   from /tmp/pip-uninstall-30rrqvv5/_inductor/compiler_bisector.py
  Moving to /share/home/yuan/.conda/envs/mi_torch_cu118/lib/python3.10/site-packages/torch/_inductor/config.py
   from /tmp/pip-uninstall-30rrqvv5/_inductor/config.py
  Moving to /share/home/yuan/.conda/envs/mi_torch_cu118/lib/python3.10/site-packages/torch/_inductor/constant_folding.py
   from /tmp/pip-uninstall-30rrqvv5/_inductor/constant_folding.py
  Moving to /share/home/yuan/.conda/envs/mi_torch_cu118/lib/python3.10/site-packages/torch/_inductor/cpp_builder.py
   from /tmp/pip-uninstall-30rrqvv5/_inductor/cpp_builder.py
  Moving to /share/home/yuan/.conda/envs/mi_torch_cu118/lib/python3.10/site-packages/torch/_inductor/cpu_vec_isa.py
   from /tmp/pip-uninstall-30rrqvv5/_inductor/cpu_vec_isa.py
  Moving to /share/home/yuan/.conda/envs/mi_torch_cu118/lib/python3.10/site-packages/torch/_inductor/cudagraph_trees.py
   from /tmp/pip-uninstall-30rrqvv5/_inductor/cudagraph_trees.py
  Moving to /share/home/yuan/.conda/envs/mi_torch_cu118/lib/python3.10/site-packages/torch/_inductor/cudagraph_utils.py
   from /tmp/pip-uninstall-30rrqvv5/_inductor/cudagraph_utils.py
  Moving to /share/home/yuan/.conda/envs/mi_torch_cu118/lib/python3.10/site-packages/torch/_inductor/custom_graph_pass.py
   from /tmp/pip-uninstall-30rrqvv5/_inductor/custom_graph_pass.py
  Moving to /share/home/yuan/.conda/envs/mi_torch_cu118/lib/python3.10/site-packages/torch/_inductor/debug.py
   from /tmp/pip-uninstall-30rrqvv5/_inductor/debug.py
  Moving to /share/home/yuan/.conda/envs/mi_torch_cu118/lib/python3.10/site-packages/torch/_inductor/decomposition.py
   from /tmp/pip-uninstall-30rrqvv5/_inductor/decomposition.py
  Moving to /share/home/yuan/.conda/envs/mi_torch_cu118/lib/python3.10/site-packages/torch/_inductor/dependencies.py
   from /tmp/pip-uninstall-30rrqvv5/_inductor/dependencies.py
  Moving to /share/home/yuan/.conda/envs/mi_torch_cu118/lib/python3.10/site-packages/torch/_inductor/dtype_propagation.py
   from /tmp/pip-uninstall-30rrqvv5/_inductor/dtype_propagation.py
  Moving to /share/home/yuan/.conda/envs/mi_torch_cu118/lib/python3.10/site-packages/torch/_inductor/exc.py
   from /tmp/pip-uninstall-30rrqvv5/_inductor/exc.py
  Moving to /share/home/yuan/.conda/envs/mi_torch_cu118/lib/python3.10/site-packages/torch/_inductor/extern_node_serializer.py
   from /tmp/pip-uninstall-30rrqvv5/_inductor/extern_node_serializer.py
  Moving to /share/home/yuan/.conda/envs/mi_torch_cu118/lib/python3.10/site-packages/torch/_inductor/freezing.py
   from /tmp/pip-uninstall-30rrqvv5/_inductor/freezing.py
  Moving to /share/home/yuan/.conda/envs/mi_torch_cu118/lib/python3.10/site-packages/torch/_inductor/fx_passes/__init__.py
   from /tmp/pip-uninstall-30rrqvv5/_inductor/fx_passes/__init__.py
  Moving to /share/home/yuan/.conda/envs/mi_torch_cu118/lib/python3.10/site-packages/torch/_inductor/fx_passes/__pycache__/__init__.cpython-310.pyc
   from /tmp/pip-uninstall-30rrqvv5/_inductor/fx_passes/__pycache__/__init__.cpython-310.pyc
  Moving to /share/home/yuan/.conda/envs/mi_torch_cu118/lib/python3.10/site-packages/torch/_inductor/fx_passes/__pycache__/b2b_gemm.cpython-310.pyc
   from /tmp/pip-uninstall-30rrqvv5/_inductor/fx_passes/__pycache__/b2b_gemm.cpython-310.pyc
  Moving to /share/home/yuan/.conda/envs/mi_torch_cu118/lib/python3.10/site-packages/torch/_inductor/fx_passes/__pycache__/binary_folding.cpython-310.pyc
   from /tmp/pip-uninstall-30rrqvv5/_inductor/fx_passes/__pycache__/binary_folding.cpython-310.pyc
  Moving to /share/home/yuan/.conda/envs/mi_torch_cu118/lib/python3.10/site-packages/torch/_inductor/fx_passes/__pycache__/ddp_fusion.cpython-310.pyc
   from /tmp/pip-uninstall-30rrqvv5/_inductor/fx_passes/__pycache__/ddp_fusion.cpython-310.pyc
  Moving to /share/home/yuan/.conda/envs/mi_torch_cu118/lib/python3.10/site-packages/torch/_inductor/fx_passes/__pycache__/decompose_mem_bound_mm.cpython-310.pyc
   from /tmp/pip-uninstall-30rrqvv5/_inductor/fx_passes/__pycache__/decompose_mem_bound_mm.cpython-310.pyc
  Moving to /share/home/yuan/.conda/envs/mi_torch_cu118/lib/python3.10/site-packages/torch/_inductor/fx_passes/__pycache__/dedupe_symint_uses.cpython-310.pyc
   from /tmp/pip-uninstall-30rrqvv5/_inductor/fx_passes/__pycache__/dedupe_symint_uses.cpython-310.pyc
  Moving to /share/home/yuan/.conda/envs/mi_torch_cu118/lib/python3.10/site-packages/torch/_inductor/fx_passes/__pycache__/efficient_conv_bn_eval.cpython-310.pyc
   from /tmp/pip-uninstall-30rrqvv5/_inductor/fx_passes/__pycache__/efficient_conv_bn_eval.cpython-310.pyc
  Moving to /share/home/yuan/.conda/envs/mi_torch_cu118/lib/python3.10/site-packages/torch/_inductor/fx_passes/__pycache__/freezing_patterns.cpython-310.pyc
   from /tmp/pip-uninstall-30rrqvv5/_inductor/fx_passes/__pycache__/freezing_patterns.cpython-310.pyc
  Moving to /share/home/yuan/.conda/envs/mi_torch_cu118/lib/python3.10/site-packages/torch/_inductor/fx_passes/__pycache__/fuse_attention.cpython-310.pyc
   from /tmp/pip-uninstall-30rrqvv5/_inductor/fx_passes/__pycache__/fuse_attention.cpython-310.pyc
  Moving to /share/home/yuan/.conda/envs/mi_torch_cu118/lib/python3.10/site-packages/torch/_inductor/fx_passes/__pycache__/group_batch_fusion.cpython-310.pyc
   from /tmp/pip-uninstall-30rrqvv5/_inductor/fx_passes/__pycache__/group_batch_fusion.cpython-310.pyc
  Moving to /share/home/yuan/.conda/envs/mi_torch_cu118/lib/python3.10/site-packages/torch/_inductor/fx_passes/__pycache__/joint_graph.cpython-310.pyc
   from /tmp/pip-uninstall-30rrqvv5/_inductor/fx_passes/__pycache__/joint_graph.cpython-310.pyc
  Moving to /share/home/yuan/.conda/envs/mi_torch_cu118/lib/python3.10/site-packages/torch/_inductor/fx_passes/__pycache__/micro_pipeline_tp.cpython-310.pyc
   from /tmp/pip-uninstall-30rrqvv5/_inductor/fx_passes/__pycache__/micro_pipeline_tp.cpython-310.pyc
  Moving to /share/home/yuan/.conda/envs/mi_torch_cu118/lib/python3.10/site-packages/torch/_inductor/fx_passes/__pycache__/misc_patterns.cpython-310.pyc
   from /tmp/pip-uninstall-30rrqvv5/_inductor/fx_passes/__pycache__/misc_patterns.cpython-310.pyc
  Moving to /share/home/yuan/.conda/envs/mi_torch_cu118/lib/python3.10/site-packages/torch/_inductor/fx_passes/__pycache__/mkldnn_fusion.cpython-310.pyc
   from /tmp/pip-uninstall-30rrqvv5/_inductor/fx_passes/__pycache__/mkldnn_fusion.cpython-310.pyc
  Moving to /share/home/yuan/.conda/envs/mi_torch_cu118/lib/python3.10/site-packages/torch/_inductor/fx_passes/__pycache__/numeric_utils.cpython-310.pyc
   from /tmp/pip-uninstall-30rrqvv5/_inductor/fx_passes/__pycache__/numeric_utils.cpython-310.pyc
  Moving to /share/home/yuan/.conda/envs/mi_torch_cu118/lib/python3.10/site-packages/torch/_inductor/fx_passes/__pycache__/pad_mm.cpython-310.pyc
   from /tmp/pip-uninstall-30rrqvv5/_inductor/fx_passes/__pycache__/pad_mm.cpython-310.pyc
  Moving to /share/home/yuan/.conda/envs/mi_torch_cu118/lib/python3.10/site-packages/torch/_inductor/fx_passes/__pycache__/post_grad.cpython-310.pyc
   from /tmp/pip-uninstall-30rrqvv5/_inductor/fx_passes/__pycache__/post_grad.cpython-310.pyc
  Moving to /share/home/yuan/.conda/envs/mi_torch_cu118/lib/python3.10/site-packages/torch/_inductor/fx_passes/__pycache__/pre_grad.cpython-310.pyc
   from /tmp/pip-uninstall-30rrqvv5/_inductor/fx_passes/__pycache__/pre_grad.cpython-310.pyc
  Moving to /share/home/yuan/.conda/envs/mi_torch_cu118/lib/python3.10/site-packages/torch/_inductor/fx_passes/__pycache__/quantization.cpython-310.pyc
   from /tmp/pip-uninstall-30rrqvv5/_inductor/fx_passes/__pycache__/quantization.cpython-310.pyc
  Moving to /share/home/yuan/.conda/envs/mi_torch_cu118/lib/python3.10/site-packages/torch/_inductor/fx_passes/__pycache__/reinplace.cpython-310.pyc
   from /tmp/pip-uninstall-30rrqvv5/_inductor/fx_passes/__pycache__/reinplace.cpython-310.pyc
  Moving to /share/home/yuan/.conda/envs/mi_torch_cu118/lib/python3.10/site-packages/torch/_inductor/fx_passes/__pycache__/replace_random.cpython-310.pyc
   from /tmp/pip-uninstall-30rrqvv5/_inductor/fx_passes/__pycache__/replace_random.cpython-310.pyc
  Moving to /share/home/yuan/.conda/envs/mi_torch_cu118/lib/python3.10/site-packages/torch/_inductor/fx_passes/__pycache__/split_cat.cpython-310.pyc
   from /tmp/pip-uninstall-30rrqvv5/_inductor/fx_passes/__pycache__/split_cat.cpython-310.pyc
  Moving to /share/home/yuan/.conda/envs/mi_torch_cu118/lib/python3.10/site-packages/torch/_inductor/fx_passes/b2b_gemm.py
   from /tmp/pip-uninstall-30rrqvv5/_inductor/fx_passes/b2b_gemm.py
  Moving to /share/home/yuan/.conda/envs/mi_torch_cu118/lib/python3.10/site-packages/torch/_inductor/fx_passes/binary_folding.py
   from /tmp/pip-uninstall-30rrqvv5/_inductor/fx_passes/binary_folding.py
  Moving to /share/home/yuan/.conda/envs/mi_torch_cu118/lib/python3.10/site-packages/torch/_inductor/fx_passes/ddp_fusion.py
   from /tmp/pip-uninstall-30rrqvv5/_inductor/fx_passes/ddp_fusion.py
  Moving to /share/home/yuan/.conda/envs/mi_torch_cu118/lib/python3.10/site-packages/torch/_inductor/fx_passes/decompose_mem_bound_mm.py
   from /tmp/pip-uninstall-30rrqvv5/_inductor/fx_passes/decompose_mem_bound_mm.py
  Moving to /share/home/yuan/.conda/envs/mi_torch_cu118/lib/python3.10/site-packages/torch/_inductor/fx_passes/dedupe_symint_uses.py
   from /tmp/pip-uninstall-30rrqvv5/_inductor/fx_passes/dedupe_symint_uses.py
  Moving to /share/home/yuan/.conda/envs/mi_torch_cu118/lib/python3.10/site-packages/torch/_inductor/fx_passes/efficient_conv_bn_eval.py
   from /tmp/pip-uninstall-30rrqvv5/_inductor/fx_passes/efficient_conv_bn_eval.py
  Moving to /share/home/yuan/.conda/envs/mi_torch_cu118/lib/python3.10/site-packages/torch/_inductor/fx_passes/freezing_patterns.py
   from /tmp/pip-uninstall-30rrqvv5/_inductor/fx_passes/freezing_patterns.py
  Moving to /share/home/yuan/.conda/envs/mi_torch_cu118/lib/python3.10/site-packages/torch/_inductor/fx_passes/fuse_attention.py
   from /tmp/pip-uninstall-30rrqvv5/_inductor/fx_passes/fuse_attention.py
  Moving to /share/home/yuan/.conda/envs/mi_torch_cu118/lib/python3.10/site-packages/torch/_inductor/fx_passes/group_batch_fusion.py
   from /tmp/pip-uninstall-30rrqvv5/_inductor/fx_passes/group_batch_fusion.py
  Moving to /share/home/yuan/.conda/envs/mi_torch_cu118/lib/python3.10/site-packages/torch/_inductor/fx_passes/joint_graph.py
   from /tmp/pip-uninstall-30rrqvv5/_inductor/fx_passes/joint_graph.py
  Moving to /share/home/yuan/.conda/envs/mi_torch_cu118/lib/python3.10/site-packages/torch/_inductor/fx_passes/micro_pipeline_tp.py
   from /tmp/pip-uninstall-30rrqvv5/_inductor/fx_passes/micro_pipeline_tp.py
  Moving to /share/home/yuan/.conda/envs/mi_torch_cu118/lib/python3.10/site-packages/torch/_inductor/fx_passes/misc_patterns.py
   from /tmp/pip-uninstall-30rrqvv5/_inductor/fx_passes/misc_patterns.py
  Moving to /share/home/yuan/.conda/envs/mi_torch_cu118/lib/python3.10/site-packages/torch/_inductor/fx_passes/mkldnn_fusion.py
   from /tmp/pip-uninstall-30rrqvv5/_inductor/fx_passes/mkldnn_fusion.py
  Moving to /share/home/yuan/.conda/envs/mi_torch_cu118/lib/python3.10/site-packages/torch/_inductor/fx_passes/numeric_utils.py
   from /tmp/pip-uninstall-30rrqvv5/_inductor/fx_passes/numeric_utils.py
  Moving to /share/home/yuan/.conda/envs/mi_torch_cu118/lib/python3.10/site-packages/torch/_inductor/fx_passes/pad_mm.py
   from /tmp/pip-uninstall-30rrqvv5/_inductor/fx_passes/pad_mm.py
  Moving to /share/home/yuan/.conda/envs/mi_torch_cu118/lib/python3.10/site-packages/torch/_inductor/fx_passes/post_grad.py
   from /tmp/pip-uninstall-30rrqvv5/_inductor/fx_passes/post_grad.py
  Moving to /share/home/yuan/.conda/envs/mi_torch_cu118/lib/python3.10/site-packages/torch/_inductor/fx_passes/pre_grad.py
   from /tmp/pip-uninstall-30rrqvv5/_inductor/fx_passes/pre_grad.py
  Moving to /share/home/yuan/.conda/envs/mi_torch_cu118/lib/python3.10/site-packages/torch/_inductor/fx_passes/quantization.py
   from /tmp/pip-uninstall-30rrqvv5/_inductor/fx_passes/quantization.py
  Moving to /share/home/yuan/.conda/envs/mi_torch_cu118/lib/python3.10/site-packages/torch/_inductor/fx_passes/reinplace.py
   from /tmp/pip-uninstall-30rrqvv5/_inductor/fx_passes/reinplace.py
  Moving to /share/home/yuan/.conda/envs/mi_torch_cu118/lib/python3.10/site-packages/torch/_inductor/fx_passes/replace_random.py
   from /tmp/pip-uninstall-30rrqvv5/_inductor/fx_passes/replace_random.py
  Moving to /share/home/yuan/.conda/envs/mi_torch_cu118/lib/python3.10/site-packages/torch/_inductor/fx_passes/serialized_patterns/__init__.py
   from /tmp/pip-uninstall-30rrqvv5/_inductor/fx_passes/serialized_patterns/__init__.py
  Moving to /share/home/yuan/.conda/envs/mi_torch_cu118/lib/python3.10/site-packages/torch/_inductor/fx_passes/serialized_patterns/__pycache__/__init__.cpython-310.pyc
   from /tmp/pip-uninstall-30rrqvv5/_inductor/fx_passes/serialized_patterns/__pycache__/__init__.cpython-310.pyc
  Moving to /share/home/yuan/.conda/envs/mi_torch_cu118/lib/python3.10/site-packages/torch/_inductor/fx_passes/serialized_patterns/__pycache__/_sfdp_pattern_1.cpython-310.pyc
   from /tmp/pip-uninstall-30rrqvv5/_inductor/fx_passes/serialized_patterns/__pycache__/_sfdp_pattern_1.cpython-310.pyc
  Moving to /share/home/yuan/.conda/envs/mi_torch_cu118/lib/python3.10/site-packages/torch/_inductor/fx_passes/serialized_patterns/__pycache__/_sfdp_pattern_10.cpython-310.pyc
   from /tmp/pip-uninstall-30rrqvv5/_inductor/fx_passes/serialized_patterns/__pycache__/_sfdp_pattern_10.cpython-310.pyc
  Moving to /share/home/yuan/.conda/envs/mi_torch_cu118/lib/python3.10/site-packages/torch/_inductor/fx_passes/serialized_patterns/__pycache__/_sfdp_pattern_11.cpython-310.pyc
   from /tmp/pip-uninstall-30rrqvv5/_inductor/fx_passes/serialized_patterns/__pycache__/_sfdp_pattern_11.cpython-310.pyc
  Moving to /share/home/yuan/.conda/envs/mi_torch_cu118/lib/python3.10/site-packages/torch/_inductor/fx_passes/serialized_patterns/__pycache__/_sfdp_pattern_12.cpython-310.pyc
   from /tmp/pip-uninstall-30rrqvv5/_inductor/fx_passes/serialized_patterns/__pycache__/_sfdp_pattern_12.cpython-310.pyc
  Moving to /share/home/yuan/.conda/envs/mi_torch_cu118/lib/python3.10/site-packages/torch/_inductor/fx_passes/serialized_patterns/__pycache__/_sfdp_pattern_13.cpython-310.pyc
   from /tmp/pip-uninstall-30rrqvv5/_inductor/fx_passes/serialized_patterns/__pycache__/_sfdp_pattern_13.cpython-310.pyc
  Moving to /share/home/yuan/.conda/envs/mi_torch_cu118/lib/python3.10/site-packages/torch/_inductor/fx_passes/serialized_patterns/__pycache__/_sfdp_pattern_14.cpython-310.pyc
   from /tmp/pip-uninstall-30rrqvv5/_inductor/fx_passes/serialized_patterns/__pycache__/_sfdp_pattern_14.cpython-310.pyc
  Moving to /share/home/yuan/.conda/envs/mi_torch_cu118/lib/python3.10/site-packages/torch/_inductor/fx_passes/serialized_patterns/__pycache__/_sfdp_pattern_15.cpython-310.pyc
   from /tmp/pip-uninstall-30rrqvv5/_inductor/fx_passes/serialized_patterns/__pycache__/_sfdp_pattern_15.cpython-310.pyc
  Moving to /share/home/yuan/.conda/envs/mi_torch_cu118/lib/python3.10/site-packages/torch/_inductor/fx_passes/serialized_patterns/__pycache__/_sfdp_pattern_16.cpython-310.pyc
   from /tmp/pip-uninstall-30rrqvv5/_inductor/fx_passes/serialized_patterns/__pycache__/_sfdp_pattern_16.cpython-310.pyc
  Moving to /share/home/yuan/.conda/envs/mi_torch_cu118/lib/python3.10/site-packages/torch/_inductor/fx_passes/serialized_patterns/__pycache__/_sfdp_pattern_17.cpython-310.pyc
   from /tmp/pip-uninstall-30rrqvv5/_inductor/fx_passes/serialized_patterns/__pycache__/_sfdp_pattern_17.cpython-310.pyc
  Moving to /share/home/yuan/.conda/envs/mi_torch_cu118/lib/python3.10/site-packages/torch/_inductor/fx_passes/serialized_patterns/__pycache__/_sfdp_pattern_18.cpython-310.pyc
   from /tmp/pip-uninstall-30rrqvv5/_inductor/fx_passes/serialized_patterns/__pycache__/_sfdp_pattern_18.cpython-310.pyc
  Moving to /share/home/yuan/.conda/envs/mi_torch_cu118/lib/python3.10/site-packages/torch/_inductor/fx_passes/serialized_patterns/__pycache__/_sfdp_pattern_19.cpython-310.pyc
   from /tmp/pip-uninstall-30rrqvv5/_inductor/fx_passes/serialized_patterns/__pycache__/_sfdp_pattern_19.cpython-310.pyc
  Moving to /share/home/yuan/.conda/envs/mi_torch_cu118/lib/python3.10/site-packages/torch/_inductor/fx_passes/serialized_patterns/__pycache__/_sfdp_pattern_2.cpython-310.pyc
   from /tmp/pip-uninstall-30rrqvv5/_inductor/fx_passes/serialized_patterns/__pycache__/_sfdp_pattern_2.cpython-310.pyc
  Moving to /share/home/yuan/.conda/envs/mi_torch_cu118/lib/python3.10/site-packages/torch/_inductor/fx_passes/serialized_patterns/__pycache__/_sfdp_pattern_3.cpython-310.pyc
   from /tmp/pip-uninstall-30rrqvv5/_inductor/fx_passes/serialized_patterns/__pycache__/_sfdp_pattern_3.cpython-310.pyc
  Moving to /share/home/yuan/.conda/envs/mi_torch_cu118/lib/python3.10/site-packages/torch/_inductor/fx_passes/serialized_patterns/__pycache__/_sfdp_pattern_4.cpython-310.pyc
   from /tmp/pip-uninstall-30rrqvv5/_inductor/fx_passes/serialized_patterns/__pycache__/_sfdp_pattern_4.cpython-310.pyc
  Moving to /share/home/yuan/.conda/envs/mi_torch_cu118/lib/python3.10/site-packages/torch/_inductor/fx_passes/serialized_patterns/__pycache__/_sfdp_pattern_5.cpython-310.pyc
   from /tmp/pip-uninstall-30rrqvv5/_inductor/fx_passes/serialized_patterns/__pycache__/_sfdp_pattern_5.cpython-310.pyc
  Moving to /share/home/yuan/.conda/envs/mi_torch_cu118/lib/python3.10/site-packages/torch/_inductor/fx_passes/serialized_patterns/__pycache__/_sfdp_pattern_6.cpython-310.pyc
   from /tmp/pip-uninstall-30rrqvv5/_inductor/fx_passes/serialized_patterns/__pycache__/_sfdp_pattern_6.cpython-310.pyc
  Moving to /share/home/yuan/.conda/envs/mi_torch_cu118/lib/python3.10/site-packages/torch/_inductor/fx_passes/serialized_patterns/__pycache__/_sfdp_pattern_7.cpython-310.pyc
   from /tmp/pip-uninstall-30rrqvv5/_inductor/fx_passes/serialized_patterns/__pycache__/_sfdp_pattern_7.cpython-310.pyc
  Moving to /share/home/yuan/.conda/envs/mi_torch_cu118/lib/python3.10/site-packages/torch/_inductor/fx_passes/serialized_patterns/__pycache__/_sfdp_pattern_8.cpython-310.pyc
   from /tmp/pip-uninstall-30rrqvv5/_inductor/fx_passes/serialized_patterns/__pycache__/_sfdp_pattern_8.cpython-310.pyc
  Moving to /share/home/yuan/.conda/envs/mi_torch_cu118/lib/python3.10/site-packages/torch/_inductor/fx_passes/serialized_patterns/__pycache__/_sfdp_pattern_9.cpython-310.pyc
   from /tmp/pip-uninstall-30rrqvv5/_inductor/fx_passes/serialized_patterns/__pycache__/_sfdp_pattern_9.cpython-310.pyc
  Moving to /share/home/yuan/.conda/envs/mi_torch_cu118/lib/python3.10/site-packages/torch/_inductor/fx_passes/serialized_patterns/__pycache__/addmm_pattern.cpython-310.pyc
   from /tmp/pip-uninstall-30rrqvv5/_inductor/fx_passes/serialized_patterns/__pycache__/addmm_pattern.cpython-310.pyc
  Moving to /share/home/yuan/.conda/envs/mi_torch_cu118/lib/python3.10/site-packages/torch/_inductor/fx_passes/serialized_patterns/__pycache__/bmm_pattern.cpython-310.pyc
   from /tmp/pip-uninstall-30rrqvv5/_inductor/fx_passes/serialized_patterns/__pycache__/bmm_pattern.cpython-310.pyc
  Moving to /share/home/yuan/.conda/envs/mi_torch_cu118/lib/python3.10/site-packages/torch/_inductor/fx_passes/serialized_patterns/__pycache__/mm_pattern.cpython-310.pyc
   from /tmp/pip-uninstall-30rrqvv5/_inductor/fx_passes/serialized_patterns/__pycache__/mm_pattern.cpython-310.pyc
  Moving to /share/home/yuan/.conda/envs/mi_torch_cu118/lib/python3.10/site-packages/torch/_inductor/fx_passes/serialized_patterns/_sfdp_pattern_1.py
   from /tmp/pip-uninstall-30rrqvv5/_inductor/fx_passes/serialized_patterns/_sfdp_pattern_1.py
  Moving to /share/home/yuan/.conda/envs/mi_torch_cu118/lib/python3.10/site-packages/torch/_inductor/fx_passes/serialized_patterns/_sfdp_pattern_10.py
   from /tmp/pip-uninstall-30rrqvv5/_inductor/fx_passes/serialized_patterns/_sfdp_pattern_10.py
  Moving to /share/home/yuan/.conda/envs/mi_torch_cu118/lib/python3.10/site-packages/torch/_inductor/fx_passes/serialized_patterns/_sfdp_pattern_11.py
   from /tmp/pip-uninstall-30rrqvv5/_inductor/fx_passes/serialized_patterns/_sfdp_pattern_11.py
  Moving to /share/home/yuan/.conda/envs/mi_torch_cu118/lib/python3.10/site-packages/torch/_inductor/fx_passes/serialized_patterns/_sfdp_pattern_12.py
   from /tmp/pip-uninstall-30rrqvv5/_inductor/fx_passes/serialized_patterns/_sfdp_pattern_12.py
  Moving to /share/home/yuan/.conda/envs/mi_torch_cu118/lib/python3.10/site-packages/torch/_inductor/fx_passes/serialized_patterns/_sfdp_pattern_13.py
   from /tmp/pip-uninstall-30rrqvv5/_inductor/fx_passes/serialized_patterns/_sfdp_pattern_13.py
  Moving to /share/home/yuan/.conda/envs/mi_torch_cu118/lib/python3.10/site-packages/torch/_inductor/fx_passes/serialized_patterns/_sfdp_pattern_14.py
   from /tmp/pip-uninstall-30rrqvv5/_inductor/fx_passes/serialized_patterns/_sfdp_pattern_14.py
  Moving to /share/home/yuan/.conda/envs/mi_torch_cu118/lib/python3.10/site-packages/torch/_inductor/fx_passes/serialized_patterns/_sfdp_pattern_15.py
   from /tmp/pip-uninstall-30rrqvv5/_inductor/fx_passes/serialized_patterns/_sfdp_pattern_15.py
  Moving to /share/home/yuan/.conda/envs/mi_torch_cu118/lib/python3.10/site-packages/torch/_inductor/fx_passes/serialized_patterns/_sfdp_pattern_16.py
   from /tmp/pip-uninstall-30rrqvv5/_inductor/fx_passes/serialized_patterns/_sfdp_pattern_16.py
  Moving to /share/home/yuan/.conda/envs/mi_torch_cu118/lib/python3.10/site-packages/torch/_inductor/fx_passes/serialized_patterns/_sfdp_pattern_17.py
   from /tmp/pip-uninstall-30rrqvv5/_inductor/fx_passes/serialized_patterns/_sfdp_pattern_17.py
  Moving to /share/home/yuan/.conda/envs/mi_torch_cu118/lib/python3.10/site-packages/torch/_inductor/fx_passes/serialized_patterns/_sfdp_pattern_18.py
   from /tmp/pip-uninstall-30rrqvv5/_inductor/fx_passes/serialized_patterns/_sfdp_pattern_18.py
  Moving to /share/home/yuan/.conda/envs/mi_torch_cu118/lib/python3.10/site-packages/torch/_inductor/fx_passes/serialized_patterns/_sfdp_pattern_19.py
   from /tmp/pip-uninstall-30rrqvv5/_inductor/fx_passes/serialized_patterns/_sfdp_pattern_19.py
  Moving to /share/home/yuan/.conda/envs/mi_torch_cu118/lib/python3.10/site-packages/torch/_inductor/fx_passes/serialized_patterns/_sfdp_pattern_2.py
   from /tmp/pip-uninstall-30rrqvv5/_inductor/fx_passes/serialized_patterns/_sfdp_pattern_2.py
  Moving to /share/home/yuan/.conda/envs/mi_torch_cu118/lib/python3.10/site-packages/torch/_inductor/fx_passes/serialized_patterns/_sfdp_pattern_3.py
   from /tmp/pip-uninstall-30rrqvv5/_inductor/fx_passes/serialized_patterns/_sfdp_pattern_3.py
  Moving to /share/home/yuan/.conda/envs/mi_torch_cu118/lib/python3.10/site-packages/torch/_inductor/fx_passes/serialized_patterns/_sfdp_pattern_4.py
   from /tmp/pip-uninstall-30rrqvv5/_inductor/fx_passes/serialized_patterns/_sfdp_pattern_4.py
  Moving to /share/home/yuan/.conda/envs/mi_torch_cu118/lib/python3.10/site-packages/torch/_inductor/fx_passes/serialized_patterns/_sfdp_pattern_5.py
   from /tmp/pip-uninstall-30rrqvv5/_inductor/fx_passes/serialized_patterns/_sfdp_pattern_5.py
  Moving to /share/home/yuan/.conda/envs/mi_torch_cu118/lib/python3.10/site-packages/torch/_inductor/fx_passes/serialized_patterns/_sfdp_pattern_6.py
   from /tmp/pip-uninstall-30rrqvv5/_inductor/fx_passes/serialized_patterns/_sfdp_pattern_6.py
  Moving to /share/home/yuan/.conda/envs/mi_torch_cu118/lib/python3.10/site-packages/torch/_inductor/fx_passes/serialized_patterns/_sfdp_pattern_7.py
   from /tmp/pip-uninstall-30rrqvv5/_inductor/fx_passes/serialized_patterns/_sfdp_pattern_7.py
  Moving to /share/home/yuan/.conda/envs/mi_torch_cu118/lib/python3.10/site-packages/torch/_inductor/fx_passes/serialized_patterns/_sfdp_pattern_8.py
   from /tmp/pip-uninstall-30rrqvv5/_inductor/fx_passes/serialized_patterns/_sfdp_pattern_8.py
  Moving to /share/home/yuan/.conda/envs/mi_torch_cu118/lib/python3.10/site-packages/torch/_inductor/fx_passes/serialized_patterns/_sfdp_pattern_9.py
   from /tmp/pip-uninstall-30rrqvv5/_inductor/fx_passes/serialized_patterns/_sfdp_pattern_9.py
  Moving to /share/home/yuan/.conda/envs/mi_torch_cu118/lib/python3.10/site-packages/torch/_inductor/fx_passes/serialized_patterns/addmm_pattern.py
   from /tmp/pip-uninstall-30rrqvv5/_inductor/fx_passes/serialized_patterns/addmm_pattern.py
  Moving to /share/home/yuan/.conda/envs/mi_torch_cu118/lib/python3.10/site-packages/torch/_inductor/fx_passes/serialized_patterns/bmm_pattern.py
   from /tmp/pip-uninstall-30rrqvv5/_inductor/fx_passes/serialized_patterns/bmm_pattern.py
  Moving to /share/home/yuan/.conda/envs/mi_torch_cu118/lib/python3.10/site-packages/torch/_inductor/fx_passes/serialized_patterns/mm_pattern.py
   from /tmp/pip-uninstall-30rrqvv5/_inductor/fx_passes/serialized_patterns/mm_pattern.py
  Moving to /share/home/yuan/.conda/envs/mi_torch_cu118/lib/python3.10/site-packages/torch/_inductor/fx_passes/split_cat.py
   from /tmp/pip-uninstall-30rrqvv5/_inductor/fx_passes/split_cat.py
  Moving to /share/home/yuan/.conda/envs/mi_torch_cu118/lib/python3.10/site-packages/torch/_inductor/fx_utils.py
   from /tmp/pip-uninstall-30rrqvv5/_inductor/fx_utils.py
  Moving to /share/home/yuan/.conda/envs/mi_torch_cu118/lib/python3.10/site-packages/torch/_inductor/graph.py
   from /tmp/pip-uninstall-30rrqvv5/_inductor/graph.py
  Moving to /share/home/yuan/.conda/envs/mi_torch_cu118/lib/python3.10/site-packages/torch/_inductor/hooks.py
   from /tmp/pip-uninstall-30rrqvv5/_inductor/hooks.py
  Moving to /share/home/yuan/.conda/envs/mi_torch_cu118/lib/python3.10/site-packages/torch/_inductor/index_propagation.py
   from /tmp/pip-uninstall-30rrqvv5/_inductor/index_propagation.py
  Moving to /share/home/yuan/.conda/envs/mi_torch_cu118/lib/python3.10/site-packages/torch/_inductor/inductor_prims.py
   from /tmp/pip-uninstall-30rrqvv5/_inductor/inductor_prims.py
  Moving to /share/home/yuan/.conda/envs/mi_torch_cu118/lib/python3.10/site-packages/torch/_inductor/ir.py
   from /tmp/pip-uninstall-30rrqvv5/_inductor/ir.py
  Moving to /share/home/yuan/.conda/envs/mi_torch_cu118/lib/python3.10/site-packages/torch/_inductor/jagged_lowerings.py
   from /tmp/pip-uninstall-30rrqvv5/_inductor/jagged_lowerings.py
  Moving to /share/home/yuan/.conda/envs/mi_torch_cu118/lib/python3.10/site-packages/torch/_inductor/kernel/__init__.py
   from /tmp/pip-uninstall-30rrqvv5/_inductor/kernel/__init__.py
  Moving to /share/home/yuan/.conda/envs/mi_torch_cu118/lib/python3.10/site-packages/torch/_inductor/kernel/__pycache__/__init__.cpython-310.pyc
   from /tmp/pip-uninstall-30rrqvv5/_inductor/kernel/__pycache__/__init__.cpython-310.pyc
  Moving to /share/home/yuan/.conda/envs/mi_torch_cu118/lib/python3.10/site-packages/torch/_inductor/kernel/__pycache__/bmm.cpython-310.pyc
   from /tmp/pip-uninstall-30rrqvv5/_inductor/kernel/__pycache__/bmm.cpython-310.pyc
  Moving to /share/home/yuan/.conda/envs/mi_torch_cu118/lib/python3.10/site-packages/torch/_inductor/kernel/__pycache__/conv.cpython-310.pyc
   from /tmp/pip-uninstall-30rrqvv5/_inductor/kernel/__pycache__/conv.cpython-310.pyc
  Moving to /share/home/yuan/.conda/envs/mi_torch_cu118/lib/python3.10/site-packages/torch/_inductor/kernel/__pycache__/flex_attention.cpython-310.pyc
   from /tmp/pip-uninstall-30rrqvv5/_inductor/kernel/__pycache__/flex_attention.cpython-310.pyc
  Moving to /share/home/yuan/.conda/envs/mi_torch_cu118/lib/python3.10/site-packages/torch/_inductor/kernel/__pycache__/flex_decoding.cpython-310.pyc
   from /tmp/pip-uninstall-30rrqvv5/_inductor/kernel/__pycache__/flex_decoding.cpython-310.pyc
  Moving to /share/home/yuan/.conda/envs/mi_torch_cu118/lib/python3.10/site-packages/torch/_inductor/kernel/__pycache__/mm.cpython-310.pyc
   from /tmp/pip-uninstall-30rrqvv5/_inductor/kernel/__pycache__/mm.cpython-310.pyc
  Moving to /share/home/yuan/.conda/envs/mi_torch_cu118/lib/python3.10/site-packages/torch/_inductor/kernel/__pycache__/mm_common.cpython-310.pyc
   from /tmp/pip-uninstall-30rrqvv5/_inductor/kernel/__pycache__/mm_common.cpython-310.pyc
  Moving to /share/home/yuan/.conda/envs/mi_torch_cu118/lib/python3.10/site-packages/torch/_inductor/kernel/__pycache__/mm_plus_mm.cpython-310.pyc
   from /tmp/pip-uninstall-30rrqvv5/_inductor/kernel/__pycache__/mm_plus_mm.cpython-310.pyc
  Moving to /share/home/yuan/.conda/envs/mi_torch_cu118/lib/python3.10/site-packages/torch/_inductor/kernel/__pycache__/mm_scaled.cpython-310.pyc
   from /tmp/pip-uninstall-30rrqvv5/_inductor/kernel/__pycache__/mm_scaled.cpython-310.pyc
  Moving to /share/home/yuan/.conda/envs/mi_torch_cu118/lib/python3.10/site-packages/torch/_inductor/kernel/__pycache__/unpack_mixed_mm.cpython-310.pyc
   from /tmp/pip-uninstall-30rrqvv5/_inductor/kernel/__pycache__/unpack_mixed_mm.cpython-310.pyc
  Moving to /share/home/yuan/.conda/envs/mi_torch_cu118/lib/python3.10/site-packages/torch/_inductor/kernel/bmm.py
   from /tmp/pip-uninstall-30rrqvv5/_inductor/kernel/bmm.py
  Moving to /share/home/yuan/.conda/envs/mi_torch_cu118/lib/python3.10/site-packages/torch/_inductor/kernel/conv.py
   from /tmp/pip-uninstall-30rrqvv5/_inductor/kernel/conv.py
  Moving to /share/home/yuan/.conda/envs/mi_torch_cu118/lib/python3.10/site-packages/torch/_inductor/kernel/flex_attention.py
   from /tmp/pip-uninstall-30rrqvv5/_inductor/kernel/flex_attention.py
  Moving to /share/home/yuan/.conda/envs/mi_torch_cu118/lib/python3.10/site-packages/torch/_inductor/kernel/flex_decoding.py
   from /tmp/pip-uninstall-30rrqvv5/_inductor/kernel/flex_decoding.py
  Moving to /share/home/yuan/.conda/envs/mi_torch_cu118/lib/python3.10/site-packages/torch/_inductor/kernel/mm.py
   from /tmp/pip-uninstall-30rrqvv5/_inductor/kernel/mm.py
  Moving to /share/home/yuan/.conda/envs/mi_torch_cu118/lib/python3.10/site-packages/torch/_inductor/kernel/mm_common.py
   from /tmp/pip-uninstall-30rrqvv5/_inductor/kernel/mm_common.py
  Moving to /share/home/yuan/.conda/envs/mi_torch_cu118/lib/python3.10/site-packages/torch/_inductor/kernel/mm_plus_mm.py
   from /tmp/pip-uninstall-30rrqvv5/_inductor/kernel/mm_plus_mm.py
  Moving to /share/home/yuan/.conda/envs/mi_torch_cu118/lib/python3.10/site-packages/torch/_inductor/kernel/mm_scaled.py
   from /tmp/pip-uninstall-30rrqvv5/_inductor/kernel/mm_scaled.py
  Moving to /share/home/yuan/.conda/envs/mi_torch_cu118/lib/python3.10/site-packages/torch/_inductor/kernel/unpack_mixed_mm.py
   from /tmp/pip-uninstall-30rrqvv5/_inductor/kernel/unpack_mixed_mm.py
  Moving to /share/home/yuan/.conda/envs/mi_torch_cu118/lib/python3.10/site-packages/torch/_inductor/loop_body.py
   from /tmp/pip-uninstall-30rrqvv5/_inductor/loop_body.py
  Moving to /share/home/yuan/.conda/envs/mi_torch_cu118/lib/python3.10/site-packages/torch/_inductor/lowering.py
   from /tmp/pip-uninstall-30rrqvv5/_inductor/lowering.py
  Moving to /share/home/yuan/.conda/envs/mi_torch_cu118/lib/python3.10/site-packages/torch/_inductor/memory.py
   from /tmp/pip-uninstall-30rrqvv5/_inductor/memory.py
  Moving to /share/home/yuan/.conda/envs/mi_torch_cu118/lib/python3.10/site-packages/torch/_inductor/metrics.py
   from /tmp/pip-uninstall-30rrqvv5/_inductor/metrics.py
  Moving to /share/home/yuan/.conda/envs/mi_torch_cu118/lib/python3.10/site-packages/torch/_inductor/mkldnn_ir.py
   from /tmp/pip-uninstall-30rrqvv5/_inductor/mkldnn_ir.py
  Moving to /share/home/yuan/.conda/envs/mi_torch_cu118/lib/python3.10/site-packages/torch/_inductor/mkldnn_lowerings.py
   from /tmp/pip-uninstall-30rrqvv5/_inductor/mkldnn_lowerings.py
  Moving to /share/home/yuan/.conda/envs/mi_torch_cu118/lib/python3.10/site-packages/torch/_inductor/mock_cache.py
   from /tmp/pip-uninstall-30rrqvv5/_inductor/mock_cache.py
  Moving to /share/home/yuan/.conda/envs/mi_torch_cu118/lib/python3.10/site-packages/torch/_inductor/ops_handler.py
   from /tmp/pip-uninstall-30rrqvv5/_inductor/ops_handler.py
  Moving to /share/home/yuan/.conda/envs/mi_torch_cu118/lib/python3.10/site-packages/torch/_inductor/optimize_indexing.py
   from /tmp/pip-uninstall-30rrqvv5/_inductor/optimize_indexing.py
  Moving to /share/home/yuan/.conda/envs/mi_torch_cu118/lib/python3.10/site-packages/torch/_inductor/output_code.py
   from /tmp/pip-uninstall-30rrqvv5/_inductor/output_code.py
  Moving to /share/home/yuan/.conda/envs/mi_torch_cu118/lib/python3.10/site-packages/torch/_inductor/package/__init__.py
   from /tmp/pip-uninstall-30rrqvv5/_inductor/package/__init__.py
  Moving to /share/home/yuan/.conda/envs/mi_torch_cu118/lib/python3.10/site-packages/torch/_inductor/package/__pycache__/__init__.cpython-310.pyc
   from /tmp/pip-uninstall-30rrqvv5/_inductor/package/__pycache__/__init__.cpython-310.pyc
  Moving to /share/home/yuan/.conda/envs/mi_torch_cu118/lib/python3.10/site-packages/torch/_inductor/package/__pycache__/build_package.cpython-310.pyc
   from /tmp/pip-uninstall-30rrqvv5/_inductor/package/__pycache__/build_package.cpython-310.pyc
  Moving to /share/home/yuan/.conda/envs/mi_torch_cu118/lib/python3.10/site-packages/torch/_inductor/package/__pycache__/package.cpython-310.pyc
   from /tmp/pip-uninstall-30rrqvv5/_inductor/package/__pycache__/package.cpython-310.pyc
  Moving to /share/home/yuan/.conda/envs/mi_torch_cu118/lib/python3.10/site-packages/torch/_inductor/package/__pycache__/pt2_archive_constants.cpython-310.pyc
   from /tmp/pip-uninstall-30rrqvv5/_inductor/package/__pycache__/pt2_archive_constants.cpython-310.pyc
  Moving to /share/home/yuan/.conda/envs/mi_torch_cu118/lib/python3.10/site-packages/torch/_inductor/package/build_package.py
   from /tmp/pip-uninstall-30rrqvv5/_inductor/package/build_package.py
  Moving to /share/home/yuan/.conda/envs/mi_torch_cu118/lib/python3.10/site-packages/torch/_inductor/package/package.py
   from /tmp/pip-uninstall-30rrqvv5/_inductor/package/package.py
  Moving to /share/home/yuan/.conda/envs/mi_torch_cu118/lib/python3.10/site-packages/torch/_inductor/package/pt2_archive_constants.py
   from /tmp/pip-uninstall-30rrqvv5/_inductor/package/pt2_archive_constants.py
  Moving to /share/home/yuan/.conda/envs/mi_torch_cu118/lib/python3.10/site-packages/torch/_inductor/pattern_matcher.py
   from /tmp/pip-uninstall-30rrqvv5/_inductor/pattern_matcher.py
  Moving to /share/home/yuan/.conda/envs/mi_torch_cu118/lib/python3.10/site-packages/torch/_inductor/quantized_lowerings.py
   from /tmp/pip-uninstall-30rrqvv5/_inductor/quantized_lowerings.py
  Moving to /share/home/yuan/.conda/envs/mi_torch_cu118/lib/python3.10/site-packages/torch/_inductor/remote_cache.py
   from /tmp/pip-uninstall-30rrqvv5/_inductor/remote_cache.py
  Moving to /share/home/yuan/.conda/envs/mi_torch_cu118/lib/python3.10/site-packages/torch/_inductor/runtime/__init__.py
   from /tmp/pip-uninstall-30rrqvv5/_inductor/runtime/__init__.py
  Moving to /share/home/yuan/.conda/envs/mi_torch_cu118/lib/python3.10/site-packages/torch/_inductor/runtime/__pycache__/__init__.cpython-310.pyc
   from /tmp/pip-uninstall-30rrqvv5/_inductor/runtime/__pycache__/__init__.cpython-310.pyc
  Moving to /share/home/yuan/.conda/envs/mi_torch_cu118/lib/python3.10/site-packages/torch/_inductor/runtime/__pycache__/autotune_cache.cpython-310.pyc
   from /tmp/pip-uninstall-30rrqvv5/_inductor/runtime/__pycache__/autotune_cache.cpython-310.pyc
  Moving to /share/home/yuan/.conda/envs/mi_torch_cu118/lib/python3.10/site-packages/torch/_inductor/runtime/__pycache__/benchmarking.cpython-310.pyc
   from /tmp/pip-uninstall-30rrqvv5/_inductor/runtime/__pycache__/benchmarking.cpython-310.pyc
  Moving to /share/home/yuan/.conda/envs/mi_torch_cu118/lib/python3.10/site-packages/torch/_inductor/runtime/__pycache__/cache_dir_utils.cpython-310.pyc
   from /tmp/pip-uninstall-30rrqvv5/_inductor/runtime/__pycache__/cache_dir_utils.cpython-310.pyc
  Moving to /share/home/yuan/.conda/envs/mi_torch_cu118/lib/python3.10/site-packages/torch/_inductor/runtime/__pycache__/compile_tasks.cpython-310.pyc
   from /tmp/pip-uninstall-30rrqvv5/_inductor/runtime/__pycache__/compile_tasks.cpython-310.pyc
  Moving to /share/home/yuan/.conda/envs/mi_torch_cu118/lib/python3.10/site-packages/torch/_inductor/runtime/__pycache__/coordinate_descent_tuner.cpython-310.pyc
   from /tmp/pip-uninstall-30rrqvv5/_inductor/runtime/__pycache__/coordinate_descent_tuner.cpython-310.pyc
  Moving to /share/home/yuan/.conda/envs/mi_torch_cu118/lib/python3.10/site-packages/torch/_inductor/runtime/__pycache__/halide_helpers.cpython-310.pyc
   from /tmp/pip-uninstall-30rrqvv5/_inductor/runtime/__pycache__/halide_helpers.cpython-310.pyc
  Moving to /share/home/yuan/.conda/envs/mi_torch_cu118/lib/python3.10/site-packages/torch/_inductor/runtime/__pycache__/hints.cpython-310.pyc
   from /tmp/pip-uninstall-30rrqvv5/_inductor/runtime/__pycache__/hints.cpython-310.pyc
  Moving to /share/home/yuan/.conda/envs/mi_torch_cu118/lib/python3.10/site-packages/torch/_inductor/runtime/__pycache__/runtime_utils.cpython-310.pyc
   from /tmp/pip-uninstall-30rrqvv5/_inductor/runtime/__pycache__/runtime_utils.cpython-310.pyc
  Moving to /share/home/yuan/.conda/envs/mi_torch_cu118/lib/python3.10/site-packages/torch/_inductor/runtime/__pycache__/triton_helpers.cpython-310.pyc
   from /tmp/pip-uninstall-30rrqvv5/_inductor/runtime/__pycache__/triton_helpers.cpython-310.pyc
  Moving to /share/home/yuan/.conda/envs/mi_torch_cu118/lib/python3.10/site-packages/torch/_inductor/runtime/__pycache__/triton_heuristics.cpython-310.pyc
   from /tmp/pip-uninstall-30rrqvv5/_inductor/runtime/__pycache__/triton_heuristics.cpython-310.pyc
  Moving to /share/home/yuan/.conda/envs/mi_torch_cu118/lib/python3.10/site-packages/torch/_inductor/runtime/autotune_cache.py
   from /tmp/pip-uninstall-30rrqvv5/_inductor/runtime/autotune_cache.py
  Moving to /share/home/yuan/.conda/envs/mi_torch_cu118/lib/python3.10/site-packages/torch/_inductor/runtime/benchmarking.py
   from /tmp/pip-uninstall-30rrqvv5/_inductor/runtime/benchmarking.py
  Moving to /share/home/yuan/.conda/envs/mi_torch_cu118/lib/python3.10/site-packages/torch/_inductor/runtime/cache_dir_utils.py
   from /tmp/pip-uninstall-30rrqvv5/_inductor/runtime/cache_dir_utils.py
  Moving to /share/home/yuan/.conda/envs/mi_torch_cu118/lib/python3.10/site-packages/torch/_inductor/runtime/compile_tasks.py
   from /tmp/pip-uninstall-30rrqvv5/_inductor/runtime/compile_tasks.py
  Moving to /share/home/yuan/.conda/envs/mi_torch_cu118/lib/python3.10/site-packages/torch/_inductor/runtime/coordinate_descent_tuner.py
   from /tmp/pip-uninstall-30rrqvv5/_inductor/runtime/coordinate_descent_tuner.py
  Moving to /share/home/yuan/.conda/envs/mi_torch_cu118/lib/python3.10/site-packages/torch/_inductor/runtime/halide_helpers.py
   from /tmp/pip-uninstall-30rrqvv5/_inductor/runtime/halide_helpers.py
  Moving to /share/home/yuan/.conda/envs/mi_torch_cu118/lib/python3.10/site-packages/torch/_inductor/runtime/hints.py
   from /tmp/pip-uninstall-30rrqvv5/_inductor/runtime/hints.py
  Moving to /share/home/yuan/.conda/envs/mi_torch_cu118/lib/python3.10/site-packages/torch/_inductor/runtime/runtime_utils.py
   from /tmp/pip-uninstall-30rrqvv5/_inductor/runtime/runtime_utils.py
  Moving to /share/home/yuan/.conda/envs/mi_torch_cu118/lib/python3.10/site-packages/torch/_inductor/runtime/triton_helpers.py
   from /tmp/pip-uninstall-30rrqvv5/_inductor/runtime/triton_helpers.py
  Moving to /share/home/yuan/.conda/envs/mi_torch_cu118/lib/python3.10/site-packages/torch/_inductor/runtime/triton_heuristics.py
   from /tmp/pip-uninstall-30rrqvv5/_inductor/runtime/triton_heuristics.py
  Moving to /share/home/yuan/.conda/envs/mi_torch_cu118/lib/python3.10/site-packages/torch/_inductor/scheduler.py
   from /tmp/pip-uninstall-30rrqvv5/_inductor/scheduler.py
  Moving to /share/home/yuan/.conda/envs/mi_torch_cu118/lib/python3.10/site-packages/torch/_inductor/select_algorithm.py
   from /tmp/pip-uninstall-30rrqvv5/_inductor/select_algorithm.py
  Moving to /share/home/yuan/.conda/envs/mi_torch_cu118/lib/python3.10/site-packages/torch/_inductor/sizevars.py
   from /tmp/pip-uninstall-30rrqvv5/_inductor/sizevars.py
  Moving to /share/home/yuan/.conda/envs/mi_torch_cu118/lib/python3.10/site-packages/torch/_inductor/subgraph_lowering.py
   from /tmp/pip-uninstall-30rrqvv5/_inductor/subgraph_lowering.py
  Moving to /share/home/yuan/.conda/envs/mi_torch_cu118/lib/python3.10/site-packages/torch/_inductor/test_case.py
   from /tmp/pip-uninstall-30rrqvv5/_inductor/test_case.py
  Moving to /share/home/yuan/.conda/envs/mi_torch_cu118/lib/python3.10/site-packages/torch/_inductor/test_operators.py
   from /tmp/pip-uninstall-30rrqvv5/_inductor/test_operators.py
  Moving to /share/home/yuan/.conda/envs/mi_torch_cu118/lib/python3.10/site-packages/torch/_inductor/triton_bundler.py
   from /tmp/pip-uninstall-30rrqvv5/_inductor/triton_bundler.py
  Moving to /share/home/yuan/.conda/envs/mi_torch_cu118/lib/python3.10/site-packages/torch/_inductor/utils.py
   from /tmp/pip-uninstall-30rrqvv5/_inductor/utils.py
  Moving to /share/home/yuan/.conda/envs/mi_torch_cu118/lib/python3.10/site-packages/torch/_inductor/virtualized.py
   from /tmp/pip-uninstall-30rrqvv5/_inductor/virtualized.py
  Moving to /share/home/yuan/.conda/envs/mi_torch_cu118/lib/python3.10/site-packages/torch/_inductor/wrapper_benchmark.py
   from /tmp/pip-uninstall-30rrqvv5/_inductor/wrapper_benchmark.py
  Moving to /share/home/yuan/.conda/envs/mi_torch_cu118/lib/python3.10/site-packages/torch/_jit_internal.py
   from /tmp/pip-uninstall-30rrqvv5/_jit_internal.py
  Moving to /share/home/yuan/.conda/envs/mi_torch_cu118/lib/python3.10/site-packages/torch/_lazy/__init__.py
   from /tmp/pip-uninstall-30rrqvv5/_lazy/__init__.py
  Moving to /share/home/yuan/.conda/envs/mi_torch_cu118/lib/python3.10/site-packages/torch/_lazy/__pycache__/__init__.cpython-310.pyc
   from /tmp/pip-uninstall-30rrqvv5/_lazy/__pycache__/__init__.cpython-310.pyc
  Moving to /share/home/yuan/.conda/envs/mi_torch_cu118/lib/python3.10/site-packages/torch/_lazy/__pycache__/closure.cpython-310.pyc
   from /tmp/pip-uninstall-30rrqvv5/_lazy/__pycache__/closure.cpython-310.pyc
  Moving to /share/home/yuan/.conda/envs/mi_torch_cu118/lib/python3.10/site-packages/torch/_lazy/__pycache__/computation.cpython-310.pyc
   from /tmp/pip-uninstall-30rrqvv5/_lazy/__pycache__/computation.cpython-310.pyc
  Moving to /share/home/yuan/.conda/envs/mi_torch_cu118/lib/python3.10/site-packages/torch/_lazy/__pycache__/config.cpython-310.pyc
   from /tmp/pip-uninstall-30rrqvv5/_lazy/__pycache__/config.cpython-310.pyc
  Moving to /share/home/yuan/.conda/envs/mi_torch_cu118/lib/python3.10/site-packages/torch/_lazy/__pycache__/debug.cpython-310.pyc
   from /tmp/pip-uninstall-30rrqvv5/_lazy/__pycache__/debug.cpython-310.pyc
  Moving to /share/home/yuan/.conda/envs/mi_torch_cu118/lib/python3.10/site-packages/torch/_lazy/__pycache__/device_context.cpython-310.pyc
   from /tmp/pip-uninstall-30rrqvv5/_lazy/__pycache__/device_context.cpython-310.pyc
  Moving to /share/home/yuan/.conda/envs/mi_torch_cu118/lib/python3.10/site-packages/torch/_lazy/__pycache__/extract_compiled_graph.cpython-310.pyc
   from /tmp/pip-uninstall-30rrqvv5/_lazy/__pycache__/extract_compiled_graph.cpython-310.pyc
  Moving to /share/home/yuan/.conda/envs/mi_torch_cu118/lib/python3.10/site-packages/torch/_lazy/__pycache__/ir_cache.cpython-310.pyc
   from /tmp/pip-uninstall-30rrqvv5/_lazy/__pycache__/ir_cache.cpython-310.pyc
  Moving to /share/home/yuan/.conda/envs/mi_torch_cu118/lib/python3.10/site-packages/torch/_lazy/__pycache__/metrics.cpython-310.pyc
   from /tmp/pip-uninstall-30rrqvv5/_lazy/__pycache__/metrics.cpython-310.pyc
  Moving to /share/home/yuan/.conda/envs/mi_torch_cu118/lib/python3.10/site-packages/torch/_lazy/__pycache__/tensor_factory_functions.cpython-310.pyc
   from /tmp/pip-uninstall-30rrqvv5/_lazy/__pycache__/tensor_factory_functions.cpython-310.pyc
  Moving to /share/home/yuan/.conda/envs/mi_torch_cu118/lib/python3.10/site-packages/torch/_lazy/__pycache__/ts_backend.cpython-310.pyc
   from /tmp/pip-uninstall-30rrqvv5/_lazy/__pycache__/ts_backend.cpython-310.pyc
  Moving to /share/home/yuan/.conda/envs/mi_torch_cu118/lib/python3.10/site-packages/torch/_lazy/closure.py
   from /tmp/pip-uninstall-30rrqvv5/_lazy/closure.py
  Moving to /share/home/yuan/.conda/envs/mi_torch_cu118/lib/python3.10/site-packages/torch/_lazy/computation.py
   from /tmp/pip-uninstall-30rrqvv5/_lazy/computation.py
  Moving to /share/home/yuan/.conda/envs/mi_torch_cu118/lib/python3.10/site-packages/torch/_lazy/config.py
   from /tmp/pip-uninstall-30rrqvv5/_lazy/config.py
  Moving to /share/home/yuan/.conda/envs/mi_torch_cu118/lib/python3.10/site-packages/torch/_lazy/debug.py
   from /tmp/pip-uninstall-30rrqvv5/_lazy/debug.py
  Moving to /share/home/yuan/.conda/envs/mi_torch_cu118/lib/python3.10/site-packages/torch/_lazy/device_context.py
   from /tmp/pip-uninstall-30rrqvv5/_lazy/device_context.py
  Moving to /share/home/yuan/.conda/envs/mi_torch_cu118/lib/python3.10/site-packages/torch/_lazy/extract_compiled_graph.py
   from /tmp/pip-uninstall-30rrqvv5/_lazy/extract_compiled_graph.py
  Moving to /share/home/yuan/.conda/envs/mi_torch_cu118/lib/python3.10/site-packages/torch/_lazy/ir_cache.py
   from /tmp/pip-uninstall-30rrqvv5/_lazy/ir_cache.py
  Moving to /share/home/yuan/.conda/envs/mi_torch_cu118/lib/python3.10/site-packages/torch/_lazy/metrics.py
   from /tmp/pip-uninstall-30rrqvv5/_lazy/metrics.py
  Moving to /share/home/yuan/.conda/envs/mi_torch_cu118/lib/python3.10/site-packages/torch/_lazy/tensor_factory_functions.py
   from /tmp/pip-uninstall-30rrqvv5/_lazy/tensor_factory_functions.py
  Moving to /share/home/yuan/.conda/envs/mi_torch_cu118/lib/python3.10/site-packages/torch/_lazy/ts_backend.py
   from /tmp/pip-uninstall-30rrqvv5/_lazy/ts_backend.py
  Moving to /share/home/yuan/.conda/envs/mi_torch_cu118/lib/python3.10/site-packages/torch/_library/__init__.py
   from /tmp/pip-uninstall-30rrqvv5/_library/__init__.py
  Moving to /share/home/yuan/.conda/envs/mi_torch_cu118/lib/python3.10/site-packages/torch/_library/__pycache__/__init__.cpython-310.pyc
   from /tmp/pip-uninstall-30rrqvv5/_library/__pycache__/__init__.cpython-310.pyc
  Moving to /share/home/yuan/.conda/envs/mi_torch_cu118/lib/python3.10/site-packages/torch/_library/__pycache__/autograd.cpython-310.pyc
   from /tmp/pip-uninstall-30rrqvv5/_library/__pycache__/autograd.cpython-310.pyc
  Moving to /share/home/yuan/.conda/envs/mi_torch_cu118/lib/python3.10/site-packages/torch/_library/__pycache__/custom_ops.cpython-310.pyc
   from /tmp/pip-uninstall-30rrqvv5/_library/__pycache__/custom_ops.cpython-310.pyc
  Moving to /share/home/yuan/.conda/envs/mi_torch_cu118/lib/python3.10/site-packages/torch/_library/__pycache__/fake_class_registry.cpython-310.pyc
   from /tmp/pip-uninstall-30rrqvv5/_library/__pycache__/fake_class_registry.cpython-310.pyc
  Moving to /share/home/yuan/.conda/envs/mi_torch_cu118/lib/python3.10/site-packages/torch/_library/__pycache__/fake_impl.cpython-310.pyc
   from /tmp/pip-uninstall-30rrqvv5/_library/__pycache__/fake_impl.cpython-310.pyc
  Moving to /share/home/yuan/.conda/envs/mi_torch_cu118/lib/python3.10/site-packages/torch/_library/__pycache__/infer_schema.cpython-310.pyc
   from /tmp/pip-uninstall-30rrqvv5/_library/__pycache__/infer_schema.cpython-310.pyc
  Moving to /share/home/yuan/.conda/envs/mi_torch_cu118/lib/python3.10/site-packages/torch/_library/__pycache__/simple_registry.cpython-310.pyc
   from /tmp/pip-uninstall-30rrqvv5/_library/__pycache__/simple_registry.cpython-310.pyc
  Moving to /share/home/yuan/.conda/envs/mi_torch_cu118/lib/python3.10/site-packages/torch/_library/__pycache__/triton.cpython-310.pyc
   from /tmp/pip-uninstall-30rrqvv5/_library/__pycache__/triton.cpython-310.pyc
  Moving to /share/home/yuan/.conda/envs/mi_torch_cu118/lib/python3.10/site-packages/torch/_library/__pycache__/utils.cpython-310.pyc
   from /tmp/pip-uninstall-30rrqvv5/_library/__pycache__/utils.cpython-310.pyc
  Moving to /share/home/yuan/.conda/envs/mi_torch_cu118/lib/python3.10/site-packages/torch/_library/autograd.py
   from /tmp/pip-uninstall-30rrqvv5/_library/autograd.py
  Moving to /share/home/yuan/.conda/envs/mi_torch_cu118/lib/python3.10/site-packages/torch/_library/custom_ops.py
   from /tmp/pip-uninstall-30rrqvv5/_library/custom_ops.py
  Moving to /share/home/yuan/.conda/envs/mi_torch_cu118/lib/python3.10/site-packages/torch/_library/fake_class_registry.py
   from /tmp/pip-uninstall-30rrqvv5/_library/fake_class_registry.py
  Moving to /share/home/yuan/.conda/envs/mi_torch_cu118/lib/python3.10/site-packages/torch/_library/fake_impl.py
   from /tmp/pip-uninstall-30rrqvv5/_library/fake_impl.py
  Moving to /share/home/yuan/.conda/envs/mi_torch_cu118/lib/python3.10/site-packages/torch/_library/infer_schema.py
   from /tmp/pip-uninstall-30rrqvv5/_library/infer_schema.py
  Moving to /share/home/yuan/.conda/envs/mi_torch_cu118/lib/python3.10/site-packages/torch/_library/simple_registry.py
   from /tmp/pip-uninstall-30rrqvv5/_library/simple_registry.py
  Moving to /share/home/yuan/.conda/envs/mi_torch_cu118/lib/python3.10/site-packages/torch/_library/triton.py
   from /tmp/pip-uninstall-30rrqvv5/_library/triton.py
  Moving to /share/home/yuan/.conda/envs/mi_torch_cu118/lib/python3.10/site-packages/torch/_library/utils.py
   from /tmp/pip-uninstall-30rrqvv5/_library/utils.py
  Moving to /share/home/yuan/.conda/envs/mi_torch_cu118/lib/python3.10/site-packages/torch/_linalg_utils.py
   from /tmp/pip-uninstall-30rrqvv5/_linalg_utils.py
  Moving to /share/home/yuan/.conda/envs/mi_torch_cu118/lib/python3.10/site-packages/torch/_lobpcg.py
   from /tmp/pip-uninstall-30rrqvv5/_lobpcg.py
  Moving to /share/home/yuan/.conda/envs/mi_torch_cu118/lib/python3.10/site-packages/torch/_logging/__init__.py
   from /tmp/pip-uninstall-30rrqvv5/_logging/__init__.py
  Moving to /share/home/yuan/.conda/envs/mi_torch_cu118/lib/python3.10/site-packages/torch/_logging/__pycache__/__init__.cpython-310.pyc
   from /tmp/pip-uninstall-30rrqvv5/_logging/__pycache__/__init__.cpython-310.pyc
  Moving to /share/home/yuan/.conda/envs/mi_torch_cu118/lib/python3.10/site-packages/torch/_logging/__pycache__/_internal.cpython-310.pyc
   from /tmp/pip-uninstall-30rrqvv5/_logging/__pycache__/_internal.cpython-310.pyc
  Moving to /share/home/yuan/.conda/envs/mi_torch_cu118/lib/python3.10/site-packages/torch/_logging/__pycache__/_registrations.cpython-310.pyc
   from /tmp/pip-uninstall-30rrqvv5/_logging/__pycache__/_registrations.cpython-310.pyc
  Moving to /share/home/yuan/.conda/envs/mi_torch_cu118/lib/python3.10/site-packages/torch/_logging/__pycache__/scribe.cpython-310.pyc
   from /tmp/pip-uninstall-30rrqvv5/_logging/__pycache__/scribe.cpython-310.pyc
  Moving to /share/home/yuan/.conda/envs/mi_torch_cu118/lib/python3.10/site-packages/torch/_logging/__pycache__/structured.cpython-310.pyc
   from /tmp/pip-uninstall-30rrqvv5/_logging/__pycache__/structured.cpython-310.pyc
  Moving to /share/home/yuan/.conda/envs/mi_torch_cu118/lib/python3.10/site-packages/torch/_logging/_internal.py
   from /tmp/pip-uninstall-30rrqvv5/_logging/_internal.py
  Moving to /share/home/yuan/.conda/envs/mi_torch_cu118/lib/python3.10/site-packages/torch/_logging/_registrations.py
   from /tmp/pip-uninstall-30rrqvv5/_logging/_registrations.py
  Moving to /share/home/yuan/.conda/envs/mi_torch_cu118/lib/python3.10/site-packages/torch/_logging/scribe.py
   from /tmp/pip-uninstall-30rrqvv5/_logging/scribe.py
  Moving to /share/home/yuan/.conda/envs/mi_torch_cu118/lib/python3.10/site-packages/torch/_logging/structured.py
   from /tmp/pip-uninstall-30rrqvv5/_logging/structured.py
  Moving to /share/home/yuan/.conda/envs/mi_torch_cu118/lib/python3.10/site-packages/torch/_lowrank.py
   from /tmp/pip-uninstall-30rrqvv5/_lowrank.py
  Moving to /share/home/yuan/.conda/envs/mi_torch_cu118/lib/python3.10/site-packages/torch/_meta_registrations.py
   from /tmp/pip-uninstall-30rrqvv5/_meta_registrations.py
  Moving to /share/home/yuan/.conda/envs/mi_torch_cu118/lib/python3.10/site-packages/torch/_namedtensor_internals.py
   from /tmp/pip-uninstall-30rrqvv5/_namedtensor_internals.py
  Moving to /share/home/yuan/.conda/envs/mi_torch_cu118/lib/python3.10/site-packages/torch/_numpy/__init__.py
   from /tmp/pip-uninstall-30rrqvv5/_numpy/__init__.py
  Moving to /share/home/yuan/.conda/envs/mi_torch_cu118/lib/python3.10/site-packages/torch/_numpy/__pycache__/__init__.cpython-310.pyc
   from /tmp/pip-uninstall-30rrqvv5/_numpy/__pycache__/__init__.cpython-310.pyc
  Moving to /share/home/yuan/.conda/envs/mi_torch_cu118/lib/python3.10/site-packages/torch/_numpy/__pycache__/_binary_ufuncs_impl.cpython-310.pyc
   from /tmp/pip-uninstall-30rrqvv5/_numpy/__pycache__/_binary_ufuncs_impl.cpython-310.pyc
  Moving to /share/home/yuan/.conda/envs/mi_torch_cu118/lib/python3.10/site-packages/torch/_numpy/__pycache__/_casting_dicts.cpython-310.pyc
   from /tmp/pip-uninstall-30rrqvv5/_numpy/__pycache__/_casting_dicts.cpython-310.pyc
  Moving to /share/home/yuan/.conda/envs/mi_torch_cu118/lib/python3.10/site-packages/torch/_numpy/__pycache__/_dtypes.cpython-310.pyc
   from /tmp/pip-uninstall-30rrqvv5/_numpy/__pycache__/_dtypes.cpython-310.pyc
  Moving to /share/home/yuan/.conda/envs/mi_torch_cu118/lib/python3.10/site-packages/torch/_numpy/__pycache__/_dtypes_impl.cpython-310.pyc
   from /tmp/pip-uninstall-30rrqvv5/_numpy/__pycache__/_dtypes_impl.cpython-310.pyc
  Moving to /share/home/yuan/.conda/envs/mi_torch_cu118/lib/python3.10/site-packages/torch/_numpy/__pycache__/_funcs.cpython-310.pyc
   from /tmp/pip-uninstall-30rrqvv5/_numpy/__pycache__/_funcs.cpython-310.pyc
  Moving to /share/home/yuan/.conda/envs/mi_torch_cu118/lib/python3.10/site-packages/torch/_numpy/__pycache__/_funcs_impl.cpython-310.pyc
   from /tmp/pip-uninstall-30rrqvv5/_numpy/__pycache__/_funcs_impl.cpython-310.pyc
  Moving to /share/home/yuan/.conda/envs/mi_torch_cu118/lib/python3.10/site-packages/torch/_numpy/__pycache__/_getlimits.cpython-310.pyc
   from /tmp/pip-uninstall-30rrqvv5/_numpy/__pycache__/_getlimits.cpython-310.pyc
  Moving to /share/home/yuan/.conda/envs/mi_torch_cu118/lib/python3.10/site-packages/torch/_numpy/__pycache__/_ndarray.cpython-310.pyc
   from /tmp/pip-uninstall-30rrqvv5/_numpy/__pycache__/_ndarray.cpython-310.pyc
  Moving to /share/home/yuan/.conda/envs/mi_torch_cu118/lib/python3.10/site-packages/torch/_numpy/__pycache__/_normalizations.cpython-310.pyc
   from /tmp/pip-uninstall-30rrqvv5/_numpy/__pycache__/_normalizations.cpython-310.pyc
  Moving to /share/home/yuan/.conda/envs/mi_torch_cu118/lib/python3.10/site-packages/torch/_numpy/__pycache__/_reductions_impl.cpython-310.pyc
   from /tmp/pip-uninstall-30rrqvv5/_numpy/__pycache__/_reductions_impl.cpython-310.pyc
  Moving to /share/home/yuan/.conda/envs/mi_torch_cu118/lib/python3.10/site-packages/torch/_numpy/__pycache__/_ufuncs.cpython-310.pyc
   from /tmp/pip-uninstall-30rrqvv5/_numpy/__pycache__/_ufuncs.cpython-310.pyc
  Moving to /share/home/yuan/.conda/envs/mi_torch_cu118/lib/python3.10/site-packages/torch/_numpy/__pycache__/_unary_ufuncs_impl.cpython-310.pyc
   from /tmp/pip-uninstall-30rrqvv5/_numpy/__pycache__/_unary_ufuncs_impl.cpython-310.pyc
  Moving to /share/home/yuan/.conda/envs/mi_torch_cu118/lib/python3.10/site-packages/torch/_numpy/__pycache__/_util.cpython-310.pyc
   from /tmp/pip-uninstall-30rrqvv5/_numpy/__pycache__/_util.cpython-310.pyc
  Moving to /share/home/yuan/.conda/envs/mi_torch_cu118/lib/python3.10/site-packages/torch/_numpy/__pycache__/fft.cpython-310.pyc
   from /tmp/pip-uninstall-30rrqvv5/_numpy/__pycache__/fft.cpython-310.pyc
  Moving to /share/home/yuan/.conda/envs/mi_torch_cu118/lib/python3.10/site-packages/torch/_numpy/__pycache__/linalg.cpython-310.pyc
   from /tmp/pip-uninstall-30rrqvv5/_numpy/__pycache__/linalg.cpython-310.pyc
  Moving to /share/home/yuan/.conda/envs/mi_torch_cu118/lib/python3.10/site-packages/torch/_numpy/__pycache__/random.cpython-310.pyc
   from /tmp/pip-uninstall-30rrqvv5/_numpy/__pycache__/random.cpython-310.pyc
  Moving to /share/home/yuan/.conda/envs/mi_torch_cu118/lib/python3.10/site-packages/torch/_numpy/_binary_ufuncs_impl.py
   from /tmp/pip-uninstall-30rrqvv5/_numpy/_binary_ufuncs_impl.py
  Moving to /share/home/yuan/.conda/envs/mi_torch_cu118/lib/python3.10/site-packages/torch/_numpy/_casting_dicts.py
   from /tmp/pip-uninstall-30rrqvv5/_numpy/_casting_dicts.py
  Moving to /share/home/yuan/.conda/envs/mi_torch_cu118/lib/python3.10/site-packages/torch/_numpy/_dtypes.py
   from /tmp/pip-uninstall-30rrqvv5/_numpy/_dtypes.py
  Moving to /share/home/yuan/.conda/envs/mi_torch_cu118/lib/python3.10/site-packages/torch/_numpy/_dtypes_impl.py
   from /tmp/pip-uninstall-30rrqvv5/_numpy/_dtypes_impl.py
  Moving to /share/home/yuan/.conda/envs/mi_torch_cu118/lib/python3.10/site-packages/torch/_numpy/_funcs.py
   from /tmp/pip-uninstall-30rrqvv5/_numpy/_funcs.py
  Moving to /share/home/yuan/.conda/envs/mi_torch_cu118/lib/python3.10/site-packages/torch/_numpy/_funcs_impl.py
   from /tmp/pip-uninstall-30rrqvv5/_numpy/_funcs_impl.py
  Moving to /share/home/yuan/.conda/envs/mi_torch_cu118/lib/python3.10/site-packages/torch/_numpy/_getlimits.py
   from /tmp/pip-uninstall-30rrqvv5/_numpy/_getlimits.py
  Moving to /share/home/yuan/.conda/envs/mi_torch_cu118/lib/python3.10/site-packages/torch/_numpy/_ndarray.py
   from /tmp/pip-uninstall-30rrqvv5/_numpy/_ndarray.py
  Moving to /share/home/yuan/.conda/envs/mi_torch_cu118/lib/python3.10/site-packages/torch/_numpy/_normalizations.py
   from /tmp/pip-uninstall-30rrqvv5/_numpy/_normalizations.py
  Moving to /share/home/yuan/.conda/envs/mi_torch_cu118/lib/python3.10/site-packages/torch/_numpy/_reductions_impl.py
   from /tmp/pip-uninstall-30rrqvv5/_numpy/_reductions_impl.py
  Moving to /share/home/yuan/.conda/envs/mi_torch_cu118/lib/python3.10/site-packages/torch/_numpy/_ufuncs.py
   from /tmp/pip-uninstall-30rrqvv5/_numpy/_ufuncs.py
  Moving to /share/home/yuan/.conda/envs/mi_torch_cu118/lib/python3.10/site-packages/torch/_numpy/_unary_ufuncs_impl.py
   from /tmp/pip-uninstall-30rrqvv5/_numpy/_unary_ufuncs_impl.py
  Moving to /share/home/yuan/.conda/envs/mi_torch_cu118/lib/python3.10/site-packages/torch/_numpy/_util.py
   from /tmp/pip-uninstall-30rrqvv5/_numpy/_util.py
  Moving to /share/home/yuan/.conda/envs/mi_torch_cu118/lib/python3.10/site-packages/torch/_numpy/fft.py
   from /tmp/pip-uninstall-30rrqvv5/_numpy/fft.py
  Moving to /share/home/yuan/.conda/envs/mi_torch_cu118/lib/python3.10/site-packages/torch/_numpy/linalg.py
   from /tmp/pip-uninstall-30rrqvv5/_numpy/linalg.py
  Moving to /share/home/yuan/.conda/envs/mi_torch_cu118/lib/python3.10/site-packages/torch/_numpy/random.py
   from /tmp/pip-uninstall-30rrqvv5/_numpy/random.py
  Moving to /share/home/yuan/.conda/envs/mi_torch_cu118/lib/python3.10/site-packages/torch/_numpy/testing/__init__.py
   from /tmp/pip-uninstall-30rrqvv5/_numpy/testing/__init__.py
  Moving to /share/home/yuan/.conda/envs/mi_torch_cu118/lib/python3.10/site-packages/torch/_numpy/testing/__pycache__/__init__.cpython-310.pyc
   from /tmp/pip-uninstall-30rrqvv5/_numpy/testing/__pycache__/__init__.cpython-310.pyc
  Moving to /share/home/yuan/.conda/envs/mi_torch_cu118/lib/python3.10/site-packages/torch/_numpy/testing/__pycache__/utils.cpython-310.pyc
   from /tmp/pip-uninstall-30rrqvv5/_numpy/testing/__pycache__/utils.cpython-310.pyc
  Moving to /share/home/yuan/.conda/envs/mi_torch_cu118/lib/python3.10/site-packages/torch/_numpy/testing/utils.py
   from /tmp/pip-uninstall-30rrqvv5/_numpy/testing/utils.py
  Moving to /share/home/yuan/.conda/envs/mi_torch_cu118/lib/python3.10/site-packages/torch/_ops.py
   from /tmp/pip-uninstall-30rrqvv5/_ops.py
  Moving to /share/home/yuan/.conda/envs/mi_torch_cu118/lib/python3.10/site-packages/torch/_prims/__init__.py
   from /tmp/pip-uninstall-30rrqvv5/_prims/__init__.py
  Moving to /share/home/yuan/.conda/envs/mi_torch_cu118/lib/python3.10/site-packages/torch/_prims/__pycache__/__init__.cpython-310.pyc
   from /tmp/pip-uninstall-30rrqvv5/_prims/__pycache__/__init__.cpython-310.pyc
  Moving to /share/home/yuan/.conda/envs/mi_torch_cu118/lib/python3.10/site-packages/torch/_prims/__pycache__/context.cpython-310.pyc
   from /tmp/pip-uninstall-30rrqvv5/_prims/__pycache__/context.cpython-310.pyc
  Moving to /share/home/yuan/.conda/envs/mi_torch_cu118/lib/python3.10/site-packages/torch/_prims/__pycache__/debug_prims.cpython-310.pyc
   from /tmp/pip-uninstall-30rrqvv5/_prims/__pycache__/debug_prims.cpython-310.pyc
  Moving to /share/home/yuan/.conda/envs/mi_torch_cu118/lib/python3.10/site-packages/torch/_prims/__pycache__/executor.cpython-310.pyc
   from /tmp/pip-uninstall-30rrqvv5/_prims/__pycache__/executor.cpython-310.pyc
  Moving to /share/home/yuan/.conda/envs/mi_torch_cu118/lib/python3.10/site-packages/torch/_prims/__pycache__/rng_prims.cpython-310.pyc
   from /tmp/pip-uninstall-30rrqvv5/_prims/__pycache__/rng_prims.cpython-310.pyc
  Moving to /share/home/yuan/.conda/envs/mi_torch_cu118/lib/python3.10/site-packages/torch/_prims/context.py
   from /tmp/pip-uninstall-30rrqvv5/_prims/context.py
  Moving to /share/home/yuan/.conda/envs/mi_torch_cu118/lib/python3.10/site-packages/torch/_prims/debug_prims.py
   from /tmp/pip-uninstall-30rrqvv5/_prims/debug_prims.py
  Moving to /share/home/yuan/.conda/envs/mi_torch_cu118/lib/python3.10/site-packages/torch/_prims/executor.py
   from /tmp/pip-uninstall-30rrqvv5/_prims/executor.py
  Moving to /share/home/yuan/.conda/envs/mi_torch_cu118/lib/python3.10/site-packages/torch/_prims/rng_prims.py
   from /tmp/pip-uninstall-30rrqvv5/_prims/rng_prims.py
  Moving to /share/home/yuan/.conda/envs/mi_torch_cu118/lib/python3.10/site-packages/torch/_prims_common/__init__.py
   from /tmp/pip-uninstall-30rrqvv5/_prims_common/__init__.py
  Moving to /share/home/yuan/.conda/envs/mi_torch_cu118/lib/python3.10/site-packages/torch/_prims_common/__pycache__/__init__.cpython-310.pyc
   from /tmp/pip-uninstall-30rrqvv5/_prims_common/__pycache__/__init__.cpython-310.pyc
  Moving to /share/home/yuan/.conda/envs/mi_torch_cu118/lib/python3.10/site-packages/torch/_prims_common/__pycache__/wrappers.cpython-310.pyc
   from /tmp/pip-uninstall-30rrqvv5/_prims_common/__pycache__/wrappers.cpython-310.pyc
  Moving to /share/home/yuan/.conda/envs/mi_torch_cu118/lib/python3.10/site-packages/torch/_prims_common/wrappers.py
   from /tmp/pip-uninstall-30rrqvv5/_prims_common/wrappers.py
  Moving to /share/home/yuan/.conda/envs/mi_torch_cu118/lib/python3.10/site-packages/torch/_python_dispatcher.py
   from /tmp/pip-uninstall-30rrqvv5/_python_dispatcher.py
  Moving to /share/home/yuan/.conda/envs/mi_torch_cu118/lib/python3.10/site-packages/torch/_refs/__init__.py
   from /tmp/pip-uninstall-30rrqvv5/_refs/__init__.py
  Moving to /share/home/yuan/.conda/envs/mi_torch_cu118/lib/python3.10/site-packages/torch/_refs/__pycache__/__init__.cpython-310.pyc
   from /tmp/pip-uninstall-30rrqvv5/_refs/__pycache__/__init__.cpython-310.pyc
  Moving to /share/home/yuan/.conda/envs/mi_torch_cu118/lib/python3.10/site-packages/torch/_refs/__pycache__/_conversions.cpython-310.pyc
   from /tmp/pip-uninstall-30rrqvv5/_refs/__pycache__/_conversions.cpython-310.pyc
  Moving to /share/home/yuan/.conda/envs/mi_torch_cu118/lib/python3.10/site-packages/torch/_refs/__pycache__/fft.cpython-310.pyc
   from /tmp/pip-uninstall-30rrqvv5/_refs/__pycache__/fft.cpython-310.pyc
  Moving to /share/home/yuan/.conda/envs/mi_torch_cu118/lib/python3.10/site-packages/torch/_refs/_conversions.py
   from /tmp/pip-uninstall-30rrqvv5/_refs/_conversions.py
  Moving to /share/home/yuan/.conda/envs/mi_torch_cu118/lib/python3.10/site-packages/torch/_refs/fft.py
   from /tmp/pip-uninstall-30rrqvv5/_refs/fft.py
  Moving to /share/home/yuan/.conda/envs/mi_torch_cu118/lib/python3.10/site-packages/torch/_refs/linalg/__init__.py
   from /tmp/pip-uninstall-30rrqvv5/_refs/linalg/__init__.py
  Moving to /share/home/yuan/.conda/envs/mi_torch_cu118/lib/python3.10/site-packages/torch/_refs/linalg/__pycache__/__init__.cpython-310.pyc
   from /tmp/pip-uninstall-30rrqvv5/_refs/linalg/__pycache__/__init__.cpython-310.pyc
  Moving to /share/home/yuan/.conda/envs/mi_torch_cu118/lib/python3.10/site-packages/torch/_refs/nn/__init__.py
   from /tmp/pip-uninstall-30rrqvv5/_refs/nn/__init__.py
  Moving to /share/home/yuan/.conda/envs/mi_torch_cu118/lib/python3.10/site-packages/torch/_refs/nn/__pycache__/__init__.cpython-310.pyc
   from /tmp/pip-uninstall-30rrqvv5/_refs/nn/__pycache__/__init__.cpython-310.pyc
  Moving to /share/home/yuan/.conda/envs/mi_torch_cu118/lib/python3.10/site-packages/torch/_refs/nn/functional/__init__.py
   from /tmp/pip-uninstall-30rrqvv5/_refs/nn/functional/__init__.py
  Moving to /share/home/yuan/.conda/envs/mi_torch_cu118/lib/python3.10/site-packages/torch/_refs/nn/functional/__pycache__/__init__.cpython-310.pyc
   from /tmp/pip-uninstall-30rrqvv5/_refs/nn/functional/__pycache__/__init__.cpython-310.pyc
  Moving to /share/home/yuan/.conda/envs/mi_torch_cu118/lib/python3.10/site-packages/torch/_refs/special/__init__.py
   from /tmp/pip-uninstall-30rrqvv5/_refs/special/__init__.py
  Moving to /share/home/yuan/.conda/envs/mi_torch_cu118/lib/python3.10/site-packages/torch/_refs/special/__pycache__/__init__.cpython-310.pyc
   from /tmp/pip-uninstall-30rrqvv5/_refs/special/__pycache__/__init__.cpython-310.pyc
  Moving to /share/home/yuan/.conda/envs/mi_torch_cu118/lib/python3.10/site-packages/torch/_size_docs.py
   from /tmp/pip-uninstall-30rrqvv5/_size_docs.py
  Moving to /share/home/yuan/.conda/envs/mi_torch_cu118/lib/python3.10/site-packages/torch/_sources.py
   from /tmp/pip-uninstall-30rrqvv5/_sources.py
  Moving to /share/home/yuan/.conda/envs/mi_torch_cu118/lib/python3.10/site-packages/torch/_storage_docs.py
   from /tmp/pip-uninstall-30rrqvv5/_storage_docs.py
  Moving to /share/home/yuan/.conda/envs/mi_torch_cu118/lib/python3.10/site-packages/torch/_streambase.py
   from /tmp/pip-uninstall-30rrqvv5/_streambase.py
  Moving to /share/home/yuan/.conda/envs/mi_torch_cu118/lib/python3.10/site-packages/torch/_strobelight/__init__.py
   from /tmp/pip-uninstall-30rrqvv5/_strobelight/__init__.py
  Moving to /share/home/yuan/.conda/envs/mi_torch_cu118/lib/python3.10/site-packages/torch/_strobelight/__pycache__/__init__.cpython-310.pyc
   from /tmp/pip-uninstall-30rrqvv5/_strobelight/__pycache__/__init__.cpython-310.pyc
  Moving to /share/home/yuan/.conda/envs/mi_torch_cu118/lib/python3.10/site-packages/torch/_strobelight/__pycache__/cli_function_profiler.cpython-310.pyc
   from /tmp/pip-uninstall-30rrqvv5/_strobelight/__pycache__/cli_function_profiler.cpython-310.pyc
  Moving to /share/home/yuan/.conda/envs/mi_torch_cu118/lib/python3.10/site-packages/torch/_strobelight/__pycache__/compile_time_profiler.cpython-310.pyc
   from /tmp/pip-uninstall-30rrqvv5/_strobelight/__pycache__/compile_time_profiler.cpython-310.pyc
  Moving to /share/home/yuan/.conda/envs/mi_torch_cu118/lib/python3.10/site-packages/torch/_strobelight/cli_function_profiler.py
   from /tmp/pip-uninstall-30rrqvv5/_strobelight/cli_function_profiler.py
  Moving to /share/home/yuan/.conda/envs/mi_torch_cu118/lib/python3.10/site-packages/torch/_strobelight/compile_time_profiler.py
   from /tmp/pip-uninstall-30rrqvv5/_strobelight/compile_time_profiler.py
  Moving to /share/home/yuan/.conda/envs/mi_torch_cu118/lib/python3.10/site-packages/torch/_subclasses/__init__.py
   from /tmp/pip-uninstall-30rrqvv5/_subclasses/__init__.py
  Moving to /share/home/yuan/.conda/envs/mi_torch_cu118/lib/python3.10/site-packages/torch/_subclasses/__pycache__/__init__.cpython-310.pyc
   from /tmp/pip-uninstall-30rrqvv5/_subclasses/__pycache__/__init__.cpython-310.pyc
  Moving to /share/home/yuan/.conda/envs/mi_torch_cu118/lib/python3.10/site-packages/torch/_subclasses/__pycache__/_fake_tensor_utils.cpython-310.pyc
   from /tmp/pip-uninstall-30rrqvv5/_subclasses/__pycache__/_fake_tensor_utils.cpython-310.pyc
  Moving to /share/home/yuan/.conda/envs/mi_torch_cu118/lib/python3.10/site-packages/torch/_subclasses/__pycache__/fake_impls.cpython-310.pyc
   from /tmp/pip-uninstall-30rrqvv5/_subclasses/__pycache__/fake_impls.cpython-310.pyc
  Moving to /share/home/yuan/.conda/envs/mi_torch_cu118/lib/python3.10/site-packages/torch/_subclasses/__pycache__/fake_tensor.cpython-310.pyc
   from /tmp/pip-uninstall-30rrqvv5/_subclasses/__pycache__/fake_tensor.cpython-310.pyc
  Moving to /share/home/yuan/.conda/envs/mi_torch_cu118/lib/python3.10/site-packages/torch/_subclasses/__pycache__/fake_utils.cpython-310.pyc
   from /tmp/pip-uninstall-30rrqvv5/_subclasses/__pycache__/fake_utils.cpython-310.pyc
  Moving to /share/home/yuan/.conda/envs/mi_torch_cu118/lib/python3.10/site-packages/torch/_subclasses/__pycache__/functional_tensor.cpython-310.pyc
   from /tmp/pip-uninstall-30rrqvv5/_subclasses/__pycache__/functional_tensor.cpython-310.pyc
  Moving to /share/home/yuan/.conda/envs/mi_torch_cu118/lib/python3.10/site-packages/torch/_subclasses/__pycache__/meta_utils.cpython-310.pyc
   from /tmp/pip-uninstall-30rrqvv5/_subclasses/__pycache__/meta_utils.cpython-310.pyc
  Moving to /share/home/yuan/.conda/envs/mi_torch_cu118/lib/python3.10/site-packages/torch/_subclasses/__pycache__/schema_check_mode.cpython-310.pyc
   from /tmp/pip-uninstall-30rrqvv5/_subclasses/__pycache__/schema_check_mode.cpython-310.pyc
  Moving to /share/home/yuan/.conda/envs/mi_torch_cu118/lib/python3.10/site-packages/torch/_subclasses/_fake_tensor_utils.py
   from /tmp/pip-uninstall-30rrqvv5/_subclasses/_fake_tensor_utils.py
  Moving to /share/home/yuan/.conda/envs/mi_torch_cu118/lib/python3.10/site-packages/torch/_subclasses/fake_impls.py
   from /tmp/pip-uninstall-30rrqvv5/_subclasses/fake_impls.py
  Moving to /share/home/yuan/.conda/envs/mi_torch_cu118/lib/python3.10/site-packages/torch/_subclasses/fake_tensor.py
   from /tmp/pip-uninstall-30rrqvv5/_subclasses/fake_tensor.py
  Moving to /share/home/yuan/.conda/envs/mi_torch_cu118/lib/python3.10/site-packages/torch/_subclasses/fake_utils.py
   from /tmp/pip-uninstall-30rrqvv5/_subclasses/fake_utils.py
  Moving to /share/home/yuan/.conda/envs/mi_torch_cu118/lib/python3.10/site-packages/torch/_subclasses/functional_tensor.py
   from /tmp/pip-uninstall-30rrqvv5/_subclasses/functional_tensor.py
  Moving to /share/home/yuan/.conda/envs/mi_torch_cu118/lib/python3.10/site-packages/torch/_subclasses/meta_utils.py
   from /tmp/pip-uninstall-30rrqvv5/_subclasses/meta_utils.py
  Moving to /share/home/yuan/.conda/envs/mi_torch_cu118/lib/python3.10/site-packages/torch/_subclasses/schema_check_mode.py
   from /tmp/pip-uninstall-30rrqvv5/_subclasses/schema_check_mode.py
  Moving to /share/home/yuan/.conda/envs/mi_torch_cu118/lib/python3.10/site-packages/torch/_tensor.py
   from /tmp/pip-uninstall-30rrqvv5/_tensor.py
  Moving to /share/home/yuan/.conda/envs/mi_torch_cu118/lib/python3.10/site-packages/torch/_tensor_docs.py
   from /tmp/pip-uninstall-30rrqvv5/_tensor_docs.py
  Moving to /share/home/yuan/.conda/envs/mi_torch_cu118/lib/python3.10/site-packages/torch/_tensor_str.py
   from /tmp/pip-uninstall-30rrqvv5/_tensor_str.py
  Moving to /share/home/yuan/.conda/envs/mi_torch_cu118/lib/python3.10/site-packages/torch/_thread_safe_fork.py
   from /tmp/pip-uninstall-30rrqvv5/_thread_safe_fork.py
  Moving to /share/home/yuan/.conda/envs/mi_torch_cu118/lib/python3.10/site-packages/torch/_torch_docs.py
   from /tmp/pip-uninstall-30rrqvv5/_torch_docs.py
  Moving to /share/home/yuan/.conda/envs/mi_torch_cu118/lib/python3.10/site-packages/torch/_utils.py
   from /tmp/pip-uninstall-30rrqvv5/_utils.py
  Moving to /share/home/yuan/.conda/envs/mi_torch_cu118/lib/python3.10/site-packages/torch/_utils_internal.py
   from /tmp/pip-uninstall-30rrqvv5/_utils_internal.py
  Moving to /share/home/yuan/.conda/envs/mi_torch_cu118/lib/python3.10/site-packages/torch/_vendor/__init__.py
   from /tmp/pip-uninstall-30rrqvv5/_vendor/__init__.py
  Moving to /share/home/yuan/.conda/envs/mi_torch_cu118/lib/python3.10/site-packages/torch/_vendor/__pycache__/__init__.cpython-310.pyc
   from /tmp/pip-uninstall-30rrqvv5/_vendor/__pycache__/__init__.cpython-310.pyc
  Moving to /share/home/yuan/.conda/envs/mi_torch_cu118/lib/python3.10/site-packages/torch/_vendor/packaging/__init__.py
   from /tmp/pip-uninstall-30rrqvv5/_vendor/packaging/__init__.py
  Moving to /share/home/yuan/.conda/envs/mi_torch_cu118/lib/python3.10/site-packages/torch/_vendor/packaging/__pycache__/__init__.cpython-310.pyc
   from /tmp/pip-uninstall-30rrqvv5/_vendor/packaging/__pycache__/__init__.cpython-310.pyc
  Moving to /share/home/yuan/.conda/envs/mi_torch_cu118/lib/python3.10/site-packages/torch/_vendor/packaging/__pycache__/_structures.cpython-310.pyc
   from /tmp/pip-uninstall-30rrqvv5/_vendor/packaging/__pycache__/_structures.cpython-310.pyc
  Moving to /share/home/yuan/.conda/envs/mi_torch_cu118/lib/python3.10/site-packages/torch/_vendor/packaging/__pycache__/version.cpython-310.pyc
   from /tmp/pip-uninstall-30rrqvv5/_vendor/packaging/__pycache__/version.cpython-310.pyc
  Moving to /share/home/yuan/.conda/envs/mi_torch_cu118/lib/python3.10/site-packages/torch/_vendor/packaging/_structures.py
   from /tmp/pip-uninstall-30rrqvv5/_vendor/packaging/_structures.py
  Moving to /share/home/yuan/.conda/envs/mi_torch_cu118/lib/python3.10/site-packages/torch/_vendor/packaging/version.py
   from /tmp/pip-uninstall-30rrqvv5/_vendor/packaging/version.py
  Moving to /share/home/yuan/.conda/envs/mi_torch_cu118/lib/python3.10/site-packages/torch/_vmap_internals.py
   from /tmp/pip-uninstall-30rrqvv5/_vmap_internals.py
  Moving to /share/home/yuan/.conda/envs/mi_torch_cu118/lib/python3.10/site-packages/torch/_weights_only_unpickler.py
   from /tmp/pip-uninstall-30rrqvv5/_weights_only_unpickler.py
  Moving to /share/home/yuan/.conda/envs/mi_torch_cu118/lib/python3.10/site-packages/torch/accelerator/__init__.py
   from /tmp/pip-uninstall-30rrqvv5/accelerator/__init__.py
  Moving to /share/home/yuan/.conda/envs/mi_torch_cu118/lib/python3.10/site-packages/torch/accelerator/__pycache__/__init__.cpython-310.pyc
   from /tmp/pip-uninstall-30rrqvv5/accelerator/__pycache__/__init__.cpython-310.pyc
  Moving to /share/home/yuan/.conda/envs/mi_torch_cu118/lib/python3.10/site-packages/torch/accelerator/__pycache__/_utils.cpython-310.pyc
   from /tmp/pip-uninstall-30rrqvv5/accelerator/__pycache__/_utils.cpython-310.pyc
  Moving to /share/home/yuan/.conda/envs/mi_torch_cu118/lib/python3.10/site-packages/torch/accelerator/_utils.py
   from /tmp/pip-uninstall-30rrqvv5/accelerator/_utils.py
  Moving to /share/home/yuan/.conda/envs/mi_torch_cu118/lib/python3.10/site-packages/torch/amp/__init__.py
   from /tmp/pip-uninstall-30rrqvv5/amp/__init__.py
  Moving to /share/home/yuan/.conda/envs/mi_torch_cu118/lib/python3.10/site-packages/torch/amp/__pycache__/__init__.cpython-310.pyc
   from /tmp/pip-uninstall-30rrqvv5/amp/__pycache__/__init__.cpython-310.pyc
  Moving to /share/home/yuan/.conda/envs/mi_torch_cu118/lib/python3.10/site-packages/torch/amp/__pycache__/autocast_mode.cpython-310.pyc
   from /tmp/pip-uninstall-30rrqvv5/amp/__pycache__/autocast_mode.cpython-310.pyc
  Moving to /share/home/yuan/.conda/envs/mi_torch_cu118/lib/python3.10/site-packages/torch/amp/__pycache__/grad_scaler.cpython-310.pyc
   from /tmp/pip-uninstall-30rrqvv5/amp/__pycache__/grad_scaler.cpython-310.pyc
  Moving to /share/home/yuan/.conda/envs/mi_torch_cu118/lib/python3.10/site-packages/torch/amp/autocast_mode.py
   from /tmp/pip-uninstall-30rrqvv5/amp/autocast_mode.py
  Moving to /share/home/yuan/.conda/envs/mi_torch_cu118/lib/python3.10/site-packages/torch/amp/grad_scaler.py
   from /tmp/pip-uninstall-30rrqvv5/amp/grad_scaler.py
  Moving to /share/home/yuan/.conda/envs/mi_torch_cu118/lib/python3.10/site-packages/torch/ao/__init__.py
   from /tmp/pip-uninstall-30rrqvv5/ao/__init__.py
  Moving to /share/home/yuan/.conda/envs/mi_torch_cu118/lib/python3.10/site-packages/torch/ao/__pycache__/__init__.cpython-310.pyc
   from /tmp/pip-uninstall-30rrqvv5/ao/__pycache__/__init__.cpython-310.pyc
  Moving to /share/home/yuan/.conda/envs/mi_torch_cu118/lib/python3.10/site-packages/torch/ao/nn/__init__.py
   from /tmp/pip-uninstall-30rrqvv5/ao/nn/__init__.py
  Moving to /share/home/yuan/.conda/envs/mi_torch_cu118/lib/python3.10/site-packages/torch/ao/nn/__pycache__/__init__.cpython-310.pyc
   from /tmp/pip-uninstall-30rrqvv5/ao/nn/__pycache__/__init__.cpython-310.pyc
  Moving to /share/home/yuan/.conda/envs/mi_torch_cu118/lib/python3.10/site-packages/torch/ao/nn/intrinsic/__init__.py
   from /tmp/pip-uninstall-30rrqvv5/ao/nn/intrinsic/__init__.py
  Moving to /share/home/yuan/.conda/envs/mi_torch_cu118/lib/python3.10/site-packages/torch/ao/nn/intrinsic/__pycache__/__init__.cpython-310.pyc
   from /tmp/pip-uninstall-30rrqvv5/ao/nn/intrinsic/__pycache__/__init__.cpython-310.pyc
  Moving to /share/home/yuan/.conda/envs/mi_torch_cu118/lib/python3.10/site-packages/torch/ao/nn/intrinsic/modules/__init__.py
   from /tmp/pip-uninstall-30rrqvv5/ao/nn/intrinsic/modules/__init__.py
  Moving to /share/home/yuan/.conda/envs/mi_torch_cu118/lib/python3.10/site-packages/torch/ao/nn/intrinsic/modules/__pycache__/__init__.cpython-310.pyc
   from /tmp/pip-uninstall-30rrqvv5/ao/nn/intrinsic/modules/__pycache__/__init__.cpython-310.pyc
  Moving to /share/home/yuan/.conda/envs/mi_torch_cu118/lib/python3.10/site-packages/torch/ao/nn/intrinsic/modules/__pycache__/fused.cpython-310.pyc
   from /tmp/pip-uninstall-30rrqvv5/ao/nn/intrinsic/modules/__pycache__/fused.cpython-310.pyc
  Moving to /share/home/yuan/.conda/envs/mi_torch_cu118/lib/python3.10/site-packages/torch/ao/nn/intrinsic/modules/fused.py
   from /tmp/pip-uninstall-30rrqvv5/ao/nn/intrinsic/modules/fused.py
  Moving to /share/home/yuan/.conda/envs/mi_torch_cu118/lib/python3.10/site-packages/torch/ao/nn/intrinsic/qat/__init__.py
   from /tmp/pip-uninstall-30rrqvv5/ao/nn/intrinsic/qat/__init__.py
  Moving to /share/home/yuan/.conda/envs/mi_torch_cu118/lib/python3.10/site-packages/torch/ao/nn/intrinsic/qat/__pycache__/__init__.cpython-310.pyc
   from /tmp/pip-uninstall-30rrqvv5/ao/nn/intrinsic/qat/__pycache__/__init__.cpython-310.pyc
  Moving to /share/home/yuan/.conda/envs/mi_torch_cu118/lib/python3.10/site-packages/torch/ao/nn/intrinsic/qat/modules/__init__.py
   from /tmp/pip-uninstall-30rrqvv5/ao/nn/intrinsic/qat/modules/__init__.py
  Moving to /share/home/yuan/.conda/envs/mi_torch_cu118/lib/python3.10/site-packages/torch/ao/nn/intrinsic/qat/modules/__pycache__/__init__.cpython-310.pyc
   from /tmp/pip-uninstall-30rrqvv5/ao/nn/intrinsic/qat/modules/__pycache__/__init__.cpython-310.pyc
  Moving to /share/home/yuan/.conda/envs/mi_torch_cu118/lib/python3.10/site-packages/torch/ao/nn/intrinsic/qat/modules/__pycache__/conv_fused.cpython-310.pyc
   from /tmp/pip-uninstall-30rrqvv5/ao/nn/intrinsic/qat/modules/__pycache__/conv_fused.cpython-310.pyc
  Moving to /share/home/yuan/.conda/envs/mi_torch_cu118/lib/python3.10/site-packages/torch/ao/nn/intrinsic/qat/modules/__pycache__/linear_fused.cpython-310.pyc
   from /tmp/pip-uninstall-30rrqvv5/ao/nn/intrinsic/qat/modules/__pycache__/linear_fused.cpython-310.pyc
  Moving to /share/home/yuan/.conda/envs/mi_torch_cu118/lib/python3.10/site-packages/torch/ao/nn/intrinsic/qat/modules/__pycache__/linear_relu.cpython-310.pyc
   from /tmp/pip-uninstall-30rrqvv5/ao/nn/intrinsic/qat/modules/__pycache__/linear_relu.cpython-310.pyc
  Moving to /share/home/yuan/.conda/envs/mi_torch_cu118/lib/python3.10/site-packages/torch/ao/nn/intrinsic/qat/modules/conv_fused.py
   from /tmp/pip-uninstall-30rrqvv5/ao/nn/intrinsic/qat/modules/conv_fused.py
  Moving to /share/home/yuan/.conda/envs/mi_torch_cu118/lib/python3.10/site-packages/torch/ao/nn/intrinsic/qat/modules/linear_fused.py
   from /tmp/pip-uninstall-30rrqvv5/ao/nn/intrinsic/qat/modules/linear_fused.py
  Moving to /share/home/yuan/.conda/envs/mi_torch_cu118/lib/python3.10/site-packages/torch/ao/nn/intrinsic/qat/modules/linear_relu.py
   from /tmp/pip-uninstall-30rrqvv5/ao/nn/intrinsic/qat/modules/linear_relu.py
  Moving to /share/home/yuan/.conda/envs/mi_torch_cu118/lib/python3.10/site-packages/torch/ao/nn/intrinsic/quantized/__init__.py
   from /tmp/pip-uninstall-30rrqvv5/ao/nn/intrinsic/quantized/__init__.py
  Moving to /share/home/yuan/.conda/envs/mi_torch_cu118/lib/python3.10/site-packages/torch/ao/nn/intrinsic/quantized/__pycache__/__init__.cpython-310.pyc
   from /tmp/pip-uninstall-30rrqvv5/ao/nn/intrinsic/quantized/__pycache__/__init__.cpython-310.pyc
  Moving to /share/home/yuan/.conda/envs/mi_torch_cu118/lib/python3.10/site-packages/torch/ao/nn/intrinsic/quantized/dynamic/__init__.py
   from /tmp/pip-uninstall-30rrqvv5/ao/nn/intrinsic/quantized/dynamic/__init__.py
  Moving to /share/home/yuan/.conda/envs/mi_torch_cu118/lib/python3.10/site-packages/torch/ao/nn/intrinsic/quantized/dynamic/__pycache__/__init__.cpython-310.pyc
   from /tmp/pip-uninstall-30rrqvv5/ao/nn/intrinsic/quantized/dynamic/__pycache__/__init__.cpython-310.pyc
  Moving to /share/home/yuan/.conda/envs/mi_torch_cu118/lib/python3.10/site-packages/torch/ao/nn/intrinsic/quantized/dynamic/modules/__init__.py
   from /tmp/pip-uninstall-30rrqvv5/ao/nn/intrinsic/quantized/dynamic/modules/__init__.py
  Moving to /share/home/yuan/.conda/envs/mi_torch_cu118/lib/python3.10/site-packages/torch/ao/nn/intrinsic/quantized/dynamic/modules/__pycache__/__init__.cpython-310.pyc
   from /tmp/pip-uninstall-30rrqvv5/ao/nn/intrinsic/quantized/dynamic/modules/__pycache__/__init__.cpython-310.pyc
  Moving to /share/home/yuan/.conda/envs/mi_torch_cu118/lib/python3.10/site-packages/torch/ao/nn/intrinsic/quantized/dynamic/modules/__pycache__/linear_relu.cpython-310.pyc
   from /tmp/pip-uninstall-30rrqvv5/ao/nn/intrinsic/quantized/dynamic/modules/__pycache__/linear_relu.cpython-310.pyc
  Moving to /share/home/yuan/.conda/envs/mi_torch_cu118/lib/python3.10/site-packages/torch/ao/nn/intrinsic/quantized/dynamic/modules/linear_relu.py
   from /tmp/pip-uninstall-30rrqvv5/ao/nn/intrinsic/quantized/dynamic/modules/linear_relu.py
  Moving to /share/home/yuan/.conda/envs/mi_torch_cu118/lib/python3.10/site-packages/torch/ao/nn/intrinsic/quantized/modules/__init__.py
   from /tmp/pip-uninstall-30rrqvv5/ao/nn/intrinsic/quantized/modules/__init__.py
  Moving to /share/home/yuan/.conda/envs/mi_torch_cu118/lib/python3.10/site-packages/torch/ao/nn/intrinsic/quantized/modules/__pycache__/__init__.cpython-310.pyc
   from /tmp/pip-uninstall-30rrqvv5/ao/nn/intrinsic/quantized/modules/__pycache__/__init__.cpython-310.pyc
  Moving to /share/home/yuan/.conda/envs/mi_torch_cu118/lib/python3.10/site-packages/torch/ao/nn/intrinsic/quantized/modules/__pycache__/bn_relu.cpython-310.pyc
   from /tmp/pip-uninstall-30rrqvv5/ao/nn/intrinsic/quantized/modules/__pycache__/bn_relu.cpython-310.pyc
  Moving to /share/home/yuan/.conda/envs/mi_torch_cu118/lib/python3.10/site-packages/torch/ao/nn/intrinsic/quantized/modules/__pycache__/conv_add.cpython-310.pyc
   from /tmp/pip-uninstall-30rrqvv5/ao/nn/intrinsic/quantized/modules/__pycache__/conv_add.cpython-310.pyc
  Moving to /share/home/yuan/.conda/envs/mi_torch_cu118/lib/python3.10/site-packages/torch/ao/nn/intrinsic/quantized/modules/__pycache__/conv_relu.cpython-310.pyc
   from /tmp/pip-uninstall-30rrqvv5/ao/nn/intrinsic/quantized/modules/__pycache__/conv_relu.cpython-310.pyc
  Moving to /share/home/yuan/.conda/envs/mi_torch_cu118/lib/python3.10/site-packages/torch/ao/nn/intrinsic/quantized/modules/__pycache__/linear_relu.cpython-310.pyc
   from /tmp/pip-uninstall-30rrqvv5/ao/nn/intrinsic/quantized/modules/__pycache__/linear_relu.cpython-310.pyc
  Moving to /share/home/yuan/.conda/envs/mi_torch_cu118/lib/python3.10/site-packages/torch/ao/nn/intrinsic/quantized/modules/bn_relu.py
   from /tmp/pip-uninstall-30rrqvv5/ao/nn/intrinsic/quantized/modules/bn_relu.py
  Moving to /share/home/yuan/.conda/envs/mi_torch_cu118/lib/python3.10/site-packages/torch/ao/nn/intrinsic/quantized/modules/conv_add.py
   from /tmp/pip-uninstall-30rrqvv5/ao/nn/intrinsic/quantized/modules/conv_add.py
  Moving to /share/home/yuan/.conda/envs/mi_torch_cu118/lib/python3.10/site-packages/torch/ao/nn/intrinsic/quantized/modules/conv_relu.py
   from /tmp/pip-uninstall-30rrqvv5/ao/nn/intrinsic/quantized/modules/conv_relu.py
  Moving to /share/home/yuan/.conda/envs/mi_torch_cu118/lib/python3.10/site-packages/torch/ao/nn/intrinsic/quantized/modules/linear_relu.py
   from /tmp/pip-uninstall-30rrqvv5/ao/nn/intrinsic/quantized/modules/linear_relu.py
  Moving to /share/home/yuan/.conda/envs/mi_torch_cu118/lib/python3.10/site-packages/torch/ao/nn/qat/__init__.py
   from /tmp/pip-uninstall-30rrqvv5/ao/nn/qat/__init__.py
  Moving to /share/home/yuan/.conda/envs/mi_torch_cu118/lib/python3.10/site-packages/torch/ao/nn/qat/__pycache__/__init__.cpython-310.pyc
   from /tmp/pip-uninstall-30rrqvv5/ao/nn/qat/__pycache__/__init__.cpython-310.pyc
  Moving to /share/home/yuan/.conda/envs/mi_torch_cu118/lib/python3.10/site-packages/torch/ao/nn/qat/dynamic/__init__.py
   from /tmp/pip-uninstall-30rrqvv5/ao/nn/qat/dynamic/__init__.py
  Moving to /share/home/yuan/.conda/envs/mi_torch_cu118/lib/python3.10/site-packages/torch/ao/nn/qat/dynamic/__pycache__/__init__.cpython-310.pyc
   from /tmp/pip-uninstall-30rrqvv5/ao/nn/qat/dynamic/__pycache__/__init__.cpython-310.pyc
  Moving to /share/home/yuan/.conda/envs/mi_torch_cu118/lib/python3.10/site-packages/torch/ao/nn/qat/dynamic/modules/__init__.py
   from /tmp/pip-uninstall-30rrqvv5/ao/nn/qat/dynamic/modules/__init__.py
  Moving to /share/home/yuan/.conda/envs/mi_torch_cu118/lib/python3.10/site-packages/torch/ao/nn/qat/dynamic/modules/__pycache__/__init__.cpython-310.pyc
   from /tmp/pip-uninstall-30rrqvv5/ao/nn/qat/dynamic/modules/__pycache__/__init__.cpython-310.pyc
  Moving to /share/home/yuan/.conda/envs/mi_torch_cu118/lib/python3.10/site-packages/torch/ao/nn/qat/dynamic/modules/__pycache__/linear.cpython-310.pyc
   from /tmp/pip-uninstall-30rrqvv5/ao/nn/qat/dynamic/modules/__pycache__/linear.cpython-310.pyc
  Moving to /share/home/yuan/.conda/envs/mi_torch_cu118/lib/python3.10/site-packages/torch/ao/nn/qat/dynamic/modules/linear.py
   from /tmp/pip-uninstall-30rrqvv5/ao/nn/qat/dynamic/modules/linear.py
  Moving to /share/home/yuan/.conda/envs/mi_torch_cu118/lib/python3.10/site-packages/torch/ao/nn/qat/modules/__init__.py
   from /tmp/pip-uninstall-30rrqvv5/ao/nn/qat/modules/__init__.py
  Moving to /share/home/yuan/.conda/envs/mi_torch_cu118/lib/python3.10/site-packages/torch/ao/nn/qat/modules/__pycache__/__init__.cpython-310.pyc
   from /tmp/pip-uninstall-30rrqvv5/ao/nn/qat/modules/__pycache__/__init__.cpython-310.pyc
  Moving to /share/home/yuan/.conda/envs/mi_torch_cu118/lib/python3.10/site-packages/torch/ao/nn/qat/modules/__pycache__/conv.cpython-310.pyc
   from /tmp/pip-uninstall-30rrqvv5/ao/nn/qat/modules/__pycache__/conv.cpython-310.pyc
  Moving to /share/home/yuan/.conda/envs/mi_torch_cu118/lib/python3.10/site-packages/torch/ao/nn/qat/modules/__pycache__/embedding_ops.cpython-310.pyc
   from /tmp/pip-uninstall-30rrqvv5/ao/nn/qat/modules/__pycache__/embedding_ops.cpython-310.pyc
  Moving to /share/home/yuan/.conda/envs/mi_torch_cu118/lib/python3.10/site-packages/torch/ao/nn/qat/modules/__pycache__/linear.cpython-310.pyc
   from /tmp/pip-uninstall-30rrqvv5/ao/nn/qat/modules/__pycache__/linear.cpython-310.pyc
  Moving to /share/home/yuan/.conda/envs/mi_torch_cu118/lib/python3.10/site-packages/torch/ao/nn/qat/modules/conv.py
   from /tmp/pip-uninstall-30rrqvv5/ao/nn/qat/modules/conv.py
  Moving to /share/home/yuan/.conda/envs/mi_torch_cu118/lib/python3.10/site-packages/torch/ao/nn/qat/modules/embedding_ops.py
   from /tmp/pip-uninstall-30rrqvv5/ao/nn/qat/modules/embedding_ops.py
  Moving to /share/home/yuan/.conda/envs/mi_torch_cu118/lib/python3.10/site-packages/torch/ao/nn/qat/modules/linear.py
   from /tmp/pip-uninstall-30rrqvv5/ao/nn/qat/modules/linear.py
  Moving to /share/home/yuan/.conda/envs/mi_torch_cu118/lib/python3.10/site-packages/torch/ao/nn/quantizable/__init__.py
   from /tmp/pip-uninstall-30rrqvv5/ao/nn/quantizable/__init__.py
  Moving to /share/home/yuan/.conda/envs/mi_torch_cu118/lib/python3.10/site-packages/torch/ao/nn/quantizable/__pycache__/__init__.cpython-310.pyc
   from /tmp/pip-uninstall-30rrqvv5/ao/nn/quantizable/__pycache__/__init__.cpython-310.pyc
  Moving to /share/home/yuan/.conda/envs/mi_torch_cu118/lib/python3.10/site-packages/torch/ao/nn/quantizable/modules/__init__.py
   from /tmp/pip-uninstall-30rrqvv5/ao/nn/quantizable/modules/__init__.py
  Moving to /share/home/yuan/.conda/envs/mi_torch_cu118/lib/python3.10/site-packages/torch/ao/nn/quantizable/modules/__pycache__/__init__.cpython-310.pyc
   from /tmp/pip-uninstall-30rrqvv5/ao/nn/quantizable/modules/__pycache__/__init__.cpython-310.pyc
  Moving to /share/home/yuan/.conda/envs/mi_torch_cu118/lib/python3.10/site-packages/torch/ao/nn/quantizable/modules/__pycache__/activation.cpython-310.pyc
   from /tmp/pip-uninstall-30rrqvv5/ao/nn/quantizable/modules/__pycache__/activation.cpython-310.pyc
  Moving to /share/home/yuan/.conda/envs/mi_torch_cu118/lib/python3.10/site-packages/torch/ao/nn/quantizable/modules/__pycache__/rnn.cpython-310.pyc
   from /tmp/pip-uninstall-30rrqvv5/ao/nn/quantizable/modules/__pycache__/rnn.cpython-310.pyc
  Moving to /share/home/yuan/.conda/envs/mi_torch_cu118/lib/python3.10/site-packages/torch/ao/nn/quantizable/modules/activation.py
   from /tmp/pip-uninstall-30rrqvv5/ao/nn/quantizable/modules/activation.py
  Moving to /share/home/yuan/.conda/envs/mi_torch_cu118/lib/python3.10/site-packages/torch/ao/nn/quantizable/modules/rnn.py
   from /tmp/pip-uninstall-30rrqvv5/ao/nn/quantizable/modules/rnn.py
  Moving to /share/home/yuan/.conda/envs/mi_torch_cu118/lib/python3.10/site-packages/torch/ao/nn/quantized/__init__.py
   from /tmp/pip-uninstall-30rrqvv5/ao/nn/quantized/__init__.py
  Moving to /share/home/yuan/.conda/envs/mi_torch_cu118/lib/python3.10/site-packages/torch/ao/nn/quantized/__pycache__/__init__.cpython-310.pyc
   from /tmp/pip-uninstall-30rrqvv5/ao/nn/quantized/__pycache__/__init__.cpython-310.pyc
  Moving to /share/home/yuan/.conda/envs/mi_torch_cu118/lib/python3.10/site-packages/torch/ao/nn/quantized/__pycache__/functional.cpython-310.pyc
   from /tmp/pip-uninstall-30rrqvv5/ao/nn/quantized/__pycache__/functional.cpython-310.pyc
  Moving to /share/home/yuan/.conda/envs/mi_torch_cu118/lib/python3.10/site-packages/torch/ao/nn/quantized/dynamic/__init__.py
   from /tmp/pip-uninstall-30rrqvv5/ao/nn/quantized/dynamic/__init__.py
  Moving to /share/home/yuan/.conda/envs/mi_torch_cu118/lib/python3.10/site-packages/torch/ao/nn/quantized/dynamic/__pycache__/__init__.cpython-310.pyc
   from /tmp/pip-uninstall-30rrqvv5/ao/nn/quantized/dynamic/__pycache__/__init__.cpython-310.pyc
  Moving to /share/home/yuan/.conda/envs/mi_torch_cu118/lib/python3.10/site-packages/torch/ao/nn/quantized/dynamic/modules/__init__.py
   from /tmp/pip-uninstall-30rrqvv5/ao/nn/quantized/dynamic/modules/__init__.py
  Moving to /share/home/yuan/.conda/envs/mi_torch_cu118/lib/python3.10/site-packages/torch/ao/nn/quantized/dynamic/modules/__pycache__/__init__.cpython-310.pyc
   from /tmp/pip-uninstall-30rrqvv5/ao/nn/quantized/dynamic/modules/__pycache__/__init__.cpython-310.pyc
  Moving to /share/home/yuan/.conda/envs/mi_torch_cu118/lib/python3.10/site-packages/torch/ao/nn/quantized/dynamic/modules/__pycache__/conv.cpython-310.pyc
   from /tmp/pip-uninstall-30rrqvv5/ao/nn/quantized/dynamic/modules/__pycache__/conv.cpython-310.pyc
  Moving to /share/home/yuan/.conda/envs/mi_torch_cu118/lib/python3.10/site-packages/torch/ao/nn/quantized/dynamic/modules/__pycache__/linear.cpython-310.pyc
   from /tmp/pip-uninstall-30rrqvv5/ao/nn/quantized/dynamic/modules/__pycache__/linear.cpython-310.pyc
  Moving to /share/home/yuan/.conda/envs/mi_torch_cu118/lib/python3.10/site-packages/torch/ao/nn/quantized/dynamic/modules/__pycache__/rnn.cpython-310.pyc
   from /tmp/pip-uninstall-30rrqvv5/ao/nn/quantized/dynamic/modules/__pycache__/rnn.cpython-310.pyc
  Moving to /share/home/yuan/.conda/envs/mi_torch_cu118/lib/python3.10/site-packages/torch/ao/nn/quantized/dynamic/modules/conv.py
   from /tmp/pip-uninstall-30rrqvv5/ao/nn/quantized/dynamic/modules/conv.py
  Moving to /share/home/yuan/.conda/envs/mi_torch_cu118/lib/python3.10/site-packages/torch/ao/nn/quantized/dynamic/modules/linear.py
   from /tmp/pip-uninstall-30rrqvv5/ao/nn/quantized/dynamic/modules/linear.py
  Moving to /share/home/yuan/.conda/envs/mi_torch_cu118/lib/python3.10/site-packages/torch/ao/nn/quantized/dynamic/modules/rnn.py
   from /tmp/pip-uninstall-30rrqvv5/ao/nn/quantized/dynamic/modules/rnn.py
  Moving to /share/home/yuan/.conda/envs/mi_torch_cu118/lib/python3.10/site-packages/torch/ao/nn/quantized/functional.py
   from /tmp/pip-uninstall-30rrqvv5/ao/nn/quantized/functional.py
  Moving to /share/home/yuan/.conda/envs/mi_torch_cu118/lib/python3.10/site-packages/torch/ao/nn/quantized/modules/__init__.py
   from /tmp/pip-uninstall-30rrqvv5/ao/nn/quantized/modules/__init__.py
  Moving to /share/home/yuan/.conda/envs/mi_torch_cu118/lib/python3.10/site-packages/torch/ao/nn/quantized/modules/__pycache__/__init__.cpython-310.pyc
   from /tmp/pip-uninstall-30rrqvv5/ao/nn/quantized/modules/__pycache__/__init__.cpython-310.pyc
  Moving to /share/home/yuan/.conda/envs/mi_torch_cu118/lib/python3.10/site-packages/torch/ao/nn/quantized/modules/__pycache__/activation.cpython-310.pyc
   from /tmp/pip-uninstall-30rrqvv5/ao/nn/quantized/modules/__pycache__/activation.cpython-310.pyc
  Moving to /share/home/yuan/.conda/envs/mi_torch_cu118/lib/python3.10/site-packages/torch/ao/nn/quantized/modules/__pycache__/batchnorm.cpython-310.pyc
   from /tmp/pip-uninstall-30rrqvv5/ao/nn/quantized/modules/__pycache__/batchnorm.cpython-310.pyc
  Moving to /share/home/yuan/.conda/envs/mi_torch_cu118/lib/python3.10/site-packages/torch/ao/nn/quantized/modules/__pycache__/conv.cpython-310.pyc
   from /tmp/pip-uninstall-30rrqvv5/ao/nn/quantized/modules/__pycache__/conv.cpython-310.pyc
  Moving to /share/home/yuan/.conda/envs/mi_torch_cu118/lib/python3.10/site-packages/torch/ao/nn/quantized/modules/__pycache__/dropout.cpython-310.pyc
   from /tmp/pip-uninstall-30rrqvv5/ao/nn/quantized/modules/__pycache__/dropout.cpython-310.pyc
  Moving to /share/home/yuan/.conda/envs/mi_torch_cu118/lib/python3.10/site-packages/torch/ao/nn/quantized/modules/__pycache__/embedding_ops.cpython-310.pyc
   from /tmp/pip-uninstall-30rrqvv5/ao/nn/quantized/modules/__pycache__/embedding_ops.cpython-310.pyc
  Moving to /share/home/yuan/.conda/envs/mi_torch_cu118/lib/python3.10/site-packages/torch/ao/nn/quantized/modules/__pycache__/functional_modules.cpython-310.pyc
   from /tmp/pip-uninstall-30rrqvv5/ao/nn/quantized/modules/__pycache__/functional_modules.cpython-310.pyc
  Moving to /share/home/yuan/.conda/envs/mi_torch_cu118/lib/python3.10/site-packages/torch/ao/nn/quantized/modules/__pycache__/linear.cpython-310.pyc
   from /tmp/pip-uninstall-30rrqvv5/ao/nn/quantized/modules/__pycache__/linear.cpython-310.pyc
  Moving to /share/home/yuan/.conda/envs/mi_torch_cu118/lib/python3.10/site-packages/torch/ao/nn/quantized/modules/__pycache__/normalization.cpython-310.pyc
   from /tmp/pip-uninstall-30rrqvv5/ao/nn/quantized/modules/__pycache__/normalization.cpython-310.pyc
  Moving to /share/home/yuan/.conda/envs/mi_torch_cu118/lib/python3.10/site-packages/torch/ao/nn/quantized/modules/__pycache__/rnn.cpython-310.pyc
   from /tmp/pip-uninstall-30rrqvv5/ao/nn/quantized/modules/__pycache__/rnn.cpython-310.pyc
  Moving to /share/home/yuan/.conda/envs/mi_torch_cu118/lib/python3.10/site-packages/torch/ao/nn/quantized/modules/__pycache__/utils.cpython-310.pyc
   from /tmp/pip-uninstall-30rrqvv5/ao/nn/quantized/modules/__pycache__/utils.cpython-310.pyc
  Moving to /share/home/yuan/.conda/envs/mi_torch_cu118/lib/python3.10/site-packages/torch/ao/nn/quantized/modules/activation.py
   from /tmp/pip-uninstall-30rrqvv5/ao/nn/quantized/modules/activation.py
  Moving to /share/home/yuan/.conda/envs/mi_torch_cu118/lib/python3.10/site-packages/torch/ao/nn/quantized/modules/batchnorm.py
   from /tmp/pip-uninstall-30rrqvv5/ao/nn/quantized/modules/batchnorm.py
  Moving to /share/home/yuan/.conda/envs/mi_torch_cu118/lib/python3.10/site-packages/torch/ao/nn/quantized/modules/conv.py
   from /tmp/pip-uninstall-30rrqvv5/ao/nn/quantized/modules/conv.py
  Moving to /share/home/yuan/.conda/envs/mi_torch_cu118/lib/python3.10/site-packages/torch/ao/nn/quantized/modules/dropout.py
   from /tmp/pip-uninstall-30rrqvv5/ao/nn/quantized/modules/dropout.py
  Moving to /share/home/yuan/.conda/envs/mi_torch_cu118/lib/python3.10/site-packages/torch/ao/nn/quantized/modules/embedding_ops.py
   from /tmp/pip-uninstall-30rrqvv5/ao/nn/quantized/modules/embedding_ops.py
  Moving to /share/home/yuan/.conda/envs/mi_torch_cu118/lib/python3.10/site-packages/torch/ao/nn/quantized/modules/functional_modules.py
   from /tmp/pip-uninstall-30rrqvv5/ao/nn/quantized/modules/functional_modules.py
  Moving to /share/home/yuan/.conda/envs/mi_torch_cu118/lib/python3.10/site-packages/torch/ao/nn/quantized/modules/linear.py
   from /tmp/pip-uninstall-30rrqvv5/ao/nn/quantized/modules/linear.py
  Moving to /share/home/yuan/.conda/envs/mi_torch_cu118/lib/python3.10/site-packages/torch/ao/nn/quantized/modules/normalization.py
   from /tmp/pip-uninstall-30rrqvv5/ao/nn/quantized/modules/normalization.py
  Moving to /share/home/yuan/.conda/envs/mi_torch_cu118/lib/python3.10/site-packages/torch/ao/nn/quantized/modules/rnn.py
   from /tmp/pip-uninstall-30rrqvv5/ao/nn/quantized/modules/rnn.py
  Moving to /share/home/yuan/.conda/envs/mi_torch_cu118/lib/python3.10/site-packages/torch/ao/nn/quantized/modules/utils.py
   from /tmp/pip-uninstall-30rrqvv5/ao/nn/quantized/modules/utils.py
  Moving to /share/home/yuan/.conda/envs/mi_torch_cu118/lib/python3.10/site-packages/torch/ao/nn/quantized/reference/__init__.py
   from /tmp/pip-uninstall-30rrqvv5/ao/nn/quantized/reference/__init__.py
  Moving to /share/home/yuan/.conda/envs/mi_torch_cu118/lib/python3.10/site-packages/torch/ao/nn/quantized/reference/__pycache__/__init__.cpython-310.pyc
   from /tmp/pip-uninstall-30rrqvv5/ao/nn/quantized/reference/__pycache__/__init__.cpython-310.pyc
  Moving to /share/home/yuan/.conda/envs/mi_torch_cu118/lib/python3.10/site-packages/torch/ao/nn/quantized/reference/modules/__init__.py
   from /tmp/pip-uninstall-30rrqvv5/ao/nn/quantized/reference/modules/__init__.py
  Moving to /share/home/yuan/.conda/envs/mi_torch_cu118/lib/python3.10/site-packages/torch/ao/nn/quantized/reference/modules/__pycache__/__init__.cpython-310.pyc
   from /tmp/pip-uninstall-30rrqvv5/ao/nn/quantized/reference/modules/__pycache__/__init__.cpython-310.pyc
  Moving to /share/home/yuan/.conda/envs/mi_torch_cu118/lib/python3.10/site-packages/torch/ao/nn/quantized/reference/modules/__pycache__/conv.cpython-310.pyc
   from /tmp/pip-uninstall-30rrqvv5/ao/nn/quantized/reference/modules/__pycache__/conv.cpython-310.pyc
  Moving to /share/home/yuan/.conda/envs/mi_torch_cu118/lib/python3.10/site-packages/torch/ao/nn/quantized/reference/modules/__pycache__/linear.cpython-310.pyc
   from /tmp/pip-uninstall-30rrqvv5/ao/nn/quantized/reference/modules/__pycache__/linear.cpython-310.pyc
  Moving to /share/home/yuan/.conda/envs/mi_torch_cu118/lib/python3.10/site-packages/torch/ao/nn/quantized/reference/modules/__pycache__/rnn.cpython-310.pyc
   from /tmp/pip-uninstall-30rrqvv5/ao/nn/quantized/reference/modules/__pycache__/rnn.cpython-310.pyc
  Moving to /share/home/yuan/.conda/envs/mi_torch_cu118/lib/python3.10/site-packages/torch/ao/nn/quantized/reference/modules/__pycache__/sparse.cpython-310.pyc
   from /tmp/pip-uninstall-30rrqvv5/ao/nn/quantized/reference/modules/__pycache__/sparse.cpython-310.pyc
  Moving to /share/home/yuan/.conda/envs/mi_torch_cu118/lib/python3.10/site-packages/torch/ao/nn/quantized/reference/modules/__pycache__/utils.cpython-310.pyc
   from /tmp/pip-uninstall-30rrqvv5/ao/nn/quantized/reference/modules/__pycache__/utils.cpython-310.pyc
  Moving to /share/home/yuan/.conda/envs/mi_torch_cu118/lib/python3.10/site-packages/torch/ao/nn/quantized/reference/modules/conv.py
   from /tmp/pip-uninstall-30rrqvv5/ao/nn/quantized/reference/modules/conv.py
  Moving to /share/home/yuan/.conda/envs/mi_torch_cu118/lib/python3.10/site-packages/torch/ao/nn/quantized/reference/modules/linear.py
   from /tmp/pip-uninstall-30rrqvv5/ao/nn/quantized/reference/modules/linear.py
  Moving to /share/home/yuan/.conda/envs/mi_torch_cu118/lib/python3.10/site-packages/torch/ao/nn/quantized/reference/modules/rnn.py
   from /tmp/pip-uninstall-30rrqvv5/ao/nn/quantized/reference/modules/rnn.py
  Moving to /share/home/yuan/.conda/envs/mi_torch_cu118/lib/python3.10/site-packages/torch/ao/nn/quantized/reference/modules/sparse.py
   from /tmp/pip-uninstall-30rrqvv5/ao/nn/quantized/reference/modules/sparse.py
  Moving to /share/home/yuan/.conda/envs/mi_torch_cu118/lib/python3.10/site-packages/torch/ao/nn/quantized/reference/modules/utils.py
   from /tmp/pip-uninstall-30rrqvv5/ao/nn/quantized/reference/modules/utils.py
  Moving to /share/home/yuan/.conda/envs/mi_torch_cu118/lib/python3.10/site-packages/torch/ao/nn/sparse/__init__.py
   from /tmp/pip-uninstall-30rrqvv5/ao/nn/sparse/__init__.py
  Moving to /share/home/yuan/.conda/envs/mi_torch_cu118/lib/python3.10/site-packages/torch/ao/nn/sparse/__pycache__/__init__.cpython-310.pyc
   from /tmp/pip-uninstall-30rrqvv5/ao/nn/sparse/__pycache__/__init__.cpython-310.pyc
  Moving to /share/home/yuan/.conda/envs/mi_torch_cu118/lib/python3.10/site-packages/torch/ao/nn/sparse/quantized/__init__.py
   from /tmp/pip-uninstall-30rrqvv5/ao/nn/sparse/quantized/__init__.py
  Moving to /share/home/yuan/.conda/envs/mi_torch_cu118/lib/python3.10/site-packages/torch/ao/nn/sparse/quantized/__pycache__/__init__.cpython-310.pyc
   from /tmp/pip-uninstall-30rrqvv5/ao/nn/sparse/quantized/__pycache__/__init__.cpython-310.pyc
  Moving to /share/home/yuan/.conda/envs/mi_torch_cu118/lib/python3.10/site-packages/torch/ao/nn/sparse/quantized/__pycache__/linear.cpython-310.pyc
   from /tmp/pip-uninstall-30rrqvv5/ao/nn/sparse/quantized/__pycache__/linear.cpython-310.pyc
  Moving to /share/home/yuan/.conda/envs/mi_torch_cu118/lib/python3.10/site-packages/torch/ao/nn/sparse/quantized/__pycache__/utils.cpython-310.pyc
   from /tmp/pip-uninstall-30rrqvv5/ao/nn/sparse/quantized/__pycache__/utils.cpython-310.pyc
  Moving to /share/home/yuan/.conda/envs/mi_torch_cu118/lib/python3.10/site-packages/torch/ao/nn/sparse/quantized/dynamic/__init__.py
   from /tmp/pip-uninstall-30rrqvv5/ao/nn/sparse/quantized/dynamic/__init__.py
  Moving to /share/home/yuan/.conda/envs/mi_torch_cu118/lib/python3.10/site-packages/torch/ao/nn/sparse/quantized/dynamic/__pycache__/__init__.cpython-310.pyc
   from /tmp/pip-uninstall-30rrqvv5/ao/nn/sparse/quantized/dynamic/__pycache__/__init__.cpython-310.pyc
  Moving to /share/home/yuan/.conda/envs/mi_torch_cu118/lib/python3.10/site-packages/torch/ao/nn/sparse/quantized/dynamic/__pycache__/linear.cpython-310.pyc
   from /tmp/pip-uninstall-30rrqvv5/ao/nn/sparse/quantized/dynamic/__pycache__/linear.cpython-310.pyc
  Moving to /share/home/yuan/.conda/envs/mi_torch_cu118/lib/python3.10/site-packages/torch/ao/nn/sparse/quantized/dynamic/linear.py
   from /tmp/pip-uninstall-30rrqvv5/ao/nn/sparse/quantized/dynamic/linear.py
  Moving to /share/home/yuan/.conda/envs/mi_torch_cu118/lib/python3.10/site-packages/torch/ao/nn/sparse/quantized/linear.py
   from /tmp/pip-uninstall-30rrqvv5/ao/nn/sparse/quantized/linear.py
  Moving to /share/home/yuan/.conda/envs/mi_torch_cu118/lib/python3.10/site-packages/torch/ao/nn/sparse/quantized/utils.py
   from /tmp/pip-uninstall-30rrqvv5/ao/nn/sparse/quantized/utils.py
  Moving to /share/home/yuan/.conda/envs/mi_torch_cu118/lib/python3.10/site-packages/torch/ao/ns/__init__.py
   from /tmp/pip-uninstall-30rrqvv5/ao/ns/__init__.py
  Moving to /share/home/yuan/.conda/envs/mi_torch_cu118/lib/python3.10/site-packages/torch/ao/ns/__pycache__/__init__.cpython-310.pyc
   from /tmp/pip-uninstall-30rrqvv5/ao/ns/__pycache__/__init__.cpython-310.pyc
  Moving to /share/home/yuan/.conda/envs/mi_torch_cu118/lib/python3.10/site-packages/torch/ao/ns/__pycache__/_numeric_suite.cpython-310.pyc
   from /tmp/pip-uninstall-30rrqvv5/ao/ns/__pycache__/_numeric_suite.cpython-310.pyc
  Moving to /share/home/yuan/.conda/envs/mi_torch_cu118/lib/python3.10/site-packages/torch/ao/ns/__pycache__/_numeric_suite_fx.cpython-310.pyc
   from /tmp/pip-uninstall-30rrqvv5/ao/ns/__pycache__/_numeric_suite_fx.cpython-310.pyc
  Moving to /share/home/yuan/.conda/envs/mi_torch_cu118/lib/python3.10/site-packages/torch/ao/ns/_numeric_suite.py
   from /tmp/pip-uninstall-30rrqvv5/ao/ns/_numeric_suite.py
  Moving to /share/home/yuan/.conda/envs/mi_torch_cu118/lib/python3.10/site-packages/torch/ao/ns/_numeric_suite_fx.py
   from /tmp/pip-uninstall-30rrqvv5/ao/ns/_numeric_suite_fx.py
  Moving to /share/home/yuan/.conda/envs/mi_torch_cu118/lib/python3.10/site-packages/torch/ao/ns/fx/__init__.py
   from /tmp/pip-uninstall-30rrqvv5/ao/ns/fx/__init__.py
  Moving to /share/home/yuan/.conda/envs/mi_torch_cu118/lib/python3.10/site-packages/torch/ao/ns/fx/__pycache__/__init__.cpython-310.pyc
   from /tmp/pip-uninstall-30rrqvv5/ao/ns/fx/__pycache__/__init__.cpython-310.pyc
  Moving to /share/home/yuan/.conda/envs/mi_torch_cu118/lib/python3.10/site-packages/torch/ao/ns/fx/__pycache__/graph_matcher.cpython-310.pyc
   from /tmp/pip-uninstall-30rrqvv5/ao/ns/fx/__pycache__/graph_matcher.cpython-310.pyc
  Moving to /share/home/yuan/.conda/envs/mi_torch_cu118/lib/python3.10/site-packages/torch/ao/ns/fx/__pycache__/graph_passes.cpython-310.pyc
   from /tmp/pip-uninstall-30rrqvv5/ao/ns/fx/__pycache__/graph_passes.cpython-310.pyc
  Moving to /share/home/yuan/.conda/envs/mi_torch_cu118/lib/python3.10/site-packages/torch/ao/ns/fx/__pycache__/mappings.cpython-310.pyc
   from /tmp/pip-uninstall-30rrqvv5/ao/ns/fx/__pycache__/mappings.cpython-310.pyc
  Moving to /share/home/yuan/.conda/envs/mi_torch_cu118/lib/python3.10/site-packages/torch/ao/ns/fx/__pycache__/n_shadows_utils.cpython-310.pyc
   from /tmp/pip-uninstall-30rrqvv5/ao/ns/fx/__pycache__/n_shadows_utils.cpython-310.pyc
  Moving to /share/home/yuan/.conda/envs/mi_torch_cu118/lib/python3.10/site-packages/torch/ao/ns/fx/__pycache__/ns_types.cpython-310.pyc
   from /tmp/pip-uninstall-30rrqvv5/ao/ns/fx/__pycache__/ns_types.cpython-310.pyc
  Moving to /share/home/yuan/.conda/envs/mi_torch_cu118/lib/python3.10/site-packages/torch/ao/ns/fx/__pycache__/pattern_utils.cpython-310.pyc
   from /tmp/pip-uninstall-30rrqvv5/ao/ns/fx/__pycache__/pattern_utils.cpython-310.pyc
  Moving to /share/home/yuan/.conda/envs/mi_torch_cu118/lib/python3.10/site-packages/torch/ao/ns/fx/__pycache__/qconfig_multi_mapping.cpython-310.pyc
   from /tmp/pip-uninstall-30rrqvv5/ao/ns/fx/__pycache__/qconfig_multi_mapping.cpython-310.pyc
  Moving to /share/home/yuan/.conda/envs/mi_torch_cu118/lib/python3.10/site-packages/torch/ao/ns/fx/__pycache__/utils.cpython-310.pyc
   from /tmp/pip-uninstall-30rrqvv5/ao/ns/fx/__pycache__/utils.cpython-310.pyc
  Moving to /share/home/yuan/.conda/envs/mi_torch_cu118/lib/python3.10/site-packages/torch/ao/ns/fx/__pycache__/weight_utils.cpython-310.pyc
   from /tmp/pip-uninstall-30rrqvv5/ao/ns/fx/__pycache__/weight_utils.cpython-310.pyc
  Moving to /share/home/yuan/.conda/envs/mi_torch_cu118/lib/python3.10/site-packages/torch/ao/ns/fx/graph_matcher.py
   from /tmp/pip-uninstall-30rrqvv5/ao/ns/fx/graph_matcher.py
  Moving to /share/home/yuan/.conda/envs/mi_torch_cu118/lib/python3.10/site-packages/torch/ao/ns/fx/graph_passes.py
   from /tmp/pip-uninstall-30rrqvv5/ao/ns/fx/graph_passes.py
  Moving to /share/home/yuan/.conda/envs/mi_torch_cu118/lib/python3.10/site-packages/torch/ao/ns/fx/mappings.py
   from /tmp/pip-uninstall-30rrqvv5/ao/ns/fx/mappings.py
  Moving to /share/home/yuan/.conda/envs/mi_torch_cu118/lib/python3.10/site-packages/torch/ao/ns/fx/n_shadows_utils.py
   from /tmp/pip-uninstall-30rrqvv5/ao/ns/fx/n_shadows_utils.py
  Moving to /share/home/yuan/.conda/envs/mi_torch_cu118/lib/python3.10/site-packages/torch/ao/ns/fx/ns_types.py
   from /tmp/pip-uninstall-30rrqvv5/ao/ns/fx/ns_types.py
  Moving to /share/home/yuan/.conda/envs/mi_torch_cu118/lib/python3.10/site-packages/torch/ao/ns/fx/pattern_utils.py
   from /tmp/pip-uninstall-30rrqvv5/ao/ns/fx/pattern_utils.py
  Moving to /share/home/yuan/.conda/envs/mi_torch_cu118/lib/python3.10/site-packages/torch/ao/ns/fx/qconfig_multi_mapping.py
   from /tmp/pip-uninstall-30rrqvv5/ao/ns/fx/qconfig_multi_mapping.py
  Moving to /share/home/yuan/.conda/envs/mi_torch_cu118/lib/python3.10/site-packages/torch/ao/ns/fx/utils.py
   from /tmp/pip-uninstall-30rrqvv5/ao/ns/fx/utils.py
  Moving to /share/home/yuan/.conda/envs/mi_torch_cu118/lib/python3.10/site-packages/torch/ao/ns/fx/weight_utils.py
   from /tmp/pip-uninstall-30rrqvv5/ao/ns/fx/weight_utils.py
  Moving to /share/home/yuan/.conda/envs/mi_torch_cu118/lib/python3.10/site-packages/torch/ao/pruning/__init__.py
   from /tmp/pip-uninstall-30rrqvv5/ao/pruning/__init__.py
  Moving to /share/home/yuan/.conda/envs/mi_torch_cu118/lib/python3.10/site-packages/torch/ao/pruning/__pycache__/__init__.cpython-310.pyc
   from /tmp/pip-uninstall-30rrqvv5/ao/pruning/__pycache__/__init__.cpython-310.pyc
  Moving to /share/home/yuan/.conda/envs/mi_torch_cu118/lib/python3.10/site-packages/torch/ao/pruning/__pycache__/_mappings.cpython-310.pyc
   from /tmp/pip-uninstall-30rrqvv5/ao/pruning/__pycache__/_mappings.cpython-310.pyc
  Moving to /share/home/yuan/.conda/envs/mi_torch_cu118/lib/python3.10/site-packages/torch/ao/pruning/_experimental/__init__.py
   from /tmp/pip-uninstall-30rrqvv5/ao/pruning/_experimental/__init__.py
  Moving to /share/home/yuan/.conda/envs/mi_torch_cu118/lib/python3.10/site-packages/torch/ao/pruning/_experimental/__pycache__/__init__.cpython-310.pyc
   from /tmp/pip-uninstall-30rrqvv5/ao/pruning/_experimental/__pycache__/__init__.cpython-310.pyc
  Moving to /share/home/yuan/.conda/envs/mi_torch_cu118/lib/python3.10/site-packages/torch/ao/pruning/_experimental/activation_sparsifier/__init__.py
   from /tmp/pip-uninstall-30rrqvv5/ao/pruning/_experimental/activation_sparsifier/__init__.py
  Moving to /share/home/yuan/.conda/envs/mi_torch_cu118/lib/python3.10/site-packages/torch/ao/pruning/_experimental/activation_sparsifier/__pycache__/__init__.cpython-310.pyc
   from /tmp/pip-uninstall-30rrqvv5/ao/pruning/_experimental/activation_sparsifier/__pycache__/__init__.cpython-310.pyc
  Moving to /share/home/yuan/.conda/envs/mi_torch_cu118/lib/python3.10/site-packages/torch/ao/pruning/_experimental/activation_sparsifier/__pycache__/activation_sparsifier.cpython-310.pyc
   from /tmp/pip-uninstall-30rrqvv5/ao/pruning/_experimental/activation_sparsifier/__pycache__/activation_sparsifier.cpython-310.pyc
  Moving to /share/home/yuan/.conda/envs/mi_torch_cu118/lib/python3.10/site-packages/torch/ao/pruning/_experimental/activation_sparsifier/activation_sparsifier.py
   from /tmp/pip-uninstall-30rrqvv5/ao/pruning/_experimental/activation_sparsifier/activation_sparsifier.py
  Moving to /share/home/yuan/.conda/envs/mi_torch_cu118/lib/python3.10/site-packages/torch/ao/pruning/_experimental/data_scheduler/__init__.py
   from /tmp/pip-uninstall-30rrqvv5/ao/pruning/_experimental/data_scheduler/__init__.py
  Moving to /share/home/yuan/.conda/envs/mi_torch_cu118/lib/python3.10/site-packages/torch/ao/pruning/_experimental/data_scheduler/__pycache__/__init__.cpython-310.pyc
   from /tmp/pip-uninstall-30rrqvv5/ao/pruning/_experimental/data_scheduler/__pycache__/__init__.cpython-310.pyc
  Moving to /share/home/yuan/.conda/envs/mi_torch_cu118/lib/python3.10/site-packages/torch/ao/pruning/_experimental/data_scheduler/__pycache__/base_data_scheduler.cpython-310.pyc
   from /tmp/pip-uninstall-30rrqvv5/ao/pruning/_experimental/data_scheduler/__pycache__/base_data_scheduler.cpython-310.pyc
  Moving to /share/home/yuan/.conda/envs/mi_torch_cu118/lib/python3.10/site-packages/torch/ao/pruning/_experimental/data_scheduler/base_data_scheduler.py
   from /tmp/pip-uninstall-30rrqvv5/ao/pruning/_experimental/data_scheduler/base_data_scheduler.py
  Moving to /share/home/yuan/.conda/envs/mi_torch_cu118/lib/python3.10/site-packages/torch/ao/pruning/_experimental/data_sparsifier/__init__.py
   from /tmp/pip-uninstall-30rrqvv5/ao/pruning/_experimental/data_sparsifier/__init__.py
  Moving to /share/home/yuan/.conda/envs/mi_torch_cu118/lib/python3.10/site-packages/torch/ao/pruning/_experimental/data_sparsifier/__pycache__/__init__.cpython-310.pyc
   from /tmp/pip-uninstall-30rrqvv5/ao/pruning/_experimental/data_sparsifier/__pycache__/__init__.cpython-310.pyc
  Moving to /share/home/yuan/.conda/envs/mi_torch_cu118/lib/python3.10/site-packages/torch/ao/pruning/_experimental/data_sparsifier/__pycache__/base_data_sparsifier.cpython-310.pyc
   from /tmp/pip-uninstall-30rrqvv5/ao/pruning/_experimental/data_sparsifier/__pycache__/base_data_sparsifier.cpython-310.pyc
  Moving to /share/home/yuan/.conda/envs/mi_torch_cu118/lib/python3.10/site-packages/torch/ao/pruning/_experimental/data_sparsifier/__pycache__/data_norm_sparsifier.cpython-310.pyc
   from /tmp/pip-uninstall-30rrqvv5/ao/pruning/_experimental/data_sparsifier/__pycache__/data_norm_sparsifier.cpython-310.pyc
  Moving to /share/home/yuan/.conda/envs/mi_torch_cu118/lib/python3.10/site-packages/torch/ao/pruning/_experimental/data_sparsifier/__pycache__/quantization_utils.cpython-310.pyc
   from /tmp/pip-uninstall-30rrqvv5/ao/pruning/_experimental/data_sparsifier/__pycache__/quantization_utils.cpython-310.pyc
  Moving to /share/home/yuan/.conda/envs/mi_torch_cu118/lib/python3.10/site-packages/torch/ao/pruning/_experimental/data_sparsifier/base_data_sparsifier.py
   from /tmp/pip-uninstall-30rrqvv5/ao/pruning/_experimental/data_sparsifier/base_data_sparsifier.py
  Moving to /share/home/yuan/.conda/envs/mi_torch_cu118/lib/python3.10/site-packages/torch/ao/pruning/_experimental/data_sparsifier/data_norm_sparsifier.py
   from /tmp/pip-uninstall-30rrqvv5/ao/pruning/_experimental/data_sparsifier/data_norm_sparsifier.py
  Moving to /share/home/yuan/.conda/envs/mi_torch_cu118/lib/python3.10/site-packages/torch/ao/pruning/_experimental/data_sparsifier/lightning/__init__.py
   from /tmp/pip-uninstall-30rrqvv5/ao/pruning/_experimental/data_sparsifier/lightning/__init__.py
  Moving to /share/home/yuan/.conda/envs/mi_torch_cu118/lib/python3.10/site-packages/torch/ao/pruning/_experimental/data_sparsifier/lightning/__pycache__/__init__.cpython-310.pyc
   from /tmp/pip-uninstall-30rrqvv5/ao/pruning/_experimental/data_sparsifier/lightning/__pycache__/__init__.cpython-310.pyc
  Moving to /share/home/yuan/.conda/envs/mi_torch_cu118/lib/python3.10/site-packages/torch/ao/pruning/_experimental/data_sparsifier/lightning/callbacks/__init__.py
   from /tmp/pip-uninstall-30rrqvv5/ao/pruning/_experimental/data_sparsifier/lightning/callbacks/__init__.py
  Moving to /share/home/yuan/.conda/envs/mi_torch_cu118/lib/python3.10/site-packages/torch/ao/pruning/_experimental/data_sparsifier/lightning/callbacks/__pycache__/__init__.cpython-310.pyc
   from /tmp/pip-uninstall-30rrqvv5/ao/pruning/_experimental/data_sparsifier/lightning/callbacks/__pycache__/__init__.cpython-310.pyc
  Moving to /share/home/yuan/.conda/envs/mi_torch_cu118/lib/python3.10/site-packages/torch/ao/pruning/_experimental/data_sparsifier/lightning/callbacks/__pycache__/_data_sparstity_utils.cpython-310.pyc
   from /tmp/pip-uninstall-30rrqvv5/ao/pruning/_experimental/data_sparsifier/lightning/callbacks/__pycache__/_data_sparstity_utils.cpython-310.pyc
  Moving to /share/home/yuan/.conda/envs/mi_torch_cu118/lib/python3.10/site-packages/torch/ao/pruning/_experimental/data_sparsifier/lightning/callbacks/__pycache__/data_sparsity.cpython-310.pyc
   from /tmp/pip-uninstall-30rrqvv5/ao/pruning/_experimental/data_sparsifier/lightning/callbacks/__pycache__/data_sparsity.cpython-310.pyc
  Moving to /share/home/yuan/.conda/envs/mi_torch_cu118/lib/python3.10/site-packages/torch/ao/pruning/_experimental/data_sparsifier/lightning/callbacks/_data_sparstity_utils.py
   from /tmp/pip-uninstall-30rrqvv5/ao/pruning/_experimental/data_sparsifier/lightning/callbacks/_data_sparstity_utils.py
  Moving to /share/home/yuan/.conda/envs/mi_torch_cu118/lib/python3.10/site-packages/torch/ao/pruning/_experimental/data_sparsifier/lightning/callbacks/data_sparsity.py
   from /tmp/pip-uninstall-30rrqvv5/ao/pruning/_experimental/data_sparsifier/lightning/callbacks/data_sparsity.py
  Moving to /share/home/yuan/.conda/envs/mi_torch_cu118/lib/python3.10/site-packages/torch/ao/pruning/_experimental/data_sparsifier/quantization_utils.py
   from /tmp/pip-uninstall-30rrqvv5/ao/pruning/_experimental/data_sparsifier/quantization_utils.py
  Moving to /share/home/yuan/.conda/envs/mi_torch_cu118/lib/python3.10/site-packages/torch/ao/pruning/_experimental/pruner/FPGM_pruner.py
   from /tmp/pip-uninstall-30rrqvv5/ao/pruning/_experimental/pruner/FPGM_pruner.py
  Moving to /share/home/yuan/.conda/envs/mi_torch_cu118/lib/python3.10/site-packages/torch/ao/pruning/_experimental/pruner/__init__.py
   from /tmp/pip-uninstall-30rrqvv5/ao/pruning/_experimental/pruner/__init__.py
  Moving to /share/home/yuan/.conda/envs/mi_torch_cu118/lib/python3.10/site-packages/torch/ao/pruning/_experimental/pruner/__pycache__/FPGM_pruner.cpython-310.pyc
   from /tmp/pip-uninstall-30rrqvv5/ao/pruning/_experimental/pruner/__pycache__/FPGM_pruner.cpython-310.pyc
  Moving to /share/home/yuan/.conda/envs/mi_torch_cu118/lib/python3.10/site-packages/torch/ao/pruning/_experimental/pruner/__pycache__/__init__.cpython-310.pyc
   from /tmp/pip-uninstall-30rrqvv5/ao/pruning/_experimental/pruner/__pycache__/__init__.cpython-310.pyc
  Moving to /share/home/yuan/.conda/envs/mi_torch_cu118/lib/python3.10/site-packages/torch/ao/pruning/_experimental/pruner/__pycache__/base_structured_sparsifier.cpython-310.pyc
   from /tmp/pip-uninstall-30rrqvv5/ao/pruning/_experimental/pruner/__pycache__/base_structured_sparsifier.cpython-310.pyc
  Moving to /share/home/yuan/.conda/envs/mi_torch_cu118/lib/python3.10/site-packages/torch/ao/pruning/_experimental/pruner/__pycache__/lstm_saliency_pruner.cpython-310.pyc
   from /tmp/pip-uninstall-30rrqvv5/ao/pruning/_experimental/pruner/__pycache__/lstm_saliency_pruner.cpython-310.pyc
  Moving to /share/home/yuan/.conda/envs/mi_torch_cu118/lib/python3.10/site-packages/torch/ao/pruning/_experimental/pruner/__pycache__/match_utils.cpython-310.pyc
   from /tmp/pip-uninstall-30rrqvv5/ao/pruning/_experimental/pruner/__pycache__/match_utils.cpython-310.pyc
  Moving to /share/home/yuan/.conda/envs/mi_torch_cu118/lib/python3.10/site-packages/torch/ao/pruning/_experimental/pruner/__pycache__/parametrization.cpython-310.pyc
   from /tmp/pip-uninstall-30rrqvv5/ao/pruning/_experimental/pruner/__pycache__/parametrization.cpython-310.pyc
  Moving to /share/home/yuan/.conda/envs/mi_torch_cu118/lib/python3.10/site-packages/torch/ao/pruning/_experimental/pruner/__pycache__/prune_functions.cpython-310.pyc
   from /tmp/pip-uninstall-30rrqvv5/ao/pruning/_experimental/pruner/__pycache__/prune_functions.cpython-310.pyc
  Moving to /share/home/yuan/.conda/envs/mi_torch_cu118/lib/python3.10/site-packages/torch/ao/pruning/_experimental/pruner/__pycache__/saliency_pruner.cpython-310.pyc
   from /tmp/pip-uninstall-30rrqvv5/ao/pruning/_experimental/pruner/__pycache__/saliency_pruner.cpython-310.pyc
  Moving to /share/home/yuan/.conda/envs/mi_torch_cu118/lib/python3.10/site-packages/torch/ao/pruning/_experimental/pruner/base_structured_sparsifier.py
   from /tmp/pip-uninstall-30rrqvv5/ao/pruning/_experimental/pruner/base_structured_sparsifier.py
  Moving to /share/home/yuan/.conda/envs/mi_torch_cu118/lib/python3.10/site-packages/torch/ao/pruning/_experimental/pruner/lstm_saliency_pruner.py
   from /tmp/pip-uninstall-30rrqvv5/ao/pruning/_experimental/pruner/lstm_saliency_pruner.py
  Moving to /share/home/yuan/.conda/envs/mi_torch_cu118/lib/python3.10/site-packages/torch/ao/pruning/_experimental/pruner/match_utils.py
   from /tmp/pip-uninstall-30rrqvv5/ao/pruning/_experimental/pruner/match_utils.py
  Moving to /share/home/yuan/.conda/envs/mi_torch_cu118/lib/python3.10/site-packages/torch/ao/pruning/_experimental/pruner/parametrization.py
   from /tmp/pip-uninstall-30rrqvv5/ao/pruning/_experimental/pruner/parametrization.py
  Moving to /share/home/yuan/.conda/envs/mi_torch_cu118/lib/python3.10/site-packages/torch/ao/pruning/_experimental/pruner/prune_functions.py
   from /tmp/pip-uninstall-30rrqvv5/ao/pruning/_experimental/pruner/prune_functions.py
  Moving to /share/home/yuan/.conda/envs/mi_torch_cu118/lib/python3.10/site-packages/torch/ao/pruning/_experimental/pruner/saliency_pruner.py
   from /tmp/pip-uninstall-30rrqvv5/ao/pruning/_experimental/pruner/saliency_pruner.py
  Moving to /share/home/yuan/.conda/envs/mi_torch_cu118/lib/python3.10/site-packages/torch/ao/pruning/_mappings.py
   from /tmp/pip-uninstall-30rrqvv5/ao/pruning/_mappings.py
  Moving to /share/home/yuan/.conda/envs/mi_torch_cu118/lib/python3.10/site-packages/torch/ao/pruning/scheduler/__init__.py
   from /tmp/pip-uninstall-30rrqvv5/ao/pruning/scheduler/__init__.py
  Moving to /share/home/yuan/.conda/envs/mi_torch_cu118/lib/python3.10/site-packages/torch/ao/pruning/scheduler/__pycache__/__init__.cpython-310.pyc
   from /tmp/pip-uninstall-30rrqvv5/ao/pruning/scheduler/__pycache__/__init__.cpython-310.pyc
  Moving to /share/home/yuan/.conda/envs/mi_torch_cu118/lib/python3.10/site-packages/torch/ao/pruning/scheduler/__pycache__/base_scheduler.cpython-310.pyc
   from /tmp/pip-uninstall-30rrqvv5/ao/pruning/scheduler/__pycache__/base_scheduler.cpython-310.pyc
  Moving to /share/home/yuan/.conda/envs/mi_torch_cu118/lib/python3.10/site-packages/torch/ao/pruning/scheduler/__pycache__/cubic_scheduler.cpython-310.pyc
   from /tmp/pip-uninstall-30rrqvv5/ao/pruning/scheduler/__pycache__/cubic_scheduler.cpython-310.pyc
  Moving to /share/home/yuan/.conda/envs/mi_torch_cu118/lib/python3.10/site-packages/torch/ao/pruning/scheduler/__pycache__/lambda_scheduler.cpython-310.pyc
   from /tmp/pip-uninstall-30rrqvv5/ao/pruning/scheduler/__pycache__/lambda_scheduler.cpython-310.pyc
  Moving to /share/home/yuan/.conda/envs/mi_torch_cu118/lib/python3.10/site-packages/torch/ao/pruning/scheduler/base_scheduler.py
   from /tmp/pip-uninstall-30rrqvv5/ao/pruning/scheduler/base_scheduler.py
  Moving to /share/home/yuan/.conda/envs/mi_torch_cu118/lib/python3.10/site-packages/torch/ao/pruning/scheduler/cubic_scheduler.py
   from /tmp/pip-uninstall-30rrqvv5/ao/pruning/scheduler/cubic_scheduler.py
  Moving to /share/home/yuan/.conda/envs/mi_torch_cu118/lib/python3.10/site-packages/torch/ao/pruning/scheduler/lambda_scheduler.py
   from /tmp/pip-uninstall-30rrqvv5/ao/pruning/scheduler/lambda_scheduler.py
  Moving to /share/home/yuan/.conda/envs/mi_torch_cu118/lib/python3.10/site-packages/torch/ao/pruning/sparsifier/__init__.py
   from /tmp/pip-uninstall-30rrqvv5/ao/pruning/sparsifier/__init__.py
  Moving to /share/home/yuan/.conda/envs/mi_torch_cu118/lib/python3.10/site-packages/torch/ao/pruning/sparsifier/__pycache__/__init__.cpython-310.pyc
   from /tmp/pip-uninstall-30rrqvv5/ao/pruning/sparsifier/__pycache__/__init__.cpython-310.pyc
  Moving to /share/home/yuan/.conda/envs/mi_torch_cu118/lib/python3.10/site-packages/torch/ao/pruning/sparsifier/__pycache__/base_sparsifier.cpython-310.pyc
   from /tmp/pip-uninstall-30rrqvv5/ao/pruning/sparsifier/__pycache__/base_sparsifier.cpython-310.pyc
  Moving to /share/home/yuan/.conda/envs/mi_torch_cu118/lib/python3.10/site-packages/torch/ao/pruning/sparsifier/__pycache__/nearly_diagonal_sparsifier.cpython-310.pyc
   from /tmp/pip-uninstall-30rrqvv5/ao/pruning/sparsifier/__pycache__/nearly_diagonal_sparsifier.cpython-310.pyc
  Moving to /share/home/yuan/.conda/envs/mi_torch_cu118/lib/python3.10/site-packages/torch/ao/pruning/sparsifier/__pycache__/utils.cpython-310.pyc
   from /tmp/pip-uninstall-30rrqvv5/ao/pruning/sparsifier/__pycache__/utils.cpython-310.pyc
  Moving to /share/home/yuan/.conda/envs/mi_torch_cu118/lib/python3.10/site-packages/torch/ao/pruning/sparsifier/__pycache__/weight_norm_sparsifier.cpython-310.pyc
   from /tmp/pip-uninstall-30rrqvv5/ao/pruning/sparsifier/__pycache__/weight_norm_sparsifier.cpython-310.pyc
  Moving to /share/home/yuan/.conda/envs/mi_torch_cu118/lib/python3.10/site-packages/torch/ao/pruning/sparsifier/base_sparsifier.py
   from /tmp/pip-uninstall-30rrqvv5/ao/pruning/sparsifier/base_sparsifier.py
  Moving to /share/home/yuan/.conda/envs/mi_torch_cu118/lib/python3.10/site-packages/torch/ao/pruning/sparsifier/nearly_diagonal_sparsifier.py
   from /tmp/pip-uninstall-30rrqvv5/ao/pruning/sparsifier/nearly_diagonal_sparsifier.py
  Moving to /share/home/yuan/.conda/envs/mi_torch_cu118/lib/python3.10/site-packages/torch/ao/pruning/sparsifier/utils.py
   from /tmp/pip-uninstall-30rrqvv5/ao/pruning/sparsifier/utils.py
  Moving to /share/home/yuan/.conda/envs/mi_torch_cu118/lib/python3.10/site-packages/torch/ao/pruning/sparsifier/weight_norm_sparsifier.py
   from /tmp/pip-uninstall-30rrqvv5/ao/pruning/sparsifier/weight_norm_sparsifier.py
  Moving to /share/home/yuan/.conda/envs/mi_torch_cu118/lib/python3.10/site-packages/torch/ao/quantization/__init__.py
   from /tmp/pip-uninstall-30rrqvv5/ao/quantization/__init__.py
  Moving to /share/home/yuan/.conda/envs/mi_torch_cu118/lib/python3.10/site-packages/torch/ao/quantization/__pycache__/__init__.cpython-310.pyc
   from /tmp/pip-uninstall-30rrqvv5/ao/quantization/__pycache__/__init__.cpython-310.pyc
  Moving to /share/home/yuan/.conda/envs/mi_torch_cu118/lib/python3.10/site-packages/torch/ao/quantization/__pycache__/_correct_bias.cpython-310.pyc
   from /tmp/pip-uninstall-30rrqvv5/ao/quantization/__pycache__/_correct_bias.cpython-310.pyc
  Moving to /share/home/yuan/.conda/envs/mi_torch_cu118/lib/python3.10/site-packages/torch/ao/quantization/__pycache__/_equalize.cpython-310.pyc
   from /tmp/pip-uninstall-30rrqvv5/ao/quantization/__pycache__/_equalize.cpython-310.pyc
  Moving to /share/home/yuan/.conda/envs/mi_torch_cu118/lib/python3.10/site-packages/torch/ao/quantization/__pycache__/_learnable_fake_quantize.cpython-310.pyc
   from /tmp/pip-uninstall-30rrqvv5/ao/quantization/__pycache__/_learnable_fake_quantize.cpython-310.pyc
  Moving to /share/home/yuan/.conda/envs/mi_torch_cu118/lib/python3.10/site-packages/torch/ao/quantization/__pycache__/fake_quantize.cpython-310.pyc
   from /tmp/pip-uninstall-30rrqvv5/ao/quantization/__pycache__/fake_quantize.cpython-310.pyc
  Moving to /share/home/yuan/.conda/envs/mi_torch_cu118/lib/python3.10/site-packages/torch/ao/quantization/__pycache__/fuse_modules.cpython-310.pyc
   from /tmp/pip-uninstall-30rrqvv5/ao/quantization/__pycache__/fuse_modules.cpython-310.pyc
  Moving to /share/home/yuan/.conda/envs/mi_torch_cu118/lib/python3.10/site-packages/torch/ao/quantization/__pycache__/fuser_method_mappings.cpython-310.pyc
   from /tmp/pip-uninstall-30rrqvv5/ao/quantization/__pycache__/fuser_method_mappings.cpython-310.pyc
  Moving to /share/home/yuan/.conda/envs/mi_torch_cu118/lib/python3.10/site-packages/torch/ao/quantization/__pycache__/observer.cpython-310.pyc
   from /tmp/pip-uninstall-30rrqvv5/ao/quantization/__pycache__/observer.cpython-310.pyc
  Moving to /share/home/yuan/.conda/envs/mi_torch_cu118/lib/python3.10/site-packages/torch/ao/quantization/__pycache__/qconfig.cpython-310.pyc
   from /tmp/pip-uninstall-30rrqvv5/ao/quantization/__pycache__/qconfig.cpython-310.pyc
  Moving to /share/home/yuan/.conda/envs/mi_torch_cu118/lib/python3.10/site-packages/torch/ao/quantization/__pycache__/qconfig_mapping.cpython-310.pyc
   from /tmp/pip-uninstall-30rrqvv5/ao/quantization/__pycache__/qconfig_mapping.cpython-310.pyc
  Moving to /share/home/yuan/.conda/envs/mi_torch_cu118/lib/python3.10/site-packages/torch/ao/quantization/__pycache__/quant_type.cpython-310.pyc
   from /tmp/pip-uninstall-30rrqvv5/ao/quantization/__pycache__/quant_type.cpython-310.pyc
  Moving to /share/home/yuan/.conda/envs/mi_torch_cu118/lib/python3.10/site-packages/torch/ao/quantization/__pycache__/quantization_mappings.cpython-310.pyc
   from /tmp/pip-uninstall-30rrqvv5/ao/quantization/__pycache__/quantization_mappings.cpython-310.pyc
  Moving to /share/home/yuan/.conda/envs/mi_torch_cu118/lib/python3.10/site-packages/torch/ao/quantization/__pycache__/quantize.cpython-310.pyc
   from /tmp/pip-uninstall-30rrqvv5/ao/quantization/__pycache__/quantize.cpython-310.pyc
  Moving to /share/home/yuan/.conda/envs/mi_torch_cu118/lib/python3.10/site-packages/torch/ao/quantization/__pycache__/quantize_fx.cpython-310.pyc
   from /tmp/pip-uninstall-30rrqvv5/ao/quantization/__pycache__/quantize_fx.cpython-310.pyc
  Moving to /share/home/yuan/.conda/envs/mi_torch_cu118/lib/python3.10/site-packages/torch/ao/quantization/__pycache__/quantize_jit.cpython-310.pyc
   from /tmp/pip-uninstall-30rrqvv5/ao/quantization/__pycache__/quantize_jit.cpython-310.pyc
  Moving to /share/home/yuan/.conda/envs/mi_torch_cu118/lib/python3.10/site-packages/torch/ao/quantization/__pycache__/quantize_pt2e.cpython-310.pyc
   from /tmp/pip-uninstall-30rrqvv5/ao/quantization/__pycache__/quantize_pt2e.cpython-310.pyc
  Moving to /share/home/yuan/.conda/envs/mi_torch_cu118/lib/python3.10/site-packages/torch/ao/quantization/__pycache__/stubs.cpython-310.pyc
   from /tmp/pip-uninstall-30rrqvv5/ao/quantization/__pycache__/stubs.cpython-310.pyc
  Moving to /share/home/yuan/.conda/envs/mi_torch_cu118/lib/python3.10/site-packages/torch/ao/quantization/__pycache__/utils.cpython-310.pyc
   from /tmp/pip-uninstall-30rrqvv5/ao/quantization/__pycache__/utils.cpython-310.pyc
  Moving to /share/home/yuan/.conda/envs/mi_torch_cu118/lib/python3.10/site-packages/torch/ao/quantization/_correct_bias.py
   from /tmp/pip-uninstall-30rrqvv5/ao/quantization/_correct_bias.py
  Moving to /share/home/yuan/.conda/envs/mi_torch_cu118/lib/python3.10/site-packages/torch/ao/quantization/_equalize.py
   from /tmp/pip-uninstall-30rrqvv5/ao/quantization/_equalize.py
  Moving to /share/home/yuan/.conda/envs/mi_torch_cu118/lib/python3.10/site-packages/torch/ao/quantization/_learnable_fake_quantize.py
   from /tmp/pip-uninstall-30rrqvv5/ao/quantization/_learnable_fake_quantize.py
  Moving to /share/home/yuan/.conda/envs/mi_torch_cu118/lib/python3.10/site-packages/torch/ao/quantization/backend_config/__init__.py
   from /tmp/pip-uninstall-30rrqvv5/ao/quantization/backend_config/__init__.py
  Moving to /share/home/yuan/.conda/envs/mi_torch_cu118/lib/python3.10/site-packages/torch/ao/quantization/backend_config/__pycache__/__init__.cpython-310.pyc
   from /tmp/pip-uninstall-30rrqvv5/ao/quantization/backend_config/__pycache__/__init__.cpython-310.pyc
  Moving to /share/home/yuan/.conda/envs/mi_torch_cu118/lib/python3.10/site-packages/torch/ao/quantization/backend_config/__pycache__/_common_operator_config_utils.cpython-310.pyc
   from /tmp/pip-uninstall-30rrqvv5/ao/quantization/backend_config/__pycache__/_common_operator_config_utils.cpython-310.pyc
  Moving to /share/home/yuan/.conda/envs/mi_torch_cu118/lib/python3.10/site-packages/torch/ao/quantization/backend_config/__pycache__/_qnnpack_pt2e.cpython-310.pyc
   from /tmp/pip-uninstall-30rrqvv5/ao/quantization/backend_config/__pycache__/_qnnpack_pt2e.cpython-310.pyc
  Moving to /share/home/yuan/.conda/envs/mi_torch_cu118/lib/python3.10/site-packages/torch/ao/quantization/backend_config/__pycache__/backend_config.cpython-310.pyc
   from /tmp/pip-uninstall-30rrqvv5/ao/quantization/backend_config/__pycache__/backend_config.cpython-310.pyc
  Moving to /share/home/yuan/.conda/envs/mi_torch_cu118/lib/python3.10/site-packages/torch/ao/quantization/backend_config/__pycache__/executorch.cpython-310.pyc
   from /tmp/pip-uninstall-30rrqvv5/ao/quantization/backend_config/__pycache__/executorch.cpython-310.pyc
  Moving to /share/home/yuan/.conda/envs/mi_torch_cu118/lib/python3.10/site-packages/torch/ao/quantization/backend_config/__pycache__/fbgemm.cpython-310.pyc
   from /tmp/pip-uninstall-30rrqvv5/ao/quantization/backend_config/__pycache__/fbgemm.cpython-310.pyc
  Moving to /share/home/yuan/.conda/envs/mi_torch_cu118/lib/python3.10/site-packages/torch/ao/quantization/backend_config/__pycache__/native.cpython-310.pyc
   from /tmp/pip-uninstall-30rrqvv5/ao/quantization/backend_config/__pycache__/native.cpython-310.pyc
  Moving to /share/home/yuan/.conda/envs/mi_torch_cu118/lib/python3.10/site-packages/torch/ao/quantization/backend_config/__pycache__/observation_type.cpython-310.pyc
   from /tmp/pip-uninstall-30rrqvv5/ao/quantization/backend_config/__pycache__/observation_type.cpython-310.pyc
  Moving to /share/home/yuan/.conda/envs/mi_torch_cu118/lib/python3.10/site-packages/torch/ao/quantization/backend_config/__pycache__/onednn.cpython-310.pyc
   from /tmp/pip-uninstall-30rrqvv5/ao/quantization/backend_config/__pycache__/onednn.cpython-310.pyc
  Moving to /share/home/yuan/.conda/envs/mi_torch_cu118/lib/python3.10/site-packages/torch/ao/quantization/backend_config/__pycache__/qnnpack.cpython-310.pyc
   from /tmp/pip-uninstall-30rrqvv5/ao/quantization/backend_config/__pycache__/qnnpack.cpython-310.pyc
  Moving to /share/home/yuan/.conda/envs/mi_torch_cu118/lib/python3.10/site-packages/torch/ao/quantization/backend_config/__pycache__/tensorrt.cpython-310.pyc
   from /tmp/pip-uninstall-30rrqvv5/ao/quantization/backend_config/__pycache__/tensorrt.cpython-310.pyc
  Moving to /share/home/yuan/.conda/envs/mi_torch_cu118/lib/python3.10/site-packages/torch/ao/quantization/backend_config/__pycache__/utils.cpython-310.pyc
   from /tmp/pip-uninstall-30rrqvv5/ao/quantization/backend_config/__pycache__/utils.cpython-310.pyc
  Moving to /share/home/yuan/.conda/envs/mi_torch_cu118/lib/python3.10/site-packages/torch/ao/quantization/backend_config/__pycache__/x86.cpython-310.pyc
   from /tmp/pip-uninstall-30rrqvv5/ao/quantization/backend_config/__pycache__/x86.cpython-310.pyc
  Moving to /share/home/yuan/.conda/envs/mi_torch_cu118/lib/python3.10/site-packages/torch/ao/quantization/backend_config/_common_operator_config_utils.py
   from /tmp/pip-uninstall-30rrqvv5/ao/quantization/backend_config/_common_operator_config_utils.py
  Moving to /share/home/yuan/.conda/envs/mi_torch_cu118/lib/python3.10/site-packages/torch/ao/quantization/backend_config/_qnnpack_pt2e.py
   from /tmp/pip-uninstall-30rrqvv5/ao/quantization/backend_config/_qnnpack_pt2e.py
  Moving to /share/home/yuan/.conda/envs/mi_torch_cu118/lib/python3.10/site-packages/torch/ao/quantization/backend_config/backend_config.py
   from /tmp/pip-uninstall-30rrqvv5/ao/quantization/backend_config/backend_config.py
  Moving to /share/home/yuan/.conda/envs/mi_torch_cu118/lib/python3.10/site-packages/torch/ao/quantization/backend_config/executorch.py
   from /tmp/pip-uninstall-30rrqvv5/ao/quantization/backend_config/executorch.py
  Moving to /share/home/yuan/.conda/envs/mi_torch_cu118/lib/python3.10/site-packages/torch/ao/quantization/backend_config/fbgemm.py
   from /tmp/pip-uninstall-30rrqvv5/ao/quantization/backend_config/fbgemm.py
  Moving to /share/home/yuan/.conda/envs/mi_torch_cu118/lib/python3.10/site-packages/torch/ao/quantization/backend_config/native.py
   from /tmp/pip-uninstall-30rrqvv5/ao/quantization/backend_config/native.py
  Moving to /share/home/yuan/.conda/envs/mi_torch_cu118/lib/python3.10/site-packages/torch/ao/quantization/backend_config/observation_type.py
   from /tmp/pip-uninstall-30rrqvv5/ao/quantization/backend_config/observation_type.py
  Moving to /share/home/yuan/.conda/envs/mi_torch_cu118/lib/python3.10/site-packages/torch/ao/quantization/backend_config/onednn.py
   from /tmp/pip-uninstall-30rrqvv5/ao/quantization/backend_config/onednn.py
  Moving to /share/home/yuan/.conda/envs/mi_torch_cu118/lib/python3.10/site-packages/torch/ao/quantization/backend_config/qnnpack.py
   from /tmp/pip-uninstall-30rrqvv5/ao/quantization/backend_config/qnnpack.py
  Moving to /share/home/yuan/.conda/envs/mi_torch_cu118/lib/python3.10/site-packages/torch/ao/quantization/backend_config/tensorrt.py
   from /tmp/pip-uninstall-30rrqvv5/ao/quantization/backend_config/tensorrt.py
  Moving to /share/home/yuan/.conda/envs/mi_torch_cu118/lib/python3.10/site-packages/torch/ao/quantization/backend_config/utils.py
   from /tmp/pip-uninstall-30rrqvv5/ao/quantization/backend_config/utils.py
  Moving to /share/home/yuan/.conda/envs/mi_torch_cu118/lib/python3.10/site-packages/torch/ao/quantization/backend_config/x86.py
   from /tmp/pip-uninstall-30rrqvv5/ao/quantization/backend_config/x86.py
  Moving to /share/home/yuan/.conda/envs/mi_torch_cu118/lib/python3.10/site-packages/torch/ao/quantization/fake_quantize.py
   from /tmp/pip-uninstall-30rrqvv5/ao/quantization/fake_quantize.py
  Moving to /share/home/yuan/.conda/envs/mi_torch_cu118/lib/python3.10/site-packages/torch/ao/quantization/fuse_modules.py
   from /tmp/pip-uninstall-30rrqvv5/ao/quantization/fuse_modules.py
  Moving to /share/home/yuan/.conda/envs/mi_torch_cu118/lib/python3.10/site-packages/torch/ao/quantization/fuser_method_mappings.py
   from /tmp/pip-uninstall-30rrqvv5/ao/quantization/fuser_method_mappings.py
  Moving to /share/home/yuan/.conda/envs/mi_torch_cu118/lib/python3.10/site-packages/torch/ao/quantization/fx/__init__.py
   from /tmp/pip-uninstall-30rrqvv5/ao/quantization/fx/__init__.py
  Moving to /share/home/yuan/.conda/envs/mi_torch_cu118/lib/python3.10/site-packages/torch/ao/quantization/fx/__pycache__/__init__.cpython-310.pyc
   from /tmp/pip-uninstall-30rrqvv5/ao/quantization/fx/__pycache__/__init__.cpython-310.pyc
  Moving to /share/home/yuan/.conda/envs/mi_torch_cu118/lib/python3.10/site-packages/torch/ao/quantization/fx/__pycache__/_decomposed.cpython-310.pyc
   from /tmp/pip-uninstall-30rrqvv5/ao/quantization/fx/__pycache__/_decomposed.cpython-310.pyc
  Moving to /share/home/yuan/.conda/envs/mi_torch_cu118/lib/python3.10/site-packages/torch/ao/quantization/fx/__pycache__/_equalize.cpython-310.pyc
   from /tmp/pip-uninstall-30rrqvv5/ao/quantization/fx/__pycache__/_equalize.cpython-310.pyc
  Moving to /share/home/yuan/.conda/envs/mi_torch_cu118/lib/python3.10/site-packages/torch/ao/quantization/fx/__pycache__/_lower_to_native_backend.cpython-310.pyc
   from /tmp/pip-uninstall-30rrqvv5/ao/quantization/fx/__pycache__/_lower_to_native_backend.cpython-310.pyc
  Moving to /share/home/yuan/.conda/envs/mi_torch_cu118/lib/python3.10/site-packages/torch/ao/quantization/fx/__pycache__/convert.cpython-310.pyc
   from /tmp/pip-uninstall-30rrqvv5/ao/quantization/fx/__pycache__/convert.cpython-310.pyc
  Moving to /share/home/yuan/.conda/envs/mi_torch_cu118/lib/python3.10/site-packages/torch/ao/quantization/fx/__pycache__/custom_config.cpython-310.pyc
   from /tmp/pip-uninstall-30rrqvv5/ao/quantization/fx/__pycache__/custom_config.cpython-310.pyc
  Moving to /share/home/yuan/.conda/envs/mi_torch_cu118/lib/python3.10/site-packages/torch/ao/quantization/fx/__pycache__/fuse.cpython-310.pyc
   from /tmp/pip-uninstall-30rrqvv5/ao/quantization/fx/__pycache__/fuse.cpython-310.pyc
  Moving to /share/home/yuan/.conda/envs/mi_torch_cu118/lib/python3.10/site-packages/torch/ao/quantization/fx/__pycache__/fuse_handler.cpython-310.pyc
   from /tmp/pip-uninstall-30rrqvv5/ao/quantization/fx/__pycache__/fuse_handler.cpython-310.pyc
  Moving to /share/home/yuan/.conda/envs/mi_torch_cu118/lib/python3.10/site-packages/torch/ao/quantization/fx/__pycache__/graph_module.cpython-310.pyc
   from /tmp/pip-uninstall-30rrqvv5/ao/quantization/fx/__pycache__/graph_module.cpython-310.pyc
  Moving to /share/home/yuan/.conda/envs/mi_torch_cu118/lib/python3.10/site-packages/torch/ao/quantization/fx/__pycache__/lower_to_fbgemm.cpython-310.pyc
   from /tmp/pip-uninstall-30rrqvv5/ao/quantization/fx/__pycache__/lower_to_fbgemm.cpython-310.pyc
  Moving to /share/home/yuan/.conda/envs/mi_torch_cu118/lib/python3.10/site-packages/torch/ao/quantization/fx/__pycache__/lower_to_qnnpack.cpython-310.pyc
   from /tmp/pip-uninstall-30rrqvv5/ao/quantization/fx/__pycache__/lower_to_qnnpack.cpython-310.pyc
  Moving to /share/home/yuan/.conda/envs/mi_torch_cu118/lib/python3.10/site-packages/torch/ao/quantization/fx/__pycache__/lstm_utils.cpython-310.pyc
   from /tmp/pip-uninstall-30rrqvv5/ao/quantization/fx/__pycache__/lstm_utils.cpython-310.pyc
  Moving to /share/home/yuan/.conda/envs/mi_torch_cu118/lib/python3.10/site-packages/torch/ao/quantization/fx/__pycache__/match_utils.cpython-310.pyc
   from /tmp/pip-uninstall-30rrqvv5/ao/quantization/fx/__pycache__/match_utils.cpython-310.pyc
  Moving to /share/home/yuan/.conda/envs/mi_torch_cu118/lib/python3.10/site-packages/torch/ao/quantization/fx/__pycache__/pattern_utils.cpython-310.pyc
   from /tmp/pip-uninstall-30rrqvv5/ao/quantization/fx/__pycache__/pattern_utils.cpython-310.pyc
  Moving to /share/home/yuan/.conda/envs/mi_torch_cu118/lib/python3.10/site-packages/torch/ao/quantization/fx/__pycache__/prepare.cpython-310.pyc
   from /tmp/pip-uninstall-30rrqvv5/ao/quantization/fx/__pycache__/prepare.cpython-310.pyc
  Moving to /share/home/yuan/.conda/envs/mi_torch_cu118/lib/python3.10/site-packages/torch/ao/quantization/fx/__pycache__/qconfig_mapping_utils.cpython-310.pyc
   from /tmp/pip-uninstall-30rrqvv5/ao/quantization/fx/__pycache__/qconfig_mapping_utils.cpython-310.pyc
  Moving to /share/home/yuan/.conda/envs/mi_torch_cu118/lib/python3.10/site-packages/torch/ao/quantization/fx/__pycache__/quantize_handler.cpython-310.pyc
   from /tmp/pip-uninstall-30rrqvv5/ao/quantization/fx/__pycache__/quantize_handler.cpython-310.pyc
  Moving to /share/home/yuan/.conda/envs/mi_torch_cu118/lib/python3.10/site-packages/torch/ao/quantization/fx/__pycache__/tracer.cpython-310.pyc
   from /tmp/pip-uninstall-30rrqvv5/ao/quantization/fx/__pycache__/tracer.cpython-310.pyc
  Moving to /share/home/yuan/.conda/envs/mi_torch_cu118/lib/python3.10/site-packages/torch/ao/quantization/fx/__pycache__/utils.cpython-310.pyc
   from /tmp/pip-uninstall-30rrqvv5/ao/quantization/fx/__pycache__/utils.cpython-310.pyc
  Moving to /share/home/yuan/.conda/envs/mi_torch_cu118/lib/python3.10/site-packages/torch/ao/quantization/fx/_decomposed.py
   from /tmp/pip-uninstall-30rrqvv5/ao/quantization/fx/_decomposed.py
  Moving to /share/home/yuan/.conda/envs/mi_torch_cu118/lib/python3.10/site-packages/torch/ao/quantization/fx/_equalize.py
   from /tmp/pip-uninstall-30rrqvv5/ao/quantization/fx/_equalize.py
  Moving to /share/home/yuan/.conda/envs/mi_torch_cu118/lib/python3.10/site-packages/torch/ao/quantization/fx/_lower_to_native_backend.py
   from /tmp/pip-uninstall-30rrqvv5/ao/quantization/fx/_lower_to_native_backend.py
  Moving to /share/home/yuan/.conda/envs/mi_torch_cu118/lib/python3.10/site-packages/torch/ao/quantization/fx/_model_report/__init__.py
   from /tmp/pip-uninstall-30rrqvv5/ao/quantization/fx/_model_report/__init__.py
  Moving to /share/home/yuan/.conda/envs/mi_torch_cu118/lib/python3.10/site-packages/torch/ao/quantization/fx/_model_report/__pycache__/__init__.cpython-310.pyc
   from /tmp/pip-uninstall-30rrqvv5/ao/quantization/fx/_model_report/__pycache__/__init__.cpython-310.pyc
  Moving to /share/home/yuan/.conda/envs/mi_torch_cu118/lib/python3.10/site-packages/torch/ao/quantization/fx/_model_report/__pycache__/detector.cpython-310.pyc
   from /tmp/pip-uninstall-30rrqvv5/ao/quantization/fx/_model_report/__pycache__/detector.cpython-310.pyc
  Moving to /share/home/yuan/.conda/envs/mi_torch_cu118/lib/python3.10/site-packages/torch/ao/quantization/fx/_model_report/__pycache__/model_report.cpython-310.pyc
   from /tmp/pip-uninstall-30rrqvv5/ao/quantization/fx/_model_report/__pycache__/model_report.cpython-310.pyc
  Moving to /share/home/yuan/.conda/envs/mi_torch_cu118/lib/python3.10/site-packages/torch/ao/quantization/fx/_model_report/__pycache__/model_report_observer.cpython-310.pyc
   from /tmp/pip-uninstall-30rrqvv5/ao/quantization/fx/_model_report/__pycache__/model_report_observer.cpython-310.pyc
  Moving to /share/home/yuan/.conda/envs/mi_torch_cu118/lib/python3.10/site-packages/torch/ao/quantization/fx/_model_report/__pycache__/model_report_visualizer.cpython-310.pyc
   from /tmp/pip-uninstall-30rrqvv5/ao/quantization/fx/_model_report/__pycache__/model_report_visualizer.cpython-310.pyc
  Moving to /share/home/yuan/.conda/envs/mi_torch_cu118/lib/python3.10/site-packages/torch/ao/quantization/fx/_model_report/detector.py
   from /tmp/pip-uninstall-30rrqvv5/ao/quantization/fx/_model_report/detector.py
  Moving to /share/home/yuan/.conda/envs/mi_torch_cu118/lib/python3.10/site-packages/torch/ao/quantization/fx/_model_report/model_report.py
   from /tmp/pip-uninstall-30rrqvv5/ao/quantization/fx/_model_report/model_report.py
  Moving to /share/home/yuan/.conda/envs/mi_torch_cu118/lib/python3.10/site-packages/torch/ao/quantization/fx/_model_report/model_report_observer.py
   from /tmp/pip-uninstall-30rrqvv5/ao/quantization/fx/_model_report/model_report_observer.py
  Moving to /share/home/yuan/.conda/envs/mi_torch_cu118/lib/python3.10/site-packages/torch/ao/quantization/fx/_model_report/model_report_visualizer.py
   from /tmp/pip-uninstall-30rrqvv5/ao/quantization/fx/_model_report/model_report_visualizer.py
  Moving to /share/home/yuan/.conda/envs/mi_torch_cu118/lib/python3.10/site-packages/torch/ao/quantization/fx/convert.py
   from /tmp/pip-uninstall-30rrqvv5/ao/quantization/fx/convert.py
  Moving to /share/home/yuan/.conda/envs/mi_torch_cu118/lib/python3.10/site-packages/torch/ao/quantization/fx/custom_config.py
   from /tmp/pip-uninstall-30rrqvv5/ao/quantization/fx/custom_config.py
  Moving to /share/home/yuan/.conda/envs/mi_torch_cu118/lib/python3.10/site-packages/torch/ao/quantization/fx/fuse.py
   from /tmp/pip-uninstall-30rrqvv5/ao/quantization/fx/fuse.py
  Moving to /share/home/yuan/.conda/envs/mi_torch_cu118/lib/python3.10/site-packages/torch/ao/quantization/fx/fuse_handler.py
   from /tmp/pip-uninstall-30rrqvv5/ao/quantization/fx/fuse_handler.py
  Moving to /share/home/yuan/.conda/envs/mi_torch_cu118/lib/python3.10/site-packages/torch/ao/quantization/fx/graph_module.py
   from /tmp/pip-uninstall-30rrqvv5/ao/quantization/fx/graph_module.py
  Moving to /share/home/yuan/.conda/envs/mi_torch_cu118/lib/python3.10/site-packages/torch/ao/quantization/fx/lower_to_fbgemm.py
   from /tmp/pip-uninstall-30rrqvv5/ao/quantization/fx/lower_to_fbgemm.py
  Moving to /share/home/yuan/.conda/envs/mi_torch_cu118/lib/python3.10/site-packages/torch/ao/quantization/fx/lower_to_qnnpack.py
   from /tmp/pip-uninstall-30rrqvv5/ao/quantization/fx/lower_to_qnnpack.py
  Moving to /share/home/yuan/.conda/envs/mi_torch_cu118/lib/python3.10/site-packages/torch/ao/quantization/fx/lstm_utils.py
   from /tmp/pip-uninstall-30rrqvv5/ao/quantization/fx/lstm_utils.py
  Moving to /share/home/yuan/.conda/envs/mi_torch_cu118/lib/python3.10/site-packages/torch/ao/quantization/fx/match_utils.py
   from /tmp/pip-uninstall-30rrqvv5/ao/quantization/fx/match_utils.py
  Moving to /share/home/yuan/.conda/envs/mi_torch_cu118/lib/python3.10/site-packages/torch/ao/quantization/fx/pattern_utils.py
   from /tmp/pip-uninstall-30rrqvv5/ao/quantization/fx/pattern_utils.py
  Moving to /share/home/yuan/.conda/envs/mi_torch_cu118/lib/python3.10/site-packages/torch/ao/quantization/fx/prepare.py
   from /tmp/pip-uninstall-30rrqvv5/ao/quantization/fx/prepare.py
  Moving to /share/home/yuan/.conda/envs/mi_torch_cu118/lib/python3.10/site-packages/torch/ao/quantization/fx/qconfig_mapping_utils.py
   from /tmp/pip-uninstall-30rrqvv5/ao/quantization/fx/qconfig_mapping_utils.py
  Moving to /share/home/yuan/.conda/envs/mi_torch_cu118/lib/python3.10/site-packages/torch/ao/quantization/fx/quantize_handler.py
   from /tmp/pip-uninstall-30rrqvv5/ao/quantization/fx/quantize_handler.py
  Moving to /share/home/yuan/.conda/envs/mi_torch_cu118/lib/python3.10/site-packages/torch/ao/quantization/fx/tracer.py
   from /tmp/pip-uninstall-30rrqvv5/ao/quantization/fx/tracer.py
  Moving to /share/home/yuan/.conda/envs/mi_torch_cu118/lib/python3.10/site-packages/torch/ao/quantization/fx/utils.py
   from /tmp/pip-uninstall-30rrqvv5/ao/quantization/fx/utils.py
  Moving to /share/home/yuan/.conda/envs/mi_torch_cu118/lib/python3.10/site-packages/torch/ao/quantization/observer.py
   from /tmp/pip-uninstall-30rrqvv5/ao/quantization/observer.py
  Moving to /share/home/yuan/.conda/envs/mi_torch_cu118/lib/python3.10/site-packages/torch/ao/quantization/pt2e/__init__.py
   from /tmp/pip-uninstall-30rrqvv5/ao/quantization/pt2e/__init__.py
  Moving to /share/home/yuan/.conda/envs/mi_torch_cu118/lib/python3.10/site-packages/torch/ao/quantization/pt2e/__pycache__/__init__.cpython-310.pyc
   from /tmp/pip-uninstall-30rrqvv5/ao/quantization/pt2e/__pycache__/__init__.cpython-310.pyc
  Moving to /share/home/yuan/.conda/envs/mi_torch_cu118/lib/python3.10/site-packages/torch/ao/quantization/pt2e/__pycache__/_numeric_debugger.cpython-310.pyc
   from /tmp/pip-uninstall-30rrqvv5/ao/quantization/pt2e/__pycache__/_numeric_debugger.cpython-310.pyc
  Moving to /share/home/yuan/.conda/envs/mi_torch_cu118/lib/python3.10/site-packages/torch/ao/quantization/pt2e/__pycache__/duplicate_dq_pass.cpython-310.pyc
   from /tmp/pip-uninstall-30rrqvv5/ao/quantization/pt2e/__pycache__/duplicate_dq_pass.cpython-310.pyc
  Moving to /share/home/yuan/.conda/envs/mi_torch_cu118/lib/python3.10/site-packages/torch/ao/quantization/pt2e/__pycache__/export_utils.cpython-310.pyc
   from /tmp/pip-uninstall-30rrqvv5/ao/quantization/pt2e/__pycache__/export_utils.cpython-310.pyc
  Moving to /share/home/yuan/.conda/envs/mi_torch_cu118/lib/python3.10/site-packages/torch/ao/quantization/pt2e/__pycache__/graph_utils.cpython-310.pyc
   from /tmp/pip-uninstall-30rrqvv5/ao/quantization/pt2e/__pycache__/graph_utils.cpython-310.pyc
  Moving to /share/home/yuan/.conda/envs/mi_torch_cu118/lib/python3.10/site-packages/torch/ao/quantization/pt2e/__pycache__/port_metadata_pass.cpython-310.pyc
   from /tmp/pip-uninstall-30rrqvv5/ao/quantization/pt2e/__pycache__/port_metadata_pass.cpython-310.pyc
  Moving to /share/home/yuan/.conda/envs/mi_torch_cu118/lib/python3.10/site-packages/torch/ao/quantization/pt2e/__pycache__/prepare.cpython-310.pyc
   from /tmp/pip-uninstall-30rrqvv5/ao/quantization/pt2e/__pycache__/prepare.cpython-310.pyc
  Moving to /share/home/yuan/.conda/envs/mi_torch_cu118/lib/python3.10/site-packages/torch/ao/quantization/pt2e/__pycache__/qat_utils.cpython-310.pyc
   from /tmp/pip-uninstall-30rrqvv5/ao/quantization/pt2e/__pycache__/qat_utils.cpython-310.pyc
  Moving to /share/home/yuan/.conda/envs/mi_torch_cu118/lib/python3.10/site-packages/torch/ao/quantization/pt2e/__pycache__/utils.cpython-310.pyc
   from /tmp/pip-uninstall-30rrqvv5/ao/quantization/pt2e/__pycache__/utils.cpython-310.pyc
  Moving to /share/home/yuan/.conda/envs/mi_torch_cu118/lib/python3.10/site-packages/torch/ao/quantization/pt2e/_numeric_debugger.py
   from /tmp/pip-uninstall-30rrqvv5/ao/quantization/pt2e/_numeric_debugger.py
  Moving to /share/home/yuan/.conda/envs/mi_torch_cu118/lib/python3.10/site-packages/torch/ao/quantization/pt2e/duplicate_dq_pass.py
   from /tmp/pip-uninstall-30rrqvv5/ao/quantization/pt2e/duplicate_dq_pass.py
  Moving to /share/home/yuan/.conda/envs/mi_torch_cu118/lib/python3.10/site-packages/torch/ao/quantization/pt2e/export_utils.py
   from /tmp/pip-uninstall-30rrqvv5/ao/quantization/pt2e/export_utils.py
  Moving to /share/home/yuan/.conda/envs/mi_torch_cu118/lib/python3.10/site-packages/torch/ao/quantization/pt2e/graph_utils.py
   from /tmp/pip-uninstall-30rrqvv5/ao/quantization/pt2e/graph_utils.py
  Moving to /share/home/yuan/.conda/envs/mi_torch_cu118/lib/python3.10/site-packages/torch/ao/quantization/pt2e/port_metadata_pass.py
   from /tmp/pip-uninstall-30rrqvv5/ao/quantization/pt2e/port_metadata_pass.py
  Moving to /share/home/yuan/.conda/envs/mi_torch_cu118/lib/python3.10/site-packages/torch/ao/quantization/pt2e/prepare.py
   from /tmp/pip-uninstall-30rrqvv5/ao/quantization/pt2e/prepare.py
  Moving to /share/home/yuan/.conda/envs/mi_torch_cu118/lib/python3.10/site-packages/torch/ao/quantization/pt2e/qat_utils.py
   from /tmp/pip-uninstall-30rrqvv5/ao/quantization/pt2e/qat_utils.py
  Moving to /share/home/yuan/.conda/envs/mi_torch_cu118/lib/python3.10/site-packages/torch/ao/quantization/pt2e/representation/__init__.py
   from /tmp/pip-uninstall-30rrqvv5/ao/quantization/pt2e/representation/__init__.py
  Moving to /share/home/yuan/.conda/envs/mi_torch_cu118/lib/python3.10/site-packages/torch/ao/quantization/pt2e/representation/__pycache__/__init__.cpython-310.pyc
   from /tmp/pip-uninstall-30rrqvv5/ao/quantization/pt2e/representation/__pycache__/__init__.cpython-310.pyc
  Moving to /share/home/yuan/.conda/envs/mi_torch_cu118/lib/python3.10/site-packages/torch/ao/quantization/pt2e/representation/__pycache__/rewrite.cpython-310.pyc
   from /tmp/pip-uninstall-30rrqvv5/ao/quantization/pt2e/representation/__pycache__/rewrite.cpython-310.pyc
  Moving to /share/home/yuan/.conda/envs/mi_torch_cu118/lib/python3.10/site-packages/torch/ao/quantization/pt2e/representation/rewrite.py
   from /tmp/pip-uninstall-30rrqvv5/ao/quantization/pt2e/representation/rewrite.py
  Moving to /share/home/yuan/.conda/envs/mi_torch_cu118/lib/python3.10/site-packages/torch/ao/quantization/pt2e/utils.py
   from /tmp/pip-uninstall-30rrqvv5/ao/quantization/pt2e/utils.py
  Moving to /share/home/yuan/.conda/envs/mi_torch_cu118/lib/python3.10/site-packages/torch/ao/quantization/qconfig.py
   from /tmp/pip-uninstall-30rrqvv5/ao/quantization/qconfig.py
  Moving to /share/home/yuan/.conda/envs/mi_torch_cu118/lib/python3.10/site-packages/torch/ao/quantization/qconfig_mapping.py
   from /tmp/pip-uninstall-30rrqvv5/ao/quantization/qconfig_mapping.py
  Moving to /share/home/yuan/.conda/envs/mi_torch_cu118/lib/python3.10/site-packages/torch/ao/quantization/quant_type.py
   from /tmp/pip-uninstall-30rrqvv5/ao/quantization/quant_type.py
  Moving to /share/home/yuan/.conda/envs/mi_torch_cu118/lib/python3.10/site-packages/torch/ao/quantization/quantization_mappings.py
   from /tmp/pip-uninstall-30rrqvv5/ao/quantization/quantization_mappings.py
  Moving to /share/home/yuan/.conda/envs/mi_torch_cu118/lib/python3.10/site-packages/torch/ao/quantization/quantize.py
   from /tmp/pip-uninstall-30rrqvv5/ao/quantization/quantize.py
  Moving to /share/home/yuan/.conda/envs/mi_torch_cu118/lib/python3.10/site-packages/torch/ao/quantization/quantize_fx.py
   from /tmp/pip-uninstall-30rrqvv5/ao/quantization/quantize_fx.py
  Moving to /share/home/yuan/.conda/envs/mi_torch_cu118/lib/python3.10/site-packages/torch/ao/quantization/quantize_jit.py
   from /tmp/pip-uninstall-30rrqvv5/ao/quantization/quantize_jit.py
  Moving to /share/home/yuan/.conda/envs/mi_torch_cu118/lib/python3.10/site-packages/torch/ao/quantization/quantize_pt2e.py
   from /tmp/pip-uninstall-30rrqvv5/ao/quantization/quantize_pt2e.py
  Moving to /share/home/yuan/.conda/envs/mi_torch_cu118/lib/python3.10/site-packages/torch/ao/quantization/quantizer/__init__.py
   from /tmp/pip-uninstall-30rrqvv5/ao/quantization/quantizer/__init__.py
  Moving to /share/home/yuan/.conda/envs/mi_torch_cu118/lib/python3.10/site-packages/torch/ao/quantization/quantizer/__pycache__/__init__.cpython-310.pyc
   from /tmp/pip-uninstall-30rrqvv5/ao/quantization/quantizer/__pycache__/__init__.cpython-310.pyc
  Moving to /share/home/yuan/.conda/envs/mi_torch_cu118/lib/python3.10/site-packages/torch/ao/quantization/quantizer/__pycache__/composable_quantizer.cpython-310.pyc
   from /tmp/pip-uninstall-30rrqvv5/ao/quantization/quantizer/__pycache__/composable_quantizer.cpython-310.pyc
  Moving to /share/home/yuan/.conda/envs/mi_torch_cu118/lib/python3.10/site-packages/torch/ao/quantization/quantizer/__pycache__/embedding_quantizer.cpython-310.pyc
   from /tmp/pip-uninstall-30rrqvv5/ao/quantization/quantizer/__pycache__/embedding_quantizer.cpython-310.pyc
  Moving to /share/home/yuan/.conda/envs/mi_torch_cu118/lib/python3.10/site-packages/torch/ao/quantization/quantizer/__pycache__/quantizer.cpython-310.pyc
   from /tmp/pip-uninstall-30rrqvv5/ao/quantization/quantizer/__pycache__/quantizer.cpython-310.pyc
  Moving to /share/home/yuan/.conda/envs/mi_torch_cu118/lib/python3.10/site-packages/torch/ao/quantization/quantizer/__pycache__/utils.cpython-310.pyc
   from /tmp/pip-uninstall-30rrqvv5/ao/quantization/quantizer/__pycache__/utils.cpython-310.pyc
  Moving to /share/home/yuan/.conda/envs/mi_torch_cu118/lib/python3.10/site-packages/torch/ao/quantization/quantizer/__pycache__/x86_inductor_quantizer.cpython-310.pyc
   from /tmp/pip-uninstall-30rrqvv5/ao/quantization/quantizer/__pycache__/x86_inductor_quantizer.cpython-310.pyc
  Moving to /share/home/yuan/.conda/envs/mi_torch_cu118/lib/python3.10/site-packages/torch/ao/quantization/quantizer/__pycache__/xnnpack_quantizer.cpython-310.pyc
   from /tmp/pip-uninstall-30rrqvv5/ao/quantization/quantizer/__pycache__/xnnpack_quantizer.cpython-310.pyc
  Moving to /share/home/yuan/.conda/envs/mi_torch_cu118/lib/python3.10/site-packages/torch/ao/quantization/quantizer/__pycache__/xnnpack_quantizer_utils.cpython-310.pyc
   from /tmp/pip-uninstall-30rrqvv5/ao/quantization/quantizer/__pycache__/xnnpack_quantizer_utils.cpython-310.pyc
  Moving to /share/home/yuan/.conda/envs/mi_torch_cu118/lib/python3.10/site-packages/torch/ao/quantization/quantizer/__pycache__/xpu_inductor_quantizer.cpython-310.pyc
   from /tmp/pip-uninstall-30rrqvv5/ao/quantization/quantizer/__pycache__/xpu_inductor_quantizer.cpython-310.pyc
  Moving to /share/home/yuan/.conda/envs/mi_torch_cu118/lib/python3.10/site-packages/torch/ao/quantization/quantizer/composable_quantizer.py
   from /tmp/pip-uninstall-30rrqvv5/ao/quantization/quantizer/composable_quantizer.py
  Moving to /share/home/yuan/.conda/envs/mi_torch_cu118/lib/python3.10/site-packages/torch/ao/quantization/quantizer/embedding_quantizer.py
   from /tmp/pip-uninstall-30rrqvv5/ao/quantization/quantizer/embedding_quantizer.py
  Moving to /share/home/yuan/.conda/envs/mi_torch_cu118/lib/python3.10/site-packages/torch/ao/quantization/quantizer/quantizer.py
   from /tmp/pip-uninstall-30rrqvv5/ao/quantization/quantizer/quantizer.py
  Moving to /share/home/yuan/.conda/envs/mi_torch_cu118/lib/python3.10/site-packages/torch/ao/quantization/quantizer/utils.py
   from /tmp/pip-uninstall-30rrqvv5/ao/quantization/quantizer/utils.py
  Moving to /share/home/yuan/.conda/envs/mi_torch_cu118/lib/python3.10/site-packages/torch/ao/quantization/quantizer/x86_inductor_quantizer.py
   from /tmp/pip-uninstall-30rrqvv5/ao/quantization/quantizer/x86_inductor_quantizer.py
  Moving to /share/home/yuan/.conda/envs/mi_torch_cu118/lib/python3.10/site-packages/torch/ao/quantization/quantizer/xnnpack_quantizer.py
   from /tmp/pip-uninstall-30rrqvv5/ao/quantization/quantizer/xnnpack_quantizer.py
  Moving to /share/home/yuan/.conda/envs/mi_torch_cu118/lib/python3.10/site-packages/torch/ao/quantization/quantizer/xnnpack_quantizer_utils.py
   from /tmp/pip-uninstall-30rrqvv5/ao/quantization/quantizer/xnnpack_quantizer_utils.py
  Moving to /share/home/yuan/.conda/envs/mi_torch_cu118/lib/python3.10/site-packages/torch/ao/quantization/quantizer/xpu_inductor_quantizer.py
   from /tmp/pip-uninstall-30rrqvv5/ao/quantization/quantizer/xpu_inductor_quantizer.py
  Moving to /share/home/yuan/.conda/envs/mi_torch_cu118/lib/python3.10/site-packages/torch/ao/quantization/stubs.py
   from /tmp/pip-uninstall-30rrqvv5/ao/quantization/stubs.py
  Moving to /share/home/yuan/.conda/envs/mi_torch_cu118/lib/python3.10/site-packages/torch/ao/quantization/utils.py
   from /tmp/pip-uninstall-30rrqvv5/ao/quantization/utils.py
  Moving to /share/home/yuan/.conda/envs/mi_torch_cu118/lib/python3.10/site-packages/torch/autograd/__init__.py
   from /tmp/pip-uninstall-30rrqvv5/autograd/__init__.py
  Moving to /share/home/yuan/.conda/envs/mi_torch_cu118/lib/python3.10/site-packages/torch/autograd/__pycache__/__init__.cpython-310.pyc
   from /tmp/pip-uninstall-30rrqvv5/autograd/__pycache__/__init__.cpython-310.pyc
  Moving to /share/home/yuan/.conda/envs/mi_torch_cu118/lib/python3.10/site-packages/torch/autograd/__pycache__/anomaly_mode.cpython-310.pyc
   from /tmp/pip-uninstall-30rrqvv5/autograd/__pycache__/anomaly_mode.cpython-310.pyc
  Moving to /share/home/yuan/.conda/envs/mi_torch_cu118/lib/python3.10/site-packages/torch/autograd/__pycache__/forward_ad.cpython-310.pyc
   from /tmp/pip-uninstall-30rrqvv5/autograd/__pycache__/forward_ad.cpython-310.pyc
  Moving to /share/home/yuan/.conda/envs/mi_torch_cu118/lib/python3.10/site-packages/torch/autograd/__pycache__/function.cpython-310.pyc
   from /tmp/pip-uninstall-30rrqvv5/autograd/__pycache__/function.cpython-310.pyc
  Moving to /share/home/yuan/.conda/envs/mi_torch_cu118/lib/python3.10/site-packages/torch/autograd/__pycache__/functional.cpython-310.pyc
   from /tmp/pip-uninstall-30rrqvv5/autograd/__pycache__/functional.cpython-310.pyc
  Moving to /share/home/yuan/.conda/envs/mi_torch_cu118/lib/python3.10/site-packages/torch/autograd/__pycache__/grad_mode.cpython-310.pyc
   from /tmp/pip-uninstall-30rrqvv5/autograd/__pycache__/grad_mode.cpython-310.pyc
  Moving to /share/home/yuan/.conda/envs/mi_torch_cu118/lib/python3.10/site-packages/torch/autograd/__pycache__/gradcheck.cpython-310.pyc
   from /tmp/pip-uninstall-30rrqvv5/autograd/__pycache__/gradcheck.cpython-310.pyc
  Moving to /share/home/yuan/.conda/envs/mi_torch_cu118/lib/python3.10/site-packages/torch/autograd/__pycache__/graph.cpython-310.pyc
   from /tmp/pip-uninstall-30rrqvv5/autograd/__pycache__/graph.cpython-310.pyc
  Moving to /share/home/yuan/.conda/envs/mi_torch_cu118/lib/python3.10/site-packages/torch/autograd/__pycache__/profiler.cpython-310.pyc
   from /tmp/pip-uninstall-30rrqvv5/autograd/__pycache__/profiler.cpython-310.pyc
  Moving to /share/home/yuan/.conda/envs/mi_torch_cu118/lib/python3.10/site-packages/torch/autograd/__pycache__/profiler_legacy.cpython-310.pyc
   from /tmp/pip-uninstall-30rrqvv5/autograd/__pycache__/profiler_legacy.cpython-310.pyc
  Moving to /share/home/yuan/.conda/envs/mi_torch_cu118/lib/python3.10/site-packages/torch/autograd/__pycache__/profiler_util.cpython-310.pyc
   from /tmp/pip-uninstall-30rrqvv5/autograd/__pycache__/profiler_util.cpython-310.pyc
  Moving to /share/home/yuan/.conda/envs/mi_torch_cu118/lib/python3.10/site-packages/torch/autograd/__pycache__/variable.cpython-310.pyc
   from /tmp/pip-uninstall-30rrqvv5/autograd/__pycache__/variable.cpython-310.pyc
  Moving to /share/home/yuan/.conda/envs/mi_torch_cu118/lib/python3.10/site-packages/torch/autograd/_functions/__init__.py
   from /tmp/pip-uninstall-30rrqvv5/autograd/_functions/__init__.py
  Moving to /share/home/yuan/.conda/envs/mi_torch_cu118/lib/python3.10/site-packages/torch/autograd/_functions/__pycache__/__init__.cpython-310.pyc
   from /tmp/pip-uninstall-30rrqvv5/autograd/_functions/__pycache__/__init__.cpython-310.pyc
  Moving to /share/home/yuan/.conda/envs/mi_torch_cu118/lib/python3.10/site-packages/torch/autograd/_functions/__pycache__/tensor.cpython-310.pyc
   from /tmp/pip-uninstall-30rrqvv5/autograd/_functions/__pycache__/tensor.cpython-310.pyc
  Moving to /share/home/yuan/.conda/envs/mi_torch_cu118/lib/python3.10/site-packages/torch/autograd/_functions/__pycache__/utils.cpython-310.pyc
   from /tmp/pip-uninstall-30rrqvv5/autograd/_functions/__pycache__/utils.cpython-310.pyc
  Moving to /share/home/yuan/.conda/envs/mi_torch_cu118/lib/python3.10/site-packages/torch/autograd/_functions/tensor.py
   from /tmp/pip-uninstall-30rrqvv5/autograd/_functions/tensor.py
  Moving to /share/home/yuan/.conda/envs/mi_torch_cu118/lib/python3.10/site-packages/torch/autograd/_functions/utils.py
   from /tmp/pip-uninstall-30rrqvv5/autograd/_functions/utils.py
  Moving to /share/home/yuan/.conda/envs/mi_torch_cu118/lib/python3.10/site-packages/torch/autograd/anomaly_mode.py
   from /tmp/pip-uninstall-30rrqvv5/autograd/anomaly_mode.py
  Moving to /share/home/yuan/.conda/envs/mi_torch_cu118/lib/python3.10/site-packages/torch/autograd/forward_ad.py
   from /tmp/pip-uninstall-30rrqvv5/autograd/forward_ad.py
  Moving to /share/home/yuan/.conda/envs/mi_torch_cu118/lib/python3.10/site-packages/torch/autograd/function.py
   from /tmp/pip-uninstall-30rrqvv5/autograd/function.py
  Moving to /share/home/yuan/.conda/envs/mi_torch_cu118/lib/python3.10/site-packages/torch/autograd/functional.py
   from /tmp/pip-uninstall-30rrqvv5/autograd/functional.py
  Moving to /share/home/yuan/.conda/envs/mi_torch_cu118/lib/python3.10/site-packages/torch/autograd/grad_mode.py
   from /tmp/pip-uninstall-30rrqvv5/autograd/grad_mode.py
  Moving to /share/home/yuan/.conda/envs/mi_torch_cu118/lib/python3.10/site-packages/torch/autograd/gradcheck.py
   from /tmp/pip-uninstall-30rrqvv5/autograd/gradcheck.py
  Moving to /share/home/yuan/.conda/envs/mi_torch_cu118/lib/python3.10/site-packages/torch/autograd/graph.py
   from /tmp/pip-uninstall-30rrqvv5/autograd/graph.py
  Moving to /share/home/yuan/.conda/envs/mi_torch_cu118/lib/python3.10/site-packages/torch/autograd/profiler.py
   from /tmp/pip-uninstall-30rrqvv5/autograd/profiler.py
  Moving to /share/home/yuan/.conda/envs/mi_torch_cu118/lib/python3.10/site-packages/torch/autograd/profiler_legacy.py
   from /tmp/pip-uninstall-30rrqvv5/autograd/profiler_legacy.py
  Moving to /share/home/yuan/.conda/envs/mi_torch_cu118/lib/python3.10/site-packages/torch/autograd/profiler_util.py
   from /tmp/pip-uninstall-30rrqvv5/autograd/profiler_util.py
  Moving to /share/home/yuan/.conda/envs/mi_torch_cu118/lib/python3.10/site-packages/torch/autograd/variable.py
   from /tmp/pip-uninstall-30rrqvv5/autograd/variable.py
  Moving to /share/home/yuan/.conda/envs/mi_torch_cu118/lib/python3.10/site-packages/torch/backends/__init__.py
   from /tmp/pip-uninstall-30rrqvv5/backends/__init__.py
  Moving to /share/home/yuan/.conda/envs/mi_torch_cu118/lib/python3.10/site-packages/torch/backends/__pycache__/__init__.cpython-310.pyc
   from /tmp/pip-uninstall-30rrqvv5/backends/__pycache__/__init__.cpython-310.pyc
  Moving to /share/home/yuan/.conda/envs/mi_torch_cu118/lib/python3.10/site-packages/torch/backends/_coreml/__init__.py
   from /tmp/pip-uninstall-30rrqvv5/backends/_coreml/__init__.py
  Moving to /share/home/yuan/.conda/envs/mi_torch_cu118/lib/python3.10/site-packages/torch/backends/_coreml/__pycache__/__init__.cpython-310.pyc
   from /tmp/pip-uninstall-30rrqvv5/backends/_coreml/__pycache__/__init__.cpython-310.pyc
  Moving to /share/home/yuan/.conda/envs/mi_torch_cu118/lib/python3.10/site-packages/torch/backends/_coreml/__pycache__/preprocess.cpython-310.pyc
   from /tmp/pip-uninstall-30rrqvv5/backends/_coreml/__pycache__/preprocess.cpython-310.pyc
  Moving to /share/home/yuan/.conda/envs/mi_torch_cu118/lib/python3.10/site-packages/torch/backends/_coreml/preprocess.py
   from /tmp/pip-uninstall-30rrqvv5/backends/_coreml/preprocess.py
  Moving to /share/home/yuan/.conda/envs/mi_torch_cu118/lib/python3.10/site-packages/torch/backends/_nnapi/__init__.py
   from /tmp/pip-uninstall-30rrqvv5/backends/_nnapi/__init__.py
  Moving to /share/home/yuan/.conda/envs/mi_torch_cu118/lib/python3.10/site-packages/torch/backends/_nnapi/__pycache__/__init__.cpython-310.pyc
   from /tmp/pip-uninstall-30rrqvv5/backends/_nnapi/__pycache__/__init__.cpython-310.pyc
  Moving to /share/home/yuan/.conda/envs/mi_torch_cu118/lib/python3.10/site-packages/torch/backends/_nnapi/__pycache__/prepare.cpython-310.pyc
   from /tmp/pip-uninstall-30rrqvv5/backends/_nnapi/__pycache__/prepare.cpython-310.pyc
  Moving to /share/home/yuan/.conda/envs/mi_torch_cu118/lib/python3.10/site-packages/torch/backends/_nnapi/__pycache__/serializer.cpython-310.pyc
   from /tmp/pip-uninstall-30rrqvv5/backends/_nnapi/__pycache__/serializer.cpython-310.pyc
  Moving to /share/home/yuan/.conda/envs/mi_torch_cu118/lib/python3.10/site-packages/torch/backends/_nnapi/prepare.py
   from /tmp/pip-uninstall-30rrqvv5/backends/_nnapi/prepare.py
  Moving to /share/home/yuan/.conda/envs/mi_torch_cu118/lib/python3.10/site-packages/torch/backends/_nnapi/serializer.py
   from /tmp/pip-uninstall-30rrqvv5/backends/_nnapi/serializer.py
  Moving to /share/home/yuan/.conda/envs/mi_torch_cu118/lib/python3.10/site-packages/torch/backends/cpu/__init__.py
   from /tmp/pip-uninstall-30rrqvv5/backends/cpu/__init__.py
  Moving to /share/home/yuan/.conda/envs/mi_torch_cu118/lib/python3.10/site-packages/torch/backends/cpu/__pycache__/__init__.cpython-310.pyc
   from /tmp/pip-uninstall-30rrqvv5/backends/cpu/__pycache__/__init__.cpython-310.pyc
  Moving to /share/home/yuan/.conda/envs/mi_torch_cu118/lib/python3.10/site-packages/torch/backends/cuda/__init__.py
   from /tmp/pip-uninstall-30rrqvv5/backends/cuda/__init__.py
  Moving to /share/home/yuan/.conda/envs/mi_torch_cu118/lib/python3.10/site-packages/torch/backends/cuda/__pycache__/__init__.cpython-310.pyc
   from /tmp/pip-uninstall-30rrqvv5/backends/cuda/__pycache__/__init__.cpython-310.pyc
  Moving to /share/home/yuan/.conda/envs/mi_torch_cu118/lib/python3.10/site-packages/torch/backends/cudnn/__init__.py
   from /tmp/pip-uninstall-30rrqvv5/backends/cudnn/__init__.py
  Moving to /share/home/yuan/.conda/envs/mi_torch_cu118/lib/python3.10/site-packages/torch/backends/cudnn/__pycache__/__init__.cpython-310.pyc
   from /tmp/pip-uninstall-30rrqvv5/backends/cudnn/__pycache__/__init__.cpython-310.pyc
  Moving to /share/home/yuan/.conda/envs/mi_torch_cu118/lib/python3.10/site-packages/torch/backends/cudnn/__pycache__/rnn.cpython-310.pyc
   from /tmp/pip-uninstall-30rrqvv5/backends/cudnn/__pycache__/rnn.cpython-310.pyc
  Moving to /share/home/yuan/.conda/envs/mi_torch_cu118/lib/python3.10/site-packages/torch/backends/cudnn/rnn.py
   from /tmp/pip-uninstall-30rrqvv5/backends/cudnn/rnn.py
  Moving to /share/home/yuan/.conda/envs/mi_torch_cu118/lib/python3.10/site-packages/torch/backends/cusparselt/__init__.py
   from /tmp/pip-uninstall-30rrqvv5/backends/cusparselt/__init__.py
  Moving to /share/home/yuan/.conda/envs/mi_torch_cu118/lib/python3.10/site-packages/torch/backends/cusparselt/__pycache__/__init__.cpython-310.pyc
   from /tmp/pip-uninstall-30rrqvv5/backends/cusparselt/__pycache__/__init__.cpython-310.pyc
  Moving to /share/home/yuan/.conda/envs/mi_torch_cu118/lib/python3.10/site-packages/torch/backends/mha/__init__.py
   from /tmp/pip-uninstall-30rrqvv5/backends/mha/__init__.py
  Moving to /share/home/yuan/.conda/envs/mi_torch_cu118/lib/python3.10/site-packages/torch/backends/mha/__pycache__/__init__.cpython-310.pyc
   from /tmp/pip-uninstall-30rrqvv5/backends/mha/__pycache__/__init__.cpython-310.pyc
  Moving to /share/home/yuan/.conda/envs/mi_torch_cu118/lib/python3.10/site-packages/torch/backends/mkl/__init__.py
   from /tmp/pip-uninstall-30rrqvv5/backends/mkl/__init__.py
  Moving to /share/home/yuan/.conda/envs/mi_torch_cu118/lib/python3.10/site-packages/torch/backends/mkl/__pycache__/__init__.cpython-310.pyc
   from /tmp/pip-uninstall-30rrqvv5/backends/mkl/__pycache__/__init__.cpython-310.pyc
  Moving to /share/home/yuan/.conda/envs/mi_torch_cu118/lib/python3.10/site-packages/torch/backends/mkldnn/__init__.py
   from /tmp/pip-uninstall-30rrqvv5/backends/mkldnn/__init__.py
  Moving to /share/home/yuan/.conda/envs/mi_torch_cu118/lib/python3.10/site-packages/torch/backends/mkldnn/__pycache__/__init__.cpython-310.pyc
   from /tmp/pip-uninstall-30rrqvv5/backends/mkldnn/__pycache__/__init__.cpython-310.pyc
  Moving to /share/home/yuan/.conda/envs/mi_torch_cu118/lib/python3.10/site-packages/torch/backends/mps/__init__.py
   from /tmp/pip-uninstall-30rrqvv5/backends/mps/__init__.py
  Moving to /share/home/yuan/.conda/envs/mi_torch_cu118/lib/python3.10/site-packages/torch/backends/mps/__pycache__/__init__.cpython-310.pyc
   from /tmp/pip-uninstall-30rrqvv5/backends/mps/__pycache__/__init__.cpython-310.pyc
  Moving to /share/home/yuan/.conda/envs/mi_torch_cu118/lib/python3.10/site-packages/torch/backends/nnpack/__init__.py
   from /tmp/pip-uninstall-30rrqvv5/backends/nnpack/__init__.py
  Moving to /share/home/yuan/.conda/envs/mi_torch_cu118/lib/python3.10/site-packages/torch/backends/nnpack/__pycache__/__init__.cpython-310.pyc
   from /tmp/pip-uninstall-30rrqvv5/backends/nnpack/__pycache__/__init__.cpython-310.pyc
  Moving to /share/home/yuan/.conda/envs/mi_torch_cu118/lib/python3.10/site-packages/torch/backends/openmp/__init__.py
   from /tmp/pip-uninstall-30rrqvv5/backends/openmp/__init__.py
  Moving to /share/home/yuan/.conda/envs/mi_torch_cu118/lib/python3.10/site-packages/torch/backends/openmp/__pycache__/__init__.cpython-310.pyc
   from /tmp/pip-uninstall-30rrqvv5/backends/openmp/__pycache__/__init__.cpython-310.pyc
  Moving to /share/home/yuan/.conda/envs/mi_torch_cu118/lib/python3.10/site-packages/torch/backends/opt_einsum/__init__.py
   from /tmp/pip-uninstall-30rrqvv5/backends/opt_einsum/__init__.py
  Moving to /share/home/yuan/.conda/envs/mi_torch_cu118/lib/python3.10/site-packages/torch/backends/opt_einsum/__pycache__/__init__.cpython-310.pyc
   from /tmp/pip-uninstall-30rrqvv5/backends/opt_einsum/__pycache__/__init__.cpython-310.pyc
  Moving to /share/home/yuan/.conda/envs/mi_torch_cu118/lib/python3.10/site-packages/torch/backends/quantized/__init__.py
   from /tmp/pip-uninstall-30rrqvv5/backends/quantized/__init__.py
  Moving to /share/home/yuan/.conda/envs/mi_torch_cu118/lib/python3.10/site-packages/torch/backends/quantized/__pycache__/__init__.cpython-310.pyc
   from /tmp/pip-uninstall-30rrqvv5/backends/quantized/__pycache__/__init__.cpython-310.pyc
  Moving to /share/home/yuan/.conda/envs/mi_torch_cu118/lib/python3.10/site-packages/torch/backends/xeon/__init__.py
   from /tmp/pip-uninstall-30rrqvv5/backends/xeon/__init__.py
  Moving to /share/home/yuan/.conda/envs/mi_torch_cu118/lib/python3.10/site-packages/torch/backends/xeon/__pycache__/__init__.cpython-310.pyc
   from /tmp/pip-uninstall-30rrqvv5/backends/xeon/__pycache__/__init__.cpython-310.pyc
  Moving to /share/home/yuan/.conda/envs/mi_torch_cu118/lib/python3.10/site-packages/torch/backends/xeon/__pycache__/run_cpu.cpython-310.pyc
   from /tmp/pip-uninstall-30rrqvv5/backends/xeon/__pycache__/run_cpu.cpython-310.pyc
  Moving to /share/home/yuan/.conda/envs/mi_torch_cu118/lib/python3.10/site-packages/torch/backends/xeon/run_cpu.py
   from /tmp/pip-uninstall-30rrqvv5/backends/xeon/run_cpu.py
  Moving to /share/home/yuan/.conda/envs/mi_torch_cu118/lib/python3.10/site-packages/torch/backends/xnnpack/__init__.py
   from /tmp/pip-uninstall-30rrqvv5/backends/xnnpack/__init__.py
  Moving to /share/home/yuan/.conda/envs/mi_torch_cu118/lib/python3.10/site-packages/torch/backends/xnnpack/__pycache__/__init__.cpython-310.pyc
   from /tmp/pip-uninstall-30rrqvv5/backends/xnnpack/__pycache__/__init__.cpython-310.pyc
  Moving to /share/home/yuan/.conda/envs/mi_torch_cu118/lib/python3.10/site-packages/torch/bin/torch_shm_manager
   from /tmp/pip-uninstall-30rrqvv5/bin/torch_shm_manager
  Moving to /share/home/yuan/.conda/envs/mi_torch_cu118/lib/python3.10/site-packages/torch/compiler/__init__.py
   from /tmp/pip-uninstall-30rrqvv5/compiler/__init__.py
  Moving to /share/home/yuan/.conda/envs/mi_torch_cu118/lib/python3.10/site-packages/torch/compiler/__pycache__/__init__.cpython-310.pyc
   from /tmp/pip-uninstall-30rrqvv5/compiler/__pycache__/__init__.cpython-310.pyc
  Moving to /share/home/yuan/.conda/envs/mi_torch_cu118/lib/python3.10/site-packages/torch/compiler/__pycache__/config.cpython-310.pyc
   from /tmp/pip-uninstall-30rrqvv5/compiler/__pycache__/config.cpython-310.pyc
  Moving to /share/home/yuan/.conda/envs/mi_torch_cu118/lib/python3.10/site-packages/torch/compiler/config.py
   from /tmp/pip-uninstall-30rrqvv5/compiler/config.py
  Moving to /share/home/yuan/.conda/envs/mi_torch_cu118/lib/python3.10/site-packages/torch/contrib/__init__.py
   from /tmp/pip-uninstall-30rrqvv5/contrib/__init__.py
  Moving to /share/home/yuan/.conda/envs/mi_torch_cu118/lib/python3.10/site-packages/torch/contrib/__pycache__/__init__.cpython-310.pyc
   from /tmp/pip-uninstall-30rrqvv5/contrib/__pycache__/__init__.cpython-310.pyc
  Moving to /share/home/yuan/.conda/envs/mi_torch_cu118/lib/python3.10/site-packages/torch/contrib/__pycache__/_tensorboard_vis.cpython-310.pyc
   from /tmp/pip-uninstall-30rrqvv5/contrib/__pycache__/_tensorboard_vis.cpython-310.pyc
  Moving to /share/home/yuan/.conda/envs/mi_torch_cu118/lib/python3.10/site-packages/torch/contrib/_tensorboard_vis.py
   from /tmp/pip-uninstall-30rrqvv5/contrib/_tensorboard_vis.py
  Moving to /share/home/yuan/.conda/envs/mi_torch_cu118/lib/python3.10/site-packages/torch/cpu/__init__.py
   from /tmp/pip-uninstall-30rrqvv5/cpu/__init__.py
  Moving to /share/home/yuan/.conda/envs/mi_torch_cu118/lib/python3.10/site-packages/torch/cpu/__pycache__/__init__.cpython-310.pyc
   from /tmp/pip-uninstall-30rrqvv5/cpu/__pycache__/__init__.cpython-310.pyc
  Moving to /share/home/yuan/.conda/envs/mi_torch_cu118/lib/python3.10/site-packages/torch/cpu/amp/__init__.py
   from /tmp/pip-uninstall-30rrqvv5/cpu/amp/__init__.py
  Moving to /share/home/yuan/.conda/envs/mi_torch_cu118/lib/python3.10/site-packages/torch/cpu/amp/__pycache__/__init__.cpython-310.pyc
   from /tmp/pip-uninstall-30rrqvv5/cpu/amp/__pycache__/__init__.cpython-310.pyc
  Moving to /share/home/yuan/.conda/envs/mi_torch_cu118/lib/python3.10/site-packages/torch/cpu/amp/__pycache__/autocast_mode.cpython-310.pyc
   from /tmp/pip-uninstall-30rrqvv5/cpu/amp/__pycache__/autocast_mode.cpython-310.pyc
  Moving to /share/home/yuan/.conda/envs/mi_torch_cu118/lib/python3.10/site-packages/torch/cpu/amp/__pycache__/grad_scaler.cpython-310.pyc
   from /tmp/pip-uninstall-30rrqvv5/cpu/amp/__pycache__/grad_scaler.cpython-310.pyc
  Moving to /share/home/yuan/.conda/envs/mi_torch_cu118/lib/python3.10/site-packages/torch/cpu/amp/autocast_mode.py
   from /tmp/pip-uninstall-30rrqvv5/cpu/amp/autocast_mode.py
  Moving to /share/home/yuan/.conda/envs/mi_torch_cu118/lib/python3.10/site-packages/torch/cpu/amp/grad_scaler.py
   from /tmp/pip-uninstall-30rrqvv5/cpu/amp/grad_scaler.py
  Moving to /share/home/yuan/.conda/envs/mi_torch_cu118/lib/python3.10/site-packages/torch/cuda/__init__.py
   from /tmp/pip-uninstall-30rrqvv5/cuda/__init__.py
  Moving to /share/home/yuan/.conda/envs/mi_torch_cu118/lib/python3.10/site-packages/torch/cuda/__pycache__/__init__.cpython-310.pyc
   from /tmp/pip-uninstall-30rrqvv5/cuda/__pycache__/__init__.cpython-310.pyc
  Moving to /share/home/yuan/.conda/envs/mi_torch_cu118/lib/python3.10/site-packages/torch/cuda/__pycache__/_gpu_trace.cpython-310.pyc
   from /tmp/pip-uninstall-30rrqvv5/cuda/__pycache__/_gpu_trace.cpython-310.pyc
  Moving to /share/home/yuan/.conda/envs/mi_torch_cu118/lib/python3.10/site-packages/torch/cuda/__pycache__/_memory_viz.cpython-310.pyc
   from /tmp/pip-uninstall-30rrqvv5/cuda/__pycache__/_memory_viz.cpython-310.pyc
  Moving to /share/home/yuan/.conda/envs/mi_torch_cu118/lib/python3.10/site-packages/torch/cuda/__pycache__/_sanitizer.cpython-310.pyc
   from /tmp/pip-uninstall-30rrqvv5/cuda/__pycache__/_sanitizer.cpython-310.pyc
  Moving to /share/home/yuan/.conda/envs/mi_torch_cu118/lib/python3.10/site-packages/torch/cuda/__pycache__/_utils.cpython-310.pyc
   from /tmp/pip-uninstall-30rrqvv5/cuda/__pycache__/_utils.cpython-310.pyc
  Moving to /share/home/yuan/.conda/envs/mi_torch_cu118/lib/python3.10/site-packages/torch/cuda/__pycache__/comm.cpython-310.pyc
   from /tmp/pip-uninstall-30rrqvv5/cuda/__pycache__/comm.cpython-310.pyc
  Moving to /share/home/yuan/.conda/envs/mi_torch_cu118/lib/python3.10/site-packages/torch/cuda/__pycache__/error.cpython-310.pyc
   from /tmp/pip-uninstall-30rrqvv5/cuda/__pycache__/error.cpython-310.pyc
  Moving to /share/home/yuan/.conda/envs/mi_torch_cu118/lib/python3.10/site-packages/torch/cuda/__pycache__/gds.cpython-310.pyc
   from /tmp/pip-uninstall-30rrqvv5/cuda/__pycache__/gds.cpython-310.pyc
  Moving to /share/home/yuan/.conda/envs/mi_torch_cu118/lib/python3.10/site-packages/torch/cuda/__pycache__/graphs.cpython-310.pyc
   from /tmp/pip-uninstall-30rrqvv5/cuda/__pycache__/graphs.cpython-310.pyc
  Moving to /share/home/yuan/.conda/envs/mi_torch_cu118/lib/python3.10/site-packages/torch/cuda/__pycache__/jiterator.cpython-310.pyc
   from /tmp/pip-uninstall-30rrqvv5/cuda/__pycache__/jiterator.cpython-310.pyc
  Moving to /share/home/yuan/.conda/envs/mi_torch_cu118/lib/python3.10/site-packages/torch/cuda/__pycache__/memory.cpython-310.pyc
   from /tmp/pip-uninstall-30rrqvv5/cuda/__pycache__/memory.cpython-310.pyc
  Moving to /share/home/yuan/.conda/envs/mi_torch_cu118/lib/python3.10/site-packages/torch/cuda/__pycache__/nccl.cpython-310.pyc
   from /tmp/pip-uninstall-30rrqvv5/cuda/__pycache__/nccl.cpython-310.pyc
  Moving to /share/home/yuan/.conda/envs/mi_torch_cu118/lib/python3.10/site-packages/torch/cuda/__pycache__/nvtx.cpython-310.pyc
   from /tmp/pip-uninstall-30rrqvv5/cuda/__pycache__/nvtx.cpython-310.pyc
  Moving to /share/home/yuan/.conda/envs/mi_torch_cu118/lib/python3.10/site-packages/torch/cuda/__pycache__/profiler.cpython-310.pyc
   from /tmp/pip-uninstall-30rrqvv5/cuda/__pycache__/profiler.cpython-310.pyc
  Moving to /share/home/yuan/.conda/envs/mi_torch_cu118/lib/python3.10/site-packages/torch/cuda/__pycache__/random.cpython-310.pyc
   from /tmp/pip-uninstall-30rrqvv5/cuda/__pycache__/random.cpython-310.pyc
  Moving to /share/home/yuan/.conda/envs/mi_torch_cu118/lib/python3.10/site-packages/torch/cuda/__pycache__/sparse.cpython-310.pyc
   from /tmp/pip-uninstall-30rrqvv5/cuda/__pycache__/sparse.cpython-310.pyc
  Moving to /share/home/yuan/.conda/envs/mi_torch_cu118/lib/python3.10/site-packages/torch/cuda/__pycache__/streams.cpython-310.pyc
   from /tmp/pip-uninstall-30rrqvv5/cuda/__pycache__/streams.cpython-310.pyc
  Moving to /share/home/yuan/.conda/envs/mi_torch_cu118/lib/python3.10/site-packages/torch/cuda/__pycache__/tunable.cpython-310.pyc
   from /tmp/pip-uninstall-30rrqvv5/cuda/__pycache__/tunable.cpython-310.pyc
  Moving to /share/home/yuan/.conda/envs/mi_torch_cu118/lib/python3.10/site-packages/torch/cuda/_gpu_trace.py
   from /tmp/pip-uninstall-30rrqvv5/cuda/_gpu_trace.py
  Moving to /share/home/yuan/.conda/envs/mi_torch_cu118/lib/python3.10/site-packages/torch/cuda/_memory_viz.py
   from /tmp/pip-uninstall-30rrqvv5/cuda/_memory_viz.py
  Moving to /share/home/yuan/.conda/envs/mi_torch_cu118/lib/python3.10/site-packages/torch/cuda/_sanitizer.py
   from /tmp/pip-uninstall-30rrqvv5/cuda/_sanitizer.py
  Moving to /share/home/yuan/.conda/envs/mi_torch_cu118/lib/python3.10/site-packages/torch/cuda/_utils.py
   from /tmp/pip-uninstall-30rrqvv5/cuda/_utils.py
  Moving to /share/home/yuan/.conda/envs/mi_torch_cu118/lib/python3.10/site-packages/torch/cuda/amp/__init__.py
   from /tmp/pip-uninstall-30rrqvv5/cuda/amp/__init__.py
  Moving to /share/home/yuan/.conda/envs/mi_torch_cu118/lib/python3.10/site-packages/torch/cuda/amp/__pycache__/__init__.cpython-310.pyc
   from /tmp/pip-uninstall-30rrqvv5/cuda/amp/__pycache__/__init__.cpython-310.pyc
  Moving to /share/home/yuan/.conda/envs/mi_torch_cu118/lib/python3.10/site-packages/torch/cuda/amp/__pycache__/autocast_mode.cpython-310.pyc
   from /tmp/pip-uninstall-30rrqvv5/cuda/amp/__pycache__/autocast_mode.cpython-310.pyc
  Moving to /share/home/yuan/.conda/envs/mi_torch_cu118/lib/python3.10/site-packages/torch/cuda/amp/__pycache__/common.cpython-310.pyc
   from /tmp/pip-uninstall-30rrqvv5/cuda/amp/__pycache__/common.cpython-310.pyc
  Moving to /share/home/yuan/.conda/envs/mi_torch_cu118/lib/python3.10/site-packages/torch/cuda/amp/__pycache__/grad_scaler.cpython-310.pyc
   from /tmp/pip-uninstall-30rrqvv5/cuda/amp/__pycache__/grad_scaler.cpython-310.pyc
  Moving to /share/home/yuan/.conda/envs/mi_torch_cu118/lib/python3.10/site-packages/torch/cuda/amp/autocast_mode.py
   from /tmp/pip-uninstall-30rrqvv5/cuda/amp/autocast_mode.py
  Moving to /share/home/yuan/.conda/envs/mi_torch_cu118/lib/python3.10/site-packages/torch/cuda/amp/common.py
   from /tmp/pip-uninstall-30rrqvv5/cuda/amp/common.py
  Moving to /share/home/yuan/.conda/envs/mi_torch_cu118/lib/python3.10/site-packages/torch/cuda/amp/grad_scaler.py
   from /tmp/pip-uninstall-30rrqvv5/cuda/amp/grad_scaler.py
  Moving to /share/home/yuan/.conda/envs/mi_torch_cu118/lib/python3.10/site-packages/torch/cuda/comm.py
   from /tmp/pip-uninstall-30rrqvv5/cuda/comm.py
  Moving to /share/home/yuan/.conda/envs/mi_torch_cu118/lib/python3.10/site-packages/torch/cuda/error.py
   from /tmp/pip-uninstall-30rrqvv5/cuda/error.py
  Moving to /share/home/yuan/.conda/envs/mi_torch_cu118/lib/python3.10/site-packages/torch/cuda/gds.py
   from /tmp/pip-uninstall-30rrqvv5/cuda/gds.py
  Moving to /share/home/yuan/.conda/envs/mi_torch_cu118/lib/python3.10/site-packages/torch/cuda/graphs.py
   from /tmp/pip-uninstall-30rrqvv5/cuda/graphs.py
  Moving to /share/home/yuan/.conda/envs/mi_torch_cu118/lib/python3.10/site-packages/torch/cuda/jiterator.py
   from /tmp/pip-uninstall-30rrqvv5/cuda/jiterator.py
  Moving to /share/home/yuan/.conda/envs/mi_torch_cu118/lib/python3.10/site-packages/torch/cuda/memory.py
   from /tmp/pip-uninstall-30rrqvv5/cuda/memory.py
  Moving to /share/home/yuan/.conda/envs/mi_torch_cu118/lib/python3.10/site-packages/torch/cuda/nccl.py
   from /tmp/pip-uninstall-30rrqvv5/cuda/nccl.py
  Moving to /share/home/yuan/.conda/envs/mi_torch_cu118/lib/python3.10/site-packages/torch/cuda/nvtx.py
   from /tmp/pip-uninstall-30rrqvv5/cuda/nvtx.py
  Moving to /share/home/yuan/.conda/envs/mi_torch_cu118/lib/python3.10/site-packages/torch/cuda/profiler.py
   from /tmp/pip-uninstall-30rrqvv5/cuda/profiler.py
  Moving to /share/home/yuan/.conda/envs/mi_torch_cu118/lib/python3.10/site-packages/torch/cuda/random.py
   from /tmp/pip-uninstall-30rrqvv5/cuda/random.py
  Moving to /share/home/yuan/.conda/envs/mi_torch_cu118/lib/python3.10/site-packages/torch/cuda/sparse.py
   from /tmp/pip-uninstall-30rrqvv5/cuda/sparse.py
  Moving to /share/home/yuan/.conda/envs/mi_torch_cu118/lib/python3.10/site-packages/torch/cuda/streams.py
   from /tmp/pip-uninstall-30rrqvv5/cuda/streams.py
  Moving to /share/home/yuan/.conda/envs/mi_torch_cu118/lib/python3.10/site-packages/torch/cuda/tunable.py
   from /tmp/pip-uninstall-30rrqvv5/cuda/tunable.py
  Moving to /share/home/yuan/.conda/envs/mi_torch_cu118/lib/python3.10/site-packages/torch/distributed/__init__.py
   from /tmp/pip-uninstall-30rrqvv5/distributed/__init__.py
  Moving to /share/home/yuan/.conda/envs/mi_torch_cu118/lib/python3.10/site-packages/torch/distributed/__pycache__/__init__.cpython-310.pyc
   from /tmp/pip-uninstall-30rrqvv5/distributed/__pycache__/__init__.cpython-310.pyc
  Moving to /share/home/yuan/.conda/envs/mi_torch_cu118/lib/python3.10/site-packages/torch/distributed/__pycache__/_checkpointable.cpython-310.pyc
   from /tmp/pip-uninstall-30rrqvv5/distributed/__pycache__/_checkpointable.cpython-310.pyc
  Moving to /share/home/yuan/.conda/envs/mi_torch_cu118/lib/python3.10/site-packages/torch/distributed/__pycache__/_composable_state.cpython-310.pyc
   from /tmp/pip-uninstall-30rrqvv5/distributed/__pycache__/_composable_state.cpython-310.pyc
  Moving to /share/home/yuan/.conda/envs/mi_torch_cu118/lib/python3.10/site-packages/torch/distributed/__pycache__/_functional_collectives.cpython-310.pyc
   from /tmp/pip-uninstall-30rrqvv5/distributed/__pycache__/_functional_collectives.cpython-310.pyc
  Moving to /share/home/yuan/.conda/envs/mi_torch_cu118/lib/python3.10/site-packages/torch/distributed/__pycache__/_functional_collectives_impl.cpython-310.pyc
   from /tmp/pip-uninstall-30rrqvv5/distributed/__pycache__/_functional_collectives_impl.cpython-310.pyc
  Moving to /share/home/yuan/.conda/envs/mi_torch_cu118/lib/python3.10/site-packages/torch/distributed/__pycache__/_state_dict_utils.cpython-310.pyc
   from /tmp/pip-uninstall-30rrqvv5/distributed/__pycache__/_state_dict_utils.cpython-310.pyc
  Moving to /share/home/yuan/.conda/envs/mi_torch_cu118/lib/python3.10/site-packages/torch/distributed/__pycache__/argparse_util.cpython-310.pyc
   from /tmp/pip-uninstall-30rrqvv5/distributed/__pycache__/argparse_util.cpython-310.pyc
  Moving to /share/home/yuan/.conda/envs/mi_torch_cu118/lib/python3.10/site-packages/torch/distributed/__pycache__/c10d_logger.cpython-310.pyc
   from /tmp/pip-uninstall-30rrqvv5/distributed/__pycache__/c10d_logger.cpython-310.pyc
  Moving to /share/home/yuan/.conda/envs/mi_torch_cu118/lib/python3.10/site-packages/torch/distributed/__pycache__/collective_utils.cpython-310.pyc
   from /tmp/pip-uninstall-30rrqvv5/distributed/__pycache__/collective_utils.cpython-310.pyc
  Moving to /share/home/yuan/.conda/envs/mi_torch_cu118/lib/python3.10/site-packages/torch/distributed/__pycache__/constants.cpython-310.pyc
   from /tmp/pip-uninstall-30rrqvv5/distributed/__pycache__/constants.cpython-310.pyc
  Moving to /share/home/yuan/.conda/envs/mi_torch_cu118/lib/python3.10/site-packages/torch/distributed/__pycache__/device_mesh.cpython-310.pyc
   from /tmp/pip-uninstall-30rrqvv5/distributed/__pycache__/device_mesh.cpython-310.pyc
  Moving to /share/home/yuan/.conda/envs/mi_torch_cu118/lib/python3.10/site-packages/torch/distributed/__pycache__/distributed_c10d.cpython-310.pyc
   from /tmp/pip-uninstall-30rrqvv5/distributed/__pycache__/distributed_c10d.cpython-310.pyc
  Moving to /share/home/yuan/.conda/envs/mi_torch_cu118/lib/python3.10/site-packages/torch/distributed/__pycache__/launch.cpython-310.pyc
   from /tmp/pip-uninstall-30rrqvv5/distributed/__pycache__/launch.cpython-310.pyc
  Moving to /share/home/yuan/.conda/envs/mi_torch_cu118/lib/python3.10/site-packages/torch/distributed/__pycache__/logging_handlers.cpython-310.pyc
   from /tmp/pip-uninstall-30rrqvv5/distributed/__pycache__/logging_handlers.cpython-310.pyc
  Moving to /share/home/yuan/.conda/envs/mi_torch_cu118/lib/python3.10/site-packages/torch/distributed/__pycache__/remote_device.cpython-310.pyc
   from /tmp/pip-uninstall-30rrqvv5/distributed/__pycache__/remote_device.cpython-310.pyc
  Moving to /share/home/yuan/.conda/envs/mi_torch_cu118/lib/python3.10/site-packages/torch/distributed/__pycache__/rendezvous.cpython-310.pyc
   from /tmp/pip-uninstall-30rrqvv5/distributed/__pycache__/rendezvous.cpython-310.pyc
  Moving to /share/home/yuan/.conda/envs/mi_torch_cu118/lib/python3.10/site-packages/torch/distributed/__pycache__/run.cpython-310.pyc
   from /tmp/pip-uninstall-30rrqvv5/distributed/__pycache__/run.cpython-310.pyc
  Moving to /share/home/yuan/.conda/envs/mi_torch_cu118/lib/python3.10/site-packages/torch/distributed/__pycache__/utils.cpython-310.pyc
   from /tmp/pip-uninstall-30rrqvv5/distributed/__pycache__/utils.cpython-310.pyc
  Moving to /share/home/yuan/.conda/envs/mi_torch_cu118/lib/python3.10/site-packages/torch/distributed/_checkpointable.py
   from /tmp/pip-uninstall-30rrqvv5/distributed/_checkpointable.py
  Moving to /share/home/yuan/.conda/envs/mi_torch_cu118/lib/python3.10/site-packages/torch/distributed/_composable/__init__.py
   from /tmp/pip-uninstall-30rrqvv5/distributed/_composable/__init__.py
  Moving to /share/home/yuan/.conda/envs/mi_torch_cu118/lib/python3.10/site-packages/torch/distributed/_composable/__pycache__/__init__.cpython-310.pyc
   from /tmp/pip-uninstall-30rrqvv5/distributed/_composable/__pycache__/__init__.cpython-310.pyc
  Moving to /share/home/yuan/.conda/envs/mi_torch_cu118/lib/python3.10/site-packages/torch/distributed/_composable/__pycache__/checkpoint_activation.cpython-310.pyc
   from /tmp/pip-uninstall-30rrqvv5/distributed/_composable/__pycache__/checkpoint_activation.cpython-310.pyc
  Moving to /share/home/yuan/.conda/envs/mi_torch_cu118/lib/python3.10/site-packages/torch/distributed/_composable/__pycache__/contract.cpython-310.pyc
   from /tmp/pip-uninstall-30rrqvv5/distributed/_composable/__pycache__/contract.cpython-310.pyc
  Moving to /share/home/yuan/.conda/envs/mi_torch_cu118/lib/python3.10/site-packages/torch/distributed/_composable/__pycache__/replicate.cpython-310.pyc
   from /tmp/pip-uninstall-30rrqvv5/distributed/_composable/__pycache__/replicate.cpython-310.pyc
  Moving to /share/home/yuan/.conda/envs/mi_torch_cu118/lib/python3.10/site-packages/torch/distributed/_composable/checkpoint_activation.py
   from /tmp/pip-uninstall-30rrqvv5/distributed/_composable/checkpoint_activation.py
  Moving to /share/home/yuan/.conda/envs/mi_torch_cu118/lib/python3.10/site-packages/torch/distributed/_composable/contract.py
   from /tmp/pip-uninstall-30rrqvv5/distributed/_composable/contract.py
  Moving to /share/home/yuan/.conda/envs/mi_torch_cu118/lib/python3.10/site-packages/torch/distributed/_composable/fsdp/__init__.py
   from /tmp/pip-uninstall-30rrqvv5/distributed/_composable/fsdp/__init__.py
  Moving to /share/home/yuan/.conda/envs/mi_torch_cu118/lib/python3.10/site-packages/torch/distributed/_composable/fsdp/__pycache__/__init__.cpython-310.pyc
   from /tmp/pip-uninstall-30rrqvv5/distributed/_composable/fsdp/__pycache__/__init__.cpython-310.pyc
  Moving to /share/home/yuan/.conda/envs/mi_torch_cu118/lib/python3.10/site-packages/torch/distributed/_composable/fsdp/__pycache__/fully_shard.cpython-310.pyc
   from /tmp/pip-uninstall-30rrqvv5/distributed/_composable/fsdp/__pycache__/fully_shard.cpython-310.pyc
  Moving to /share/home/yuan/.conda/envs/mi_torch_cu118/lib/python3.10/site-packages/torch/distributed/_composable/fsdp/fully_shard.py
   from /tmp/pip-uninstall-30rrqvv5/distributed/_composable/fsdp/fully_shard.py
  Moving to /share/home/yuan/.conda/envs/mi_torch_cu118/lib/python3.10/site-packages/torch/distributed/_composable/replicate.py
   from /tmp/pip-uninstall-30rrqvv5/distributed/_composable/replicate.py
  Moving to /share/home/yuan/.conda/envs/mi_torch_cu118/lib/python3.10/site-packages/torch/distributed/_composable_state.py
   from /tmp/pip-uninstall-30rrqvv5/distributed/_composable_state.py
  Moving to /share/home/yuan/.conda/envs/mi_torch_cu118/lib/python3.10/site-packages/torch/distributed/_functional_collectives.py
   from /tmp/pip-uninstall-30rrqvv5/distributed/_functional_collectives.py
  Moving to /share/home/yuan/.conda/envs/mi_torch_cu118/lib/python3.10/site-packages/torch/distributed/_functional_collectives_impl.py
   from /tmp/pip-uninstall-30rrqvv5/distributed/_functional_collectives_impl.py
  Moving to /share/home/yuan/.conda/envs/mi_torch_cu118/lib/python3.10/site-packages/torch/distributed/_shard/__init__.py
   from /tmp/pip-uninstall-30rrqvv5/distributed/_shard/__init__.py
  Moving to /share/home/yuan/.conda/envs/mi_torch_cu118/lib/python3.10/site-packages/torch/distributed/_shard/__pycache__/__init__.cpython-310.pyc
   from /tmp/pip-uninstall-30rrqvv5/distributed/_shard/__pycache__/__init__.cpython-310.pyc
  Moving to /share/home/yuan/.conda/envs/mi_torch_cu118/lib/python3.10/site-packages/torch/distributed/_shard/__pycache__/_utils.cpython-310.pyc
   from /tmp/pip-uninstall-30rrqvv5/distributed/_shard/__pycache__/_utils.cpython-310.pyc
  Moving to /share/home/yuan/.conda/envs/mi_torch_cu118/lib/python3.10/site-packages/torch/distributed/_shard/__pycache__/api.cpython-310.pyc
   from /tmp/pip-uninstall-30rrqvv5/distributed/_shard/__pycache__/api.cpython-310.pyc
  Moving to /share/home/yuan/.conda/envs/mi_torch_cu118/lib/python3.10/site-packages/torch/distributed/_shard/__pycache__/common_op_utils.cpython-310.pyc
   from /tmp/pip-uninstall-30rrqvv5/distributed/_shard/__pycache__/common_op_utils.cpython-310.pyc
  Moving to /share/home/yuan/.conda/envs/mi_torch_cu118/lib/python3.10/site-packages/torch/distributed/_shard/__pycache__/metadata.cpython-310.pyc
   from /tmp/pip-uninstall-30rrqvv5/distributed/_shard/__pycache__/metadata.cpython-310.pyc
  Moving to /share/home/yuan/.conda/envs/mi_torch_cu118/lib/python3.10/site-packages/torch/distributed/_shard/__pycache__/op_registry_utils.cpython-310.pyc
   from /tmp/pip-uninstall-30rrqvv5/distributed/_shard/__pycache__/op_registry_utils.cpython-310.pyc
  Moving to /share/home/yuan/.conda/envs/mi_torch_cu118/lib/python3.10/site-packages/torch/distributed/_shard/__pycache__/sharder.cpython-310.pyc
   from /tmp/pip-uninstall-30rrqvv5/distributed/_shard/__pycache__/sharder.cpython-310.pyc
  Moving to /share/home/yuan/.conda/envs/mi_torch_cu118/lib/python3.10/site-packages/torch/distributed/_shard/_utils.py
   from /tmp/pip-uninstall-30rrqvv5/distributed/_shard/_utils.py
  Moving to /share/home/yuan/.conda/envs/mi_torch_cu118/lib/python3.10/site-packages/torch/distributed/_shard/api.py
   from /tmp/pip-uninstall-30rrqvv5/distributed/_shard/api.py
  Moving to /share/home/yuan/.conda/envs/mi_torch_cu118/lib/python3.10/site-packages/torch/distributed/_shard/checkpoint/__init__.py
   from /tmp/pip-uninstall-30rrqvv5/distributed/_shard/checkpoint/__init__.py
  Moving to /share/home/yuan/.conda/envs/mi_torch_cu118/lib/python3.10/site-packages/torch/distributed/_shard/checkpoint/__pycache__/__init__.cpython-310.pyc
   from /tmp/pip-uninstall-30rrqvv5/distributed/_shard/checkpoint/__pycache__/__init__.cpython-310.pyc
  Moving to /share/home/yuan/.conda/envs/mi_torch_cu118/lib/python3.10/site-packages/torch/distributed/_shard/common_op_utils.py
   from /tmp/pip-uninstall-30rrqvv5/distributed/_shard/common_op_utils.py
  Moving to /share/home/yuan/.conda/envs/mi_torch_cu118/lib/python3.10/site-packages/torch/distributed/_shard/metadata.py
   from /tmp/pip-uninstall-30rrqvv5/distributed/_shard/metadata.py
  Moving to /share/home/yuan/.conda/envs/mi_torch_cu118/lib/python3.10/site-packages/torch/distributed/_shard/op_registry_utils.py
   from /tmp/pip-uninstall-30rrqvv5/distributed/_shard/op_registry_utils.py
  Moving to /share/home/yuan/.conda/envs/mi_torch_cu118/lib/python3.10/site-packages/torch/distributed/_shard/sharded_optim/__init__.py
   from /tmp/pip-uninstall-30rrqvv5/distributed/_shard/sharded_optim/__init__.py
  Moving to /share/home/yuan/.conda/envs/mi_torch_cu118/lib/python3.10/site-packages/torch/distributed/_shard/sharded_optim/__pycache__/__init__.cpython-310.pyc
   from /tmp/pip-uninstall-30rrqvv5/distributed/_shard/sharded_optim/__pycache__/__init__.cpython-310.pyc
  Moving to /share/home/yuan/.conda/envs/mi_torch_cu118/lib/python3.10/site-packages/torch/distributed/_shard/sharded_optim/__pycache__/api.cpython-310.pyc
   from /tmp/pip-uninstall-30rrqvv5/distributed/_shard/sharded_optim/__pycache__/api.cpython-310.pyc
  Moving to /share/home/yuan/.conda/envs/mi_torch_cu118/lib/python3.10/site-packages/torch/distributed/_shard/sharded_optim/api.py
   from /tmp/pip-uninstall-30rrqvv5/distributed/_shard/sharded_optim/api.py
  Moving to /share/home/yuan/.conda/envs/mi_torch_cu118/lib/python3.10/site-packages/torch/distributed/_shard/sharded_tensor/__init__.py
   from /tmp/pip-uninstall-30rrqvv5/distributed/_shard/sharded_tensor/__init__.py
  Moving to /share/home/yuan/.conda/envs/mi_torch_cu118/lib/python3.10/site-packages/torch/distributed/_shard/sharded_tensor/__pycache__/__init__.cpython-310.pyc
   from /tmp/pip-uninstall-30rrqvv5/distributed/_shard/sharded_tensor/__pycache__/__init__.cpython-310.pyc
  Moving to /share/home/yuan/.conda/envs/mi_torch_cu118/lib/python3.10/site-packages/torch/distributed/_shard/sharded_tensor/__pycache__/api.cpython-310.pyc
   from /tmp/pip-uninstall-30rrqvv5/distributed/_shard/sharded_tensor/__pycache__/api.cpython-310.pyc
  Moving to /share/home/yuan/.conda/envs/mi_torch_cu118/lib/python3.10/site-packages/torch/distributed/_shard/sharded_tensor/__pycache__/logger.cpython-310.pyc
   from /tmp/pip-uninstall-30rrqvv5/distributed/_shard/sharded_tensor/__pycache__/logger.cpython-310.pyc
  Moving to /share/home/yuan/.conda/envs/mi_torch_cu118/lib/python3.10/site-packages/torch/distributed/_shard/sharded_tensor/__pycache__/logging_handlers.cpython-310.pyc
   from /tmp/pip-uninstall-30rrqvv5/distributed/_shard/sharded_tensor/__pycache__/logging_handlers.cpython-310.pyc
  Moving to /share/home/yuan/.conda/envs/mi_torch_cu118/lib/python3.10/site-packages/torch/distributed/_shard/sharded_tensor/__pycache__/metadata.cpython-310.pyc
   from /tmp/pip-uninstall-30rrqvv5/distributed/_shard/sharded_tensor/__pycache__/metadata.cpython-310.pyc
  Moving to /share/home/yuan/.conda/envs/mi_torch_cu118/lib/python3.10/site-packages/torch/distributed/_shard/sharded_tensor/__pycache__/reshard.cpython-310.pyc
   from /tmp/pip-uninstall-30rrqvv5/distributed/_shard/sharded_tensor/__pycache__/reshard.cpython-310.pyc
  Moving to /share/home/yuan/.conda/envs/mi_torch_cu118/lib/python3.10/site-packages/torch/distributed/_shard/sharded_tensor/__pycache__/shard.cpython-310.pyc
   from /tmp/pip-uninstall-30rrqvv5/distributed/_shard/sharded_tensor/__pycache__/shard.cpython-310.pyc
  Moving to /share/home/yuan/.conda/envs/mi_torch_cu118/lib/python3.10/site-packages/torch/distributed/_shard/sharded_tensor/__pycache__/utils.cpython-310.pyc
   from /tmp/pip-uninstall-30rrqvv5/distributed/_shard/sharded_tensor/__pycache__/utils.cpython-310.pyc
  Moving to /share/home/yuan/.conda/envs/mi_torch_cu118/lib/python3.10/site-packages/torch/distributed/_shard/sharded_tensor/_ops/__init__.py
   from /tmp/pip-uninstall-30rrqvv5/distributed/_shard/sharded_tensor/_ops/__init__.py
  Moving to /share/home/yuan/.conda/envs/mi_torch_cu118/lib/python3.10/site-packages/torch/distributed/_shard/sharded_tensor/_ops/__pycache__/__init__.cpython-310.pyc
   from /tmp/pip-uninstall-30rrqvv5/distributed/_shard/sharded_tensor/_ops/__pycache__/__init__.cpython-310.pyc
  Moving to /share/home/yuan/.conda/envs/mi_torch_cu118/lib/python3.10/site-packages/torch/distributed/_shard/sharded_tensor/_ops/__pycache__/_common.cpython-310.pyc
   from /tmp/pip-uninstall-30rrqvv5/distributed/_shard/sharded_tensor/_ops/__pycache__/_common.cpython-310.pyc
  Moving to /share/home/yuan/.conda/envs/mi_torch_cu118/lib/python3.10/site-packages/torch/distributed/_shard/sharded_tensor/_ops/__pycache__/binary_cmp.cpython-310.pyc
   from /tmp/pip-uninstall-30rrqvv5/distributed/_shard/sharded_tensor/_ops/__pycache__/binary_cmp.cpython-310.pyc
  Moving to /share/home/yuan/.conda/envs/mi_torch_cu118/lib/python3.10/site-packages/torch/distributed/_shard/sharded_tensor/_ops/__pycache__/init.cpython-310.pyc
   from /tmp/pip-uninstall-30rrqvv5/distributed/_shard/sharded_tensor/_ops/__pycache__/init.cpython-310.pyc
  Moving to /share/home/yuan/.conda/envs/mi_torch_cu118/lib/python3.10/site-packages/torch/distributed/_shard/sharded_tensor/_ops/__pycache__/misc_ops.cpython-310.pyc
   from /tmp/pip-uninstall-30rrqvv5/distributed/_shard/sharded_tensor/_ops/__pycache__/misc_ops.cpython-310.pyc
  Moving to /share/home/yuan/.conda/envs/mi_torch_cu118/lib/python3.10/site-packages/torch/distributed/_shard/sharded_tensor/_ops/__pycache__/tensor_ops.cpython-310.pyc
   from /tmp/pip-uninstall-30rrqvv5/distributed/_shard/sharded_tensor/_ops/__pycache__/tensor_ops.cpython-310.pyc
  Moving to /share/home/yuan/.conda/envs/mi_torch_cu118/lib/python3.10/site-packages/torch/distributed/_shard/sharded_tensor/_ops/_common.py
   from /tmp/pip-uninstall-30rrqvv5/distributed/_shard/sharded_tensor/_ops/_common.py
  Moving to /share/home/yuan/.conda/envs/mi_torch_cu118/lib/python3.10/site-packages/torch/distributed/_shard/sharded_tensor/_ops/binary_cmp.py
   from /tmp/pip-uninstall-30rrqvv5/distributed/_shard/sharded_tensor/_ops/binary_cmp.py
  Moving to /share/home/yuan/.conda/envs/mi_torch_cu118/lib/python3.10/site-packages/torch/distributed/_shard/sharded_tensor/_ops/init.py
   from /tmp/pip-uninstall-30rrqvv5/distributed/_shard/sharded_tensor/_ops/init.py
  Moving to /share/home/yuan/.conda/envs/mi_torch_cu118/lib/python3.10/site-packages/torch/distributed/_shard/sharded_tensor/_ops/misc_ops.py
   from /tmp/pip-uninstall-30rrqvv5/distributed/_shard/sharded_tensor/_ops/misc_ops.py
  Moving to /share/home/yuan/.conda/envs/mi_torch_cu118/lib/python3.10/site-packages/torch/distributed/_shard/sharded_tensor/_ops/tensor_ops.py
   from /tmp/pip-uninstall-30rrqvv5/distributed/_shard/sharded_tensor/_ops/tensor_ops.py
  Moving to /share/home/yuan/.conda/envs/mi_torch_cu118/lib/python3.10/site-packages/torch/distributed/_shard/sharded_tensor/api.py
   from /tmp/pip-uninstall-30rrqvv5/distributed/_shard/sharded_tensor/api.py
  Moving to /share/home/yuan/.conda/envs/mi_torch_cu118/lib/python3.10/site-packages/torch/distributed/_shard/sharded_tensor/logger.py
   from /tmp/pip-uninstall-30rrqvv5/distributed/_shard/sharded_tensor/logger.py
  Moving to /share/home/yuan/.conda/envs/mi_torch_cu118/lib/python3.10/site-packages/torch/distributed/_shard/sharded_tensor/logging_handlers.py
   from /tmp/pip-uninstall-30rrqvv5/distributed/_shard/sharded_tensor/logging_handlers.py
  Moving to /share/home/yuan/.conda/envs/mi_torch_cu118/lib/python3.10/site-packages/torch/distributed/_shard/sharded_tensor/metadata.py
   from /tmp/pip-uninstall-30rrqvv5/distributed/_shard/sharded_tensor/metadata.py
  Moving to /share/home/yuan/.conda/envs/mi_torch_cu118/lib/python3.10/site-packages/torch/distributed/_shard/sharded_tensor/reshard.py
   from /tmp/pip-uninstall-30rrqvv5/distributed/_shard/sharded_tensor/reshard.py
  Moving to /share/home/yuan/.conda/envs/mi_torch_cu118/lib/python3.10/site-packages/torch/distributed/_shard/sharded_tensor/shard.py
   from /tmp/pip-uninstall-30rrqvv5/distributed/_shard/sharded_tensor/shard.py
  Moving to /share/home/yuan/.conda/envs/mi_torch_cu118/lib/python3.10/site-packages/torch/distributed/_shard/sharded_tensor/utils.py
   from /tmp/pip-uninstall-30rrqvv5/distributed/_shard/sharded_tensor/utils.py
  Moving to /share/home/yuan/.conda/envs/mi_torch_cu118/lib/python3.10/site-packages/torch/distributed/_shard/sharder.py
   from /tmp/pip-uninstall-30rrqvv5/distributed/_shard/sharder.py
  Moving to /share/home/yuan/.conda/envs/mi_torch_cu118/lib/python3.10/site-packages/torch/distributed/_shard/sharding_plan/__init__.py
   from /tmp/pip-uninstall-30rrqvv5/distributed/_shard/sharding_plan/__init__.py
  Moving to /share/home/yuan/.conda/envs/mi_torch_cu118/lib/python3.10/site-packages/torch/distributed/_shard/sharding_plan/__pycache__/__init__.cpython-310.pyc
   from /tmp/pip-uninstall-30rrqvv5/distributed/_shard/sharding_plan/__pycache__/__init__.cpython-310.pyc
  Moving to /share/home/yuan/.conda/envs/mi_torch_cu118/lib/python3.10/site-packages/torch/distributed/_shard/sharding_plan/__pycache__/api.cpython-310.pyc
   from /tmp/pip-uninstall-30rrqvv5/distributed/_shard/sharding_plan/__pycache__/api.cpython-310.pyc
  Moving to /share/home/yuan/.conda/envs/mi_torch_cu118/lib/python3.10/site-packages/torch/distributed/_shard/sharding_plan/api.py
   from /tmp/pip-uninstall-30rrqvv5/distributed/_shard/sharding_plan/api.py
  Moving to /share/home/yuan/.conda/envs/mi_torch_cu118/lib/python3.10/site-packages/torch/distributed/_shard/sharding_spec/__init__.py
   from /tmp/pip-uninstall-30rrqvv5/distributed/_shard/sharding_spec/__init__.py
  Moving to /share/home/yuan/.conda/envs/mi_torch_cu118/lib/python3.10/site-packages/torch/distributed/_shard/sharding_spec/__pycache__/__init__.cpython-310.pyc
   from /tmp/pip-uninstall-30rrqvv5/distributed/_shard/sharding_spec/__pycache__/__init__.cpython-310.pyc
  Moving to /share/home/yuan/.conda/envs/mi_torch_cu118/lib/python3.10/site-packages/torch/distributed/_shard/sharding_spec/__pycache__/_internals.cpython-310.pyc
   from /tmp/pip-uninstall-30rrqvv5/distributed/_shard/sharding_spec/__pycache__/_internals.cpython-310.pyc
  Moving to /share/home/yuan/.conda/envs/mi_torch_cu118/lib/python3.10/site-packages/torch/distributed/_shard/sharding_spec/__pycache__/api.cpython-310.pyc
   from /tmp/pip-uninstall-30rrqvv5/distributed/_shard/sharding_spec/__pycache__/api.cpython-310.pyc
  Moving to /share/home/yuan/.conda/envs/mi_torch_cu118/lib/python3.10/site-packages/torch/distributed/_shard/sharding_spec/__pycache__/chunk_sharding_spec.cpython-310.pyc
   from /tmp/pip-uninstall-30rrqvv5/distributed/_shard/sharding_spec/__pycache__/chunk_sharding_spec.cpython-310.pyc
  Moving to /share/home/yuan/.conda/envs/mi_torch_cu118/lib/python3.10/site-packages/torch/distributed/_shard/sharding_spec/_internals.py
   from /tmp/pip-uninstall-30rrqvv5/distributed/_shard/sharding_spec/_internals.py
  Moving to /share/home/yuan/.conda/envs/mi_torch_cu118/lib/python3.10/site-packages/torch/distributed/_shard/sharding_spec/api.py
   from /tmp/pip-uninstall-30rrqvv5/distributed/_shard/sharding_spec/api.py
  Moving to /share/home/yuan/.conda/envs/mi_torch_cu118/lib/python3.10/site-packages/torch/distributed/_shard/sharding_spec/chunk_sharding_spec.py
   from /tmp/pip-uninstall-30rrqvv5/distributed/_shard/sharding_spec/chunk_sharding_spec.py
  Moving to /share/home/yuan/.conda/envs/mi_torch_cu118/lib/python3.10/site-packages/torch/distributed/_shard/sharding_spec/chunk_sharding_spec_ops/__init__.py
   from /tmp/pip-uninstall-30rrqvv5/distributed/_shard/sharding_spec/chunk_sharding_spec_ops/__init__.py
  Moving to /share/home/yuan/.conda/envs/mi_torch_cu118/lib/python3.10/site-packages/torch/distributed/_shard/sharding_spec/chunk_sharding_spec_ops/__pycache__/__init__.cpython-310.pyc
   from /tmp/pip-uninstall-30rrqvv5/distributed/_shard/sharding_spec/chunk_sharding_spec_ops/__pycache__/__init__.cpython-310.pyc
  Moving to /share/home/yuan/.conda/envs/mi_torch_cu118/lib/python3.10/site-packages/torch/distributed/_shard/sharding_spec/chunk_sharding_spec_ops/__pycache__/_common.cpython-310.pyc
   from /tmp/pip-uninstall-30rrqvv5/distributed/_shard/sharding_spec/chunk_sharding_spec_ops/__pycache__/_common.cpython-310.pyc
  Moving to /share/home/yuan/.conda/envs/mi_torch_cu118/lib/python3.10/site-packages/torch/distributed/_shard/sharding_spec/chunk_sharding_spec_ops/__pycache__/embedding.cpython-310.pyc
   from /tmp/pip-uninstall-30rrqvv5/distributed/_shard/sharding_spec/chunk_sharding_spec_ops/__pycache__/embedding.cpython-310.pyc
  Moving to /share/home/yuan/.conda/envs/mi_torch_cu118/lib/python3.10/site-packages/torch/distributed/_shard/sharding_spec/chunk_sharding_spec_ops/__pycache__/embedding_bag.cpython-310.pyc
   from /tmp/pip-uninstall-30rrqvv5/distributed/_shard/sharding_spec/chunk_sharding_spec_ops/__pycache__/embedding_bag.cpython-310.pyc
  Moving to /share/home/yuan/.conda/envs/mi_torch_cu118/lib/python3.10/site-packages/torch/distributed/_shard/sharding_spec/chunk_sharding_spec_ops/_common.py
   from /tmp/pip-uninstall-30rrqvv5/distributed/_shard/sharding_spec/chunk_sharding_spec_ops/_common.py
  Moving to /share/home/yuan/.conda/envs/mi_torch_cu118/lib/python3.10/site-packages/torch/distributed/_shard/sharding_spec/chunk_sharding_spec_ops/embedding.py
   from /tmp/pip-uninstall-30rrqvv5/distributed/_shard/sharding_spec/chunk_sharding_spec_ops/embedding.py
  Moving to /share/home/yuan/.conda/envs/mi_torch_cu118/lib/python3.10/site-packages/torch/distributed/_shard/sharding_spec/chunk_sharding_spec_ops/embedding_bag.py
   from /tmp/pip-uninstall-30rrqvv5/distributed/_shard/sharding_spec/chunk_sharding_spec_ops/embedding_bag.py
  Moving to /share/home/yuan/.conda/envs/mi_torch_cu118/lib/python3.10/site-packages/torch/distributed/_sharded_tensor/__init__.py
   from /tmp/pip-uninstall-30rrqvv5/distributed/_sharded_tensor/__init__.py
  Moving to /share/home/yuan/.conda/envs/mi_torch_cu118/lib/python3.10/site-packages/torch/distributed/_sharded_tensor/__pycache__/__init__.cpython-310.pyc
   from /tmp/pip-uninstall-30rrqvv5/distributed/_sharded_tensor/__pycache__/__init__.cpython-310.pyc
  Moving to /share/home/yuan/.conda/envs/mi_torch_cu118/lib/python3.10/site-packages/torch/distributed/_sharding_spec/__init__.py
   from /tmp/pip-uninstall-30rrqvv5/distributed/_sharding_spec/__init__.py
  Moving to /share/home/yuan/.conda/envs/mi_torch_cu118/lib/python3.10/site-packages/torch/distributed/_sharding_spec/__pycache__/__init__.cpython-310.pyc
   from /tmp/pip-uninstall-30rrqvv5/distributed/_sharding_spec/__pycache__/__init__.cpython-310.pyc
  Moving to /share/home/yuan/.conda/envs/mi_torch_cu118/lib/python3.10/site-packages/torch/distributed/_state_dict_utils.py
   from /tmp/pip-uninstall-30rrqvv5/distributed/_state_dict_utils.py
  Moving to /share/home/yuan/.conda/envs/mi_torch_cu118/lib/python3.10/site-packages/torch/distributed/_symmetric_memory/__init__.py
   from /tmp/pip-uninstall-30rrqvv5/distributed/_symmetric_memory/__init__.py
  Moving to /share/home/yuan/.conda/envs/mi_torch_cu118/lib/python3.10/site-packages/torch/distributed/_symmetric_memory/__pycache__/__init__.cpython-310.pyc
   from /tmp/pip-uninstall-30rrqvv5/distributed/_symmetric_memory/__pycache__/__init__.cpython-310.pyc
  Moving to /share/home/yuan/.conda/envs/mi_torch_cu118/lib/python3.10/site-packages/torch/distributed/_tensor/__init__.py
   from /tmp/pip-uninstall-30rrqvv5/distributed/_tensor/__init__.py
  Moving to /share/home/yuan/.conda/envs/mi_torch_cu118/lib/python3.10/site-packages/torch/distributed/_tensor/__pycache__/__init__.cpython-310.pyc
   from /tmp/pip-uninstall-30rrqvv5/distributed/_tensor/__pycache__/__init__.cpython-310.pyc
  Moving to /share/home/yuan/.conda/envs/mi_torch_cu118/lib/python3.10/site-packages/torch/distributed/_tensor/__pycache__/api.cpython-310.pyc
   from /tmp/pip-uninstall-30rrqvv5/distributed/_tensor/__pycache__/api.cpython-310.pyc
  Moving to /share/home/yuan/.conda/envs/mi_torch_cu118/lib/python3.10/site-packages/torch/distributed/_tensor/__pycache__/placement_types.cpython-310.pyc
   from /tmp/pip-uninstall-30rrqvv5/distributed/_tensor/__pycache__/placement_types.cpython-310.pyc
  Moving to /share/home/yuan/.conda/envs/mi_torch_cu118/lib/python3.10/site-packages/torch/distributed/_tensor/api.py
   from /tmp/pip-uninstall-30rrqvv5/distributed/_tensor/api.py
  Moving to /share/home/yuan/.conda/envs/mi_torch_cu118/lib/python3.10/site-packages/torch/distributed/_tensor/placement_types.py
   from /tmp/pip-uninstall-30rrqvv5/distributed/_tensor/placement_types.py
  Moving to /share/home/yuan/.conda/envs/mi_torch_cu118/lib/python3.10/site-packages/torch/distributed/_tools/__init__.py
   from /tmp/pip-uninstall-30rrqvv5/distributed/_tools/__init__.py
  Moving to /share/home/yuan/.conda/envs/mi_torch_cu118/lib/python3.10/site-packages/torch/distributed/_tools/__pycache__/__init__.cpython-310.pyc
   from /tmp/pip-uninstall-30rrqvv5/distributed/_tools/__pycache__/__init__.cpython-310.pyc
  Moving to /share/home/yuan/.conda/envs/mi_torch_cu118/lib/python3.10/site-packages/torch/distributed/_tools/__pycache__/fsdp2_mem_tracker.cpython-310.pyc
   from /tmp/pip-uninstall-30rrqvv5/distributed/_tools/__pycache__/fsdp2_mem_tracker.cpython-310.pyc
  Moving to /share/home/yuan/.conda/envs/mi_torch_cu118/lib/python3.10/site-packages/torch/distributed/_tools/__pycache__/ilp_utils.cpython-310.pyc
   from /tmp/pip-uninstall-30rrqvv5/distributed/_tools/__pycache__/ilp_utils.cpython-310.pyc
  Moving to /share/home/yuan/.conda/envs/mi_torch_cu118/lib/python3.10/site-packages/torch/distributed/_tools/__pycache__/mem_tracker.cpython-310.pyc
   from /tmp/pip-uninstall-30rrqvv5/distributed/_tools/__pycache__/mem_tracker.cpython-310.pyc
  Moving to /share/home/yuan/.conda/envs/mi_torch_cu118/lib/python3.10/site-packages/torch/distributed/_tools/__pycache__/memory_tracker.cpython-310.pyc
   from /tmp/pip-uninstall-30rrqvv5/distributed/_tools/__pycache__/memory_tracker.cpython-310.pyc
  Moving to /share/home/yuan/.conda/envs/mi_torch_cu118/lib/python3.10/site-packages/torch/distributed/_tools/__pycache__/mod_tracker.cpython-310.pyc
   from /tmp/pip-uninstall-30rrqvv5/distributed/_tools/__pycache__/mod_tracker.cpython-310.pyc
  Moving to /share/home/yuan/.conda/envs/mi_torch_cu118/lib/python3.10/site-packages/torch/distributed/_tools/__pycache__/runtime_estimator.cpython-310.pyc
   from /tmp/pip-uninstall-30rrqvv5/distributed/_tools/__pycache__/runtime_estimator.cpython-310.pyc
  Moving to /share/home/yuan/.conda/envs/mi_torch_cu118/lib/python3.10/site-packages/torch/distributed/_tools/__pycache__/sac_estimator.cpython-310.pyc
   from /tmp/pip-uninstall-30rrqvv5/distributed/_tools/__pycache__/sac_estimator.cpython-310.pyc
  Moving to /share/home/yuan/.conda/envs/mi_torch_cu118/lib/python3.10/site-packages/torch/distributed/_tools/__pycache__/sac_ilp.cpython-310.pyc
   from /tmp/pip-uninstall-30rrqvv5/distributed/_tools/__pycache__/sac_ilp.cpython-310.pyc
  Moving to /share/home/yuan/.conda/envs/mi_torch_cu118/lib/python3.10/site-packages/torch/distributed/_tools/fsdp2_mem_tracker.py
   from /tmp/pip-uninstall-30rrqvv5/distributed/_tools/fsdp2_mem_tracker.py
  Moving to /share/home/yuan/.conda/envs/mi_torch_cu118/lib/python3.10/site-packages/torch/distributed/_tools/ilp_utils.py
   from /tmp/pip-uninstall-30rrqvv5/distributed/_tools/ilp_utils.py
  Moving to /share/home/yuan/.conda/envs/mi_torch_cu118/lib/python3.10/site-packages/torch/distributed/_tools/mem_tracker.py
   from /tmp/pip-uninstall-30rrqvv5/distributed/_tools/mem_tracker.py
  Moving to /share/home/yuan/.conda/envs/mi_torch_cu118/lib/python3.10/site-packages/torch/distributed/_tools/memory_tracker.py
   from /tmp/pip-uninstall-30rrqvv5/distributed/_tools/memory_tracker.py
  Moving to /share/home/yuan/.conda/envs/mi_torch_cu118/lib/python3.10/site-packages/torch/distributed/_tools/mod_tracker.py
   from /tmp/pip-uninstall-30rrqvv5/distributed/_tools/mod_tracker.py
  Moving to /share/home/yuan/.conda/envs/mi_torch_cu118/lib/python3.10/site-packages/torch/distributed/_tools/runtime_estimator.py
   from /tmp/pip-uninstall-30rrqvv5/distributed/_tools/runtime_estimator.py
  Moving to /share/home/yuan/.conda/envs/mi_torch_cu118/lib/python3.10/site-packages/torch/distributed/_tools/sac_estimator.py
   from /tmp/pip-uninstall-30rrqvv5/distributed/_tools/sac_estimator.py
  Moving to /share/home/yuan/.conda/envs/mi_torch_cu118/lib/python3.10/site-packages/torch/distributed/_tools/sac_ilp.py
   from /tmp/pip-uninstall-30rrqvv5/distributed/_tools/sac_ilp.py
  Moving to /share/home/yuan/.conda/envs/mi_torch_cu118/lib/python3.10/site-packages/torch/distributed/algorithms/__init__.py
   from /tmp/pip-uninstall-30rrqvv5/distributed/algorithms/__init__.py
  Moving to /share/home/yuan/.conda/envs/mi_torch_cu118/lib/python3.10/site-packages/torch/distributed/algorithms/__pycache__/__init__.cpython-310.pyc
   from /tmp/pip-uninstall-30rrqvv5/distributed/algorithms/__pycache__/__init__.cpython-310.pyc
  Moving to /share/home/yuan/.conda/envs/mi_torch_cu118/lib/python3.10/site-packages/torch/distributed/algorithms/__pycache__/join.cpython-310.pyc
   from /tmp/pip-uninstall-30rrqvv5/distributed/algorithms/__pycache__/join.cpython-310.pyc
  Moving to /share/home/yuan/.conda/envs/mi_torch_cu118/lib/python3.10/site-packages/torch/distributed/algorithms/_checkpoint/__init__.py
   from /tmp/pip-uninstall-30rrqvv5/distributed/algorithms/_checkpoint/__init__.py
  Moving to /share/home/yuan/.conda/envs/mi_torch_cu118/lib/python3.10/site-packages/torch/distributed/algorithms/_checkpoint/__pycache__/__init__.cpython-310.pyc
   from /tmp/pip-uninstall-30rrqvv5/distributed/algorithms/_checkpoint/__pycache__/__init__.cpython-310.pyc
  Moving to /share/home/yuan/.conda/envs/mi_torch_cu118/lib/python3.10/site-packages/torch/distributed/algorithms/_checkpoint/__pycache__/checkpoint_wrapper.cpython-310.pyc
   from /tmp/pip-uninstall-30rrqvv5/distributed/algorithms/_checkpoint/__pycache__/checkpoint_wrapper.cpython-310.pyc
  Moving to /share/home/yuan/.conda/envs/mi_torch_cu118/lib/python3.10/site-packages/torch/distributed/algorithms/_checkpoint/checkpoint_wrapper.py
   from /tmp/pip-uninstall-30rrqvv5/distributed/algorithms/_checkpoint/checkpoint_wrapper.py
  Moving to /share/home/yuan/.conda/envs/mi_torch_cu118/lib/python3.10/site-packages/torch/distributed/algorithms/_comm_hooks/__init__.py
   from /tmp/pip-uninstall-30rrqvv5/distributed/algorithms/_comm_hooks/__init__.py
  Moving to /share/home/yuan/.conda/envs/mi_torch_cu118/lib/python3.10/site-packages/torch/distributed/algorithms/_comm_hooks/__pycache__/__init__.cpython-310.pyc
   from /tmp/pip-uninstall-30rrqvv5/distributed/algorithms/_comm_hooks/__pycache__/__init__.cpython-310.pyc
  Moving to /share/home/yuan/.conda/envs/mi_torch_cu118/lib/python3.10/site-packages/torch/distributed/algorithms/_comm_hooks/__pycache__/default_hooks.cpython-310.pyc
   from /tmp/pip-uninstall-30rrqvv5/distributed/algorithms/_comm_hooks/__pycache__/default_hooks.cpython-310.pyc
  Moving to /share/home/yuan/.conda/envs/mi_torch_cu118/lib/python3.10/site-packages/torch/distributed/algorithms/_comm_hooks/default_hooks.py
   from /tmp/pip-uninstall-30rrqvv5/distributed/algorithms/_comm_hooks/default_hooks.py
  Moving to /share/home/yuan/.conda/envs/mi_torch_cu118/lib/python3.10/site-packages/torch/distributed/algorithms/_optimizer_overlap/__init__.py
   from /tmp/pip-uninstall-30rrqvv5/distributed/algorithms/_optimizer_overlap/__init__.py
  Moving to /share/home/yuan/.conda/envs/mi_torch_cu118/lib/python3.10/site-packages/torch/distributed/algorithms/_optimizer_overlap/__pycache__/__init__.cpython-310.pyc
   from /tmp/pip-uninstall-30rrqvv5/distributed/algorithms/_optimizer_overlap/__pycache__/__init__.cpython-310.pyc
  Moving to /share/home/yuan/.conda/envs/mi_torch_cu118/lib/python3.10/site-packages/torch/distributed/algorithms/_optimizer_overlap/__pycache__/optimizer_overlap.cpython-310.pyc
   from /tmp/pip-uninstall-30rrqvv5/distributed/algorithms/_optimizer_overlap/__pycache__/optimizer_overlap.cpython-310.pyc
  Moving to /share/home/yuan/.conda/envs/mi_torch_cu118/lib/python3.10/site-packages/torch/distributed/algorithms/_optimizer_overlap/optimizer_overlap.py
   from /tmp/pip-uninstall-30rrqvv5/distributed/algorithms/_optimizer_overlap/optimizer_overlap.py
  Moving to /share/home/yuan/.conda/envs/mi_torch_cu118/lib/python3.10/site-packages/torch/distributed/algorithms/_quantization/__init__.py
   from /tmp/pip-uninstall-30rrqvv5/distributed/algorithms/_quantization/__init__.py
  Moving to /share/home/yuan/.conda/envs/mi_torch_cu118/lib/python3.10/site-packages/torch/distributed/algorithms/_quantization/__pycache__/__init__.cpython-310.pyc
   from /tmp/pip-uninstall-30rrqvv5/distributed/algorithms/_quantization/__pycache__/__init__.cpython-310.pyc
  Moving to /share/home/yuan/.conda/envs/mi_torch_cu118/lib/python3.10/site-packages/torch/distributed/algorithms/_quantization/__pycache__/quantization.cpython-310.pyc
   from /tmp/pip-uninstall-30rrqvv5/distributed/algorithms/_quantization/__pycache__/quantization.cpython-310.pyc
  Moving to /share/home/yuan/.conda/envs/mi_torch_cu118/lib/python3.10/site-packages/torch/distributed/algorithms/_quantization/quantization.py
   from /tmp/pip-uninstall-30rrqvv5/distributed/algorithms/_quantization/quantization.py
  Moving to /share/home/yuan/.conda/envs/mi_torch_cu118/lib/python3.10/site-packages/torch/distributed/algorithms/ddp_comm_hooks/__init__.py
   from /tmp/pip-uninstall-30rrqvv5/distributed/algorithms/ddp_comm_hooks/__init__.py
  Moving to /share/home/yuan/.conda/envs/mi_torch_cu118/lib/python3.10/site-packages/torch/distributed/algorithms/ddp_comm_hooks/__pycache__/__init__.cpython-310.pyc
   from /tmp/pip-uninstall-30rrqvv5/distributed/algorithms/ddp_comm_hooks/__pycache__/__init__.cpython-310.pyc
  Moving to /share/home/yuan/.conda/envs/mi_torch_cu118/lib/python3.10/site-packages/torch/distributed/algorithms/ddp_comm_hooks/__pycache__/ddp_zero_hook.cpython-310.pyc
   from /tmp/pip-uninstall-30rrqvv5/distributed/algorithms/ddp_comm_hooks/__pycache__/ddp_zero_hook.cpython-310.pyc
  Moving to /share/home/yuan/.conda/envs/mi_torch_cu118/lib/python3.10/site-packages/torch/distributed/algorithms/ddp_comm_hooks/__pycache__/debugging_hooks.cpython-310.pyc
   from /tmp/pip-uninstall-30rrqvv5/distributed/algorithms/ddp_comm_hooks/__pycache__/debugging_hooks.cpython-310.pyc
  Moving to /share/home/yuan/.conda/envs/mi_torch_cu118/lib/python3.10/site-packages/torch/distributed/algorithms/ddp_comm_hooks/__pycache__/default_hooks.cpython-310.pyc
   from /tmp/pip-uninstall-30rrqvv5/distributed/algorithms/ddp_comm_hooks/__pycache__/default_hooks.cpython-310.pyc
  Moving to /share/home/yuan/.conda/envs/mi_torch_cu118/lib/python3.10/site-packages/torch/distributed/algorithms/ddp_comm_hooks/__pycache__/mixed_precision_hooks.cpython-310.pyc
   from /tmp/pip-uninstall-30rrqvv5/distributed/algorithms/ddp_comm_hooks/__pycache__/mixed_precision_hooks.cpython-310.pyc
  Moving to /share/home/yuan/.conda/envs/mi_torch_cu118/lib/python3.10/site-packages/torch/distributed/algorithms/ddp_comm_hooks/__pycache__/optimizer_overlap_hooks.cpython-310.pyc
   from /tmp/pip-uninstall-30rrqvv5/distributed/algorithms/ddp_comm_hooks/__pycache__/optimizer_overlap_hooks.cpython-310.pyc
  Moving to /share/home/yuan/.conda/envs/mi_torch_cu118/lib/python3.10/site-packages/torch/distributed/algorithms/ddp_comm_hooks/__pycache__/post_localSGD_hook.cpython-310.pyc
   from /tmp/pip-uninstall-30rrqvv5/distributed/algorithms/ddp_comm_hooks/__pycache__/post_localSGD_hook.cpython-310.pyc
  Moving to /share/home/yuan/.conda/envs/mi_torch_cu118/lib/python3.10/site-packages/torch/distributed/algorithms/ddp_comm_hooks/__pycache__/powerSGD_hook.cpython-310.pyc
   from /tmp/pip-uninstall-30rrqvv5/distributed/algorithms/ddp_comm_hooks/__pycache__/powerSGD_hook.cpython-310.pyc
  Moving to /share/home/yuan/.conda/envs/mi_torch_cu118/lib/python3.10/site-packages/torch/distributed/algorithms/ddp_comm_hooks/__pycache__/quantization_hooks.cpython-310.pyc
   from /tmp/pip-uninstall-30rrqvv5/distributed/algorithms/ddp_comm_hooks/__pycache__/quantization_hooks.cpython-310.pyc
  Moving to /share/home/yuan/.conda/envs/mi_torch_cu118/lib/python3.10/site-packages/torch/distributed/algorithms/ddp_comm_hooks/ddp_zero_hook.py
   from /tmp/pip-uninstall-30rrqvv5/distributed/algorithms/ddp_comm_hooks/ddp_zero_hook.py
  Moving to /share/home/yuan/.conda/envs/mi_torch_cu118/lib/python3.10/site-packages/torch/distributed/algorithms/ddp_comm_hooks/debugging_hooks.py
   from /tmp/pip-uninstall-30rrqvv5/distributed/algorithms/ddp_comm_hooks/debugging_hooks.py
  Moving to /share/home/yuan/.conda/envs/mi_torch_cu118/lib/python3.10/site-packages/torch/distributed/algorithms/ddp_comm_hooks/default_hooks.py
   from /tmp/pip-uninstall-30rrqvv5/distributed/algorithms/ddp_comm_hooks/default_hooks.py
  Moving to /share/home/yuan/.conda/envs/mi_torch_cu118/lib/python3.10/site-packages/torch/distributed/algorithms/ddp_comm_hooks/mixed_precision_hooks.py
   from /tmp/pip-uninstall-30rrqvv5/distributed/algorithms/ddp_comm_hooks/mixed_precision_hooks.py
  Moving to /share/home/yuan/.conda/envs/mi_torch_cu118/lib/python3.10/site-packages/torch/distributed/algorithms/ddp_comm_hooks/optimizer_overlap_hooks.py
   from /tmp/pip-uninstall-30rrqvv5/distributed/algorithms/ddp_comm_hooks/optimizer_overlap_hooks.py
  Moving to /share/home/yuan/.conda/envs/mi_torch_cu118/lib/python3.10/site-packages/torch/distributed/algorithms/ddp_comm_hooks/post_localSGD_hook.py
   from /tmp/pip-uninstall-30rrqvv5/distributed/algorithms/ddp_comm_hooks/post_localSGD_hook.py
  Moving to /share/home/yuan/.conda/envs/mi_torch_cu118/lib/python3.10/site-packages/torch/distributed/algorithms/ddp_comm_hooks/powerSGD_hook.py
   from /tmp/pip-uninstall-30rrqvv5/distributed/algorithms/ddp_comm_hooks/powerSGD_hook.py
  Moving to /share/home/yuan/.conda/envs/mi_torch_cu118/lib/python3.10/site-packages/torch/distributed/algorithms/ddp_comm_hooks/quantization_hooks.py
   from /tmp/pip-uninstall-30rrqvv5/distributed/algorithms/ddp_comm_hooks/quantization_hooks.py
  Moving to /share/home/yuan/.conda/envs/mi_torch_cu118/lib/python3.10/site-packages/torch/distributed/algorithms/join.py
   from /tmp/pip-uninstall-30rrqvv5/distributed/algorithms/join.py
  Moving to /share/home/yuan/.conda/envs/mi_torch_cu118/lib/python3.10/site-packages/torch/distributed/algorithms/model_averaging/__init__.py
   from /tmp/pip-uninstall-30rrqvv5/distributed/algorithms/model_averaging/__init__.py
  Moving to /share/home/yuan/.conda/envs/mi_torch_cu118/lib/python3.10/site-packages/torch/distributed/algorithms/model_averaging/__pycache__/__init__.cpython-310.pyc
   from /tmp/pip-uninstall-30rrqvv5/distributed/algorithms/model_averaging/__pycache__/__init__.cpython-310.pyc
  Moving to /share/home/yuan/.conda/envs/mi_torch_cu118/lib/python3.10/site-packages/torch/distributed/algorithms/model_averaging/__pycache__/averagers.cpython-310.pyc
   from /tmp/pip-uninstall-30rrqvv5/distributed/algorithms/model_averaging/__pycache__/averagers.cpython-310.pyc
  Moving to /share/home/yuan/.conda/envs/mi_torch_cu118/lib/python3.10/site-packages/torch/distributed/algorithms/model_averaging/__pycache__/hierarchical_model_averager.cpython-310.pyc
   from /tmp/pip-uninstall-30rrqvv5/distributed/algorithms/model_averaging/__pycache__/hierarchical_model_averager.cpython-310.pyc
  Moving to /share/home/yuan/.conda/envs/mi_torch_cu118/lib/python3.10/site-packages/torch/distributed/algorithms/model_averaging/__pycache__/utils.cpython-310.pyc
   from /tmp/pip-uninstall-30rrqvv5/distributed/algorithms/model_averaging/__pycache__/utils.cpython-310.pyc
  Moving to /share/home/yuan/.conda/envs/mi_torch_cu118/lib/python3.10/site-packages/torch/distributed/algorithms/model_averaging/averagers.py
   from /tmp/pip-uninstall-30rrqvv5/distributed/algorithms/model_averaging/averagers.py
  Moving to /share/home/yuan/.conda/envs/mi_torch_cu118/lib/python3.10/site-packages/torch/distributed/algorithms/model_averaging/hierarchical_model_averager.py
   from /tmp/pip-uninstall-30rrqvv5/distributed/algorithms/model_averaging/hierarchical_model_averager.py
  Moving to /share/home/yuan/.conda/envs/mi_torch_cu118/lib/python3.10/site-packages/torch/distributed/algorithms/model_averaging/utils.py
   from /tmp/pip-uninstall-30rrqvv5/distributed/algorithms/model_averaging/utils.py
  Moving to /share/home/yuan/.conda/envs/mi_torch_cu118/lib/python3.10/site-packages/torch/distributed/argparse_util.py
   from /tmp/pip-uninstall-30rrqvv5/distributed/argparse_util.py
  Moving to /share/home/yuan/.conda/envs/mi_torch_cu118/lib/python3.10/site-packages/torch/distributed/autograd/__init__.py
   from /tmp/pip-uninstall-30rrqvv5/distributed/autograd/__init__.py
  Moving to /share/home/yuan/.conda/envs/mi_torch_cu118/lib/python3.10/site-packages/torch/distributed/autograd/__pycache__/__init__.cpython-310.pyc
   from /tmp/pip-uninstall-30rrqvv5/distributed/autograd/__pycache__/__init__.cpython-310.pyc
  Moving to /share/home/yuan/.conda/envs/mi_torch_cu118/lib/python3.10/site-packages/torch/distributed/c10d_logger.py
   from /tmp/pip-uninstall-30rrqvv5/distributed/c10d_logger.py
  Moving to /share/home/yuan/.conda/envs/mi_torch_cu118/lib/python3.10/site-packages/torch/distributed/checkpoint/__init__.py
   from /tmp/pip-uninstall-30rrqvv5/distributed/checkpoint/__init__.py
  Moving to /share/home/yuan/.conda/envs/mi_torch_cu118/lib/python3.10/site-packages/torch/distributed/checkpoint/__pycache__/__init__.cpython-310.pyc
   from /tmp/pip-uninstall-30rrqvv5/distributed/checkpoint/__pycache__/__init__.cpython-310.pyc
  Moving to /share/home/yuan/.conda/envs/mi_torch_cu118/lib/python3.10/site-packages/torch/distributed/checkpoint/__pycache__/_checkpointer.cpython-310.pyc
   from /tmp/pip-uninstall-30rrqvv5/distributed/checkpoint/__pycache__/_checkpointer.cpython-310.pyc
  Moving to /share/home/yuan/.conda/envs/mi_torch_cu118/lib/python3.10/site-packages/torch/distributed/checkpoint/__pycache__/_dedup_save_plans.cpython-310.pyc
   from /tmp/pip-uninstall-30rrqvv5/distributed/checkpoint/__pycache__/_dedup_save_plans.cpython-310.pyc
  Moving to /share/home/yuan/.conda/envs/mi_torch_cu118/lib/python3.10/site-packages/torch/distributed/checkpoint/__pycache__/_dedup_tensors.cpython-310.pyc
   from /tmp/pip-uninstall-30rrqvv5/distributed/checkpoint/__pycache__/_dedup_tensors.cpython-310.pyc
  Moving to /share/home/yuan/.conda/envs/mi_torch_cu118/lib/python3.10/site-packages/torch/distributed/checkpoint/__pycache__/_fsspec_filesystem.cpython-310.pyc
   from /tmp/pip-uninstall-30rrqvv5/distributed/checkpoint/__pycache__/_fsspec_filesystem.cpython-310.pyc
  Moving to /share/home/yuan/.conda/envs/mi_torch_cu118/lib/python3.10/site-packages/torch/distributed/checkpoint/__pycache__/_nested_dict.cpython-310.pyc
   from /tmp/pip-uninstall-30rrqvv5/distributed/checkpoint/__pycache__/_nested_dict.cpython-310.pyc
  Moving to /share/home/yuan/.conda/envs/mi_torch_cu118/lib/python3.10/site-packages/torch/distributed/checkpoint/__pycache__/_sharded_tensor_utils.cpython-310.pyc
   from /tmp/pip-uninstall-30rrqvv5/distributed/checkpoint/__pycache__/_sharded_tensor_utils.cpython-310.pyc
  Moving to /share/home/yuan/.conda/envs/mi_torch_cu118/lib/python3.10/site-packages/torch/distributed/checkpoint/__pycache__/_storage_utils.cpython-310.pyc
   from /tmp/pip-uninstall-30rrqvv5/distributed/checkpoint/__pycache__/_storage_utils.cpython-310.pyc
  Moving to /share/home/yuan/.conda/envs/mi_torch_cu118/lib/python3.10/site-packages/torch/distributed/checkpoint/__pycache__/_traverse.cpython-310.pyc
   from /tmp/pip-uninstall-30rrqvv5/distributed/checkpoint/__pycache__/_traverse.cpython-310.pyc
  Moving to /share/home/yuan/.conda/envs/mi_torch_cu118/lib/python3.10/site-packages/torch/distributed/checkpoint/__pycache__/_version.cpython-310.pyc
   from /tmp/pip-uninstall-30rrqvv5/distributed/checkpoint/__pycache__/_version.cpython-310.pyc
  Moving to /share/home/yuan/.conda/envs/mi_torch_cu118/lib/python3.10/site-packages/torch/distributed/checkpoint/__pycache__/api.cpython-310.pyc
   from /tmp/pip-uninstall-30rrqvv5/distributed/checkpoint/__pycache__/api.cpython-310.pyc
  Moving to /share/home/yuan/.conda/envs/mi_torch_cu118/lib/python3.10/site-packages/torch/distributed/checkpoint/__pycache__/default_planner.cpython-310.pyc
   from /tmp/pip-uninstall-30rrqvv5/distributed/checkpoint/__pycache__/default_planner.cpython-310.pyc
  Moving to /share/home/yuan/.conda/envs/mi_torch_cu118/lib/python3.10/site-packages/torch/distributed/checkpoint/__pycache__/filesystem.cpython-310.pyc
   from /tmp/pip-uninstall-30rrqvv5/distributed/checkpoint/__pycache__/filesystem.cpython-310.pyc
  Moving to /share/home/yuan/.conda/envs/mi_torch_cu118/lib/python3.10/site-packages/torch/distributed/checkpoint/__pycache__/format_utils.cpython-310.pyc
   from /tmp/pip-uninstall-30rrqvv5/distributed/checkpoint/__pycache__/format_utils.cpython-310.pyc
  Moving to /share/home/yuan/.conda/envs/mi_torch_cu118/lib/python3.10/site-packages/torch/distributed/checkpoint/__pycache__/logger.cpython-310.pyc
   from /tmp/pip-uninstall-30rrqvv5/distributed/checkpoint/__pycache__/logger.cpython-310.pyc
  Moving to /share/home/yuan/.conda/envs/mi_torch_cu118/lib/python3.10/site-packages/torch/distributed/checkpoint/__pycache__/logging_handlers.cpython-310.pyc
   from /tmp/pip-uninstall-30rrqvv5/distributed/checkpoint/__pycache__/logging_handlers.cpython-310.pyc
  Moving to /share/home/yuan/.conda/envs/mi_torch_cu118/lib/python3.10/site-packages/torch/distributed/checkpoint/__pycache__/metadata.cpython-310.pyc
   from /tmp/pip-uninstall-30rrqvv5/distributed/checkpoint/__pycache__/metadata.cpython-310.pyc
  Moving to /share/home/yuan/.conda/envs/mi_torch_cu118/lib/python3.10/site-packages/torch/distributed/checkpoint/__pycache__/optimizer.cpython-310.pyc
   from /tmp/pip-uninstall-30rrqvv5/distributed/checkpoint/__pycache__/optimizer.cpython-310.pyc
  Moving to /share/home/yuan/.conda/envs/mi_torch_cu118/lib/python3.10/site-packages/torch/distributed/checkpoint/__pycache__/planner.cpython-310.pyc
   from /tmp/pip-uninstall-30rrqvv5/distributed/checkpoint/__pycache__/planner.cpython-310.pyc
  Moving to /share/home/yuan/.conda/envs/mi_torch_cu118/lib/python3.10/site-packages/torch/distributed/checkpoint/__pycache__/planner_helpers.cpython-310.pyc
   from /tmp/pip-uninstall-30rrqvv5/distributed/checkpoint/__pycache__/planner_helpers.cpython-310.pyc
  Moving to /share/home/yuan/.conda/envs/mi_torch_cu118/lib/python3.10/site-packages/torch/distributed/checkpoint/__pycache__/resharding.cpython-310.pyc
   from /tmp/pip-uninstall-30rrqvv5/distributed/checkpoint/__pycache__/resharding.cpython-310.pyc
  Moving to /share/home/yuan/.conda/envs/mi_torch_cu118/lib/python3.10/site-packages/torch/distributed/checkpoint/__pycache__/staging.cpython-310.pyc
   from /tmp/pip-uninstall-30rrqvv5/distributed/checkpoint/__pycache__/staging.cpython-310.pyc
  Moving to /share/home/yuan/.conda/envs/mi_torch_cu118/lib/python3.10/site-packages/torch/distributed/checkpoint/__pycache__/state_dict.cpython-310.pyc
   from /tmp/pip-uninstall-30rrqvv5/distributed/checkpoint/__pycache__/state_dict.cpython-310.pyc
  Moving to /share/home/yuan/.conda/envs/mi_torch_cu118/lib/python3.10/site-packages/torch/distributed/checkpoint/__pycache__/state_dict_loader.cpython-310.pyc
   from /tmp/pip-uninstall-30rrqvv5/distributed/checkpoint/__pycache__/state_dict_loader.cpython-310.pyc
  Moving to /share/home/yuan/.conda/envs/mi_torch_cu118/lib/python3.10/site-packages/torch/distributed/checkpoint/__pycache__/state_dict_saver.cpython-310.pyc
   from /tmp/pip-uninstall-30rrqvv5/distributed/checkpoint/__pycache__/state_dict_saver.cpython-310.pyc
  Moving to /share/home/yuan/.conda/envs/mi_torch_cu118/lib/python3.10/site-packages/torch/distributed/checkpoint/__pycache__/stateful.cpython-310.pyc
   from /tmp/pip-uninstall-30rrqvv5/distributed/checkpoint/__pycache__/stateful.cpython-310.pyc
  Moving to /share/home/yuan/.conda/envs/mi_torch_cu118/lib/python3.10/site-packages/torch/distributed/checkpoint/__pycache__/storage.cpython-310.pyc
   from /tmp/pip-uninstall-30rrqvv5/distributed/checkpoint/__pycache__/storage.cpython-310.pyc
  Moving to /share/home/yuan/.conda/envs/mi_torch_cu118/lib/python3.10/site-packages/torch/distributed/checkpoint/__pycache__/utils.cpython-310.pyc
   from /tmp/pip-uninstall-30rrqvv5/distributed/checkpoint/__pycache__/utils.cpython-310.pyc
  Moving to /share/home/yuan/.conda/envs/mi_torch_cu118/lib/python3.10/site-packages/torch/distributed/checkpoint/_checkpointer.py
   from /tmp/pip-uninstall-30rrqvv5/distributed/checkpoint/_checkpointer.py
  Moving to /share/home/yuan/.conda/envs/mi_torch_cu118/lib/python3.10/site-packages/torch/distributed/checkpoint/_dedup_save_plans.py
   from /tmp/pip-uninstall-30rrqvv5/distributed/checkpoint/_dedup_save_plans.py
  Moving to /share/home/yuan/.conda/envs/mi_torch_cu118/lib/python3.10/site-packages/torch/distributed/checkpoint/_dedup_tensors.py
   from /tmp/pip-uninstall-30rrqvv5/distributed/checkpoint/_dedup_tensors.py
  Moving to /share/home/yuan/.conda/envs/mi_torch_cu118/lib/python3.10/site-packages/torch/distributed/checkpoint/_fsspec_filesystem.py
   from /tmp/pip-uninstall-30rrqvv5/distributed/checkpoint/_fsspec_filesystem.py
  Moving to /share/home/yuan/.conda/envs/mi_torch_cu118/lib/python3.10/site-packages/torch/distributed/checkpoint/_nested_dict.py
   from /tmp/pip-uninstall-30rrqvv5/distributed/checkpoint/_nested_dict.py
  Moving to /share/home/yuan/.conda/envs/mi_torch_cu118/lib/python3.10/site-packages/torch/distributed/checkpoint/_sharded_tensor_utils.py
   from /tmp/pip-uninstall-30rrqvv5/distributed/checkpoint/_sharded_tensor_utils.py
  Moving to /share/home/yuan/.conda/envs/mi_torch_cu118/lib/python3.10/site-packages/torch/distributed/checkpoint/_storage_utils.py
   from /tmp/pip-uninstall-30rrqvv5/distributed/checkpoint/_storage_utils.py
  Moving to /share/home/yuan/.conda/envs/mi_torch_cu118/lib/python3.10/site-packages/torch/distributed/checkpoint/_traverse.py
   from /tmp/pip-uninstall-30rrqvv5/distributed/checkpoint/_traverse.py
  Moving to /share/home/yuan/.conda/envs/mi_torch_cu118/lib/python3.10/site-packages/torch/distributed/checkpoint/_version.py
   from /tmp/pip-uninstall-30rrqvv5/distributed/checkpoint/_version.py
  Moving to /share/home/yuan/.conda/envs/mi_torch_cu118/lib/python3.10/site-packages/torch/distributed/checkpoint/api.py
   from /tmp/pip-uninstall-30rrqvv5/distributed/checkpoint/api.py
  Moving to /share/home/yuan/.conda/envs/mi_torch_cu118/lib/python3.10/site-packages/torch/distributed/checkpoint/default_planner.py
   from /tmp/pip-uninstall-30rrqvv5/distributed/checkpoint/default_planner.py
  Moving to /share/home/yuan/.conda/envs/mi_torch_cu118/lib/python3.10/site-packages/torch/distributed/checkpoint/filesystem.py
   from /tmp/pip-uninstall-30rrqvv5/distributed/checkpoint/filesystem.py
  Moving to /share/home/yuan/.conda/envs/mi_torch_cu118/lib/python3.10/site-packages/torch/distributed/checkpoint/format_utils.py
   from /tmp/pip-uninstall-30rrqvv5/distributed/checkpoint/format_utils.py
  Moving to /share/home/yuan/.conda/envs/mi_torch_cu118/lib/python3.10/site-packages/torch/distributed/checkpoint/logger.py
   from /tmp/pip-uninstall-30rrqvv5/distributed/checkpoint/logger.py
  Moving to /share/home/yuan/.conda/envs/mi_torch_cu118/lib/python3.10/site-packages/torch/distributed/checkpoint/logging_handlers.py
   from /tmp/pip-uninstall-30rrqvv5/distributed/checkpoint/logging_handlers.py
  Moving to /share/home/yuan/.conda/envs/mi_torch_cu118/lib/python3.10/site-packages/torch/distributed/checkpoint/metadata.py
   from /tmp/pip-uninstall-30rrqvv5/distributed/checkpoint/metadata.py
  Moving to /share/home/yuan/.conda/envs/mi_torch_cu118/lib/python3.10/site-packages/torch/distributed/checkpoint/optimizer.py
   from /tmp/pip-uninstall-30rrqvv5/distributed/checkpoint/optimizer.py
  Moving to /share/home/yuan/.conda/envs/mi_torch_cu118/lib/python3.10/site-packages/torch/distributed/checkpoint/planner.py
   from /tmp/pip-uninstall-30rrqvv5/distributed/checkpoint/planner.py
  Moving to /share/home/yuan/.conda/envs/mi_torch_cu118/lib/python3.10/site-packages/torch/distributed/checkpoint/planner_helpers.py
   from /tmp/pip-uninstall-30rrqvv5/distributed/checkpoint/planner_helpers.py
  Moving to /share/home/yuan/.conda/envs/mi_torch_cu118/lib/python3.10/site-packages/torch/distributed/checkpoint/resharding.py
   from /tmp/pip-uninstall-30rrqvv5/distributed/checkpoint/resharding.py
  Moving to /share/home/yuan/.conda/envs/mi_torch_cu118/lib/python3.10/site-packages/torch/distributed/checkpoint/staging.py
   from /tmp/pip-uninstall-30rrqvv5/distributed/checkpoint/staging.py
  Moving to /share/home/yuan/.conda/envs/mi_torch_cu118/lib/python3.10/site-packages/torch/distributed/checkpoint/state_dict.py
   from /tmp/pip-uninstall-30rrqvv5/distributed/checkpoint/state_dict.py
  Moving to /share/home/yuan/.conda/envs/mi_torch_cu118/lib/python3.10/site-packages/torch/distributed/checkpoint/state_dict_loader.py
   from /tmp/pip-uninstall-30rrqvv5/distributed/checkpoint/state_dict_loader.py
  Moving to /share/home/yuan/.conda/envs/mi_torch_cu118/lib/python3.10/site-packages/torch/distributed/checkpoint/state_dict_saver.py
   from /tmp/pip-uninstall-30rrqvv5/distributed/checkpoint/state_dict_saver.py
  Moving to /share/home/yuan/.conda/envs/mi_torch_cu118/lib/python3.10/site-packages/torch/distributed/checkpoint/stateful.py
   from /tmp/pip-uninstall-30rrqvv5/distributed/checkpoint/stateful.py
  Moving to /share/home/yuan/.conda/envs/mi_torch_cu118/lib/python3.10/site-packages/torch/distributed/checkpoint/storage.py
   from /tmp/pip-uninstall-30rrqvv5/distributed/checkpoint/storage.py
  Moving to /share/home/yuan/.conda/envs/mi_torch_cu118/lib/python3.10/site-packages/torch/distributed/checkpoint/utils.py
   from /tmp/pip-uninstall-30rrqvv5/distributed/checkpoint/utils.py
  Moving to /share/home/yuan/.conda/envs/mi_torch_cu118/lib/python3.10/site-packages/torch/distributed/collective_utils.py
   from /tmp/pip-uninstall-30rrqvv5/distributed/collective_utils.py
  Moving to /share/home/yuan/.conda/envs/mi_torch_cu118/lib/python3.10/site-packages/torch/distributed/constants.py
   from /tmp/pip-uninstall-30rrqvv5/distributed/constants.py
  Moving to /share/home/yuan/.conda/envs/mi_torch_cu118/lib/python3.10/site-packages/torch/distributed/device_mesh.py
   from /tmp/pip-uninstall-30rrqvv5/distributed/device_mesh.py
  Moving to /share/home/yuan/.conda/envs/mi_torch_cu118/lib/python3.10/site-packages/torch/distributed/distributed_c10d.py
   from /tmp/pip-uninstall-30rrqvv5/distributed/distributed_c10d.py
  Moving to /share/home/yuan/.conda/envs/mi_torch_cu118/lib/python3.10/site-packages/torch/distributed/elastic/__init__.py
   from /tmp/pip-uninstall-30rrqvv5/distributed/elastic/__init__.py
  Moving to /share/home/yuan/.conda/envs/mi_torch_cu118/lib/python3.10/site-packages/torch/distributed/elastic/__pycache__/__init__.cpython-310.pyc
   from /tmp/pip-uninstall-30rrqvv5/distributed/elastic/__pycache__/__init__.cpython-310.pyc
  Moving to /share/home/yuan/.conda/envs/mi_torch_cu118/lib/python3.10/site-packages/torch/distributed/elastic/__pycache__/control_plane.cpython-310.pyc
   from /tmp/pip-uninstall-30rrqvv5/distributed/elastic/__pycache__/control_plane.cpython-310.pyc
  Moving to /share/home/yuan/.conda/envs/mi_torch_cu118/lib/python3.10/site-packages/torch/distributed/elastic/agent/__init__.py
   from /tmp/pip-uninstall-30rrqvv5/distributed/elastic/agent/__init__.py
  Moving to /share/home/yuan/.conda/envs/mi_torch_cu118/lib/python3.10/site-packages/torch/distributed/elastic/agent/__pycache__/__init__.cpython-310.pyc
   from /tmp/pip-uninstall-30rrqvv5/distributed/elastic/agent/__pycache__/__init__.cpython-310.pyc
  Moving to /share/home/yuan/.conda/envs/mi_torch_cu118/lib/python3.10/site-packages/torch/distributed/elastic/agent/server/__init__.py
   from /tmp/pip-uninstall-30rrqvv5/distributed/elastic/agent/server/__init__.py
  Moving to /share/home/yuan/.conda/envs/mi_torch_cu118/lib/python3.10/site-packages/torch/distributed/elastic/agent/server/__pycache__/__init__.cpython-310.pyc
   from /tmp/pip-uninstall-30rrqvv5/distributed/elastic/agent/server/__pycache__/__init__.cpython-310.pyc
  Moving to /share/home/yuan/.conda/envs/mi_torch_cu118/lib/python3.10/site-packages/torch/distributed/elastic/agent/server/__pycache__/api.cpython-310.pyc
   from /tmp/pip-uninstall-30rrqvv5/distributed/elastic/agent/server/__pycache__/api.cpython-310.pyc
  Moving to /share/home/yuan/.conda/envs/mi_torch_cu118/lib/python3.10/site-packages/torch/distributed/elastic/agent/server/__pycache__/health_check_server.cpython-310.pyc
   from /tmp/pip-uninstall-30rrqvv5/distributed/elastic/agent/server/__pycache__/health_check_server.cpython-310.pyc
  Moving to /share/home/yuan/.conda/envs/mi_torch_cu118/lib/python3.10/site-packages/torch/distributed/elastic/agent/server/__pycache__/local_elastic_agent.cpython-310.pyc
   from /tmp/pip-uninstall-30rrqvv5/distributed/elastic/agent/server/__pycache__/local_elastic_agent.cpython-310.pyc
  Moving to /share/home/yuan/.conda/envs/mi_torch_cu118/lib/python3.10/site-packages/torch/distributed/elastic/agent/server/api.py
   from /tmp/pip-uninstall-30rrqvv5/distributed/elastic/agent/server/api.py
  Moving to /share/home/yuan/.conda/envs/mi_torch_cu118/lib/python3.10/site-packages/torch/distributed/elastic/agent/server/health_check_server.py
   from /tmp/pip-uninstall-30rrqvv5/distributed/elastic/agent/server/health_check_server.py
  Moving to /share/home/yuan/.conda/envs/mi_torch_cu118/lib/python3.10/site-packages/torch/distributed/elastic/agent/server/local_elastic_agent.py
   from /tmp/pip-uninstall-30rrqvv5/distributed/elastic/agent/server/local_elastic_agent.py
  Moving to /share/home/yuan/.conda/envs/mi_torch_cu118/lib/python3.10/site-packages/torch/distributed/elastic/control_plane.py
   from /tmp/pip-uninstall-30rrqvv5/distributed/elastic/control_plane.py
  Moving to /share/home/yuan/.conda/envs/mi_torch_cu118/lib/python3.10/site-packages/torch/distributed/elastic/events/__init__.py
   from /tmp/pip-uninstall-30rrqvv5/distributed/elastic/events/__init__.py
  Moving to /share/home/yuan/.conda/envs/mi_torch_cu118/lib/python3.10/site-packages/torch/distributed/elastic/events/__pycache__/__init__.cpython-310.pyc
   from /tmp/pip-uninstall-30rrqvv5/distributed/elastic/events/__pycache__/__init__.cpython-310.pyc
  Moving to /share/home/yuan/.conda/envs/mi_torch_cu118/lib/python3.10/site-packages/torch/distributed/elastic/events/__pycache__/api.cpython-310.pyc
   from /tmp/pip-uninstall-30rrqvv5/distributed/elastic/events/__pycache__/api.cpython-310.pyc
  Moving to /share/home/yuan/.conda/envs/mi_torch_cu118/lib/python3.10/site-packages/torch/distributed/elastic/events/__pycache__/handlers.cpython-310.pyc
   from /tmp/pip-uninstall-30rrqvv5/distributed/elastic/events/__pycache__/handlers.cpython-310.pyc
  Moving to /share/home/yuan/.conda/envs/mi_torch_cu118/lib/python3.10/site-packages/torch/distributed/elastic/events/api.py
   from /tmp/pip-uninstall-30rrqvv5/distributed/elastic/events/api.py
  Moving to /share/home/yuan/.conda/envs/mi_torch_cu118/lib/python3.10/site-packages/torch/distributed/elastic/events/handlers.py
   from /tmp/pip-uninstall-30rrqvv5/distributed/elastic/events/handlers.py
  Moving to /share/home/yuan/.conda/envs/mi_torch_cu118/lib/python3.10/site-packages/torch/distributed/elastic/metrics/__init__.py
   from /tmp/pip-uninstall-30rrqvv5/distributed/elastic/metrics/__init__.py
  Moving to /share/home/yuan/.conda/envs/mi_torch_cu118/lib/python3.10/site-packages/torch/distributed/elastic/metrics/__pycache__/__init__.cpython-310.pyc
   from /tmp/pip-uninstall-30rrqvv5/distributed/elastic/metrics/__pycache__/__init__.cpython-310.pyc
  Moving to /share/home/yuan/.conda/envs/mi_torch_cu118/lib/python3.10/site-packages/torch/distributed/elastic/metrics/__pycache__/api.cpython-310.pyc
   from /tmp/pip-uninstall-30rrqvv5/distributed/elastic/metrics/__pycache__/api.cpython-310.pyc
  Moving to /share/home/yuan/.conda/envs/mi_torch_cu118/lib/python3.10/site-packages/torch/distributed/elastic/metrics/api.py
   from /tmp/pip-uninstall-30rrqvv5/distributed/elastic/metrics/api.py
  Moving to /share/home/yuan/.conda/envs/mi_torch_cu118/lib/python3.10/site-packages/torch/distributed/elastic/multiprocessing/__init__.py
   from /tmp/pip-uninstall-30rrqvv5/distributed/elastic/multiprocessing/__init__.py
  Moving to /share/home/yuan/.conda/envs/mi_torch_cu118/lib/python3.10/site-packages/torch/distributed/elastic/multiprocessing/__pycache__/__init__.cpython-310.pyc
   from /tmp/pip-uninstall-30rrqvv5/distributed/elastic/multiprocessing/__pycache__/__init__.cpython-310.pyc
  Moving to /share/home/yuan/.conda/envs/mi_torch_cu118/lib/python3.10/site-packages/torch/distributed/elastic/multiprocessing/__pycache__/api.cpython-310.pyc
   from /tmp/pip-uninstall-30rrqvv5/distributed/elastic/multiprocessing/__pycache__/api.cpython-310.pyc
  Moving to /share/home/yuan/.conda/envs/mi_torch_cu118/lib/python3.10/site-packages/torch/distributed/elastic/multiprocessing/__pycache__/redirects.cpython-310.pyc
   from /tmp/pip-uninstall-30rrqvv5/distributed/elastic/multiprocessing/__pycache__/redirects.cpython-310.pyc
  Moving to /share/home/yuan/.conda/envs/mi_torch_cu118/lib/python3.10/site-packages/torch/distributed/elastic/multiprocessing/__pycache__/tail_log.cpython-310.pyc
   from /tmp/pip-uninstall-30rrqvv5/distributed/elastic/multiprocessing/__pycache__/tail_log.cpython-310.pyc
  Moving to /share/home/yuan/.conda/envs/mi_torch_cu118/lib/python3.10/site-packages/torch/distributed/elastic/multiprocessing/api.py
   from /tmp/pip-uninstall-30rrqvv5/distributed/elastic/multiprocessing/api.py
  Moving to /share/home/yuan/.conda/envs/mi_torch_cu118/lib/python3.10/site-packages/torch/distributed/elastic/multiprocessing/errors/__init__.py
   from /tmp/pip-uninstall-30rrqvv5/distributed/elastic/multiprocessing/errors/__init__.py
  Moving to /share/home/yuan/.conda/envs/mi_torch_cu118/lib/python3.10/site-packages/torch/distributed/elastic/multiprocessing/errors/__pycache__/__init__.cpython-310.pyc
   from /tmp/pip-uninstall-30rrqvv5/distributed/elastic/multiprocessing/errors/__pycache__/__init__.cpython-310.pyc
  Moving to /share/home/yuan/.conda/envs/mi_torch_cu118/lib/python3.10/site-packages/torch/distributed/elastic/multiprocessing/errors/__pycache__/error_handler.cpython-310.pyc
   from /tmp/pip-uninstall-30rrqvv5/distributed/elastic/multiprocessing/errors/__pycache__/error_handler.cpython-310.pyc
  Moving to /share/home/yuan/.conda/envs/mi_torch_cu118/lib/python3.10/site-packages/torch/distributed/elastic/multiprocessing/errors/__pycache__/handlers.cpython-310.pyc
   from /tmp/pip-uninstall-30rrqvv5/distributed/elastic/multiprocessing/errors/__pycache__/handlers.cpython-310.pyc
  Moving to /share/home/yuan/.conda/envs/mi_torch_cu118/lib/python3.10/site-packages/torch/distributed/elastic/multiprocessing/errors/error_handler.py
   from /tmp/pip-uninstall-30rrqvv5/distributed/elastic/multiprocessing/errors/error_handler.py
  Moving to /share/home/yuan/.conda/envs/mi_torch_cu118/lib/python3.10/site-packages/torch/distributed/elastic/multiprocessing/errors/handlers.py
   from /tmp/pip-uninstall-30rrqvv5/distributed/elastic/multiprocessing/errors/handlers.py
  Moving to /share/home/yuan/.conda/envs/mi_torch_cu118/lib/python3.10/site-packages/torch/distributed/elastic/multiprocessing/redirects.py
   from /tmp/pip-uninstall-30rrqvv5/distributed/elastic/multiprocessing/redirects.py
  Moving to /share/home/yuan/.conda/envs/mi_torch_cu118/lib/python3.10/site-packages/torch/distributed/elastic/multiprocessing/subprocess_handler/__init__.py
   from /tmp/pip-uninstall-30rrqvv5/distributed/elastic/multiprocessing/subprocess_handler/__init__.py
  Moving to /share/home/yuan/.conda/envs/mi_torch_cu118/lib/python3.10/site-packages/torch/distributed/elastic/multiprocessing/subprocess_handler/__pycache__/__init__.cpython-310.pyc
   from /tmp/pip-uninstall-30rrqvv5/distributed/elastic/multiprocessing/subprocess_handler/__pycache__/__init__.cpython-310.pyc
  Moving to /share/home/yuan/.conda/envs/mi_torch_cu118/lib/python3.10/site-packages/torch/distributed/elastic/multiprocessing/subprocess_handler/__pycache__/handlers.cpython-310.pyc
   from /tmp/pip-uninstall-30rrqvv5/distributed/elastic/multiprocessing/subprocess_handler/__pycache__/handlers.cpython-310.pyc
  Moving to /share/home/yuan/.conda/envs/mi_torch_cu118/lib/python3.10/site-packages/torch/distributed/elastic/multiprocessing/subprocess_handler/__pycache__/subprocess_handler.cpython-310.pyc
   from /tmp/pip-uninstall-30rrqvv5/distributed/elastic/multiprocessing/subprocess_handler/__pycache__/subprocess_handler.cpython-310.pyc
  Moving to /share/home/yuan/.conda/envs/mi_torch_cu118/lib/python3.10/site-packages/torch/distributed/elastic/multiprocessing/subprocess_handler/handlers.py
   from /tmp/pip-uninstall-30rrqvv5/distributed/elastic/multiprocessing/subprocess_handler/handlers.py
  Moving to /share/home/yuan/.conda/envs/mi_torch_cu118/lib/python3.10/site-packages/torch/distributed/elastic/multiprocessing/subprocess_handler/subprocess_handler.py
   from /tmp/pip-uninstall-30rrqvv5/distributed/elastic/multiprocessing/subprocess_handler/subprocess_handler.py
  Moving to /share/home/yuan/.conda/envs/mi_torch_cu118/lib/python3.10/site-packages/torch/distributed/elastic/multiprocessing/tail_log.py
   from /tmp/pip-uninstall-30rrqvv5/distributed/elastic/multiprocessing/tail_log.py
  Moving to /share/home/yuan/.conda/envs/mi_torch_cu118/lib/python3.10/site-packages/torch/distributed/elastic/rendezvous/__init__.py
   from /tmp/pip-uninstall-30rrqvv5/distributed/elastic/rendezvous/__init__.py
  Moving to /share/home/yuan/.conda/envs/mi_torch_cu118/lib/python3.10/site-packages/torch/distributed/elastic/rendezvous/__pycache__/__init__.cpython-310.pyc
   from /tmp/pip-uninstall-30rrqvv5/distributed/elastic/rendezvous/__pycache__/__init__.cpython-310.pyc
  Moving to /share/home/yuan/.conda/envs/mi_torch_cu118/lib/python3.10/site-packages/torch/distributed/elastic/rendezvous/__pycache__/api.cpython-310.pyc
   from /tmp/pip-uninstall-30rrqvv5/distributed/elastic/rendezvous/__pycache__/api.cpython-310.pyc
  Moving to /share/home/yuan/.conda/envs/mi_torch_cu118/lib/python3.10/site-packages/torch/distributed/elastic/rendezvous/__pycache__/c10d_rendezvous_backend.cpython-310.pyc
   from /tmp/pip-uninstall-30rrqvv5/distributed/elastic/rendezvous/__pycache__/c10d_rendezvous_backend.cpython-310.pyc
  Moving to /share/home/yuan/.conda/envs/mi_torch_cu118/lib/python3.10/site-packages/torch/distributed/elastic/rendezvous/__pycache__/dynamic_rendezvous.cpython-310.pyc
   from /tmp/pip-uninstall-30rrqvv5/distributed/elastic/rendezvous/__pycache__/dynamic_rendezvous.cpython-310.pyc
  Moving to /share/home/yuan/.conda/envs/mi_torch_cu118/lib/python3.10/site-packages/torch/distributed/elastic/rendezvous/__pycache__/etcd_rendezvous.cpython-310.pyc
   from /tmp/pip-uninstall-30rrqvv5/distributed/elastic/rendezvous/__pycache__/etcd_rendezvous.cpython-310.pyc
  Moving to /share/home/yuan/.conda/envs/mi_torch_cu118/lib/python3.10/site-packages/torch/distributed/elastic/rendezvous/__pycache__/etcd_rendezvous_backend.cpython-310.pyc
   from /tmp/pip-uninstall-30rrqvv5/distributed/elastic/rendezvous/__pycache__/etcd_rendezvous_backend.cpython-310.pyc
  Moving to /share/home/yuan/.conda/envs/mi_torch_cu118/lib/python3.10/site-packages/torch/distributed/elastic/rendezvous/__pycache__/etcd_server.cpython-310.pyc
   from /tmp/pip-uninstall-30rrqvv5/distributed/elastic/rendezvous/__pycache__/etcd_server.cpython-310.pyc
  Moving to /share/home/yuan/.conda/envs/mi_torch_cu118/lib/python3.10/site-packages/torch/distributed/elastic/rendezvous/__pycache__/etcd_store.cpython-310.pyc
   from /tmp/pip-uninstall-30rrqvv5/distributed/elastic/rendezvous/__pycache__/etcd_store.cpython-310.pyc
  Moving to /share/home/yuan/.conda/envs/mi_torch_cu118/lib/python3.10/site-packages/torch/distributed/elastic/rendezvous/__pycache__/registry.cpython-310.pyc
   from /tmp/pip-uninstall-30rrqvv5/distributed/elastic/rendezvous/__pycache__/registry.cpython-310.pyc
  Moving to /share/home/yuan/.conda/envs/mi_torch_cu118/lib/python3.10/site-packages/torch/distributed/elastic/rendezvous/__pycache__/static_tcp_rendezvous.cpython-310.pyc
   from /tmp/pip-uninstall-30rrqvv5/distributed/elastic/rendezvous/__pycache__/static_tcp_rendezvous.cpython-310.pyc
  Moving to /share/home/yuan/.conda/envs/mi_torch_cu118/lib/python3.10/site-packages/torch/distributed/elastic/rendezvous/__pycache__/utils.cpython-310.pyc
   from /tmp/pip-uninstall-30rrqvv5/distributed/elastic/rendezvous/__pycache__/utils.cpython-310.pyc
  Moving to /share/home/yuan/.conda/envs/mi_torch_cu118/lib/python3.10/site-packages/torch/distributed/elastic/rendezvous/api.py
   from /tmp/pip-uninstall-30rrqvv5/distributed/elastic/rendezvous/api.py
  Moving to /share/home/yuan/.conda/envs/mi_torch_cu118/lib/python3.10/site-packages/torch/distributed/elastic/rendezvous/c10d_rendezvous_backend.py
   from /tmp/pip-uninstall-30rrqvv5/distributed/elastic/rendezvous/c10d_rendezvous_backend.py
  Moving to /share/home/yuan/.conda/envs/mi_torch_cu118/lib/python3.10/site-packages/torch/distributed/elastic/rendezvous/dynamic_rendezvous.py
   from /tmp/pip-uninstall-30rrqvv5/distributed/elastic/rendezvous/dynamic_rendezvous.py
  Moving to /share/home/yuan/.conda/envs/mi_torch_cu118/lib/python3.10/site-packages/torch/distributed/elastic/rendezvous/etcd_rendezvous.py
   from /tmp/pip-uninstall-30rrqvv5/distributed/elastic/rendezvous/etcd_rendezvous.py
  Moving to /share/home/yuan/.conda/envs/mi_torch_cu118/lib/python3.10/site-packages/torch/distributed/elastic/rendezvous/etcd_rendezvous_backend.py
   from /tmp/pip-uninstall-30rrqvv5/distributed/elastic/rendezvous/etcd_rendezvous_backend.py
  Moving to /share/home/yuan/.conda/envs/mi_torch_cu118/lib/python3.10/site-packages/torch/distributed/elastic/rendezvous/etcd_server.py
   from /tmp/pip-uninstall-30rrqvv5/distributed/elastic/rendezvous/etcd_server.py
  Moving to /share/home/yuan/.conda/envs/mi_torch_cu118/lib/python3.10/site-packages/torch/distributed/elastic/rendezvous/etcd_store.py
   from /tmp/pip-uninstall-30rrqvv5/distributed/elastic/rendezvous/etcd_store.py
  Moving to /share/home/yuan/.conda/envs/mi_torch_cu118/lib/python3.10/site-packages/torch/distributed/elastic/rendezvous/registry.py
   from /tmp/pip-uninstall-30rrqvv5/distributed/elastic/rendezvous/registry.py
  Moving to /share/home/yuan/.conda/envs/mi_torch_cu118/lib/python3.10/site-packages/torch/distributed/elastic/rendezvous/static_tcp_rendezvous.py
   from /tmp/pip-uninstall-30rrqvv5/distributed/elastic/rendezvous/static_tcp_rendezvous.py
  Moving to /share/home/yuan/.conda/envs/mi_torch_cu118/lib/python3.10/site-packages/torch/distributed/elastic/rendezvous/utils.py
   from /tmp/pip-uninstall-30rrqvv5/distributed/elastic/rendezvous/utils.py
  Moving to /share/home/yuan/.conda/envs/mi_torch_cu118/lib/python3.10/site-packages/torch/distributed/elastic/timer/__init__.py
   from /tmp/pip-uninstall-30rrqvv5/distributed/elastic/timer/__init__.py
  Moving to /share/home/yuan/.conda/envs/mi_torch_cu118/lib/python3.10/site-packages/torch/distributed/elastic/timer/__pycache__/__init__.cpython-310.pyc
   from /tmp/pip-uninstall-30rrqvv5/distributed/elastic/timer/__pycache__/__init__.cpython-310.pyc
  Moving to /share/home/yuan/.conda/envs/mi_torch_cu118/lib/python3.10/site-packages/torch/distributed/elastic/timer/__pycache__/api.cpython-310.pyc
   from /tmp/pip-uninstall-30rrqvv5/distributed/elastic/timer/__pycache__/api.cpython-310.pyc
  Moving to /share/home/yuan/.conda/envs/mi_torch_cu118/lib/python3.10/site-packages/torch/distributed/elastic/timer/__pycache__/debug_info_logging.cpython-310.pyc
   from /tmp/pip-uninstall-30rrqvv5/distributed/elastic/timer/__pycache__/debug_info_logging.cpython-310.pyc
  Moving to /share/home/yuan/.conda/envs/mi_torch_cu118/lib/python3.10/site-packages/torch/distributed/elastic/timer/__pycache__/file_based_local_timer.cpython-310.pyc
   from /tmp/pip-uninstall-30rrqvv5/distributed/elastic/timer/__pycache__/file_based_local_timer.cpython-310.pyc
  Moving to /share/home/yuan/.conda/envs/mi_torch_cu118/lib/python3.10/site-packages/torch/distributed/elastic/timer/__pycache__/local_timer.cpython-310.pyc
   from /tmp/pip-uninstall-30rrqvv5/distributed/elastic/timer/__pycache__/local_timer.cpython-310.pyc
  Moving to /share/home/yuan/.conda/envs/mi_torch_cu118/lib/python3.10/site-packages/torch/distributed/elastic/timer/api.py
   from /tmp/pip-uninstall-30rrqvv5/distributed/elastic/timer/api.py
  Moving to /share/home/yuan/.conda/envs/mi_torch_cu118/lib/python3.10/site-packages/torch/distributed/elastic/timer/debug_info_logging.py
   from /tmp/pip-uninstall-30rrqvv5/distributed/elastic/timer/debug_info_logging.py
  Moving to /share/home/yuan/.conda/envs/mi_torch_cu118/lib/python3.10/site-packages/torch/distributed/elastic/timer/file_based_local_timer.py
   from /tmp/pip-uninstall-30rrqvv5/distributed/elastic/timer/file_based_local_timer.py
  Moving to /share/home/yuan/.conda/envs/mi_torch_cu118/lib/python3.10/site-packages/torch/distributed/elastic/timer/local_timer.py
   from /tmp/pip-uninstall-30rrqvv5/distributed/elastic/timer/local_timer.py
  Moving to /share/home/yuan/.conda/envs/mi_torch_cu118/lib/python3.10/site-packages/torch/distributed/elastic/utils/__init__.py
   from /tmp/pip-uninstall-30rrqvv5/distributed/elastic/utils/__init__.py
  Moving to /share/home/yuan/.conda/envs/mi_torch_cu118/lib/python3.10/site-packages/torch/distributed/elastic/utils/__pycache__/__init__.cpython-310.pyc
   from /tmp/pip-uninstall-30rrqvv5/distributed/elastic/utils/__pycache__/__init__.cpython-310.pyc
  Moving to /share/home/yuan/.conda/envs/mi_torch_cu118/lib/python3.10/site-packages/torch/distributed/elastic/utils/__pycache__/api.cpython-310.pyc
   from /tmp/pip-uninstall-30rrqvv5/distributed/elastic/utils/__pycache__/api.cpython-310.pyc
  Moving to /share/home/yuan/.conda/envs/mi_torch_cu118/lib/python3.10/site-packages/torch/distributed/elastic/utils/__pycache__/distributed.cpython-310.pyc
   from /tmp/pip-uninstall-30rrqvv5/distributed/elastic/utils/__pycache__/distributed.cpython-310.pyc
  Moving to /share/home/yuan/.conda/envs/mi_torch_cu118/lib/python3.10/site-packages/torch/distributed/elastic/utils/__pycache__/log_level.cpython-310.pyc
   from /tmp/pip-uninstall-30rrqvv5/distributed/elastic/utils/__pycache__/log_level.cpython-310.pyc
  Moving to /share/home/yuan/.conda/envs/mi_torch_cu118/lib/python3.10/site-packages/torch/distributed/elastic/utils/__pycache__/logging.cpython-310.pyc
   from /tmp/pip-uninstall-30rrqvv5/distributed/elastic/utils/__pycache__/logging.cpython-310.pyc
  Moving to /share/home/yuan/.conda/envs/mi_torch_cu118/lib/python3.10/site-packages/torch/distributed/elastic/utils/__pycache__/store.cpython-310.pyc
   from /tmp/pip-uninstall-30rrqvv5/distributed/elastic/utils/__pycache__/store.cpython-310.pyc
  Moving to /share/home/yuan/.conda/envs/mi_torch_cu118/lib/python3.10/site-packages/torch/distributed/elastic/utils/api.py
   from /tmp/pip-uninstall-30rrqvv5/distributed/elastic/utils/api.py
  Moving to /share/home/yuan/.conda/envs/mi_torch_cu118/lib/python3.10/site-packages/torch/distributed/elastic/utils/data/__init__.py
   from /tmp/pip-uninstall-30rrqvv5/distributed/elastic/utils/data/__init__.py
  Moving to /share/home/yuan/.conda/envs/mi_torch_cu118/lib/python3.10/site-packages/torch/distributed/elastic/utils/data/__pycache__/__init__.cpython-310.pyc
   from /tmp/pip-uninstall-30rrqvv5/distributed/elastic/utils/data/__pycache__/__init__.cpython-310.pyc
  Moving to /share/home/yuan/.conda/envs/mi_torch_cu118/lib/python3.10/site-packages/torch/distributed/elastic/utils/data/__pycache__/cycling_iterator.cpython-310.pyc
   from /tmp/pip-uninstall-30rrqvv5/distributed/elastic/utils/data/__pycache__/cycling_iterator.cpython-310.pyc
  Moving to /share/home/yuan/.conda/envs/mi_torch_cu118/lib/python3.10/site-packages/torch/distributed/elastic/utils/data/__pycache__/elastic_distributed_sampler.cpython-310.pyc
   from /tmp/pip-uninstall-30rrqvv5/distributed/elastic/utils/data/__pycache__/elastic_distributed_sampler.cpython-310.pyc
  Moving to /share/home/yuan/.conda/envs/mi_torch_cu118/lib/python3.10/site-packages/torch/distributed/elastic/utils/data/cycling_iterator.py
   from /tmp/pip-uninstall-30rrqvv5/distributed/elastic/utils/data/cycling_iterator.py
  Moving to /share/home/yuan/.conda/envs/mi_torch_cu118/lib/python3.10/site-packages/torch/distributed/elastic/utils/data/elastic_distributed_sampler.py
   from /tmp/pip-uninstall-30rrqvv5/distributed/elastic/utils/data/elastic_distributed_sampler.py
  Moving to /share/home/yuan/.conda/envs/mi_torch_cu118/lib/python3.10/site-packages/torch/distributed/elastic/utils/distributed.py
   from /tmp/pip-uninstall-30rrqvv5/distributed/elastic/utils/distributed.py
  Moving to /share/home/yuan/.conda/envs/mi_torch_cu118/lib/python3.10/site-packages/torch/distributed/elastic/utils/log_level.py
   from /tmp/pip-uninstall-30rrqvv5/distributed/elastic/utils/log_level.py
  Moving to /share/home/yuan/.conda/envs/mi_torch_cu118/lib/python3.10/site-packages/torch/distributed/elastic/utils/logging.py
   from /tmp/pip-uninstall-30rrqvv5/distributed/elastic/utils/logging.py
  Moving to /share/home/yuan/.conda/envs/mi_torch_cu118/lib/python3.10/site-packages/torch/distributed/elastic/utils/store.py
   from /tmp/pip-uninstall-30rrqvv5/distributed/elastic/utils/store.py
  Moving to /share/home/yuan/.conda/envs/mi_torch_cu118/lib/python3.10/site-packages/torch/distributed/fsdp/__init__.py
   from /tmp/pip-uninstall-30rrqvv5/distributed/fsdp/__init__.py
  Moving to /share/home/yuan/.conda/envs/mi_torch_cu118/lib/python3.10/site-packages/torch/distributed/fsdp/__pycache__/__init__.cpython-310.pyc
   from /tmp/pip-uninstall-30rrqvv5/distributed/fsdp/__pycache__/__init__.cpython-310.pyc
  Moving to /share/home/yuan/.conda/envs/mi_torch_cu118/lib/python3.10/site-packages/torch/distributed/fsdp/__pycache__/_common_utils.cpython-310.pyc
   from /tmp/pip-uninstall-30rrqvv5/distributed/fsdp/__pycache__/_common_utils.cpython-310.pyc
  Moving to /share/home/yuan/.conda/envs/mi_torch_cu118/lib/python3.10/site-packages/torch/distributed/fsdp/__pycache__/_debug_utils.cpython-310.pyc
   from /tmp/pip-uninstall-30rrqvv5/distributed/fsdp/__pycache__/_debug_utils.cpython-310.pyc
  Moving to /share/home/yuan/.conda/envs/mi_torch_cu118/lib/python3.10/site-packages/torch/distributed/fsdp/__pycache__/_dynamo_utils.cpython-310.pyc
   from /tmp/pip-uninstall-30rrqvv5/distributed/fsdp/__pycache__/_dynamo_utils.cpython-310.pyc
  Moving to /share/home/yuan/.conda/envs/mi_torch_cu118/lib/python3.10/site-packages/torch/distributed/fsdp/__pycache__/_exec_order_utils.cpython-310.pyc
   from /tmp/pip-uninstall-30rrqvv5/distributed/fsdp/__pycache__/_exec_order_utils.cpython-310.pyc
  Moving to /share/home/yuan/.conda/envs/mi_torch_cu118/lib/python3.10/site-packages/torch/distributed/fsdp/__pycache__/_flat_param.cpython-310.pyc
   from /tmp/pip-uninstall-30rrqvv5/distributed/fsdp/__pycache__/_flat_param.cpython-310.pyc
  Moving to /share/home/yuan/.conda/envs/mi_torch_cu118/lib/python3.10/site-packages/torch/distributed/fsdp/__pycache__/_fsdp_extensions.cpython-310.pyc
   from /tmp/pip-uninstall-30rrqvv5/distributed/fsdp/__pycache__/_fsdp_extensions.cpython-310.pyc
  Moving to /share/home/yuan/.conda/envs/mi_torch_cu118/lib/python3.10/site-packages/torch/distributed/fsdp/__pycache__/_init_utils.cpython-310.pyc
   from /tmp/pip-uninstall-30rrqvv5/distributed/fsdp/__pycache__/_init_utils.cpython-310.pyc
  Moving to /share/home/yuan/.conda/envs/mi_torch_cu118/lib/python3.10/site-packages/torch/distributed/fsdp/__pycache__/_limiter_utils.cpython-310.pyc
   from /tmp/pip-uninstall-30rrqvv5/distributed/fsdp/__pycache__/_limiter_utils.cpython-310.pyc
  Moving to /share/home/yuan/.conda/envs/mi_torch_cu118/lib/python3.10/site-packages/torch/distributed/fsdp/__pycache__/_optim_utils.cpython-310.pyc
   from /tmp/pip-uninstall-30rrqvv5/distributed/fsdp/__pycache__/_optim_utils.cpython-310.pyc
  Moving to /share/home/yuan/.conda/envs/mi_torch_cu118/lib/python3.10/site-packages/torch/distributed/fsdp/__pycache__/_runtime_utils.cpython-310.pyc
   from /tmp/pip-uninstall-30rrqvv5/distributed/fsdp/__pycache__/_runtime_utils.cpython-310.pyc
  Moving to /share/home/yuan/.conda/envs/mi_torch_cu118/lib/python3.10/site-packages/torch/distributed/fsdp/__pycache__/_shard_utils.cpython-310.pyc
   from /tmp/pip-uninstall-30rrqvv5/distributed/fsdp/__pycache__/_shard_utils.cpython-310.pyc
  Moving to /share/home/yuan/.conda/envs/mi_torch_cu118/lib/python3.10/site-packages/torch/distributed/fsdp/__pycache__/_state_dict_utils.cpython-310.pyc
   from /tmp/pip-uninstall-30rrqvv5/distributed/fsdp/__pycache__/_state_dict_utils.cpython-310.pyc
  Moving to /share/home/yuan/.conda/envs/mi_torch_cu118/lib/python3.10/site-packages/torch/distributed/fsdp/__pycache__/_trace_utils.cpython-310.pyc
   from /tmp/pip-uninstall-30rrqvv5/distributed/fsdp/__pycache__/_trace_utils.cpython-310.pyc
  Moving to /share/home/yuan/.conda/envs/mi_torch_cu118/lib/python3.10/site-packages/torch/distributed/fsdp/__pycache__/_traversal_utils.cpython-310.pyc
   from /tmp/pip-uninstall-30rrqvv5/distributed/fsdp/__pycache__/_traversal_utils.cpython-310.pyc
  Moving to /share/home/yuan/.conda/envs/mi_torch_cu118/lib/python3.10/site-packages/torch/distributed/fsdp/__pycache__/_unshard_param_utils.cpython-310.pyc
   from /tmp/pip-uninstall-30rrqvv5/distributed/fsdp/__pycache__/_unshard_param_utils.cpython-310.pyc
  Moving to /share/home/yuan/.conda/envs/mi_torch_cu118/lib/python3.10/site-packages/torch/distributed/fsdp/__pycache__/_wrap_utils.cpython-310.pyc
   from /tmp/pip-uninstall-30rrqvv5/distributed/fsdp/__pycache__/_wrap_utils.cpython-310.pyc
  Moving to /share/home/yuan/.conda/envs/mi_torch_cu118/lib/python3.10/site-packages/torch/distributed/fsdp/__pycache__/api.cpython-310.pyc
   from /tmp/pip-uninstall-30rrqvv5/distributed/fsdp/__pycache__/api.cpython-310.pyc
  Moving to /share/home/yuan/.conda/envs/mi_torch_cu118/lib/python3.10/site-packages/torch/distributed/fsdp/__pycache__/fully_sharded_data_parallel.cpython-310.pyc
   from /tmp/pip-uninstall-30rrqvv5/distributed/fsdp/__pycache__/fully_sharded_data_parallel.cpython-310.pyc
  Moving to /share/home/yuan/.conda/envs/mi_torch_cu118/lib/python3.10/site-packages/torch/distributed/fsdp/__pycache__/sharded_grad_scaler.cpython-310.pyc
   from /tmp/pip-uninstall-30rrqvv5/distributed/fsdp/__pycache__/sharded_grad_scaler.cpython-310.pyc
  Moving to /share/home/yuan/.conda/envs/mi_torch_cu118/lib/python3.10/site-packages/torch/distributed/fsdp/__pycache__/wrap.cpython-310.pyc
   from /tmp/pip-uninstall-30rrqvv5/distributed/fsdp/__pycache__/wrap.cpython-310.pyc
  Moving to /share/home/yuan/.conda/envs/mi_torch_cu118/lib/python3.10/site-packages/torch/distributed/fsdp/_common_utils.py
   from /tmp/pip-uninstall-30rrqvv5/distributed/fsdp/_common_utils.py
  Moving to /share/home/yuan/.conda/envs/mi_torch_cu118/lib/python3.10/site-packages/torch/distributed/fsdp/_debug_utils.py
   from /tmp/pip-uninstall-30rrqvv5/distributed/fsdp/_debug_utils.py
  Moving to /share/home/yuan/.conda/envs/mi_torch_cu118/lib/python3.10/site-packages/torch/distributed/fsdp/_dynamo_utils.py
   from /tmp/pip-uninstall-30rrqvv5/distributed/fsdp/_dynamo_utils.py
  Moving to /share/home/yuan/.conda/envs/mi_torch_cu118/lib/python3.10/site-packages/torch/distributed/fsdp/_exec_order_utils.py
   from /tmp/pip-uninstall-30rrqvv5/distributed/fsdp/_exec_order_utils.py
  Moving to /share/home/yuan/.conda/envs/mi_torch_cu118/lib/python3.10/site-packages/torch/distributed/fsdp/_flat_param.py
   from /tmp/pip-uninstall-30rrqvv5/distributed/fsdp/_flat_param.py
  Moving to /share/home/yuan/.conda/envs/mi_torch_cu118/lib/python3.10/site-packages/torch/distributed/fsdp/_fsdp_extensions.py
   from /tmp/pip-uninstall-30rrqvv5/distributed/fsdp/_fsdp_extensions.py
  Moving to /share/home/yuan/.conda/envs/mi_torch_cu118/lib/python3.10/site-packages/torch/distributed/fsdp/_fully_shard/__init__.py
   from /tmp/pip-uninstall-30rrqvv5/distributed/fsdp/_fully_shard/__init__.py
  Moving to /share/home/yuan/.conda/envs/mi_torch_cu118/lib/python3.10/site-packages/torch/distributed/fsdp/_fully_shard/__pycache__/__init__.cpython-310.pyc
   from /tmp/pip-uninstall-30rrqvv5/distributed/fsdp/_fully_shard/__pycache__/__init__.cpython-310.pyc
  Moving to /share/home/yuan/.conda/envs/mi_torch_cu118/lib/python3.10/site-packages/torch/distributed/fsdp/_fully_shard/__pycache__/_fsdp_api.cpython-310.pyc
   from /tmp/pip-uninstall-30rrqvv5/distributed/fsdp/_fully_shard/__pycache__/_fsdp_api.cpython-310.pyc
  Moving to /share/home/yuan/.conda/envs/mi_torch_cu118/lib/python3.10/site-packages/torch/distributed/fsdp/_fully_shard/__pycache__/_fsdp_collectives.cpython-310.pyc
   from /tmp/pip-uninstall-30rrqvv5/distributed/fsdp/_fully_shard/__pycache__/_fsdp_collectives.cpython-310.pyc
  Moving to /share/home/yuan/.conda/envs/mi_torch_cu118/lib/python3.10/site-packages/torch/distributed/fsdp/_fully_shard/__pycache__/_fsdp_common.cpython-310.pyc
   from /tmp/pip-uninstall-30rrqvv5/distributed/fsdp/_fully_shard/__pycache__/_fsdp_common.cpython-310.pyc
  Moving to /share/home/yuan/.conda/envs/mi_torch_cu118/lib/python3.10/site-packages/torch/distributed/fsdp/_fully_shard/__pycache__/_fsdp_init.cpython-310.pyc
   from /tmp/pip-uninstall-30rrqvv5/distributed/fsdp/_fully_shard/__pycache__/_fsdp_init.cpython-310.pyc
  Moving to /share/home/yuan/.conda/envs/mi_torch_cu118/lib/python3.10/site-packages/torch/distributed/fsdp/_fully_shard/__pycache__/_fsdp_param.cpython-310.pyc
   from /tmp/pip-uninstall-30rrqvv5/distributed/fsdp/_fully_shard/__pycache__/_fsdp_param.cpython-310.pyc
  Moving to /share/home/yuan/.conda/envs/mi_torch_cu118/lib/python3.10/site-packages/torch/distributed/fsdp/_fully_shard/__pycache__/_fsdp_param_group.cpython-310.pyc
   from /tmp/pip-uninstall-30rrqvv5/distributed/fsdp/_fully_shard/__pycache__/_fsdp_param_group.cpython-310.pyc
  Moving to /share/home/yuan/.conda/envs/mi_torch_cu118/lib/python3.10/site-packages/torch/distributed/fsdp/_fully_shard/__pycache__/_fsdp_state.cpython-310.pyc
   from /tmp/pip-uninstall-30rrqvv5/distributed/fsdp/_fully_shard/__pycache__/_fsdp_state.cpython-310.pyc
  Moving to /share/home/yuan/.conda/envs/mi_torch_cu118/lib/python3.10/site-packages/torch/distributed/fsdp/_fully_shard/__pycache__/_fully_shard.cpython-310.pyc
   from /tmp/pip-uninstall-30rrqvv5/distributed/fsdp/_fully_shard/__pycache__/_fully_shard.cpython-310.pyc
  Moving to /share/home/yuan/.conda/envs/mi_torch_cu118/lib/python3.10/site-packages/torch/distributed/fsdp/_fully_shard/_fsdp_api.py
   from /tmp/pip-uninstall-30rrqvv5/distributed/fsdp/_fully_shard/_fsdp_api.py
  Moving to /share/home/yuan/.conda/envs/mi_torch_cu118/lib/python3.10/site-packages/torch/distributed/fsdp/_fully_shard/_fsdp_collectives.py
   from /tmp/pip-uninstall-30rrqvv5/distributed/fsdp/_fully_shard/_fsdp_collectives.py
  Moving to /share/home/yuan/.conda/envs/mi_torch_cu118/lib/python3.10/site-packages/torch/distributed/fsdp/_fully_shard/_fsdp_common.py
   from /tmp/pip-uninstall-30rrqvv5/distributed/fsdp/_fully_shard/_fsdp_common.py
  Moving to /share/home/yuan/.conda/envs/mi_torch_cu118/lib/python3.10/site-packages/torch/distributed/fsdp/_fully_shard/_fsdp_init.py
   from /tmp/pip-uninstall-30rrqvv5/distributed/fsdp/_fully_shard/_fsdp_init.py
  Moving to /share/home/yuan/.conda/envs/mi_torch_cu118/lib/python3.10/site-packages/torch/distributed/fsdp/_fully_shard/_fsdp_param.py
   from /tmp/pip-uninstall-30rrqvv5/distributed/fsdp/_fully_shard/_fsdp_param.py
  Moving to /share/home/yuan/.conda/envs/mi_torch_cu118/lib/python3.10/site-packages/torch/distributed/fsdp/_fully_shard/_fsdp_param_group.py
   from /tmp/pip-uninstall-30rrqvv5/distributed/fsdp/_fully_shard/_fsdp_param_group.py
  Moving to /share/home/yuan/.conda/envs/mi_torch_cu118/lib/python3.10/site-packages/torch/distributed/fsdp/_fully_shard/_fsdp_state.py
   from /tmp/pip-uninstall-30rrqvv5/distributed/fsdp/_fully_shard/_fsdp_state.py
  Moving to /share/home/yuan/.conda/envs/mi_torch_cu118/lib/python3.10/site-packages/torch/distributed/fsdp/_fully_shard/_fully_shard.py
   from /tmp/pip-uninstall-30rrqvv5/distributed/fsdp/_fully_shard/_fully_shard.py
  Moving to /share/home/yuan/.conda/envs/mi_torch_cu118/lib/python3.10/site-packages/torch/distributed/fsdp/_init_utils.py
   from /tmp/pip-uninstall-30rrqvv5/distributed/fsdp/_init_utils.py
  Moving to /share/home/yuan/.conda/envs/mi_torch_cu118/lib/python3.10/site-packages/torch/distributed/fsdp/_limiter_utils.py
   from /tmp/pip-uninstall-30rrqvv5/distributed/fsdp/_limiter_utils.py
  Moving to /share/home/yuan/.conda/envs/mi_torch_cu118/lib/python3.10/site-packages/torch/distributed/fsdp/_optim_utils.py
   from /tmp/pip-uninstall-30rrqvv5/distributed/fsdp/_optim_utils.py
  Moving to /share/home/yuan/.conda/envs/mi_torch_cu118/lib/python3.10/site-packages/torch/distributed/fsdp/_runtime_utils.py
   from /tmp/pip-uninstall-30rrqvv5/distributed/fsdp/_runtime_utils.py
  Moving to /share/home/yuan/.conda/envs/mi_torch_cu118/lib/python3.10/site-packages/torch/distributed/fsdp/_shard_utils.py
   from /tmp/pip-uninstall-30rrqvv5/distributed/fsdp/_shard_utils.py
  Moving to /share/home/yuan/.conda/envs/mi_torch_cu118/lib/python3.10/site-packages/torch/distributed/fsdp/_state_dict_utils.py
   from /tmp/pip-uninstall-30rrqvv5/distributed/fsdp/_state_dict_utils.py
  Moving to /share/home/yuan/.conda/envs/mi_torch_cu118/lib/python3.10/site-packages/torch/distributed/fsdp/_trace_utils.py
   from /tmp/pip-uninstall-30rrqvv5/distributed/fsdp/_trace_utils.py
  Moving to /share/home/yuan/.conda/envs/mi_torch_cu118/lib/python3.10/site-packages/torch/distributed/fsdp/_traversal_utils.py
   from /tmp/pip-uninstall-30rrqvv5/distributed/fsdp/_traversal_utils.py
  Moving to /share/home/yuan/.conda/envs/mi_torch_cu118/lib/python3.10/site-packages/torch/distributed/fsdp/_unshard_param_utils.py
   from /tmp/pip-uninstall-30rrqvv5/distributed/fsdp/_unshard_param_utils.py
  Moving to /share/home/yuan/.conda/envs/mi_torch_cu118/lib/python3.10/site-packages/torch/distributed/fsdp/_wrap_utils.py
   from /tmp/pip-uninstall-30rrqvv5/distributed/fsdp/_wrap_utils.py
  Moving to /share/home/yuan/.conda/envs/mi_torch_cu118/lib/python3.10/site-packages/torch/distributed/fsdp/api.py
   from /tmp/pip-uninstall-30rrqvv5/distributed/fsdp/api.py
  Moving to /share/home/yuan/.conda/envs/mi_torch_cu118/lib/python3.10/site-packages/torch/distributed/fsdp/fully_sharded_data_parallel.py
   from /tmp/pip-uninstall-30rrqvv5/distributed/fsdp/fully_sharded_data_parallel.py
  Moving to /share/home/yuan/.conda/envs/mi_torch_cu118/lib/python3.10/site-packages/torch/distributed/fsdp/sharded_grad_scaler.py
   from /tmp/pip-uninstall-30rrqvv5/distributed/fsdp/sharded_grad_scaler.py
  Moving to /share/home/yuan/.conda/envs/mi_torch_cu118/lib/python3.10/site-packages/torch/distributed/fsdp/wrap.py
   from /tmp/pip-uninstall-30rrqvv5/distributed/fsdp/wrap.py
  Moving to /share/home/yuan/.conda/envs/mi_torch_cu118/lib/python3.10/site-packages/torch/distributed/launch.py
   from /tmp/pip-uninstall-30rrqvv5/distributed/launch.py
  Moving to /share/home/yuan/.conda/envs/mi_torch_cu118/lib/python3.10/site-packages/torch/distributed/launcher/__init__.py
   from /tmp/pip-uninstall-30rrqvv5/distributed/launcher/__init__.py
  Moving to /share/home/yuan/.conda/envs/mi_torch_cu118/lib/python3.10/site-packages/torch/distributed/launcher/__pycache__/__init__.cpython-310.pyc
   from /tmp/pip-uninstall-30rrqvv5/distributed/launcher/__pycache__/__init__.cpython-310.pyc
  Moving to /share/home/yuan/.conda/envs/mi_torch_cu118/lib/python3.10/site-packages/torch/distributed/launcher/__pycache__/api.cpython-310.pyc
   from /tmp/pip-uninstall-30rrqvv5/distributed/launcher/__pycache__/api.cpython-310.pyc
  Moving to /share/home/yuan/.conda/envs/mi_torch_cu118/lib/python3.10/site-packages/torch/distributed/launcher/api.py
   from /tmp/pip-uninstall-30rrqvv5/distributed/launcher/api.py
  Moving to /share/home/yuan/.conda/envs/mi_torch_cu118/lib/python3.10/site-packages/torch/distributed/logging_handlers.py
   from /tmp/pip-uninstall-30rrqvv5/distributed/logging_handlers.py
  Moving to /share/home/yuan/.conda/envs/mi_torch_cu118/lib/python3.10/site-packages/torch/distributed/nn/__init__.py
   from /tmp/pip-uninstall-30rrqvv5/distributed/nn/__init__.py
  Moving to /share/home/yuan/.conda/envs/mi_torch_cu118/lib/python3.10/site-packages/torch/distributed/nn/__pycache__/__init__.cpython-310.pyc
   from /tmp/pip-uninstall-30rrqvv5/distributed/nn/__pycache__/__init__.cpython-310.pyc
  Moving to /share/home/yuan/.conda/envs/mi_torch_cu118/lib/python3.10/site-packages/torch/distributed/nn/__pycache__/functional.cpython-310.pyc
   from /tmp/pip-uninstall-30rrqvv5/distributed/nn/__pycache__/functional.cpython-310.pyc
  Moving to /share/home/yuan/.conda/envs/mi_torch_cu118/lib/python3.10/site-packages/torch/distributed/nn/api/__init__.py
   from /tmp/pip-uninstall-30rrqvv5/distributed/nn/api/__init__.py
  Moving to /share/home/yuan/.conda/envs/mi_torch_cu118/lib/python3.10/site-packages/torch/distributed/nn/api/__pycache__/__init__.cpython-310.pyc
   from /tmp/pip-uninstall-30rrqvv5/distributed/nn/api/__pycache__/__init__.cpython-310.pyc
  Moving to /share/home/yuan/.conda/envs/mi_torch_cu118/lib/python3.10/site-packages/torch/distributed/nn/api/__pycache__/remote_module.cpython-310.pyc
   from /tmp/pip-uninstall-30rrqvv5/distributed/nn/api/__pycache__/remote_module.cpython-310.pyc
  Moving to /share/home/yuan/.conda/envs/mi_torch_cu118/lib/python3.10/site-packages/torch/distributed/nn/api/remote_module.py
   from /tmp/pip-uninstall-30rrqvv5/distributed/nn/api/remote_module.py
  Moving to /share/home/yuan/.conda/envs/mi_torch_cu118/lib/python3.10/site-packages/torch/distributed/nn/functional.py
   from /tmp/pip-uninstall-30rrqvv5/distributed/nn/functional.py
  Moving to /share/home/yuan/.conda/envs/mi_torch_cu118/lib/python3.10/site-packages/torch/distributed/nn/jit/__init__.py
   from /tmp/pip-uninstall-30rrqvv5/distributed/nn/jit/__init__.py
  Moving to /share/home/yuan/.conda/envs/mi_torch_cu118/lib/python3.10/site-packages/torch/distributed/nn/jit/__pycache__/__init__.cpython-310.pyc
   from /tmp/pip-uninstall-30rrqvv5/distributed/nn/jit/__pycache__/__init__.cpython-310.pyc
  Moving to /share/home/yuan/.conda/envs/mi_torch_cu118/lib/python3.10/site-packages/torch/distributed/nn/jit/__pycache__/instantiator.cpython-310.pyc
   from /tmp/pip-uninstall-30rrqvv5/distributed/nn/jit/__pycache__/instantiator.cpython-310.pyc
  Moving to /share/home/yuan/.conda/envs/mi_torch_cu118/lib/python3.10/site-packages/torch/distributed/nn/jit/instantiator.py
   from /tmp/pip-uninstall-30rrqvv5/distributed/nn/jit/instantiator.py
  Moving to /share/home/yuan/.conda/envs/mi_torch_cu118/lib/python3.10/site-packages/torch/distributed/nn/jit/templates/__init__.py
   from /tmp/pip-uninstall-30rrqvv5/distributed/nn/jit/templates/__init__.py
  Moving to /share/home/yuan/.conda/envs/mi_torch_cu118/lib/python3.10/site-packages/torch/distributed/nn/jit/templates/__pycache__/__init__.cpython-310.pyc
   from /tmp/pip-uninstall-30rrqvv5/distributed/nn/jit/templates/__pycache__/__init__.cpython-310.pyc
  Moving to /share/home/yuan/.conda/envs/mi_torch_cu118/lib/python3.10/site-packages/torch/distributed/nn/jit/templates/__pycache__/remote_module_template.cpython-310.pyc
   from /tmp/pip-uninstall-30rrqvv5/distributed/nn/jit/templates/__pycache__/remote_module_template.cpython-310.pyc
  Moving to /share/home/yuan/.conda/envs/mi_torch_cu118/lib/python3.10/site-packages/torch/distributed/nn/jit/templates/remote_module_template.py
   from /tmp/pip-uninstall-30rrqvv5/distributed/nn/jit/templates/remote_module_template.py
  Moving to /share/home/yuan/.conda/envs/mi_torch_cu118/lib/python3.10/site-packages/torch/distributed/optim/__init__.py
   from /tmp/pip-uninstall-30rrqvv5/distributed/optim/__init__.py
  Moving to /share/home/yuan/.conda/envs/mi_torch_cu118/lib/python3.10/site-packages/torch/distributed/optim/__pycache__/__init__.cpython-310.pyc
   from /tmp/pip-uninstall-30rrqvv5/distributed/optim/__pycache__/__init__.cpython-310.pyc
  Moving to /share/home/yuan/.conda/envs/mi_torch_cu118/lib/python3.10/site-packages/torch/distributed/optim/__pycache__/_deprecation_warning.cpython-310.pyc
   from /tmp/pip-uninstall-30rrqvv5/distributed/optim/__pycache__/_deprecation_warning.cpython-310.pyc
  Moving to /share/home/yuan/.conda/envs/mi_torch_cu118/lib/python3.10/site-packages/torch/distributed/optim/__pycache__/apply_optimizer_in_backward.cpython-310.pyc
   from /tmp/pip-uninstall-30rrqvv5/distributed/optim/__pycache__/apply_optimizer_in_backward.cpython-310.pyc
  Moving to /share/home/yuan/.conda/envs/mi_torch_cu118/lib/python3.10/site-packages/torch/distributed/optim/__pycache__/functional_adadelta.cpython-310.pyc
   from /tmp/pip-uninstall-30rrqvv5/distributed/optim/__pycache__/functional_adadelta.cpython-310.pyc
  Moving to /share/home/yuan/.conda/envs/mi_torch_cu118/lib/python3.10/site-packages/torch/distributed/optim/__pycache__/functional_adagrad.cpython-310.pyc
   from /tmp/pip-uninstall-30rrqvv5/distributed/optim/__pycache__/functional_adagrad.cpython-310.pyc
  Moving to /share/home/yuan/.conda/envs/mi_torch_cu118/lib/python3.10/site-packages/torch/distributed/optim/__pycache__/functional_adam.cpython-310.pyc
   from /tmp/pip-uninstall-30rrqvv5/distributed/optim/__pycache__/functional_adam.cpython-310.pyc
  Moving to /share/home/yuan/.conda/envs/mi_torch_cu118/lib/python3.10/site-packages/torch/distributed/optim/__pycache__/functional_adamax.cpython-310.pyc
   from /tmp/pip-uninstall-30rrqvv5/distributed/optim/__pycache__/functional_adamax.cpython-310.pyc
  Moving to /share/home/yuan/.conda/envs/mi_torch_cu118/lib/python3.10/site-packages/torch/distributed/optim/__pycache__/functional_adamw.cpython-310.pyc
   from /tmp/pip-uninstall-30rrqvv5/distributed/optim/__pycache__/functional_adamw.cpython-310.pyc
  Moving to /share/home/yuan/.conda/envs/mi_torch_cu118/lib/python3.10/site-packages/torch/distributed/optim/__pycache__/functional_rmsprop.cpython-310.pyc
   from /tmp/pip-uninstall-30rrqvv5/distributed/optim/__pycache__/functional_rmsprop.cpython-310.pyc
  Moving to /share/home/yuan/.conda/envs/mi_torch_cu118/lib/python3.10/site-packages/torch/distributed/optim/__pycache__/functional_rprop.cpython-310.pyc
   from /tmp/pip-uninstall-30rrqvv5/distributed/optim/__pycache__/functional_rprop.cpython-310.pyc
  Moving to /share/home/yuan/.conda/envs/mi_torch_cu118/lib/python3.10/site-packages/torch/distributed/optim/__pycache__/functional_sgd.cpython-310.pyc
   from /tmp/pip-uninstall-30rrqvv5/distributed/optim/__pycache__/functional_sgd.cpython-310.pyc
  Moving to /share/home/yuan/.conda/envs/mi_torch_cu118/lib/python3.10/site-packages/torch/distributed/optim/__pycache__/named_optimizer.cpython-310.pyc
   from /tmp/pip-uninstall-30rrqvv5/distributed/optim/__pycache__/named_optimizer.cpython-310.pyc
  Moving to /share/home/yuan/.conda/envs/mi_torch_cu118/lib/python3.10/site-packages/torch/distributed/optim/__pycache__/optimizer.cpython-310.pyc
   from /tmp/pip-uninstall-30rrqvv5/distributed/optim/__pycache__/optimizer.cpython-310.pyc
  Moving to /share/home/yuan/.conda/envs/mi_torch_cu118/lib/python3.10/site-packages/torch/distributed/optim/__pycache__/post_localSGD_optimizer.cpython-310.pyc
   from /tmp/pip-uninstall-30rrqvv5/distributed/optim/__pycache__/post_localSGD_optimizer.cpython-310.pyc
  Moving to /share/home/yuan/.conda/envs/mi_torch_cu118/lib/python3.10/site-packages/torch/distributed/optim/__pycache__/utils.cpython-310.pyc
   from /tmp/pip-uninstall-30rrqvv5/distributed/optim/__pycache__/utils.cpython-310.pyc
  Moving to /share/home/yuan/.conda/envs/mi_torch_cu118/lib/python3.10/site-packages/torch/distributed/optim/__pycache__/zero_redundancy_optimizer.cpython-310.pyc
   from /tmp/pip-uninstall-30rrqvv5/distributed/optim/__pycache__/zero_redundancy_optimizer.cpython-310.pyc
  Moving to /share/home/yuan/.conda/envs/mi_torch_cu118/lib/python3.10/site-packages/torch/distributed/optim/_deprecation_warning.py
   from /tmp/pip-uninstall-30rrqvv5/distributed/optim/_deprecation_warning.py
  Moving to /share/home/yuan/.conda/envs/mi_torch_cu118/lib/python3.10/site-packages/torch/distributed/optim/apply_optimizer_in_backward.py
   from /tmp/pip-uninstall-30rrqvv5/distributed/optim/apply_optimizer_in_backward.py
  Moving to /share/home/yuan/.conda/envs/mi_torch_cu118/lib/python3.10/site-packages/torch/distributed/optim/functional_adadelta.py
   from /tmp/pip-uninstall-30rrqvv5/distributed/optim/functional_adadelta.py
  Moving to /share/home/yuan/.conda/envs/mi_torch_cu118/lib/python3.10/site-packages/torch/distributed/optim/functional_adagrad.py
   from /tmp/pip-uninstall-30rrqvv5/distributed/optim/functional_adagrad.py
  Moving to /share/home/yuan/.conda/envs/mi_torch_cu118/lib/python3.10/site-packages/torch/distributed/optim/functional_adam.py
   from /tmp/pip-uninstall-30rrqvv5/distributed/optim/functional_adam.py
  Moving to /share/home/yuan/.conda/envs/mi_torch_cu118/lib/python3.10/site-packages/torch/distributed/optim/functional_adamax.py
   from /tmp/pip-uninstall-30rrqvv5/distributed/optim/functional_adamax.py
  Moving to /share/home/yuan/.conda/envs/mi_torch_cu118/lib/python3.10/site-packages/torch/distributed/optim/functional_adamw.py
   from /tmp/pip-uninstall-30rrqvv5/distributed/optim/functional_adamw.py
  Moving to /share/home/yuan/.conda/envs/mi_torch_cu118/lib/python3.10/site-packages/torch/distributed/optim/functional_rmsprop.py
   from /tmp/pip-uninstall-30rrqvv5/distributed/optim/functional_rmsprop.py
  Moving to /share/home/yuan/.conda/envs/mi_torch_cu118/lib/python3.10/site-packages/torch/distributed/optim/functional_rprop.py
   from /tmp/pip-uninstall-30rrqvv5/distributed/optim/functional_rprop.py
  Moving to /share/home/yuan/.conda/envs/mi_torch_cu118/lib/python3.10/site-packages/torch/distributed/optim/functional_sgd.py
   from /tmp/pip-uninstall-30rrqvv5/distributed/optim/functional_sgd.py
  Moving to /share/home/yuan/.conda/envs/mi_torch_cu118/lib/python3.10/site-packages/torch/distributed/optim/named_optimizer.py
   from /tmp/pip-uninstall-30rrqvv5/distributed/optim/named_optimizer.py
  Moving to /share/home/yuan/.conda/envs/mi_torch_cu118/lib/python3.10/site-packages/torch/distributed/optim/optimizer.py
   from /tmp/pip-uninstall-30rrqvv5/distributed/optim/optimizer.py
  Moving to /share/home/yuan/.conda/envs/mi_torch_cu118/lib/python3.10/site-packages/torch/distributed/optim/post_localSGD_optimizer.py
   from /tmp/pip-uninstall-30rrqvv5/distributed/optim/post_localSGD_optimizer.py
  Moving to /share/home/yuan/.conda/envs/mi_torch_cu118/lib/python3.10/site-packages/torch/distributed/optim/utils.py
   from /tmp/pip-uninstall-30rrqvv5/distributed/optim/utils.py
  Moving to /share/home/yuan/.conda/envs/mi_torch_cu118/lib/python3.10/site-packages/torch/distributed/optim/zero_redundancy_optimizer.py
   from /tmp/pip-uninstall-30rrqvv5/distributed/optim/zero_redundancy_optimizer.py
  Moving to /share/home/yuan/.conda/envs/mi_torch_cu118/lib/python3.10/site-packages/torch/distributed/optim/zero_redundancy_optimizer.pyi
   from /tmp/pip-uninstall-30rrqvv5/distributed/optim/zero_redundancy_optimizer.pyi
  Moving to /share/home/yuan/.conda/envs/mi_torch_cu118/lib/python3.10/site-packages/torch/distributed/pipelining/_IR.py
   from /tmp/pip-uninstall-30rrqvv5/distributed/pipelining/_IR.py
  Moving to /share/home/yuan/.conda/envs/mi_torch_cu118/lib/python3.10/site-packages/torch/distributed/pipelining/__init__.py
   from /tmp/pip-uninstall-30rrqvv5/distributed/pipelining/__init__.py
  Moving to /share/home/yuan/.conda/envs/mi_torch_cu118/lib/python3.10/site-packages/torch/distributed/pipelining/__pycache__/_IR.cpython-310.pyc
   from /tmp/pip-uninstall-30rrqvv5/distributed/pipelining/__pycache__/_IR.cpython-310.pyc
  Moving to /share/home/yuan/.conda/envs/mi_torch_cu118/lib/python3.10/site-packages/torch/distributed/pipelining/__pycache__/__init__.cpython-310.pyc
   from /tmp/pip-uninstall-30rrqvv5/distributed/pipelining/__pycache__/__init__.cpython-310.pyc
  Moving to /share/home/yuan/.conda/envs/mi_torch_cu118/lib/python3.10/site-packages/torch/distributed/pipelining/__pycache__/_backward.cpython-310.pyc
   from /tmp/pip-uninstall-30rrqvv5/distributed/pipelining/__pycache__/_backward.cpython-310.pyc
  Moving to /share/home/yuan/.conda/envs/mi_torch_cu118/lib/python3.10/site-packages/torch/distributed/pipelining/__pycache__/_debug.cpython-310.pyc
   from /tmp/pip-uninstall-30rrqvv5/distributed/pipelining/__pycache__/_debug.cpython-310.pyc
  Moving to /share/home/yuan/.conda/envs/mi_torch_cu118/lib/python3.10/site-packages/torch/distributed/pipelining/__pycache__/_unflatten.cpython-310.pyc
   from /tmp/pip-uninstall-30rrqvv5/distributed/pipelining/__pycache__/_unflatten.cpython-310.pyc
  Moving to /share/home/yuan/.conda/envs/mi_torch_cu118/lib/python3.10/site-packages/torch/distributed/pipelining/__pycache__/_utils.cpython-310.pyc
   from /tmp/pip-uninstall-30rrqvv5/distributed/pipelining/__pycache__/_utils.cpython-310.pyc
  Moving to /share/home/yuan/.conda/envs/mi_torch_cu118/lib/python3.10/site-packages/torch/distributed/pipelining/__pycache__/microbatch.cpython-310.pyc
   from /tmp/pip-uninstall-30rrqvv5/distributed/pipelining/__pycache__/microbatch.cpython-310.pyc
  Moving to /share/home/yuan/.conda/envs/mi_torch_cu118/lib/python3.10/site-packages/torch/distributed/pipelining/__pycache__/schedules.cpython-310.pyc
   from /tmp/pip-uninstall-30rrqvv5/distributed/pipelining/__pycache__/schedules.cpython-310.pyc
  Moving to /share/home/yuan/.conda/envs/mi_torch_cu118/lib/python3.10/site-packages/torch/distributed/pipelining/__pycache__/stage.cpython-310.pyc
   from /tmp/pip-uninstall-30rrqvv5/distributed/pipelining/__pycache__/stage.cpython-310.pyc
  Moving to /share/home/yuan/.conda/envs/mi_torch_cu118/lib/python3.10/site-packages/torch/distributed/pipelining/_backward.py
   from /tmp/pip-uninstall-30rrqvv5/distributed/pipelining/_backward.py
  Moving to /share/home/yuan/.conda/envs/mi_torch_cu118/lib/python3.10/site-packages/torch/distributed/pipelining/_debug.py
   from /tmp/pip-uninstall-30rrqvv5/distributed/pipelining/_debug.py
  Moving to /share/home/yuan/.conda/envs/mi_torch_cu118/lib/python3.10/site-packages/torch/distributed/pipelining/_unflatten.py
   from /tmp/pip-uninstall-30rrqvv5/distributed/pipelining/_unflatten.py
  Moving to /share/home/yuan/.conda/envs/mi_torch_cu118/lib/python3.10/site-packages/torch/distributed/pipelining/_utils.py
   from /tmp/pip-uninstall-30rrqvv5/distributed/pipelining/_utils.py
  Moving to /share/home/yuan/.conda/envs/mi_torch_cu118/lib/python3.10/site-packages/torch/distributed/pipelining/microbatch.py
   from /tmp/pip-uninstall-30rrqvv5/distributed/pipelining/microbatch.py
  Moving to /share/home/yuan/.conda/envs/mi_torch_cu118/lib/python3.10/site-packages/torch/distributed/pipelining/schedules.py
   from /tmp/pip-uninstall-30rrqvv5/distributed/pipelining/schedules.py
  Moving to /share/home/yuan/.conda/envs/mi_torch_cu118/lib/python3.10/site-packages/torch/distributed/pipelining/stage.py
   from /tmp/pip-uninstall-30rrqvv5/distributed/pipelining/stage.py
  Moving to /share/home/yuan/.conda/envs/mi_torch_cu118/lib/python3.10/site-packages/torch/distributed/remote_device.py
   from /tmp/pip-uninstall-30rrqvv5/distributed/remote_device.py
  Moving to /share/home/yuan/.conda/envs/mi_torch_cu118/lib/python3.10/site-packages/torch/distributed/rendezvous.py
   from /tmp/pip-uninstall-30rrqvv5/distributed/rendezvous.py
  Moving to /share/home/yuan/.conda/envs/mi_torch_cu118/lib/python3.10/site-packages/torch/distributed/rpc/__init__.py
   from /tmp/pip-uninstall-30rrqvv5/distributed/rpc/__init__.py
  Moving to /share/home/yuan/.conda/envs/mi_torch_cu118/lib/python3.10/site-packages/torch/distributed/rpc/__pycache__/__init__.cpython-310.pyc
   from /tmp/pip-uninstall-30rrqvv5/distributed/rpc/__pycache__/__init__.cpython-310.pyc
  Moving to /share/home/yuan/.conda/envs/mi_torch_cu118/lib/python3.10/site-packages/torch/distributed/rpc/__pycache__/_utils.cpython-310.pyc
   from /tmp/pip-uninstall-30rrqvv5/distributed/rpc/__pycache__/_utils.cpython-310.pyc
  Moving to /share/home/yuan/.conda/envs/mi_torch_cu118/lib/python3.10/site-packages/torch/distributed/rpc/__pycache__/api.cpython-310.pyc
   from /tmp/pip-uninstall-30rrqvv5/distributed/rpc/__pycache__/api.cpython-310.pyc
  Moving to /share/home/yuan/.conda/envs/mi_torch_cu118/lib/python3.10/site-packages/torch/distributed/rpc/__pycache__/backend_registry.cpython-310.pyc
   from /tmp/pip-uninstall-30rrqvv5/distributed/rpc/__pycache__/backend_registry.cpython-310.pyc
  Moving to /share/home/yuan/.conda/envs/mi_torch_cu118/lib/python3.10/site-packages/torch/distributed/rpc/__pycache__/constants.cpython-310.pyc
   from /tmp/pip-uninstall-30rrqvv5/distributed/rpc/__pycache__/constants.cpython-310.pyc
  Moving to /share/home/yuan/.conda/envs/mi_torch_cu118/lib/python3.10/site-packages/torch/distributed/rpc/__pycache__/functions.cpython-310.pyc
   from /tmp/pip-uninstall-30rrqvv5/distributed/rpc/__pycache__/functions.cpython-310.pyc
  Moving to /share/home/yuan/.conda/envs/mi_torch_cu118/lib/python3.10/site-packages/torch/distributed/rpc/__pycache__/internal.cpython-310.pyc
   from /tmp/pip-uninstall-30rrqvv5/distributed/rpc/__pycache__/internal.cpython-310.pyc
  Moving to /share/home/yuan/.conda/envs/mi_torch_cu118/lib/python3.10/site-packages/torch/distributed/rpc/__pycache__/options.cpython-310.pyc
   from /tmp/pip-uninstall-30rrqvv5/distributed/rpc/__pycache__/options.cpython-310.pyc
  Moving to /share/home/yuan/.conda/envs/mi_torch_cu118/lib/python3.10/site-packages/torch/distributed/rpc/__pycache__/rref_proxy.cpython-310.pyc
   from /tmp/pip-uninstall-30rrqvv5/distributed/rpc/__pycache__/rref_proxy.cpython-310.pyc
  Moving to /share/home/yuan/.conda/envs/mi_torch_cu118/lib/python3.10/site-packages/torch/distributed/rpc/__pycache__/server_process_global_profiler.cpython-310.pyc
   from /tmp/pip-uninstall-30rrqvv5/distributed/rpc/__pycache__/server_process_global_profiler.cpython-310.pyc
  Moving to /share/home/yuan/.conda/envs/mi_torch_cu118/lib/python3.10/site-packages/torch/distributed/rpc/_testing/__init__.py
   from /tmp/pip-uninstall-30rrqvv5/distributed/rpc/_testing/__init__.py
  Moving to /share/home/yuan/.conda/envs/mi_torch_cu118/lib/python3.10/site-packages/torch/distributed/rpc/_testing/__pycache__/__init__.cpython-310.pyc
   from /tmp/pip-uninstall-30rrqvv5/distributed/rpc/_testing/__pycache__/__init__.cpython-310.pyc
  Moving to /share/home/yuan/.conda/envs/mi_torch_cu118/lib/python3.10/site-packages/torch/distributed/rpc/_testing/__pycache__/faulty_agent_backend_registry.cpython-310.pyc
   from /tmp/pip-uninstall-30rrqvv5/distributed/rpc/_testing/__pycache__/faulty_agent_backend_registry.cpython-310.pyc
  Moving to /share/home/yuan/.conda/envs/mi_torch_cu118/lib/python3.10/site-packages/torch/distributed/rpc/_testing/faulty_agent_backend_registry.py
   from /tmp/pip-uninstall-30rrqvv5/distributed/rpc/_testing/faulty_agent_backend_registry.py
  Moving to /share/home/yuan/.conda/envs/mi_torch_cu118/lib/python3.10/site-packages/torch/distributed/rpc/_utils.py
   from /tmp/pip-uninstall-30rrqvv5/distributed/rpc/_utils.py
  Moving to /share/home/yuan/.conda/envs/mi_torch_cu118/lib/python3.10/site-packages/torch/distributed/rpc/api.py
   from /tmp/pip-uninstall-30rrqvv5/distributed/rpc/api.py
  Moving to /share/home/yuan/.conda/envs/mi_torch_cu118/lib/python3.10/site-packages/torch/distributed/rpc/backend_registry.py
   from /tmp/pip-uninstall-30rrqvv5/distributed/rpc/backend_registry.py
  Moving to /share/home/yuan/.conda/envs/mi_torch_cu118/lib/python3.10/site-packages/torch/distributed/rpc/constants.py
   from /tmp/pip-uninstall-30rrqvv5/distributed/rpc/constants.py
  Moving to /share/home/yuan/.conda/envs/mi_torch_cu118/lib/python3.10/site-packages/torch/distributed/rpc/functions.py
   from /tmp/pip-uninstall-30rrqvv5/distributed/rpc/functions.py
  Moving to /share/home/yuan/.conda/envs/mi_torch_cu118/lib/python3.10/site-packages/torch/distributed/rpc/internal.py
   from /tmp/pip-uninstall-30rrqvv5/distributed/rpc/internal.py
  Moving to /share/home/yuan/.conda/envs/mi_torch_cu118/lib/python3.10/site-packages/torch/distributed/rpc/options.py
   from /tmp/pip-uninstall-30rrqvv5/distributed/rpc/options.py
  Moving to /share/home/yuan/.conda/envs/mi_torch_cu118/lib/python3.10/site-packages/torch/distributed/rpc/rref_proxy.py
   from /tmp/pip-uninstall-30rrqvv5/distributed/rpc/rref_proxy.py
  Moving to /share/home/yuan/.conda/envs/mi_torch_cu118/lib/python3.10/site-packages/torch/distributed/rpc/server_process_global_profiler.py
   from /tmp/pip-uninstall-30rrqvv5/distributed/rpc/server_process_global_profiler.py
  Moving to /share/home/yuan/.conda/envs/mi_torch_cu118/lib/python3.10/site-packages/torch/distributed/run.py
   from /tmp/pip-uninstall-30rrqvv5/distributed/run.py
  Moving to /share/home/yuan/.conda/envs/mi_torch_cu118/lib/python3.10/site-packages/torch/distributed/tensor/__init__.py
   from /tmp/pip-uninstall-30rrqvv5/distributed/tensor/__init__.py
  Moving to /share/home/yuan/.conda/envs/mi_torch_cu118/lib/python3.10/site-packages/torch/distributed/tensor/__pycache__/__init__.cpython-310.pyc
   from /tmp/pip-uninstall-30rrqvv5/distributed/tensor/__pycache__/__init__.cpython-310.pyc
  Moving to /share/home/yuan/.conda/envs/mi_torch_cu118/lib/python3.10/site-packages/torch/distributed/tensor/__pycache__/_api.cpython-310.pyc
   from /tmp/pip-uninstall-30rrqvv5/distributed/tensor/__pycache__/_api.cpython-310.pyc
  Moving to /share/home/yuan/.conda/envs/mi_torch_cu118/lib/python3.10/site-packages/torch/distributed/tensor/__pycache__/_collective_utils.cpython-310.pyc
   from /tmp/pip-uninstall-30rrqvv5/distributed/tensor/__pycache__/_collective_utils.cpython-310.pyc
  Moving to /share/home/yuan/.conda/envs/mi_torch_cu118/lib/python3.10/site-packages/torch/distributed/tensor/__pycache__/_dispatch.cpython-310.pyc
   from /tmp/pip-uninstall-30rrqvv5/distributed/tensor/__pycache__/_dispatch.cpython-310.pyc
  Moving to /share/home/yuan/.conda/envs/mi_torch_cu118/lib/python3.10/site-packages/torch/distributed/tensor/__pycache__/_dtensor_spec.cpython-310.pyc
   from /tmp/pip-uninstall-30rrqvv5/distributed/tensor/__pycache__/_dtensor_spec.cpython-310.pyc
  Moving to /share/home/yuan/.conda/envs/mi_torch_cu118/lib/python3.10/site-packages/torch/distributed/tensor/__pycache__/_op_schema.cpython-310.pyc
   from /tmp/pip-uninstall-30rrqvv5/distributed/tensor/__pycache__/_op_schema.cpython-310.pyc
  Moving to /share/home/yuan/.conda/envs/mi_torch_cu118/lib/python3.10/site-packages/torch/distributed/tensor/__pycache__/_random.cpython-310.pyc
   from /tmp/pip-uninstall-30rrqvv5/distributed/tensor/__pycache__/_random.cpython-310.pyc
  Moving to /share/home/yuan/.conda/envs/mi_torch_cu118/lib/python3.10/site-packages/torch/distributed/tensor/__pycache__/_redistribute.cpython-310.pyc
   from /tmp/pip-uninstall-30rrqvv5/distributed/tensor/__pycache__/_redistribute.cpython-310.pyc
  Moving to /share/home/yuan/.conda/envs/mi_torch_cu118/lib/python3.10/site-packages/torch/distributed/tensor/__pycache__/_sharding_prop.cpython-310.pyc
   from /tmp/pip-uninstall-30rrqvv5/distributed/tensor/__pycache__/_sharding_prop.cpython-310.pyc
  Moving to /share/home/yuan/.conda/envs/mi_torch_cu118/lib/python3.10/site-packages/torch/distributed/tensor/__pycache__/_shards_wrapper.cpython-310.pyc
   from /tmp/pip-uninstall-30rrqvv5/distributed/tensor/__pycache__/_shards_wrapper.cpython-310.pyc
  Moving to /share/home/yuan/.conda/envs/mi_torch_cu118/lib/python3.10/site-packages/torch/distributed/tensor/__pycache__/_tp_conv.cpython-310.pyc
   from /tmp/pip-uninstall-30rrqvv5/distributed/tensor/__pycache__/_tp_conv.cpython-310.pyc
  Moving to /share/home/yuan/.conda/envs/mi_torch_cu118/lib/python3.10/site-packages/torch/distributed/tensor/__pycache__/_utils.cpython-310.pyc
   from /tmp/pip-uninstall-30rrqvv5/distributed/tensor/__pycache__/_utils.cpython-310.pyc
  Moving to /share/home/yuan/.conda/envs/mi_torch_cu118/lib/python3.10/site-packages/torch/distributed/tensor/__pycache__/device_mesh.cpython-310.pyc
   from /tmp/pip-uninstall-30rrqvv5/distributed/tensor/__pycache__/device_mesh.cpython-310.pyc
  Moving to /share/home/yuan/.conda/envs/mi_torch_cu118/lib/python3.10/site-packages/torch/distributed/tensor/__pycache__/placement_types.cpython-310.pyc
   from /tmp/pip-uninstall-30rrqvv5/distributed/tensor/__pycache__/placement_types.cpython-310.pyc
  Moving to /share/home/yuan/.conda/envs/mi_torch_cu118/lib/python3.10/site-packages/torch/distributed/tensor/_api.py
   from /tmp/pip-uninstall-30rrqvv5/distributed/tensor/_api.py
  Moving to /share/home/yuan/.conda/envs/mi_torch_cu118/lib/python3.10/site-packages/torch/distributed/tensor/_collective_utils.py
   from /tmp/pip-uninstall-30rrqvv5/distributed/tensor/_collective_utils.py
  Moving to /share/home/yuan/.conda/envs/mi_torch_cu118/lib/python3.10/site-packages/torch/distributed/tensor/_dispatch.py
   from /tmp/pip-uninstall-30rrqvv5/distributed/tensor/_dispatch.py
  Moving to /share/home/yuan/.conda/envs/mi_torch_cu118/lib/python3.10/site-packages/torch/distributed/tensor/_dtensor_spec.py
   from /tmp/pip-uninstall-30rrqvv5/distributed/tensor/_dtensor_spec.py
  Moving to /share/home/yuan/.conda/envs/mi_torch_cu118/lib/python3.10/site-packages/torch/distributed/tensor/_op_schema.py
   from /tmp/pip-uninstall-30rrqvv5/distributed/tensor/_op_schema.py
  Moving to /share/home/yuan/.conda/envs/mi_torch_cu118/lib/python3.10/site-packages/torch/distributed/tensor/_ops/__init__.py
   from /tmp/pip-uninstall-30rrqvv5/distributed/tensor/_ops/__init__.py
  Moving to /share/home/yuan/.conda/envs/mi_torch_cu118/lib/python3.10/site-packages/torch/distributed/tensor/_ops/__pycache__/__init__.cpython-310.pyc
   from /tmp/pip-uninstall-30rrqvv5/distributed/tensor/_ops/__pycache__/__init__.cpython-310.pyc
  Moving to /share/home/yuan/.conda/envs/mi_torch_cu118/lib/python3.10/site-packages/torch/distributed/tensor/_ops/__pycache__/_common_rules.cpython-310.pyc
   from /tmp/pip-uninstall-30rrqvv5/distributed/tensor/_ops/__pycache__/_common_rules.cpython-310.pyc
  Moving to /share/home/yuan/.conda/envs/mi_torch_cu118/lib/python3.10/site-packages/torch/distributed/tensor/_ops/__pycache__/_conv_ops.cpython-310.pyc
   from /tmp/pip-uninstall-30rrqvv5/distributed/tensor/_ops/__pycache__/_conv_ops.cpython-310.pyc
  Moving to /share/home/yuan/.conda/envs/mi_torch_cu118/lib/python3.10/site-packages/torch/distributed/tensor/_ops/__pycache__/_einsum_strategy.cpython-310.pyc
   from /tmp/pip-uninstall-30rrqvv5/distributed/tensor/_ops/__pycache__/_einsum_strategy.cpython-310.pyc
  Moving to /share/home/yuan/.conda/envs/mi_torch_cu118/lib/python3.10/site-packages/torch/distributed/tensor/_ops/__pycache__/_embedding_ops.cpython-310.pyc
   from /tmp/pip-uninstall-30rrqvv5/distributed/tensor/_ops/__pycache__/_embedding_ops.cpython-310.pyc
  Moving to /share/home/yuan/.conda/envs/mi_torch_cu118/lib/python3.10/site-packages/torch/distributed/tensor/_ops/__pycache__/_experimental_ops.cpython-310.pyc
   from /tmp/pip-uninstall-30rrqvv5/distributed/tensor/_ops/__pycache__/_experimental_ops.cpython-310.pyc
  Moving to /share/home/yuan/.conda/envs/mi_torch_cu118/lib/python3.10/site-packages/torch/distributed/tensor/_ops/__pycache__/_math_ops.cpython-310.pyc
   from /tmp/pip-uninstall-30rrqvv5/distributed/tensor/_ops/__pycache__/_math_ops.cpython-310.pyc
  Moving to /share/home/yuan/.conda/envs/mi_torch_cu118/lib/python3.10/site-packages/torch/distributed/tensor/_ops/__pycache__/_matrix_ops.cpython-310.pyc
   from /tmp/pip-uninstall-30rrqvv5/distributed/tensor/_ops/__pycache__/_matrix_ops.cpython-310.pyc
  Moving to /share/home/yuan/.conda/envs/mi_torch_cu118/lib/python3.10/site-packages/torch/distributed/tensor/_ops/__pycache__/_pointwise_ops.cpython-310.pyc
   from /tmp/pip-uninstall-30rrqvv5/distributed/tensor/_ops/__pycache__/_pointwise_ops.cpython-310.pyc
  Moving to /share/home/yuan/.conda/envs/mi_torch_cu118/lib/python3.10/site-packages/torch/distributed/tensor/_ops/__pycache__/_random_ops.cpython-310.pyc
   from /tmp/pip-uninstall-30rrqvv5/distributed/tensor/_ops/__pycache__/_random_ops.cpython-310.pyc
  Moving to /share/home/yuan/.conda/envs/mi_torch_cu118/lib/python3.10/site-packages/torch/distributed/tensor/_ops/__pycache__/_tensor_ops.cpython-310.pyc
   from /tmp/pip-uninstall-30rrqvv5/distributed/tensor/_ops/__pycache__/_tensor_ops.cpython-310.pyc
  Moving to /share/home/yuan/.conda/envs/mi_torch_cu118/lib/python3.10/site-packages/torch/distributed/tensor/_ops/__pycache__/_view_ops.cpython-310.pyc
   from /tmp/pip-uninstall-30rrqvv5/distributed/tensor/_ops/__pycache__/_view_ops.cpython-310.pyc
  Moving to /share/home/yuan/.conda/envs/mi_torch_cu118/lib/python3.10/site-packages/torch/distributed/tensor/_ops/__pycache__/utils.cpython-310.pyc
   from /tmp/pip-uninstall-30rrqvv5/distributed/tensor/_ops/__pycache__/utils.cpython-310.pyc
  Moving to /share/home/yuan/.conda/envs/mi_torch_cu118/lib/python3.10/site-packages/torch/distributed/tensor/_ops/_common_rules.py
   from /tmp/pip-uninstall-30rrqvv5/distributed/tensor/_ops/_common_rules.py
  Moving to /share/home/yuan/.conda/envs/mi_torch_cu118/lib/python3.10/site-packages/torch/distributed/tensor/_ops/_conv_ops.py
   from /tmp/pip-uninstall-30rrqvv5/distributed/tensor/_ops/_conv_ops.py
  Moving to /share/home/yuan/.conda/envs/mi_torch_cu118/lib/python3.10/site-packages/torch/distributed/tensor/_ops/_einsum_strategy.py
   from /tmp/pip-uninstall-30rrqvv5/distributed/tensor/_ops/_einsum_strategy.py
  Moving to /share/home/yuan/.conda/envs/mi_torch_cu118/lib/python3.10/site-packages/torch/distributed/tensor/_ops/_embedding_ops.py
   from /tmp/pip-uninstall-30rrqvv5/distributed/tensor/_ops/_embedding_ops.py
  Moving to /share/home/yuan/.conda/envs/mi_torch_cu118/lib/python3.10/site-packages/torch/distributed/tensor/_ops/_experimental_ops.py
   from /tmp/pip-uninstall-30rrqvv5/distributed/tensor/_ops/_experimental_ops.py
  Moving to /share/home/yuan/.conda/envs/mi_torch_cu118/lib/python3.10/site-packages/torch/distributed/tensor/_ops/_math_ops.py
   from /tmp/pip-uninstall-30rrqvv5/distributed/tensor/_ops/_math_ops.py
  Moving to /share/home/yuan/.conda/envs/mi_torch_cu118/lib/python3.10/site-packages/torch/distributed/tensor/_ops/_matrix_ops.py
   from /tmp/pip-uninstall-30rrqvv5/distributed/tensor/_ops/_matrix_ops.py
  Moving to /share/home/yuan/.conda/envs/mi_torch_cu118/lib/python3.10/site-packages/torch/distributed/tensor/_ops/_pointwise_ops.py
   from /tmp/pip-uninstall-30rrqvv5/distributed/tensor/_ops/_pointwise_ops.py
  Moving to /share/home/yuan/.conda/envs/mi_torch_cu118/lib/python3.10/site-packages/torch/distributed/tensor/_ops/_random_ops.py
   from /tmp/pip-uninstall-30rrqvv5/distributed/tensor/_ops/_random_ops.py
  Moving to /share/home/yuan/.conda/envs/mi_torch_cu118/lib/python3.10/site-packages/torch/distributed/tensor/_ops/_tensor_ops.py
   from /tmp/pip-uninstall-30rrqvv5/distributed/tensor/_ops/_tensor_ops.py
  Moving to /share/home/yuan/.conda/envs/mi_torch_cu118/lib/python3.10/site-packages/torch/distributed/tensor/_ops/_view_ops.py
   from /tmp/pip-uninstall-30rrqvv5/distributed/tensor/_ops/_view_ops.py
  Moving to /share/home/yuan/.conda/envs/mi_torch_cu118/lib/python3.10/site-packages/torch/distributed/tensor/_ops/utils.py
   from /tmp/pip-uninstall-30rrqvv5/distributed/tensor/_ops/utils.py
  Moving to /share/home/yuan/.conda/envs/mi_torch_cu118/lib/python3.10/site-packages/torch/distributed/tensor/_random.py
   from /tmp/pip-uninstall-30rrqvv5/distributed/tensor/_random.py
  Moving to /share/home/yuan/.conda/envs/mi_torch_cu118/lib/python3.10/site-packages/torch/distributed/tensor/_redistribute.py
   from /tmp/pip-uninstall-30rrqvv5/distributed/tensor/_redistribute.py
  Moving to /share/home/yuan/.conda/envs/mi_torch_cu118/lib/python3.10/site-packages/torch/distributed/tensor/_sharding_prop.py
   from /tmp/pip-uninstall-30rrqvv5/distributed/tensor/_sharding_prop.py
  Moving to /share/home/yuan/.conda/envs/mi_torch_cu118/lib/python3.10/site-packages/torch/distributed/tensor/_shards_wrapper.py
   from /tmp/pip-uninstall-30rrqvv5/distributed/tensor/_shards_wrapper.py
  Moving to /share/home/yuan/.conda/envs/mi_torch_cu118/lib/python3.10/site-packages/torch/distributed/tensor/_tp_conv.py
   from /tmp/pip-uninstall-30rrqvv5/distributed/tensor/_tp_conv.py
  Moving to /share/home/yuan/.conda/envs/mi_torch_cu118/lib/python3.10/site-packages/torch/distributed/tensor/_utils.py
   from /tmp/pip-uninstall-30rrqvv5/distributed/tensor/_utils.py
  Moving to /share/home/yuan/.conda/envs/mi_torch_cu118/lib/python3.10/site-packages/torch/distributed/tensor/debug/__init__.py
   from /tmp/pip-uninstall-30rrqvv5/distributed/tensor/debug/__init__.py
  Moving to /share/home/yuan/.conda/envs/mi_torch_cu118/lib/python3.10/site-packages/torch/distributed/tensor/debug/__pycache__/__init__.cpython-310.pyc
   from /tmp/pip-uninstall-30rrqvv5/distributed/tensor/debug/__pycache__/__init__.cpython-310.pyc
  Moving to /share/home/yuan/.conda/envs/mi_torch_cu118/lib/python3.10/site-packages/torch/distributed/tensor/debug/__pycache__/_comm_mode.cpython-310.pyc
   from /tmp/pip-uninstall-30rrqvv5/distributed/tensor/debug/__pycache__/_comm_mode.cpython-310.pyc
  Moving to /share/home/yuan/.conda/envs/mi_torch_cu118/lib/python3.10/site-packages/torch/distributed/tensor/debug/__pycache__/_op_coverage.cpython-310.pyc
   from /tmp/pip-uninstall-30rrqvv5/distributed/tensor/debug/__pycache__/_op_coverage.cpython-310.pyc
  Moving to /share/home/yuan/.conda/envs/mi_torch_cu118/lib/python3.10/site-packages/torch/distributed/tensor/debug/__pycache__/_visualize_sharding.cpython-310.pyc
   from /tmp/pip-uninstall-30rrqvv5/distributed/tensor/debug/__pycache__/_visualize_sharding.cpython-310.pyc
  Moving to /share/home/yuan/.conda/envs/mi_torch_cu118/lib/python3.10/site-packages/torch/distributed/tensor/debug/_comm_mode.py
   from /tmp/pip-uninstall-30rrqvv5/distributed/tensor/debug/_comm_mode.py
  Moving to /share/home/yuan/.conda/envs/mi_torch_cu118/lib/python3.10/site-packages/torch/distributed/tensor/debug/_op_coverage.py
   from /tmp/pip-uninstall-30rrqvv5/distributed/tensor/debug/_op_coverage.py
  Moving to /share/home/yuan/.conda/envs/mi_torch_cu118/lib/python3.10/site-packages/torch/distributed/tensor/debug/_visualize_sharding.py
   from /tmp/pip-uninstall-30rrqvv5/distributed/tensor/debug/_visualize_sharding.py
  Moving to /share/home/yuan/.conda/envs/mi_torch_cu118/lib/python3.10/site-packages/torch/distributed/tensor/device_mesh.py
   from /tmp/pip-uninstall-30rrqvv5/distributed/tensor/device_mesh.py
  Moving to /share/home/yuan/.conda/envs/mi_torch_cu118/lib/python3.10/site-packages/torch/distributed/tensor/experimental/__init__.py
   from /tmp/pip-uninstall-30rrqvv5/distributed/tensor/experimental/__init__.py
  Moving to /share/home/yuan/.conda/envs/mi_torch_cu118/lib/python3.10/site-packages/torch/distributed/tensor/experimental/__pycache__/__init__.cpython-310.pyc
   from /tmp/pip-uninstall-30rrqvv5/distributed/tensor/experimental/__pycache__/__init__.cpython-310.pyc
  Moving to /share/home/yuan/.conda/envs/mi_torch_cu118/lib/python3.10/site-packages/torch/distributed/tensor/experimental/__pycache__/_attention.cpython-310.pyc
   from /tmp/pip-uninstall-30rrqvv5/distributed/tensor/experimental/__pycache__/_attention.cpython-310.pyc
  Moving to /share/home/yuan/.conda/envs/mi_torch_cu118/lib/python3.10/site-packages/torch/distributed/tensor/experimental/__pycache__/_func_map.cpython-310.pyc
   from /tmp/pip-uninstall-30rrqvv5/distributed/tensor/experimental/__pycache__/_func_map.cpython-310.pyc
  Moving to /share/home/yuan/.conda/envs/mi_torch_cu118/lib/python3.10/site-packages/torch/distributed/tensor/experimental/__pycache__/_register_sharding.cpython-310.pyc
   from /tmp/pip-uninstall-30rrqvv5/distributed/tensor/experimental/__pycache__/_register_sharding.cpython-310.pyc
  Moving to /share/home/yuan/.conda/envs/mi_torch_cu118/lib/python3.10/site-packages/torch/distributed/tensor/experimental/__pycache__/_tp_transform.cpython-310.pyc
   from /tmp/pip-uninstall-30rrqvv5/distributed/tensor/experimental/__pycache__/_tp_transform.cpython-310.pyc
  Moving to /share/home/yuan/.conda/envs/mi_torch_cu118/lib/python3.10/site-packages/torch/distributed/tensor/experimental/_attention.py
   from /tmp/pip-uninstall-30rrqvv5/distributed/tensor/experimental/_attention.py
  Moving to /share/home/yuan/.conda/envs/mi_torch_cu118/lib/python3.10/site-packages/torch/distributed/tensor/experimental/_func_map.py
   from /tmp/pip-uninstall-30rrqvv5/distributed/tensor/experimental/_func_map.py
  Moving to /share/home/yuan/.conda/envs/mi_torch_cu118/lib/python3.10/site-packages/torch/distributed/tensor/experimental/_register_sharding.py
   from /tmp/pip-uninstall-30rrqvv5/distributed/tensor/experimental/_register_sharding.py
  Moving to /share/home/yuan/.conda/envs/mi_torch_cu118/lib/python3.10/site-packages/torch/distributed/tensor/experimental/_tp_transform.py
   from /tmp/pip-uninstall-30rrqvv5/distributed/tensor/experimental/_tp_transform.py
  Moving to /share/home/yuan/.conda/envs/mi_torch_cu118/lib/python3.10/site-packages/torch/distributed/tensor/parallel/__init__.py
   from /tmp/pip-uninstall-30rrqvv5/distributed/tensor/parallel/__init__.py
  Moving to /share/home/yuan/.conda/envs/mi_torch_cu118/lib/python3.10/site-packages/torch/distributed/tensor/parallel/__pycache__/__init__.cpython-310.pyc
   from /tmp/pip-uninstall-30rrqvv5/distributed/tensor/parallel/__pycache__/__init__.cpython-310.pyc
  Moving to /share/home/yuan/.conda/envs/mi_torch_cu118/lib/python3.10/site-packages/torch/distributed/tensor/parallel/__pycache__/_data_parallel_utils.cpython-310.pyc
   from /tmp/pip-uninstall-30rrqvv5/distributed/tensor/parallel/__pycache__/_data_parallel_utils.cpython-310.pyc
  Moving to /share/home/yuan/.conda/envs/mi_torch_cu118/lib/python3.10/site-packages/torch/distributed/tensor/parallel/__pycache__/_utils.cpython-310.pyc
   from /tmp/pip-uninstall-30rrqvv5/distributed/tensor/parallel/__pycache__/_utils.cpython-310.pyc
  Moving to /share/home/yuan/.conda/envs/mi_torch_cu118/lib/python3.10/site-packages/torch/distributed/tensor/parallel/__pycache__/api.cpython-310.pyc
   from /tmp/pip-uninstall-30rrqvv5/distributed/tensor/parallel/__pycache__/api.cpython-310.pyc
  Moving to /share/home/yuan/.conda/envs/mi_torch_cu118/lib/python3.10/site-packages/torch/distributed/tensor/parallel/__pycache__/ddp.cpython-310.pyc
   from /tmp/pip-uninstall-30rrqvv5/distributed/tensor/parallel/__pycache__/ddp.cpython-310.pyc
  Moving to /share/home/yuan/.conda/envs/mi_torch_cu118/lib/python3.10/site-packages/torch/distributed/tensor/parallel/__pycache__/fsdp.cpython-310.pyc
   from /tmp/pip-uninstall-30rrqvv5/distributed/tensor/parallel/__pycache__/fsdp.cpython-310.pyc
  Moving to /share/home/yuan/.conda/envs/mi_torch_cu118/lib/python3.10/site-packages/torch/distributed/tensor/parallel/__pycache__/input_reshard.cpython-310.pyc
   from /tmp/pip-uninstall-30rrqvv5/distributed/tensor/parallel/__pycache__/input_reshard.cpython-310.pyc
  Moving to /share/home/yuan/.conda/envs/mi_torch_cu118/lib/python3.10/site-packages/torch/distributed/tensor/parallel/__pycache__/loss.cpython-310.pyc
   from /tmp/pip-uninstall-30rrqvv5/distributed/tensor/parallel/__pycache__/loss.cpython-310.pyc
  Moving to /share/home/yuan/.conda/envs/mi_torch_cu118/lib/python3.10/site-packages/torch/distributed/tensor/parallel/__pycache__/style.cpython-310.pyc
   from /tmp/pip-uninstall-30rrqvv5/distributed/tensor/parallel/__pycache__/style.cpython-310.pyc
  Moving to /share/home/yuan/.conda/envs/mi_torch_cu118/lib/python3.10/site-packages/torch/distributed/tensor/parallel/_data_parallel_utils.py
   from /tmp/pip-uninstall-30rrqvv5/distributed/tensor/parallel/_data_parallel_utils.py
  Moving to /share/home/yuan/.conda/envs/mi_torch_cu118/lib/python3.10/site-packages/torch/distributed/tensor/parallel/_utils.py
   from /tmp/pip-uninstall-30rrqvv5/distributed/tensor/parallel/_utils.py
  Moving to /share/home/yuan/.conda/envs/mi_torch_cu118/lib/python3.10/site-packages/torch/distributed/tensor/parallel/api.py
   from /tmp/pip-uninstall-30rrqvv5/distributed/tensor/parallel/api.py
  Moving to /share/home/yuan/.conda/envs/mi_torch_cu118/lib/python3.10/site-packages/torch/distributed/tensor/parallel/ddp.py
   from /tmp/pip-uninstall-30rrqvv5/distributed/tensor/parallel/ddp.py
  Moving to /share/home/yuan/.conda/envs/mi_torch_cu118/lib/python3.10/site-packages/torch/distributed/tensor/parallel/fsdp.py
   from /tmp/pip-uninstall-30rrqvv5/distributed/tensor/parallel/fsdp.py
  Moving to /share/home/yuan/.conda/envs/mi_torch_cu118/lib/python3.10/site-packages/torch/distributed/tensor/parallel/input_reshard.py
   from /tmp/pip-uninstall-30rrqvv5/distributed/tensor/parallel/input_reshard.py
  Moving to /share/home/yuan/.conda/envs/mi_torch_cu118/lib/python3.10/site-packages/torch/distributed/tensor/parallel/loss.py
   from /tmp/pip-uninstall-30rrqvv5/distributed/tensor/parallel/loss.py
  Moving to /share/home/yuan/.conda/envs/mi_torch_cu118/lib/python3.10/site-packages/torch/distributed/tensor/parallel/style.py
   from /tmp/pip-uninstall-30rrqvv5/distributed/tensor/parallel/style.py
  Moving to /share/home/yuan/.conda/envs/mi_torch_cu118/lib/python3.10/site-packages/torch/distributed/tensor/placement_types.py
   from /tmp/pip-uninstall-30rrqvv5/distributed/tensor/placement_types.py
  Moving to /share/home/yuan/.conda/envs/mi_torch_cu118/lib/python3.10/site-packages/torch/distributed/utils.py
   from /tmp/pip-uninstall-30rrqvv5/distributed/utils.py
  Moving to /share/home/yuan/.conda/envs/mi_torch_cu118/lib/python3.10/site-packages/torch/distributions/__init__.py
   from /tmp/pip-uninstall-30rrqvv5/distributions/__init__.py
  Moving to /share/home/yuan/.conda/envs/mi_torch_cu118/lib/python3.10/site-packages/torch/distributions/__pycache__/__init__.cpython-310.pyc
   from /tmp/pip-uninstall-30rrqvv5/distributions/__pycache__/__init__.cpython-310.pyc
  Moving to /share/home/yuan/.conda/envs/mi_torch_cu118/lib/python3.10/site-packages/torch/distributions/__pycache__/bernoulli.cpython-310.pyc
   from /tmp/pip-uninstall-30rrqvv5/distributions/__pycache__/bernoulli.cpython-310.pyc
  Moving to /share/home/yuan/.conda/envs/mi_torch_cu118/lib/python3.10/site-packages/torch/distributions/__pycache__/beta.cpython-310.pyc
   from /tmp/pip-uninstall-30rrqvv5/distributions/__pycache__/beta.cpython-310.pyc
  Moving to /share/home/yuan/.conda/envs/mi_torch_cu118/lib/python3.10/site-packages/torch/distributions/__pycache__/binomial.cpython-310.pyc
   from /tmp/pip-uninstall-30rrqvv5/distributions/__pycache__/binomial.cpython-310.pyc
  Moving to /share/home/yuan/.conda/envs/mi_torch_cu118/lib/python3.10/site-packages/torch/distributions/__pycache__/categorical.cpython-310.pyc
   from /tmp/pip-uninstall-30rrqvv5/distributions/__pycache__/categorical.cpython-310.pyc
  Moving to /share/home/yuan/.conda/envs/mi_torch_cu118/lib/python3.10/site-packages/torch/distributions/__pycache__/cauchy.cpython-310.pyc
   from /tmp/pip-uninstall-30rrqvv5/distributions/__pycache__/cauchy.cpython-310.pyc
  Moving to /share/home/yuan/.conda/envs/mi_torch_cu118/lib/python3.10/site-packages/torch/distributions/__pycache__/chi2.cpython-310.pyc
   from /tmp/pip-uninstall-30rrqvv5/distributions/__pycache__/chi2.cpython-310.pyc
  Moving to /share/home/yuan/.conda/envs/mi_torch_cu118/lib/python3.10/site-packages/torch/distributions/__pycache__/constraint_registry.cpython-310.pyc
   from /tmp/pip-uninstall-30rrqvv5/distributions/__pycache__/constraint_registry.cpython-310.pyc
  Moving to /share/home/yuan/.conda/envs/mi_torch_cu118/lib/python3.10/site-packages/torch/distributions/__pycache__/constraints.cpython-310.pyc
   from /tmp/pip-uninstall-30rrqvv5/distributions/__pycache__/constraints.cpython-310.pyc
  Moving to /share/home/yuan/.conda/envs/mi_torch_cu118/lib/python3.10/site-packages/torch/distributions/__pycache__/continuous_bernoulli.cpython-310.pyc
   from /tmp/pip-uninstall-30rrqvv5/distributions/__pycache__/continuous_bernoulli.cpython-310.pyc
  Moving to /share/home/yuan/.conda/envs/mi_torch_cu118/lib/python3.10/site-packages/torch/distributions/__pycache__/dirichlet.cpython-310.pyc
   from /tmp/pip-uninstall-30rrqvv5/distributions/__pycache__/dirichlet.cpython-310.pyc
  Moving to /share/home/yuan/.conda/envs/mi_torch_cu118/lib/python3.10/site-packages/torch/distributions/__pycache__/distribution.cpython-310.pyc
   from /tmp/pip-uninstall-30rrqvv5/distributions/__pycache__/distribution.cpython-310.pyc
  Moving to /share/home/yuan/.conda/envs/mi_torch_cu118/lib/python3.10/site-packages/torch/distributions/__pycache__/exp_family.cpython-310.pyc
   from /tmp/pip-uninstall-30rrqvv5/distributions/__pycache__/exp_family.cpython-310.pyc
  Moving to /share/home/yuan/.conda/envs/mi_torch_cu118/lib/python3.10/site-packages/torch/distributions/__pycache__/exponential.cpython-310.pyc
   from /tmp/pip-uninstall-30rrqvv5/distributions/__pycache__/exponential.cpython-310.pyc
  Moving to /share/home/yuan/.conda/envs/mi_torch_cu118/lib/python3.10/site-packages/torch/distributions/__pycache__/fishersnedecor.cpython-310.pyc
   from /tmp/pip-uninstall-30rrqvv5/distributions/__pycache__/fishersnedecor.cpython-310.pyc
  Moving to /share/home/yuan/.conda/envs/mi_torch_cu118/lib/python3.10/site-packages/torch/distributions/__pycache__/gamma.cpython-310.pyc
   from /tmp/pip-uninstall-30rrqvv5/distributions/__pycache__/gamma.cpython-310.pyc
  Moving to /share/home/yuan/.conda/envs/mi_torch_cu118/lib/python3.10/site-packages/torch/distributions/__pycache__/geometric.cpython-310.pyc
   from /tmp/pip-uninstall-30rrqvv5/distributions/__pycache__/geometric.cpython-310.pyc
  Moving to /share/home/yuan/.conda/envs/mi_torch_cu118/lib/python3.10/site-packages/torch/distributions/__pycache__/gumbel.cpython-310.pyc
   from /tmp/pip-uninstall-30rrqvv5/distributions/__pycache__/gumbel.cpython-310.pyc
  Moving to /share/home/yuan/.conda/envs/mi_torch_cu118/lib/python3.10/site-packages/torch/distributions/__pycache__/half_cauchy.cpython-310.pyc
   from /tmp/pip-uninstall-30rrqvv5/distributions/__pycache__/half_cauchy.cpython-310.pyc
  Moving to /share/home/yuan/.conda/envs/mi_torch_cu118/lib/python3.10/site-packages/torch/distributions/__pycache__/half_normal.cpython-310.pyc
   from /tmp/pip-uninstall-30rrqvv5/distributions/__pycache__/half_normal.cpython-310.pyc
  Moving to /share/home/yuan/.conda/envs/mi_torch_cu118/lib/python3.10/site-packages/torch/distributions/__pycache__/independent.cpython-310.pyc
   from /tmp/pip-uninstall-30rrqvv5/distributions/__pycache__/independent.cpython-310.pyc
  Moving to /share/home/yuan/.conda/envs/mi_torch_cu118/lib/python3.10/site-packages/torch/distributions/__pycache__/inverse_gamma.cpython-310.pyc
   from /tmp/pip-uninstall-30rrqvv5/distributions/__pycache__/inverse_gamma.cpython-310.pyc
  Moving to /share/home/yuan/.conda/envs/mi_torch_cu118/lib/python3.10/site-packages/torch/distributions/__pycache__/kl.cpython-310.pyc
   from /tmp/pip-uninstall-30rrqvv5/distributions/__pycache__/kl.cpython-310.pyc
  Moving to /share/home/yuan/.conda/envs/mi_torch_cu118/lib/python3.10/site-packages/torch/distributions/__pycache__/kumaraswamy.cpython-310.pyc
   from /tmp/pip-uninstall-30rrqvv5/distributions/__pycache__/kumaraswamy.cpython-310.pyc
  Moving to /share/home/yuan/.conda/envs/mi_torch_cu118/lib/python3.10/site-packages/torch/distributions/__pycache__/laplace.cpython-310.pyc
   from /tmp/pip-uninstall-30rrqvv5/distributions/__pycache__/laplace.cpython-310.pyc
  Moving to /share/home/yuan/.conda/envs/mi_torch_cu118/lib/python3.10/site-packages/torch/distributions/__pycache__/lkj_cholesky.cpython-310.pyc
   from /tmp/pip-uninstall-30rrqvv5/distributions/__pycache__/lkj_cholesky.cpython-310.pyc
  Moving to /share/home/yuan/.conda/envs/mi_torch_cu118/lib/python3.10/site-packages/torch/distributions/__pycache__/log_normal.cpython-310.pyc
   from /tmp/pip-uninstall-30rrqvv5/distributions/__pycache__/log_normal.cpython-310.pyc
  Moving to /share/home/yuan/.conda/envs/mi_torch_cu118/lib/python3.10/site-packages/torch/distributions/__pycache__/logistic_normal.cpython-310.pyc
   from /tmp/pip-uninstall-30rrqvv5/distributions/__pycache__/logistic_normal.cpython-310.pyc
  Moving to /share/home/yuan/.conda/envs/mi_torch_cu118/lib/python3.10/site-packages/torch/distributions/__pycache__/lowrank_multivariate_normal.cpython-310.pyc
   from /tmp/pip-uninstall-30rrqvv5/distributions/__pycache__/lowrank_multivariate_normal.cpython-310.pyc
  Moving to /share/home/yuan/.conda/envs/mi_torch_cu118/lib/python3.10/site-packages/torch/distributions/__pycache__/mixture_same_family.cpython-310.pyc
   from /tmp/pip-uninstall-30rrqvv5/distributions/__pycache__/mixture_same_family.cpython-310.pyc
  Moving to /share/home/yuan/.conda/envs/mi_torch_cu118/lib/python3.10/site-packages/torch/distributions/__pycache__/multinomial.cpython-310.pyc
   from /tmp/pip-uninstall-30rrqvv5/distributions/__pycache__/multinomial.cpython-310.pyc
  Moving to /share/home/yuan/.conda/envs/mi_torch_cu118/lib/python3.10/site-packages/torch/distributions/__pycache__/multivariate_normal.cpython-310.pyc
   from /tmp/pip-uninstall-30rrqvv5/distributions/__pycache__/multivariate_normal.cpython-310.pyc
  Moving to /share/home/yuan/.conda/envs/mi_torch_cu118/lib/python3.10/site-packages/torch/distributions/__pycache__/negative_binomial.cpython-310.pyc
   from /tmp/pip-uninstall-30rrqvv5/distributions/__pycache__/negative_binomial.cpython-310.pyc
  Moving to /share/home/yuan/.conda/envs/mi_torch_cu118/lib/python3.10/site-packages/torch/distributions/__pycache__/normal.cpython-310.pyc
   from /tmp/pip-uninstall-30rrqvv5/distributions/__pycache__/normal.cpython-310.pyc
  Moving to /share/home/yuan/.conda/envs/mi_torch_cu118/lib/python3.10/site-packages/torch/distributions/__pycache__/one_hot_categorical.cpython-310.pyc
   from /tmp/pip-uninstall-30rrqvv5/distributions/__pycache__/one_hot_categorical.cpython-310.pyc
  Moving to /share/home/yuan/.conda/envs/mi_torch_cu118/lib/python3.10/site-packages/torch/distributions/__pycache__/pareto.cpython-310.pyc
   from /tmp/pip-uninstall-30rrqvv5/distributions/__pycache__/pareto.cpython-310.pyc
  Moving to /share/home/yuan/.conda/envs/mi_torch_cu118/lib/python3.10/site-packages/torch/distributions/__pycache__/poisson.cpython-310.pyc
   from /tmp/pip-uninstall-30rrqvv5/distributions/__pycache__/poisson.cpython-310.pyc
  Moving to /share/home/yuan/.conda/envs/mi_torch_cu118/lib/python3.10/site-packages/torch/distributions/__pycache__/relaxed_bernoulli.cpython-310.pyc
   from /tmp/pip-uninstall-30rrqvv5/distributions/__pycache__/relaxed_bernoulli.cpython-310.pyc
  Moving to /share/home/yuan/.conda/envs/mi_torch_cu118/lib/python3.10/site-packages/torch/distributions/__pycache__/relaxed_categorical.cpython-310.pyc
   from /tmp/pip-uninstall-30rrqvv5/distributions/__pycache__/relaxed_categorical.cpython-310.pyc
  Moving to /share/home/yuan/.conda/envs/mi_torch_cu118/lib/python3.10/site-packages/torch/distributions/__pycache__/studentT.cpython-310.pyc
   from /tmp/pip-uninstall-30rrqvv5/distributions/__pycache__/studentT.cpython-310.pyc
  Moving to /share/home/yuan/.conda/envs/mi_torch_cu118/lib/python3.10/site-packages/torch/distributions/__pycache__/transformed_distribution.cpython-310.pyc
   from /tmp/pip-uninstall-30rrqvv5/distributions/__pycache__/transformed_distribution.cpython-310.pyc
  Moving to /share/home/yuan/.conda/envs/mi_torch_cu118/lib/python3.10/site-packages/torch/distributions/__pycache__/transforms.cpython-310.pyc
   from /tmp/pip-uninstall-30rrqvv5/distributions/__pycache__/transforms.cpython-310.pyc
  Moving to /share/home/yuan/.conda/envs/mi_torch_cu118/lib/python3.10/site-packages/torch/distributions/__pycache__/uniform.cpython-310.pyc
   from /tmp/pip-uninstall-30rrqvv5/distributions/__pycache__/uniform.cpython-310.pyc
  Moving to /share/home/yuan/.conda/envs/mi_torch_cu118/lib/python3.10/site-packages/torch/distributions/__pycache__/utils.cpython-310.pyc
   from /tmp/pip-uninstall-30rrqvv5/distributions/__pycache__/utils.cpython-310.pyc
  Moving to /share/home/yuan/.conda/envs/mi_torch_cu118/lib/python3.10/site-packages/torch/distributions/__pycache__/von_mises.cpython-310.pyc
   from /tmp/pip-uninstall-30rrqvv5/distributions/__pycache__/von_mises.cpython-310.pyc
  Moving to /share/home/yuan/.conda/envs/mi_torch_cu118/lib/python3.10/site-packages/torch/distributions/__pycache__/weibull.cpython-310.pyc
   from /tmp/pip-uninstall-30rrqvv5/distributions/__pycache__/weibull.cpython-310.pyc
  Moving to /share/home/yuan/.conda/envs/mi_torch_cu118/lib/python3.10/site-packages/torch/distributions/__pycache__/wishart.cpython-310.pyc
   from /tmp/pip-uninstall-30rrqvv5/distributions/__pycache__/wishart.cpython-310.pyc
  Moving to /share/home/yuan/.conda/envs/mi_torch_cu118/lib/python3.10/site-packages/torch/distributions/bernoulli.py
   from /tmp/pip-uninstall-30rrqvv5/distributions/bernoulli.py
  Moving to /share/home/yuan/.conda/envs/mi_torch_cu118/lib/python3.10/site-packages/torch/distributions/beta.py
   from /tmp/pip-uninstall-30rrqvv5/distributions/beta.py
  Moving to /share/home/yuan/.conda/envs/mi_torch_cu118/lib/python3.10/site-packages/torch/distributions/binomial.py
   from /tmp/pip-uninstall-30rrqvv5/distributions/binomial.py
  Moving to /share/home/yuan/.conda/envs/mi_torch_cu118/lib/python3.10/site-packages/torch/distributions/categorical.py
   from /tmp/pip-uninstall-30rrqvv5/distributions/categorical.py
  Moving to /share/home/yuan/.conda/envs/mi_torch_cu118/lib/python3.10/site-packages/torch/distributions/cauchy.py
   from /tmp/pip-uninstall-30rrqvv5/distributions/cauchy.py
  Moving to /share/home/yuan/.conda/envs/mi_torch_cu118/lib/python3.10/site-packages/torch/distributions/chi2.py
   from /tmp/pip-uninstall-30rrqvv5/distributions/chi2.py
  Moving to /share/home/yuan/.conda/envs/mi_torch_cu118/lib/python3.10/site-packages/torch/distributions/constraint_registry.py
   from /tmp/pip-uninstall-30rrqvv5/distributions/constraint_registry.py
  Moving to /share/home/yuan/.conda/envs/mi_torch_cu118/lib/python3.10/site-packages/torch/distributions/constraints.py
   from /tmp/pip-uninstall-30rrqvv5/distributions/constraints.py
  Moving to /share/home/yuan/.conda/envs/mi_torch_cu118/lib/python3.10/site-packages/torch/distributions/continuous_bernoulli.py
   from /tmp/pip-uninstall-30rrqvv5/distributions/continuous_bernoulli.py
  Moving to /share/home/yuan/.conda/envs/mi_torch_cu118/lib/python3.10/site-packages/torch/distributions/dirichlet.py
   from /tmp/pip-uninstall-30rrqvv5/distributions/dirichlet.py
  Moving to /share/home/yuan/.conda/envs/mi_torch_cu118/lib/python3.10/site-packages/torch/distributions/distribution.py
   from /tmp/pip-uninstall-30rrqvv5/distributions/distribution.py
  Moving to /share/home/yuan/.conda/envs/mi_torch_cu118/lib/python3.10/site-packages/torch/distributions/exp_family.py
   from /tmp/pip-uninstall-30rrqvv5/distributions/exp_family.py
  Moving to /share/home/yuan/.conda/envs/mi_torch_cu118/lib/python3.10/site-packages/torch/distributions/exponential.py
   from /tmp/pip-uninstall-30rrqvv5/distributions/exponential.py
  Moving to /share/home/yuan/.conda/envs/mi_torch_cu118/lib/python3.10/site-packages/torch/distributions/fishersnedecor.py
   from /tmp/pip-uninstall-30rrqvv5/distributions/fishersnedecor.py
  Moving to /share/home/yuan/.conda/envs/mi_torch_cu118/lib/python3.10/site-packages/torch/distributions/gamma.py
   from /tmp/pip-uninstall-30rrqvv5/distributions/gamma.py
  Moving to /share/home/yuan/.conda/envs/mi_torch_cu118/lib/python3.10/site-packages/torch/distributions/geometric.py
   from /tmp/pip-uninstall-30rrqvv5/distributions/geometric.py
  Moving to /share/home/yuan/.conda/envs/mi_torch_cu118/lib/python3.10/site-packages/torch/distributions/gumbel.py
   from /tmp/pip-uninstall-30rrqvv5/distributions/gumbel.py
  Moving to /share/home/yuan/.conda/envs/mi_torch_cu118/lib/python3.10/site-packages/torch/distributions/half_cauchy.py
   from /tmp/pip-uninstall-30rrqvv5/distributions/half_cauchy.py
  Moving to /share/home/yuan/.conda/envs/mi_torch_cu118/lib/python3.10/site-packages/torch/distributions/half_normal.py
   from /tmp/pip-uninstall-30rrqvv5/distributions/half_normal.py
  Moving to /share/home/yuan/.conda/envs/mi_torch_cu118/lib/python3.10/site-packages/torch/distributions/independent.py
   from /tmp/pip-uninstall-30rrqvv5/distributions/independent.py
  Moving to /share/home/yuan/.conda/envs/mi_torch_cu118/lib/python3.10/site-packages/torch/distributions/inverse_gamma.py
   from /tmp/pip-uninstall-30rrqvv5/distributions/inverse_gamma.py
  Moving to /share/home/yuan/.conda/envs/mi_torch_cu118/lib/python3.10/site-packages/torch/distributions/kl.py
   from /tmp/pip-uninstall-30rrqvv5/distributions/kl.py
  Moving to /share/home/yuan/.conda/envs/mi_torch_cu118/lib/python3.10/site-packages/torch/distributions/kumaraswamy.py
   from /tmp/pip-uninstall-30rrqvv5/distributions/kumaraswamy.py
  Moving to /share/home/yuan/.conda/envs/mi_torch_cu118/lib/python3.10/site-packages/torch/distributions/laplace.py
   from /tmp/pip-uninstall-30rrqvv5/distributions/laplace.py
  Moving to /share/home/yuan/.conda/envs/mi_torch_cu118/lib/python3.10/site-packages/torch/distributions/lkj_cholesky.py
   from /tmp/pip-uninstall-30rrqvv5/distributions/lkj_cholesky.py
  Moving to /share/home/yuan/.conda/envs/mi_torch_cu118/lib/python3.10/site-packages/torch/distributions/log_normal.py
   from /tmp/pip-uninstall-30rrqvv5/distributions/log_normal.py
  Moving to /share/home/yuan/.conda/envs/mi_torch_cu118/lib/python3.10/site-packages/torch/distributions/logistic_normal.py
   from /tmp/pip-uninstall-30rrqvv5/distributions/logistic_normal.py
  Moving to /share/home/yuan/.conda/envs/mi_torch_cu118/lib/python3.10/site-packages/torch/distributions/lowrank_multivariate_normal.py
   from /tmp/pip-uninstall-30rrqvv5/distributions/lowrank_multivariate_normal.py
  Moving to /share/home/yuan/.conda/envs/mi_torch_cu118/lib/python3.10/site-packages/torch/distributions/mixture_same_family.py
   from /tmp/pip-uninstall-30rrqvv5/distributions/mixture_same_family.py
  Moving to /share/home/yuan/.conda/envs/mi_torch_cu118/lib/python3.10/site-packages/torch/distributions/multinomial.py
   from /tmp/pip-uninstall-30rrqvv5/distributions/multinomial.py
  Moving to /share/home/yuan/.conda/envs/mi_torch_cu118/lib/python3.10/site-packages/torch/distributions/multivariate_normal.py
   from /tmp/pip-uninstall-30rrqvv5/distributions/multivariate_normal.py
  Moving to /share/home/yuan/.conda/envs/mi_torch_cu118/lib/python3.10/site-packages/torch/distributions/negative_binomial.py
   from /tmp/pip-uninstall-30rrqvv5/distributions/negative_binomial.py
  Moving to /share/home/yuan/.conda/envs/mi_torch_cu118/lib/python3.10/site-packages/torch/distributions/normal.py
   from /tmp/pip-uninstall-30rrqvv5/distributions/normal.py
  Moving to /share/home/yuan/.conda/envs/mi_torch_cu118/lib/python3.10/site-packages/torch/distributions/one_hot_categorical.py
   from /tmp/pip-uninstall-30rrqvv5/distributions/one_hot_categorical.py
  Moving to /share/home/yuan/.conda/envs/mi_torch_cu118/lib/python3.10/site-packages/torch/distributions/pareto.py
   from /tmp/pip-uninstall-30rrqvv5/distributions/pareto.py
  Moving to /share/home/yuan/.conda/envs/mi_torch_cu118/lib/python3.10/site-packages/torch/distributions/poisson.py
   from /tmp/pip-uninstall-30rrqvv5/distributions/poisson.py
  Moving to /share/home/yuan/.conda/envs/mi_torch_cu118/lib/python3.10/site-packages/torch/distributions/relaxed_bernoulli.py
   from /tmp/pip-uninstall-30rrqvv5/distributions/relaxed_bernoulli.py
  Moving to /share/home/yuan/.conda/envs/mi_torch_cu118/lib/python3.10/site-packages/torch/distributions/relaxed_categorical.py
   from /tmp/pip-uninstall-30rrqvv5/distributions/relaxed_categorical.py
  Moving to /share/home/yuan/.conda/envs/mi_torch_cu118/lib/python3.10/site-packages/torch/distributions/studentT.py
   from /tmp/pip-uninstall-30rrqvv5/distributions/studentT.py
  Moving to /share/home/yuan/.conda/envs/mi_torch_cu118/lib/python3.10/site-packages/torch/distributions/transformed_distribution.py
   from /tmp/pip-uninstall-30rrqvv5/distributions/transformed_distribution.py
  Moving to /share/home/yuan/.conda/envs/mi_torch_cu118/lib/python3.10/site-packages/torch/distributions/transforms.py
   from /tmp/pip-uninstall-30rrqvv5/distributions/transforms.py
  Moving to /share/home/yuan/.conda/envs/mi_torch_cu118/lib/python3.10/site-packages/torch/distributions/uniform.py
   from /tmp/pip-uninstall-30rrqvv5/distributions/uniform.py
  Moving to /share/home/yuan/.conda/envs/mi_torch_cu118/lib/python3.10/site-packages/torch/distributions/utils.py
   from /tmp/pip-uninstall-30rrqvv5/distributions/utils.py
  Moving to /share/home/yuan/.conda/envs/mi_torch_cu118/lib/python3.10/site-packages/torch/distributions/von_mises.py
   from /tmp/pip-uninstall-30rrqvv5/distributions/von_mises.py
  Moving to /share/home/yuan/.conda/envs/mi_torch_cu118/lib/python3.10/site-packages/torch/distributions/weibull.py
   from /tmp/pip-uninstall-30rrqvv5/distributions/weibull.py
  Moving to /share/home/yuan/.conda/envs/mi_torch_cu118/lib/python3.10/site-packages/torch/distributions/wishart.py
   from /tmp/pip-uninstall-30rrqvv5/distributions/wishart.py
  Moving to /share/home/yuan/.conda/envs/mi_torch_cu118/lib/python3.10/site-packages/torch/export/__init__.py
   from /tmp/pip-uninstall-30rrqvv5/export/__init__.py
  Moving to /share/home/yuan/.conda/envs/mi_torch_cu118/lib/python3.10/site-packages/torch/export/__pycache__/__init__.cpython-310.pyc
   from /tmp/pip-uninstall-30rrqvv5/export/__pycache__/__init__.cpython-310.pyc
  Moving to /share/home/yuan/.conda/envs/mi_torch_cu118/lib/python3.10/site-packages/torch/export/__pycache__/_draft_export.cpython-310.pyc
   from /tmp/pip-uninstall-30rrqvv5/export/__pycache__/_draft_export.cpython-310.pyc
  Moving to /share/home/yuan/.conda/envs/mi_torch_cu118/lib/python3.10/site-packages/torch/export/__pycache__/_remove_auto_functionalized_pass.cpython-310.pyc
   from /tmp/pip-uninstall-30rrqvv5/export/__pycache__/_remove_auto_functionalized_pass.cpython-310.pyc
  Moving to /share/home/yuan/.conda/envs/mi_torch_cu118/lib/python3.10/site-packages/torch/export/__pycache__/_remove_effect_tokens_pass.cpython-310.pyc
   from /tmp/pip-uninstall-30rrqvv5/export/__pycache__/_remove_effect_tokens_pass.cpython-310.pyc
  Moving to /share/home/yuan/.conda/envs/mi_torch_cu118/lib/python3.10/site-packages/torch/export/__pycache__/_safeguard.cpython-310.pyc
   from /tmp/pip-uninstall-30rrqvv5/export/__pycache__/_safeguard.cpython-310.pyc
  Moving to /share/home/yuan/.conda/envs/mi_torch_cu118/lib/python3.10/site-packages/torch/export/__pycache__/_swap.cpython-310.pyc
   from /tmp/pip-uninstall-30rrqvv5/export/__pycache__/_swap.cpython-310.pyc
  Moving to /share/home/yuan/.conda/envs/mi_torch_cu118/lib/python3.10/site-packages/torch/export/__pycache__/_trace.cpython-310.pyc
   from /tmp/pip-uninstall-30rrqvv5/export/__pycache__/_trace.cpython-310.pyc
  Moving to /share/home/yuan/.conda/envs/mi_torch_cu118/lib/python3.10/site-packages/torch/export/__pycache__/_tree_utils.cpython-310.pyc
   from /tmp/pip-uninstall-30rrqvv5/export/__pycache__/_tree_utils.cpython-310.pyc
  Moving to /share/home/yuan/.conda/envs/mi_torch_cu118/lib/python3.10/site-packages/torch/export/__pycache__/_unlift.cpython-310.pyc
   from /tmp/pip-uninstall-30rrqvv5/export/__pycache__/_unlift.cpython-310.pyc
  Moving to /share/home/yuan/.conda/envs/mi_torch_cu118/lib/python3.10/site-packages/torch/export/__pycache__/custom_obj.cpython-310.pyc
   from /tmp/pip-uninstall-30rrqvv5/export/__pycache__/custom_obj.cpython-310.pyc
  Moving to /share/home/yuan/.conda/envs/mi_torch_cu118/lib/python3.10/site-packages/torch/export/__pycache__/decomp_utils.cpython-310.pyc
   from /tmp/pip-uninstall-30rrqvv5/export/__pycache__/decomp_utils.cpython-310.pyc
  Moving to /share/home/yuan/.conda/envs/mi_torch_cu118/lib/python3.10/site-packages/torch/export/__pycache__/dynamic_shapes.cpython-310.pyc
   from /tmp/pip-uninstall-30rrqvv5/export/__pycache__/dynamic_shapes.cpython-310.pyc
  Moving to /share/home/yuan/.conda/envs/mi_torch_cu118/lib/python3.10/site-packages/torch/export/__pycache__/exported_program.cpython-310.pyc
   from /tmp/pip-uninstall-30rrqvv5/export/__pycache__/exported_program.cpython-310.pyc
  Moving to /share/home/yuan/.conda/envs/mi_torch_cu118/lib/python3.10/site-packages/torch/export/__pycache__/graph_signature.cpython-310.pyc
   from /tmp/pip-uninstall-30rrqvv5/export/__pycache__/graph_signature.cpython-310.pyc
  Moving to /share/home/yuan/.conda/envs/mi_torch_cu118/lib/python3.10/site-packages/torch/export/__pycache__/unflatten.cpython-310.pyc
   from /tmp/pip-uninstall-30rrqvv5/export/__pycache__/unflatten.cpython-310.pyc
  Moving to /share/home/yuan/.conda/envs/mi_torch_cu118/lib/python3.10/site-packages/torch/export/_draft_export.py
   from /tmp/pip-uninstall-30rrqvv5/export/_draft_export.py
  Moving to /share/home/yuan/.conda/envs/mi_torch_cu118/lib/python3.10/site-packages/torch/export/_remove_auto_functionalized_pass.py
   from /tmp/pip-uninstall-30rrqvv5/export/_remove_auto_functionalized_pass.py
  Moving to /share/home/yuan/.conda/envs/mi_torch_cu118/lib/python3.10/site-packages/torch/export/_remove_effect_tokens_pass.py
   from /tmp/pip-uninstall-30rrqvv5/export/_remove_effect_tokens_pass.py
  Moving to /share/home/yuan/.conda/envs/mi_torch_cu118/lib/python3.10/site-packages/torch/export/_safeguard.py
   from /tmp/pip-uninstall-30rrqvv5/export/_safeguard.py
  Moving to /share/home/yuan/.conda/envs/mi_torch_cu118/lib/python3.10/site-packages/torch/export/_swap.py
   from /tmp/pip-uninstall-30rrqvv5/export/_swap.py
  Moving to /share/home/yuan/.conda/envs/mi_torch_cu118/lib/python3.10/site-packages/torch/export/_trace.py
   from /tmp/pip-uninstall-30rrqvv5/export/_trace.py
  Moving to /share/home/yuan/.conda/envs/mi_torch_cu118/lib/python3.10/site-packages/torch/export/_tree_utils.py
   from /tmp/pip-uninstall-30rrqvv5/export/_tree_utils.py
  Moving to /share/home/yuan/.conda/envs/mi_torch_cu118/lib/python3.10/site-packages/torch/export/_unlift.py
   from /tmp/pip-uninstall-30rrqvv5/export/_unlift.py
  Moving to /share/home/yuan/.conda/envs/mi_torch_cu118/lib/python3.10/site-packages/torch/export/custom_obj.py
   from /tmp/pip-uninstall-30rrqvv5/export/custom_obj.py
  Moving to /share/home/yuan/.conda/envs/mi_torch_cu118/lib/python3.10/site-packages/torch/export/decomp_utils.py
   from /tmp/pip-uninstall-30rrqvv5/export/decomp_utils.py
  Moving to /share/home/yuan/.conda/envs/mi_torch_cu118/lib/python3.10/site-packages/torch/export/dynamic_shapes.py
   from /tmp/pip-uninstall-30rrqvv5/export/dynamic_shapes.py
  Moving to /share/home/yuan/.conda/envs/mi_torch_cu118/lib/python3.10/site-packages/torch/export/experimental/__init__.py
   from /tmp/pip-uninstall-30rrqvv5/export/experimental/__init__.py
  Moving to /share/home/yuan/.conda/envs/mi_torch_cu118/lib/python3.10/site-packages/torch/export/experimental/__pycache__/__init__.cpython-310.pyc
   from /tmp/pip-uninstall-30rrqvv5/export/experimental/__pycache__/__init__.cpython-310.pyc
  Moving to /share/home/yuan/.conda/envs/mi_torch_cu118/lib/python3.10/site-packages/torch/export/exported_program.py
   from /tmp/pip-uninstall-30rrqvv5/export/exported_program.py
  Moving to /share/home/yuan/.conda/envs/mi_torch_cu118/lib/python3.10/site-packages/torch/export/graph_signature.py
   from /tmp/pip-uninstall-30rrqvv5/export/graph_signature.py
  Moving to /share/home/yuan/.conda/envs/mi_torch_cu118/lib/python3.10/site-packages/torch/export/passes/__init__.py
   from /tmp/pip-uninstall-30rrqvv5/export/passes/__init__.py
  Moving to /share/home/yuan/.conda/envs/mi_torch_cu118/lib/python3.10/site-packages/torch/export/passes/__pycache__/__init__.cpython-310.pyc
   from /tmp/pip-uninstall-30rrqvv5/export/passes/__pycache__/__init__.cpython-310.pyc
  Moving to /share/home/yuan/.conda/envs/mi_torch_cu118/lib/python3.10/site-packages/torch/export/unflatten.py
   from /tmp/pip-uninstall-30rrqvv5/export/unflatten.py
  Moving to /share/home/yuan/.conda/envs/mi_torch_cu118/lib/python3.10/site-packages/torch/fft/__init__.py
   from /tmp/pip-uninstall-30rrqvv5/fft/__init__.py
  Moving to /share/home/yuan/.conda/envs/mi_torch_cu118/lib/python3.10/site-packages/torch/fft/__pycache__/__init__.cpython-310.pyc
   from /tmp/pip-uninstall-30rrqvv5/fft/__pycache__/__init__.cpython-310.pyc
  Moving to /share/home/yuan/.conda/envs/mi_torch_cu118/lib/python3.10/site-packages/torch/func/__init__.py
   from /tmp/pip-uninstall-30rrqvv5/func/__init__.py
  Moving to /share/home/yuan/.conda/envs/mi_torch_cu118/lib/python3.10/site-packages/torch/func/__pycache__/__init__.cpython-310.pyc
   from /tmp/pip-uninstall-30rrqvv5/func/__pycache__/__init__.cpython-310.pyc
  Moving to /share/home/yuan/.conda/envs/mi_torch_cu118/lib/python3.10/site-packages/torch/functional.py
   from /tmp/pip-uninstall-30rrqvv5/functional.py
  Moving to /share/home/yuan/.conda/envs/mi_torch_cu118/lib/python3.10/site-packages/torch/futures/__init__.py
   from /tmp/pip-uninstall-30rrqvv5/futures/__init__.py
  Moving to /share/home/yuan/.conda/envs/mi_torch_cu118/lib/python3.10/site-packages/torch/futures/__pycache__/__init__.cpython-310.pyc
   from /tmp/pip-uninstall-30rrqvv5/futures/__pycache__/__init__.cpython-310.pyc
  Moving to /share/home/yuan/.conda/envs/mi_torch_cu118/lib/python3.10/site-packages/torch/fx/__init__.py
   from /tmp/pip-uninstall-30rrqvv5/fx/__init__.py
  Moving to /share/home/yuan/.conda/envs/mi_torch_cu118/lib/python3.10/site-packages/torch/fx/__pycache__/__init__.cpython-310.pyc
   from /tmp/pip-uninstall-30rrqvv5/fx/__pycache__/__init__.cpython-310.pyc
  Moving to /share/home/yuan/.conda/envs/mi_torch_cu118/lib/python3.10/site-packages/torch/fx/__pycache__/_compatibility.cpython-310.pyc
   from /tmp/pip-uninstall-30rrqvv5/fx/__pycache__/_compatibility.cpython-310.pyc
  Moving to /share/home/yuan/.conda/envs/mi_torch_cu118/lib/python3.10/site-packages/torch/fx/__pycache__/_lazy_graph_module.cpython-310.pyc
   from /tmp/pip-uninstall-30rrqvv5/fx/__pycache__/_lazy_graph_module.cpython-310.pyc
  Moving to /share/home/yuan/.conda/envs/mi_torch_cu118/lib/python3.10/site-packages/torch/fx/__pycache__/_pytree.cpython-310.pyc
   from /tmp/pip-uninstall-30rrqvv5/fx/__pycache__/_pytree.cpython-310.pyc
  Moving to /share/home/yuan/.conda/envs/mi_torch_cu118/lib/python3.10/site-packages/torch/fx/__pycache__/_symbolic_trace.cpython-310.pyc
   from /tmp/pip-uninstall-30rrqvv5/fx/__pycache__/_symbolic_trace.cpython-310.pyc
  Moving to /share/home/yuan/.conda/envs/mi_torch_cu118/lib/python3.10/site-packages/torch/fx/__pycache__/_utils.cpython-310.pyc
   from /tmp/pip-uninstall-30rrqvv5/fx/__pycache__/_utils.cpython-310.pyc
  Moving to /share/home/yuan/.conda/envs/mi_torch_cu118/lib/python3.10/site-packages/torch/fx/__pycache__/annotate.cpython-310.pyc
   from /tmp/pip-uninstall-30rrqvv5/fx/__pycache__/annotate.cpython-310.pyc
  Moving to /share/home/yuan/.conda/envs/mi_torch_cu118/lib/python3.10/site-packages/torch/fx/__pycache__/config.cpython-310.pyc
   from /tmp/pip-uninstall-30rrqvv5/fx/__pycache__/config.cpython-310.pyc
  Moving to /share/home/yuan/.conda/envs/mi_torch_cu118/lib/python3.10/site-packages/torch/fx/__pycache__/graph.cpython-310.pyc
   from /tmp/pip-uninstall-30rrqvv5/fx/__pycache__/graph.cpython-310.pyc
  Moving to /share/home/yuan/.conda/envs/mi_torch_cu118/lib/python3.10/site-packages/torch/fx/__pycache__/graph_module.cpython-310.pyc
   from /tmp/pip-uninstall-30rrqvv5/fx/__pycache__/graph_module.cpython-310.pyc
  Moving to /share/home/yuan/.conda/envs/mi_torch_cu118/lib/python3.10/site-packages/torch/fx/__pycache__/immutable_collections.cpython-310.pyc
   from /tmp/pip-uninstall-30rrqvv5/fx/__pycache__/immutable_collections.cpython-310.pyc
  Moving to /share/home/yuan/.conda/envs/mi_torch_cu118/lib/python3.10/site-packages/torch/fx/__pycache__/interpreter.cpython-310.pyc
   from /tmp/pip-uninstall-30rrqvv5/fx/__pycache__/interpreter.cpython-310.pyc
  Moving to /share/home/yuan/.conda/envs/mi_torch_cu118/lib/python3.10/site-packages/torch/fx/__pycache__/node.cpython-310.pyc
   from /tmp/pip-uninstall-30rrqvv5/fx/__pycache__/node.cpython-310.pyc
  Moving to /share/home/yuan/.conda/envs/mi_torch_cu118/lib/python3.10/site-packages/torch/fx/__pycache__/operator_schemas.cpython-310.pyc
   from /tmp/pip-uninstall-30rrqvv5/fx/__pycache__/operator_schemas.cpython-310.pyc
  Moving to /share/home/yuan/.conda/envs/mi_torch_cu118/lib/python3.10/site-packages/torch/fx/__pycache__/proxy.cpython-310.pyc
   from /tmp/pip-uninstall-30rrqvv5/fx/__pycache__/proxy.cpython-310.pyc
  Moving to /share/home/yuan/.conda/envs/mi_torch_cu118/lib/python3.10/site-packages/torch/fx/__pycache__/subgraph_rewriter.cpython-310.pyc
   from /tmp/pip-uninstall-30rrqvv5/fx/__pycache__/subgraph_rewriter.cpython-310.pyc
  Moving to /share/home/yuan/.conda/envs/mi_torch_cu118/lib/python3.10/site-packages/torch/fx/__pycache__/tensor_type.cpython-310.pyc
   from /tmp/pip-uninstall-30rrqvv5/fx/__pycache__/tensor_type.cpython-310.pyc
  Moving to /share/home/yuan/.conda/envs/mi_torch_cu118/lib/python3.10/site-packages/torch/fx/__pycache__/traceback.cpython-310.pyc
   from /tmp/pip-uninstall-30rrqvv5/fx/__pycache__/traceback.cpython-310.pyc
  Moving to /share/home/yuan/.conda/envs/mi_torch_cu118/lib/python3.10/site-packages/torch/fx/_compatibility.py
   from /tmp/pip-uninstall-30rrqvv5/fx/_compatibility.py
  Moving to /share/home/yuan/.conda/envs/mi_torch_cu118/lib/python3.10/site-packages/torch/fx/_lazy_graph_module.py
   from /tmp/pip-uninstall-30rrqvv5/fx/_lazy_graph_module.py
  Moving to /share/home/yuan/.conda/envs/mi_torch_cu118/lib/python3.10/site-packages/torch/fx/_pytree.py
   from /tmp/pip-uninstall-30rrqvv5/fx/_pytree.py
  Moving to /share/home/yuan/.conda/envs/mi_torch_cu118/lib/python3.10/site-packages/torch/fx/_symbolic_trace.py
   from /tmp/pip-uninstall-30rrqvv5/fx/_symbolic_trace.py
  Moving to /share/home/yuan/.conda/envs/mi_torch_cu118/lib/python3.10/site-packages/torch/fx/_utils.py
   from /tmp/pip-uninstall-30rrqvv5/fx/_utils.py
  Moving to /share/home/yuan/.conda/envs/mi_torch_cu118/lib/python3.10/site-packages/torch/fx/annotate.py
   from /tmp/pip-uninstall-30rrqvv5/fx/annotate.py
  Moving to /share/home/yuan/.conda/envs/mi_torch_cu118/lib/python3.10/site-packages/torch/fx/config.py
   from /tmp/pip-uninstall-30rrqvv5/fx/config.py
  Moving to /share/home/yuan/.conda/envs/mi_torch_cu118/lib/python3.10/site-packages/torch/fx/experimental/__init__.py
   from /tmp/pip-uninstall-30rrqvv5/fx/experimental/__init__.py
  Moving to /share/home/yuan/.conda/envs/mi_torch_cu118/lib/python3.10/site-packages/torch/fx/experimental/__pycache__/__init__.cpython-310.pyc
   from /tmp/pip-uninstall-30rrqvv5/fx/experimental/__pycache__/__init__.cpython-310.pyc
  Moving to /share/home/yuan/.conda/envs/mi_torch_cu118/lib/python3.10/site-packages/torch/fx/experimental/__pycache__/_backward_state.cpython-310.pyc
   from /tmp/pip-uninstall-30rrqvv5/fx/experimental/__pycache__/_backward_state.cpython-310.pyc
  Moving to /share/home/yuan/.conda/envs/mi_torch_cu118/lib/python3.10/site-packages/torch/fx/experimental/__pycache__/_config.cpython-310.pyc
   from /tmp/pip-uninstall-30rrqvv5/fx/experimental/__pycache__/_config.cpython-310.pyc
  Moving to /share/home/yuan/.conda/envs/mi_torch_cu118/lib/python3.10/site-packages/torch/fx/experimental/__pycache__/_constant_symnode.cpython-310.pyc
   from /tmp/pip-uninstall-30rrqvv5/fx/experimental/__pycache__/_constant_symnode.cpython-310.pyc
  Moving to /share/home/yuan/.conda/envs/mi_torch_cu118/lib/python3.10/site-packages/torch/fx/experimental/__pycache__/accelerator_partitioner.cpython-310.pyc
   from /tmp/pip-uninstall-30rrqvv5/fx/experimental/__pycache__/accelerator_partitioner.cpython-310.pyc
  Moving to /share/home/yuan/.conda/envs/mi_torch_cu118/lib/python3.10/site-packages/torch/fx/experimental/__pycache__/const_fold.cpython-310.pyc
   from /tmp/pip-uninstall-30rrqvv5/fx/experimental/__pycache__/const_fold.cpython-310.pyc
  Moving to /share/home/yuan/.conda/envs/mi_torch_cu118/lib/python3.10/site-packages/torch/fx/experimental/__pycache__/debug.cpython-310.pyc
   from /tmp/pip-uninstall-30rrqvv5/fx/experimental/__pycache__/debug.cpython-310.pyc
  Moving to /share/home/yuan/.conda/envs/mi_torch_cu118/lib/python3.10/site-packages/torch/fx/experimental/__pycache__/graph_gradual_typechecker.cpython-310.pyc
   from /tmp/pip-uninstall-30rrqvv5/fx/experimental/__pycache__/graph_gradual_typechecker.cpython-310.pyc
  Moving to /share/home/yuan/.conda/envs/mi_torch_cu118/lib/python3.10/site-packages/torch/fx/experimental/__pycache__/merge_matmul.cpython-310.pyc
   from /tmp/pip-uninstall-30rrqvv5/fx/experimental/__pycache__/merge_matmul.cpython-310.pyc
  Moving to /share/home/yuan/.conda/envs/mi_torch_cu118/lib/python3.10/site-packages/torch/fx/experimental/__pycache__/meta_tracer.cpython-310.pyc
   from /tmp/pip-uninstall-30rrqvv5/fx/experimental/__pycache__/meta_tracer.cpython-310.pyc
  Moving to /share/home/yuan/.conda/envs/mi_torch_cu118/lib/python3.10/site-packages/torch/fx/experimental/__pycache__/normalize.cpython-310.pyc
   from /tmp/pip-uninstall-30rrqvv5/fx/experimental/__pycache__/normalize.cpython-310.pyc
  Moving to /share/home/yuan/.conda/envs/mi_torch_cu118/lib/python3.10/site-packages/torch/fx/experimental/__pycache__/optimization.cpython-310.pyc
   from /tmp/pip-uninstall-30rrqvv5/fx/experimental/__pycache__/optimization.cpython-310.pyc
  Moving to /share/home/yuan/.conda/envs/mi_torch_cu118/lib/python3.10/site-packages/torch/fx/experimental/__pycache__/partitioner_utils.cpython-310.pyc
   from /tmp/pip-uninstall-30rrqvv5/fx/experimental/__pycache__/partitioner_utils.cpython-310.pyc
  Moving to /share/home/yuan/.conda/envs/mi_torch_cu118/lib/python3.10/site-packages/torch/fx/experimental/__pycache__/proxy_tensor.cpython-310.pyc
   from /tmp/pip-uninstall-30rrqvv5/fx/experimental/__pycache__/proxy_tensor.cpython-310.pyc
  Moving to /share/home/yuan/.conda/envs/mi_torch_cu118/lib/python3.10/site-packages/torch/fx/experimental/__pycache__/recording.cpython-310.pyc
   from /tmp/pip-uninstall-30rrqvv5/fx/experimental/__pycache__/recording.cpython-310.pyc
  Moving to /share/home/yuan/.conda/envs/mi_torch_cu118/lib/python3.10/site-packages/torch/fx/experimental/__pycache__/refinement_types.cpython-310.pyc
   from /tmp/pip-uninstall-30rrqvv5/fx/experimental/__pycache__/refinement_types.cpython-310.pyc
  Moving to /share/home/yuan/.conda/envs/mi_torch_cu118/lib/python3.10/site-packages/torch/fx/experimental/__pycache__/rewriter.cpython-310.pyc
   from /tmp/pip-uninstall-30rrqvv5/fx/experimental/__pycache__/rewriter.cpython-310.pyc
  Moving to /share/home/yuan/.conda/envs/mi_torch_cu118/lib/python3.10/site-packages/torch/fx/experimental/__pycache__/schema_type_annotation.cpython-310.pyc
   from /tmp/pip-uninstall-30rrqvv5/fx/experimental/__pycache__/schema_type_annotation.cpython-310.pyc
  Moving to /share/home/yuan/.conda/envs/mi_torch_cu118/lib/python3.10/site-packages/torch/fx/experimental/__pycache__/sym_node.cpython-310.pyc
   from /tmp/pip-uninstall-30rrqvv5/fx/experimental/__pycache__/sym_node.cpython-310.pyc
  Moving to /share/home/yuan/.conda/envs/mi_torch_cu118/lib/python3.10/site-packages/torch/fx/experimental/__pycache__/symbolic_shapes.cpython-310.pyc
   from /tmp/pip-uninstall-30rrqvv5/fx/experimental/__pycache__/symbolic_shapes.cpython-310.pyc
  Moving to /share/home/yuan/.conda/envs/mi_torch_cu118/lib/python3.10/site-packages/torch/fx/experimental/__pycache__/unify_refinements.cpython-310.pyc
   from /tmp/pip-uninstall-30rrqvv5/fx/experimental/__pycache__/unify_refinements.cpython-310.pyc
  Moving to /share/home/yuan/.conda/envs/mi_torch_cu118/lib/python3.10/site-packages/torch/fx/experimental/__pycache__/validator.cpython-310.pyc
   from /tmp/pip-uninstall-30rrqvv5/fx/experimental/__pycache__/validator.cpython-310.pyc
  Moving to /share/home/yuan/.conda/envs/mi_torch_cu118/lib/python3.10/site-packages/torch/fx/experimental/_backward_state.py
   from /tmp/pip-uninstall-30rrqvv5/fx/experimental/_backward_state.py
  Moving to /share/home/yuan/.conda/envs/mi_torch_cu118/lib/python3.10/site-packages/torch/fx/experimental/_config.py
   from /tmp/pip-uninstall-30rrqvv5/fx/experimental/_config.py
  Moving to /share/home/yuan/.conda/envs/mi_torch_cu118/lib/python3.10/site-packages/torch/fx/experimental/_constant_symnode.py
   from /tmp/pip-uninstall-30rrqvv5/fx/experimental/_constant_symnode.py
  Moving to /share/home/yuan/.conda/envs/mi_torch_cu118/lib/python3.10/site-packages/torch/fx/experimental/accelerator_partitioner.py
   from /tmp/pip-uninstall-30rrqvv5/fx/experimental/accelerator_partitioner.py
  Moving to /share/home/yuan/.conda/envs/mi_torch_cu118/lib/python3.10/site-packages/torch/fx/experimental/const_fold.py
   from /tmp/pip-uninstall-30rrqvv5/fx/experimental/const_fold.py
  Moving to /share/home/yuan/.conda/envs/mi_torch_cu118/lib/python3.10/site-packages/torch/fx/experimental/debug.py
   from /tmp/pip-uninstall-30rrqvv5/fx/experimental/debug.py
  Moving to /share/home/yuan/.conda/envs/mi_torch_cu118/lib/python3.10/site-packages/torch/fx/experimental/graph_gradual_typechecker.py
   from /tmp/pip-uninstall-30rrqvv5/fx/experimental/graph_gradual_typechecker.py
  Moving to /share/home/yuan/.conda/envs/mi_torch_cu118/lib/python3.10/site-packages/torch/fx/experimental/merge_matmul.py
   from /tmp/pip-uninstall-30rrqvv5/fx/experimental/merge_matmul.py
  Moving to /share/home/yuan/.conda/envs/mi_torch_cu118/lib/python3.10/site-packages/torch/fx/experimental/meta_tracer.py
   from /tmp/pip-uninstall-30rrqvv5/fx/experimental/meta_tracer.py
  Moving to /share/home/yuan/.conda/envs/mi_torch_cu118/lib/python3.10/site-packages/torch/fx/experimental/migrate_gradual_types/__init__.py
   from /tmp/pip-uninstall-30rrqvv5/fx/experimental/migrate_gradual_types/__init__.py
  Moving to /share/home/yuan/.conda/envs/mi_torch_cu118/lib/python3.10/site-packages/torch/fx/experimental/migrate_gradual_types/__pycache__/__init__.cpython-310.pyc
   from /tmp/pip-uninstall-30rrqvv5/fx/experimental/migrate_gradual_types/__pycache__/__init__.cpython-310.pyc
  Moving to /share/home/yuan/.conda/envs/mi_torch_cu118/lib/python3.10/site-packages/torch/fx/experimental/migrate_gradual_types/__pycache__/constraint.cpython-310.pyc
   from /tmp/pip-uninstall-30rrqvv5/fx/experimental/migrate_gradual_types/__pycache__/constraint.cpython-310.pyc
  Moving to /share/home/yuan/.conda/envs/mi_torch_cu118/lib/python3.10/site-packages/torch/fx/experimental/migrate_gradual_types/__pycache__/constraint_generator.cpython-310.pyc
   from /tmp/pip-uninstall-30rrqvv5/fx/experimental/migrate_gradual_types/__pycache__/constraint_generator.cpython-310.pyc
  Moving to /share/home/yuan/.conda/envs/mi_torch_cu118/lib/python3.10/site-packages/torch/fx/experimental/migrate_gradual_types/__pycache__/constraint_transformation.cpython-310.pyc
   from /tmp/pip-uninstall-30rrqvv5/fx/experimental/migrate_gradual_types/__pycache__/constraint_transformation.cpython-310.pyc
  Moving to /share/home/yuan/.conda/envs/mi_torch_cu118/lib/python3.10/site-packages/torch/fx/experimental/migrate_gradual_types/__pycache__/operation.cpython-310.pyc
   from /tmp/pip-uninstall-30rrqvv5/fx/experimental/migrate_gradual_types/__pycache__/operation.cpython-310.pyc
  Moving to /share/home/yuan/.conda/envs/mi_torch_cu118/lib/python3.10/site-packages/torch/fx/experimental/migrate_gradual_types/__pycache__/transform_to_z3.cpython-310.pyc
   from /tmp/pip-uninstall-30rrqvv5/fx/experimental/migrate_gradual_types/__pycache__/transform_to_z3.cpython-310.pyc
  Moving to /share/home/yuan/.conda/envs/mi_torch_cu118/lib/python3.10/site-packages/torch/fx/experimental/migrate_gradual_types/__pycache__/util.cpython-310.pyc
   from /tmp/pip-uninstall-30rrqvv5/fx/experimental/migrate_gradual_types/__pycache__/util.cpython-310.pyc
  Moving to /share/home/yuan/.conda/envs/mi_torch_cu118/lib/python3.10/site-packages/torch/fx/experimental/migrate_gradual_types/__pycache__/z3_types.cpython-310.pyc
   from /tmp/pip-uninstall-30rrqvv5/fx/experimental/migrate_gradual_types/__pycache__/z3_types.cpython-310.pyc
  Moving to /share/home/yuan/.conda/envs/mi_torch_cu118/lib/python3.10/site-packages/torch/fx/experimental/migrate_gradual_types/constraint.py
   from /tmp/pip-uninstall-30rrqvv5/fx/experimental/migrate_gradual_types/constraint.py
  Moving to /share/home/yuan/.conda/envs/mi_torch_cu118/lib/python3.10/site-packages/torch/fx/experimental/migrate_gradual_types/constraint_generator.py
   from /tmp/pip-uninstall-30rrqvv5/fx/experimental/migrate_gradual_types/constraint_generator.py
  Moving to /share/home/yuan/.conda/envs/mi_torch_cu118/lib/python3.10/site-packages/torch/fx/experimental/migrate_gradual_types/constraint_transformation.py
   from /tmp/pip-uninstall-30rrqvv5/fx/experimental/migrate_gradual_types/constraint_transformation.py
  Moving to /share/home/yuan/.conda/envs/mi_torch_cu118/lib/python3.10/site-packages/torch/fx/experimental/migrate_gradual_types/operation.py
   from /tmp/pip-uninstall-30rrqvv5/fx/experimental/migrate_gradual_types/operation.py
  Moving to /share/home/yuan/.conda/envs/mi_torch_cu118/lib/python3.10/site-packages/torch/fx/experimental/migrate_gradual_types/transform_to_z3.py
   from /tmp/pip-uninstall-30rrqvv5/fx/experimental/migrate_gradual_types/transform_to_z3.py
  Moving to /share/home/yuan/.conda/envs/mi_torch_cu118/lib/python3.10/site-packages/torch/fx/experimental/migrate_gradual_types/util.py
   from /tmp/pip-uninstall-30rrqvv5/fx/experimental/migrate_gradual_types/util.py
  Moving to /share/home/yuan/.conda/envs/mi_torch_cu118/lib/python3.10/site-packages/torch/fx/experimental/migrate_gradual_types/z3_types.py
   from /tmp/pip-uninstall-30rrqvv5/fx/experimental/migrate_gradual_types/z3_types.py
  Moving to /share/home/yuan/.conda/envs/mi_torch_cu118/lib/python3.10/site-packages/torch/fx/experimental/normalize.py
   from /tmp/pip-uninstall-30rrqvv5/fx/experimental/normalize.py
  Moving to /share/home/yuan/.conda/envs/mi_torch_cu118/lib/python3.10/site-packages/torch/fx/experimental/optimization.py
   from /tmp/pip-uninstall-30rrqvv5/fx/experimental/optimization.py
  Moving to /share/home/yuan/.conda/envs/mi_torch_cu118/lib/python3.10/site-packages/torch/fx/experimental/partitioner_utils.py
   from /tmp/pip-uninstall-30rrqvv5/fx/experimental/partitioner_utils.py
  Moving to /share/home/yuan/.conda/envs/mi_torch_cu118/lib/python3.10/site-packages/torch/fx/experimental/proxy_tensor.py
   from /tmp/pip-uninstall-30rrqvv5/fx/experimental/proxy_tensor.py
  Moving to /share/home/yuan/.conda/envs/mi_torch_cu118/lib/python3.10/site-packages/torch/fx/experimental/recording.py
   from /tmp/pip-uninstall-30rrqvv5/fx/experimental/recording.py
  Moving to /share/home/yuan/.conda/envs/mi_torch_cu118/lib/python3.10/site-packages/torch/fx/experimental/refinement_types.py
   from /tmp/pip-uninstall-30rrqvv5/fx/experimental/refinement_types.py
  Moving to /share/home/yuan/.conda/envs/mi_torch_cu118/lib/python3.10/site-packages/torch/fx/experimental/rewriter.py
   from /tmp/pip-uninstall-30rrqvv5/fx/experimental/rewriter.py
  Moving to /share/home/yuan/.conda/envs/mi_torch_cu118/lib/python3.10/site-packages/torch/fx/experimental/schema_type_annotation.py
   from /tmp/pip-uninstall-30rrqvv5/fx/experimental/schema_type_annotation.py
  Moving to /share/home/yuan/.conda/envs/mi_torch_cu118/lib/python3.10/site-packages/torch/fx/experimental/sym_node.py
   from /tmp/pip-uninstall-30rrqvv5/fx/experimental/sym_node.py
  Moving to /share/home/yuan/.conda/envs/mi_torch_cu118/lib/python3.10/site-packages/torch/fx/experimental/symbolic_shapes.py
   from /tmp/pip-uninstall-30rrqvv5/fx/experimental/symbolic_shapes.py
  Moving to /share/home/yuan/.conda/envs/mi_torch_cu118/lib/python3.10/site-packages/torch/fx/experimental/unification/__init__.py
   from /tmp/pip-uninstall-30rrqvv5/fx/experimental/unification/__init__.py
  Moving to /share/home/yuan/.conda/envs/mi_torch_cu118/lib/python3.10/site-packages/torch/fx/experimental/unification/__pycache__/__init__.cpython-310.pyc
   from /tmp/pip-uninstall-30rrqvv5/fx/experimental/unification/__pycache__/__init__.cpython-310.pyc
  Moving to /share/home/yuan/.conda/envs/mi_torch_cu118/lib/python3.10/site-packages/torch/fx/experimental/unification/__pycache__/core.cpython-310.pyc
   from /tmp/pip-uninstall-30rrqvv5/fx/experimental/unification/__pycache__/core.cpython-310.pyc
  Moving to /share/home/yuan/.conda/envs/mi_torch_cu118/lib/python3.10/site-packages/torch/fx/experimental/unification/__pycache__/dispatch.cpython-310.pyc
   from /tmp/pip-uninstall-30rrqvv5/fx/experimental/unification/__pycache__/dispatch.cpython-310.pyc
  Moving to /share/home/yuan/.conda/envs/mi_torch_cu118/lib/python3.10/site-packages/torch/fx/experimental/unification/__pycache__/match.cpython-310.pyc
   from /tmp/pip-uninstall-30rrqvv5/fx/experimental/unification/__pycache__/match.cpython-310.pyc
  Moving to /share/home/yuan/.conda/envs/mi_torch_cu118/lib/python3.10/site-packages/torch/fx/experimental/unification/__pycache__/more.cpython-310.pyc
   from /tmp/pip-uninstall-30rrqvv5/fx/experimental/unification/__pycache__/more.cpython-310.pyc
  Moving to /share/home/yuan/.conda/envs/mi_torch_cu118/lib/python3.10/site-packages/torch/fx/experimental/unification/__pycache__/unification_tools.cpython-310.pyc
   from /tmp/pip-uninstall-30rrqvv5/fx/experimental/unification/__pycache__/unification_tools.cpython-310.pyc
  Moving to /share/home/yuan/.conda/envs/mi_torch_cu118/lib/python3.10/site-packages/torch/fx/experimental/unification/__pycache__/utils.cpython-310.pyc
   from /tmp/pip-uninstall-30rrqvv5/fx/experimental/unification/__pycache__/utils.cpython-310.pyc
  Moving to /share/home/yuan/.conda/envs/mi_torch_cu118/lib/python3.10/site-packages/torch/fx/experimental/unification/__pycache__/variable.cpython-310.pyc
   from /tmp/pip-uninstall-30rrqvv5/fx/experimental/unification/__pycache__/variable.cpython-310.pyc
  Moving to /share/home/yuan/.conda/envs/mi_torch_cu118/lib/python3.10/site-packages/torch/fx/experimental/unification/core.py
   from /tmp/pip-uninstall-30rrqvv5/fx/experimental/unification/core.py
  Moving to /share/home/yuan/.conda/envs/mi_torch_cu118/lib/python3.10/site-packages/torch/fx/experimental/unification/dispatch.py
   from /tmp/pip-uninstall-30rrqvv5/fx/experimental/unification/dispatch.py
  Moving to /share/home/yuan/.conda/envs/mi_torch_cu118/lib/python3.10/site-packages/torch/fx/experimental/unification/match.py
   from /tmp/pip-uninstall-30rrqvv5/fx/experimental/unification/match.py
  Moving to /share/home/yuan/.conda/envs/mi_torch_cu118/lib/python3.10/site-packages/torch/fx/experimental/unification/more.py
   from /tmp/pip-uninstall-30rrqvv5/fx/experimental/unification/more.py
  Moving to /share/home/yuan/.conda/envs/mi_torch_cu118/lib/python3.10/site-packages/torch/fx/experimental/unification/multipledispatch/__init__.py
   from /tmp/pip-uninstall-30rrqvv5/fx/experimental/unification/multipledispatch/__init__.py
  Moving to /share/home/yuan/.conda/envs/mi_torch_cu118/lib/python3.10/site-packages/torch/fx/experimental/unification/multipledispatch/__pycache__/__init__.cpython-310.pyc
   from /tmp/pip-uninstall-30rrqvv5/fx/experimental/unification/multipledispatch/__pycache__/__init__.cpython-310.pyc
  Moving to /share/home/yuan/.conda/envs/mi_torch_cu118/lib/python3.10/site-packages/torch/fx/experimental/unification/multipledispatch/__pycache__/conflict.cpython-310.pyc
   from /tmp/pip-uninstall-30rrqvv5/fx/experimental/unification/multipledispatch/__pycache__/conflict.cpython-310.pyc
  Moving to /share/home/yuan/.conda/envs/mi_torch_cu118/lib/python3.10/site-packages/torch/fx/experimental/unification/multipledispatch/__pycache__/core.cpython-310.pyc
   from /tmp/pip-uninstall-30rrqvv5/fx/experimental/unification/multipledispatch/__pycache__/core.cpython-310.pyc
  Moving to /share/home/yuan/.conda/envs/mi_torch_cu118/lib/python3.10/site-packages/torch/fx/experimental/unification/multipledispatch/__pycache__/dispatcher.cpython-310.pyc
   from /tmp/pip-uninstall-30rrqvv5/fx/experimental/unification/multipledispatch/__pycache__/dispatcher.cpython-310.pyc
  Moving to /share/home/yuan/.conda/envs/mi_torch_cu118/lib/python3.10/site-packages/torch/fx/experimental/unification/multipledispatch/__pycache__/utils.cpython-310.pyc
   from /tmp/pip-uninstall-30rrqvv5/fx/experimental/unification/multipledispatch/__pycache__/utils.cpython-310.pyc
  Moving to /share/home/yuan/.conda/envs/mi_torch_cu118/lib/python3.10/site-packages/torch/fx/experimental/unification/multipledispatch/__pycache__/variadic.cpython-310.pyc
   from /tmp/pip-uninstall-30rrqvv5/fx/experimental/unification/multipledispatch/__pycache__/variadic.cpython-310.pyc
  Moving to /share/home/yuan/.conda/envs/mi_torch_cu118/lib/python3.10/site-packages/torch/fx/experimental/unification/multipledispatch/conflict.py
   from /tmp/pip-uninstall-30rrqvv5/fx/experimental/unification/multipledispatch/conflict.py
  Moving to /share/home/yuan/.conda/envs/mi_torch_cu118/lib/python3.10/site-packages/torch/fx/experimental/unification/multipledispatch/core.py
   from /tmp/pip-uninstall-30rrqvv5/fx/experimental/unification/multipledispatch/core.py
  Moving to /share/home/yuan/.conda/envs/mi_torch_cu118/lib/python3.10/site-packages/torch/fx/experimental/unification/multipledispatch/dispatcher.py
   from /tmp/pip-uninstall-30rrqvv5/fx/experimental/unification/multipledispatch/dispatcher.py
  Moving to /share/home/yuan/.conda/envs/mi_torch_cu118/lib/python3.10/site-packages/torch/fx/experimental/unification/multipledispatch/utils.py
   from /tmp/pip-uninstall-30rrqvv5/fx/experimental/unification/multipledispatch/utils.py
  Moving to /share/home/yuan/.conda/envs/mi_torch_cu118/lib/python3.10/site-packages/torch/fx/experimental/unification/multipledispatch/variadic.py
   from /tmp/pip-uninstall-30rrqvv5/fx/experimental/unification/multipledispatch/variadic.py
  Moving to /share/home/yuan/.conda/envs/mi_torch_cu118/lib/python3.10/site-packages/torch/fx/experimental/unification/unification_tools.py
   from /tmp/pip-uninstall-30rrqvv5/fx/experimental/unification/unification_tools.py
  Moving to /share/home/yuan/.conda/envs/mi_torch_cu118/lib/python3.10/site-packages/torch/fx/experimental/unification/utils.py
   from /tmp/pip-uninstall-30rrqvv5/fx/experimental/unification/utils.py
  Moving to /share/home/yuan/.conda/envs/mi_torch_cu118/lib/python3.10/site-packages/torch/fx/experimental/unification/variable.py
   from /tmp/pip-uninstall-30rrqvv5/fx/experimental/unification/variable.py
  Moving to /share/home/yuan/.conda/envs/mi_torch_cu118/lib/python3.10/site-packages/torch/fx/experimental/unify_refinements.py
   from /tmp/pip-uninstall-30rrqvv5/fx/experimental/unify_refinements.py
  Moving to /share/home/yuan/.conda/envs/mi_torch_cu118/lib/python3.10/site-packages/torch/fx/experimental/validator.py
   from /tmp/pip-uninstall-30rrqvv5/fx/experimental/validator.py
  Moving to /share/home/yuan/.conda/envs/mi_torch_cu118/lib/python3.10/site-packages/torch/fx/graph.py
   from /tmp/pip-uninstall-30rrqvv5/fx/graph.py
  Moving to /share/home/yuan/.conda/envs/mi_torch_cu118/lib/python3.10/site-packages/torch/fx/graph_module.py
   from /tmp/pip-uninstall-30rrqvv5/fx/graph_module.py
  Moving to /share/home/yuan/.conda/envs/mi_torch_cu118/lib/python3.10/site-packages/torch/fx/immutable_collections.py
   from /tmp/pip-uninstall-30rrqvv5/fx/immutable_collections.py
  Moving to /share/home/yuan/.conda/envs/mi_torch_cu118/lib/python3.10/site-packages/torch/fx/interpreter.py
   from /tmp/pip-uninstall-30rrqvv5/fx/interpreter.py
  Moving to /share/home/yuan/.conda/envs/mi_torch_cu118/lib/python3.10/site-packages/torch/fx/node.py
   from /tmp/pip-uninstall-30rrqvv5/fx/node.py
  Moving to /share/home/yuan/.conda/envs/mi_torch_cu118/lib/python3.10/site-packages/torch/fx/operator_schemas.py
   from /tmp/pip-uninstall-30rrqvv5/fx/operator_schemas.py
  Moving to /share/home/yuan/.conda/envs/mi_torch_cu118/lib/python3.10/site-packages/torch/fx/passes/__init__.py
   from /tmp/pip-uninstall-30rrqvv5/fx/passes/__init__.py
  Moving to /share/home/yuan/.conda/envs/mi_torch_cu118/lib/python3.10/site-packages/torch/fx/passes/__pycache__/__init__.cpython-310.pyc
   from /tmp/pip-uninstall-30rrqvv5/fx/passes/__pycache__/__init__.cpython-310.pyc
  Moving to /share/home/yuan/.conda/envs/mi_torch_cu118/lib/python3.10/site-packages/torch/fx/passes/__pycache__/_tensorify_python_scalars.cpython-310.pyc
   from /tmp/pip-uninstall-30rrqvv5/fx/passes/__pycache__/_tensorify_python_scalars.cpython-310.pyc
  Moving to /share/home/yuan/.conda/envs/mi_torch_cu118/lib/python3.10/site-packages/torch/fx/passes/__pycache__/annotate_getitem_nodes.cpython-310.pyc
   from /tmp/pip-uninstall-30rrqvv5/fx/passes/__pycache__/annotate_getitem_nodes.cpython-310.pyc
  Moving to /share/home/yuan/.conda/envs/mi_torch_cu118/lib/python3.10/site-packages/torch/fx/passes/__pycache__/fake_tensor_prop.cpython-310.pyc
   from /tmp/pip-uninstall-30rrqvv5/fx/passes/__pycache__/fake_tensor_prop.cpython-310.pyc
  Moving to /share/home/yuan/.conda/envs/mi_torch_cu118/lib/python3.10/site-packages/torch/fx/passes/__pycache__/graph_drawer.cpython-310.pyc
   from /tmp/pip-uninstall-30rrqvv5/fx/passes/__pycache__/graph_drawer.cpython-310.pyc
  Moving to /share/home/yuan/.conda/envs/mi_torch_cu118/lib/python3.10/site-packages/torch/fx/passes/__pycache__/graph_manipulation.cpython-310.pyc
   from /tmp/pip-uninstall-30rrqvv5/fx/passes/__pycache__/graph_manipulation.cpython-310.pyc
  Moving to /share/home/yuan/.conda/envs/mi_torch_cu118/lib/python3.10/site-packages/torch/fx/passes/__pycache__/graph_transform_observer.cpython-310.pyc
   from /tmp/pip-uninstall-30rrqvv5/fx/passes/__pycache__/graph_transform_observer.cpython-310.pyc
  Moving to /share/home/yuan/.conda/envs/mi_torch_cu118/lib/python3.10/site-packages/torch/fx/passes/__pycache__/net_min_base.cpython-310.pyc
   from /tmp/pip-uninstall-30rrqvv5/fx/passes/__pycache__/net_min_base.cpython-310.pyc
  Moving to /share/home/yuan/.conda/envs/mi_torch_cu118/lib/python3.10/site-packages/torch/fx/passes/__pycache__/operator_support.cpython-310.pyc
   from /tmp/pip-uninstall-30rrqvv5/fx/passes/__pycache__/operator_support.cpython-310.pyc
  Moving to /share/home/yuan/.conda/envs/mi_torch_cu118/lib/python3.10/site-packages/torch/fx/passes/__pycache__/param_fetch.cpython-310.pyc
   from /tmp/pip-uninstall-30rrqvv5/fx/passes/__pycache__/param_fetch.cpython-310.pyc
  Moving to /share/home/yuan/.conda/envs/mi_torch_cu118/lib/python3.10/site-packages/torch/fx/passes/__pycache__/pass_manager.cpython-310.pyc
   from /tmp/pip-uninstall-30rrqvv5/fx/passes/__pycache__/pass_manager.cpython-310.pyc
  Moving to /share/home/yuan/.conda/envs/mi_torch_cu118/lib/python3.10/site-packages/torch/fx/passes/__pycache__/reinplace.cpython-310.pyc
   from /tmp/pip-uninstall-30rrqvv5/fx/passes/__pycache__/reinplace.cpython-310.pyc
  Moving to /share/home/yuan/.conda/envs/mi_torch_cu118/lib/python3.10/site-packages/torch/fx/passes/__pycache__/runtime_assert.cpython-310.pyc
   from /tmp/pip-uninstall-30rrqvv5/fx/passes/__pycache__/runtime_assert.cpython-310.pyc
  Moving to /share/home/yuan/.conda/envs/mi_torch_cu118/lib/python3.10/site-packages/torch/fx/passes/__pycache__/shape_prop.cpython-310.pyc
   from /tmp/pip-uninstall-30rrqvv5/fx/passes/__pycache__/shape_prop.cpython-310.pyc
  Moving to /share/home/yuan/.conda/envs/mi_torch_cu118/lib/python3.10/site-packages/torch/fx/passes/__pycache__/split_module.cpython-310.pyc
   from /tmp/pip-uninstall-30rrqvv5/fx/passes/__pycache__/split_module.cpython-310.pyc
  Moving to /share/home/yuan/.conda/envs/mi_torch_cu118/lib/python3.10/site-packages/torch/fx/passes/__pycache__/split_utils.cpython-310.pyc
   from /tmp/pip-uninstall-30rrqvv5/fx/passes/__pycache__/split_utils.cpython-310.pyc
  Moving to /share/home/yuan/.conda/envs/mi_torch_cu118/lib/python3.10/site-packages/torch/fx/passes/__pycache__/splitter_base.cpython-310.pyc
   from /tmp/pip-uninstall-30rrqvv5/fx/passes/__pycache__/splitter_base.cpython-310.pyc
  Moving to /share/home/yuan/.conda/envs/mi_torch_cu118/lib/python3.10/site-packages/torch/fx/passes/__pycache__/tools_common.cpython-310.pyc
   from /tmp/pip-uninstall-30rrqvv5/fx/passes/__pycache__/tools_common.cpython-310.pyc
  Moving to /share/home/yuan/.conda/envs/mi_torch_cu118/lib/python3.10/site-packages/torch/fx/passes/_tensorify_python_scalars.py
   from /tmp/pip-uninstall-30rrqvv5/fx/passes/_tensorify_python_scalars.py
  Moving to /share/home/yuan/.conda/envs/mi_torch_cu118/lib/python3.10/site-packages/torch/fx/passes/annotate_getitem_nodes.py
   from /tmp/pip-uninstall-30rrqvv5/fx/passes/annotate_getitem_nodes.py
  Moving to /share/home/yuan/.conda/envs/mi_torch_cu118/lib/python3.10/site-packages/torch/fx/passes/backends/__init__.py
   from /tmp/pip-uninstall-30rrqvv5/fx/passes/backends/__init__.py
  Moving to /share/home/yuan/.conda/envs/mi_torch_cu118/lib/python3.10/site-packages/torch/fx/passes/backends/__pycache__/__init__.cpython-310.pyc
   from /tmp/pip-uninstall-30rrqvv5/fx/passes/backends/__pycache__/__init__.cpython-310.pyc
  Moving to /share/home/yuan/.conda/envs/mi_torch_cu118/lib/python3.10/site-packages/torch/fx/passes/backends/__pycache__/cudagraphs.cpython-310.pyc
   from /tmp/pip-uninstall-30rrqvv5/fx/passes/backends/__pycache__/cudagraphs.cpython-310.pyc
  Moving to /share/home/yuan/.conda/envs/mi_torch_cu118/lib/python3.10/site-packages/torch/fx/passes/backends/cudagraphs.py
   from /tmp/pip-uninstall-30rrqvv5/fx/passes/backends/cudagraphs.py
  Moving to /share/home/yuan/.conda/envs/mi_torch_cu118/lib/python3.10/site-packages/torch/fx/passes/dialect/__init__.py
   from /tmp/pip-uninstall-30rrqvv5/fx/passes/dialect/__init__.py
  Moving to /share/home/yuan/.conda/envs/mi_torch_cu118/lib/python3.10/site-packages/torch/fx/passes/dialect/__pycache__/__init__.cpython-310.pyc
   from /tmp/pip-uninstall-30rrqvv5/fx/passes/dialect/__pycache__/__init__.cpython-310.pyc
  Moving to /share/home/yuan/.conda/envs/mi_torch_cu118/lib/python3.10/site-packages/torch/fx/passes/dialect/common/__init__.py
   from /tmp/pip-uninstall-30rrqvv5/fx/passes/dialect/common/__init__.py
  Moving to /share/home/yuan/.conda/envs/mi_torch_cu118/lib/python3.10/site-packages/torch/fx/passes/dialect/common/__pycache__/__init__.cpython-310.pyc
   from /tmp/pip-uninstall-30rrqvv5/fx/passes/dialect/common/__pycache__/__init__.cpython-310.pyc
  Moving to /share/home/yuan/.conda/envs/mi_torch_cu118/lib/python3.10/site-packages/torch/fx/passes/dialect/common/__pycache__/cse_pass.cpython-310.pyc
   from /tmp/pip-uninstall-30rrqvv5/fx/passes/dialect/common/__pycache__/cse_pass.cpython-310.pyc
  Moving to /share/home/yuan/.conda/envs/mi_torch_cu118/lib/python3.10/site-packages/torch/fx/passes/dialect/common/cse_pass.py
   from /tmp/pip-uninstall-30rrqvv5/fx/passes/dialect/common/cse_pass.py
  Moving to /share/home/yuan/.conda/envs/mi_torch_cu118/lib/python3.10/site-packages/torch/fx/passes/fake_tensor_prop.py
   from /tmp/pip-uninstall-30rrqvv5/fx/passes/fake_tensor_prop.py
  Moving to /share/home/yuan/.conda/envs/mi_torch_cu118/lib/python3.10/site-packages/torch/fx/passes/graph_drawer.py
   from /tmp/pip-uninstall-30rrqvv5/fx/passes/graph_drawer.py
  Moving to /share/home/yuan/.conda/envs/mi_torch_cu118/lib/python3.10/site-packages/torch/fx/passes/graph_manipulation.py
   from /tmp/pip-uninstall-30rrqvv5/fx/passes/graph_manipulation.py
  Moving to /share/home/yuan/.conda/envs/mi_torch_cu118/lib/python3.10/site-packages/torch/fx/passes/graph_transform_observer.py
   from /tmp/pip-uninstall-30rrqvv5/fx/passes/graph_transform_observer.py
  Moving to /share/home/yuan/.conda/envs/mi_torch_cu118/lib/python3.10/site-packages/torch/fx/passes/infra/__init__.py
   from /tmp/pip-uninstall-30rrqvv5/fx/passes/infra/__init__.py
  Moving to /share/home/yuan/.conda/envs/mi_torch_cu118/lib/python3.10/site-packages/torch/fx/passes/infra/__pycache__/__init__.cpython-310.pyc
   from /tmp/pip-uninstall-30rrqvv5/fx/passes/infra/__pycache__/__init__.cpython-310.pyc
  Moving to /share/home/yuan/.conda/envs/mi_torch_cu118/lib/python3.10/site-packages/torch/fx/passes/infra/__pycache__/partitioner.cpython-310.pyc
   from /tmp/pip-uninstall-30rrqvv5/fx/passes/infra/__pycache__/partitioner.cpython-310.pyc
  Moving to /share/home/yuan/.conda/envs/mi_torch_cu118/lib/python3.10/site-packages/torch/fx/passes/infra/__pycache__/pass_base.cpython-310.pyc
   from /tmp/pip-uninstall-30rrqvv5/fx/passes/infra/__pycache__/pass_base.cpython-310.pyc
  Moving to /share/home/yuan/.conda/envs/mi_torch_cu118/lib/python3.10/site-packages/torch/fx/passes/infra/__pycache__/pass_manager.cpython-310.pyc
   from /tmp/pip-uninstall-30rrqvv5/fx/passes/infra/__pycache__/pass_manager.cpython-310.pyc
  Moving to /share/home/yuan/.conda/envs/mi_torch_cu118/lib/python3.10/site-packages/torch/fx/passes/infra/partitioner.py
   from /tmp/pip-uninstall-30rrqvv5/fx/passes/infra/partitioner.py
  Moving to /share/home/yuan/.conda/envs/mi_torch_cu118/lib/python3.10/site-packages/torch/fx/passes/infra/pass_base.py
   from /tmp/pip-uninstall-30rrqvv5/fx/passes/infra/pass_base.py
  Moving to /share/home/yuan/.conda/envs/mi_torch_cu118/lib/python3.10/site-packages/torch/fx/passes/infra/pass_manager.py
   from /tmp/pip-uninstall-30rrqvv5/fx/passes/infra/pass_manager.py
  Moving to /share/home/yuan/.conda/envs/mi_torch_cu118/lib/python3.10/site-packages/torch/fx/passes/net_min_base.py
   from /tmp/pip-uninstall-30rrqvv5/fx/passes/net_min_base.py
  Moving to /share/home/yuan/.conda/envs/mi_torch_cu118/lib/python3.10/site-packages/torch/fx/passes/operator_support.py
   from /tmp/pip-uninstall-30rrqvv5/fx/passes/operator_support.py
  Moving to /share/home/yuan/.conda/envs/mi_torch_cu118/lib/python3.10/site-packages/torch/fx/passes/param_fetch.py
   from /tmp/pip-uninstall-30rrqvv5/fx/passes/param_fetch.py
  Moving to /share/home/yuan/.conda/envs/mi_torch_cu118/lib/python3.10/site-packages/torch/fx/passes/pass_manager.py
   from /tmp/pip-uninstall-30rrqvv5/fx/passes/pass_manager.py
  Moving to /share/home/yuan/.conda/envs/mi_torch_cu118/lib/python3.10/site-packages/torch/fx/passes/reinplace.py
   from /tmp/pip-uninstall-30rrqvv5/fx/passes/reinplace.py
  Moving to /share/home/yuan/.conda/envs/mi_torch_cu118/lib/python3.10/site-packages/torch/fx/passes/runtime_assert.py
   from /tmp/pip-uninstall-30rrqvv5/fx/passes/runtime_assert.py
  Moving to /share/home/yuan/.conda/envs/mi_torch_cu118/lib/python3.10/site-packages/torch/fx/passes/shape_prop.py
   from /tmp/pip-uninstall-30rrqvv5/fx/passes/shape_prop.py
  Moving to /share/home/yuan/.conda/envs/mi_torch_cu118/lib/python3.10/site-packages/torch/fx/passes/split_module.py
   from /tmp/pip-uninstall-30rrqvv5/fx/passes/split_module.py
  Moving to /share/home/yuan/.conda/envs/mi_torch_cu118/lib/python3.10/site-packages/torch/fx/passes/split_utils.py
   from /tmp/pip-uninstall-30rrqvv5/fx/passes/split_utils.py
  Moving to /share/home/yuan/.conda/envs/mi_torch_cu118/lib/python3.10/site-packages/torch/fx/passes/splitter_base.py
   from /tmp/pip-uninstall-30rrqvv5/fx/passes/splitter_base.py
  Moving to /share/home/yuan/.conda/envs/mi_torch_cu118/lib/python3.10/site-packages/torch/fx/passes/tests/__init__.py
   from /tmp/pip-uninstall-30rrqvv5/fx/passes/tests/__init__.py
  Moving to /share/home/yuan/.conda/envs/mi_torch_cu118/lib/python3.10/site-packages/torch/fx/passes/tests/__pycache__/__init__.cpython-310.pyc
   from /tmp/pip-uninstall-30rrqvv5/fx/passes/tests/__pycache__/__init__.cpython-310.pyc
  Moving to /share/home/yuan/.conda/envs/mi_torch_cu118/lib/python3.10/site-packages/torch/fx/passes/tests/__pycache__/test_pass_manager.cpython-310.pyc
   from /tmp/pip-uninstall-30rrqvv5/fx/passes/tests/__pycache__/test_pass_manager.cpython-310.pyc
  Moving to /share/home/yuan/.conda/envs/mi_torch_cu118/lib/python3.10/site-packages/torch/fx/passes/tests/test_pass_manager.py
   from /tmp/pip-uninstall-30rrqvv5/fx/passes/tests/test_pass_manager.py
  Moving to /share/home/yuan/.conda/envs/mi_torch_cu118/lib/python3.10/site-packages/torch/fx/passes/tools_common.py
   from /tmp/pip-uninstall-30rrqvv5/fx/passes/tools_common.py
  Moving to /share/home/yuan/.conda/envs/mi_torch_cu118/lib/python3.10/site-packages/torch/fx/passes/utils/__init__.py
   from /tmp/pip-uninstall-30rrqvv5/fx/passes/utils/__init__.py
  Moving to /share/home/yuan/.conda/envs/mi_torch_cu118/lib/python3.10/site-packages/torch/fx/passes/utils/__pycache__/__init__.cpython-310.pyc
   from /tmp/pip-uninstall-30rrqvv5/fx/passes/utils/__pycache__/__init__.cpython-310.pyc
  Moving to /share/home/yuan/.conda/envs/mi_torch_cu118/lib/python3.10/site-packages/torch/fx/passes/utils/__pycache__/common.cpython-310.pyc
   from /tmp/pip-uninstall-30rrqvv5/fx/passes/utils/__pycache__/common.cpython-310.pyc
  Moving to /share/home/yuan/.conda/envs/mi_torch_cu118/lib/python3.10/site-packages/torch/fx/passes/utils/__pycache__/fuser_utils.cpython-310.pyc
   from /tmp/pip-uninstall-30rrqvv5/fx/passes/utils/__pycache__/fuser_utils.cpython-310.pyc
  Moving to /share/home/yuan/.conda/envs/mi_torch_cu118/lib/python3.10/site-packages/torch/fx/passes/utils/__pycache__/matcher_utils.cpython-310.pyc
   from /tmp/pip-uninstall-30rrqvv5/fx/passes/utils/__pycache__/matcher_utils.cpython-310.pyc
  Moving to /share/home/yuan/.conda/envs/mi_torch_cu118/lib/python3.10/site-packages/torch/fx/passes/utils/__pycache__/matcher_with_name_node_map_utils.cpython-310.pyc
   from /tmp/pip-uninstall-30rrqvv5/fx/passes/utils/__pycache__/matcher_with_name_node_map_utils.cpython-310.pyc
  Moving to /share/home/yuan/.conda/envs/mi_torch_cu118/lib/python3.10/site-packages/torch/fx/passes/utils/__pycache__/source_matcher_utils.cpython-310.pyc
   from /tmp/pip-uninstall-30rrqvv5/fx/passes/utils/__pycache__/source_matcher_utils.cpython-310.pyc
  Moving to /share/home/yuan/.conda/envs/mi_torch_cu118/lib/python3.10/site-packages/torch/fx/passes/utils/common.py
   from /tmp/pip-uninstall-30rrqvv5/fx/passes/utils/common.py
  Moving to /share/home/yuan/.conda/envs/mi_torch_cu118/lib/python3.10/site-packages/torch/fx/passes/utils/fuser_utils.py
   from /tmp/pip-uninstall-30rrqvv5/fx/passes/utils/fuser_utils.py
  Moving to /share/home/yuan/.conda/envs/mi_torch_cu118/lib/python3.10/site-packages/torch/fx/passes/utils/matcher_utils.py
   from /tmp/pip-uninstall-30rrqvv5/fx/passes/utils/matcher_utils.py
  Moving to /share/home/yuan/.conda/envs/mi_torch_cu118/lib/python3.10/site-packages/torch/fx/passes/utils/matcher_with_name_node_map_utils.py
   from /tmp/pip-uninstall-30rrqvv5/fx/passes/utils/matcher_with_name_node_map_utils.py
  Moving to /share/home/yuan/.conda/envs/mi_torch_cu118/lib/python3.10/site-packages/torch/fx/passes/utils/source_matcher_utils.py
   from /tmp/pip-uninstall-30rrqvv5/fx/passes/utils/source_matcher_utils.py
  Moving to /share/home/yuan/.conda/envs/mi_torch_cu118/lib/python3.10/site-packages/torch/fx/proxy.py
   from /tmp/pip-uninstall-30rrqvv5/fx/proxy.py
  Moving to /share/home/yuan/.conda/envs/mi_torch_cu118/lib/python3.10/site-packages/torch/fx/subgraph_rewriter.py
   from /tmp/pip-uninstall-30rrqvv5/fx/subgraph_rewriter.py
  Moving to /share/home/yuan/.conda/envs/mi_torch_cu118/lib/python3.10/site-packages/torch/fx/tensor_type.py
   from /tmp/pip-uninstall-30rrqvv5/fx/tensor_type.py
  Moving to /share/home/yuan/.conda/envs/mi_torch_cu118/lib/python3.10/site-packages/torch/fx/traceback.py
   from /tmp/pip-uninstall-30rrqvv5/fx/traceback.py
  Moving to /share/home/yuan/.conda/envs/mi_torch_cu118/lib/python3.10/site-packages/torch/hub.py
   from /tmp/pip-uninstall-30rrqvv5/hub.py
  Moving to /share/home/yuan/.conda/envs/mi_torch_cu118/lib/python3.10/site-packages/torch/include/clog.h
   from /tmp/pip-uninstall-30rrqvv5/include/clog.h
  Moving to /share/home/yuan/.conda/envs/mi_torch_cu118/lib/python3.10/site-packages/torch/include/cpuinfo.h
   from /tmp/pip-uninstall-30rrqvv5/include/cpuinfo.h
  Moving to /share/home/yuan/.conda/envs/mi_torch_cu118/lib/python3.10/site-packages/torch/include/dnnl.h
   from /tmp/pip-uninstall-30rrqvv5/include/dnnl.h
  Moving to /share/home/yuan/.conda/envs/mi_torch_cu118/lib/python3.10/site-packages/torch/include/dnnl_config.h
   from /tmp/pip-uninstall-30rrqvv5/include/dnnl_config.h
  Moving to /share/home/yuan/.conda/envs/mi_torch_cu118/lib/python3.10/site-packages/torch/include/dnnl_debug.h
   from /tmp/pip-uninstall-30rrqvv5/include/dnnl_debug.h
  Moving to /share/home/yuan/.conda/envs/mi_torch_cu118/lib/python3.10/site-packages/torch/include/dnnl_ocl.h
   from /tmp/pip-uninstall-30rrqvv5/include/dnnl_ocl.h
  Moving to /share/home/yuan/.conda/envs/mi_torch_cu118/lib/python3.10/site-packages/torch/include/dnnl_sycl.h
   from /tmp/pip-uninstall-30rrqvv5/include/dnnl_sycl.h
  Moving to /share/home/yuan/.conda/envs/mi_torch_cu118/lib/python3.10/site-packages/torch/include/dnnl_sycl_types.h
   from /tmp/pip-uninstall-30rrqvv5/include/dnnl_sycl_types.h
  Moving to /share/home/yuan/.conda/envs/mi_torch_cu118/lib/python3.10/site-packages/torch/include/dnnl_threadpool.h
   from /tmp/pip-uninstall-30rrqvv5/include/dnnl_threadpool.h
  Moving to /share/home/yuan/.conda/envs/mi_torch_cu118/lib/python3.10/site-packages/torch/include/dnnl_types.h
   from /tmp/pip-uninstall-30rrqvv5/include/dnnl_types.h
  Moving to /share/home/yuan/.conda/envs/mi_torch_cu118/lib/python3.10/site-packages/torch/include/dnnl_version.h
   from /tmp/pip-uninstall-30rrqvv5/include/dnnl_version.h
  Moving to /share/home/yuan/.conda/envs/mi_torch_cu118/lib/python3.10/site-packages/torch/include/experiments-config.h
   from /tmp/pip-uninstall-30rrqvv5/include/experiments-config.h
  Moving to /share/home/yuan/.conda/envs/mi_torch_cu118/lib/python3.10/site-packages/torch/include/fp16.h
   from /tmp/pip-uninstall-30rrqvv5/include/fp16.h
  Moving to /share/home/yuan/.conda/envs/mi_torch_cu118/lib/python3.10/site-packages/torch/include/fxdiv.h
   from /tmp/pip-uninstall-30rrqvv5/include/fxdiv.h
  Moving to /share/home/yuan/.conda/envs/mi_torch_cu118/lib/python3.10/site-packages/torch/include/libshm.h
   from /tmp/pip-uninstall-30rrqvv5/include/libshm.h
  Moving to /share/home/yuan/.conda/envs/mi_torch_cu118/lib/python3.10/site-packages/torch/include/nnpack.h
   from /tmp/pip-uninstall-30rrqvv5/include/nnpack.h
  Moving to /share/home/yuan/.conda/envs/mi_torch_cu118/lib/python3.10/site-packages/torch/include/psimd.h
   from /tmp/pip-uninstall-30rrqvv5/include/psimd.h
  Moving to /share/home/yuan/.conda/envs/mi_torch_cu118/lib/python3.10/site-packages/torch/include/pthreadpool.h
   from /tmp/pip-uninstall-30rrqvv5/include/pthreadpool.h
  Moving to /share/home/yuan/.conda/envs/mi_torch_cu118/lib/python3.10/site-packages/torch/include/qnnpack_func.h
   from /tmp/pip-uninstall-30rrqvv5/include/qnnpack_func.h
  Moving to /share/home/yuan/.conda/envs/mi_torch_cu118/lib/python3.10/site-packages/torch/include/xnnpack.h
   from /tmp/pip-uninstall-30rrqvv5/include/xnnpack.h
  Moving to /share/home/yuan/.conda/envs/mi_torch_cu118/lib/python3.10/site-packages/torch/jit/__init__.py
   from /tmp/pip-uninstall-30rrqvv5/jit/__init__.py
  Moving to /share/home/yuan/.conda/envs/mi_torch_cu118/lib/python3.10/site-packages/torch/jit/__pycache__/__init__.cpython-310.pyc
   from /tmp/pip-uninstall-30rrqvv5/jit/__pycache__/__init__.cpython-310.pyc
  Moving to /share/home/yuan/.conda/envs/mi_torch_cu118/lib/python3.10/site-packages/torch/jit/__pycache__/_async.cpython-310.pyc
   from /tmp/pip-uninstall-30rrqvv5/jit/__pycache__/_async.cpython-310.pyc
  Moving to /share/home/yuan/.conda/envs/mi_torch_cu118/lib/python3.10/site-packages/torch/jit/__pycache__/_await.cpython-310.pyc
   from /tmp/pip-uninstall-30rrqvv5/jit/__pycache__/_await.cpython-310.pyc
  Moving to /share/home/yuan/.conda/envs/mi_torch_cu118/lib/python3.10/site-packages/torch/jit/__pycache__/_builtins.cpython-310.pyc
   from /tmp/pip-uninstall-30rrqvv5/jit/__pycache__/_builtins.cpython-310.pyc
  Moving to /share/home/yuan/.conda/envs/mi_torch_cu118/lib/python3.10/site-packages/torch/jit/__pycache__/_check.cpython-310.pyc
   from /tmp/pip-uninstall-30rrqvv5/jit/__pycache__/_check.cpython-310.pyc
  Moving to /share/home/yuan/.conda/envs/mi_torch_cu118/lib/python3.10/site-packages/torch/jit/__pycache__/_dataclass_impls.cpython-310.pyc
   from /tmp/pip-uninstall-30rrqvv5/jit/__pycache__/_dataclass_impls.cpython-310.pyc
  Moving to /share/home/yuan/.conda/envs/mi_torch_cu118/lib/python3.10/site-packages/torch/jit/__pycache__/_decomposition_utils.cpython-310.pyc
   from /tmp/pip-uninstall-30rrqvv5/jit/__pycache__/_decomposition_utils.cpython-310.pyc
  Moving to /share/home/yuan/.conda/envs/mi_torch_cu118/lib/python3.10/site-packages/torch/jit/__pycache__/_decompositions.cpython-310.pyc
   from /tmp/pip-uninstall-30rrqvv5/jit/__pycache__/_decompositions.cpython-310.pyc
  Moving to /share/home/yuan/.conda/envs/mi_torch_cu118/lib/python3.10/site-packages/torch/jit/__pycache__/_freeze.cpython-310.pyc
   from /tmp/pip-uninstall-30rrqvv5/jit/__pycache__/_freeze.cpython-310.pyc
  Moving to /share/home/yuan/.conda/envs/mi_torch_cu118/lib/python3.10/site-packages/torch/jit/__pycache__/_fuser.cpython-310.pyc
   from /tmp/pip-uninstall-30rrqvv5/jit/__pycache__/_fuser.cpython-310.pyc
  Moving to /share/home/yuan/.conda/envs/mi_torch_cu118/lib/python3.10/site-packages/torch/jit/__pycache__/_ir_utils.cpython-310.pyc
   from /tmp/pip-uninstall-30rrqvv5/jit/__pycache__/_ir_utils.cpython-310.pyc
  Moving to /share/home/yuan/.conda/envs/mi_torch_cu118/lib/python3.10/site-packages/torch/jit/__pycache__/_logging.cpython-310.pyc
   from /tmp/pip-uninstall-30rrqvv5/jit/__pycache__/_logging.cpython-310.pyc
  Moving to /share/home/yuan/.conda/envs/mi_torch_cu118/lib/python3.10/site-packages/torch/jit/__pycache__/_monkeytype_config.cpython-310.pyc
   from /tmp/pip-uninstall-30rrqvv5/jit/__pycache__/_monkeytype_config.cpython-310.pyc
  Moving to /share/home/yuan/.conda/envs/mi_torch_cu118/lib/python3.10/site-packages/torch/jit/__pycache__/_pickle.cpython-310.pyc
   from /tmp/pip-uninstall-30rrqvv5/jit/__pycache__/_pickle.cpython-310.pyc
  Moving to /share/home/yuan/.conda/envs/mi_torch_cu118/lib/python3.10/site-packages/torch/jit/__pycache__/_recursive.cpython-310.pyc
   from /tmp/pip-uninstall-30rrqvv5/jit/__pycache__/_recursive.cpython-310.pyc
  Moving to /share/home/yuan/.conda/envs/mi_torch_cu118/lib/python3.10/site-packages/torch/jit/__pycache__/_script.cpython-310.pyc
   from /tmp/pip-uninstall-30rrqvv5/jit/__pycache__/_script.cpython-310.pyc
  Moving to /share/home/yuan/.conda/envs/mi_torch_cu118/lib/python3.10/site-packages/torch/jit/__pycache__/_serialization.cpython-310.pyc
   from /tmp/pip-uninstall-30rrqvv5/jit/__pycache__/_serialization.cpython-310.pyc
  Moving to /share/home/yuan/.conda/envs/mi_torch_cu118/lib/python3.10/site-packages/torch/jit/__pycache__/_shape_functions.cpython-310.pyc
   from /tmp/pip-uninstall-30rrqvv5/jit/__pycache__/_shape_functions.cpython-310.pyc
  Moving to /share/home/yuan/.conda/envs/mi_torch_cu118/lib/python3.10/site-packages/torch/jit/__pycache__/_state.cpython-310.pyc
   from /tmp/pip-uninstall-30rrqvv5/jit/__pycache__/_state.cpython-310.pyc
  Moving to /share/home/yuan/.conda/envs/mi_torch_cu118/lib/python3.10/site-packages/torch/jit/__pycache__/_trace.cpython-310.pyc
   from /tmp/pip-uninstall-30rrqvv5/jit/__pycache__/_trace.cpython-310.pyc
  Moving to /share/home/yuan/.conda/envs/mi_torch_cu118/lib/python3.10/site-packages/torch/jit/__pycache__/annotations.cpython-310.pyc
   from /tmp/pip-uninstall-30rrqvv5/jit/__pycache__/annotations.cpython-310.pyc
  Moving to /share/home/yuan/.conda/envs/mi_torch_cu118/lib/python3.10/site-packages/torch/jit/__pycache__/frontend.cpython-310.pyc
   from /tmp/pip-uninstall-30rrqvv5/jit/__pycache__/frontend.cpython-310.pyc
  Moving to /share/home/yuan/.conda/envs/mi_torch_cu118/lib/python3.10/site-packages/torch/jit/__pycache__/generate_bytecode.cpython-310.pyc
   from /tmp/pip-uninstall-30rrqvv5/jit/__pycache__/generate_bytecode.cpython-310.pyc
  Moving to /share/home/yuan/.conda/envs/mi_torch_cu118/lib/python3.10/site-packages/torch/jit/__pycache__/quantized.cpython-310.pyc
   from /tmp/pip-uninstall-30rrqvv5/jit/__pycache__/quantized.cpython-310.pyc
  Moving to /share/home/yuan/.conda/envs/mi_torch_cu118/lib/python3.10/site-packages/torch/jit/__pycache__/supported_ops.cpython-310.pyc
   from /tmp/pip-uninstall-30rrqvv5/jit/__pycache__/supported_ops.cpython-310.pyc
  Moving to /share/home/yuan/.conda/envs/mi_torch_cu118/lib/python3.10/site-packages/torch/jit/__pycache__/unsupported_tensor_ops.cpython-310.pyc
   from /tmp/pip-uninstall-30rrqvv5/jit/__pycache__/unsupported_tensor_ops.cpython-310.pyc
  Moving to /share/home/yuan/.conda/envs/mi_torch_cu118/lib/python3.10/site-packages/torch/jit/_async.py
   from /tmp/pip-uninstall-30rrqvv5/jit/_async.py
  Moving to /share/home/yuan/.conda/envs/mi_torch_cu118/lib/python3.10/site-packages/torch/jit/_await.py
   from /tmp/pip-uninstall-30rrqvv5/jit/_await.py
  Moving to /share/home/yuan/.conda/envs/mi_torch_cu118/lib/python3.10/site-packages/torch/jit/_builtins.py
   from /tmp/pip-uninstall-30rrqvv5/jit/_builtins.py
  Moving to /share/home/yuan/.conda/envs/mi_torch_cu118/lib/python3.10/site-packages/torch/jit/_check.py
   from /tmp/pip-uninstall-30rrqvv5/jit/_check.py
  Moving to /share/home/yuan/.conda/envs/mi_torch_cu118/lib/python3.10/site-packages/torch/jit/_dataclass_impls.py
   from /tmp/pip-uninstall-30rrqvv5/jit/_dataclass_impls.py
  Moving to /share/home/yuan/.conda/envs/mi_torch_cu118/lib/python3.10/site-packages/torch/jit/_decomposition_utils.py
   from /tmp/pip-uninstall-30rrqvv5/jit/_decomposition_utils.py
  Moving to /share/home/yuan/.conda/envs/mi_torch_cu118/lib/python3.10/site-packages/torch/jit/_decompositions.py
   from /tmp/pip-uninstall-30rrqvv5/jit/_decompositions.py
  Moving to /share/home/yuan/.conda/envs/mi_torch_cu118/lib/python3.10/site-packages/torch/jit/_freeze.py
   from /tmp/pip-uninstall-30rrqvv5/jit/_freeze.py
  Moving to /share/home/yuan/.conda/envs/mi_torch_cu118/lib/python3.10/site-packages/torch/jit/_fuser.py
   from /tmp/pip-uninstall-30rrqvv5/jit/_fuser.py
  Moving to /share/home/yuan/.conda/envs/mi_torch_cu118/lib/python3.10/site-packages/torch/jit/_ir_utils.py
   from /tmp/pip-uninstall-30rrqvv5/jit/_ir_utils.py
  Moving to /share/home/yuan/.conda/envs/mi_torch_cu118/lib/python3.10/site-packages/torch/jit/_logging.py
   from /tmp/pip-uninstall-30rrqvv5/jit/_logging.py
  Moving to /share/home/yuan/.conda/envs/mi_torch_cu118/lib/python3.10/site-packages/torch/jit/_monkeytype_config.py
   from /tmp/pip-uninstall-30rrqvv5/jit/_monkeytype_config.py
  Moving to /share/home/yuan/.conda/envs/mi_torch_cu118/lib/python3.10/site-packages/torch/jit/_passes/__init__.py
   from /tmp/pip-uninstall-30rrqvv5/jit/_passes/__init__.py
  Moving to /share/home/yuan/.conda/envs/mi_torch_cu118/lib/python3.10/site-packages/torch/jit/_passes/__pycache__/__init__.cpython-310.pyc
   from /tmp/pip-uninstall-30rrqvv5/jit/_passes/__pycache__/__init__.cpython-310.pyc
  Moving to /share/home/yuan/.conda/envs/mi_torch_cu118/lib/python3.10/site-packages/torch/jit/_passes/__pycache__/_property_propagation.cpython-310.pyc
   from /tmp/pip-uninstall-30rrqvv5/jit/_passes/__pycache__/_property_propagation.cpython-310.pyc
  Moving to /share/home/yuan/.conda/envs/mi_torch_cu118/lib/python3.10/site-packages/torch/jit/_passes/_property_propagation.py
   from /tmp/pip-uninstall-30rrqvv5/jit/_passes/_property_propagation.py
  Moving to /share/home/yuan/.conda/envs/mi_torch_cu118/lib/python3.10/site-packages/torch/jit/_pickle.py
   from /tmp/pip-uninstall-30rrqvv5/jit/_pickle.py
  Moving to /share/home/yuan/.conda/envs/mi_torch_cu118/lib/python3.10/site-packages/torch/jit/_recursive.py
   from /tmp/pip-uninstall-30rrqvv5/jit/_recursive.py
  Moving to /share/home/yuan/.conda/envs/mi_torch_cu118/lib/python3.10/site-packages/torch/jit/_script.py
   from /tmp/pip-uninstall-30rrqvv5/jit/_script.py
  Moving to /share/home/yuan/.conda/envs/mi_torch_cu118/lib/python3.10/site-packages/torch/jit/_script.pyi
   from /tmp/pip-uninstall-30rrqvv5/jit/_script.pyi
  Moving to /share/home/yuan/.conda/envs/mi_torch_cu118/lib/python3.10/site-packages/torch/jit/_serialization.py
   from /tmp/pip-uninstall-30rrqvv5/jit/_serialization.py
  Moving to /share/home/yuan/.conda/envs/mi_torch_cu118/lib/python3.10/site-packages/torch/jit/_shape_functions.py
   from /tmp/pip-uninstall-30rrqvv5/jit/_shape_functions.py
  Moving to /share/home/yuan/.conda/envs/mi_torch_cu118/lib/python3.10/site-packages/torch/jit/_state.py
   from /tmp/pip-uninstall-30rrqvv5/jit/_state.py
  Moving to /share/home/yuan/.conda/envs/mi_torch_cu118/lib/python3.10/site-packages/torch/jit/_trace.py
   from /tmp/pip-uninstall-30rrqvv5/jit/_trace.py
  Moving to /share/home/yuan/.conda/envs/mi_torch_cu118/lib/python3.10/site-packages/torch/jit/annotations.py
   from /tmp/pip-uninstall-30rrqvv5/jit/annotations.py
  Moving to /share/home/yuan/.conda/envs/mi_torch_cu118/lib/python3.10/site-packages/torch/jit/frontend.py
   from /tmp/pip-uninstall-30rrqvv5/jit/frontend.py
  Moving to /share/home/yuan/.conda/envs/mi_torch_cu118/lib/python3.10/site-packages/torch/jit/generate_bytecode.py
   from /tmp/pip-uninstall-30rrqvv5/jit/generate_bytecode.py
  Moving to /share/home/yuan/.conda/envs/mi_torch_cu118/lib/python3.10/site-packages/torch/jit/mobile/__init__.py
   from /tmp/pip-uninstall-30rrqvv5/jit/mobile/__init__.py
  Moving to /share/home/yuan/.conda/envs/mi_torch_cu118/lib/python3.10/site-packages/torch/jit/mobile/__pycache__/__init__.cpython-310.pyc
   from /tmp/pip-uninstall-30rrqvv5/jit/mobile/__pycache__/__init__.cpython-310.pyc
  Moving to /share/home/yuan/.conda/envs/mi_torch_cu118/lib/python3.10/site-packages/torch/jit/quantized.py
   from /tmp/pip-uninstall-30rrqvv5/jit/quantized.py
  Moving to /share/home/yuan/.conda/envs/mi_torch_cu118/lib/python3.10/site-packages/torch/jit/supported_ops.py
   from /tmp/pip-uninstall-30rrqvv5/jit/supported_ops.py
  Moving to /share/home/yuan/.conda/envs/mi_torch_cu118/lib/python3.10/site-packages/torch/jit/unsupported_tensor_ops.py
   from /tmp/pip-uninstall-30rrqvv5/jit/unsupported_tensor_ops.py
  Moving to /share/home/yuan/.conda/envs/mi_torch_cu118/lib/python3.10/site-packages/torch/lib/libc10.so
   from /tmp/pip-uninstall-30rrqvv5/lib/libc10.so
  Moving to /share/home/yuan/.conda/envs/mi_torch_cu118/lib/python3.10/site-packages/torch/lib/libshm.so
   from /tmp/pip-uninstall-30rrqvv5/lib/libshm.so
  Moving to /share/home/yuan/.conda/envs/mi_torch_cu118/lib/python3.10/site-packages/torch/lib/libtorch.so
   from /tmp/pip-uninstall-30rrqvv5/lib/libtorch.so
  Moving to /share/home/yuan/.conda/envs/mi_torch_cu118/lib/python3.10/site-packages/torch/lib/libtorch_cpu.so
   from /tmp/pip-uninstall-30rrqvv5/lib/libtorch_cpu.so
  Moving to /share/home/yuan/.conda/envs/mi_torch_cu118/lib/python3.10/site-packages/torch/lib/libtorch_global_deps.so
   from /tmp/pip-uninstall-30rrqvv5/lib/libtorch_global_deps.so
  Moving to /share/home/yuan/.conda/envs/mi_torch_cu118/lib/python3.10/site-packages/torch/lib/libtorch_python.so
   from /tmp/pip-uninstall-30rrqvv5/lib/libtorch_python.so
  Moving to /share/home/yuan/.conda/envs/mi_torch_cu118/lib/python3.10/site-packages/torch/library.py
   from /tmp/pip-uninstall-30rrqvv5/library.py
  Moving to /share/home/yuan/.conda/envs/mi_torch_cu118/lib/python3.10/site-packages/torch/linalg/__init__.py
   from /tmp/pip-uninstall-30rrqvv5/linalg/__init__.py
  Moving to /share/home/yuan/.conda/envs/mi_torch_cu118/lib/python3.10/site-packages/torch/linalg/__pycache__/__init__.cpython-310.pyc
   from /tmp/pip-uninstall-30rrqvv5/linalg/__pycache__/__init__.cpython-310.pyc
  Moving to /share/home/yuan/.conda/envs/mi_torch_cu118/lib/python3.10/site-packages/torch/masked/__init__.py
   from /tmp/pip-uninstall-30rrqvv5/masked/__init__.py
  Moving to /share/home/yuan/.conda/envs/mi_torch_cu118/lib/python3.10/site-packages/torch/masked/__pycache__/__init__.cpython-310.pyc
   from /tmp/pip-uninstall-30rrqvv5/masked/__pycache__/__init__.cpython-310.pyc
  Moving to /share/home/yuan/.conda/envs/mi_torch_cu118/lib/python3.10/site-packages/torch/masked/__pycache__/_docs.cpython-310.pyc
   from /tmp/pip-uninstall-30rrqvv5/masked/__pycache__/_docs.cpython-310.pyc
  Moving to /share/home/yuan/.conda/envs/mi_torch_cu118/lib/python3.10/site-packages/torch/masked/__pycache__/_ops.cpython-310.pyc
   from /tmp/pip-uninstall-30rrqvv5/masked/__pycache__/_ops.cpython-310.pyc
  Moving to /share/home/yuan/.conda/envs/mi_torch_cu118/lib/python3.10/site-packages/torch/masked/_docs.py
   from /tmp/pip-uninstall-30rrqvv5/masked/_docs.py
  Moving to /share/home/yuan/.conda/envs/mi_torch_cu118/lib/python3.10/site-packages/torch/masked/_ops.py
   from /tmp/pip-uninstall-30rrqvv5/masked/_ops.py
  Moving to /share/home/yuan/.conda/envs/mi_torch_cu118/lib/python3.10/site-packages/torch/masked/maskedtensor/__init__.py
   from /tmp/pip-uninstall-30rrqvv5/masked/maskedtensor/__init__.py
  Moving to /share/home/yuan/.conda/envs/mi_torch_cu118/lib/python3.10/site-packages/torch/masked/maskedtensor/__pycache__/__init__.cpython-310.pyc
   from /tmp/pip-uninstall-30rrqvv5/masked/maskedtensor/__pycache__/__init__.cpython-310.pyc
  Moving to /share/home/yuan/.conda/envs/mi_torch_cu118/lib/python3.10/site-packages/torch/masked/maskedtensor/__pycache__/_ops_refs.cpython-310.pyc
   from /tmp/pip-uninstall-30rrqvv5/masked/maskedtensor/__pycache__/_ops_refs.cpython-310.pyc
  Moving to /share/home/yuan/.conda/envs/mi_torch_cu118/lib/python3.10/site-packages/torch/masked/maskedtensor/__pycache__/binary.cpython-310.pyc
   from /tmp/pip-uninstall-30rrqvv5/masked/maskedtensor/__pycache__/binary.cpython-310.pyc
  Moving to /share/home/yuan/.conda/envs/mi_torch_cu118/lib/python3.10/site-packages/torch/masked/maskedtensor/__pycache__/core.cpython-310.pyc
   from /tmp/pip-uninstall-30rrqvv5/masked/maskedtensor/__pycache__/core.cpython-310.pyc
  Moving to /share/home/yuan/.conda/envs/mi_torch_cu118/lib/python3.10/site-packages/torch/masked/maskedtensor/__pycache__/creation.cpython-310.pyc
   from /tmp/pip-uninstall-30rrqvv5/masked/maskedtensor/__pycache__/creation.cpython-310.pyc
  Moving to /share/home/yuan/.conda/envs/mi_torch_cu118/lib/python3.10/site-packages/torch/masked/maskedtensor/__pycache__/passthrough.cpython-310.pyc
   from /tmp/pip-uninstall-30rrqvv5/masked/maskedtensor/__pycache__/passthrough.cpython-310.pyc
  Moving to /share/home/yuan/.conda/envs/mi_torch_cu118/lib/python3.10/site-packages/torch/masked/maskedtensor/__pycache__/reductions.cpython-310.pyc
   from /tmp/pip-uninstall-30rrqvv5/masked/maskedtensor/__pycache__/reductions.cpython-310.pyc
  Moving to /share/home/yuan/.conda/envs/mi_torch_cu118/lib/python3.10/site-packages/torch/masked/maskedtensor/__pycache__/unary.cpython-310.pyc
   from /tmp/pip-uninstall-30rrqvv5/masked/maskedtensor/__pycache__/unary.cpython-310.pyc
  Moving to /share/home/yuan/.conda/envs/mi_torch_cu118/lib/python3.10/site-packages/torch/masked/maskedtensor/_ops_refs.py
   from /tmp/pip-uninstall-30rrqvv5/masked/maskedtensor/_ops_refs.py
  Moving to /share/home/yuan/.conda/envs/mi_torch_cu118/lib/python3.10/site-packages/torch/masked/maskedtensor/binary.py
   from /tmp/pip-uninstall-30rrqvv5/masked/maskedtensor/binary.py
  Moving to /share/home/yuan/.conda/envs/mi_torch_cu118/lib/python3.10/site-packages/torch/masked/maskedtensor/core.py
   from /tmp/pip-uninstall-30rrqvv5/masked/maskedtensor/core.py
  Moving to /share/home/yuan/.conda/envs/mi_torch_cu118/lib/python3.10/site-packages/torch/masked/maskedtensor/creation.py
   from /tmp/pip-uninstall-30rrqvv5/masked/maskedtensor/creation.py
  Moving to /share/home/yuan/.conda/envs/mi_torch_cu118/lib/python3.10/site-packages/torch/masked/maskedtensor/passthrough.py
   from /tmp/pip-uninstall-30rrqvv5/masked/maskedtensor/passthrough.py
  Moving to /share/home/yuan/.conda/envs/mi_torch_cu118/lib/python3.10/site-packages/torch/masked/maskedtensor/reductions.py
   from /tmp/pip-uninstall-30rrqvv5/masked/maskedtensor/reductions.py
  Moving to /share/home/yuan/.conda/envs/mi_torch_cu118/lib/python3.10/site-packages/torch/masked/maskedtensor/unary.py
   from /tmp/pip-uninstall-30rrqvv5/masked/maskedtensor/unary.py
  Moving to /share/home/yuan/.conda/envs/mi_torch_cu118/lib/python3.10/site-packages/torch/monitor/__init__.py
   from /tmp/pip-uninstall-30rrqvv5/monitor/__init__.py
  Moving to /share/home/yuan/.conda/envs/mi_torch_cu118/lib/python3.10/site-packages/torch/monitor/__pycache__/__init__.cpython-310.pyc
   from /tmp/pip-uninstall-30rrqvv5/monitor/__pycache__/__init__.cpython-310.pyc
  Moving to /share/home/yuan/.conda/envs/mi_torch_cu118/lib/python3.10/site-packages/torch/mps/__init__.py
   from /tmp/pip-uninstall-30rrqvv5/mps/__init__.py
  Moving to /share/home/yuan/.conda/envs/mi_torch_cu118/lib/python3.10/site-packages/torch/mps/__pycache__/__init__.cpython-310.pyc
   from /tmp/pip-uninstall-30rrqvv5/mps/__pycache__/__init__.cpython-310.pyc
  Moving to /share/home/yuan/.conda/envs/mi_torch_cu118/lib/python3.10/site-packages/torch/mps/__pycache__/event.cpython-310.pyc
   from /tmp/pip-uninstall-30rrqvv5/mps/__pycache__/event.cpython-310.pyc
  Moving to /share/home/yuan/.conda/envs/mi_torch_cu118/lib/python3.10/site-packages/torch/mps/__pycache__/profiler.cpython-310.pyc
   from /tmp/pip-uninstall-30rrqvv5/mps/__pycache__/profiler.cpython-310.pyc
  Moving to /share/home/yuan/.conda/envs/mi_torch_cu118/lib/python3.10/site-packages/torch/mps/event.py
   from /tmp/pip-uninstall-30rrqvv5/mps/event.py
  Moving to /share/home/yuan/.conda/envs/mi_torch_cu118/lib/python3.10/site-packages/torch/mps/profiler.py
   from /tmp/pip-uninstall-30rrqvv5/mps/profiler.py
  Moving to /share/home/yuan/.conda/envs/mi_torch_cu118/lib/python3.10/site-packages/torch/mtia/__init__.py
   from /tmp/pip-uninstall-30rrqvv5/mtia/__init__.py
  Moving to /share/home/yuan/.conda/envs/mi_torch_cu118/lib/python3.10/site-packages/torch/mtia/__pycache__/__init__.cpython-310.pyc
   from /tmp/pip-uninstall-30rrqvv5/mtia/__pycache__/__init__.cpython-310.pyc
  Moving to /share/home/yuan/.conda/envs/mi_torch_cu118/lib/python3.10/site-packages/torch/mtia/__pycache__/_utils.cpython-310.pyc
   from /tmp/pip-uninstall-30rrqvv5/mtia/__pycache__/_utils.cpython-310.pyc
  Moving to /share/home/yuan/.conda/envs/mi_torch_cu118/lib/python3.10/site-packages/torch/mtia/__pycache__/memory.cpython-310.pyc
   from /tmp/pip-uninstall-30rrqvv5/mtia/__pycache__/memory.cpython-310.pyc
  Moving to /share/home/yuan/.conda/envs/mi_torch_cu118/lib/python3.10/site-packages/torch/mtia/_utils.py
   from /tmp/pip-uninstall-30rrqvv5/mtia/_utils.py
  Moving to /share/home/yuan/.conda/envs/mi_torch_cu118/lib/python3.10/site-packages/torch/mtia/memory.py
   from /tmp/pip-uninstall-30rrqvv5/mtia/memory.py
  Moving to /share/home/yuan/.conda/envs/mi_torch_cu118/lib/python3.10/site-packages/torch/multiprocessing/__init__.py
   from /tmp/pip-uninstall-30rrqvv5/multiprocessing/__init__.py
  Moving to /share/home/yuan/.conda/envs/mi_torch_cu118/lib/python3.10/site-packages/torch/multiprocessing/__pycache__/__init__.cpython-310.pyc
   from /tmp/pip-uninstall-30rrqvv5/multiprocessing/__pycache__/__init__.cpython-310.pyc
  Moving to /share/home/yuan/.conda/envs/mi_torch_cu118/lib/python3.10/site-packages/torch/multiprocessing/__pycache__/_atfork.cpython-310.pyc
   from /tmp/pip-uninstall-30rrqvv5/multiprocessing/__pycache__/_atfork.cpython-310.pyc
  Moving to /share/home/yuan/.conda/envs/mi_torch_cu118/lib/python3.10/site-packages/torch/multiprocessing/__pycache__/pool.cpython-310.pyc
   from /tmp/pip-uninstall-30rrqvv5/multiprocessing/__pycache__/pool.cpython-310.pyc
  Moving to /share/home/yuan/.conda/envs/mi_torch_cu118/lib/python3.10/site-packages/torch/multiprocessing/__pycache__/queue.cpython-310.pyc
   from /tmp/pip-uninstall-30rrqvv5/multiprocessing/__pycache__/queue.cpython-310.pyc
  Moving to /share/home/yuan/.conda/envs/mi_torch_cu118/lib/python3.10/site-packages/torch/multiprocessing/__pycache__/reductions.cpython-310.pyc
   from /tmp/pip-uninstall-30rrqvv5/multiprocessing/__pycache__/reductions.cpython-310.pyc
  Moving to /share/home/yuan/.conda/envs/mi_torch_cu118/lib/python3.10/site-packages/torch/multiprocessing/__pycache__/spawn.cpython-310.pyc
   from /tmp/pip-uninstall-30rrqvv5/multiprocessing/__pycache__/spawn.cpython-310.pyc
  Moving to /share/home/yuan/.conda/envs/mi_torch_cu118/lib/python3.10/site-packages/torch/multiprocessing/_atfork.py
   from /tmp/pip-uninstall-30rrqvv5/multiprocessing/_atfork.py
  Moving to /share/home/yuan/.conda/envs/mi_torch_cu118/lib/python3.10/site-packages/torch/multiprocessing/pool.py
   from /tmp/pip-uninstall-30rrqvv5/multiprocessing/pool.py
  Moving to /share/home/yuan/.conda/envs/mi_torch_cu118/lib/python3.10/site-packages/torch/multiprocessing/queue.py
   from /tmp/pip-uninstall-30rrqvv5/multiprocessing/queue.py
  Moving to /share/home/yuan/.conda/envs/mi_torch_cu118/lib/python3.10/site-packages/torch/multiprocessing/reductions.py
   from /tmp/pip-uninstall-30rrqvv5/multiprocessing/reductions.py
  Moving to /share/home/yuan/.conda/envs/mi_torch_cu118/lib/python3.10/site-packages/torch/multiprocessing/spawn.py
   from /tmp/pip-uninstall-30rrqvv5/multiprocessing/spawn.py
  Moving to /share/home/yuan/.conda/envs/mi_torch_cu118/lib/python3.10/site-packages/torch/nested/__init__.py
   from /tmp/pip-uninstall-30rrqvv5/nested/__init__.py
  Moving to /share/home/yuan/.conda/envs/mi_torch_cu118/lib/python3.10/site-packages/torch/nested/__pycache__/__init__.cpython-310.pyc
   from /tmp/pip-uninstall-30rrqvv5/nested/__pycache__/__init__.cpython-310.pyc
  Moving to /share/home/yuan/.conda/envs/mi_torch_cu118/lib/python3.10/site-packages/torch/nested/_internal/__init__.py
   from /tmp/pip-uninstall-30rrqvv5/nested/_internal/__init__.py
  Moving to /share/home/yuan/.conda/envs/mi_torch_cu118/lib/python3.10/site-packages/torch/nested/_internal/__pycache__/__init__.cpython-310.pyc
   from /tmp/pip-uninstall-30rrqvv5/nested/_internal/__pycache__/__init__.cpython-310.pyc
  Moving to /share/home/yuan/.conda/envs/mi_torch_cu118/lib/python3.10/site-packages/torch/nested/_internal/__pycache__/nested_int.cpython-310.pyc
   from /tmp/pip-uninstall-30rrqvv5/nested/_internal/__pycache__/nested_int.cpython-310.pyc
  Moving to /share/home/yuan/.conda/envs/mi_torch_cu118/lib/python3.10/site-packages/torch/nested/_internal/__pycache__/nested_tensor.cpython-310.pyc
   from /tmp/pip-uninstall-30rrqvv5/nested/_internal/__pycache__/nested_tensor.cpython-310.pyc
  Moving to /share/home/yuan/.conda/envs/mi_torch_cu118/lib/python3.10/site-packages/torch/nested/_internal/__pycache__/ops.cpython-310.pyc
   from /tmp/pip-uninstall-30rrqvv5/nested/_internal/__pycache__/ops.cpython-310.pyc
  Moving to /share/home/yuan/.conda/envs/mi_torch_cu118/lib/python3.10/site-packages/torch/nested/_internal/__pycache__/sdpa.cpython-310.pyc
   from /tmp/pip-uninstall-30rrqvv5/nested/_internal/__pycache__/sdpa.cpython-310.pyc
  Moving to /share/home/yuan/.conda/envs/mi_torch_cu118/lib/python3.10/site-packages/torch/nested/_internal/nested_int.py
   from /tmp/pip-uninstall-30rrqvv5/nested/_internal/nested_int.py
  Moving to /share/home/yuan/.conda/envs/mi_torch_cu118/lib/python3.10/site-packages/torch/nested/_internal/nested_tensor.py
   from /tmp/pip-uninstall-30rrqvv5/nested/_internal/nested_tensor.py
  Moving to /share/home/yuan/.conda/envs/mi_torch_cu118/lib/python3.10/site-packages/torch/nested/_internal/ops.py
   from /tmp/pip-uninstall-30rrqvv5/nested/_internal/ops.py
  Moving to /share/home/yuan/.conda/envs/mi_torch_cu118/lib/python3.10/site-packages/torch/nested/_internal/sdpa.py
   from /tmp/pip-uninstall-30rrqvv5/nested/_internal/sdpa.py
  Moving to /share/home/yuan/.conda/envs/mi_torch_cu118/lib/python3.10/site-packages/torch/nn/__init__.py
   from /tmp/pip-uninstall-30rrqvv5/nn/__init__.py
  Moving to /share/home/yuan/.conda/envs/mi_torch_cu118/lib/python3.10/site-packages/torch/nn/__pycache__/__init__.cpython-310.pyc
   from /tmp/pip-uninstall-30rrqvv5/nn/__pycache__/__init__.cpython-310.pyc
  Moving to /share/home/yuan/.conda/envs/mi_torch_cu118/lib/python3.10/site-packages/torch/nn/__pycache__/_reduction.cpython-310.pyc
   from /tmp/pip-uninstall-30rrqvv5/nn/__pycache__/_reduction.cpython-310.pyc
  Moving to /share/home/yuan/.conda/envs/mi_torch_cu118/lib/python3.10/site-packages/torch/nn/__pycache__/common_types.cpython-310.pyc
   from /tmp/pip-uninstall-30rrqvv5/nn/__pycache__/common_types.cpython-310.pyc
  Moving to /share/home/yuan/.conda/envs/mi_torch_cu118/lib/python3.10/site-packages/torch/nn/__pycache__/cpp.cpython-310.pyc
   from /tmp/pip-uninstall-30rrqvv5/nn/__pycache__/cpp.cpython-310.pyc
  Moving to /share/home/yuan/.conda/envs/mi_torch_cu118/lib/python3.10/site-packages/torch/nn/__pycache__/functional.cpython-310.pyc
   from /tmp/pip-uninstall-30rrqvv5/nn/__pycache__/functional.cpython-310.pyc
  Moving to /share/home/yuan/.conda/envs/mi_torch_cu118/lib/python3.10/site-packages/torch/nn/__pycache__/grad.cpython-310.pyc
   from /tmp/pip-uninstall-30rrqvv5/nn/__pycache__/grad.cpython-310.pyc
  Moving to /share/home/yuan/.conda/envs/mi_torch_cu118/lib/python3.10/site-packages/torch/nn/__pycache__/init.cpython-310.pyc
   from /tmp/pip-uninstall-30rrqvv5/nn/__pycache__/init.cpython-310.pyc
  Moving to /share/home/yuan/.conda/envs/mi_torch_cu118/lib/python3.10/site-packages/torch/nn/__pycache__/parameter.cpython-310.pyc
   from /tmp/pip-uninstall-30rrqvv5/nn/__pycache__/parameter.cpython-310.pyc
  Moving to /share/home/yuan/.conda/envs/mi_torch_cu118/lib/python3.10/site-packages/torch/nn/_reduction.py
   from /tmp/pip-uninstall-30rrqvv5/nn/_reduction.py
  Moving to /share/home/yuan/.conda/envs/mi_torch_cu118/lib/python3.10/site-packages/torch/nn/attention/__init__.py
   from /tmp/pip-uninstall-30rrqvv5/nn/attention/__init__.py
  Moving to /share/home/yuan/.conda/envs/mi_torch_cu118/lib/python3.10/site-packages/torch/nn/attention/__pycache__/__init__.cpython-310.pyc
   from /tmp/pip-uninstall-30rrqvv5/nn/attention/__pycache__/__init__.cpython-310.pyc
  Moving to /share/home/yuan/.conda/envs/mi_torch_cu118/lib/python3.10/site-packages/torch/nn/attention/__pycache__/_utils.cpython-310.pyc
   from /tmp/pip-uninstall-30rrqvv5/nn/attention/__pycache__/_utils.cpython-310.pyc
  Moving to /share/home/yuan/.conda/envs/mi_torch_cu118/lib/python3.10/site-packages/torch/nn/attention/__pycache__/bias.cpython-310.pyc
   from /tmp/pip-uninstall-30rrqvv5/nn/attention/__pycache__/bias.cpython-310.pyc
  Moving to /share/home/yuan/.conda/envs/mi_torch_cu118/lib/python3.10/site-packages/torch/nn/attention/__pycache__/flex_attention.cpython-310.pyc
   from /tmp/pip-uninstall-30rrqvv5/nn/attention/__pycache__/flex_attention.cpython-310.pyc
  Moving to /share/home/yuan/.conda/envs/mi_torch_cu118/lib/python3.10/site-packages/torch/nn/attention/_utils.py
   from /tmp/pip-uninstall-30rrqvv5/nn/attention/_utils.py
  Moving to /share/home/yuan/.conda/envs/mi_torch_cu118/lib/python3.10/site-packages/torch/nn/attention/bias.py
   from /tmp/pip-uninstall-30rrqvv5/nn/attention/bias.py
  Moving to /share/home/yuan/.conda/envs/mi_torch_cu118/lib/python3.10/site-packages/torch/nn/attention/experimental/__init__.py
   from /tmp/pip-uninstall-30rrqvv5/nn/attention/experimental/__init__.py
  Moving to /share/home/yuan/.conda/envs/mi_torch_cu118/lib/python3.10/site-packages/torch/nn/attention/experimental/__pycache__/__init__.cpython-310.pyc
   from /tmp/pip-uninstall-30rrqvv5/nn/attention/experimental/__pycache__/__init__.cpython-310.pyc
  Moving to /share/home/yuan/.conda/envs/mi_torch_cu118/lib/python3.10/site-packages/torch/nn/attention/experimental/__pycache__/_paged_attention.cpython-310.pyc
   from /tmp/pip-uninstall-30rrqvv5/nn/attention/experimental/__pycache__/_paged_attention.cpython-310.pyc
  Moving to /share/home/yuan/.conda/envs/mi_torch_cu118/lib/python3.10/site-packages/torch/nn/attention/experimental/_paged_attention.py
   from /tmp/pip-uninstall-30rrqvv5/nn/attention/experimental/_paged_attention.py
  Moving to /share/home/yuan/.conda/envs/mi_torch_cu118/lib/python3.10/site-packages/torch/nn/attention/flex_attention.py
   from /tmp/pip-uninstall-30rrqvv5/nn/attention/flex_attention.py
  Moving to /share/home/yuan/.conda/envs/mi_torch_cu118/lib/python3.10/site-packages/torch/nn/backends/__init__.py
   from /tmp/pip-uninstall-30rrqvv5/nn/backends/__init__.py
  Moving to /share/home/yuan/.conda/envs/mi_torch_cu118/lib/python3.10/site-packages/torch/nn/backends/__pycache__/__init__.cpython-310.pyc
   from /tmp/pip-uninstall-30rrqvv5/nn/backends/__pycache__/__init__.cpython-310.pyc
  Moving to /share/home/yuan/.conda/envs/mi_torch_cu118/lib/python3.10/site-packages/torch/nn/backends/__pycache__/thnn.cpython-310.pyc
   from /tmp/pip-uninstall-30rrqvv5/nn/backends/__pycache__/thnn.cpython-310.pyc
  Moving to /share/home/yuan/.conda/envs/mi_torch_cu118/lib/python3.10/site-packages/torch/nn/backends/thnn.py
   from /tmp/pip-uninstall-30rrqvv5/nn/backends/thnn.py
  Moving to /share/home/yuan/.conda/envs/mi_torch_cu118/lib/python3.10/site-packages/torch/nn/common_types.py
   from /tmp/pip-uninstall-30rrqvv5/nn/common_types.py
  Moving to /share/home/yuan/.conda/envs/mi_torch_cu118/lib/python3.10/site-packages/torch/nn/cpp.py
   from /tmp/pip-uninstall-30rrqvv5/nn/cpp.py
  Moving to /share/home/yuan/.conda/envs/mi_torch_cu118/lib/python3.10/site-packages/torch/nn/functional.py
   from /tmp/pip-uninstall-30rrqvv5/nn/functional.py
  Moving to /share/home/yuan/.conda/envs/mi_torch_cu118/lib/python3.10/site-packages/torch/nn/functional.pyi
   from /tmp/pip-uninstall-30rrqvv5/nn/functional.pyi
  Moving to /share/home/yuan/.conda/envs/mi_torch_cu118/lib/python3.10/site-packages/torch/nn/grad.py
   from /tmp/pip-uninstall-30rrqvv5/nn/grad.py
  Moving to /share/home/yuan/.conda/envs/mi_torch_cu118/lib/python3.10/site-packages/torch/nn/init.py
   from /tmp/pip-uninstall-30rrqvv5/nn/init.py
  Moving to /share/home/yuan/.conda/envs/mi_torch_cu118/lib/python3.10/site-packages/torch/nn/intrinsic/__init__.py
   from /tmp/pip-uninstall-30rrqvv5/nn/intrinsic/__init__.py
  Moving to /share/home/yuan/.conda/envs/mi_torch_cu118/lib/python3.10/site-packages/torch/nn/intrinsic/__pycache__/__init__.cpython-310.pyc
   from /tmp/pip-uninstall-30rrqvv5/nn/intrinsic/__pycache__/__init__.cpython-310.pyc
  Moving to /share/home/yuan/.conda/envs/mi_torch_cu118/lib/python3.10/site-packages/torch/nn/intrinsic/modules/__init__.py
   from /tmp/pip-uninstall-30rrqvv5/nn/intrinsic/modules/__init__.py
  Moving to /share/home/yuan/.conda/envs/mi_torch_cu118/lib/python3.10/site-packages/torch/nn/intrinsic/modules/__pycache__/__init__.cpython-310.pyc
   from /tmp/pip-uninstall-30rrqvv5/nn/intrinsic/modules/__pycache__/__init__.cpython-310.pyc
  Moving to /share/home/yuan/.conda/envs/mi_torch_cu118/lib/python3.10/site-packages/torch/nn/intrinsic/modules/__pycache__/fused.cpython-310.pyc
   from /tmp/pip-uninstall-30rrqvv5/nn/intrinsic/modules/__pycache__/fused.cpython-310.pyc
  Moving to /share/home/yuan/.conda/envs/mi_torch_cu118/lib/python3.10/site-packages/torch/nn/intrinsic/modules/fused.py
   from /tmp/pip-uninstall-30rrqvv5/nn/intrinsic/modules/fused.py
  Moving to /share/home/yuan/.conda/envs/mi_torch_cu118/lib/python3.10/site-packages/torch/nn/intrinsic/qat/__init__.py
   from /tmp/pip-uninstall-30rrqvv5/nn/intrinsic/qat/__init__.py
  Moving to /share/home/yuan/.conda/envs/mi_torch_cu118/lib/python3.10/site-packages/torch/nn/intrinsic/qat/__pycache__/__init__.cpython-310.pyc
   from /tmp/pip-uninstall-30rrqvv5/nn/intrinsic/qat/__pycache__/__init__.cpython-310.pyc
  Moving to /share/home/yuan/.conda/envs/mi_torch_cu118/lib/python3.10/site-packages/torch/nn/intrinsic/qat/modules/__init__.py
   from /tmp/pip-uninstall-30rrqvv5/nn/intrinsic/qat/modules/__init__.py
  Moving to /share/home/yuan/.conda/envs/mi_torch_cu118/lib/python3.10/site-packages/torch/nn/intrinsic/qat/modules/__pycache__/__init__.cpython-310.pyc
   from /tmp/pip-uninstall-30rrqvv5/nn/intrinsic/qat/modules/__pycache__/__init__.cpython-310.pyc
  Moving to /share/home/yuan/.conda/envs/mi_torch_cu118/lib/python3.10/site-packages/torch/nn/intrinsic/qat/modules/__pycache__/conv_fused.cpython-310.pyc
   from /tmp/pip-uninstall-30rrqvv5/nn/intrinsic/qat/modules/__pycache__/conv_fused.cpython-310.pyc
  Moving to /share/home/yuan/.conda/envs/mi_torch_cu118/lib/python3.10/site-packages/torch/nn/intrinsic/qat/modules/__pycache__/linear_fused.cpython-310.pyc
   from /tmp/pip-uninstall-30rrqvv5/nn/intrinsic/qat/modules/__pycache__/linear_fused.cpython-310.pyc
  Moving to /share/home/yuan/.conda/envs/mi_torch_cu118/lib/python3.10/site-packages/torch/nn/intrinsic/qat/modules/__pycache__/linear_relu.cpython-310.pyc
   from /tmp/pip-uninstall-30rrqvv5/nn/intrinsic/qat/modules/__pycache__/linear_relu.cpython-310.pyc
  Moving to /share/home/yuan/.conda/envs/mi_torch_cu118/lib/python3.10/site-packages/torch/nn/intrinsic/qat/modules/conv_fused.py
   from /tmp/pip-uninstall-30rrqvv5/nn/intrinsic/qat/modules/conv_fused.py
  Moving to /share/home/yuan/.conda/envs/mi_torch_cu118/lib/python3.10/site-packages/torch/nn/intrinsic/qat/modules/linear_fused.py
   from /tmp/pip-uninstall-30rrqvv5/nn/intrinsic/qat/modules/linear_fused.py
  Moving to /share/home/yuan/.conda/envs/mi_torch_cu118/lib/python3.10/site-packages/torch/nn/intrinsic/qat/modules/linear_relu.py
   from /tmp/pip-uninstall-30rrqvv5/nn/intrinsic/qat/modules/linear_relu.py
  Moving to /share/home/yuan/.conda/envs/mi_torch_cu118/lib/python3.10/site-packages/torch/nn/intrinsic/quantized/__init__.py
   from /tmp/pip-uninstall-30rrqvv5/nn/intrinsic/quantized/__init__.py
  Moving to /share/home/yuan/.conda/envs/mi_torch_cu118/lib/python3.10/site-packages/torch/nn/intrinsic/quantized/__pycache__/__init__.cpython-310.pyc
   from /tmp/pip-uninstall-30rrqvv5/nn/intrinsic/quantized/__pycache__/__init__.cpython-310.pyc
  Moving to /share/home/yuan/.conda/envs/mi_torch_cu118/lib/python3.10/site-packages/torch/nn/intrinsic/quantized/dynamic/__init__.py
   from /tmp/pip-uninstall-30rrqvv5/nn/intrinsic/quantized/dynamic/__init__.py
  Moving to /share/home/yuan/.conda/envs/mi_torch_cu118/lib/python3.10/site-packages/torch/nn/intrinsic/quantized/dynamic/__pycache__/__init__.cpython-310.pyc
   from /tmp/pip-uninstall-30rrqvv5/nn/intrinsic/quantized/dynamic/__pycache__/__init__.cpython-310.pyc
  Moving to /share/home/yuan/.conda/envs/mi_torch_cu118/lib/python3.10/site-packages/torch/nn/intrinsic/quantized/dynamic/modules/__init__.py
   from /tmp/pip-uninstall-30rrqvv5/nn/intrinsic/quantized/dynamic/modules/__init__.py
  Moving to /share/home/yuan/.conda/envs/mi_torch_cu118/lib/python3.10/site-packages/torch/nn/intrinsic/quantized/dynamic/modules/__pycache__/__init__.cpython-310.pyc
   from /tmp/pip-uninstall-30rrqvv5/nn/intrinsic/quantized/dynamic/modules/__pycache__/__init__.cpython-310.pyc
  Moving to /share/home/yuan/.conda/envs/mi_torch_cu118/lib/python3.10/site-packages/torch/nn/intrinsic/quantized/dynamic/modules/__pycache__/linear_relu.cpython-310.pyc
   from /tmp/pip-uninstall-30rrqvv5/nn/intrinsic/quantized/dynamic/modules/__pycache__/linear_relu.cpython-310.pyc
  Moving to /share/home/yuan/.conda/envs/mi_torch_cu118/lib/python3.10/site-packages/torch/nn/intrinsic/quantized/dynamic/modules/linear_relu.py
   from /tmp/pip-uninstall-30rrqvv5/nn/intrinsic/quantized/dynamic/modules/linear_relu.py
  Moving to /share/home/yuan/.conda/envs/mi_torch_cu118/lib/python3.10/site-packages/torch/nn/intrinsic/quantized/modules/__init__.py
   from /tmp/pip-uninstall-30rrqvv5/nn/intrinsic/quantized/modules/__init__.py
  Moving to /share/home/yuan/.conda/envs/mi_torch_cu118/lib/python3.10/site-packages/torch/nn/intrinsic/quantized/modules/__pycache__/__init__.cpython-310.pyc
   from /tmp/pip-uninstall-30rrqvv5/nn/intrinsic/quantized/modules/__pycache__/__init__.cpython-310.pyc
  Moving to /share/home/yuan/.conda/envs/mi_torch_cu118/lib/python3.10/site-packages/torch/nn/intrinsic/quantized/modules/__pycache__/bn_relu.cpython-310.pyc
   from /tmp/pip-uninstall-30rrqvv5/nn/intrinsic/quantized/modules/__pycache__/bn_relu.cpython-310.pyc
  Moving to /share/home/yuan/.conda/envs/mi_torch_cu118/lib/python3.10/site-packages/torch/nn/intrinsic/quantized/modules/__pycache__/conv_relu.cpython-310.pyc
   from /tmp/pip-uninstall-30rrqvv5/nn/intrinsic/quantized/modules/__pycache__/conv_relu.cpython-310.pyc
  Moving to /share/home/yuan/.conda/envs/mi_torch_cu118/lib/python3.10/site-packages/torch/nn/intrinsic/quantized/modules/__pycache__/linear_relu.cpython-310.pyc
   from /tmp/pip-uninstall-30rrqvv5/nn/intrinsic/quantized/modules/__pycache__/linear_relu.cpython-310.pyc
  Moving to /share/home/yuan/.conda/envs/mi_torch_cu118/lib/python3.10/site-packages/torch/nn/intrinsic/quantized/modules/bn_relu.py
   from /tmp/pip-uninstall-30rrqvv5/nn/intrinsic/quantized/modules/bn_relu.py
  Moving to /share/home/yuan/.conda/envs/mi_torch_cu118/lib/python3.10/site-packages/torch/nn/intrinsic/quantized/modules/conv_relu.py
   from /tmp/pip-uninstall-30rrqvv5/nn/intrinsic/quantized/modules/conv_relu.py
  Moving to /share/home/yuan/.conda/envs/mi_torch_cu118/lib/python3.10/site-packages/torch/nn/intrinsic/quantized/modules/linear_relu.py
   from /tmp/pip-uninstall-30rrqvv5/nn/intrinsic/quantized/modules/linear_relu.py
  Moving to /share/home/yuan/.conda/envs/mi_torch_cu118/lib/python3.10/site-packages/torch/nn/modules/__init__.py
   from /tmp/pip-uninstall-30rrqvv5/nn/modules/__init__.py
  Moving to /share/home/yuan/.conda/envs/mi_torch_cu118/lib/python3.10/site-packages/torch/nn/modules/__pycache__/__init__.cpython-310.pyc
   from /tmp/pip-uninstall-30rrqvv5/nn/modules/__pycache__/__init__.cpython-310.pyc
  Moving to /share/home/yuan/.conda/envs/mi_torch_cu118/lib/python3.10/site-packages/torch/nn/modules/__pycache__/_functions.cpython-310.pyc
   from /tmp/pip-uninstall-30rrqvv5/nn/modules/__pycache__/_functions.cpython-310.pyc
  Moving to /share/home/yuan/.conda/envs/mi_torch_cu118/lib/python3.10/site-packages/torch/nn/modules/__pycache__/activation.cpython-310.pyc
   from /tmp/pip-uninstall-30rrqvv5/nn/modules/__pycache__/activation.cpython-310.pyc
  Moving to /share/home/yuan/.conda/envs/mi_torch_cu118/lib/python3.10/site-packages/torch/nn/modules/__pycache__/adaptive.cpython-310.pyc
   from /tmp/pip-uninstall-30rrqvv5/nn/modules/__pycache__/adaptive.cpython-310.pyc
  Moving to /share/home/yuan/.conda/envs/mi_torch_cu118/lib/python3.10/site-packages/torch/nn/modules/__pycache__/batchnorm.cpython-310.pyc
   from /tmp/pip-uninstall-30rrqvv5/nn/modules/__pycache__/batchnorm.cpython-310.pyc
  Moving to /share/home/yuan/.conda/envs/mi_torch_cu118/lib/python3.10/site-packages/torch/nn/modules/__pycache__/channelshuffle.cpython-310.pyc
   from /tmp/pip-uninstall-30rrqvv5/nn/modules/__pycache__/channelshuffle.cpython-310.pyc
  Moving to /share/home/yuan/.conda/envs/mi_torch_cu118/lib/python3.10/site-packages/torch/nn/modules/__pycache__/container.cpython-310.pyc
   from /tmp/pip-uninstall-30rrqvv5/nn/modules/__pycache__/container.cpython-310.pyc
  Moving to /share/home/yuan/.conda/envs/mi_torch_cu118/lib/python3.10/site-packages/torch/nn/modules/__pycache__/conv.cpython-310.pyc
   from /tmp/pip-uninstall-30rrqvv5/nn/modules/__pycache__/conv.cpython-310.pyc
  Moving to /share/home/yuan/.conda/envs/mi_torch_cu118/lib/python3.10/site-packages/torch/nn/modules/__pycache__/distance.cpython-310.pyc
   from /tmp/pip-uninstall-30rrqvv5/nn/modules/__pycache__/distance.cpython-310.pyc
  Moving to /share/home/yuan/.conda/envs/mi_torch_cu118/lib/python3.10/site-packages/torch/nn/modules/__pycache__/dropout.cpython-310.pyc
   from /tmp/pip-uninstall-30rrqvv5/nn/modules/__pycache__/dropout.cpython-310.pyc
  Moving to /share/home/yuan/.conda/envs/mi_torch_cu118/lib/python3.10/site-packages/torch/nn/modules/__pycache__/flatten.cpython-310.pyc
   from /tmp/pip-uninstall-30rrqvv5/nn/modules/__pycache__/flatten.cpython-310.pyc
  Moving to /share/home/yuan/.conda/envs/mi_torch_cu118/lib/python3.10/site-packages/torch/nn/modules/__pycache__/fold.cpython-310.pyc
   from /tmp/pip-uninstall-30rrqvv5/nn/modules/__pycache__/fold.cpython-310.pyc
  Moving to /share/home/yuan/.conda/envs/mi_torch_cu118/lib/python3.10/site-packages/torch/nn/modules/__pycache__/instancenorm.cpython-310.pyc
   from /tmp/pip-uninstall-30rrqvv5/nn/modules/__pycache__/instancenorm.cpython-310.pyc
  Moving to /share/home/yuan/.conda/envs/mi_torch_cu118/lib/python3.10/site-packages/torch/nn/modules/__pycache__/lazy.cpython-310.pyc
   from /tmp/pip-uninstall-30rrqvv5/nn/modules/__pycache__/lazy.cpython-310.pyc
  Moving to /share/home/yuan/.conda/envs/mi_torch_cu118/lib/python3.10/site-packages/torch/nn/modules/__pycache__/linear.cpython-310.pyc
   from /tmp/pip-uninstall-30rrqvv5/nn/modules/__pycache__/linear.cpython-310.pyc
  Moving to /share/home/yuan/.conda/envs/mi_torch_cu118/lib/python3.10/site-packages/torch/nn/modules/__pycache__/loss.cpython-310.pyc
   from /tmp/pip-uninstall-30rrqvv5/nn/modules/__pycache__/loss.cpython-310.pyc
  Moving to /share/home/yuan/.conda/envs/mi_torch_cu118/lib/python3.10/site-packages/torch/nn/modules/__pycache__/module.cpython-310.pyc
   from /tmp/pip-uninstall-30rrqvv5/nn/modules/__pycache__/module.cpython-310.pyc
  Moving to /share/home/yuan/.conda/envs/mi_torch_cu118/lib/python3.10/site-packages/torch/nn/modules/__pycache__/normalization.cpython-310.pyc
   from /tmp/pip-uninstall-30rrqvv5/nn/modules/__pycache__/normalization.cpython-310.pyc
  Moving to /share/home/yuan/.conda/envs/mi_torch_cu118/lib/python3.10/site-packages/torch/nn/modules/__pycache__/padding.cpython-310.pyc
   from /tmp/pip-uninstall-30rrqvv5/nn/modules/__pycache__/padding.cpython-310.pyc
  Moving to /share/home/yuan/.conda/envs/mi_torch_cu118/lib/python3.10/site-packages/torch/nn/modules/__pycache__/pixelshuffle.cpython-310.pyc
   from /tmp/pip-uninstall-30rrqvv5/nn/modules/__pycache__/pixelshuffle.cpython-310.pyc
  Moving to /share/home/yuan/.conda/envs/mi_torch_cu118/lib/python3.10/site-packages/torch/nn/modules/__pycache__/pooling.cpython-310.pyc
   from /tmp/pip-uninstall-30rrqvv5/nn/modules/__pycache__/pooling.cpython-310.pyc
  Moving to /share/home/yuan/.conda/envs/mi_torch_cu118/lib/python3.10/site-packages/torch/nn/modules/__pycache__/rnn.cpython-310.pyc
   from /tmp/pip-uninstall-30rrqvv5/nn/modules/__pycache__/rnn.cpython-310.pyc
  Moving to /share/home/yuan/.conda/envs/mi_torch_cu118/lib/python3.10/site-packages/torch/nn/modules/__pycache__/sparse.cpython-310.pyc
   from /tmp/pip-uninstall-30rrqvv5/nn/modules/__pycache__/sparse.cpython-310.pyc
  Moving to /share/home/yuan/.conda/envs/mi_torch_cu118/lib/python3.10/site-packages/torch/nn/modules/__pycache__/transformer.cpython-310.pyc
   from /tmp/pip-uninstall-30rrqvv5/nn/modules/__pycache__/transformer.cpython-310.pyc
  Moving to /share/home/yuan/.conda/envs/mi_torch_cu118/lib/python3.10/site-packages/torch/nn/modules/__pycache__/upsampling.cpython-310.pyc
   from /tmp/pip-uninstall-30rrqvv5/nn/modules/__pycache__/upsampling.cpython-310.pyc
  Moving to /share/home/yuan/.conda/envs/mi_torch_cu118/lib/python3.10/site-packages/torch/nn/modules/__pycache__/utils.cpython-310.pyc
   from /tmp/pip-uninstall-30rrqvv5/nn/modules/__pycache__/utils.cpython-310.pyc
  Moving to /share/home/yuan/.conda/envs/mi_torch_cu118/lib/python3.10/site-packages/torch/nn/modules/_functions.py
   from /tmp/pip-uninstall-30rrqvv5/nn/modules/_functions.py
  Moving to /share/home/yuan/.conda/envs/mi_torch_cu118/lib/python3.10/site-packages/torch/nn/modules/activation.py
   from /tmp/pip-uninstall-30rrqvv5/nn/modules/activation.py
  Moving to /share/home/yuan/.conda/envs/mi_torch_cu118/lib/python3.10/site-packages/torch/nn/modules/adaptive.py
   from /tmp/pip-uninstall-30rrqvv5/nn/modules/adaptive.py
  Moving to /share/home/yuan/.conda/envs/mi_torch_cu118/lib/python3.10/site-packages/torch/nn/modules/batchnorm.py
   from /tmp/pip-uninstall-30rrqvv5/nn/modules/batchnorm.py
  Moving to /share/home/yuan/.conda/envs/mi_torch_cu118/lib/python3.10/site-packages/torch/nn/modules/channelshuffle.py
   from /tmp/pip-uninstall-30rrqvv5/nn/modules/channelshuffle.py
  Moving to /share/home/yuan/.conda/envs/mi_torch_cu118/lib/python3.10/site-packages/torch/nn/modules/container.py
   from /tmp/pip-uninstall-30rrqvv5/nn/modules/container.py
  Moving to /share/home/yuan/.conda/envs/mi_torch_cu118/lib/python3.10/site-packages/torch/nn/modules/conv.py
   from /tmp/pip-uninstall-30rrqvv5/nn/modules/conv.py
  Moving to /share/home/yuan/.conda/envs/mi_torch_cu118/lib/python3.10/site-packages/torch/nn/modules/distance.py
   from /tmp/pip-uninstall-30rrqvv5/nn/modules/distance.py
  Moving to /share/home/yuan/.conda/envs/mi_torch_cu118/lib/python3.10/site-packages/torch/nn/modules/dropout.py
   from /tmp/pip-uninstall-30rrqvv5/nn/modules/dropout.py
  Moving to /share/home/yuan/.conda/envs/mi_torch_cu118/lib/python3.10/site-packages/torch/nn/modules/flatten.py
   from /tmp/pip-uninstall-30rrqvv5/nn/modules/flatten.py
  Moving to /share/home/yuan/.conda/envs/mi_torch_cu118/lib/python3.10/site-packages/torch/nn/modules/fold.py
   from /tmp/pip-uninstall-30rrqvv5/nn/modules/fold.py
  Moving to /share/home/yuan/.conda/envs/mi_torch_cu118/lib/python3.10/site-packages/torch/nn/modules/instancenorm.py
   from /tmp/pip-uninstall-30rrqvv5/nn/modules/instancenorm.py
  Moving to /share/home/yuan/.conda/envs/mi_torch_cu118/lib/python3.10/site-packages/torch/nn/modules/lazy.py
   from /tmp/pip-uninstall-30rrqvv5/nn/modules/lazy.py
  Moving to /share/home/yuan/.conda/envs/mi_torch_cu118/lib/python3.10/site-packages/torch/nn/modules/linear.py
   from /tmp/pip-uninstall-30rrqvv5/nn/modules/linear.py
  Moving to /share/home/yuan/.conda/envs/mi_torch_cu118/lib/python3.10/site-packages/torch/nn/modules/loss.py
   from /tmp/pip-uninstall-30rrqvv5/nn/modules/loss.py
  Moving to /share/home/yuan/.conda/envs/mi_torch_cu118/lib/python3.10/site-packages/torch/nn/modules/module.py
   from /tmp/pip-uninstall-30rrqvv5/nn/modules/module.py
  Moving to /share/home/yuan/.conda/envs/mi_torch_cu118/lib/python3.10/site-packages/torch/nn/modules/normalization.py
   from /tmp/pip-uninstall-30rrqvv5/nn/modules/normalization.py
  Moving to /share/home/yuan/.conda/envs/mi_torch_cu118/lib/python3.10/site-packages/torch/nn/modules/padding.py
   from /tmp/pip-uninstall-30rrqvv5/nn/modules/padding.py
  Moving to /share/home/yuan/.conda/envs/mi_torch_cu118/lib/python3.10/site-packages/torch/nn/modules/pixelshuffle.py
   from /tmp/pip-uninstall-30rrqvv5/nn/modules/pixelshuffle.py
  Moving to /share/home/yuan/.conda/envs/mi_torch_cu118/lib/python3.10/site-packages/torch/nn/modules/pooling.py
   from /tmp/pip-uninstall-30rrqvv5/nn/modules/pooling.py
  Moving to /share/home/yuan/.conda/envs/mi_torch_cu118/lib/python3.10/site-packages/torch/nn/modules/rnn.py
   from /tmp/pip-uninstall-30rrqvv5/nn/modules/rnn.py
  Moving to /share/home/yuan/.conda/envs/mi_torch_cu118/lib/python3.10/site-packages/torch/nn/modules/sparse.py
   from /tmp/pip-uninstall-30rrqvv5/nn/modules/sparse.py
  Moving to /share/home/yuan/.conda/envs/mi_torch_cu118/lib/python3.10/site-packages/torch/nn/modules/transformer.py
   from /tmp/pip-uninstall-30rrqvv5/nn/modules/transformer.py
  Moving to /share/home/yuan/.conda/envs/mi_torch_cu118/lib/python3.10/site-packages/torch/nn/modules/upsampling.py
   from /tmp/pip-uninstall-30rrqvv5/nn/modules/upsampling.py
  Moving to /share/home/yuan/.conda/envs/mi_torch_cu118/lib/python3.10/site-packages/torch/nn/modules/utils.py
   from /tmp/pip-uninstall-30rrqvv5/nn/modules/utils.py
  Moving to /share/home/yuan/.conda/envs/mi_torch_cu118/lib/python3.10/site-packages/torch/nn/parallel/__init__.py
   from /tmp/pip-uninstall-30rrqvv5/nn/parallel/__init__.py
  Moving to /share/home/yuan/.conda/envs/mi_torch_cu118/lib/python3.10/site-packages/torch/nn/parallel/__pycache__/__init__.cpython-310.pyc
   from /tmp/pip-uninstall-30rrqvv5/nn/parallel/__pycache__/__init__.cpython-310.pyc
  Moving to /share/home/yuan/.conda/envs/mi_torch_cu118/lib/python3.10/site-packages/torch/nn/parallel/__pycache__/_functions.cpython-310.pyc
   from /tmp/pip-uninstall-30rrqvv5/nn/parallel/__pycache__/_functions.cpython-310.pyc
  Moving to /share/home/yuan/.conda/envs/mi_torch_cu118/lib/python3.10/site-packages/torch/nn/parallel/__pycache__/comm.cpython-310.pyc
   from /tmp/pip-uninstall-30rrqvv5/nn/parallel/__pycache__/comm.cpython-310.pyc
  Moving to /share/home/yuan/.conda/envs/mi_torch_cu118/lib/python3.10/site-packages/torch/nn/parallel/__pycache__/data_parallel.cpython-310.pyc
   from /tmp/pip-uninstall-30rrqvv5/nn/parallel/__pycache__/data_parallel.cpython-310.pyc
  Moving to /share/home/yuan/.conda/envs/mi_torch_cu118/lib/python3.10/site-packages/torch/nn/parallel/__pycache__/distributed.cpython-310.pyc
   from /tmp/pip-uninstall-30rrqvv5/nn/parallel/__pycache__/distributed.cpython-310.pyc
  Moving to /share/home/yuan/.conda/envs/mi_torch_cu118/lib/python3.10/site-packages/torch/nn/parallel/__pycache__/parallel_apply.cpython-310.pyc
   from /tmp/pip-uninstall-30rrqvv5/nn/parallel/__pycache__/parallel_apply.cpython-310.pyc
  Moving to /share/home/yuan/.conda/envs/mi_torch_cu118/lib/python3.10/site-packages/torch/nn/parallel/__pycache__/replicate.cpython-310.pyc
   from /tmp/pip-uninstall-30rrqvv5/nn/parallel/__pycache__/replicate.cpython-310.pyc
  Moving to /share/home/yuan/.conda/envs/mi_torch_cu118/lib/python3.10/site-packages/torch/nn/parallel/__pycache__/scatter_gather.cpython-310.pyc
   from /tmp/pip-uninstall-30rrqvv5/nn/parallel/__pycache__/scatter_gather.cpython-310.pyc
  Moving to /share/home/yuan/.conda/envs/mi_torch_cu118/lib/python3.10/site-packages/torch/nn/parallel/_functions.py
   from /tmp/pip-uninstall-30rrqvv5/nn/parallel/_functions.py
  Moving to /share/home/yuan/.conda/envs/mi_torch_cu118/lib/python3.10/site-packages/torch/nn/parallel/comm.py
   from /tmp/pip-uninstall-30rrqvv5/nn/parallel/comm.py
  Moving to /share/home/yuan/.conda/envs/mi_torch_cu118/lib/python3.10/site-packages/torch/nn/parallel/data_parallel.py
   from /tmp/pip-uninstall-30rrqvv5/nn/parallel/data_parallel.py
  Moving to /share/home/yuan/.conda/envs/mi_torch_cu118/lib/python3.10/site-packages/torch/nn/parallel/distributed.py
   from /tmp/pip-uninstall-30rrqvv5/nn/parallel/distributed.py
  Moving to /share/home/yuan/.conda/envs/mi_torch_cu118/lib/python3.10/site-packages/torch/nn/parallel/parallel_apply.py
   from /tmp/pip-uninstall-30rrqvv5/nn/parallel/parallel_apply.py
  Moving to /share/home/yuan/.conda/envs/mi_torch_cu118/lib/python3.10/site-packages/torch/nn/parallel/replicate.py
   from /tmp/pip-uninstall-30rrqvv5/nn/parallel/replicate.py
  Moving to /share/home/yuan/.conda/envs/mi_torch_cu118/lib/python3.10/site-packages/torch/nn/parallel/scatter_gather.py
   from /tmp/pip-uninstall-30rrqvv5/nn/parallel/scatter_gather.py
  Moving to /share/home/yuan/.conda/envs/mi_torch_cu118/lib/python3.10/site-packages/torch/nn/parameter.py
   from /tmp/pip-uninstall-30rrqvv5/nn/parameter.py
  Moving to /share/home/yuan/.conda/envs/mi_torch_cu118/lib/python3.10/site-packages/torch/nn/parameter.pyi
   from /tmp/pip-uninstall-30rrqvv5/nn/parameter.pyi
  Moving to /share/home/yuan/.conda/envs/mi_torch_cu118/lib/python3.10/site-packages/torch/nn/qat/__init__.py
   from /tmp/pip-uninstall-30rrqvv5/nn/qat/__init__.py
  Moving to /share/home/yuan/.conda/envs/mi_torch_cu118/lib/python3.10/site-packages/torch/nn/qat/__pycache__/__init__.cpython-310.pyc
   from /tmp/pip-uninstall-30rrqvv5/nn/qat/__pycache__/__init__.cpython-310.pyc
  Moving to /share/home/yuan/.conda/envs/mi_torch_cu118/lib/python3.10/site-packages/torch/nn/qat/dynamic/__init__.py
   from /tmp/pip-uninstall-30rrqvv5/nn/qat/dynamic/__init__.py
  Moving to /share/home/yuan/.conda/envs/mi_torch_cu118/lib/python3.10/site-packages/torch/nn/qat/dynamic/__pycache__/__init__.cpython-310.pyc
   from /tmp/pip-uninstall-30rrqvv5/nn/qat/dynamic/__pycache__/__init__.cpython-310.pyc
  Moving to /share/home/yuan/.conda/envs/mi_torch_cu118/lib/python3.10/site-packages/torch/nn/qat/dynamic/modules/__init__.py
   from /tmp/pip-uninstall-30rrqvv5/nn/qat/dynamic/modules/__init__.py
  Moving to /share/home/yuan/.conda/envs/mi_torch_cu118/lib/python3.10/site-packages/torch/nn/qat/dynamic/modules/__pycache__/__init__.cpython-310.pyc
   from /tmp/pip-uninstall-30rrqvv5/nn/qat/dynamic/modules/__pycache__/__init__.cpython-310.pyc
  Moving to /share/home/yuan/.conda/envs/mi_torch_cu118/lib/python3.10/site-packages/torch/nn/qat/dynamic/modules/__pycache__/linear.cpython-310.pyc
   from /tmp/pip-uninstall-30rrqvv5/nn/qat/dynamic/modules/__pycache__/linear.cpython-310.pyc
  Moving to /share/home/yuan/.conda/envs/mi_torch_cu118/lib/python3.10/site-packages/torch/nn/qat/dynamic/modules/linear.py
   from /tmp/pip-uninstall-30rrqvv5/nn/qat/dynamic/modules/linear.py
  Moving to /share/home/yuan/.conda/envs/mi_torch_cu118/lib/python3.10/site-packages/torch/nn/qat/modules/__init__.py
   from /tmp/pip-uninstall-30rrqvv5/nn/qat/modules/__init__.py
  Moving to /share/home/yuan/.conda/envs/mi_torch_cu118/lib/python3.10/site-packages/torch/nn/qat/modules/__pycache__/__init__.cpython-310.pyc
   from /tmp/pip-uninstall-30rrqvv5/nn/qat/modules/__pycache__/__init__.cpython-310.pyc
  Moving to /share/home/yuan/.conda/envs/mi_torch_cu118/lib/python3.10/site-packages/torch/nn/qat/modules/__pycache__/conv.cpython-310.pyc
   from /tmp/pip-uninstall-30rrqvv5/nn/qat/modules/__pycache__/conv.cpython-310.pyc
  Moving to /share/home/yuan/.conda/envs/mi_torch_cu118/lib/python3.10/site-packages/torch/nn/qat/modules/__pycache__/embedding_ops.cpython-310.pyc
   from /tmp/pip-uninstall-30rrqvv5/nn/qat/modules/__pycache__/embedding_ops.cpython-310.pyc
  Moving to /share/home/yuan/.conda/envs/mi_torch_cu118/lib/python3.10/site-packages/torch/nn/qat/modules/__pycache__/linear.cpython-310.pyc
   from /tmp/pip-uninstall-30rrqvv5/nn/qat/modules/__pycache__/linear.cpython-310.pyc
  Moving to /share/home/yuan/.conda/envs/mi_torch_cu118/lib/python3.10/site-packages/torch/nn/qat/modules/conv.py
   from /tmp/pip-uninstall-30rrqvv5/nn/qat/modules/conv.py
  Moving to /share/home/yuan/.conda/envs/mi_torch_cu118/lib/python3.10/site-packages/torch/nn/qat/modules/embedding_ops.py
   from /tmp/pip-uninstall-30rrqvv5/nn/qat/modules/embedding_ops.py
  Moving to /share/home/yuan/.conda/envs/mi_torch_cu118/lib/python3.10/site-packages/torch/nn/qat/modules/linear.py
   from /tmp/pip-uninstall-30rrqvv5/nn/qat/modules/linear.py
  Moving to /share/home/yuan/.conda/envs/mi_torch_cu118/lib/python3.10/site-packages/torch/nn/quantizable/__init__.py
   from /tmp/pip-uninstall-30rrqvv5/nn/quantizable/__init__.py
  Moving to /share/home/yuan/.conda/envs/mi_torch_cu118/lib/python3.10/site-packages/torch/nn/quantizable/__pycache__/__init__.cpython-310.pyc
   from /tmp/pip-uninstall-30rrqvv5/nn/quantizable/__pycache__/__init__.cpython-310.pyc
  Moving to /share/home/yuan/.conda/envs/mi_torch_cu118/lib/python3.10/site-packages/torch/nn/quantizable/modules/__init__.py
   from /tmp/pip-uninstall-30rrqvv5/nn/quantizable/modules/__init__.py
  Moving to /share/home/yuan/.conda/envs/mi_torch_cu118/lib/python3.10/site-packages/torch/nn/quantizable/modules/__pycache__/__init__.cpython-310.pyc
   from /tmp/pip-uninstall-30rrqvv5/nn/quantizable/modules/__pycache__/__init__.cpython-310.pyc
  Moving to /share/home/yuan/.conda/envs/mi_torch_cu118/lib/python3.10/site-packages/torch/nn/quantizable/modules/__pycache__/activation.cpython-310.pyc
   from /tmp/pip-uninstall-30rrqvv5/nn/quantizable/modules/__pycache__/activation.cpython-310.pyc
  Moving to /share/home/yuan/.conda/envs/mi_torch_cu118/lib/python3.10/site-packages/torch/nn/quantizable/modules/__pycache__/rnn.cpython-310.pyc
   from /tmp/pip-uninstall-30rrqvv5/nn/quantizable/modules/__pycache__/rnn.cpython-310.pyc
  Moving to /share/home/yuan/.conda/envs/mi_torch_cu118/lib/python3.10/site-packages/torch/nn/quantizable/modules/activation.py
   from /tmp/pip-uninstall-30rrqvv5/nn/quantizable/modules/activation.py
  Moving to /share/home/yuan/.conda/envs/mi_torch_cu118/lib/python3.10/site-packages/torch/nn/quantizable/modules/rnn.py
   from /tmp/pip-uninstall-30rrqvv5/nn/quantizable/modules/rnn.py
  Moving to /share/home/yuan/.conda/envs/mi_torch_cu118/lib/python3.10/site-packages/torch/nn/quantized/__init__.py
   from /tmp/pip-uninstall-30rrqvv5/nn/quantized/__init__.py
  Moving to /share/home/yuan/.conda/envs/mi_torch_cu118/lib/python3.10/site-packages/torch/nn/quantized/__pycache__/__init__.cpython-310.pyc
   from /tmp/pip-uninstall-30rrqvv5/nn/quantized/__pycache__/__init__.cpython-310.pyc
  Moving to /share/home/yuan/.conda/envs/mi_torch_cu118/lib/python3.10/site-packages/torch/nn/quantized/__pycache__/functional.cpython-310.pyc
   from /tmp/pip-uninstall-30rrqvv5/nn/quantized/__pycache__/functional.cpython-310.pyc
  Moving to /share/home/yuan/.conda/envs/mi_torch_cu118/lib/python3.10/site-packages/torch/nn/quantized/_reference/__init__.py
   from /tmp/pip-uninstall-30rrqvv5/nn/quantized/_reference/__init__.py
  Moving to /share/home/yuan/.conda/envs/mi_torch_cu118/lib/python3.10/site-packages/torch/nn/quantized/_reference/__pycache__/__init__.cpython-310.pyc
   from /tmp/pip-uninstall-30rrqvv5/nn/quantized/_reference/__pycache__/__init__.cpython-310.pyc
  Moving to /share/home/yuan/.conda/envs/mi_torch_cu118/lib/python3.10/site-packages/torch/nn/quantized/_reference/modules/__init__.py
   from /tmp/pip-uninstall-30rrqvv5/nn/quantized/_reference/modules/__init__.py
  Moving to /share/home/yuan/.conda/envs/mi_torch_cu118/lib/python3.10/site-packages/torch/nn/quantized/_reference/modules/__pycache__/__init__.cpython-310.pyc
   from /tmp/pip-uninstall-30rrqvv5/nn/quantized/_reference/modules/__pycache__/__init__.cpython-310.pyc
  Moving to /share/home/yuan/.conda/envs/mi_torch_cu118/lib/python3.10/site-packages/torch/nn/quantized/_reference/modules/__pycache__/conv.cpython-310.pyc
   from /tmp/pip-uninstall-30rrqvv5/nn/quantized/_reference/modules/__pycache__/conv.cpython-310.pyc
  Moving to /share/home/yuan/.conda/envs/mi_torch_cu118/lib/python3.10/site-packages/torch/nn/quantized/_reference/modules/__pycache__/linear.cpython-310.pyc
   from /tmp/pip-uninstall-30rrqvv5/nn/quantized/_reference/modules/__pycache__/linear.cpython-310.pyc
  Moving to /share/home/yuan/.conda/envs/mi_torch_cu118/lib/python3.10/site-packages/torch/nn/quantized/_reference/modules/__pycache__/rnn.cpython-310.pyc
   from /tmp/pip-uninstall-30rrqvv5/nn/quantized/_reference/modules/__pycache__/rnn.cpython-310.pyc
  Moving to /share/home/yuan/.conda/envs/mi_torch_cu118/lib/python3.10/site-packages/torch/nn/quantized/_reference/modules/__pycache__/sparse.cpython-310.pyc
   from /tmp/pip-uninstall-30rrqvv5/nn/quantized/_reference/modules/__pycache__/sparse.cpython-310.pyc
  Moving to /share/home/yuan/.conda/envs/mi_torch_cu118/lib/python3.10/site-packages/torch/nn/quantized/_reference/modules/__pycache__/utils.cpython-310.pyc
   from /tmp/pip-uninstall-30rrqvv5/nn/quantized/_reference/modules/__pycache__/utils.cpython-310.pyc
  Moving to /share/home/yuan/.conda/envs/mi_torch_cu118/lib/python3.10/site-packages/torch/nn/quantized/_reference/modules/conv.py
   from /tmp/pip-uninstall-30rrqvv5/nn/quantized/_reference/modules/conv.py
  Moving to /share/home/yuan/.conda/envs/mi_torch_cu118/lib/python3.10/site-packages/torch/nn/quantized/_reference/modules/linear.py
   from /tmp/pip-uninstall-30rrqvv5/nn/quantized/_reference/modules/linear.py
  Moving to /share/home/yuan/.conda/envs/mi_torch_cu118/lib/python3.10/site-packages/torch/nn/quantized/_reference/modules/rnn.py
   from /tmp/pip-uninstall-30rrqvv5/nn/quantized/_reference/modules/rnn.py
  Moving to /share/home/yuan/.conda/envs/mi_torch_cu118/lib/python3.10/site-packages/torch/nn/quantized/_reference/modules/sparse.py
   from /tmp/pip-uninstall-30rrqvv5/nn/quantized/_reference/modules/sparse.py
  Moving to /share/home/yuan/.conda/envs/mi_torch_cu118/lib/python3.10/site-packages/torch/nn/quantized/_reference/modules/utils.py
   from /tmp/pip-uninstall-30rrqvv5/nn/quantized/_reference/modules/utils.py
  Moving to /share/home/yuan/.conda/envs/mi_torch_cu118/lib/python3.10/site-packages/torch/nn/quantized/dynamic/__init__.py
   from /tmp/pip-uninstall-30rrqvv5/nn/quantized/dynamic/__init__.py
  Moving to /share/home/yuan/.conda/envs/mi_torch_cu118/lib/python3.10/site-packages/torch/nn/quantized/dynamic/__pycache__/__init__.cpython-310.pyc
   from /tmp/pip-uninstall-30rrqvv5/nn/quantized/dynamic/__pycache__/__init__.cpython-310.pyc
  Moving to /share/home/yuan/.conda/envs/mi_torch_cu118/lib/python3.10/site-packages/torch/nn/quantized/dynamic/modules/__init__.py
   from /tmp/pip-uninstall-30rrqvv5/nn/quantized/dynamic/modules/__init__.py
  Moving to /share/home/yuan/.conda/envs/mi_torch_cu118/lib/python3.10/site-packages/torch/nn/quantized/dynamic/modules/__pycache__/__init__.cpython-310.pyc
   from /tmp/pip-uninstall-30rrqvv5/nn/quantized/dynamic/modules/__pycache__/__init__.cpython-310.pyc
  Moving to /share/home/yuan/.conda/envs/mi_torch_cu118/lib/python3.10/site-packages/torch/nn/quantized/dynamic/modules/__pycache__/conv.cpython-310.pyc
   from /tmp/pip-uninstall-30rrqvv5/nn/quantized/dynamic/modules/__pycache__/conv.cpython-310.pyc
  Moving to /share/home/yuan/.conda/envs/mi_torch_cu118/lib/python3.10/site-packages/torch/nn/quantized/dynamic/modules/__pycache__/linear.cpython-310.pyc
   from /tmp/pip-uninstall-30rrqvv5/nn/quantized/dynamic/modules/__pycache__/linear.cpython-310.pyc
  Moving to /share/home/yuan/.conda/envs/mi_torch_cu118/lib/python3.10/site-packages/torch/nn/quantized/dynamic/modules/__pycache__/rnn.cpython-310.pyc
   from /tmp/pip-uninstall-30rrqvv5/nn/quantized/dynamic/modules/__pycache__/rnn.cpython-310.pyc
  Moving to /share/home/yuan/.conda/envs/mi_torch_cu118/lib/python3.10/site-packages/torch/nn/quantized/dynamic/modules/conv.py
   from /tmp/pip-uninstall-30rrqvv5/nn/quantized/dynamic/modules/conv.py
  Moving to /share/home/yuan/.conda/envs/mi_torch_cu118/lib/python3.10/site-packages/torch/nn/quantized/dynamic/modules/linear.py
   from /tmp/pip-uninstall-30rrqvv5/nn/quantized/dynamic/modules/linear.py
  Moving to /share/home/yuan/.conda/envs/mi_torch_cu118/lib/python3.10/site-packages/torch/nn/quantized/dynamic/modules/rnn.py
   from /tmp/pip-uninstall-30rrqvv5/nn/quantized/dynamic/modules/rnn.py
  Moving to /share/home/yuan/.conda/envs/mi_torch_cu118/lib/python3.10/site-packages/torch/nn/quantized/functional.py
   from /tmp/pip-uninstall-30rrqvv5/nn/quantized/functional.py
  Moving to /share/home/yuan/.conda/envs/mi_torch_cu118/lib/python3.10/site-packages/torch/nn/quantized/modules/__init__.py
   from /tmp/pip-uninstall-30rrqvv5/nn/quantized/modules/__init__.py
  Moving to /share/home/yuan/.conda/envs/mi_torch_cu118/lib/python3.10/site-packages/torch/nn/quantized/modules/__pycache__/__init__.cpython-310.pyc
   from /tmp/pip-uninstall-30rrqvv5/nn/quantized/modules/__pycache__/__init__.cpython-310.pyc
  Moving to /share/home/yuan/.conda/envs/mi_torch_cu118/lib/python3.10/site-packages/torch/nn/quantized/modules/__pycache__/activation.cpython-310.pyc
   from /tmp/pip-uninstall-30rrqvv5/nn/quantized/modules/__pycache__/activation.cpython-310.pyc
  Moving to /share/home/yuan/.conda/envs/mi_torch_cu118/lib/python3.10/site-packages/torch/nn/quantized/modules/__pycache__/batchnorm.cpython-310.pyc
   from /tmp/pip-uninstall-30rrqvv5/nn/quantized/modules/__pycache__/batchnorm.cpython-310.pyc
  Moving to /share/home/yuan/.conda/envs/mi_torch_cu118/lib/python3.10/site-packages/torch/nn/quantized/modules/__pycache__/conv.cpython-310.pyc
   from /tmp/pip-uninstall-30rrqvv5/nn/quantized/modules/__pycache__/conv.cpython-310.pyc
  Moving to /share/home/yuan/.conda/envs/mi_torch_cu118/lib/python3.10/site-packages/torch/nn/quantized/modules/__pycache__/dropout.cpython-310.pyc
   from /tmp/pip-uninstall-30rrqvv5/nn/quantized/modules/__pycache__/dropout.cpython-310.pyc
  Moving to /share/home/yuan/.conda/envs/mi_torch_cu118/lib/python3.10/site-packages/torch/nn/quantized/modules/__pycache__/embedding_ops.cpython-310.pyc
   from /tmp/pip-uninstall-30rrqvv5/nn/quantized/modules/__pycache__/embedding_ops.cpython-310.pyc
  Moving to /share/home/yuan/.conda/envs/mi_torch_cu118/lib/python3.10/site-packages/torch/nn/quantized/modules/__pycache__/functional_modules.cpython-310.pyc
   from /tmp/pip-uninstall-30rrqvv5/nn/quantized/modules/__pycache__/functional_modules.cpython-310.pyc
  Moving to /share/home/yuan/.conda/envs/mi_torch_cu118/lib/python3.10/site-packages/torch/nn/quantized/modules/__pycache__/linear.cpython-310.pyc
   from /tmp/pip-uninstall-30rrqvv5/nn/quantized/modules/__pycache__/linear.cpython-310.pyc
  Moving to /share/home/yuan/.conda/envs/mi_torch_cu118/lib/python3.10/site-packages/torch/nn/quantized/modules/__pycache__/normalization.cpython-310.pyc
   from /tmp/pip-uninstall-30rrqvv5/nn/quantized/modules/__pycache__/normalization.cpython-310.pyc
  Moving to /share/home/yuan/.conda/envs/mi_torch_cu118/lib/python3.10/site-packages/torch/nn/quantized/modules/__pycache__/rnn.cpython-310.pyc
   from /tmp/pip-uninstall-30rrqvv5/nn/quantized/modules/__pycache__/rnn.cpython-310.pyc
  Moving to /share/home/yuan/.conda/envs/mi_torch_cu118/lib/python3.10/site-packages/torch/nn/quantized/modules/__pycache__/utils.cpython-310.pyc
   from /tmp/pip-uninstall-30rrqvv5/nn/quantized/modules/__pycache__/utils.cpython-310.pyc
  Moving to /share/home/yuan/.conda/envs/mi_torch_cu118/lib/python3.10/site-packages/torch/nn/quantized/modules/activation.py
   from /tmp/pip-uninstall-30rrqvv5/nn/quantized/modules/activation.py
  Moving to /share/home/yuan/.conda/envs/mi_torch_cu118/lib/python3.10/site-packages/torch/nn/quantized/modules/batchnorm.py
   from /tmp/pip-uninstall-30rrqvv5/nn/quantized/modules/batchnorm.py
  Moving to /share/home/yuan/.conda/envs/mi_torch_cu118/lib/python3.10/site-packages/torch/nn/quantized/modules/conv.py
   from /tmp/pip-uninstall-30rrqvv5/nn/quantized/modules/conv.py
  Moving to /share/home/yuan/.conda/envs/mi_torch_cu118/lib/python3.10/site-packages/torch/nn/quantized/modules/dropout.py
   from /tmp/pip-uninstall-30rrqvv5/nn/quantized/modules/dropout.py
  Moving to /share/home/yuan/.conda/envs/mi_torch_cu118/lib/python3.10/site-packages/torch/nn/quantized/modules/embedding_ops.py
   from /tmp/pip-uninstall-30rrqvv5/nn/quantized/modules/embedding_ops.py
  Moving to /share/home/yuan/.conda/envs/mi_torch_cu118/lib/python3.10/site-packages/torch/nn/quantized/modules/functional_modules.py
   from /tmp/pip-uninstall-30rrqvv5/nn/quantized/modules/functional_modules.py
  Moving to /share/home/yuan/.conda/envs/mi_torch_cu118/lib/python3.10/site-packages/torch/nn/quantized/modules/linear.py
   from /tmp/pip-uninstall-30rrqvv5/nn/quantized/modules/linear.py
  Moving to /share/home/yuan/.conda/envs/mi_torch_cu118/lib/python3.10/site-packages/torch/nn/quantized/modules/normalization.py
   from /tmp/pip-uninstall-30rrqvv5/nn/quantized/modules/normalization.py
  Moving to /share/home/yuan/.conda/envs/mi_torch_cu118/lib/python3.10/site-packages/torch/nn/quantized/modules/rnn.py
   from /tmp/pip-uninstall-30rrqvv5/nn/quantized/modules/rnn.py
  Moving to /share/home/yuan/.conda/envs/mi_torch_cu118/lib/python3.10/site-packages/torch/nn/quantized/modules/utils.py
   from /tmp/pip-uninstall-30rrqvv5/nn/quantized/modules/utils.py
  Moving to /share/home/yuan/.conda/envs/mi_torch_cu118/lib/python3.10/site-packages/torch/nn/utils/__init__.py
   from /tmp/pip-uninstall-30rrqvv5/nn/utils/__init__.py
  Moving to /share/home/yuan/.conda/envs/mi_torch_cu118/lib/python3.10/site-packages/torch/nn/utils/__pycache__/__init__.cpython-310.pyc
   from /tmp/pip-uninstall-30rrqvv5/nn/utils/__pycache__/__init__.cpython-310.pyc
  Moving to /share/home/yuan/.conda/envs/mi_torch_cu118/lib/python3.10/site-packages/torch/nn/utils/__pycache__/_deprecation_utils.cpython-310.pyc
   from /tmp/pip-uninstall-30rrqvv5/nn/utils/__pycache__/_deprecation_utils.cpython-310.pyc
  Moving to /share/home/yuan/.conda/envs/mi_torch_cu118/lib/python3.10/site-packages/torch/nn/utils/__pycache__/_named_member_accessor.cpython-310.pyc
   from /tmp/pip-uninstall-30rrqvv5/nn/utils/__pycache__/_named_member_accessor.cpython-310.pyc
  Moving to /share/home/yuan/.conda/envs/mi_torch_cu118/lib/python3.10/site-packages/torch/nn/utils/__pycache__/_per_sample_grad.cpython-310.pyc
   from /tmp/pip-uninstall-30rrqvv5/nn/utils/__pycache__/_per_sample_grad.cpython-310.pyc
  Moving to /share/home/yuan/.conda/envs/mi_torch_cu118/lib/python3.10/site-packages/torch/nn/utils/__pycache__/clip_grad.cpython-310.pyc
   from /tmp/pip-uninstall-30rrqvv5/nn/utils/__pycache__/clip_grad.cpython-310.pyc
  Moving to /share/home/yuan/.conda/envs/mi_torch_cu118/lib/python3.10/site-packages/torch/nn/utils/__pycache__/convert_parameters.cpython-310.pyc
   from /tmp/pip-uninstall-30rrqvv5/nn/utils/__pycache__/convert_parameters.cpython-310.pyc
  Moving to /share/home/yuan/.conda/envs/mi_torch_cu118/lib/python3.10/site-packages/torch/nn/utils/__pycache__/fusion.cpython-310.pyc
   from /tmp/pip-uninstall-30rrqvv5/nn/utils/__pycache__/fusion.cpython-310.pyc
  Moving to /share/home/yuan/.conda/envs/mi_torch_cu118/lib/python3.10/site-packages/torch/nn/utils/__pycache__/init.cpython-310.pyc
   from /tmp/pip-uninstall-30rrqvv5/nn/utils/__pycache__/init.cpython-310.pyc
  Moving to /share/home/yuan/.conda/envs/mi_torch_cu118/lib/python3.10/site-packages/torch/nn/utils/__pycache__/memory_format.cpython-310.pyc
   from /tmp/pip-uninstall-30rrqvv5/nn/utils/__pycache__/memory_format.cpython-310.pyc
  Moving to /share/home/yuan/.conda/envs/mi_torch_cu118/lib/python3.10/site-packages/torch/nn/utils/__pycache__/parametrizations.cpython-310.pyc
   from /tmp/pip-uninstall-30rrqvv5/nn/utils/__pycache__/parametrizations.cpython-310.pyc
  Moving to /share/home/yuan/.conda/envs/mi_torch_cu118/lib/python3.10/site-packages/torch/nn/utils/__pycache__/parametrize.cpython-310.pyc
   from /tmp/pip-uninstall-30rrqvv5/nn/utils/__pycache__/parametrize.cpython-310.pyc
  Moving to /share/home/yuan/.conda/envs/mi_torch_cu118/lib/python3.10/site-packages/torch/nn/utils/__pycache__/prune.cpython-310.pyc
   from /tmp/pip-uninstall-30rrqvv5/nn/utils/__pycache__/prune.cpython-310.pyc
  Moving to /share/home/yuan/.conda/envs/mi_torch_cu118/lib/python3.10/site-packages/torch/nn/utils/__pycache__/rnn.cpython-310.pyc
   from /tmp/pip-uninstall-30rrqvv5/nn/utils/__pycache__/rnn.cpython-310.pyc
  Moving to /share/home/yuan/.conda/envs/mi_torch_cu118/lib/python3.10/site-packages/torch/nn/utils/__pycache__/spectral_norm.cpython-310.pyc
   from /tmp/pip-uninstall-30rrqvv5/nn/utils/__pycache__/spectral_norm.cpython-310.pyc
  Moving to /share/home/yuan/.conda/envs/mi_torch_cu118/lib/python3.10/site-packages/torch/nn/utils/__pycache__/stateless.cpython-310.pyc
   from /tmp/pip-uninstall-30rrqvv5/nn/utils/__pycache__/stateless.cpython-310.pyc
  Moving to /share/home/yuan/.conda/envs/mi_torch_cu118/lib/python3.10/site-packages/torch/nn/utils/__pycache__/weight_norm.cpython-310.pyc
   from /tmp/pip-uninstall-30rrqvv5/nn/utils/__pycache__/weight_norm.cpython-310.pyc
  Moving to /share/home/yuan/.conda/envs/mi_torch_cu118/lib/python3.10/site-packages/torch/nn/utils/_deprecation_utils.py
   from /tmp/pip-uninstall-30rrqvv5/nn/utils/_deprecation_utils.py
  Moving to /share/home/yuan/.conda/envs/mi_torch_cu118/lib/python3.10/site-packages/torch/nn/utils/_expanded_weights/__init__.py
   from /tmp/pip-uninstall-30rrqvv5/nn/utils/_expanded_weights/__init__.py
  Moving to /share/home/yuan/.conda/envs/mi_torch_cu118/lib/python3.10/site-packages/torch/nn/utils/_expanded_weights/__pycache__/__init__.cpython-310.pyc
   from /tmp/pip-uninstall-30rrqvv5/nn/utils/_expanded_weights/__pycache__/__init__.cpython-310.pyc
  Moving to /share/home/yuan/.conda/envs/mi_torch_cu118/lib/python3.10/site-packages/torch/nn/utils/_expanded_weights/__pycache__/conv_expanded_weights.cpython-310.pyc
   from /tmp/pip-uninstall-30rrqvv5/nn/utils/_expanded_weights/__pycache__/conv_expanded_weights.cpython-310.pyc
  Moving to /share/home/yuan/.conda/envs/mi_torch_cu118/lib/python3.10/site-packages/torch/nn/utils/_expanded_weights/__pycache__/conv_utils.cpython-310.pyc
   from /tmp/pip-uninstall-30rrqvv5/nn/utils/_expanded_weights/__pycache__/conv_utils.cpython-310.pyc
  Moving to /share/home/yuan/.conda/envs/mi_torch_cu118/lib/python3.10/site-packages/torch/nn/utils/_expanded_weights/__pycache__/embedding_expanded_weights.cpython-310.pyc
   from /tmp/pip-uninstall-30rrqvv5/nn/utils/_expanded_weights/__pycache__/embedding_expanded_weights.cpython-310.pyc
  Moving to /share/home/yuan/.conda/envs/mi_torch_cu118/lib/python3.10/site-packages/torch/nn/utils/_expanded_weights/__pycache__/expanded_weights_impl.cpython-310.pyc
   from /tmp/pip-uninstall-30rrqvv5/nn/utils/_expanded_weights/__pycache__/expanded_weights_impl.cpython-310.pyc
  Moving to /share/home/yuan/.conda/envs/mi_torch_cu118/lib/python3.10/site-packages/torch/nn/utils/_expanded_weights/__pycache__/expanded_weights_utils.cpython-310.pyc
   from /tmp/pip-uninstall-30rrqvv5/nn/utils/_expanded_weights/__pycache__/expanded_weights_utils.cpython-310.pyc
  Moving to /share/home/yuan/.conda/envs/mi_torch_cu118/lib/python3.10/site-packages/torch/nn/utils/_expanded_weights/__pycache__/group_norm_expanded_weights.cpython-310.pyc
   from /tmp/pip-uninstall-30rrqvv5/nn/utils/_expanded_weights/__pycache__/group_norm_expanded_weights.cpython-310.pyc
  Moving to /share/home/yuan/.conda/envs/mi_torch_cu118/lib/python3.10/site-packages/torch/nn/utils/_expanded_weights/__pycache__/instance_norm_expanded_weights.cpython-310.pyc
   from /tmp/pip-uninstall-30rrqvv5/nn/utils/_expanded_weights/__pycache__/instance_norm_expanded_weights.cpython-310.pyc
  Moving to /share/home/yuan/.conda/envs/mi_torch_cu118/lib/python3.10/site-packages/torch/nn/utils/_expanded_weights/__pycache__/layer_norm_expanded_weights.cpython-310.pyc
   from /tmp/pip-uninstall-30rrqvv5/nn/utils/_expanded_weights/__pycache__/layer_norm_expanded_weights.cpython-310.pyc
  Moving to /share/home/yuan/.conda/envs/mi_torch_cu118/lib/python3.10/site-packages/torch/nn/utils/_expanded_weights/__pycache__/linear_expanded_weights.cpython-310.pyc
   from /tmp/pip-uninstall-30rrqvv5/nn/utils/_expanded_weights/__pycache__/linear_expanded_weights.cpython-310.pyc
  Moving to /share/home/yuan/.conda/envs/mi_torch_cu118/lib/python3.10/site-packages/torch/nn/utils/_expanded_weights/conv_expanded_weights.py
   from /tmp/pip-uninstall-30rrqvv5/nn/utils/_expanded_weights/conv_expanded_weights.py
  Moving to /share/home/yuan/.conda/envs/mi_torch_cu118/lib/python3.10/site-packages/torch/nn/utils/_expanded_weights/conv_utils.py
   from /tmp/pip-uninstall-30rrqvv5/nn/utils/_expanded_weights/conv_utils.py
  Moving to /share/home/yuan/.conda/envs/mi_torch_cu118/lib/python3.10/site-packages/torch/nn/utils/_expanded_weights/embedding_expanded_weights.py
   from /tmp/pip-uninstall-30rrqvv5/nn/utils/_expanded_weights/embedding_expanded_weights.py
  Moving to /share/home/yuan/.conda/envs/mi_torch_cu118/lib/python3.10/site-packages/torch/nn/utils/_expanded_weights/expanded_weights_impl.py
   from /tmp/pip-uninstall-30rrqvv5/nn/utils/_expanded_weights/expanded_weights_impl.py
  Moving to /share/home/yuan/.conda/envs/mi_torch_cu118/lib/python3.10/site-packages/torch/nn/utils/_expanded_weights/expanded_weights_utils.py
   from /tmp/pip-uninstall-30rrqvv5/nn/utils/_expanded_weights/expanded_weights_utils.py
  Moving to /share/home/yuan/.conda/envs/mi_torch_cu118/lib/python3.10/site-packages/torch/nn/utils/_expanded_weights/group_norm_expanded_weights.py
   from /tmp/pip-uninstall-30rrqvv5/nn/utils/_expanded_weights/group_norm_expanded_weights.py
  Moving to /share/home/yuan/.conda/envs/mi_torch_cu118/lib/python3.10/site-packages/torch/nn/utils/_expanded_weights/instance_norm_expanded_weights.py
   from /tmp/pip-uninstall-30rrqvv5/nn/utils/_expanded_weights/instance_norm_expanded_weights.py
  Moving to /share/home/yuan/.conda/envs/mi_torch_cu118/lib/python3.10/site-packages/torch/nn/utils/_expanded_weights/layer_norm_expanded_weights.py
   from /tmp/pip-uninstall-30rrqvv5/nn/utils/_expanded_weights/layer_norm_expanded_weights.py
  Moving to /share/home/yuan/.conda/envs/mi_torch_cu118/lib/python3.10/site-packages/torch/nn/utils/_expanded_weights/linear_expanded_weights.py
   from /tmp/pip-uninstall-30rrqvv5/nn/utils/_expanded_weights/linear_expanded_weights.py
  Moving to /share/home/yuan/.conda/envs/mi_torch_cu118/lib/python3.10/site-packages/torch/nn/utils/_named_member_accessor.py
   from /tmp/pip-uninstall-30rrqvv5/nn/utils/_named_member_accessor.py
  Moving to /share/home/yuan/.conda/envs/mi_torch_cu118/lib/python3.10/site-packages/torch/nn/utils/_per_sample_grad.py
   from /tmp/pip-uninstall-30rrqvv5/nn/utils/_per_sample_grad.py
  Moving to /share/home/yuan/.conda/envs/mi_torch_cu118/lib/python3.10/site-packages/torch/nn/utils/clip_grad.py
   from /tmp/pip-uninstall-30rrqvv5/nn/utils/clip_grad.py
  Moving to /share/home/yuan/.conda/envs/mi_torch_cu118/lib/python3.10/site-packages/torch/nn/utils/convert_parameters.py
   from /tmp/pip-uninstall-30rrqvv5/nn/utils/convert_parameters.py
  Moving to /share/home/yuan/.conda/envs/mi_torch_cu118/lib/python3.10/site-packages/torch/nn/utils/fusion.py
   from /tmp/pip-uninstall-30rrqvv5/nn/utils/fusion.py
  Moving to /share/home/yuan/.conda/envs/mi_torch_cu118/lib/python3.10/site-packages/torch/nn/utils/init.py
   from /tmp/pip-uninstall-30rrqvv5/nn/utils/init.py
  Moving to /share/home/yuan/.conda/envs/mi_torch_cu118/lib/python3.10/site-packages/torch/nn/utils/memory_format.py
   from /tmp/pip-uninstall-30rrqvv5/nn/utils/memory_format.py
  Moving to /share/home/yuan/.conda/envs/mi_torch_cu118/lib/python3.10/site-packages/torch/nn/utils/parametrizations.py
   from /tmp/pip-uninstall-30rrqvv5/nn/utils/parametrizations.py
  Moving to /share/home/yuan/.conda/envs/mi_torch_cu118/lib/python3.10/site-packages/torch/nn/utils/parametrize.py
   from /tmp/pip-uninstall-30rrqvv5/nn/utils/parametrize.py
  Moving to /share/home/yuan/.conda/envs/mi_torch_cu118/lib/python3.10/site-packages/torch/nn/utils/prune.py
   from /tmp/pip-uninstall-30rrqvv5/nn/utils/prune.py
  Moving to /share/home/yuan/.conda/envs/mi_torch_cu118/lib/python3.10/site-packages/torch/nn/utils/rnn.py
   from /tmp/pip-uninstall-30rrqvv5/nn/utils/rnn.py
  Moving to /share/home/yuan/.conda/envs/mi_torch_cu118/lib/python3.10/site-packages/torch/nn/utils/spectral_norm.py
   from /tmp/pip-uninstall-30rrqvv5/nn/utils/spectral_norm.py
  Moving to /share/home/yuan/.conda/envs/mi_torch_cu118/lib/python3.10/site-packages/torch/nn/utils/stateless.py
   from /tmp/pip-uninstall-30rrqvv5/nn/utils/stateless.py
  Moving to /share/home/yuan/.conda/envs/mi_torch_cu118/lib/python3.10/site-packages/torch/nn/utils/weight_norm.py
   from /tmp/pip-uninstall-30rrqvv5/nn/utils/weight_norm.py
  Moving to /share/home/yuan/.conda/envs/mi_torch_cu118/lib/python3.10/site-packages/torch/onnx/__init__.py
   from /tmp/pip-uninstall-30rrqvv5/onnx/__init__.py
  Moving to /share/home/yuan/.conda/envs/mi_torch_cu118/lib/python3.10/site-packages/torch/onnx/__pycache__/__init__.cpython-310.pyc
   from /tmp/pip-uninstall-30rrqvv5/onnx/__pycache__/__init__.cpython-310.pyc
  Moving to /share/home/yuan/.conda/envs/mi_torch_cu118/lib/python3.10/site-packages/torch/onnx/__pycache__/_constants.cpython-310.pyc
   from /tmp/pip-uninstall-30rrqvv5/onnx/__pycache__/_constants.cpython-310.pyc
  Moving to /share/home/yuan/.conda/envs/mi_torch_cu118/lib/python3.10/site-packages/torch/onnx/__pycache__/_deprecation.cpython-310.pyc
   from /tmp/pip-uninstall-30rrqvv5/onnx/__pycache__/_deprecation.cpython-310.pyc
  Moving to /share/home/yuan/.conda/envs/mi_torch_cu118/lib/python3.10/site-packages/torch/onnx/__pycache__/_experimental.cpython-310.pyc
   from /tmp/pip-uninstall-30rrqvv5/onnx/__pycache__/_experimental.cpython-310.pyc
  Moving to /share/home/yuan/.conda/envs/mi_torch_cu118/lib/python3.10/site-packages/torch/onnx/__pycache__/_exporter_states.cpython-310.pyc
   from /tmp/pip-uninstall-30rrqvv5/onnx/__pycache__/_exporter_states.cpython-310.pyc
  Moving to /share/home/yuan/.conda/envs/mi_torch_cu118/lib/python3.10/site-packages/torch/onnx/__pycache__/_flags.cpython-310.pyc
   from /tmp/pip-uninstall-30rrqvv5/onnx/__pycache__/_flags.cpython-310.pyc
  Moving to /share/home/yuan/.conda/envs/mi_torch_cu118/lib/python3.10/site-packages/torch/onnx/__pycache__/_globals.cpython-310.pyc
   from /tmp/pip-uninstall-30rrqvv5/onnx/__pycache__/_globals.cpython-310.pyc
  Moving to /share/home/yuan/.conda/envs/mi_torch_cu118/lib/python3.10/site-packages/torch/onnx/__pycache__/_onnx_supported_ops.cpython-310.pyc
   from /tmp/pip-uninstall-30rrqvv5/onnx/__pycache__/_onnx_supported_ops.cpython-310.pyc
  Moving to /share/home/yuan/.conda/envs/mi_torch_cu118/lib/python3.10/site-packages/torch/onnx/__pycache__/_type_utils.cpython-310.pyc
   from /tmp/pip-uninstall-30rrqvv5/onnx/__pycache__/_type_utils.cpython-310.pyc
  Moving to /share/home/yuan/.conda/envs/mi_torch_cu118/lib/python3.10/site-packages/torch/onnx/__pycache__/errors.cpython-310.pyc
   from /tmp/pip-uninstall-30rrqvv5/onnx/__pycache__/errors.cpython-310.pyc
  Moving to /share/home/yuan/.conda/envs/mi_torch_cu118/lib/python3.10/site-packages/torch/onnx/__pycache__/operators.cpython-310.pyc
   from /tmp/pip-uninstall-30rrqvv5/onnx/__pycache__/operators.cpython-310.pyc
  Moving to /share/home/yuan/.conda/envs/mi_torch_cu118/lib/python3.10/site-packages/torch/onnx/__pycache__/symbolic_caffe2.cpython-310.pyc
   from /tmp/pip-uninstall-30rrqvv5/onnx/__pycache__/symbolic_caffe2.cpython-310.pyc
  Moving to /share/home/yuan/.conda/envs/mi_torch_cu118/lib/python3.10/site-packages/torch/onnx/__pycache__/symbolic_helper.cpython-310.pyc
   from /tmp/pip-uninstall-30rrqvv5/onnx/__pycache__/symbolic_helper.cpython-310.pyc
  Moving to /share/home/yuan/.conda/envs/mi_torch_cu118/lib/python3.10/site-packages/torch/onnx/__pycache__/symbolic_opset10.cpython-310.pyc
   from /tmp/pip-uninstall-30rrqvv5/onnx/__pycache__/symbolic_opset10.cpython-310.pyc
  Moving to /share/home/yuan/.conda/envs/mi_torch_cu118/lib/python3.10/site-packages/torch/onnx/__pycache__/symbolic_opset11.cpython-310.pyc
   from /tmp/pip-uninstall-30rrqvv5/onnx/__pycache__/symbolic_opset11.cpython-310.pyc
  Moving to /share/home/yuan/.conda/envs/mi_torch_cu118/lib/python3.10/site-packages/torch/onnx/__pycache__/symbolic_opset12.cpython-310.pyc
   from /tmp/pip-uninstall-30rrqvv5/onnx/__pycache__/symbolic_opset12.cpython-310.pyc
  Moving to /share/home/yuan/.conda/envs/mi_torch_cu118/lib/python3.10/site-packages/torch/onnx/__pycache__/symbolic_opset13.cpython-310.pyc
   from /tmp/pip-uninstall-30rrqvv5/onnx/__pycache__/symbolic_opset13.cpython-310.pyc
  Moving to /share/home/yuan/.conda/envs/mi_torch_cu118/lib/python3.10/site-packages/torch/onnx/__pycache__/symbolic_opset14.cpython-310.pyc
   from /tmp/pip-uninstall-30rrqvv5/onnx/__pycache__/symbolic_opset14.cpython-310.pyc
  Moving to /share/home/yuan/.conda/envs/mi_torch_cu118/lib/python3.10/site-packages/torch/onnx/__pycache__/symbolic_opset15.cpython-310.pyc
   from /tmp/pip-uninstall-30rrqvv5/onnx/__pycache__/symbolic_opset15.cpython-310.pyc
  Moving to /share/home/yuan/.conda/envs/mi_torch_cu118/lib/python3.10/site-packages/torch/onnx/__pycache__/symbolic_opset16.cpython-310.pyc
   from /tmp/pip-uninstall-30rrqvv5/onnx/__pycache__/symbolic_opset16.cpython-310.pyc
  Moving to /share/home/yuan/.conda/envs/mi_torch_cu118/lib/python3.10/site-packages/torch/onnx/__pycache__/symbolic_opset17.cpython-310.pyc
   from /tmp/pip-uninstall-30rrqvv5/onnx/__pycache__/symbolic_opset17.cpython-310.pyc
  Moving to /share/home/yuan/.conda/envs/mi_torch_cu118/lib/python3.10/site-packages/torch/onnx/__pycache__/symbolic_opset18.cpython-310.pyc
   from /tmp/pip-uninstall-30rrqvv5/onnx/__pycache__/symbolic_opset18.cpython-310.pyc
  Moving to /share/home/yuan/.conda/envs/mi_torch_cu118/lib/python3.10/site-packages/torch/onnx/__pycache__/symbolic_opset19.cpython-310.pyc
   from /tmp/pip-uninstall-30rrqvv5/onnx/__pycache__/symbolic_opset19.cpython-310.pyc
  Moving to /share/home/yuan/.conda/envs/mi_torch_cu118/lib/python3.10/site-packages/torch/onnx/__pycache__/symbolic_opset20.cpython-310.pyc
   from /tmp/pip-uninstall-30rrqvv5/onnx/__pycache__/symbolic_opset20.cpython-310.pyc
  Moving to /share/home/yuan/.conda/envs/mi_torch_cu118/lib/python3.10/site-packages/torch/onnx/__pycache__/symbolic_opset7.cpython-310.pyc
   from /tmp/pip-uninstall-30rrqvv5/onnx/__pycache__/symbolic_opset7.cpython-310.pyc
  Moving to /share/home/yuan/.conda/envs/mi_torch_cu118/lib/python3.10/site-packages/torch/onnx/__pycache__/symbolic_opset8.cpython-310.pyc
   from /tmp/pip-uninstall-30rrqvv5/onnx/__pycache__/symbolic_opset8.cpython-310.pyc
  Moving to /share/home/yuan/.conda/envs/mi_torch_cu118/lib/python3.10/site-packages/torch/onnx/__pycache__/symbolic_opset9.cpython-310.pyc
   from /tmp/pip-uninstall-30rrqvv5/onnx/__pycache__/symbolic_opset9.cpython-310.pyc
  Moving to /share/home/yuan/.conda/envs/mi_torch_cu118/lib/python3.10/site-packages/torch/onnx/__pycache__/utils.cpython-310.pyc
   from /tmp/pip-uninstall-30rrqvv5/onnx/__pycache__/utils.cpython-310.pyc
  Moving to /share/home/yuan/.conda/envs/mi_torch_cu118/lib/python3.10/site-packages/torch/onnx/__pycache__/verification.cpython-310.pyc
   from /tmp/pip-uninstall-30rrqvv5/onnx/__pycache__/verification.cpython-310.pyc
  Moving to /share/home/yuan/.conda/envs/mi_torch_cu118/lib/python3.10/site-packages/torch/onnx/_constants.py
   from /tmp/pip-uninstall-30rrqvv5/onnx/_constants.py
  Moving to /share/home/yuan/.conda/envs/mi_torch_cu118/lib/python3.10/site-packages/torch/onnx/_deprecation.py
   from /tmp/pip-uninstall-30rrqvv5/onnx/_deprecation.py
  Moving to /share/home/yuan/.conda/envs/mi_torch_cu118/lib/python3.10/site-packages/torch/onnx/_experimental.py
   from /tmp/pip-uninstall-30rrqvv5/onnx/_experimental.py
  Moving to /share/home/yuan/.conda/envs/mi_torch_cu118/lib/python3.10/site-packages/torch/onnx/_exporter_states.py
   from /tmp/pip-uninstall-30rrqvv5/onnx/_exporter_states.py
  Moving to /share/home/yuan/.conda/envs/mi_torch_cu118/lib/python3.10/site-packages/torch/onnx/_flags.py
   from /tmp/pip-uninstall-30rrqvv5/onnx/_flags.py
  Moving to /share/home/yuan/.conda/envs/mi_torch_cu118/lib/python3.10/site-packages/torch/onnx/_globals.py
   from /tmp/pip-uninstall-30rrqvv5/onnx/_globals.py
  Moving to /share/home/yuan/.conda/envs/mi_torch_cu118/lib/python3.10/site-packages/torch/onnx/_internal/__init__.py
   from /tmp/pip-uninstall-30rrqvv5/onnx/_internal/__init__.py
  Moving to /share/home/yuan/.conda/envs/mi_torch_cu118/lib/python3.10/site-packages/torch/onnx/_internal/__pycache__/__init__.cpython-310.pyc
   from /tmp/pip-uninstall-30rrqvv5/onnx/_internal/__pycache__/__init__.cpython-310.pyc
  Moving to /share/home/yuan/.conda/envs/mi_torch_cu118/lib/python3.10/site-packages/torch/onnx/_internal/__pycache__/_exporter_legacy.cpython-310.pyc
   from /tmp/pip-uninstall-30rrqvv5/onnx/_internal/__pycache__/_exporter_legacy.cpython-310.pyc
  Moving to /share/home/yuan/.conda/envs/mi_torch_cu118/lib/python3.10/site-packages/torch/onnx/_internal/__pycache__/_lazy_import.cpython-310.pyc
   from /tmp/pip-uninstall-30rrqvv5/onnx/_internal/__pycache__/_lazy_import.cpython-310.pyc
  Moving to /share/home/yuan/.conda/envs/mi_torch_cu118/lib/python3.10/site-packages/torch/onnx/_internal/__pycache__/io_adapter.cpython-310.pyc
   from /tmp/pip-uninstall-30rrqvv5/onnx/_internal/__pycache__/io_adapter.cpython-310.pyc
  Moving to /share/home/yuan/.conda/envs/mi_torch_cu118/lib/python3.10/site-packages/torch/onnx/_internal/__pycache__/jit_utils.cpython-310.pyc
   from /tmp/pip-uninstall-30rrqvv5/onnx/_internal/__pycache__/jit_utils.cpython-310.pyc
  Moving to /share/home/yuan/.conda/envs/mi_torch_cu118/lib/python3.10/site-packages/torch/onnx/_internal/__pycache__/onnx_proto_utils.cpython-310.pyc
   from /tmp/pip-uninstall-30rrqvv5/onnx/_internal/__pycache__/onnx_proto_utils.cpython-310.pyc
  Moving to /share/home/yuan/.conda/envs/mi_torch_cu118/lib/python3.10/site-packages/torch/onnx/_internal/__pycache__/onnxruntime.cpython-310.pyc
   from /tmp/pip-uninstall-30rrqvv5/onnx/_internal/__pycache__/onnxruntime.cpython-310.pyc
  Moving to /share/home/yuan/.conda/envs/mi_torch_cu118/lib/python3.10/site-packages/torch/onnx/_internal/__pycache__/registration.cpython-310.pyc
   from /tmp/pip-uninstall-30rrqvv5/onnx/_internal/__pycache__/registration.cpython-310.pyc
  Moving to /share/home/yuan/.conda/envs/mi_torch_cu118/lib/python3.10/site-packages/torch/onnx/_internal/_exporter_legacy.py
   from /tmp/pip-uninstall-30rrqvv5/onnx/_internal/_exporter_legacy.py
  Moving to /share/home/yuan/.conda/envs/mi_torch_cu118/lib/python3.10/site-packages/torch/onnx/_internal/_lazy_import.py
   from /tmp/pip-uninstall-30rrqvv5/onnx/_internal/_lazy_import.py
  Moving to /share/home/yuan/.conda/envs/mi_torch_cu118/lib/python3.10/site-packages/torch/onnx/_internal/diagnostics/__init__.py
   from /tmp/pip-uninstall-30rrqvv5/onnx/_internal/diagnostics/__init__.py
  Moving to /share/home/yuan/.conda/envs/mi_torch_cu118/lib/python3.10/site-packages/torch/onnx/_internal/diagnostics/__pycache__/__init__.cpython-310.pyc
   from /tmp/pip-uninstall-30rrqvv5/onnx/_internal/diagnostics/__pycache__/__init__.cpython-310.pyc
  Moving to /share/home/yuan/.conda/envs/mi_torch_cu118/lib/python3.10/site-packages/torch/onnx/_internal/diagnostics/__pycache__/_diagnostic.cpython-310.pyc
   from /tmp/pip-uninstall-30rrqvv5/onnx/_internal/diagnostics/__pycache__/_diagnostic.cpython-310.pyc
  Moving to /share/home/yuan/.conda/envs/mi_torch_cu118/lib/python3.10/site-packages/torch/onnx/_internal/diagnostics/__pycache__/_rules.cpython-310.pyc
   from /tmp/pip-uninstall-30rrqvv5/onnx/_internal/diagnostics/__pycache__/_rules.cpython-310.pyc
  Moving to /share/home/yuan/.conda/envs/mi_torch_cu118/lib/python3.10/site-packages/torch/onnx/_internal/diagnostics/_diagnostic.py
   from /tmp/pip-uninstall-30rrqvv5/onnx/_internal/diagnostics/_diagnostic.py
  Moving to /share/home/yuan/.conda/envs/mi_torch_cu118/lib/python3.10/site-packages/torch/onnx/_internal/diagnostics/_rules.py
   from /tmp/pip-uninstall-30rrqvv5/onnx/_internal/diagnostics/_rules.py
  Moving to /share/home/yuan/.conda/envs/mi_torch_cu118/lib/python3.10/site-packages/torch/onnx/_internal/diagnostics/infra/__init__.py
   from /tmp/pip-uninstall-30rrqvv5/onnx/_internal/diagnostics/infra/__init__.py
  Moving to /share/home/yuan/.conda/envs/mi_torch_cu118/lib/python3.10/site-packages/torch/onnx/_internal/diagnostics/infra/__pycache__/__init__.cpython-310.pyc
   from /tmp/pip-uninstall-30rrqvv5/onnx/_internal/diagnostics/infra/__pycache__/__init__.cpython-310.pyc
  Moving to /share/home/yuan/.conda/envs/mi_torch_cu118/lib/python3.10/site-packages/torch/onnx/_internal/diagnostics/infra/__pycache__/_infra.cpython-310.pyc
   from /tmp/pip-uninstall-30rrqvv5/onnx/_internal/diagnostics/infra/__pycache__/_infra.cpython-310.pyc
  Moving to /share/home/yuan/.conda/envs/mi_torch_cu118/lib/python3.10/site-packages/torch/onnx/_internal/diagnostics/infra/__pycache__/context.cpython-310.pyc
   from /tmp/pip-uninstall-30rrqvv5/onnx/_internal/diagnostics/infra/__pycache__/context.cpython-310.pyc
  Moving to /share/home/yuan/.conda/envs/mi_torch_cu118/lib/python3.10/site-packages/torch/onnx/_internal/diagnostics/infra/__pycache__/decorator.cpython-310.pyc
   from /tmp/pip-uninstall-30rrqvv5/onnx/_internal/diagnostics/infra/__pycache__/decorator.cpython-310.pyc
  Moving to /share/home/yuan/.conda/envs/mi_torch_cu118/lib/python3.10/site-packages/torch/onnx/_internal/diagnostics/infra/__pycache__/formatter.cpython-310.pyc
   from /tmp/pip-uninstall-30rrqvv5/onnx/_internal/diagnostics/infra/__pycache__/formatter.cpython-310.pyc
  Moving to /share/home/yuan/.conda/envs/mi_torch_cu118/lib/python3.10/site-packages/torch/onnx/_internal/diagnostics/infra/__pycache__/utils.cpython-310.pyc
   from /tmp/pip-uninstall-30rrqvv5/onnx/_internal/diagnostics/infra/__pycache__/utils.cpython-310.pyc
  Moving to /share/home/yuan/.conda/envs/mi_torch_cu118/lib/python3.10/site-packages/torch/onnx/_internal/diagnostics/infra/_infra.py
   from /tmp/pip-uninstall-30rrqvv5/onnx/_internal/diagnostics/infra/_infra.py
  Moving to /share/home/yuan/.conda/envs/mi_torch_cu118/lib/python3.10/site-packages/torch/onnx/_internal/diagnostics/infra/context.py
   from /tmp/pip-uninstall-30rrqvv5/onnx/_internal/diagnostics/infra/context.py
  Moving to /share/home/yuan/.conda/envs/mi_torch_cu118/lib/python3.10/site-packages/torch/onnx/_internal/diagnostics/infra/decorator.py
   from /tmp/pip-uninstall-30rrqvv5/onnx/_internal/diagnostics/infra/decorator.py
  Moving to /share/home/yuan/.conda/envs/mi_torch_cu118/lib/python3.10/site-packages/torch/onnx/_internal/diagnostics/infra/formatter.py
   from /tmp/pip-uninstall-30rrqvv5/onnx/_internal/diagnostics/infra/formatter.py
  Moving to /share/home/yuan/.conda/envs/mi_torch_cu118/lib/python3.10/site-packages/torch/onnx/_internal/diagnostics/infra/sarif/__init__.py
   from /tmp/pip-uninstall-30rrqvv5/onnx/_internal/diagnostics/infra/sarif/__init__.py
  Moving to /share/home/yuan/.conda/envs/mi_torch_cu118/lib/python3.10/site-packages/torch/onnx/_internal/diagnostics/infra/sarif/__pycache__/__init__.cpython-310.pyc
   from /tmp/pip-uninstall-30rrqvv5/onnx/_internal/diagnostics/infra/sarif/__pycache__/__init__.cpython-310.pyc
  Moving to /share/home/yuan/.conda/envs/mi_torch_cu118/lib/python3.10/site-packages/torch/onnx/_internal/diagnostics/infra/sarif/__pycache__/_address.cpython-310.pyc
   from /tmp/pip-uninstall-30rrqvv5/onnx/_internal/diagnostics/infra/sarif/__pycache__/_address.cpython-310.pyc
  Moving to /share/home/yuan/.conda/envs/mi_torch_cu118/lib/python3.10/site-packages/torch/onnx/_internal/diagnostics/infra/sarif/__pycache__/_artifact.cpython-310.pyc
   from /tmp/pip-uninstall-30rrqvv5/onnx/_internal/diagnostics/infra/sarif/__pycache__/_artifact.cpython-310.pyc
  Moving to /share/home/yuan/.conda/envs/mi_torch_cu118/lib/python3.10/site-packages/torch/onnx/_internal/diagnostics/infra/sarif/__pycache__/_artifact_change.cpython-310.pyc
   from /tmp/pip-uninstall-30rrqvv5/onnx/_internal/diagnostics/infra/sarif/__pycache__/_artifact_change.cpython-310.pyc
  Moving to /share/home/yuan/.conda/envs/mi_torch_cu118/lib/python3.10/site-packages/torch/onnx/_internal/diagnostics/infra/sarif/__pycache__/_artifact_content.cpython-310.pyc
   from /tmp/pip-uninstall-30rrqvv5/onnx/_internal/diagnostics/infra/sarif/__pycache__/_artifact_content.cpython-310.pyc
  Moving to /share/home/yuan/.conda/envs/mi_torch_cu118/lib/python3.10/site-packages/torch/onnx/_internal/diagnostics/infra/sarif/__pycache__/_artifact_location.cpython-310.pyc
   from /tmp/pip-uninstall-30rrqvv5/onnx/_internal/diagnostics/infra/sarif/__pycache__/_artifact_location.cpython-310.pyc
  Moving to /share/home/yuan/.conda/envs/mi_torch_cu118/lib/python3.10/site-packages/torch/onnx/_internal/diagnostics/infra/sarif/__pycache__/_attachment.cpython-310.pyc
   from /tmp/pip-uninstall-30rrqvv5/onnx/_internal/diagnostics/infra/sarif/__pycache__/_attachment.cpython-310.pyc
  Moving to /share/home/yuan/.conda/envs/mi_torch_cu118/lib/python3.10/site-packages/torch/onnx/_internal/diagnostics/infra/sarif/__pycache__/_code_flow.cpython-310.pyc
   from /tmp/pip-uninstall-30rrqvv5/onnx/_internal/diagnostics/infra/sarif/__pycache__/_code_flow.cpython-310.pyc
  Moving to /share/home/yuan/.conda/envs/mi_torch_cu118/lib/python3.10/site-packages/torch/onnx/_internal/diagnostics/infra/sarif/__pycache__/_configuration_override.cpython-310.pyc
   from /tmp/pip-uninstall-30rrqvv5/onnx/_internal/diagnostics/infra/sarif/__pycache__/_configuration_override.cpython-310.pyc
  Moving to /share/home/yuan/.conda/envs/mi_torch_cu118/lib/python3.10/site-packages/torch/onnx/_internal/diagnostics/infra/sarif/__pycache__/_conversion.cpython-310.pyc
   from /tmp/pip-uninstall-30rrqvv5/onnx/_internal/diagnostics/infra/sarif/__pycache__/_conversion.cpython-310.pyc
  Moving to /share/home/yuan/.conda/envs/mi_torch_cu118/lib/python3.10/site-packages/torch/onnx/_internal/diagnostics/infra/sarif/__pycache__/_edge.cpython-310.pyc
   from /tmp/pip-uninstall-30rrqvv5/onnx/_internal/diagnostics/infra/sarif/__pycache__/_edge.cpython-310.pyc
  Moving to /share/home/yuan/.conda/envs/mi_torch_cu118/lib/python3.10/site-packages/torch/onnx/_internal/diagnostics/infra/sarif/__pycache__/_edge_traversal.cpython-310.pyc
   from /tmp/pip-uninstall-30rrqvv5/onnx/_internal/diagnostics/infra/sarif/__pycache__/_edge_traversal.cpython-310.pyc
  Moving to /share/home/yuan/.conda/envs/mi_torch_cu118/lib/python3.10/site-packages/torch/onnx/_internal/diagnostics/infra/sarif/__pycache__/_exception.cpython-310.pyc
   from /tmp/pip-uninstall-30rrqvv5/onnx/_internal/diagnostics/infra/sarif/__pycache__/_exception.cpython-310.pyc
  Moving to /share/home/yuan/.conda/envs/mi_torch_cu118/lib/python3.10/site-packages/torch/onnx/_internal/diagnostics/infra/sarif/__pycache__/_external_properties.cpython-310.pyc
   from /tmp/pip-uninstall-30rrqvv5/onnx/_internal/diagnostics/infra/sarif/__pycache__/_external_properties.cpython-310.pyc
  Moving to /share/home/yuan/.conda/envs/mi_torch_cu118/lib/python3.10/site-packages/torch/onnx/_internal/diagnostics/infra/sarif/__pycache__/_external_property_file_reference.cpython-310.pyc
   from /tmp/pip-uninstall-30rrqvv5/onnx/_internal/diagnostics/infra/sarif/__pycache__/_external_property_file_reference.cpython-310.pyc
  Moving to /share/home/yuan/.conda/envs/mi_torch_cu118/lib/python3.10/site-packages/torch/onnx/_internal/diagnostics/infra/sarif/__pycache__/_external_property_file_references.cpython-310.pyc
   from /tmp/pip-uninstall-30rrqvv5/onnx/_internal/diagnostics/infra/sarif/__pycache__/_external_property_file_references.cpython-310.pyc
  Moving to /share/home/yuan/.conda/envs/mi_torch_cu118/lib/python3.10/site-packages/torch/onnx/_internal/diagnostics/infra/sarif/__pycache__/_fix.cpython-310.pyc
   from /tmp/pip-uninstall-30rrqvv5/onnx/_internal/diagnostics/infra/sarif/__pycache__/_fix.cpython-310.pyc
  Moving to /share/home/yuan/.conda/envs/mi_torch_cu118/lib/python3.10/site-packages/torch/onnx/_internal/diagnostics/infra/sarif/__pycache__/_graph.cpython-310.pyc
   from /tmp/pip-uninstall-30rrqvv5/onnx/_internal/diagnostics/infra/sarif/__pycache__/_graph.cpython-310.pyc
  Moving to /share/home/yuan/.conda/envs/mi_torch_cu118/lib/python3.10/site-packages/torch/onnx/_internal/diagnostics/infra/sarif/__pycache__/_graph_traversal.cpython-310.pyc
   from /tmp/pip-uninstall-30rrqvv5/onnx/_internal/diagnostics/infra/sarif/__pycache__/_graph_traversal.cpython-310.pyc
  Moving to /share/home/yuan/.conda/envs/mi_torch_cu118/lib/python3.10/site-packages/torch/onnx/_internal/diagnostics/infra/sarif/__pycache__/_invocation.cpython-310.pyc
   from /tmp/pip-uninstall-30rrqvv5/onnx/_internal/diagnostics/infra/sarif/__pycache__/_invocation.cpython-310.pyc
  Moving to /share/home/yuan/.conda/envs/mi_torch_cu118/lib/python3.10/site-packages/torch/onnx/_internal/diagnostics/infra/sarif/__pycache__/_location.cpython-310.pyc
   from /tmp/pip-uninstall-30rrqvv5/onnx/_internal/diagnostics/infra/sarif/__pycache__/_location.cpython-310.pyc
  Moving to /share/home/yuan/.conda/envs/mi_torch_cu118/lib/python3.10/site-packages/torch/onnx/_internal/diagnostics/infra/sarif/__pycache__/_location_relationship.cpython-310.pyc
   from /tmp/pip-uninstall-30rrqvv5/onnx/_internal/diagnostics/infra/sarif/__pycache__/_location_relationship.cpython-310.pyc
  Moving to /share/home/yuan/.conda/envs/mi_torch_cu118/lib/python3.10/site-packages/torch/onnx/_internal/diagnostics/infra/sarif/__pycache__/_logical_location.cpython-310.pyc
   from /tmp/pip-uninstall-30rrqvv5/onnx/_internal/diagnostics/infra/sarif/__pycache__/_logical_location.cpython-310.pyc
  Moving to /share/home/yuan/.conda/envs/mi_torch_cu118/lib/python3.10/site-packages/torch/onnx/_internal/diagnostics/infra/sarif/__pycache__/_message.cpython-310.pyc
   from /tmp/pip-uninstall-30rrqvv5/onnx/_internal/diagnostics/infra/sarif/__pycache__/_message.cpython-310.pyc
  Moving to /share/home/yuan/.conda/envs/mi_torch_cu118/lib/python3.10/site-packages/torch/onnx/_internal/diagnostics/infra/sarif/__pycache__/_multiformat_message_string.cpython-310.pyc
   from /tmp/pip-uninstall-30rrqvv5/onnx/_internal/diagnostics/infra/sarif/__pycache__/_multiformat_message_string.cpython-310.pyc
  Moving to /share/home/yuan/.conda/envs/mi_torch_cu118/lib/python3.10/site-packages/torch/onnx/_internal/diagnostics/infra/sarif/__pycache__/_node.cpython-310.pyc
   from /tmp/pip-uninstall-30rrqvv5/onnx/_internal/diagnostics/infra/sarif/__pycache__/_node.cpython-310.pyc
  Moving to /share/home/yuan/.conda/envs/mi_torch_cu118/lib/python3.10/site-packages/torch/onnx/_internal/diagnostics/infra/sarif/__pycache__/_notification.cpython-310.pyc
   from /tmp/pip-uninstall-30rrqvv5/onnx/_internal/diagnostics/infra/sarif/__pycache__/_notification.cpython-310.pyc
  Moving to /share/home/yuan/.conda/envs/mi_torch_cu118/lib/python3.10/site-packages/torch/onnx/_internal/diagnostics/infra/sarif/__pycache__/_physical_location.cpython-310.pyc
   from /tmp/pip-uninstall-30rrqvv5/onnx/_internal/diagnostics/infra/sarif/__pycache__/_physical_location.cpython-310.pyc
  Moving to /share/home/yuan/.conda/envs/mi_torch_cu118/lib/python3.10/site-packages/torch/onnx/_internal/diagnostics/infra/sarif/__pycache__/_property_bag.cpython-310.pyc
   from /tmp/pip-uninstall-30rrqvv5/onnx/_internal/diagnostics/infra/sarif/__pycache__/_property_bag.cpython-310.pyc
  Moving to /share/home/yuan/.conda/envs/mi_torch_cu118/lib/python3.10/site-packages/torch/onnx/_internal/diagnostics/infra/sarif/__pycache__/_rectangle.cpython-310.pyc
   from /tmp/pip-uninstall-30rrqvv5/onnx/_internal/diagnostics/infra/sarif/__pycache__/_rectangle.cpython-310.pyc
  Moving to /share/home/yuan/.conda/envs/mi_torch_cu118/lib/python3.10/site-packages/torch/onnx/_internal/diagnostics/infra/sarif/__pycache__/_region.cpython-310.pyc
   from /tmp/pip-uninstall-30rrqvv5/onnx/_internal/diagnostics/infra/sarif/__pycache__/_region.cpython-310.pyc
  Moving to /share/home/yuan/.conda/envs/mi_torch_cu118/lib/python3.10/site-packages/torch/onnx/_internal/diagnostics/infra/sarif/__pycache__/_replacement.cpython-310.pyc
   from /tmp/pip-uninstall-30rrqvv5/onnx/_internal/diagnostics/infra/sarif/__pycache__/_replacement.cpython-310.pyc
  Moving to /share/home/yuan/.conda/envs/mi_torch_cu118/lib/python3.10/site-packages/torch/onnx/_internal/diagnostics/infra/sarif/__pycache__/_reporting_configuration.cpython-310.pyc
   from /tmp/pip-uninstall-30rrqvv5/onnx/_internal/diagnostics/infra/sarif/__pycache__/_reporting_configuration.cpython-310.pyc
  Moving to /share/home/yuan/.conda/envs/mi_torch_cu118/lib/python3.10/site-packages/torch/onnx/_internal/diagnostics/infra/sarif/__pycache__/_reporting_descriptor.cpython-310.pyc
   from /tmp/pip-uninstall-30rrqvv5/onnx/_internal/diagnostics/infra/sarif/__pycache__/_reporting_descriptor.cpython-310.pyc
  Moving to /share/home/yuan/.conda/envs/mi_torch_cu118/lib/python3.10/site-packages/torch/onnx/_internal/diagnostics/infra/sarif/__pycache__/_reporting_descriptor_reference.cpython-310.pyc
   from /tmp/pip-uninstall-30rrqvv5/onnx/_internal/diagnostics/infra/sarif/__pycache__/_reporting_descriptor_reference.cpython-310.pyc
  Moving to /share/home/yuan/.conda/envs/mi_torch_cu118/lib/python3.10/site-packages/torch/onnx/_internal/diagnostics/infra/sarif/__pycache__/_reporting_descriptor_relationship.cpython-310.pyc
   from /tmp/pip-uninstall-30rrqvv5/onnx/_internal/diagnostics/infra/sarif/__pycache__/_reporting_descriptor_relationship.cpython-310.pyc
  Moving to /share/home/yuan/.conda/envs/mi_torch_cu118/lib/python3.10/site-packages/torch/onnx/_internal/diagnostics/infra/sarif/__pycache__/_result.cpython-310.pyc
   from /tmp/pip-uninstall-30rrqvv5/onnx/_internal/diagnostics/infra/sarif/__pycache__/_result.cpython-310.pyc
  Moving to /share/home/yuan/.conda/envs/mi_torch_cu118/lib/python3.10/site-packages/torch/onnx/_internal/diagnostics/infra/sarif/__pycache__/_result_provenance.cpython-310.pyc
   from /tmp/pip-uninstall-30rrqvv5/onnx/_internal/diagnostics/infra/sarif/__pycache__/_result_provenance.cpython-310.pyc
  Moving to /share/home/yuan/.conda/envs/mi_torch_cu118/lib/python3.10/site-packages/torch/onnx/_internal/diagnostics/infra/sarif/__pycache__/_run.cpython-310.pyc
   from /tmp/pip-uninstall-30rrqvv5/onnx/_internal/diagnostics/infra/sarif/__pycache__/_run.cpython-310.pyc
  Moving to /share/home/yuan/.conda/envs/mi_torch_cu118/lib/python3.10/site-packages/torch/onnx/_internal/diagnostics/infra/sarif/__pycache__/_run_automation_details.cpython-310.pyc
   from /tmp/pip-uninstall-30rrqvv5/onnx/_internal/diagnostics/infra/sarif/__pycache__/_run_automation_details.cpython-310.pyc
  Moving to /share/home/yuan/.conda/envs/mi_torch_cu118/lib/python3.10/site-packages/torch/onnx/_internal/diagnostics/infra/sarif/__pycache__/_sarif_log.cpython-310.pyc
   from /tmp/pip-uninstall-30rrqvv5/onnx/_internal/diagnostics/infra/sarif/__pycache__/_sarif_log.cpython-310.pyc
  Moving to /share/home/yuan/.conda/envs/mi_torch_cu118/lib/python3.10/site-packages/torch/onnx/_internal/diagnostics/infra/sarif/__pycache__/_special_locations.cpython-310.pyc
   from /tmp/pip-uninstall-30rrqvv5/onnx/_internal/diagnostics/infra/sarif/__pycache__/_special_locations.cpython-310.pyc
  Moving to /share/home/yuan/.conda/envs/mi_torch_cu118/lib/python3.10/site-packages/torch/onnx/_internal/diagnostics/infra/sarif/__pycache__/_stack.cpython-310.pyc
   from /tmp/pip-uninstall-30rrqvv5/onnx/_internal/diagnostics/infra/sarif/__pycache__/_stack.cpython-310.pyc
  Moving to /share/home/yuan/.conda/envs/mi_torch_cu118/lib/python3.10/site-packages/torch/onnx/_internal/diagnostics/infra/sarif/__pycache__/_stack_frame.cpython-310.pyc
   from /tmp/pip-uninstall-30rrqvv5/onnx/_internal/diagnostics/infra/sarif/__pycache__/_stack_frame.cpython-310.pyc
  Moving to /share/home/yuan/.conda/envs/mi_torch_cu118/lib/python3.10/site-packages/torch/onnx/_internal/diagnostics/infra/sarif/__pycache__/_suppression.cpython-310.pyc
   from /tmp/pip-uninstall-30rrqvv5/onnx/_internal/diagnostics/infra/sarif/__pycache__/_suppression.cpython-310.pyc
  Moving to /share/home/yuan/.conda/envs/mi_torch_cu118/lib/python3.10/site-packages/torch/onnx/_internal/diagnostics/infra/sarif/__pycache__/_thread_flow.cpython-310.pyc
   from /tmp/pip-uninstall-30rrqvv5/onnx/_internal/diagnostics/infra/sarif/__pycache__/_thread_flow.cpython-310.pyc
  Moving to /share/home/yuan/.conda/envs/mi_torch_cu118/lib/python3.10/site-packages/torch/onnx/_internal/diagnostics/infra/sarif/__pycache__/_thread_flow_location.cpython-310.pyc
   from /tmp/pip-uninstall-30rrqvv5/onnx/_internal/diagnostics/infra/sarif/__pycache__/_thread_flow_location.cpython-310.pyc
  Moving to /share/home/yuan/.conda/envs/mi_torch_cu118/lib/python3.10/site-packages/torch/onnx/_internal/diagnostics/infra/sarif/__pycache__/_tool.cpython-310.pyc
   from /tmp/pip-uninstall-30rrqvv5/onnx/_internal/diagnostics/infra/sarif/__pycache__/_tool.cpython-310.pyc
  Moving to /share/home/yuan/.conda/envs/mi_torch_cu118/lib/python3.10/site-packages/torch/onnx/_internal/diagnostics/infra/sarif/__pycache__/_tool_component.cpython-310.pyc
   from /tmp/pip-uninstall-30rrqvv5/onnx/_internal/diagnostics/infra/sarif/__pycache__/_tool_component.cpython-310.pyc
  Moving to /share/home/yuan/.conda/envs/mi_torch_cu118/lib/python3.10/site-packages/torch/onnx/_internal/diagnostics/infra/sarif/__pycache__/_tool_component_reference.cpython-310.pyc
   from /tmp/pip-uninstall-30rrqvv5/onnx/_internal/diagnostics/infra/sarif/__pycache__/_tool_component_reference.cpython-310.pyc
  Moving to /share/home/yuan/.conda/envs/mi_torch_cu118/lib/python3.10/site-packages/torch/onnx/_internal/diagnostics/infra/sarif/__pycache__/_translation_metadata.cpython-310.pyc
   from /tmp/pip-uninstall-30rrqvv5/onnx/_internal/diagnostics/infra/sarif/__pycache__/_translation_metadata.cpython-310.pyc
  Moving to /share/home/yuan/.conda/envs/mi_torch_cu118/lib/python3.10/site-packages/torch/onnx/_internal/diagnostics/infra/sarif/__pycache__/_version_control_details.cpython-310.pyc
   from /tmp/pip-uninstall-30rrqvv5/onnx/_internal/diagnostics/infra/sarif/__pycache__/_version_control_details.cpython-310.pyc
  Moving to /share/home/yuan/.conda/envs/mi_torch_cu118/lib/python3.10/site-packages/torch/onnx/_internal/diagnostics/infra/sarif/__pycache__/_web_request.cpython-310.pyc
   from /tmp/pip-uninstall-30rrqvv5/onnx/_internal/diagnostics/infra/sarif/__pycache__/_web_request.cpython-310.pyc
  Moving to /share/home/yuan/.conda/envs/mi_torch_cu118/lib/python3.10/site-packages/torch/onnx/_internal/diagnostics/infra/sarif/__pycache__/_web_response.cpython-310.pyc
   from /tmp/pip-uninstall-30rrqvv5/onnx/_internal/diagnostics/infra/sarif/__pycache__/_web_response.cpython-310.pyc
  Moving to /share/home/yuan/.conda/envs/mi_torch_cu118/lib/python3.10/site-packages/torch/onnx/_internal/diagnostics/infra/sarif/__pycache__/version.cpython-310.pyc
   from /tmp/pip-uninstall-30rrqvv5/onnx/_internal/diagnostics/infra/sarif/__pycache__/version.cpython-310.pyc
  Moving to /share/home/yuan/.conda/envs/mi_torch_cu118/lib/python3.10/site-packages/torch/onnx/_internal/diagnostics/infra/sarif/_address.py
   from /tmp/pip-uninstall-30rrqvv5/onnx/_internal/diagnostics/infra/sarif/_address.py
  Moving to /share/home/yuan/.conda/envs/mi_torch_cu118/lib/python3.10/site-packages/torch/onnx/_internal/diagnostics/infra/sarif/_artifact.py
   from /tmp/pip-uninstall-30rrqvv5/onnx/_internal/diagnostics/infra/sarif/_artifact.py
  Moving to /share/home/yuan/.conda/envs/mi_torch_cu118/lib/python3.10/site-packages/torch/onnx/_internal/diagnostics/infra/sarif/_artifact_change.py
   from /tmp/pip-uninstall-30rrqvv5/onnx/_internal/diagnostics/infra/sarif/_artifact_change.py
  Moving to /share/home/yuan/.conda/envs/mi_torch_cu118/lib/python3.10/site-packages/torch/onnx/_internal/diagnostics/infra/sarif/_artifact_content.py
   from /tmp/pip-uninstall-30rrqvv5/onnx/_internal/diagnostics/infra/sarif/_artifact_content.py
  Moving to /share/home/yuan/.conda/envs/mi_torch_cu118/lib/python3.10/site-packages/torch/onnx/_internal/diagnostics/infra/sarif/_artifact_location.py
   from /tmp/pip-uninstall-30rrqvv5/onnx/_internal/diagnostics/infra/sarif/_artifact_location.py
  Moving to /share/home/yuan/.conda/envs/mi_torch_cu118/lib/python3.10/site-packages/torch/onnx/_internal/diagnostics/infra/sarif/_attachment.py
   from /tmp/pip-uninstall-30rrqvv5/onnx/_internal/diagnostics/infra/sarif/_attachment.py
  Moving to /share/home/yuan/.conda/envs/mi_torch_cu118/lib/python3.10/site-packages/torch/onnx/_internal/diagnostics/infra/sarif/_code_flow.py
   from /tmp/pip-uninstall-30rrqvv5/onnx/_internal/diagnostics/infra/sarif/_code_flow.py
  Moving to /share/home/yuan/.conda/envs/mi_torch_cu118/lib/python3.10/site-packages/torch/onnx/_internal/diagnostics/infra/sarif/_configuration_override.py
   from /tmp/pip-uninstall-30rrqvv5/onnx/_internal/diagnostics/infra/sarif/_configuration_override.py
  Moving to /share/home/yuan/.conda/envs/mi_torch_cu118/lib/python3.10/site-packages/torch/onnx/_internal/diagnostics/infra/sarif/_conversion.py
   from /tmp/pip-uninstall-30rrqvv5/onnx/_internal/diagnostics/infra/sarif/_conversion.py
  Moving to /share/home/yuan/.conda/envs/mi_torch_cu118/lib/python3.10/site-packages/torch/onnx/_internal/diagnostics/infra/sarif/_edge.py
   from /tmp/pip-uninstall-30rrqvv5/onnx/_internal/diagnostics/infra/sarif/_edge.py
  Moving to /share/home/yuan/.conda/envs/mi_torch_cu118/lib/python3.10/site-packages/torch/onnx/_internal/diagnostics/infra/sarif/_edge_traversal.py
   from /tmp/pip-uninstall-30rrqvv5/onnx/_internal/diagnostics/infra/sarif/_edge_traversal.py
  Moving to /share/home/yuan/.conda/envs/mi_torch_cu118/lib/python3.10/site-packages/torch/onnx/_internal/diagnostics/infra/sarif/_exception.py
   from /tmp/pip-uninstall-30rrqvv5/onnx/_internal/diagnostics/infra/sarif/_exception.py
  Moving to /share/home/yuan/.conda/envs/mi_torch_cu118/lib/python3.10/site-packages/torch/onnx/_internal/diagnostics/infra/sarif/_external_properties.py
   from /tmp/pip-uninstall-30rrqvv5/onnx/_internal/diagnostics/infra/sarif/_external_properties.py
  Moving to /share/home/yuan/.conda/envs/mi_torch_cu118/lib/python3.10/site-packages/torch/onnx/_internal/diagnostics/infra/sarif/_external_property_file_reference.py
   from /tmp/pip-uninstall-30rrqvv5/onnx/_internal/diagnostics/infra/sarif/_external_property_file_reference.py
  Moving to /share/home/yuan/.conda/envs/mi_torch_cu118/lib/python3.10/site-packages/torch/onnx/_internal/diagnostics/infra/sarif/_external_property_file_references.py
   from /tmp/pip-uninstall-30rrqvv5/onnx/_internal/diagnostics/infra/sarif/_external_property_file_references.py
  Moving to /share/home/yuan/.conda/envs/mi_torch_cu118/lib/python3.10/site-packages/torch/onnx/_internal/diagnostics/infra/sarif/_fix.py
   from /tmp/pip-uninstall-30rrqvv5/onnx/_internal/diagnostics/infra/sarif/_fix.py
  Moving to /share/home/yuan/.conda/envs/mi_torch_cu118/lib/python3.10/site-packages/torch/onnx/_internal/diagnostics/infra/sarif/_graph.py
   from /tmp/pip-uninstall-30rrqvv5/onnx/_internal/diagnostics/infra/sarif/_graph.py
  Moving to /share/home/yuan/.conda/envs/mi_torch_cu118/lib/python3.10/site-packages/torch/onnx/_internal/diagnostics/infra/sarif/_graph_traversal.py
   from /tmp/pip-uninstall-30rrqvv5/onnx/_internal/diagnostics/infra/sarif/_graph_traversal.py
  Moving to /share/home/yuan/.conda/envs/mi_torch_cu118/lib/python3.10/site-packages/torch/onnx/_internal/diagnostics/infra/sarif/_invocation.py
   from /tmp/pip-uninstall-30rrqvv5/onnx/_internal/diagnostics/infra/sarif/_invocation.py
  Moving to /share/home/yuan/.conda/envs/mi_torch_cu118/lib/python3.10/site-packages/torch/onnx/_internal/diagnostics/infra/sarif/_location.py
   from /tmp/pip-uninstall-30rrqvv5/onnx/_internal/diagnostics/infra/sarif/_location.py
  Moving to /share/home/yuan/.conda/envs/mi_torch_cu118/lib/python3.10/site-packages/torch/onnx/_internal/diagnostics/infra/sarif/_location_relationship.py
   from /tmp/pip-uninstall-30rrqvv5/onnx/_internal/diagnostics/infra/sarif/_location_relationship.py
  Moving to /share/home/yuan/.conda/envs/mi_torch_cu118/lib/python3.10/site-packages/torch/onnx/_internal/diagnostics/infra/sarif/_logical_location.py
   from /tmp/pip-uninstall-30rrqvv5/onnx/_internal/diagnostics/infra/sarif/_logical_location.py
  Moving to /share/home/yuan/.conda/envs/mi_torch_cu118/lib/python3.10/site-packages/torch/onnx/_internal/diagnostics/infra/sarif/_message.py
   from /tmp/pip-uninstall-30rrqvv5/onnx/_internal/diagnostics/infra/sarif/_message.py
  Moving to /share/home/yuan/.conda/envs/mi_torch_cu118/lib/python3.10/site-packages/torch/onnx/_internal/diagnostics/infra/sarif/_multiformat_message_string.py
   from /tmp/pip-uninstall-30rrqvv5/onnx/_internal/diagnostics/infra/sarif/_multiformat_message_string.py
  Moving to /share/home/yuan/.conda/envs/mi_torch_cu118/lib/python3.10/site-packages/torch/onnx/_internal/diagnostics/infra/sarif/_node.py
   from /tmp/pip-uninstall-30rrqvv5/onnx/_internal/diagnostics/infra/sarif/_node.py
  Moving to /share/home/yuan/.conda/envs/mi_torch_cu118/lib/python3.10/site-packages/torch/onnx/_internal/diagnostics/infra/sarif/_notification.py
   from /tmp/pip-uninstall-30rrqvv5/onnx/_internal/diagnostics/infra/sarif/_notification.py
  Moving to /share/home/yuan/.conda/envs/mi_torch_cu118/lib/python3.10/site-packages/torch/onnx/_internal/diagnostics/infra/sarif/_physical_location.py
   from /tmp/pip-uninstall-30rrqvv5/onnx/_internal/diagnostics/infra/sarif/_physical_location.py
  Moving to /share/home/yuan/.conda/envs/mi_torch_cu118/lib/python3.10/site-packages/torch/onnx/_internal/diagnostics/infra/sarif/_property_bag.py
   from /tmp/pip-uninstall-30rrqvv5/onnx/_internal/diagnostics/infra/sarif/_property_bag.py
  Moving to /share/home/yuan/.conda/envs/mi_torch_cu118/lib/python3.10/site-packages/torch/onnx/_internal/diagnostics/infra/sarif/_rectangle.py
   from /tmp/pip-uninstall-30rrqvv5/onnx/_internal/diagnostics/infra/sarif/_rectangle.py
  Moving to /share/home/yuan/.conda/envs/mi_torch_cu118/lib/python3.10/site-packages/torch/onnx/_internal/diagnostics/infra/sarif/_region.py
   from /tmp/pip-uninstall-30rrqvv5/onnx/_internal/diagnostics/infra/sarif/_region.py
  Moving to /share/home/yuan/.conda/envs/mi_torch_cu118/lib/python3.10/site-packages/torch/onnx/_internal/diagnostics/infra/sarif/_replacement.py
   from /tmp/pip-uninstall-30rrqvv5/onnx/_internal/diagnostics/infra/sarif/_replacement.py
  Moving to /share/home/yuan/.conda/envs/mi_torch_cu118/lib/python3.10/site-packages/torch/onnx/_internal/diagnostics/infra/sarif/_reporting_configuration.py
   from /tmp/pip-uninstall-30rrqvv5/onnx/_internal/diagnostics/infra/sarif/_reporting_configuration.py
  Moving to /share/home/yuan/.conda/envs/mi_torch_cu118/lib/python3.10/site-packages/torch/onnx/_internal/diagnostics/infra/sarif/_reporting_descriptor.py
   from /tmp/pip-uninstall-30rrqvv5/onnx/_internal/diagnostics/infra/sarif/_reporting_descriptor.py
  Moving to /share/home/yuan/.conda/envs/mi_torch_cu118/lib/python3.10/site-packages/torch/onnx/_internal/diagnostics/infra/sarif/_reporting_descriptor_reference.py
   from /tmp/pip-uninstall-30rrqvv5/onnx/_internal/diagnostics/infra/sarif/_reporting_descriptor_reference.py
  Moving to /share/home/yuan/.conda/envs/mi_torch_cu118/lib/python3.10/site-packages/torch/onnx/_internal/diagnostics/infra/sarif/_reporting_descriptor_relationship.py
   from /tmp/pip-uninstall-30rrqvv5/onnx/_internal/diagnostics/infra/sarif/_reporting_descriptor_relationship.py
  Moving to /share/home/yuan/.conda/envs/mi_torch_cu118/lib/python3.10/site-packages/torch/onnx/_internal/diagnostics/infra/sarif/_result.py
   from /tmp/pip-uninstall-30rrqvv5/onnx/_internal/diagnostics/infra/sarif/_result.py
  Moving to /share/home/yuan/.conda/envs/mi_torch_cu118/lib/python3.10/site-packages/torch/onnx/_internal/diagnostics/infra/sarif/_result_provenance.py
   from /tmp/pip-uninstall-30rrqvv5/onnx/_internal/diagnostics/infra/sarif/_result_provenance.py
  Moving to /share/home/yuan/.conda/envs/mi_torch_cu118/lib/python3.10/site-packages/torch/onnx/_internal/diagnostics/infra/sarif/_run.py
   from /tmp/pip-uninstall-30rrqvv5/onnx/_internal/diagnostics/infra/sarif/_run.py
  Moving to /share/home/yuan/.conda/envs/mi_torch_cu118/lib/python3.10/site-packages/torch/onnx/_internal/diagnostics/infra/sarif/_run_automation_details.py
   from /tmp/pip-uninstall-30rrqvv5/onnx/_internal/diagnostics/infra/sarif/_run_automation_details.py
  Moving to /share/home/yuan/.conda/envs/mi_torch_cu118/lib/python3.10/site-packages/torch/onnx/_internal/diagnostics/infra/sarif/_sarif_log.py
   from /tmp/pip-uninstall-30rrqvv5/onnx/_internal/diagnostics/infra/sarif/_sarif_log.py
  Moving to /share/home/yuan/.conda/envs/mi_torch_cu118/lib/python3.10/site-packages/torch/onnx/_internal/diagnostics/infra/sarif/_special_locations.py
   from /tmp/pip-uninstall-30rrqvv5/onnx/_internal/diagnostics/infra/sarif/_special_locations.py
  Moving to /share/home/yuan/.conda/envs/mi_torch_cu118/lib/python3.10/site-packages/torch/onnx/_internal/diagnostics/infra/sarif/_stack.py
   from /tmp/pip-uninstall-30rrqvv5/onnx/_internal/diagnostics/infra/sarif/_stack.py
  Moving to /share/home/yuan/.conda/envs/mi_torch_cu118/lib/python3.10/site-packages/torch/onnx/_internal/diagnostics/infra/sarif/_stack_frame.py
   from /tmp/pip-uninstall-30rrqvv5/onnx/_internal/diagnostics/infra/sarif/_stack_frame.py
  Moving to /share/home/yuan/.conda/envs/mi_torch_cu118/lib/python3.10/site-packages/torch/onnx/_internal/diagnostics/infra/sarif/_suppression.py
   from /tmp/pip-uninstall-30rrqvv5/onnx/_internal/diagnostics/infra/sarif/_suppression.py
  Moving to /share/home/yuan/.conda/envs/mi_torch_cu118/lib/python3.10/site-packages/torch/onnx/_internal/diagnostics/infra/sarif/_thread_flow.py
   from /tmp/pip-uninstall-30rrqvv5/onnx/_internal/diagnostics/infra/sarif/_thread_flow.py
  Moving to /share/home/yuan/.conda/envs/mi_torch_cu118/lib/python3.10/site-packages/torch/onnx/_internal/diagnostics/infra/sarif/_thread_flow_location.py
   from /tmp/pip-uninstall-30rrqvv5/onnx/_internal/diagnostics/infra/sarif/_thread_flow_location.py
  Moving to /share/home/yuan/.conda/envs/mi_torch_cu118/lib/python3.10/site-packages/torch/onnx/_internal/diagnostics/infra/sarif/_tool.py
   from /tmp/pip-uninstall-30rrqvv5/onnx/_internal/diagnostics/infra/sarif/_tool.py
  Moving to /share/home/yuan/.conda/envs/mi_torch_cu118/lib/python3.10/site-packages/torch/onnx/_internal/diagnostics/infra/sarif/_tool_component.py
   from /tmp/pip-uninstall-30rrqvv5/onnx/_internal/diagnostics/infra/sarif/_tool_component.py
  Moving to /share/home/yuan/.conda/envs/mi_torch_cu118/lib/python3.10/site-packages/torch/onnx/_internal/diagnostics/infra/sarif/_tool_component_reference.py
   from /tmp/pip-uninstall-30rrqvv5/onnx/_internal/diagnostics/infra/sarif/_tool_component_reference.py
  Moving to /share/home/yuan/.conda/envs/mi_torch_cu118/lib/python3.10/site-packages/torch/onnx/_internal/diagnostics/infra/sarif/_translation_metadata.py
   from /tmp/pip-uninstall-30rrqvv5/onnx/_internal/diagnostics/infra/sarif/_translation_metadata.py
  Moving to /share/home/yuan/.conda/envs/mi_torch_cu118/lib/python3.10/site-packages/torch/onnx/_internal/diagnostics/infra/sarif/_version_control_details.py
   from /tmp/pip-uninstall-30rrqvv5/onnx/_internal/diagnostics/infra/sarif/_version_control_details.py
  Moving to /share/home/yuan/.conda/envs/mi_torch_cu118/lib/python3.10/site-packages/torch/onnx/_internal/diagnostics/infra/sarif/_web_request.py
   from /tmp/pip-uninstall-30rrqvv5/onnx/_internal/diagnostics/infra/sarif/_web_request.py
  Moving to /share/home/yuan/.conda/envs/mi_torch_cu118/lib/python3.10/site-packages/torch/onnx/_internal/diagnostics/infra/sarif/_web_response.py
   from /tmp/pip-uninstall-30rrqvv5/onnx/_internal/diagnostics/infra/sarif/_web_response.py
  Moving to /share/home/yuan/.conda/envs/mi_torch_cu118/lib/python3.10/site-packages/torch/onnx/_internal/diagnostics/infra/sarif/version.py
   from /tmp/pip-uninstall-30rrqvv5/onnx/_internal/diagnostics/infra/sarif/version.py
  Moving to /share/home/yuan/.conda/envs/mi_torch_cu118/lib/python3.10/site-packages/torch/onnx/_internal/diagnostics/infra/utils.py
   from /tmp/pip-uninstall-30rrqvv5/onnx/_internal/diagnostics/infra/utils.py
  Moving to /share/home/yuan/.conda/envs/mi_torch_cu118/lib/python3.10/site-packages/torch/onnx/_internal/exporter/__init__.py
   from /tmp/pip-uninstall-30rrqvv5/onnx/_internal/exporter/__init__.py
  Moving to /share/home/yuan/.conda/envs/mi_torch_cu118/lib/python3.10/site-packages/torch/onnx/_internal/exporter/__pycache__/__init__.cpython-310.pyc
   from /tmp/pip-uninstall-30rrqvv5/onnx/_internal/exporter/__pycache__/__init__.cpython-310.pyc
  Moving to /share/home/yuan/.conda/envs/mi_torch_cu118/lib/python3.10/site-packages/torch/onnx/_internal/exporter/__pycache__/_analysis.cpython-310.pyc
   from /tmp/pip-uninstall-30rrqvv5/onnx/_internal/exporter/__pycache__/_analysis.cpython-310.pyc
  Moving to /share/home/yuan/.conda/envs/mi_torch_cu118/lib/python3.10/site-packages/torch/onnx/_internal/exporter/__pycache__/_building.cpython-310.pyc
   from /tmp/pip-uninstall-30rrqvv5/onnx/_internal/exporter/__pycache__/_building.cpython-310.pyc
  Moving to /share/home/yuan/.conda/envs/mi_torch_cu118/lib/python3.10/site-packages/torch/onnx/_internal/exporter/__pycache__/_capture_strategies.cpython-310.pyc
   from /tmp/pip-uninstall-30rrqvv5/onnx/_internal/exporter/__pycache__/_capture_strategies.cpython-310.pyc
  Moving to /share/home/yuan/.conda/envs/mi_torch_cu118/lib/python3.10/site-packages/torch/onnx/_internal/exporter/__pycache__/_compat.cpython-310.pyc
   from /tmp/pip-uninstall-30rrqvv5/onnx/_internal/exporter/__pycache__/_compat.cpython-310.pyc
  Moving to /share/home/yuan/.conda/envs/mi_torch_cu118/lib/python3.10/site-packages/torch/onnx/_internal/exporter/__pycache__/_core.cpython-310.pyc
   from /tmp/pip-uninstall-30rrqvv5/onnx/_internal/exporter/__pycache__/_core.cpython-310.pyc
  Moving to /share/home/yuan/.conda/envs/mi_torch_cu118/lib/python3.10/site-packages/torch/onnx/_internal/exporter/__pycache__/_decomp.cpython-310.pyc
   from /tmp/pip-uninstall-30rrqvv5/onnx/_internal/exporter/__pycache__/_decomp.cpython-310.pyc
  Moving to /share/home/yuan/.conda/envs/mi_torch_cu118/lib/python3.10/site-packages/torch/onnx/_internal/exporter/__pycache__/_dispatching.cpython-310.pyc
   from /tmp/pip-uninstall-30rrqvv5/onnx/_internal/exporter/__pycache__/_dispatching.cpython-310.pyc
  Moving to /share/home/yuan/.conda/envs/mi_torch_cu118/lib/python3.10/site-packages/torch/onnx/_internal/exporter/__pycache__/_errors.cpython-310.pyc
   from /tmp/pip-uninstall-30rrqvv5/onnx/_internal/exporter/__pycache__/_errors.cpython-310.pyc
  Moving to /share/home/yuan/.conda/envs/mi_torch_cu118/lib/python3.10/site-packages/torch/onnx/_internal/exporter/__pycache__/_fx_passes.cpython-310.pyc
   from /tmp/pip-uninstall-30rrqvv5/onnx/_internal/exporter/__pycache__/_fx_passes.cpython-310.pyc
  Moving to /share/home/yuan/.conda/envs/mi_torch_cu118/lib/python3.10/site-packages/torch/onnx/_internal/exporter/__pycache__/_ir_passes.cpython-310.pyc
   from /tmp/pip-uninstall-30rrqvv5/onnx/_internal/exporter/__pycache__/_ir_passes.cpython-310.pyc
  Moving to /share/home/yuan/.conda/envs/mi_torch_cu118/lib/python3.10/site-packages/torch/onnx/_internal/exporter/__pycache__/_isolated.cpython-310.pyc
   from /tmp/pip-uninstall-30rrqvv5/onnx/_internal/exporter/__pycache__/_isolated.cpython-310.pyc
  Moving to /share/home/yuan/.conda/envs/mi_torch_cu118/lib/python3.10/site-packages/torch/onnx/_internal/exporter/__pycache__/_onnx_program.cpython-310.pyc
   from /tmp/pip-uninstall-30rrqvv5/onnx/_internal/exporter/__pycache__/_onnx_program.cpython-310.pyc
  Moving to /share/home/yuan/.conda/envs/mi_torch_cu118/lib/python3.10/site-packages/torch/onnx/_internal/exporter/__pycache__/_registration.cpython-310.pyc
   from /tmp/pip-uninstall-30rrqvv5/onnx/_internal/exporter/__pycache__/_registration.cpython-310.pyc
  Moving to /share/home/yuan/.conda/envs/mi_torch_cu118/lib/python3.10/site-packages/torch/onnx/_internal/exporter/__pycache__/_reporting.cpython-310.pyc
   from /tmp/pip-uninstall-30rrqvv5/onnx/_internal/exporter/__pycache__/_reporting.cpython-310.pyc
  Moving to /share/home/yuan/.conda/envs/mi_torch_cu118/lib/python3.10/site-packages/torch/onnx/_internal/exporter/__pycache__/_schemas.cpython-310.pyc
   from /tmp/pip-uninstall-30rrqvv5/onnx/_internal/exporter/__pycache__/_schemas.cpython-310.pyc
  Moving to /share/home/yuan/.conda/envs/mi_torch_cu118/lib/python3.10/site-packages/torch/onnx/_internal/exporter/__pycache__/_tensors.cpython-310.pyc
   from /tmp/pip-uninstall-30rrqvv5/onnx/_internal/exporter/__pycache__/_tensors.cpython-310.pyc
  Moving to /share/home/yuan/.conda/envs/mi_torch_cu118/lib/python3.10/site-packages/torch/onnx/_internal/exporter/__pycache__/_testing.cpython-310.pyc
   from /tmp/pip-uninstall-30rrqvv5/onnx/_internal/exporter/__pycache__/_testing.cpython-310.pyc
  Moving to /share/home/yuan/.conda/envs/mi_torch_cu118/lib/python3.10/site-packages/torch/onnx/_internal/exporter/__pycache__/_verification.cpython-310.pyc
   from /tmp/pip-uninstall-30rrqvv5/onnx/_internal/exporter/__pycache__/_verification.cpython-310.pyc
  Moving to /share/home/yuan/.conda/envs/mi_torch_cu118/lib/python3.10/site-packages/torch/onnx/_internal/exporter/_analysis.py
   from /tmp/pip-uninstall-30rrqvv5/onnx/_internal/exporter/_analysis.py
  Moving to /share/home/yuan/.conda/envs/mi_torch_cu118/lib/python3.10/site-packages/torch/onnx/_internal/exporter/_building.py
   from /tmp/pip-uninstall-30rrqvv5/onnx/_internal/exporter/_building.py
  Moving to /share/home/yuan/.conda/envs/mi_torch_cu118/lib/python3.10/site-packages/torch/onnx/_internal/exporter/_capture_strategies.py
   from /tmp/pip-uninstall-30rrqvv5/onnx/_internal/exporter/_capture_strategies.py
  Moving to /share/home/yuan/.conda/envs/mi_torch_cu118/lib/python3.10/site-packages/torch/onnx/_internal/exporter/_compat.py
   from /tmp/pip-uninstall-30rrqvv5/onnx/_internal/exporter/_compat.py
  Moving to /share/home/yuan/.conda/envs/mi_torch_cu118/lib/python3.10/site-packages/torch/onnx/_internal/exporter/_core.py
   from /tmp/pip-uninstall-30rrqvv5/onnx/_internal/exporter/_core.py
  Moving to /share/home/yuan/.conda/envs/mi_torch_cu118/lib/python3.10/site-packages/torch/onnx/_internal/exporter/_decomp.py
   from /tmp/pip-uninstall-30rrqvv5/onnx/_internal/exporter/_decomp.py
  Moving to /share/home/yuan/.conda/envs/mi_torch_cu118/lib/python3.10/site-packages/torch/onnx/_internal/exporter/_dispatching.py
   from /tmp/pip-uninstall-30rrqvv5/onnx/_internal/exporter/_dispatching.py
  Moving to /share/home/yuan/.conda/envs/mi_torch_cu118/lib/python3.10/site-packages/torch/onnx/_internal/exporter/_errors.py
   from /tmp/pip-uninstall-30rrqvv5/onnx/_internal/exporter/_errors.py
  Moving to /share/home/yuan/.conda/envs/mi_torch_cu118/lib/python3.10/site-packages/torch/onnx/_internal/exporter/_fx_passes.py
   from /tmp/pip-uninstall-30rrqvv5/onnx/_internal/exporter/_fx_passes.py
  Moving to /share/home/yuan/.conda/envs/mi_torch_cu118/lib/python3.10/site-packages/torch/onnx/_internal/exporter/_ir_passes.py
   from /tmp/pip-uninstall-30rrqvv5/onnx/_internal/exporter/_ir_passes.py
  Moving to /share/home/yuan/.conda/envs/mi_torch_cu118/lib/python3.10/site-packages/torch/onnx/_internal/exporter/_isolated.py
   from /tmp/pip-uninstall-30rrqvv5/onnx/_internal/exporter/_isolated.py
  Moving to /share/home/yuan/.conda/envs/mi_torch_cu118/lib/python3.10/site-packages/torch/onnx/_internal/exporter/_onnx_program.py
   from /tmp/pip-uninstall-30rrqvv5/onnx/_internal/exporter/_onnx_program.py
  Moving to /share/home/yuan/.conda/envs/mi_torch_cu118/lib/python3.10/site-packages/torch/onnx/_internal/exporter/_registration.py
   from /tmp/pip-uninstall-30rrqvv5/onnx/_internal/exporter/_registration.py
  Moving to /share/home/yuan/.conda/envs/mi_torch_cu118/lib/python3.10/site-packages/torch/onnx/_internal/exporter/_reporting.py
   from /tmp/pip-uninstall-30rrqvv5/onnx/_internal/exporter/_reporting.py
  Moving to /share/home/yuan/.conda/envs/mi_torch_cu118/lib/python3.10/site-packages/torch/onnx/_internal/exporter/_schemas.py
   from /tmp/pip-uninstall-30rrqvv5/onnx/_internal/exporter/_schemas.py
  Moving to /share/home/yuan/.conda/envs/mi_torch_cu118/lib/python3.10/site-packages/torch/onnx/_internal/exporter/_tensors.py
   from /tmp/pip-uninstall-30rrqvv5/onnx/_internal/exporter/_tensors.py
  Moving to /share/home/yuan/.conda/envs/mi_torch_cu118/lib/python3.10/site-packages/torch/onnx/_internal/exporter/_testing.py
   from /tmp/pip-uninstall-30rrqvv5/onnx/_internal/exporter/_testing.py
  Moving to /share/home/yuan/.conda/envs/mi_torch_cu118/lib/python3.10/site-packages/torch/onnx/_internal/exporter/_torchlib/__init__.py
   from /tmp/pip-uninstall-30rrqvv5/onnx/_internal/exporter/_torchlib/__init__.py
  Moving to /share/home/yuan/.conda/envs/mi_torch_cu118/lib/python3.10/site-packages/torch/onnx/_internal/exporter/_torchlib/__pycache__/__init__.cpython-310.pyc
   from /tmp/pip-uninstall-30rrqvv5/onnx/_internal/exporter/_torchlib/__pycache__/__init__.cpython-310.pyc
  Moving to /share/home/yuan/.conda/envs/mi_torch_cu118/lib/python3.10/site-packages/torch/onnx/_internal/exporter/_torchlib/__pycache__/_torchlib_registry.cpython-310.pyc
   from /tmp/pip-uninstall-30rrqvv5/onnx/_internal/exporter/_torchlib/__pycache__/_torchlib_registry.cpython-310.pyc
  Moving to /share/home/yuan/.conda/envs/mi_torch_cu118/lib/python3.10/site-packages/torch/onnx/_internal/exporter/_torchlib/_torchlib_registry.py
   from /tmp/pip-uninstall-30rrqvv5/onnx/_internal/exporter/_torchlib/_torchlib_registry.py
  Moving to /share/home/yuan/.conda/envs/mi_torch_cu118/lib/python3.10/site-packages/torch/onnx/_internal/exporter/_torchlib/ops/__init__.py
   from /tmp/pip-uninstall-30rrqvv5/onnx/_internal/exporter/_torchlib/ops/__init__.py
  Moving to /share/home/yuan/.conda/envs/mi_torch_cu118/lib/python3.10/site-packages/torch/onnx/_internal/exporter/_torchlib/ops/__pycache__/__init__.cpython-310.pyc
   from /tmp/pip-uninstall-30rrqvv5/onnx/_internal/exporter/_torchlib/ops/__pycache__/__init__.cpython-310.pyc
  Moving to /share/home/yuan/.conda/envs/mi_torch_cu118/lib/python3.10/site-packages/torch/onnx/_internal/exporter/_torchlib/ops/__pycache__/hop.cpython-310.pyc
   from /tmp/pip-uninstall-30rrqvv5/onnx/_internal/exporter/_torchlib/ops/__pycache__/hop.cpython-310.pyc
  Moving to /share/home/yuan/.conda/envs/mi_torch_cu118/lib/python3.10/site-packages/torch/onnx/_internal/exporter/_torchlib/ops/hop.py
   from /tmp/pip-uninstall-30rrqvv5/onnx/_internal/exporter/_torchlib/ops/hop.py
  Moving to /share/home/yuan/.conda/envs/mi_torch_cu118/lib/python3.10/site-packages/torch/onnx/_internal/exporter/_verification.py
   from /tmp/pip-uninstall-30rrqvv5/onnx/_internal/exporter/_verification.py
  Moving to /share/home/yuan/.conda/envs/mi_torch_cu118/lib/python3.10/site-packages/torch/onnx/_internal/fx/__init__.py
   from /tmp/pip-uninstall-30rrqvv5/onnx/_internal/fx/__init__.py
  Moving to /share/home/yuan/.conda/envs/mi_torch_cu118/lib/python3.10/site-packages/torch/onnx/_internal/fx/__pycache__/__init__.cpython-310.pyc
   from /tmp/pip-uninstall-30rrqvv5/onnx/_internal/fx/__pycache__/__init__.cpython-310.pyc
  Moving to /share/home/yuan/.conda/envs/mi_torch_cu118/lib/python3.10/site-packages/torch/onnx/_internal/fx/__pycache__/_pass.cpython-310.pyc
   from /tmp/pip-uninstall-30rrqvv5/onnx/_internal/fx/__pycache__/_pass.cpython-310.pyc
  Moving to /share/home/yuan/.conda/envs/mi_torch_cu118/lib/python3.10/site-packages/torch/onnx/_internal/fx/__pycache__/decomposition_skip.cpython-310.pyc
   from /tmp/pip-uninstall-30rrqvv5/onnx/_internal/fx/__pycache__/decomposition_skip.cpython-310.pyc
  Moving to /share/home/yuan/.conda/envs/mi_torch_cu118/lib/python3.10/site-packages/torch/onnx/_internal/fx/__pycache__/decomposition_table.cpython-310.pyc
   from /tmp/pip-uninstall-30rrqvv5/onnx/_internal/fx/__pycache__/decomposition_table.cpython-310.pyc
  Moving to /share/home/yuan/.conda/envs/mi_torch_cu118/lib/python3.10/site-packages/torch/onnx/_internal/fx/__pycache__/diagnostics.cpython-310.pyc
   from /tmp/pip-uninstall-30rrqvv5/onnx/_internal/fx/__pycache__/diagnostics.cpython-310.pyc
  Moving to /share/home/yuan/.conda/envs/mi_torch_cu118/lib/python3.10/site-packages/torch/onnx/_internal/fx/__pycache__/dynamo_graph_extractor.cpython-310.pyc
   from /tmp/pip-uninstall-30rrqvv5/onnx/_internal/fx/__pycache__/dynamo_graph_extractor.cpython-310.pyc
  Moving to /share/home/yuan/.conda/envs/mi_torch_cu118/lib/python3.10/site-packages/torch/onnx/_internal/fx/__pycache__/fx_onnx_interpreter.cpython-310.pyc
   from /tmp/pip-uninstall-30rrqvv5/onnx/_internal/fx/__pycache__/fx_onnx_interpreter.cpython-310.pyc
  Moving to /share/home/yuan/.conda/envs/mi_torch_cu118/lib/python3.10/site-packages/torch/onnx/_internal/fx/__pycache__/fx_symbolic_graph_extractor.cpython-310.pyc
   from /tmp/pip-uninstall-30rrqvv5/onnx/_internal/fx/__pycache__/fx_symbolic_graph_extractor.cpython-310.pyc
  Moving to /share/home/yuan/.conda/envs/mi_torch_cu118/lib/python3.10/site-packages/torch/onnx/_internal/fx/__pycache__/onnxfunction_dispatcher.cpython-310.pyc
   from /tmp/pip-uninstall-30rrqvv5/onnx/_internal/fx/__pycache__/onnxfunction_dispatcher.cpython-310.pyc
  Moving to /share/home/yuan/.conda/envs/mi_torch_cu118/lib/python3.10/site-packages/torch/onnx/_internal/fx/__pycache__/patcher.cpython-310.pyc
   from /tmp/pip-uninstall-30rrqvv5/onnx/_internal/fx/__pycache__/patcher.cpython-310.pyc
  Moving to /share/home/yuan/.conda/envs/mi_torch_cu118/lib/python3.10/site-packages/torch/onnx/_internal/fx/__pycache__/registration.cpython-310.pyc
   from /tmp/pip-uninstall-30rrqvv5/onnx/_internal/fx/__pycache__/registration.cpython-310.pyc
  Moving to /share/home/yuan/.conda/envs/mi_torch_cu118/lib/python3.10/site-packages/torch/onnx/_internal/fx/__pycache__/serialization.cpython-310.pyc
   from /tmp/pip-uninstall-30rrqvv5/onnx/_internal/fx/__pycache__/serialization.cpython-310.pyc
  Moving to /share/home/yuan/.conda/envs/mi_torch_cu118/lib/python3.10/site-packages/torch/onnx/_internal/fx/__pycache__/type_utils.cpython-310.pyc
   from /tmp/pip-uninstall-30rrqvv5/onnx/_internal/fx/__pycache__/type_utils.cpython-310.pyc
  Moving to /share/home/yuan/.conda/envs/mi_torch_cu118/lib/python3.10/site-packages/torch/onnx/_internal/fx/_pass.py
   from /tmp/pip-uninstall-30rrqvv5/onnx/_internal/fx/_pass.py
  Moving to /share/home/yuan/.conda/envs/mi_torch_cu118/lib/python3.10/site-packages/torch/onnx/_internal/fx/analysis/__init__.py
   from /tmp/pip-uninstall-30rrqvv5/onnx/_internal/fx/analysis/__init__.py
  Moving to /share/home/yuan/.conda/envs/mi_torch_cu118/lib/python3.10/site-packages/torch/onnx/_internal/fx/analysis/__pycache__/__init__.cpython-310.pyc
   from /tmp/pip-uninstall-30rrqvv5/onnx/_internal/fx/analysis/__pycache__/__init__.cpython-310.pyc
  Moving to /share/home/yuan/.conda/envs/mi_torch_cu118/lib/python3.10/site-packages/torch/onnx/_internal/fx/analysis/__pycache__/unsupported_nodes.cpython-310.pyc
   from /tmp/pip-uninstall-30rrqvv5/onnx/_internal/fx/analysis/__pycache__/unsupported_nodes.cpython-310.pyc
  Moving to /share/home/yuan/.conda/envs/mi_torch_cu118/lib/python3.10/site-packages/torch/onnx/_internal/fx/analysis/unsupported_nodes.py
   from /tmp/pip-uninstall-30rrqvv5/onnx/_internal/fx/analysis/unsupported_nodes.py
  Moving to /share/home/yuan/.conda/envs/mi_torch_cu118/lib/python3.10/site-packages/torch/onnx/_internal/fx/decomposition_skip.py
   from /tmp/pip-uninstall-30rrqvv5/onnx/_internal/fx/decomposition_skip.py
  Moving to /share/home/yuan/.conda/envs/mi_torch_cu118/lib/python3.10/site-packages/torch/onnx/_internal/fx/decomposition_table.py
   from /tmp/pip-uninstall-30rrqvv5/onnx/_internal/fx/decomposition_table.py
  Moving to /share/home/yuan/.conda/envs/mi_torch_cu118/lib/python3.10/site-packages/torch/onnx/_internal/fx/diagnostics.py
   from /tmp/pip-uninstall-30rrqvv5/onnx/_internal/fx/diagnostics.py
  Moving to /share/home/yuan/.conda/envs/mi_torch_cu118/lib/python3.10/site-packages/torch/onnx/_internal/fx/dynamo_graph_extractor.py
   from /tmp/pip-uninstall-30rrqvv5/onnx/_internal/fx/dynamo_graph_extractor.py
  Moving to /share/home/yuan/.conda/envs/mi_torch_cu118/lib/python3.10/site-packages/torch/onnx/_internal/fx/fx_onnx_interpreter.py
   from /tmp/pip-uninstall-30rrqvv5/onnx/_internal/fx/fx_onnx_interpreter.py
  Moving to /share/home/yuan/.conda/envs/mi_torch_cu118/lib/python3.10/site-packages/torch/onnx/_internal/fx/fx_symbolic_graph_extractor.py
   from /tmp/pip-uninstall-30rrqvv5/onnx/_internal/fx/fx_symbolic_graph_extractor.py
  Moving to /share/home/yuan/.conda/envs/mi_torch_cu118/lib/python3.10/site-packages/torch/onnx/_internal/fx/onnxfunction_dispatcher.py
   from /tmp/pip-uninstall-30rrqvv5/onnx/_internal/fx/onnxfunction_dispatcher.py
  Moving to /share/home/yuan/.conda/envs/mi_torch_cu118/lib/python3.10/site-packages/torch/onnx/_internal/fx/passes/__init__.py
   from /tmp/pip-uninstall-30rrqvv5/onnx/_internal/fx/passes/__init__.py
  Moving to /share/home/yuan/.conda/envs/mi_torch_cu118/lib/python3.10/site-packages/torch/onnx/_internal/fx/passes/__pycache__/__init__.cpython-310.pyc
   from /tmp/pip-uninstall-30rrqvv5/onnx/_internal/fx/passes/__pycache__/__init__.cpython-310.pyc
  Moving to /share/home/yuan/.conda/envs/mi_torch_cu118/lib/python3.10/site-packages/torch/onnx/_internal/fx/passes/__pycache__/_utils.cpython-310.pyc
   from /tmp/pip-uninstall-30rrqvv5/onnx/_internal/fx/passes/__pycache__/_utils.cpython-310.pyc
  Moving to /share/home/yuan/.conda/envs/mi_torch_cu118/lib/python3.10/site-packages/torch/onnx/_internal/fx/passes/__pycache__/decomp.cpython-310.pyc
   from /tmp/pip-uninstall-30rrqvv5/onnx/_internal/fx/passes/__pycache__/decomp.cpython-310.pyc
  Moving to /share/home/yuan/.conda/envs/mi_torch_cu118/lib/python3.10/site-packages/torch/onnx/_internal/fx/passes/__pycache__/functionalization.cpython-310.pyc
   from /tmp/pip-uninstall-30rrqvv5/onnx/_internal/fx/passes/__pycache__/functionalization.cpython-310.pyc
  Moving to /share/home/yuan/.conda/envs/mi_torch_cu118/lib/python3.10/site-packages/torch/onnx/_internal/fx/passes/__pycache__/modularization.cpython-310.pyc
   from /tmp/pip-uninstall-30rrqvv5/onnx/_internal/fx/passes/__pycache__/modularization.cpython-310.pyc
  Moving to /share/home/yuan/.conda/envs/mi_torch_cu118/lib/python3.10/site-packages/torch/onnx/_internal/fx/passes/__pycache__/readability.cpython-310.pyc
   from /tmp/pip-uninstall-30rrqvv5/onnx/_internal/fx/passes/__pycache__/readability.cpython-310.pyc
  Moving to /share/home/yuan/.conda/envs/mi_torch_cu118/lib/python3.10/site-packages/torch/onnx/_internal/fx/passes/__pycache__/type_promotion.cpython-310.pyc
   from /tmp/pip-uninstall-30rrqvv5/onnx/_internal/fx/passes/__pycache__/type_promotion.cpython-310.pyc
  Moving to /share/home/yuan/.conda/envs/mi_torch_cu118/lib/python3.10/site-packages/torch/onnx/_internal/fx/passes/__pycache__/virtualization.cpython-310.pyc
   from /tmp/pip-uninstall-30rrqvv5/onnx/_internal/fx/passes/__pycache__/virtualization.cpython-310.pyc
  Moving to /share/home/yuan/.conda/envs/mi_torch_cu118/lib/python3.10/site-packages/torch/onnx/_internal/fx/passes/_utils.py
   from /tmp/pip-uninstall-30rrqvv5/onnx/_internal/fx/passes/_utils.py
  Moving to /share/home/yuan/.conda/envs/mi_torch_cu118/lib/python3.10/site-packages/torch/onnx/_internal/fx/passes/decomp.py
   from /tmp/pip-uninstall-30rrqvv5/onnx/_internal/fx/passes/decomp.py
  Moving to /share/home/yuan/.conda/envs/mi_torch_cu118/lib/python3.10/site-packages/torch/onnx/_internal/fx/passes/functionalization.py
   from /tmp/pip-uninstall-30rrqvv5/onnx/_internal/fx/passes/functionalization.py
  Moving to /share/home/yuan/.conda/envs/mi_torch_cu118/lib/python3.10/site-packages/torch/onnx/_internal/fx/passes/modularization.py
   from /tmp/pip-uninstall-30rrqvv5/onnx/_internal/fx/passes/modularization.py
  Moving to /share/home/yuan/.conda/envs/mi_torch_cu118/lib/python3.10/site-packages/torch/onnx/_internal/fx/passes/readability.py
   from /tmp/pip-uninstall-30rrqvv5/onnx/_internal/fx/passes/readability.py
  Moving to /share/home/yuan/.conda/envs/mi_torch_cu118/lib/python3.10/site-packages/torch/onnx/_internal/fx/passes/type_promotion.py
   from /tmp/pip-uninstall-30rrqvv5/onnx/_internal/fx/passes/type_promotion.py
  Moving to /share/home/yuan/.conda/envs/mi_torch_cu118/lib/python3.10/site-packages/torch/onnx/_internal/fx/passes/virtualization.py
   from /tmp/pip-uninstall-30rrqvv5/onnx/_internal/fx/passes/virtualization.py
  Moving to /share/home/yuan/.conda/envs/mi_torch_cu118/lib/python3.10/site-packages/torch/onnx/_internal/fx/patcher.py
   from /tmp/pip-uninstall-30rrqvv5/onnx/_internal/fx/patcher.py
  Moving to /share/home/yuan/.conda/envs/mi_torch_cu118/lib/python3.10/site-packages/torch/onnx/_internal/fx/registration.py
   from /tmp/pip-uninstall-30rrqvv5/onnx/_internal/fx/registration.py
  Moving to /share/home/yuan/.conda/envs/mi_torch_cu118/lib/python3.10/site-packages/torch/onnx/_internal/fx/serialization.py
   from /tmp/pip-uninstall-30rrqvv5/onnx/_internal/fx/serialization.py
  Moving to /share/home/yuan/.conda/envs/mi_torch_cu118/lib/python3.10/site-packages/torch/onnx/_internal/fx/type_utils.py
   from /tmp/pip-uninstall-30rrqvv5/onnx/_internal/fx/type_utils.py
  Moving to /share/home/yuan/.conda/envs/mi_torch_cu118/lib/python3.10/site-packages/torch/onnx/_internal/io_adapter.py
   from /tmp/pip-uninstall-30rrqvv5/onnx/_internal/io_adapter.py
  Moving to /share/home/yuan/.conda/envs/mi_torch_cu118/lib/python3.10/site-packages/torch/onnx/_internal/jit_utils.py
   from /tmp/pip-uninstall-30rrqvv5/onnx/_internal/jit_utils.py
  Moving to /share/home/yuan/.conda/envs/mi_torch_cu118/lib/python3.10/site-packages/torch/onnx/_internal/onnx_proto_utils.py
   from /tmp/pip-uninstall-30rrqvv5/onnx/_internal/onnx_proto_utils.py
  Moving to /share/home/yuan/.conda/envs/mi_torch_cu118/lib/python3.10/site-packages/torch/onnx/_internal/onnxruntime.py
   from /tmp/pip-uninstall-30rrqvv5/onnx/_internal/onnxruntime.py
  Moving to /share/home/yuan/.conda/envs/mi_torch_cu118/lib/python3.10/site-packages/torch/onnx/_internal/registration.py
   from /tmp/pip-uninstall-30rrqvv5/onnx/_internal/registration.py
  Moving to /share/home/yuan/.conda/envs/mi_torch_cu118/lib/python3.10/site-packages/torch/onnx/_onnx_supported_ops.py
   from /tmp/pip-uninstall-30rrqvv5/onnx/_onnx_supported_ops.py
  Moving to /share/home/yuan/.conda/envs/mi_torch_cu118/lib/python3.10/site-packages/torch/onnx/_type_utils.py
   from /tmp/pip-uninstall-30rrqvv5/onnx/_type_utils.py
  Moving to /share/home/yuan/.conda/envs/mi_torch_cu118/lib/python3.10/site-packages/torch/onnx/errors.py
   from /tmp/pip-uninstall-30rrqvv5/onnx/errors.py
  Moving to /share/home/yuan/.conda/envs/mi_torch_cu118/lib/python3.10/site-packages/torch/onnx/operators.py
   from /tmp/pip-uninstall-30rrqvv5/onnx/operators.py
  Moving to /share/home/yuan/.conda/envs/mi_torch_cu118/lib/python3.10/site-packages/torch/onnx/symbolic_caffe2.py
   from /tmp/pip-uninstall-30rrqvv5/onnx/symbolic_caffe2.py
  Moving to /share/home/yuan/.conda/envs/mi_torch_cu118/lib/python3.10/site-packages/torch/onnx/symbolic_helper.py
   from /tmp/pip-uninstall-30rrqvv5/onnx/symbolic_helper.py
  Moving to /share/home/yuan/.conda/envs/mi_torch_cu118/lib/python3.10/site-packages/torch/onnx/symbolic_opset10.py
   from /tmp/pip-uninstall-30rrqvv5/onnx/symbolic_opset10.py
  Moving to /share/home/yuan/.conda/envs/mi_torch_cu118/lib/python3.10/site-packages/torch/onnx/symbolic_opset11.py
   from /tmp/pip-uninstall-30rrqvv5/onnx/symbolic_opset11.py
  Moving to /share/home/yuan/.conda/envs/mi_torch_cu118/lib/python3.10/site-packages/torch/onnx/symbolic_opset12.py
   from /tmp/pip-uninstall-30rrqvv5/onnx/symbolic_opset12.py
  Moving to /share/home/yuan/.conda/envs/mi_torch_cu118/lib/python3.10/site-packages/torch/onnx/symbolic_opset13.py
   from /tmp/pip-uninstall-30rrqvv5/onnx/symbolic_opset13.py
  Moving to /share/home/yuan/.conda/envs/mi_torch_cu118/lib/python3.10/site-packages/torch/onnx/symbolic_opset14.py
   from /tmp/pip-uninstall-30rrqvv5/onnx/symbolic_opset14.py
  Moving to /share/home/yuan/.conda/envs/mi_torch_cu118/lib/python3.10/site-packages/torch/onnx/symbolic_opset15.py
   from /tmp/pip-uninstall-30rrqvv5/onnx/symbolic_opset15.py
  Moving to /share/home/yuan/.conda/envs/mi_torch_cu118/lib/python3.10/site-packages/torch/onnx/symbolic_opset16.py
   from /tmp/pip-uninstall-30rrqvv5/onnx/symbolic_opset16.py
  Moving to /share/home/yuan/.conda/envs/mi_torch_cu118/lib/python3.10/site-packages/torch/onnx/symbolic_opset17.py
   from /tmp/pip-uninstall-30rrqvv5/onnx/symbolic_opset17.py
  Moving to /share/home/yuan/.conda/envs/mi_torch_cu118/lib/python3.10/site-packages/torch/onnx/symbolic_opset18.py
   from /tmp/pip-uninstall-30rrqvv5/onnx/symbolic_opset18.py
  Moving to /share/home/yuan/.conda/envs/mi_torch_cu118/lib/python3.10/site-packages/torch/onnx/symbolic_opset19.py
   from /tmp/pip-uninstall-30rrqvv5/onnx/symbolic_opset19.py
  Moving to /share/home/yuan/.conda/envs/mi_torch_cu118/lib/python3.10/site-packages/torch/onnx/symbolic_opset20.py
   from /tmp/pip-uninstall-30rrqvv5/onnx/symbolic_opset20.py
  Moving to /share/home/yuan/.conda/envs/mi_torch_cu118/lib/python3.10/site-packages/torch/onnx/symbolic_opset7.py
   from /tmp/pip-uninstall-30rrqvv5/onnx/symbolic_opset7.py
  Moving to /share/home/yuan/.conda/envs/mi_torch_cu118/lib/python3.10/site-packages/torch/onnx/symbolic_opset8.py
   from /tmp/pip-uninstall-30rrqvv5/onnx/symbolic_opset8.py
  Moving to /share/home/yuan/.conda/envs/mi_torch_cu118/lib/python3.10/site-packages/torch/onnx/symbolic_opset9.py
   from /tmp/pip-uninstall-30rrqvv5/onnx/symbolic_opset9.py
  Moving to /share/home/yuan/.conda/envs/mi_torch_cu118/lib/python3.10/site-packages/torch/onnx/utils.py
   from /tmp/pip-uninstall-30rrqvv5/onnx/utils.py
  Moving to /share/home/yuan/.conda/envs/mi_torch_cu118/lib/python3.10/site-packages/torch/onnx/verification.py
   from /tmp/pip-uninstall-30rrqvv5/onnx/verification.py
  Moving to /share/home/yuan/.conda/envs/mi_torch_cu118/lib/python3.10/site-packages/torch/optim/__init__.py
   from /tmp/pip-uninstall-30rrqvv5/optim/__init__.py
  Moving to /share/home/yuan/.conda/envs/mi_torch_cu118/lib/python3.10/site-packages/torch/optim/__pycache__/__init__.cpython-310.pyc
   from /tmp/pip-uninstall-30rrqvv5/optim/__pycache__/__init__.cpython-310.pyc
  Moving to /share/home/yuan/.conda/envs/mi_torch_cu118/lib/python3.10/site-packages/torch/optim/__pycache__/_adafactor.cpython-310.pyc
   from /tmp/pip-uninstall-30rrqvv5/optim/__pycache__/_adafactor.cpython-310.pyc
  Moving to /share/home/yuan/.conda/envs/mi_torch_cu118/lib/python3.10/site-packages/torch/optim/__pycache__/_functional.cpython-310.pyc
   from /tmp/pip-uninstall-30rrqvv5/optim/__pycache__/_functional.cpython-310.pyc
  Moving to /share/home/yuan/.conda/envs/mi_torch_cu118/lib/python3.10/site-packages/torch/optim/__pycache__/adadelta.cpython-310.pyc
   from /tmp/pip-uninstall-30rrqvv5/optim/__pycache__/adadelta.cpython-310.pyc
  Moving to /share/home/yuan/.conda/envs/mi_torch_cu118/lib/python3.10/site-packages/torch/optim/__pycache__/adagrad.cpython-310.pyc
   from /tmp/pip-uninstall-30rrqvv5/optim/__pycache__/adagrad.cpython-310.pyc
  Moving to /share/home/yuan/.conda/envs/mi_torch_cu118/lib/python3.10/site-packages/torch/optim/__pycache__/adam.cpython-310.pyc
   from /tmp/pip-uninstall-30rrqvv5/optim/__pycache__/adam.cpython-310.pyc
  Moving to /share/home/yuan/.conda/envs/mi_torch_cu118/lib/python3.10/site-packages/torch/optim/__pycache__/adamax.cpython-310.pyc
   from /tmp/pip-uninstall-30rrqvv5/optim/__pycache__/adamax.cpython-310.pyc
  Moving to /share/home/yuan/.conda/envs/mi_torch_cu118/lib/python3.10/site-packages/torch/optim/__pycache__/adamw.cpython-310.pyc
   from /tmp/pip-uninstall-30rrqvv5/optim/__pycache__/adamw.cpython-310.pyc
  Moving to /share/home/yuan/.conda/envs/mi_torch_cu118/lib/python3.10/site-packages/torch/optim/__pycache__/asgd.cpython-310.pyc
   from /tmp/pip-uninstall-30rrqvv5/optim/__pycache__/asgd.cpython-310.pyc
  Moving to /share/home/yuan/.conda/envs/mi_torch_cu118/lib/python3.10/site-packages/torch/optim/__pycache__/lbfgs.cpython-310.pyc
   from /tmp/pip-uninstall-30rrqvv5/optim/__pycache__/lbfgs.cpython-310.pyc
  Moving to /share/home/yuan/.conda/envs/mi_torch_cu118/lib/python3.10/site-packages/torch/optim/__pycache__/lr_scheduler.cpython-310.pyc
   from /tmp/pip-uninstall-30rrqvv5/optim/__pycache__/lr_scheduler.cpython-310.pyc
  Moving to /share/home/yuan/.conda/envs/mi_torch_cu118/lib/python3.10/site-packages/torch/optim/__pycache__/nadam.cpython-310.pyc
   from /tmp/pip-uninstall-30rrqvv5/optim/__pycache__/nadam.cpython-310.pyc
  Moving to /share/home/yuan/.conda/envs/mi_torch_cu118/lib/python3.10/site-packages/torch/optim/__pycache__/optimizer.cpython-310.pyc
   from /tmp/pip-uninstall-30rrqvv5/optim/__pycache__/optimizer.cpython-310.pyc
  Moving to /share/home/yuan/.conda/envs/mi_torch_cu118/lib/python3.10/site-packages/torch/optim/__pycache__/radam.cpython-310.pyc
   from /tmp/pip-uninstall-30rrqvv5/optim/__pycache__/radam.cpython-310.pyc
  Moving to /share/home/yuan/.conda/envs/mi_torch_cu118/lib/python3.10/site-packages/torch/optim/__pycache__/rmsprop.cpython-310.pyc
   from /tmp/pip-uninstall-30rrqvv5/optim/__pycache__/rmsprop.cpython-310.pyc
  Moving to /share/home/yuan/.conda/envs/mi_torch_cu118/lib/python3.10/site-packages/torch/optim/__pycache__/rprop.cpython-310.pyc
   from /tmp/pip-uninstall-30rrqvv5/optim/__pycache__/rprop.cpython-310.pyc
  Moving to /share/home/yuan/.conda/envs/mi_torch_cu118/lib/python3.10/site-packages/torch/optim/__pycache__/sgd.cpython-310.pyc
   from /tmp/pip-uninstall-30rrqvv5/optim/__pycache__/sgd.cpython-310.pyc
  Moving to /share/home/yuan/.conda/envs/mi_torch_cu118/lib/python3.10/site-packages/torch/optim/__pycache__/sparse_adam.cpython-310.pyc
   from /tmp/pip-uninstall-30rrqvv5/optim/__pycache__/sparse_adam.cpython-310.pyc
  Moving to /share/home/yuan/.conda/envs/mi_torch_cu118/lib/python3.10/site-packages/torch/optim/__pycache__/swa_utils.cpython-310.pyc
   from /tmp/pip-uninstall-30rrqvv5/optim/__pycache__/swa_utils.cpython-310.pyc
  Moving to /share/home/yuan/.conda/envs/mi_torch_cu118/lib/python3.10/site-packages/torch/optim/_adafactor.py
   from /tmp/pip-uninstall-30rrqvv5/optim/_adafactor.py
  Moving to /share/home/yuan/.conda/envs/mi_torch_cu118/lib/python3.10/site-packages/torch/optim/_functional.py
   from /tmp/pip-uninstall-30rrqvv5/optim/_functional.py
  Moving to /share/home/yuan/.conda/envs/mi_torch_cu118/lib/python3.10/site-packages/torch/optim/_multi_tensor/__init__.py
   from /tmp/pip-uninstall-30rrqvv5/optim/_multi_tensor/__init__.py
  Moving to /share/home/yuan/.conda/envs/mi_torch_cu118/lib/python3.10/site-packages/torch/optim/_multi_tensor/__init__.pyi
   from /tmp/pip-uninstall-30rrqvv5/optim/_multi_tensor/__init__.pyi
  Moving to /share/home/yuan/.conda/envs/mi_torch_cu118/lib/python3.10/site-packages/torch/optim/_multi_tensor/__pycache__/__init__.cpython-310.pyc
   from /tmp/pip-uninstall-30rrqvv5/optim/_multi_tensor/__pycache__/__init__.cpython-310.pyc
  Moving to /share/home/yuan/.conda/envs/mi_torch_cu118/lib/python3.10/site-packages/torch/optim/adadelta.py
   from /tmp/pip-uninstall-30rrqvv5/optim/adadelta.py
  Moving to /share/home/yuan/.conda/envs/mi_torch_cu118/lib/python3.10/site-packages/torch/optim/adagrad.py
   from /tmp/pip-uninstall-30rrqvv5/optim/adagrad.py
  Moving to /share/home/yuan/.conda/envs/mi_torch_cu118/lib/python3.10/site-packages/torch/optim/adam.py
   from /tmp/pip-uninstall-30rrqvv5/optim/adam.py
  Moving to /share/home/yuan/.conda/envs/mi_torch_cu118/lib/python3.10/site-packages/torch/optim/adamax.py
   from /tmp/pip-uninstall-30rrqvv5/optim/adamax.py
  Moving to /share/home/yuan/.conda/envs/mi_torch_cu118/lib/python3.10/site-packages/torch/optim/adamw.py
   from /tmp/pip-uninstall-30rrqvv5/optim/adamw.py
  Moving to /share/home/yuan/.conda/envs/mi_torch_cu118/lib/python3.10/site-packages/torch/optim/asgd.py
   from /tmp/pip-uninstall-30rrqvv5/optim/asgd.py
  Moving to /share/home/yuan/.conda/envs/mi_torch_cu118/lib/python3.10/site-packages/torch/optim/lbfgs.py
   from /tmp/pip-uninstall-30rrqvv5/optim/lbfgs.py
  Moving to /share/home/yuan/.conda/envs/mi_torch_cu118/lib/python3.10/site-packages/torch/optim/lr_scheduler.py
   from /tmp/pip-uninstall-30rrqvv5/optim/lr_scheduler.py
  Moving to /share/home/yuan/.conda/envs/mi_torch_cu118/lib/python3.10/site-packages/torch/optim/nadam.py
   from /tmp/pip-uninstall-30rrqvv5/optim/nadam.py
  Moving to /share/home/yuan/.conda/envs/mi_torch_cu118/lib/python3.10/site-packages/torch/optim/optimizer.py
   from /tmp/pip-uninstall-30rrqvv5/optim/optimizer.py
  Moving to /share/home/yuan/.conda/envs/mi_torch_cu118/lib/python3.10/site-packages/torch/optim/radam.py
   from /tmp/pip-uninstall-30rrqvv5/optim/radam.py
  Moving to /share/home/yuan/.conda/envs/mi_torch_cu118/lib/python3.10/site-packages/torch/optim/rmsprop.py
   from /tmp/pip-uninstall-30rrqvv5/optim/rmsprop.py
  Moving to /share/home/yuan/.conda/envs/mi_torch_cu118/lib/python3.10/site-packages/torch/optim/rprop.py
   from /tmp/pip-uninstall-30rrqvv5/optim/rprop.py
  Moving to /share/home/yuan/.conda/envs/mi_torch_cu118/lib/python3.10/site-packages/torch/optim/sgd.py
   from /tmp/pip-uninstall-30rrqvv5/optim/sgd.py
  Moving to /share/home/yuan/.conda/envs/mi_torch_cu118/lib/python3.10/site-packages/torch/optim/sparse_adam.py
   from /tmp/pip-uninstall-30rrqvv5/optim/sparse_adam.py
  Moving to /share/home/yuan/.conda/envs/mi_torch_cu118/lib/python3.10/site-packages/torch/optim/swa_utils.py
   from /tmp/pip-uninstall-30rrqvv5/optim/swa_utils.py
  Moving to /share/home/yuan/.conda/envs/mi_torch_cu118/lib/python3.10/site-packages/torch/overrides.py
   from /tmp/pip-uninstall-30rrqvv5/overrides.py
  Moving to /share/home/yuan/.conda/envs/mi_torch_cu118/lib/python3.10/site-packages/torch/package/__init__.py
   from /tmp/pip-uninstall-30rrqvv5/package/__init__.py
  Moving to /share/home/yuan/.conda/envs/mi_torch_cu118/lib/python3.10/site-packages/torch/package/__pycache__/__init__.cpython-310.pyc
   from /tmp/pip-uninstall-30rrqvv5/package/__pycache__/__init__.cpython-310.pyc
  Moving to /share/home/yuan/.conda/envs/mi_torch_cu118/lib/python3.10/site-packages/torch/package/__pycache__/_digraph.cpython-310.pyc
   from /tmp/pip-uninstall-30rrqvv5/package/__pycache__/_digraph.cpython-310.pyc
  Moving to /share/home/yuan/.conda/envs/mi_torch_cu118/lib/python3.10/site-packages/torch/package/__pycache__/_directory_reader.cpython-310.pyc
   from /tmp/pip-uninstall-30rrqvv5/package/__pycache__/_directory_reader.cpython-310.pyc
  Moving to /share/home/yuan/.conda/envs/mi_torch_cu118/lib/python3.10/site-packages/torch/package/__pycache__/_importlib.cpython-310.pyc
   from /tmp/pip-uninstall-30rrqvv5/package/__pycache__/_importlib.cpython-310.pyc
  Moving to /share/home/yuan/.conda/envs/mi_torch_cu118/lib/python3.10/site-packages/torch/package/__pycache__/_mangling.cpython-310.pyc
   from /tmp/pip-uninstall-30rrqvv5/package/__pycache__/_mangling.cpython-310.pyc
  Moving to /share/home/yuan/.conda/envs/mi_torch_cu118/lib/python3.10/site-packages/torch/package/__pycache__/_mock.cpython-310.pyc
   from /tmp/pip-uninstall-30rrqvv5/package/__pycache__/_mock.cpython-310.pyc
  Moving to /share/home/yuan/.conda/envs/mi_torch_cu118/lib/python3.10/site-packages/torch/package/__pycache__/_package_pickler.cpython-310.pyc
   from /tmp/pip-uninstall-30rrqvv5/package/__pycache__/_package_pickler.cpython-310.pyc
  Moving to /share/home/yuan/.conda/envs/mi_torch_cu118/lib/python3.10/site-packages/torch/package/__pycache__/_package_unpickler.cpython-310.pyc
   from /tmp/pip-uninstall-30rrqvv5/package/__pycache__/_package_unpickler.cpython-310.pyc
  Moving to /share/home/yuan/.conda/envs/mi_torch_cu118/lib/python3.10/site-packages/torch/package/__pycache__/_stdlib.cpython-310.pyc
   from /tmp/pip-uninstall-30rrqvv5/package/__pycache__/_stdlib.cpython-310.pyc
  Moving to /share/home/yuan/.conda/envs/mi_torch_cu118/lib/python3.10/site-packages/torch/package/__pycache__/file_structure_representation.cpython-310.pyc
   from /tmp/pip-uninstall-30rrqvv5/package/__pycache__/file_structure_representation.cpython-310.pyc
  Moving to /share/home/yuan/.conda/envs/mi_torch_cu118/lib/python3.10/site-packages/torch/package/__pycache__/find_file_dependencies.cpython-310.pyc
   from /tmp/pip-uninstall-30rrqvv5/package/__pycache__/find_file_dependencies.cpython-310.pyc
  Moving to /share/home/yuan/.conda/envs/mi_torch_cu118/lib/python3.10/site-packages/torch/package/__pycache__/glob_group.cpython-310.pyc
   from /tmp/pip-uninstall-30rrqvv5/package/__pycache__/glob_group.cpython-310.pyc
  Moving to /share/home/yuan/.conda/envs/mi_torch_cu118/lib/python3.10/site-packages/torch/package/__pycache__/importer.cpython-310.pyc
   from /tmp/pip-uninstall-30rrqvv5/package/__pycache__/importer.cpython-310.pyc
  Moving to /share/home/yuan/.conda/envs/mi_torch_cu118/lib/python3.10/site-packages/torch/package/__pycache__/package_exporter.cpython-310.pyc
   from /tmp/pip-uninstall-30rrqvv5/package/__pycache__/package_exporter.cpython-310.pyc
  Moving to /share/home/yuan/.conda/envs/mi_torch_cu118/lib/python3.10/site-packages/torch/package/__pycache__/package_importer.cpython-310.pyc
   from /tmp/pip-uninstall-30rrqvv5/package/__pycache__/package_importer.cpython-310.pyc
  Moving to /share/home/yuan/.conda/envs/mi_torch_cu118/lib/python3.10/site-packages/torch/package/_digraph.py
   from /tmp/pip-uninstall-30rrqvv5/package/_digraph.py
  Moving to /share/home/yuan/.conda/envs/mi_torch_cu118/lib/python3.10/site-packages/torch/package/_directory_reader.py
   from /tmp/pip-uninstall-30rrqvv5/package/_directory_reader.py
  Moving to /share/home/yuan/.conda/envs/mi_torch_cu118/lib/python3.10/site-packages/torch/package/_importlib.py
   from /tmp/pip-uninstall-30rrqvv5/package/_importlib.py
  Moving to /share/home/yuan/.conda/envs/mi_torch_cu118/lib/python3.10/site-packages/torch/package/_mangling.py
   from /tmp/pip-uninstall-30rrqvv5/package/_mangling.py
  Moving to /share/home/yuan/.conda/envs/mi_torch_cu118/lib/python3.10/site-packages/torch/package/_mock.py
   from /tmp/pip-uninstall-30rrqvv5/package/_mock.py
  Moving to /share/home/yuan/.conda/envs/mi_torch_cu118/lib/python3.10/site-packages/torch/package/_package_pickler.py
   from /tmp/pip-uninstall-30rrqvv5/package/_package_pickler.py
  Moving to /share/home/yuan/.conda/envs/mi_torch_cu118/lib/python3.10/site-packages/torch/package/_package_unpickler.py
   from /tmp/pip-uninstall-30rrqvv5/package/_package_unpickler.py
  Moving to /share/home/yuan/.conda/envs/mi_torch_cu118/lib/python3.10/site-packages/torch/package/_stdlib.py
   from /tmp/pip-uninstall-30rrqvv5/package/_stdlib.py
  Moving to /share/home/yuan/.conda/envs/mi_torch_cu118/lib/python3.10/site-packages/torch/package/analyze/__init__.py
   from /tmp/pip-uninstall-30rrqvv5/package/analyze/__init__.py
  Moving to /share/home/yuan/.conda/envs/mi_torch_cu118/lib/python3.10/site-packages/torch/package/analyze/__pycache__/__init__.cpython-310.pyc
   from /tmp/pip-uninstall-30rrqvv5/package/analyze/__pycache__/__init__.cpython-310.pyc
  Moving to /share/home/yuan/.conda/envs/mi_torch_cu118/lib/python3.10/site-packages/torch/package/analyze/__pycache__/find_first_use_of_broken_modules.cpython-310.pyc
   from /tmp/pip-uninstall-30rrqvv5/package/analyze/__pycache__/find_first_use_of_broken_modules.cpython-310.pyc
  Moving to /share/home/yuan/.conda/envs/mi_torch_cu118/lib/python3.10/site-packages/torch/package/analyze/__pycache__/is_from_package.cpython-310.pyc
   from /tmp/pip-uninstall-30rrqvv5/package/analyze/__pycache__/is_from_package.cpython-310.pyc
  Moving to /share/home/yuan/.conda/envs/mi_torch_cu118/lib/python3.10/site-packages/torch/package/analyze/__pycache__/trace_dependencies.cpython-310.pyc
   from /tmp/pip-uninstall-30rrqvv5/package/analyze/__pycache__/trace_dependencies.cpython-310.pyc
  Moving to /share/home/yuan/.conda/envs/mi_torch_cu118/lib/python3.10/site-packages/torch/package/analyze/find_first_use_of_broken_modules.py
   from /tmp/pip-uninstall-30rrqvv5/package/analyze/find_first_use_of_broken_modules.py
  Moving to /share/home/yuan/.conda/envs/mi_torch_cu118/lib/python3.10/site-packages/torch/package/analyze/is_from_package.py
   from /tmp/pip-uninstall-30rrqvv5/package/analyze/is_from_package.py
  Moving to /share/home/yuan/.conda/envs/mi_torch_cu118/lib/python3.10/site-packages/torch/package/analyze/trace_dependencies.py
   from /tmp/pip-uninstall-30rrqvv5/package/analyze/trace_dependencies.py
  Moving to /share/home/yuan/.conda/envs/mi_torch_cu118/lib/python3.10/site-packages/torch/package/file_structure_representation.py
   from /tmp/pip-uninstall-30rrqvv5/package/file_structure_representation.py
  Moving to /share/home/yuan/.conda/envs/mi_torch_cu118/lib/python3.10/site-packages/torch/package/find_file_dependencies.py
   from /tmp/pip-uninstall-30rrqvv5/package/find_file_dependencies.py
  Moving to /share/home/yuan/.conda/envs/mi_torch_cu118/lib/python3.10/site-packages/torch/package/glob_group.py
   from /tmp/pip-uninstall-30rrqvv5/package/glob_group.py
  Moving to /share/home/yuan/.conda/envs/mi_torch_cu118/lib/python3.10/site-packages/torch/package/importer.py
   from /tmp/pip-uninstall-30rrqvv5/package/importer.py
  Moving to /share/home/yuan/.conda/envs/mi_torch_cu118/lib/python3.10/site-packages/torch/package/package_exporter.py
   from /tmp/pip-uninstall-30rrqvv5/package/package_exporter.py
  Moving to /share/home/yuan/.conda/envs/mi_torch_cu118/lib/python3.10/site-packages/torch/package/package_importer.py
   from /tmp/pip-uninstall-30rrqvv5/package/package_importer.py
  Moving to /share/home/yuan/.conda/envs/mi_torch_cu118/lib/python3.10/site-packages/torch/profiler/__init__.py
   from /tmp/pip-uninstall-30rrqvv5/profiler/__init__.py
  Moving to /share/home/yuan/.conda/envs/mi_torch_cu118/lib/python3.10/site-packages/torch/profiler/__pycache__/__init__.cpython-310.pyc
   from /tmp/pip-uninstall-30rrqvv5/profiler/__pycache__/__init__.cpython-310.pyc
  Moving to /share/home/yuan/.conda/envs/mi_torch_cu118/lib/python3.10/site-packages/torch/profiler/__pycache__/_memory_profiler.cpython-310.pyc
   from /tmp/pip-uninstall-30rrqvv5/profiler/__pycache__/_memory_profiler.cpython-310.pyc
  Moving to /share/home/yuan/.conda/envs/mi_torch_cu118/lib/python3.10/site-packages/torch/profiler/__pycache__/_pattern_matcher.cpython-310.pyc
   from /tmp/pip-uninstall-30rrqvv5/profiler/__pycache__/_pattern_matcher.cpython-310.pyc
  Moving to /share/home/yuan/.conda/envs/mi_torch_cu118/lib/python3.10/site-packages/torch/profiler/__pycache__/_utils.cpython-310.pyc
   from /tmp/pip-uninstall-30rrqvv5/profiler/__pycache__/_utils.cpython-310.pyc
  Moving to /share/home/yuan/.conda/envs/mi_torch_cu118/lib/python3.10/site-packages/torch/profiler/__pycache__/itt.cpython-310.pyc
   from /tmp/pip-uninstall-30rrqvv5/profiler/__pycache__/itt.cpython-310.pyc
  Moving to /share/home/yuan/.conda/envs/mi_torch_cu118/lib/python3.10/site-packages/torch/profiler/__pycache__/profiler.cpython-310.pyc
   from /tmp/pip-uninstall-30rrqvv5/profiler/__pycache__/profiler.cpython-310.pyc
  Moving to /share/home/yuan/.conda/envs/mi_torch_cu118/lib/python3.10/site-packages/torch/profiler/__pycache__/python_tracer.cpython-310.pyc
   from /tmp/pip-uninstall-30rrqvv5/profiler/__pycache__/python_tracer.cpython-310.pyc
  Moving to /share/home/yuan/.conda/envs/mi_torch_cu118/lib/python3.10/site-packages/torch/profiler/_memory_profiler.py
   from /tmp/pip-uninstall-30rrqvv5/profiler/_memory_profiler.py
  Moving to /share/home/yuan/.conda/envs/mi_torch_cu118/lib/python3.10/site-packages/torch/profiler/_pattern_matcher.py
   from /tmp/pip-uninstall-30rrqvv5/profiler/_pattern_matcher.py
  Moving to /share/home/yuan/.conda/envs/mi_torch_cu118/lib/python3.10/site-packages/torch/profiler/_utils.py
   from /tmp/pip-uninstall-30rrqvv5/profiler/_utils.py
  Moving to /share/home/yuan/.conda/envs/mi_torch_cu118/lib/python3.10/site-packages/torch/profiler/itt.py
   from /tmp/pip-uninstall-30rrqvv5/profiler/itt.py
  Moving to /share/home/yuan/.conda/envs/mi_torch_cu118/lib/python3.10/site-packages/torch/profiler/profiler.py
   from /tmp/pip-uninstall-30rrqvv5/profiler/profiler.py
  Moving to /share/home/yuan/.conda/envs/mi_torch_cu118/lib/python3.10/site-packages/torch/profiler/python_tracer.py
   from /tmp/pip-uninstall-30rrqvv5/profiler/python_tracer.py
  Moving to /share/home/yuan/.conda/envs/mi_torch_cu118/lib/python3.10/site-packages/torch/py.typed
   from /tmp/pip-uninstall-30rrqvv5/py.typed
  Moving to /share/home/yuan/.conda/envs/mi_torch_cu118/lib/python3.10/site-packages/torch/quantization/__init__.py
   from /tmp/pip-uninstall-30rrqvv5/quantization/__init__.py
  Moving to /share/home/yuan/.conda/envs/mi_torch_cu118/lib/python3.10/site-packages/torch/quantization/__pycache__/__init__.cpython-310.pyc
   from /tmp/pip-uninstall-30rrqvv5/quantization/__pycache__/__init__.cpython-310.pyc
  Moving to /share/home/yuan/.conda/envs/mi_torch_cu118/lib/python3.10/site-packages/torch/quantization/__pycache__/_numeric_suite.cpython-310.pyc
   from /tmp/pip-uninstall-30rrqvv5/quantization/__pycache__/_numeric_suite.cpython-310.pyc
  Moving to /share/home/yuan/.conda/envs/mi_torch_cu118/lib/python3.10/site-packages/torch/quantization/__pycache__/_numeric_suite_fx.cpython-310.pyc
   from /tmp/pip-uninstall-30rrqvv5/quantization/__pycache__/_numeric_suite_fx.cpython-310.pyc
  Moving to /share/home/yuan/.conda/envs/mi_torch_cu118/lib/python3.10/site-packages/torch/quantization/__pycache__/_quantized_conversions.cpython-310.pyc
   from /tmp/pip-uninstall-30rrqvv5/quantization/__pycache__/_quantized_conversions.cpython-310.pyc
  Moving to /share/home/yuan/.conda/envs/mi_torch_cu118/lib/python3.10/site-packages/torch/quantization/__pycache__/fake_quantize.cpython-310.pyc
   from /tmp/pip-uninstall-30rrqvv5/quantization/__pycache__/fake_quantize.cpython-310.pyc
  Moving to /share/home/yuan/.conda/envs/mi_torch_cu118/lib/python3.10/site-packages/torch/quantization/__pycache__/fuse_modules.cpython-310.pyc
   from /tmp/pip-uninstall-30rrqvv5/quantization/__pycache__/fuse_modules.cpython-310.pyc
  Moving to /share/home/yuan/.conda/envs/mi_torch_cu118/lib/python3.10/site-packages/torch/quantization/__pycache__/fuser_method_mappings.cpython-310.pyc
   from /tmp/pip-uninstall-30rrqvv5/quantization/__pycache__/fuser_method_mappings.cpython-310.pyc
  Moving to /share/home/yuan/.conda/envs/mi_torch_cu118/lib/python3.10/site-packages/torch/quantization/__pycache__/observer.cpython-310.pyc
   from /tmp/pip-uninstall-30rrqvv5/quantization/__pycache__/observer.cpython-310.pyc
  Moving to /share/home/yuan/.conda/envs/mi_torch_cu118/lib/python3.10/site-packages/torch/quantization/__pycache__/qconfig.cpython-310.pyc
   from /tmp/pip-uninstall-30rrqvv5/quantization/__pycache__/qconfig.cpython-310.pyc
  Moving to /share/home/yuan/.conda/envs/mi_torch_cu118/lib/python3.10/site-packages/torch/quantization/__pycache__/quant_type.cpython-310.pyc
   from /tmp/pip-uninstall-30rrqvv5/quantization/__pycache__/quant_type.cpython-310.pyc
  Moving to /share/home/yuan/.conda/envs/mi_torch_cu118/lib/python3.10/site-packages/torch/quantization/__pycache__/quantization_mappings.cpython-310.pyc
   from /tmp/pip-uninstall-30rrqvv5/quantization/__pycache__/quantization_mappings.cpython-310.pyc
  Moving to /share/home/yuan/.conda/envs/mi_torch_cu118/lib/python3.10/site-packages/torch/quantization/__pycache__/quantize.cpython-310.pyc
   from /tmp/pip-uninstall-30rrqvv5/quantization/__pycache__/quantize.cpython-310.pyc
  Moving to /share/home/yuan/.conda/envs/mi_torch_cu118/lib/python3.10/site-packages/torch/quantization/__pycache__/quantize_fx.cpython-310.pyc
   from /tmp/pip-uninstall-30rrqvv5/quantization/__pycache__/quantize_fx.cpython-310.pyc
  Moving to /share/home/yuan/.conda/envs/mi_torch_cu118/lib/python3.10/site-packages/torch/quantization/__pycache__/quantize_jit.cpython-310.pyc
   from /tmp/pip-uninstall-30rrqvv5/quantization/__pycache__/quantize_jit.cpython-310.pyc
  Moving to /share/home/yuan/.conda/envs/mi_torch_cu118/lib/python3.10/site-packages/torch/quantization/__pycache__/stubs.cpython-310.pyc
   from /tmp/pip-uninstall-30rrqvv5/quantization/__pycache__/stubs.cpython-310.pyc
  Moving to /share/home/yuan/.conda/envs/mi_torch_cu118/lib/python3.10/site-packages/torch/quantization/__pycache__/utils.cpython-310.pyc
   from /tmp/pip-uninstall-30rrqvv5/quantization/__pycache__/utils.cpython-310.pyc
  Moving to /share/home/yuan/.conda/envs/mi_torch_cu118/lib/python3.10/site-packages/torch/quantization/_numeric_suite.py
   from /tmp/pip-uninstall-30rrqvv5/quantization/_numeric_suite.py
  Moving to /share/home/yuan/.conda/envs/mi_torch_cu118/lib/python3.10/site-packages/torch/quantization/_numeric_suite_fx.py
   from /tmp/pip-uninstall-30rrqvv5/quantization/_numeric_suite_fx.py
  Moving to /share/home/yuan/.conda/envs/mi_torch_cu118/lib/python3.10/site-packages/torch/quantization/_quantized_conversions.py
   from /tmp/pip-uninstall-30rrqvv5/quantization/_quantized_conversions.py
  Moving to /share/home/yuan/.conda/envs/mi_torch_cu118/lib/python3.10/site-packages/torch/quantization/fake_quantize.py
   from /tmp/pip-uninstall-30rrqvv5/quantization/fake_quantize.py
  Moving to /share/home/yuan/.conda/envs/mi_torch_cu118/lib/python3.10/site-packages/torch/quantization/fuse_modules.py
   from /tmp/pip-uninstall-30rrqvv5/quantization/fuse_modules.py
  Moving to /share/home/yuan/.conda/envs/mi_torch_cu118/lib/python3.10/site-packages/torch/quantization/fuser_method_mappings.py
   from /tmp/pip-uninstall-30rrqvv5/quantization/fuser_method_mappings.py
  Moving to /share/home/yuan/.conda/envs/mi_torch_cu118/lib/python3.10/site-packages/torch/quantization/fx/__init__.py
   from /tmp/pip-uninstall-30rrqvv5/quantization/fx/__init__.py
  Moving to /share/home/yuan/.conda/envs/mi_torch_cu118/lib/python3.10/site-packages/torch/quantization/fx/__pycache__/__init__.cpython-310.pyc
   from /tmp/pip-uninstall-30rrqvv5/quantization/fx/__pycache__/__init__.cpython-310.pyc
  Moving to /share/home/yuan/.conda/envs/mi_torch_cu118/lib/python3.10/site-packages/torch/quantization/fx/__pycache__/_equalize.cpython-310.pyc
   from /tmp/pip-uninstall-30rrqvv5/quantization/fx/__pycache__/_equalize.cpython-310.pyc
  Moving to /share/home/yuan/.conda/envs/mi_torch_cu118/lib/python3.10/site-packages/torch/quantization/fx/__pycache__/convert.cpython-310.pyc
   from /tmp/pip-uninstall-30rrqvv5/quantization/fx/__pycache__/convert.cpython-310.pyc
  Moving to /share/home/yuan/.conda/envs/mi_torch_cu118/lib/python3.10/site-packages/torch/quantization/fx/__pycache__/fuse.cpython-310.pyc
   from /tmp/pip-uninstall-30rrqvv5/quantization/fx/__pycache__/fuse.cpython-310.pyc
  Moving to /share/home/yuan/.conda/envs/mi_torch_cu118/lib/python3.10/site-packages/torch/quantization/fx/__pycache__/fusion_patterns.cpython-310.pyc
   from /tmp/pip-uninstall-30rrqvv5/quantization/fx/__pycache__/fusion_patterns.cpython-310.pyc
  Moving to /share/home/yuan/.conda/envs/mi_torch_cu118/lib/python3.10/site-packages/torch/quantization/fx/__pycache__/graph_module.cpython-310.pyc
   from /tmp/pip-uninstall-30rrqvv5/quantization/fx/__pycache__/graph_module.cpython-310.pyc
  Moving to /share/home/yuan/.conda/envs/mi_torch_cu118/lib/python3.10/site-packages/torch/quantization/fx/__pycache__/match_utils.cpython-310.pyc
   from /tmp/pip-uninstall-30rrqvv5/quantization/fx/__pycache__/match_utils.cpython-310.pyc
  Moving to /share/home/yuan/.conda/envs/mi_torch_cu118/lib/python3.10/site-packages/torch/quantization/fx/__pycache__/pattern_utils.cpython-310.pyc
   from /tmp/pip-uninstall-30rrqvv5/quantization/fx/__pycache__/pattern_utils.cpython-310.pyc
  Moving to /share/home/yuan/.conda/envs/mi_torch_cu118/lib/python3.10/site-packages/torch/quantization/fx/__pycache__/prepare.cpython-310.pyc
   from /tmp/pip-uninstall-30rrqvv5/quantization/fx/__pycache__/prepare.cpython-310.pyc
  Moving to /share/home/yuan/.conda/envs/mi_torch_cu118/lib/python3.10/site-packages/torch/quantization/fx/__pycache__/quantization_patterns.cpython-310.pyc
   from /tmp/pip-uninstall-30rrqvv5/quantization/fx/__pycache__/quantization_patterns.cpython-310.pyc
  Moving to /share/home/yuan/.conda/envs/mi_torch_cu118/lib/python3.10/site-packages/torch/quantization/fx/__pycache__/quantization_types.cpython-310.pyc
   from /tmp/pip-uninstall-30rrqvv5/quantization/fx/__pycache__/quantization_types.cpython-310.pyc
  Moving to /share/home/yuan/.conda/envs/mi_torch_cu118/lib/python3.10/site-packages/torch/quantization/fx/__pycache__/utils.cpython-310.pyc
   from /tmp/pip-uninstall-30rrqvv5/quantization/fx/__pycache__/utils.cpython-310.pyc
  Moving to /share/home/yuan/.conda/envs/mi_torch_cu118/lib/python3.10/site-packages/torch/quantization/fx/_equalize.py
   from /tmp/pip-uninstall-30rrqvv5/quantization/fx/_equalize.py
  Moving to /share/home/yuan/.conda/envs/mi_torch_cu118/lib/python3.10/site-packages/torch/quantization/fx/convert.py
   from /tmp/pip-uninstall-30rrqvv5/quantization/fx/convert.py
  Moving to /share/home/yuan/.conda/envs/mi_torch_cu118/lib/python3.10/site-packages/torch/quantization/fx/fuse.py
   from /tmp/pip-uninstall-30rrqvv5/quantization/fx/fuse.py
  Moving to /share/home/yuan/.conda/envs/mi_torch_cu118/lib/python3.10/site-packages/torch/quantization/fx/fusion_patterns.py
   from /tmp/pip-uninstall-30rrqvv5/quantization/fx/fusion_patterns.py
  Moving to /share/home/yuan/.conda/envs/mi_torch_cu118/lib/python3.10/site-packages/torch/quantization/fx/graph_module.py
   from /tmp/pip-uninstall-30rrqvv5/quantization/fx/graph_module.py
  Moving to /share/home/yuan/.conda/envs/mi_torch_cu118/lib/python3.10/site-packages/torch/quantization/fx/match_utils.py
   from /tmp/pip-uninstall-30rrqvv5/quantization/fx/match_utils.py
  Moving to /share/home/yuan/.conda/envs/mi_torch_cu118/lib/python3.10/site-packages/torch/quantization/fx/pattern_utils.py
   from /tmp/pip-uninstall-30rrqvv5/quantization/fx/pattern_utils.py
  Moving to /share/home/yuan/.conda/envs/mi_torch_cu118/lib/python3.10/site-packages/torch/quantization/fx/prepare.py
   from /tmp/pip-uninstall-30rrqvv5/quantization/fx/prepare.py
  Moving to /share/home/yuan/.conda/envs/mi_torch_cu118/lib/python3.10/site-packages/torch/quantization/fx/quantization_patterns.py
   from /tmp/pip-uninstall-30rrqvv5/quantization/fx/quantization_patterns.py
  Moving to /share/home/yuan/.conda/envs/mi_torch_cu118/lib/python3.10/site-packages/torch/quantization/fx/quantization_types.py
   from /tmp/pip-uninstall-30rrqvv5/quantization/fx/quantization_types.py
  Moving to /share/home/yuan/.conda/envs/mi_torch_cu118/lib/python3.10/site-packages/torch/quantization/fx/utils.py
   from /tmp/pip-uninstall-30rrqvv5/quantization/fx/utils.py
  Moving to /share/home/yuan/.conda/envs/mi_torch_cu118/lib/python3.10/site-packages/torch/quantization/observer.py
   from /tmp/pip-uninstall-30rrqvv5/quantization/observer.py
  Moving to /share/home/yuan/.conda/envs/mi_torch_cu118/lib/python3.10/site-packages/torch/quantization/qconfig.py
   from /tmp/pip-uninstall-30rrqvv5/quantization/qconfig.py
  Moving to /share/home/yuan/.conda/envs/mi_torch_cu118/lib/python3.10/site-packages/torch/quantization/quant_type.py
   from /tmp/pip-uninstall-30rrqvv5/quantization/quant_type.py
  Moving to /share/home/yuan/.conda/envs/mi_torch_cu118/lib/python3.10/site-packages/torch/quantization/quantization_mappings.py
   from /tmp/pip-uninstall-30rrqvv5/quantization/quantization_mappings.py
  Moving to /share/home/yuan/.conda/envs/mi_torch_cu118/lib/python3.10/site-packages/torch/quantization/quantize.py
   from /tmp/pip-uninstall-30rrqvv5/quantization/quantize.py
  Moving to /share/home/yuan/.conda/envs/mi_torch_cu118/lib/python3.10/site-packages/torch/quantization/quantize_fx.py
   from /tmp/pip-uninstall-30rrqvv5/quantization/quantize_fx.py
  Moving to /share/home/yuan/.conda/envs/mi_torch_cu118/lib/python3.10/site-packages/torch/quantization/quantize_jit.py
   from /tmp/pip-uninstall-30rrqvv5/quantization/quantize_jit.py
  Moving to /share/home/yuan/.conda/envs/mi_torch_cu118/lib/python3.10/site-packages/torch/quantization/stubs.py
   from /tmp/pip-uninstall-30rrqvv5/quantization/stubs.py
  Moving to /share/home/yuan/.conda/envs/mi_torch_cu118/lib/python3.10/site-packages/torch/quantization/utils.py
   from /tmp/pip-uninstall-30rrqvv5/quantization/utils.py
  Moving to /share/home/yuan/.conda/envs/mi_torch_cu118/lib/python3.10/site-packages/torch/quasirandom.py
   from /tmp/pip-uninstall-30rrqvv5/quasirandom.py
  Moving to /share/home/yuan/.conda/envs/mi_torch_cu118/lib/python3.10/site-packages/torch/random.py
   from /tmp/pip-uninstall-30rrqvv5/random.py
  Moving to /share/home/yuan/.conda/envs/mi_torch_cu118/lib/python3.10/site-packages/torch/return_types.py
   from /tmp/pip-uninstall-30rrqvv5/return_types.py
  Moving to /share/home/yuan/.conda/envs/mi_torch_cu118/lib/python3.10/site-packages/torch/return_types.pyi
   from /tmp/pip-uninstall-30rrqvv5/return_types.pyi
  Moving to /share/home/yuan/.conda/envs/mi_torch_cu118/lib/python3.10/site-packages/torch/serialization.py
   from /tmp/pip-uninstall-30rrqvv5/serialization.py
  Moving to /share/home/yuan/.conda/envs/mi_torch_cu118/lib/python3.10/site-packages/torch/signal/__init__.py
   from /tmp/pip-uninstall-30rrqvv5/signal/__init__.py
  Moving to /share/home/yuan/.conda/envs/mi_torch_cu118/lib/python3.10/site-packages/torch/signal/__pycache__/__init__.cpython-310.pyc
   from /tmp/pip-uninstall-30rrqvv5/signal/__pycache__/__init__.cpython-310.pyc
  Moving to /share/home/yuan/.conda/envs/mi_torch_cu118/lib/python3.10/site-packages/torch/signal/windows/__init__.py
   from /tmp/pip-uninstall-30rrqvv5/signal/windows/__init__.py
  Moving to /share/home/yuan/.conda/envs/mi_torch_cu118/lib/python3.10/site-packages/torch/signal/windows/__pycache__/__init__.cpython-310.pyc
   from /tmp/pip-uninstall-30rrqvv5/signal/windows/__pycache__/__init__.cpython-310.pyc
  Moving to /share/home/yuan/.conda/envs/mi_torch_cu118/lib/python3.10/site-packages/torch/signal/windows/__pycache__/windows.cpython-310.pyc
   from /tmp/pip-uninstall-30rrqvv5/signal/windows/__pycache__/windows.cpython-310.pyc
  Moving to /share/home/yuan/.conda/envs/mi_torch_cu118/lib/python3.10/site-packages/torch/signal/windows/windows.py
   from /tmp/pip-uninstall-30rrqvv5/signal/windows/windows.py
  Moving to /share/home/yuan/.conda/envs/mi_torch_cu118/lib/python3.10/site-packages/torch/sparse/__init__.py
   from /tmp/pip-uninstall-30rrqvv5/sparse/__init__.py
  Moving to /share/home/yuan/.conda/envs/mi_torch_cu118/lib/python3.10/site-packages/torch/sparse/__pycache__/__init__.cpython-310.pyc
   from /tmp/pip-uninstall-30rrqvv5/sparse/__pycache__/__init__.cpython-310.pyc
  Moving to /share/home/yuan/.conda/envs/mi_torch_cu118/lib/python3.10/site-packages/torch/sparse/__pycache__/_semi_structured_conversions.cpython-310.pyc
   from /tmp/pip-uninstall-30rrqvv5/sparse/__pycache__/_semi_structured_conversions.cpython-310.pyc
  Moving to /share/home/yuan/.conda/envs/mi_torch_cu118/lib/python3.10/site-packages/torch/sparse/__pycache__/_semi_structured_ops.cpython-310.pyc
   from /tmp/pip-uninstall-30rrqvv5/sparse/__pycache__/_semi_structured_ops.cpython-310.pyc
  Moving to /share/home/yuan/.conda/envs/mi_torch_cu118/lib/python3.10/site-packages/torch/sparse/__pycache__/_triton_ops.cpython-310.pyc
   from /tmp/pip-uninstall-30rrqvv5/sparse/__pycache__/_triton_ops.cpython-310.pyc
  Moving to /share/home/yuan/.conda/envs/mi_torch_cu118/lib/python3.10/site-packages/torch/sparse/__pycache__/_triton_ops_meta.cpython-310.pyc
   from /tmp/pip-uninstall-30rrqvv5/sparse/__pycache__/_triton_ops_meta.cpython-310.pyc
  Moving to /share/home/yuan/.conda/envs/mi_torch_cu118/lib/python3.10/site-packages/torch/sparse/__pycache__/semi_structured.cpython-310.pyc
   from /tmp/pip-uninstall-30rrqvv5/sparse/__pycache__/semi_structured.cpython-310.pyc
  Moving to /share/home/yuan/.conda/envs/mi_torch_cu118/lib/python3.10/site-packages/torch/sparse/_semi_structured_conversions.py
   from /tmp/pip-uninstall-30rrqvv5/sparse/_semi_structured_conversions.py
  Moving to /share/home/yuan/.conda/envs/mi_torch_cu118/lib/python3.10/site-packages/torch/sparse/_semi_structured_ops.py
   from /tmp/pip-uninstall-30rrqvv5/sparse/_semi_structured_ops.py
  Moving to /share/home/yuan/.conda/envs/mi_torch_cu118/lib/python3.10/site-packages/torch/sparse/_triton_ops.py
   from /tmp/pip-uninstall-30rrqvv5/sparse/_triton_ops.py
  Moving to /share/home/yuan/.conda/envs/mi_torch_cu118/lib/python3.10/site-packages/torch/sparse/_triton_ops_meta.py
   from /tmp/pip-uninstall-30rrqvv5/sparse/_triton_ops_meta.py
  Moving to /share/home/yuan/.conda/envs/mi_torch_cu118/lib/python3.10/site-packages/torch/sparse/semi_structured.py
   from /tmp/pip-uninstall-30rrqvv5/sparse/semi_structured.py
  Moving to /share/home/yuan/.conda/envs/mi_torch_cu118/lib/python3.10/site-packages/torch/special/__init__.py
   from /tmp/pip-uninstall-30rrqvv5/special/__init__.py
  Moving to /share/home/yuan/.conda/envs/mi_torch_cu118/lib/python3.10/site-packages/torch/special/__pycache__/__init__.cpython-310.pyc
   from /tmp/pip-uninstall-30rrqvv5/special/__pycache__/__init__.cpython-310.pyc
  Moving to /share/home/yuan/.conda/envs/mi_torch_cu118/lib/python3.10/site-packages/torch/storage.py
   from /tmp/pip-uninstall-30rrqvv5/storage.py
  Moving to /share/home/yuan/.conda/envs/mi_torch_cu118/lib/python3.10/site-packages/torch/testing/__init__.py
   from /tmp/pip-uninstall-30rrqvv5/testing/__init__.py
  Moving to /share/home/yuan/.conda/envs/mi_torch_cu118/lib/python3.10/site-packages/torch/testing/__pycache__/__init__.cpython-310.pyc
   from /tmp/pip-uninstall-30rrqvv5/testing/__pycache__/__init__.cpython-310.pyc
  Moving to /share/home/yuan/.conda/envs/mi_torch_cu118/lib/python3.10/site-packages/torch/testing/__pycache__/_comparison.cpython-310.pyc
   from /tmp/pip-uninstall-30rrqvv5/testing/__pycache__/_comparison.cpython-310.pyc
  Moving to /share/home/yuan/.conda/envs/mi_torch_cu118/lib/python3.10/site-packages/torch/testing/__pycache__/_creation.cpython-310.pyc
   from /tmp/pip-uninstall-30rrqvv5/testing/__pycache__/_creation.cpython-310.pyc
  Moving to /share/home/yuan/.conda/envs/mi_torch_cu118/lib/python3.10/site-packages/torch/testing/__pycache__/_utils.cpython-310.pyc
   from /tmp/pip-uninstall-30rrqvv5/testing/__pycache__/_utils.cpython-310.pyc
  Moving to /share/home/yuan/.conda/envs/mi_torch_cu118/lib/python3.10/site-packages/torch/testing/_comparison.py
   from /tmp/pip-uninstall-30rrqvv5/testing/_comparison.py
  Moving to /share/home/yuan/.conda/envs/mi_torch_cu118/lib/python3.10/site-packages/torch/testing/_creation.py
   from /tmp/pip-uninstall-30rrqvv5/testing/_creation.py
  Moving to /share/home/yuan/.conda/envs/mi_torch_cu118/lib/python3.10/site-packages/torch/testing/_internal/__init__.py
   from /tmp/pip-uninstall-30rrqvv5/testing/_internal/__init__.py
  Moving to /share/home/yuan/.conda/envs/mi_torch_cu118/lib/python3.10/site-packages/torch/testing/_internal/__pycache__/__init__.cpython-310.pyc
   from /tmp/pip-uninstall-30rrqvv5/testing/_internal/__pycache__/__init__.cpython-310.pyc
  Moving to /share/home/yuan/.conda/envs/mi_torch_cu118/lib/python3.10/site-packages/torch/testing/_internal/__pycache__/autocast_test_lists.cpython-310.pyc
   from /tmp/pip-uninstall-30rrqvv5/testing/_internal/__pycache__/autocast_test_lists.cpython-310.pyc
  Moving to /share/home/yuan/.conda/envs/mi_torch_cu118/lib/python3.10/site-packages/torch/testing/_internal/__pycache__/autograd_function_db.cpython-310.pyc
   from /tmp/pip-uninstall-30rrqvv5/testing/_internal/__pycache__/autograd_function_db.cpython-310.pyc
  Moving to /share/home/yuan/.conda/envs/mi_torch_cu118/lib/python3.10/site-packages/torch/testing/_internal/__pycache__/check_kernel_launches.cpython-310.pyc
   from /tmp/pip-uninstall-30rrqvv5/testing/_internal/__pycache__/check_kernel_launches.cpython-310.pyc
  Moving to /share/home/yuan/.conda/envs/mi_torch_cu118/lib/python3.10/site-packages/torch/testing/_internal/__pycache__/common_cuda.cpython-310.pyc
   from /tmp/pip-uninstall-30rrqvv5/testing/_internal/__pycache__/common_cuda.cpython-310.pyc
  Moving to /share/home/yuan/.conda/envs/mi_torch_cu118/lib/python3.10/site-packages/torch/testing/_internal/__pycache__/common_device_type.cpython-310.pyc
   from /tmp/pip-uninstall-30rrqvv5/testing/_internal/__pycache__/common_device_type.cpython-310.pyc
  Moving to /share/home/yuan/.conda/envs/mi_torch_cu118/lib/python3.10/site-packages/torch/testing/_internal/__pycache__/common_dist_composable.cpython-310.pyc
   from /tmp/pip-uninstall-30rrqvv5/testing/_internal/__pycache__/common_dist_composable.cpython-310.pyc
  Moving to /share/home/yuan/.conda/envs/mi_torch_cu118/lib/python3.10/site-packages/torch/testing/_internal/__pycache__/common_distributed.cpython-310.pyc
   from /tmp/pip-uninstall-30rrqvv5/testing/_internal/__pycache__/common_distributed.cpython-310.pyc
  Moving to /share/home/yuan/.conda/envs/mi_torch_cu118/lib/python3.10/site-packages/torch/testing/_internal/__pycache__/common_dtype.cpython-310.pyc
   from /tmp/pip-uninstall-30rrqvv5/testing/_internal/__pycache__/common_dtype.cpython-310.pyc
  Moving to /share/home/yuan/.conda/envs/mi_torch_cu118/lib/python3.10/site-packages/torch/testing/_internal/__pycache__/common_fsdp.cpython-310.pyc
   from /tmp/pip-uninstall-30rrqvv5/testing/_internal/__pycache__/common_fsdp.cpython-310.pyc
  Moving to /share/home/yuan/.conda/envs/mi_torch_cu118/lib/python3.10/site-packages/torch/testing/_internal/__pycache__/common_jit.cpython-310.pyc
   from /tmp/pip-uninstall-30rrqvv5/testing/_internal/__pycache__/common_jit.cpython-310.pyc
  Moving to /share/home/yuan/.conda/envs/mi_torch_cu118/lib/python3.10/site-packages/torch/testing/_internal/__pycache__/common_methods_invocations.cpython-310.pyc
   from /tmp/pip-uninstall-30rrqvv5/testing/_internal/__pycache__/common_methods_invocations.cpython-310.pyc
  Moving to /share/home/yuan/.conda/envs/mi_torch_cu118/lib/python3.10/site-packages/torch/testing/_internal/__pycache__/common_mkldnn.cpython-310.pyc
   from /tmp/pip-uninstall-30rrqvv5/testing/_internal/__pycache__/common_mkldnn.cpython-310.pyc
  Moving to /share/home/yuan/.conda/envs/mi_torch_cu118/lib/python3.10/site-packages/torch/testing/_internal/__pycache__/common_modules.cpython-310.pyc
   from /tmp/pip-uninstall-30rrqvv5/testing/_internal/__pycache__/common_modules.cpython-310.pyc
  Moving to /share/home/yuan/.conda/envs/mi_torch_cu118/lib/python3.10/site-packages/torch/testing/_internal/__pycache__/common_nn.cpython-310.pyc
   from /tmp/pip-uninstall-30rrqvv5/testing/_internal/__pycache__/common_nn.cpython-310.pyc
  Moving to /share/home/yuan/.conda/envs/mi_torch_cu118/lib/python3.10/site-packages/torch/testing/_internal/__pycache__/common_optimizers.cpython-310.pyc
   from /tmp/pip-uninstall-30rrqvv5/testing/_internal/__pycache__/common_optimizers.cpython-310.pyc
  Moving to /share/home/yuan/.conda/envs/mi_torch_cu118/lib/python3.10/site-packages/torch/testing/_internal/__pycache__/common_pruning.cpython-310.pyc
   from /tmp/pip-uninstall-30rrqvv5/testing/_internal/__pycache__/common_pruning.cpython-310.pyc
  Moving to /share/home/yuan/.conda/envs/mi_torch_cu118/lib/python3.10/site-packages/torch/testing/_internal/__pycache__/common_quantization.cpython-310.pyc
   from /tmp/pip-uninstall-30rrqvv5/testing/_internal/__pycache__/common_quantization.cpython-310.pyc
  Moving to /share/home/yuan/.conda/envs/mi_torch_cu118/lib/python3.10/site-packages/torch/testing/_internal/__pycache__/common_quantized.cpython-310.pyc
   from /tmp/pip-uninstall-30rrqvv5/testing/_internal/__pycache__/common_quantized.cpython-310.pyc
  Moving to /share/home/yuan/.conda/envs/mi_torch_cu118/lib/python3.10/site-packages/torch/testing/_internal/__pycache__/common_subclass.cpython-310.pyc
   from /tmp/pip-uninstall-30rrqvv5/testing/_internal/__pycache__/common_subclass.cpython-310.pyc
  Moving to /share/home/yuan/.conda/envs/mi_torch_cu118/lib/python3.10/site-packages/torch/testing/_internal/__pycache__/common_utils.cpython-310.pyc
   from /tmp/pip-uninstall-30rrqvv5/testing/_internal/__pycache__/common_utils.cpython-310.pyc
  Moving to /share/home/yuan/.conda/envs/mi_torch_cu118/lib/python3.10/site-packages/torch/testing/_internal/__pycache__/composite_compliance.cpython-310.pyc
   from /tmp/pip-uninstall-30rrqvv5/testing/_internal/__pycache__/composite_compliance.cpython-310.pyc
  Moving to /share/home/yuan/.conda/envs/mi_torch_cu118/lib/python3.10/site-packages/torch/testing/_internal/__pycache__/custom_op_db.cpython-310.pyc
   from /tmp/pip-uninstall-30rrqvv5/testing/_internal/__pycache__/custom_op_db.cpython-310.pyc
  Moving to /share/home/yuan/.conda/envs/mi_torch_cu118/lib/python3.10/site-packages/torch/testing/_internal/__pycache__/custom_tensor.cpython-310.pyc
   from /tmp/pip-uninstall-30rrqvv5/testing/_internal/__pycache__/custom_tensor.cpython-310.pyc
  Moving to /share/home/yuan/.conda/envs/mi_torch_cu118/lib/python3.10/site-packages/torch/testing/_internal/__pycache__/dist_utils.cpython-310.pyc
   from /tmp/pip-uninstall-30rrqvv5/testing/_internal/__pycache__/dist_utils.cpython-310.pyc
  Moving to /share/home/yuan/.conda/envs/mi_torch_cu118/lib/python3.10/site-packages/torch/testing/_internal/__pycache__/dynamo_test_failures.cpython-310.pyc
   from /tmp/pip-uninstall-30rrqvv5/testing/_internal/__pycache__/dynamo_test_failures.cpython-310.pyc
  Moving to /share/home/yuan/.conda/envs/mi_torch_cu118/lib/python3.10/site-packages/torch/testing/_internal/__pycache__/fake_config_module.cpython-310.pyc
   from /tmp/pip-uninstall-30rrqvv5/testing/_internal/__pycache__/fake_config_module.cpython-310.pyc
  Moving to /share/home/yuan/.conda/envs/mi_torch_cu118/lib/python3.10/site-packages/torch/testing/_internal/__pycache__/hop_db.cpython-310.pyc
   from /tmp/pip-uninstall-30rrqvv5/testing/_internal/__pycache__/hop_db.cpython-310.pyc
  Moving to /share/home/yuan/.conda/envs/mi_torch_cu118/lib/python3.10/site-packages/torch/testing/_internal/__pycache__/hypothesis_utils.cpython-310.pyc
   from /tmp/pip-uninstall-30rrqvv5/testing/_internal/__pycache__/hypothesis_utils.cpython-310.pyc
  Moving to /share/home/yuan/.conda/envs/mi_torch_cu118/lib/python3.10/site-packages/torch/testing/_internal/__pycache__/inductor_utils.cpython-310.pyc
   from /tmp/pip-uninstall-30rrqvv5/testing/_internal/__pycache__/inductor_utils.cpython-310.pyc
  Moving to /share/home/yuan/.conda/envs/mi_torch_cu118/lib/python3.10/site-packages/torch/testing/_internal/__pycache__/jit_metaprogramming_utils.cpython-310.pyc
   from /tmp/pip-uninstall-30rrqvv5/testing/_internal/__pycache__/jit_metaprogramming_utils.cpython-310.pyc
  Moving to /share/home/yuan/.conda/envs/mi_torch_cu118/lib/python3.10/site-packages/torch/testing/_internal/__pycache__/jit_utils.cpython-310.pyc
   from /tmp/pip-uninstall-30rrqvv5/testing/_internal/__pycache__/jit_utils.cpython-310.pyc
  Moving to /share/home/yuan/.conda/envs/mi_torch_cu118/lib/python3.10/site-packages/torch/testing/_internal/__pycache__/logging_tensor.cpython-310.pyc
   from /tmp/pip-uninstall-30rrqvv5/testing/_internal/__pycache__/logging_tensor.cpython-310.pyc
  Moving to /share/home/yuan/.conda/envs/mi_torch_cu118/lib/python3.10/site-packages/torch/testing/_internal/__pycache__/logging_utils.cpython-310.pyc
   from /tmp/pip-uninstall-30rrqvv5/testing/_internal/__pycache__/logging_utils.cpython-310.pyc
  Moving to /share/home/yuan/.conda/envs/mi_torch_cu118/lib/python3.10/site-packages/torch/testing/_internal/__pycache__/quantization_torch_package_models.cpython-310.pyc
   from /tmp/pip-uninstall-30rrqvv5/testing/_internal/__pycache__/quantization_torch_package_models.cpython-310.pyc
  Moving to /share/home/yuan/.conda/envs/mi_torch_cu118/lib/python3.10/site-packages/torch/testing/_internal/__pycache__/static_module.cpython-310.pyc
   from /tmp/pip-uninstall-30rrqvv5/testing/_internal/__pycache__/static_module.cpython-310.pyc
  Moving to /share/home/yuan/.conda/envs/mi_torch_cu118/lib/python3.10/site-packages/torch/testing/_internal/__pycache__/subclasses.cpython-310.pyc
   from /tmp/pip-uninstall-30rrqvv5/testing/_internal/__pycache__/subclasses.cpython-310.pyc
  Moving to /share/home/yuan/.conda/envs/mi_torch_cu118/lib/python3.10/site-packages/torch/testing/_internal/__pycache__/torchbind_impls.cpython-310.pyc
   from /tmp/pip-uninstall-30rrqvv5/testing/_internal/__pycache__/torchbind_impls.cpython-310.pyc
  Moving to /share/home/yuan/.conda/envs/mi_torch_cu118/lib/python3.10/site-packages/torch/testing/_internal/__pycache__/triton_utils.cpython-310.pyc
   from /tmp/pip-uninstall-30rrqvv5/testing/_internal/__pycache__/triton_utils.cpython-310.pyc
  Moving to /share/home/yuan/.conda/envs/mi_torch_cu118/lib/python3.10/site-packages/torch/testing/_internal/__pycache__/two_tensor.cpython-310.pyc
   from /tmp/pip-uninstall-30rrqvv5/testing/_internal/__pycache__/two_tensor.cpython-310.pyc
  Moving to /share/home/yuan/.conda/envs/mi_torch_cu118/lib/python3.10/site-packages/torch/testing/_internal/autocast_test_lists.py
   from /tmp/pip-uninstall-30rrqvv5/testing/_internal/autocast_test_lists.py
  Moving to /share/home/yuan/.conda/envs/mi_torch_cu118/lib/python3.10/site-packages/torch/testing/_internal/autograd_function_db.py
   from /tmp/pip-uninstall-30rrqvv5/testing/_internal/autograd_function_db.py
  Moving to /share/home/yuan/.conda/envs/mi_torch_cu118/lib/python3.10/site-packages/torch/testing/_internal/check_kernel_launches.py
   from /tmp/pip-uninstall-30rrqvv5/testing/_internal/check_kernel_launches.py
  Moving to /share/home/yuan/.conda/envs/mi_torch_cu118/lib/python3.10/site-packages/torch/testing/_internal/codegen/__init__.py
   from /tmp/pip-uninstall-30rrqvv5/testing/_internal/codegen/__init__.py
  Moving to /share/home/yuan/.conda/envs/mi_torch_cu118/lib/python3.10/site-packages/torch/testing/_internal/codegen/__pycache__/__init__.cpython-310.pyc
   from /tmp/pip-uninstall-30rrqvv5/testing/_internal/codegen/__pycache__/__init__.cpython-310.pyc
  Moving to /share/home/yuan/.conda/envs/mi_torch_cu118/lib/python3.10/site-packages/torch/testing/_internal/common_cuda.py
   from /tmp/pip-uninstall-30rrqvv5/testing/_internal/common_cuda.py
  Moving to /share/home/yuan/.conda/envs/mi_torch_cu118/lib/python3.10/site-packages/torch/testing/_internal/common_device_type.py
   from /tmp/pip-uninstall-30rrqvv5/testing/_internal/common_device_type.py
  Moving to /share/home/yuan/.conda/envs/mi_torch_cu118/lib/python3.10/site-packages/torch/testing/_internal/common_dist_composable.py
   from /tmp/pip-uninstall-30rrqvv5/testing/_internal/common_dist_composable.py
  Moving to /share/home/yuan/.conda/envs/mi_torch_cu118/lib/python3.10/site-packages/torch/testing/_internal/common_distributed.py
   from /tmp/pip-uninstall-30rrqvv5/testing/_internal/common_distributed.py
  Moving to /share/home/yuan/.conda/envs/mi_torch_cu118/lib/python3.10/site-packages/torch/testing/_internal/common_dtype.py
   from /tmp/pip-uninstall-30rrqvv5/testing/_internal/common_dtype.py
  Moving to /share/home/yuan/.conda/envs/mi_torch_cu118/lib/python3.10/site-packages/torch/testing/_internal/common_fsdp.py
   from /tmp/pip-uninstall-30rrqvv5/testing/_internal/common_fsdp.py
  Moving to /share/home/yuan/.conda/envs/mi_torch_cu118/lib/python3.10/site-packages/torch/testing/_internal/common_jit.py
   from /tmp/pip-uninstall-30rrqvv5/testing/_internal/common_jit.py
  Moving to /share/home/yuan/.conda/envs/mi_torch_cu118/lib/python3.10/site-packages/torch/testing/_internal/common_methods_invocations.py
   from /tmp/pip-uninstall-30rrqvv5/testing/_internal/common_methods_invocations.py
  Moving to /share/home/yuan/.conda/envs/mi_torch_cu118/lib/python3.10/site-packages/torch/testing/_internal/common_mkldnn.py
   from /tmp/pip-uninstall-30rrqvv5/testing/_internal/common_mkldnn.py
  Moving to /share/home/yuan/.conda/envs/mi_torch_cu118/lib/python3.10/site-packages/torch/testing/_internal/common_modules.py
   from /tmp/pip-uninstall-30rrqvv5/testing/_internal/common_modules.py
  Moving to /share/home/yuan/.conda/envs/mi_torch_cu118/lib/python3.10/site-packages/torch/testing/_internal/common_nn.py
   from /tmp/pip-uninstall-30rrqvv5/testing/_internal/common_nn.py
  Moving to /share/home/yuan/.conda/envs/mi_torch_cu118/lib/python3.10/site-packages/torch/testing/_internal/common_optimizers.py
   from /tmp/pip-uninstall-30rrqvv5/testing/_internal/common_optimizers.py
  Moving to /share/home/yuan/.conda/envs/mi_torch_cu118/lib/python3.10/site-packages/torch/testing/_internal/common_pruning.py
   from /tmp/pip-uninstall-30rrqvv5/testing/_internal/common_pruning.py
  Moving to /share/home/yuan/.conda/envs/mi_torch_cu118/lib/python3.10/site-packages/torch/testing/_internal/common_quantization.py
   from /tmp/pip-uninstall-30rrqvv5/testing/_internal/common_quantization.py
  Moving to /share/home/yuan/.conda/envs/mi_torch_cu118/lib/python3.10/site-packages/torch/testing/_internal/common_quantized.py
   from /tmp/pip-uninstall-30rrqvv5/testing/_internal/common_quantized.py
  Moving to /share/home/yuan/.conda/envs/mi_torch_cu118/lib/python3.10/site-packages/torch/testing/_internal/common_subclass.py
   from /tmp/pip-uninstall-30rrqvv5/testing/_internal/common_subclass.py
  Moving to /share/home/yuan/.conda/envs/mi_torch_cu118/lib/python3.10/site-packages/torch/testing/_internal/common_utils.py
   from /tmp/pip-uninstall-30rrqvv5/testing/_internal/common_utils.py
  Moving to /share/home/yuan/.conda/envs/mi_torch_cu118/lib/python3.10/site-packages/torch/testing/_internal/composite_compliance.py
   from /tmp/pip-uninstall-30rrqvv5/testing/_internal/composite_compliance.py
  Moving to /share/home/yuan/.conda/envs/mi_torch_cu118/lib/python3.10/site-packages/torch/testing/_internal/custom_op_db.py
   from /tmp/pip-uninstall-30rrqvv5/testing/_internal/custom_op_db.py
  Moving to /share/home/yuan/.conda/envs/mi_torch_cu118/lib/python3.10/site-packages/torch/testing/_internal/custom_tensor.py
   from /tmp/pip-uninstall-30rrqvv5/testing/_internal/custom_tensor.py
  Moving to /share/home/yuan/.conda/envs/mi_torch_cu118/lib/python3.10/site-packages/torch/testing/_internal/data/__init__.py
   from /tmp/pip-uninstall-30rrqvv5/testing/_internal/data/__init__.py
  Moving to /share/home/yuan/.conda/envs/mi_torch_cu118/lib/python3.10/site-packages/torch/testing/_internal/data/__pycache__/__init__.cpython-310.pyc
   from /tmp/pip-uninstall-30rrqvv5/testing/_internal/data/__pycache__/__init__.cpython-310.pyc
  Moving to /share/home/yuan/.conda/envs/mi_torch_cu118/lib/python3.10/site-packages/torch/testing/_internal/data/__pycache__/network1.cpython-310.pyc
   from /tmp/pip-uninstall-30rrqvv5/testing/_internal/data/__pycache__/network1.cpython-310.pyc
  Moving to /share/home/yuan/.conda/envs/mi_torch_cu118/lib/python3.10/site-packages/torch/testing/_internal/data/__pycache__/network2.cpython-310.pyc
   from /tmp/pip-uninstall-30rrqvv5/testing/_internal/data/__pycache__/network2.cpython-310.pyc
  Moving to /share/home/yuan/.conda/envs/mi_torch_cu118/lib/python3.10/site-packages/torch/testing/_internal/data/network1.py
   from /tmp/pip-uninstall-30rrqvv5/testing/_internal/data/network1.py
  Moving to /share/home/yuan/.conda/envs/mi_torch_cu118/lib/python3.10/site-packages/torch/testing/_internal/data/network2.py
   from /tmp/pip-uninstall-30rrqvv5/testing/_internal/data/network2.py
  Moving to /share/home/yuan/.conda/envs/mi_torch_cu118/lib/python3.10/site-packages/torch/testing/_internal/dist_utils.py
   from /tmp/pip-uninstall-30rrqvv5/testing/_internal/dist_utils.py
  Moving to /share/home/yuan/.conda/envs/mi_torch_cu118/lib/python3.10/site-packages/torch/testing/_internal/distributed/__init__.py
   from /tmp/pip-uninstall-30rrqvv5/testing/_internal/distributed/__init__.py
  Moving to /share/home/yuan/.conda/envs/mi_torch_cu118/lib/python3.10/site-packages/torch/testing/_internal/distributed/__pycache__/__init__.cpython-310.pyc
   from /tmp/pip-uninstall-30rrqvv5/testing/_internal/distributed/__pycache__/__init__.cpython-310.pyc
  Moving to /share/home/yuan/.conda/envs/mi_torch_cu118/lib/python3.10/site-packages/torch/testing/_internal/distributed/__pycache__/checkpoint_utils.cpython-310.pyc
   from /tmp/pip-uninstall-30rrqvv5/testing/_internal/distributed/__pycache__/checkpoint_utils.cpython-310.pyc
  Moving to /share/home/yuan/.conda/envs/mi_torch_cu118/lib/python3.10/site-packages/torch/testing/_internal/distributed/__pycache__/common_state_dict.cpython-310.pyc
   from /tmp/pip-uninstall-30rrqvv5/testing/_internal/distributed/__pycache__/common_state_dict.cpython-310.pyc
  Moving to /share/home/yuan/.conda/envs/mi_torch_cu118/lib/python3.10/site-packages/torch/testing/_internal/distributed/__pycache__/ddp_under_dist_autograd_test.cpython-310.pyc
   from /tmp/pip-uninstall-30rrqvv5/testing/_internal/distributed/__pycache__/ddp_under_dist_autograd_test.cpython-310.pyc
  Moving to /share/home/yuan/.conda/envs/mi_torch_cu118/lib/python3.10/site-packages/torch/testing/_internal/distributed/__pycache__/distributed_test.cpython-310.pyc
   from /tmp/pip-uninstall-30rrqvv5/testing/_internal/distributed/__pycache__/distributed_test.cpython-310.pyc
  Moving to /share/home/yuan/.conda/envs/mi_torch_cu118/lib/python3.10/site-packages/torch/testing/_internal/distributed/__pycache__/distributed_utils.cpython-310.pyc
   from /tmp/pip-uninstall-30rrqvv5/testing/_internal/distributed/__pycache__/distributed_utils.cpython-310.pyc
  Moving to /share/home/yuan/.conda/envs/mi_torch_cu118/lib/python3.10/site-packages/torch/testing/_internal/distributed/__pycache__/fake_pg.cpython-310.pyc
   from /tmp/pip-uninstall-30rrqvv5/testing/_internal/distributed/__pycache__/fake_pg.cpython-310.pyc
  Moving to /share/home/yuan/.conda/envs/mi_torch_cu118/lib/python3.10/site-packages/torch/testing/_internal/distributed/__pycache__/multi_threaded_pg.cpython-310.pyc
   from /tmp/pip-uninstall-30rrqvv5/testing/_internal/distributed/__pycache__/multi_threaded_pg.cpython-310.pyc
  Moving to /share/home/yuan/.conda/envs/mi_torch_cu118/lib/python3.10/site-packages/torch/testing/_internal/distributed/__pycache__/rpc_utils.cpython-310.pyc
   from /tmp/pip-uninstall-30rrqvv5/testing/_internal/distributed/__pycache__/rpc_utils.cpython-310.pyc
  Moving to /share/home/yuan/.conda/envs/mi_torch_cu118/lib/python3.10/site-packages/torch/testing/_internal/distributed/_shard/__init__.py
   from /tmp/pip-uninstall-30rrqvv5/testing/_internal/distributed/_shard/__init__.py
  Moving to /share/home/yuan/.conda/envs/mi_torch_cu118/lib/python3.10/site-packages/torch/testing/_internal/distributed/_shard/__pycache__/__init__.cpython-310.pyc
   from /tmp/pip-uninstall-30rrqvv5/testing/_internal/distributed/_shard/__pycache__/__init__.cpython-310.pyc
  Moving to /share/home/yuan/.conda/envs/mi_torch_cu118/lib/python3.10/site-packages/torch/testing/_internal/distributed/_shard/__pycache__/test_common.cpython-310.pyc
   from /tmp/pip-uninstall-30rrqvv5/testing/_internal/distributed/_shard/__pycache__/test_common.cpython-310.pyc
  Moving to /share/home/yuan/.conda/envs/mi_torch_cu118/lib/python3.10/site-packages/torch/testing/_internal/distributed/_shard/sharded_tensor/__init__.py
   from /tmp/pip-uninstall-30rrqvv5/testing/_internal/distributed/_shard/sharded_tensor/__init__.py
  Moving to /share/home/yuan/.conda/envs/mi_torch_cu118/lib/python3.10/site-packages/torch/testing/_internal/distributed/_shard/sharded_tensor/__pycache__/__init__.cpython-310.pyc
   from /tmp/pip-uninstall-30rrqvv5/testing/_internal/distributed/_shard/sharded_tensor/__pycache__/__init__.cpython-310.pyc
  Moving to /share/home/yuan/.conda/envs/mi_torch_cu118/lib/python3.10/site-packages/torch/testing/_internal/distributed/_shard/sharded_tensor/__pycache__/_test_ops_common.cpython-310.pyc
   from /tmp/pip-uninstall-30rrqvv5/testing/_internal/distributed/_shard/sharded_tensor/__pycache__/_test_ops_common.cpython-310.pyc
  Moving to /share/home/yuan/.conda/envs/mi_torch_cu118/lib/python3.10/site-packages/torch/testing/_internal/distributed/_shard/sharded_tensor/__pycache__/_test_st_common.cpython-310.pyc
   from /tmp/pip-uninstall-30rrqvv5/testing/_internal/distributed/_shard/sharded_tensor/__pycache__/_test_st_common.cpython-310.pyc
  Moving to /share/home/yuan/.conda/envs/mi_torch_cu118/lib/python3.10/site-packages/torch/testing/_internal/distributed/_shard/sharded_tensor/_test_ops_common.py
   from /tmp/pip-uninstall-30rrqvv5/testing/_internal/distributed/_shard/sharded_tensor/_test_ops_common.py
  Moving to /share/home/yuan/.conda/envs/mi_torch_cu118/lib/python3.10/site-packages/torch/testing/_internal/distributed/_shard/sharded_tensor/_test_st_common.py
   from /tmp/pip-uninstall-30rrqvv5/testing/_internal/distributed/_shard/sharded_tensor/_test_st_common.py
  Moving to /share/home/yuan/.conda/envs/mi_torch_cu118/lib/python3.10/site-packages/torch/testing/_internal/distributed/_shard/test_common.py
   from /tmp/pip-uninstall-30rrqvv5/testing/_internal/distributed/_shard/test_common.py
  Moving to /share/home/yuan/.conda/envs/mi_torch_cu118/lib/python3.10/site-packages/torch/testing/_internal/distributed/_tensor/__init__.py
   from /tmp/pip-uninstall-30rrqvv5/testing/_internal/distributed/_tensor/__init__.py
  Moving to /share/home/yuan/.conda/envs/mi_torch_cu118/lib/python3.10/site-packages/torch/testing/_internal/distributed/_tensor/__pycache__/__init__.cpython-310.pyc
   from /tmp/pip-uninstall-30rrqvv5/testing/_internal/distributed/_tensor/__pycache__/__init__.cpython-310.pyc
  Moving to /share/home/yuan/.conda/envs/mi_torch_cu118/lib/python3.10/site-packages/torch/testing/_internal/distributed/_tensor/__pycache__/common_dtensor.cpython-310.pyc
   from /tmp/pip-uninstall-30rrqvv5/testing/_internal/distributed/_tensor/__pycache__/common_dtensor.cpython-310.pyc
  Moving to /share/home/yuan/.conda/envs/mi_torch_cu118/lib/python3.10/site-packages/torch/testing/_internal/distributed/_tensor/common_dtensor.py
   from /tmp/pip-uninstall-30rrqvv5/testing/_internal/distributed/_tensor/common_dtensor.py
  Moving to /share/home/yuan/.conda/envs/mi_torch_cu118/lib/python3.10/site-packages/torch/testing/_internal/distributed/checkpoint_utils.py
   from /tmp/pip-uninstall-30rrqvv5/testing/_internal/distributed/checkpoint_utils.py
  Moving to /share/home/yuan/.conda/envs/mi_torch_cu118/lib/python3.10/site-packages/torch/testing/_internal/distributed/common_state_dict.py
   from /tmp/pip-uninstall-30rrqvv5/testing/_internal/distributed/common_state_dict.py
  Moving to /share/home/yuan/.conda/envs/mi_torch_cu118/lib/python3.10/site-packages/torch/testing/_internal/distributed/ddp_under_dist_autograd_test.py
   from /tmp/pip-uninstall-30rrqvv5/testing/_internal/distributed/ddp_under_dist_autograd_test.py
  Moving to /share/home/yuan/.conda/envs/mi_torch_cu118/lib/python3.10/site-packages/torch/testing/_internal/distributed/distributed_test.py
   from /tmp/pip-uninstall-30rrqvv5/testing/_internal/distributed/distributed_test.py
  Moving to /share/home/yuan/.conda/envs/mi_torch_cu118/lib/python3.10/site-packages/torch/testing/_internal/distributed/distributed_utils.py
   from /tmp/pip-uninstall-30rrqvv5/testing/_internal/distributed/distributed_utils.py
  Moving to /share/home/yuan/.conda/envs/mi_torch_cu118/lib/python3.10/site-packages/torch/testing/_internal/distributed/fake_pg.py
   from /tmp/pip-uninstall-30rrqvv5/testing/_internal/distributed/fake_pg.py
  Moving to /share/home/yuan/.conda/envs/mi_torch_cu118/lib/python3.10/site-packages/torch/testing/_internal/distributed/multi_threaded_pg.py
   from /tmp/pip-uninstall-30rrqvv5/testing/_internal/distributed/multi_threaded_pg.py
  Moving to /share/home/yuan/.conda/envs/mi_torch_cu118/lib/python3.10/site-packages/torch/testing/_internal/distributed/nn/__init__.py
   from /tmp/pip-uninstall-30rrqvv5/testing/_internal/distributed/nn/__init__.py
  Moving to /share/home/yuan/.conda/envs/mi_torch_cu118/lib/python3.10/site-packages/torch/testing/_internal/distributed/nn/__pycache__/__init__.cpython-310.pyc
   from /tmp/pip-uninstall-30rrqvv5/testing/_internal/distributed/nn/__pycache__/__init__.cpython-310.pyc
  Moving to /share/home/yuan/.conda/envs/mi_torch_cu118/lib/python3.10/site-packages/torch/testing/_internal/distributed/nn/api/__init__.py
   from /tmp/pip-uninstall-30rrqvv5/testing/_internal/distributed/nn/api/__init__.py
  Moving to /share/home/yuan/.conda/envs/mi_torch_cu118/lib/python3.10/site-packages/torch/testing/_internal/distributed/nn/api/__pycache__/__init__.cpython-310.pyc
   from /tmp/pip-uninstall-30rrqvv5/testing/_internal/distributed/nn/api/__pycache__/__init__.cpython-310.pyc
  Moving to /share/home/yuan/.conda/envs/mi_torch_cu118/lib/python3.10/site-packages/torch/testing/_internal/distributed/nn/api/__pycache__/remote_module_test.cpython-310.pyc
   from /tmp/pip-uninstall-30rrqvv5/testing/_internal/distributed/nn/api/__pycache__/remote_module_test.cpython-310.pyc
  Moving to /share/home/yuan/.conda/envs/mi_torch_cu118/lib/python3.10/site-packages/torch/testing/_internal/distributed/nn/api/remote_module_test.py
   from /tmp/pip-uninstall-30rrqvv5/testing/_internal/distributed/nn/api/remote_module_test.py
  Moving to /share/home/yuan/.conda/envs/mi_torch_cu118/lib/python3.10/site-packages/torch/testing/_internal/distributed/rpc/__init__.py
   from /tmp/pip-uninstall-30rrqvv5/testing/_internal/distributed/rpc/__init__.py
  Moving to /share/home/yuan/.conda/envs/mi_torch_cu118/lib/python3.10/site-packages/torch/testing/_internal/distributed/rpc/__pycache__/__init__.cpython-310.pyc
   from /tmp/pip-uninstall-30rrqvv5/testing/_internal/distributed/rpc/__pycache__/__init__.cpython-310.pyc
  Moving to /share/home/yuan/.conda/envs/mi_torch_cu118/lib/python3.10/site-packages/torch/testing/_internal/distributed/rpc/__pycache__/dist_autograd_test.cpython-310.pyc
   from /tmp/pip-uninstall-30rrqvv5/testing/_internal/distributed/rpc/__pycache__/dist_autograd_test.cpython-310.pyc
  Moving to /share/home/yuan/.conda/envs/mi_torch_cu118/lib/python3.10/site-packages/torch/testing/_internal/distributed/rpc/__pycache__/dist_optimizer_test.cpython-310.pyc
   from /tmp/pip-uninstall-30rrqvv5/testing/_internal/distributed/rpc/__pycache__/dist_optimizer_test.cpython-310.pyc
  Moving to /share/home/yuan/.conda/envs/mi_torch_cu118/lib/python3.10/site-packages/torch/testing/_internal/distributed/rpc/__pycache__/faulty_agent_rpc_test.cpython-310.pyc
   from /tmp/pip-uninstall-30rrqvv5/testing/_internal/distributed/rpc/__pycache__/faulty_agent_rpc_test.cpython-310.pyc
  Moving to /share/home/yuan/.conda/envs/mi_torch_cu118/lib/python3.10/site-packages/torch/testing/_internal/distributed/rpc/__pycache__/faulty_rpc_agent_test_fixture.cpython-310.pyc
   from /tmp/pip-uninstall-30rrqvv5/testing/_internal/distributed/rpc/__pycache__/faulty_rpc_agent_test_fixture.cpython-310.pyc
  Moving to /share/home/yuan/.conda/envs/mi_torch_cu118/lib/python3.10/site-packages/torch/testing/_internal/distributed/rpc/__pycache__/rpc_agent_test_fixture.cpython-310.pyc
   from /tmp/pip-uninstall-30rrqvv5/testing/_internal/distributed/rpc/__pycache__/rpc_agent_test_fixture.cpython-310.pyc
  Moving to /share/home/yuan/.conda/envs/mi_torch_cu118/lib/python3.10/site-packages/torch/testing/_internal/distributed/rpc/__pycache__/rpc_test.cpython-310.pyc
   from /tmp/pip-uninstall-30rrqvv5/testing/_internal/distributed/rpc/__pycache__/rpc_test.cpython-310.pyc
  Moving to /share/home/yuan/.conda/envs/mi_torch_cu118/lib/python3.10/site-packages/torch/testing/_internal/distributed/rpc/__pycache__/tensorpipe_rpc_agent_test_fixture.cpython-310.pyc
   from /tmp/pip-uninstall-30rrqvv5/testing/_internal/distributed/rpc/__pycache__/tensorpipe_rpc_agent_test_fixture.cpython-310.pyc
  Moving to /share/home/yuan/.conda/envs/mi_torch_cu118/lib/python3.10/site-packages/torch/testing/_internal/distributed/rpc/dist_autograd_test.py
   from /tmp/pip-uninstall-30rrqvv5/testing/_internal/distributed/rpc/dist_autograd_test.py
  Moving to /share/home/yuan/.conda/envs/mi_torch_cu118/lib/python3.10/site-packages/torch/testing/_internal/distributed/rpc/dist_optimizer_test.py
   from /tmp/pip-uninstall-30rrqvv5/testing/_internal/distributed/rpc/dist_optimizer_test.py
  Moving to /share/home/yuan/.conda/envs/mi_torch_cu118/lib/python3.10/site-packages/torch/testing/_internal/distributed/rpc/examples/__init__.py
   from /tmp/pip-uninstall-30rrqvv5/testing/_internal/distributed/rpc/examples/__init__.py
  Moving to /share/home/yuan/.conda/envs/mi_torch_cu118/lib/python3.10/site-packages/torch/testing/_internal/distributed/rpc/examples/__pycache__/__init__.cpython-310.pyc
   from /tmp/pip-uninstall-30rrqvv5/testing/_internal/distributed/rpc/examples/__pycache__/__init__.cpython-310.pyc
  Moving to /share/home/yuan/.conda/envs/mi_torch_cu118/lib/python3.10/site-packages/torch/testing/_internal/distributed/rpc/examples/__pycache__/parameter_server_test.cpython-310.pyc
   from /tmp/pip-uninstall-30rrqvv5/testing/_internal/distributed/rpc/examples/__pycache__/parameter_server_test.cpython-310.pyc
  Moving to /share/home/yuan/.conda/envs/mi_torch_cu118/lib/python3.10/site-packages/torch/testing/_internal/distributed/rpc/examples/__pycache__/reinforcement_learning_rpc_test.cpython-310.pyc
   from /tmp/pip-uninstall-30rrqvv5/testing/_internal/distributed/rpc/examples/__pycache__/reinforcement_learning_rpc_test.cpython-310.pyc
  Moving to /share/home/yuan/.conda/envs/mi_torch_cu118/lib/python3.10/site-packages/torch/testing/_internal/distributed/rpc/examples/parameter_server_test.py
   from /tmp/pip-uninstall-30rrqvv5/testing/_internal/distributed/rpc/examples/parameter_server_test.py
  Moving to /share/home/yuan/.conda/envs/mi_torch_cu118/lib/python3.10/site-packages/torch/testing/_internal/distributed/rpc/examples/reinforcement_learning_rpc_test.py
   from /tmp/pip-uninstall-30rrqvv5/testing/_internal/distributed/rpc/examples/reinforcement_learning_rpc_test.py
  Moving to /share/home/yuan/.conda/envs/mi_torch_cu118/lib/python3.10/site-packages/torch/testing/_internal/distributed/rpc/faulty_agent_rpc_test.py
   from /tmp/pip-uninstall-30rrqvv5/testing/_internal/distributed/rpc/faulty_agent_rpc_test.py
  Moving to /share/home/yuan/.conda/envs/mi_torch_cu118/lib/python3.10/site-packages/torch/testing/_internal/distributed/rpc/faulty_rpc_agent_test_fixture.py
   from /tmp/pip-uninstall-30rrqvv5/testing/_internal/distributed/rpc/faulty_rpc_agent_test_fixture.py
  Moving to /share/home/yuan/.conda/envs/mi_torch_cu118/lib/python3.10/site-packages/torch/testing/_internal/distributed/rpc/jit/__init__.py
   from /tmp/pip-uninstall-30rrqvv5/testing/_internal/distributed/rpc/jit/__init__.py
  Moving to /share/home/yuan/.conda/envs/mi_torch_cu118/lib/python3.10/site-packages/torch/testing/_internal/distributed/rpc/jit/__pycache__/__init__.cpython-310.pyc
   from /tmp/pip-uninstall-30rrqvv5/testing/_internal/distributed/rpc/jit/__pycache__/__init__.cpython-310.pyc
  Moving to /share/home/yuan/.conda/envs/mi_torch_cu118/lib/python3.10/site-packages/torch/testing/_internal/distributed/rpc/jit/__pycache__/dist_autograd_test.cpython-310.pyc
   from /tmp/pip-uninstall-30rrqvv5/testing/_internal/distributed/rpc/jit/__pycache__/dist_autograd_test.cpython-310.pyc
  Moving to /share/home/yuan/.conda/envs/mi_torch_cu118/lib/python3.10/site-packages/torch/testing/_internal/distributed/rpc/jit/__pycache__/rpc_test.cpython-310.pyc
   from /tmp/pip-uninstall-30rrqvv5/testing/_internal/distributed/rpc/jit/__pycache__/rpc_test.cpython-310.pyc
  Moving to /share/home/yuan/.conda/envs/mi_torch_cu118/lib/python3.10/site-packages/torch/testing/_internal/distributed/rpc/jit/__pycache__/rpc_test_faulty.cpython-310.pyc
   from /tmp/pip-uninstall-30rrqvv5/testing/_internal/distributed/rpc/jit/__pycache__/rpc_test_faulty.cpython-310.pyc
  Moving to /share/home/yuan/.conda/envs/mi_torch_cu118/lib/python3.10/site-packages/torch/testing/_internal/distributed/rpc/jit/dist_autograd_test.py
   from /tmp/pip-uninstall-30rrqvv5/testing/_internal/distributed/rpc/jit/dist_autograd_test.py
  Moving to /share/home/yuan/.conda/envs/mi_torch_cu118/lib/python3.10/site-packages/torch/testing/_internal/distributed/rpc/jit/rpc_test.py
   from /tmp/pip-uninstall-30rrqvv5/testing/_internal/distributed/rpc/jit/rpc_test.py
  Moving to /share/home/yuan/.conda/envs/mi_torch_cu118/lib/python3.10/site-packages/torch/testing/_internal/distributed/rpc/jit/rpc_test_faulty.py
   from /tmp/pip-uninstall-30rrqvv5/testing/_internal/distributed/rpc/jit/rpc_test_faulty.py
  Moving to /share/home/yuan/.conda/envs/mi_torch_cu118/lib/python3.10/site-packages/torch/testing/_internal/distributed/rpc/rpc_agent_test_fixture.py
   from /tmp/pip-uninstall-30rrqvv5/testing/_internal/distributed/rpc/rpc_agent_test_fixture.py
  Moving to /share/home/yuan/.conda/envs/mi_torch_cu118/lib/python3.10/site-packages/torch/testing/_internal/distributed/rpc/rpc_test.py
   from /tmp/pip-uninstall-30rrqvv5/testing/_internal/distributed/rpc/rpc_test.py
  Moving to /share/home/yuan/.conda/envs/mi_torch_cu118/lib/python3.10/site-packages/torch/testing/_internal/distributed/rpc/tensorpipe_rpc_agent_test_fixture.py
   from /tmp/pip-uninstall-30rrqvv5/testing/_internal/distributed/rpc/tensorpipe_rpc_agent_test_fixture.py
  Moving to /share/home/yuan/.conda/envs/mi_torch_cu118/lib/python3.10/site-packages/torch/testing/_internal/distributed/rpc_utils.py
   from /tmp/pip-uninstall-30rrqvv5/testing/_internal/distributed/rpc_utils.py
  Moving to /share/home/yuan/.conda/envs/mi_torch_cu118/lib/python3.10/site-packages/torch/testing/_internal/dynamo_test_failures.py
   from /tmp/pip-uninstall-30rrqvv5/testing/_internal/dynamo_test_failures.py
  Moving to /share/home/yuan/.conda/envs/mi_torch_cu118/lib/python3.10/site-packages/torch/testing/_internal/fake_config_module.py
   from /tmp/pip-uninstall-30rrqvv5/testing/_internal/fake_config_module.py
  Moving to /share/home/yuan/.conda/envs/mi_torch_cu118/lib/python3.10/site-packages/torch/testing/_internal/generated/__init__.py
   from /tmp/pip-uninstall-30rrqvv5/testing/_internal/generated/__init__.py
  Moving to /share/home/yuan/.conda/envs/mi_torch_cu118/lib/python3.10/site-packages/torch/testing/_internal/generated/__pycache__/__init__.cpython-310.pyc
   from /tmp/pip-uninstall-30rrqvv5/testing/_internal/generated/__pycache__/__init__.cpython-310.pyc
  Moving to /share/home/yuan/.conda/envs/mi_torch_cu118/lib/python3.10/site-packages/torch/testing/_internal/generated/__pycache__/annotated_fn_args.cpython-310.pyc
   from /tmp/pip-uninstall-30rrqvv5/testing/_internal/generated/__pycache__/annotated_fn_args.cpython-310.pyc
  Moving to /share/home/yuan/.conda/envs/mi_torch_cu118/lib/python3.10/site-packages/torch/testing/_internal/generated/annotated_fn_args.py
   from /tmp/pip-uninstall-30rrqvv5/testing/_internal/generated/annotated_fn_args.py
  Moving to /share/home/yuan/.conda/envs/mi_torch_cu118/lib/python3.10/site-packages/torch/testing/_internal/hop_db.py
   from /tmp/pip-uninstall-30rrqvv5/testing/_internal/hop_db.py
  Moving to /share/home/yuan/.conda/envs/mi_torch_cu118/lib/python3.10/site-packages/torch/testing/_internal/hypothesis_utils.py
   from /tmp/pip-uninstall-30rrqvv5/testing/_internal/hypothesis_utils.py
  Moving to /share/home/yuan/.conda/envs/mi_torch_cu118/lib/python3.10/site-packages/torch/testing/_internal/inductor_utils.py
   from /tmp/pip-uninstall-30rrqvv5/testing/_internal/inductor_utils.py
  Moving to /share/home/yuan/.conda/envs/mi_torch_cu118/lib/python3.10/site-packages/torch/testing/_internal/jit_metaprogramming_utils.py
   from /tmp/pip-uninstall-30rrqvv5/testing/_internal/jit_metaprogramming_utils.py
  Moving to /share/home/yuan/.conda/envs/mi_torch_cu118/lib/python3.10/site-packages/torch/testing/_internal/jit_utils.py
   from /tmp/pip-uninstall-30rrqvv5/testing/_internal/jit_utils.py
  Moving to /share/home/yuan/.conda/envs/mi_torch_cu118/lib/python3.10/site-packages/torch/testing/_internal/logging_tensor.py
   from /tmp/pip-uninstall-30rrqvv5/testing/_internal/logging_tensor.py
  Moving to /share/home/yuan/.conda/envs/mi_torch_cu118/lib/python3.10/site-packages/torch/testing/_internal/logging_utils.py
   from /tmp/pip-uninstall-30rrqvv5/testing/_internal/logging_utils.py
  Moving to /share/home/yuan/.conda/envs/mi_torch_cu118/lib/python3.10/site-packages/torch/testing/_internal/opinfo/__init__.py
   from /tmp/pip-uninstall-30rrqvv5/testing/_internal/opinfo/__init__.py
  Moving to /share/home/yuan/.conda/envs/mi_torch_cu118/lib/python3.10/site-packages/torch/testing/_internal/opinfo/__pycache__/__init__.cpython-310.pyc
   from /tmp/pip-uninstall-30rrqvv5/testing/_internal/opinfo/__pycache__/__init__.cpython-310.pyc
  Moving to /share/home/yuan/.conda/envs/mi_torch_cu118/lib/python3.10/site-packages/torch/testing/_internal/opinfo/__pycache__/core.cpython-310.pyc
   from /tmp/pip-uninstall-30rrqvv5/testing/_internal/opinfo/__pycache__/core.cpython-310.pyc
  Moving to /share/home/yuan/.conda/envs/mi_torch_cu118/lib/python3.10/site-packages/torch/testing/_internal/opinfo/__pycache__/refs.cpython-310.pyc
   from /tmp/pip-uninstall-30rrqvv5/testing/_internal/opinfo/__pycache__/refs.cpython-310.pyc
  Moving to /share/home/yuan/.conda/envs/mi_torch_cu118/lib/python3.10/site-packages/torch/testing/_internal/opinfo/__pycache__/utils.cpython-310.pyc
   from /tmp/pip-uninstall-30rrqvv5/testing/_internal/opinfo/__pycache__/utils.cpython-310.pyc
  Moving to /share/home/yuan/.conda/envs/mi_torch_cu118/lib/python3.10/site-packages/torch/testing/_internal/opinfo/core.py
   from /tmp/pip-uninstall-30rrqvv5/testing/_internal/opinfo/core.py
  Moving to /share/home/yuan/.conda/envs/mi_torch_cu118/lib/python3.10/site-packages/torch/testing/_internal/opinfo/definitions/__init__.py
   from /tmp/pip-uninstall-30rrqvv5/testing/_internal/opinfo/definitions/__init__.py
  Moving to /share/home/yuan/.conda/envs/mi_torch_cu118/lib/python3.10/site-packages/torch/testing/_internal/opinfo/definitions/__pycache__/__init__.cpython-310.pyc
   from /tmp/pip-uninstall-30rrqvv5/testing/_internal/opinfo/definitions/__pycache__/__init__.cpython-310.pyc
  Moving to /share/home/yuan/.conda/envs/mi_torch_cu118/lib/python3.10/site-packages/torch/testing/_internal/opinfo/definitions/__pycache__/_masked.cpython-310.pyc
   from /tmp/pip-uninstall-30rrqvv5/testing/_internal/opinfo/definitions/__pycache__/_masked.cpython-310.pyc
  Moving to /share/home/yuan/.conda/envs/mi_torch_cu118/lib/python3.10/site-packages/torch/testing/_internal/opinfo/definitions/__pycache__/fft.cpython-310.pyc
   from /tmp/pip-uninstall-30rrqvv5/testing/_internal/opinfo/definitions/__pycache__/fft.cpython-310.pyc
  Moving to /share/home/yuan/.conda/envs/mi_torch_cu118/lib/python3.10/site-packages/torch/testing/_internal/opinfo/definitions/__pycache__/linalg.cpython-310.pyc
   from /tmp/pip-uninstall-30rrqvv5/testing/_internal/opinfo/definitions/__pycache__/linalg.cpython-310.pyc
  Moving to /share/home/yuan/.conda/envs/mi_torch_cu118/lib/python3.10/site-packages/torch/testing/_internal/opinfo/definitions/__pycache__/nested.cpython-310.pyc
   from /tmp/pip-uninstall-30rrqvv5/testing/_internal/opinfo/definitions/__pycache__/nested.cpython-310.pyc
  Moving to /share/home/yuan/.conda/envs/mi_torch_cu118/lib/python3.10/site-packages/torch/testing/_internal/opinfo/definitions/__pycache__/signal.cpython-310.pyc
   from /tmp/pip-uninstall-30rrqvv5/testing/_internal/opinfo/definitions/__pycache__/signal.cpython-310.pyc
  Moving to /share/home/yuan/.conda/envs/mi_torch_cu118/lib/python3.10/site-packages/torch/testing/_internal/opinfo/definitions/__pycache__/sparse.cpython-310.pyc
   from /tmp/pip-uninstall-30rrqvv5/testing/_internal/opinfo/definitions/__pycache__/sparse.cpython-310.pyc
  Moving to /share/home/yuan/.conda/envs/mi_torch_cu118/lib/python3.10/site-packages/torch/testing/_internal/opinfo/definitions/__pycache__/special.cpython-310.pyc
   from /tmp/pip-uninstall-30rrqvv5/testing/_internal/opinfo/definitions/__pycache__/special.cpython-310.pyc
  Moving to /share/home/yuan/.conda/envs/mi_torch_cu118/lib/python3.10/site-packages/torch/testing/_internal/opinfo/definitions/_masked.py
   from /tmp/pip-uninstall-30rrqvv5/testing/_internal/opinfo/definitions/_masked.py
  Moving to /share/home/yuan/.conda/envs/mi_torch_cu118/lib/python3.10/site-packages/torch/testing/_internal/opinfo/definitions/fft.py
   from /tmp/pip-uninstall-30rrqvv5/testing/_internal/opinfo/definitions/fft.py
  Moving to /share/home/yuan/.conda/envs/mi_torch_cu118/lib/python3.10/site-packages/torch/testing/_internal/opinfo/definitions/linalg.py
   from /tmp/pip-uninstall-30rrqvv5/testing/_internal/opinfo/definitions/linalg.py
  Moving to /share/home/yuan/.conda/envs/mi_torch_cu118/lib/python3.10/site-packages/torch/testing/_internal/opinfo/definitions/nested.py
   from /tmp/pip-uninstall-30rrqvv5/testing/_internal/opinfo/definitions/nested.py
  Moving to /share/home/yuan/.conda/envs/mi_torch_cu118/lib/python3.10/site-packages/torch/testing/_internal/opinfo/definitions/signal.py
   from /tmp/pip-uninstall-30rrqvv5/testing/_internal/opinfo/definitions/signal.py
  Moving to /share/home/yuan/.conda/envs/mi_torch_cu118/lib/python3.10/site-packages/torch/testing/_internal/opinfo/definitions/sparse.py
   from /tmp/pip-uninstall-30rrqvv5/testing/_internal/opinfo/definitions/sparse.py
  Moving to /share/home/yuan/.conda/envs/mi_torch_cu118/lib/python3.10/site-packages/torch/testing/_internal/opinfo/definitions/special.py
   from /tmp/pip-uninstall-30rrqvv5/testing/_internal/opinfo/definitions/special.py
  Moving to /share/home/yuan/.conda/envs/mi_torch_cu118/lib/python3.10/site-packages/torch/testing/_internal/opinfo/refs.py
   from /tmp/pip-uninstall-30rrqvv5/testing/_internal/opinfo/refs.py
  Moving to /share/home/yuan/.conda/envs/mi_torch_cu118/lib/python3.10/site-packages/torch/testing/_internal/opinfo/utils.py
   from /tmp/pip-uninstall-30rrqvv5/testing/_internal/opinfo/utils.py
  Moving to /share/home/yuan/.conda/envs/mi_torch_cu118/lib/python3.10/site-packages/torch/testing/_internal/optests/__init__.py
   from /tmp/pip-uninstall-30rrqvv5/testing/_internal/optests/__init__.py
  Moving to /share/home/yuan/.conda/envs/mi_torch_cu118/lib/python3.10/site-packages/torch/testing/_internal/optests/__pycache__/__init__.cpython-310.pyc
   from /tmp/pip-uninstall-30rrqvv5/testing/_internal/optests/__pycache__/__init__.cpython-310.pyc
  Moving to /share/home/yuan/.conda/envs/mi_torch_cu118/lib/python3.10/site-packages/torch/testing/_internal/optests/__pycache__/aot_autograd.cpython-310.pyc
   from /tmp/pip-uninstall-30rrqvv5/testing/_internal/optests/__pycache__/aot_autograd.cpython-310.pyc
  Moving to /share/home/yuan/.conda/envs/mi_torch_cu118/lib/python3.10/site-packages/torch/testing/_internal/optests/__pycache__/autograd_registration.cpython-310.pyc
   from /tmp/pip-uninstall-30rrqvv5/testing/_internal/optests/__pycache__/autograd_registration.cpython-310.pyc
  Moving to /share/home/yuan/.conda/envs/mi_torch_cu118/lib/python3.10/site-packages/torch/testing/_internal/optests/__pycache__/fake_tensor.cpython-310.pyc
   from /tmp/pip-uninstall-30rrqvv5/testing/_internal/optests/__pycache__/fake_tensor.cpython-310.pyc
  Moving to /share/home/yuan/.conda/envs/mi_torch_cu118/lib/python3.10/site-packages/torch/testing/_internal/optests/__pycache__/generate_tests.cpython-310.pyc
   from /tmp/pip-uninstall-30rrqvv5/testing/_internal/optests/__pycache__/generate_tests.cpython-310.pyc
  Moving to /share/home/yuan/.conda/envs/mi_torch_cu118/lib/python3.10/site-packages/torch/testing/_internal/optests/__pycache__/make_fx.cpython-310.pyc
   from /tmp/pip-uninstall-30rrqvv5/testing/_internal/optests/__pycache__/make_fx.cpython-310.pyc
  Moving to /share/home/yuan/.conda/envs/mi_torch_cu118/lib/python3.10/site-packages/torch/testing/_internal/optests/aot_autograd.py
   from /tmp/pip-uninstall-30rrqvv5/testing/_internal/optests/aot_autograd.py
  Moving to /share/home/yuan/.conda/envs/mi_torch_cu118/lib/python3.10/site-packages/torch/testing/_internal/optests/autograd_registration.py
   from /tmp/pip-uninstall-30rrqvv5/testing/_internal/optests/autograd_registration.py
  Moving to /share/home/yuan/.conda/envs/mi_torch_cu118/lib/python3.10/site-packages/torch/testing/_internal/optests/fake_tensor.py
   from /tmp/pip-uninstall-30rrqvv5/testing/_internal/optests/fake_tensor.py
  Moving to /share/home/yuan/.conda/envs/mi_torch_cu118/lib/python3.10/site-packages/torch/testing/_internal/optests/generate_tests.py
   from /tmp/pip-uninstall-30rrqvv5/testing/_internal/optests/generate_tests.py
  Moving to /share/home/yuan/.conda/envs/mi_torch_cu118/lib/python3.10/site-packages/torch/testing/_internal/optests/make_fx.py
   from /tmp/pip-uninstall-30rrqvv5/testing/_internal/optests/make_fx.py
  Moving to /share/home/yuan/.conda/envs/mi_torch_cu118/lib/python3.10/site-packages/torch/testing/_internal/quantization_torch_package_models.py
   from /tmp/pip-uninstall-30rrqvv5/testing/_internal/quantization_torch_package_models.py
  Moving to /share/home/yuan/.conda/envs/mi_torch_cu118/lib/python3.10/site-packages/torch/testing/_internal/static_module.py
   from /tmp/pip-uninstall-30rrqvv5/testing/_internal/static_module.py
  Moving to /share/home/yuan/.conda/envs/mi_torch_cu118/lib/python3.10/site-packages/torch/testing/_internal/subclasses.py
   from /tmp/pip-uninstall-30rrqvv5/testing/_internal/subclasses.py
  Moving to /share/home/yuan/.conda/envs/mi_torch_cu118/lib/python3.10/site-packages/torch/testing/_internal/test_module/__init__.py
   from /tmp/pip-uninstall-30rrqvv5/testing/_internal/test_module/__init__.py
  Moving to /share/home/yuan/.conda/envs/mi_torch_cu118/lib/python3.10/site-packages/torch/testing/_internal/test_module/__pycache__/__init__.cpython-310.pyc
   from /tmp/pip-uninstall-30rrqvv5/testing/_internal/test_module/__pycache__/__init__.cpython-310.pyc
  Moving to /share/home/yuan/.conda/envs/mi_torch_cu118/lib/python3.10/site-packages/torch/testing/_internal/test_module/__pycache__/future_div.cpython-310.pyc
   from /tmp/pip-uninstall-30rrqvv5/testing/_internal/test_module/__pycache__/future_div.cpython-310.pyc
  Moving to /share/home/yuan/.conda/envs/mi_torch_cu118/lib/python3.10/site-packages/torch/testing/_internal/test_module/__pycache__/no_future_div.cpython-310.pyc
   from /tmp/pip-uninstall-30rrqvv5/testing/_internal/test_module/__pycache__/no_future_div.cpython-310.pyc
  Moving to /share/home/yuan/.conda/envs/mi_torch_cu118/lib/python3.10/site-packages/torch/testing/_internal/test_module/future_div.py
   from /tmp/pip-uninstall-30rrqvv5/testing/_internal/test_module/future_div.py
  Moving to /share/home/yuan/.conda/envs/mi_torch_cu118/lib/python3.10/site-packages/torch/testing/_internal/test_module/no_future_div.py
   from /tmp/pip-uninstall-30rrqvv5/testing/_internal/test_module/no_future_div.py
  Moving to /share/home/yuan/.conda/envs/mi_torch_cu118/lib/python3.10/site-packages/torch/testing/_internal/torchbind_impls.py
   from /tmp/pip-uninstall-30rrqvv5/testing/_internal/torchbind_impls.py
  Moving to /share/home/yuan/.conda/envs/mi_torch_cu118/lib/python3.10/site-packages/torch/testing/_internal/triton_utils.py
   from /tmp/pip-uninstall-30rrqvv5/testing/_internal/triton_utils.py
  Moving to /share/home/yuan/.conda/envs/mi_torch_cu118/lib/python3.10/site-packages/torch/testing/_internal/two_tensor.py
   from /tmp/pip-uninstall-30rrqvv5/testing/_internal/two_tensor.py
  Moving to /share/home/yuan/.conda/envs/mi_torch_cu118/lib/python3.10/site-packages/torch/testing/_utils.py
   from /tmp/pip-uninstall-30rrqvv5/testing/_utils.py
  Moving to /share/home/yuan/.conda/envs/mi_torch_cu118/lib/python3.10/site-packages/torch/torch_version.py
   from /tmp/pip-uninstall-30rrqvv5/torch_version.py
  Moving to /share/home/yuan/.conda/envs/mi_torch_cu118/lib/python3.10/site-packages/torch/types.py
   from /tmp/pip-uninstall-30rrqvv5/types.py
  Moving to /share/home/yuan/.conda/envs/mi_torch_cu118/lib/python3.10/site-packages/torch/utils/__init__.py
   from /tmp/pip-uninstall-30rrqvv5/utils/__init__.py
  Moving to /share/home/yuan/.conda/envs/mi_torch_cu118/lib/python3.10/site-packages/torch/utils/__pycache__/__init__.cpython-310.pyc
   from /tmp/pip-uninstall-30rrqvv5/utils/__pycache__/__init__.cpython-310.pyc
  Moving to /share/home/yuan/.conda/envs/mi_torch_cu118/lib/python3.10/site-packages/torch/utils/__pycache__/_backport_slots.cpython-310.pyc
   from /tmp/pip-uninstall-30rrqvv5/utils/__pycache__/_backport_slots.cpython-310.pyc
  Moving to /share/home/yuan/.conda/envs/mi_torch_cu118/lib/python3.10/site-packages/torch/utils/__pycache__/_config_module.cpython-310.pyc
   from /tmp/pip-uninstall-30rrqvv5/utils/__pycache__/_config_module.cpython-310.pyc
  Moving to /share/home/yuan/.conda/envs/mi_torch_cu118/lib/python3.10/site-packages/torch/utils/__pycache__/_content_store.cpython-310.pyc
   from /tmp/pip-uninstall-30rrqvv5/utils/__pycache__/_content_store.cpython-310.pyc
  Moving to /share/home/yuan/.conda/envs/mi_torch_cu118/lib/python3.10/site-packages/torch/utils/__pycache__/_contextlib.cpython-310.pyc
   from /tmp/pip-uninstall-30rrqvv5/utils/__pycache__/_contextlib.cpython-310.pyc
  Moving to /share/home/yuan/.conda/envs/mi_torch_cu118/lib/python3.10/site-packages/torch/utils/__pycache__/_cpp_extension_versioner.cpython-310.pyc
   from /tmp/pip-uninstall-30rrqvv5/utils/__pycache__/_cpp_extension_versioner.cpython-310.pyc
  Moving to /share/home/yuan/.conda/envs/mi_torch_cu118/lib/python3.10/site-packages/torch/utils/__pycache__/_cxx_pytree.cpython-310.pyc
   from /tmp/pip-uninstall-30rrqvv5/utils/__pycache__/_cxx_pytree.cpython-310.pyc
  Moving to /share/home/yuan/.conda/envs/mi_torch_cu118/lib/python3.10/site-packages/torch/utils/__pycache__/_device.cpython-310.pyc
   from /tmp/pip-uninstall-30rrqvv5/utils/__pycache__/_device.cpython-310.pyc
  Moving to /share/home/yuan/.conda/envs/mi_torch_cu118/lib/python3.10/site-packages/torch/utils/__pycache__/_exposed_in.cpython-310.pyc
   from /tmp/pip-uninstall-30rrqvv5/utils/__pycache__/_exposed_in.cpython-310.pyc
  Moving to /share/home/yuan/.conda/envs/mi_torch_cu118/lib/python3.10/site-packages/torch/utils/__pycache__/_foreach_utils.cpython-310.pyc
   from /tmp/pip-uninstall-30rrqvv5/utils/__pycache__/_foreach_utils.cpython-310.pyc
  Moving to /share/home/yuan/.conda/envs/mi_torch_cu118/lib/python3.10/site-packages/torch/utils/__pycache__/_freeze.cpython-310.pyc
   from /tmp/pip-uninstall-30rrqvv5/utils/__pycache__/_freeze.cpython-310.pyc
  Moving to /share/home/yuan/.conda/envs/mi_torch_cu118/lib/python3.10/site-packages/torch/utils/__pycache__/_get_clean_triton.cpython-310.pyc
   from /tmp/pip-uninstall-30rrqvv5/utils/__pycache__/_get_clean_triton.cpython-310.pyc
  Moving to /share/home/yuan/.conda/envs/mi_torch_cu118/lib/python3.10/site-packages/torch/utils/__pycache__/_import_utils.cpython-310.pyc
   from /tmp/pip-uninstall-30rrqvv5/utils/__pycache__/_import_utils.cpython-310.pyc
  Moving to /share/home/yuan/.conda/envs/mi_torch_cu118/lib/python3.10/site-packages/torch/utils/__pycache__/_mode_utils.cpython-310.pyc
   from /tmp/pip-uninstall-30rrqvv5/utils/__pycache__/_mode_utils.cpython-310.pyc
  Moving to /share/home/yuan/.conda/envs/mi_torch_cu118/lib/python3.10/site-packages/torch/utils/__pycache__/_ordered_set.cpython-310.pyc
   from /tmp/pip-uninstall-30rrqvv5/utils/__pycache__/_ordered_set.cpython-310.pyc
  Moving to /share/home/yuan/.conda/envs/mi_torch_cu118/lib/python3.10/site-packages/torch/utils/__pycache__/_python_dispatch.cpython-310.pyc
   from /tmp/pip-uninstall-30rrqvv5/utils/__pycache__/_python_dispatch.cpython-310.pyc
  Moving to /share/home/yuan/.conda/envs/mi_torch_cu118/lib/python3.10/site-packages/torch/utils/__pycache__/_pytree.cpython-310.pyc
   from /tmp/pip-uninstall-30rrqvv5/utils/__pycache__/_pytree.cpython-310.pyc
  Moving to /share/home/yuan/.conda/envs/mi_torch_cu118/lib/python3.10/site-packages/torch/utils/__pycache__/_stats.cpython-310.pyc
   from /tmp/pip-uninstall-30rrqvv5/utils/__pycache__/_stats.cpython-310.pyc
  Moving to /share/home/yuan/.conda/envs/mi_torch_cu118/lib/python3.10/site-packages/torch/utils/__pycache__/_thunk.cpython-310.pyc
   from /tmp/pip-uninstall-30rrqvv5/utils/__pycache__/_thunk.cpython-310.pyc
  Moving to /share/home/yuan/.conda/envs/mi_torch_cu118/lib/python3.10/site-packages/torch/utils/__pycache__/_traceback.cpython-310.pyc
   from /tmp/pip-uninstall-30rrqvv5/utils/__pycache__/_traceback.cpython-310.pyc
  Moving to /share/home/yuan/.conda/envs/mi_torch_cu118/lib/python3.10/site-packages/torch/utils/__pycache__/_triton.cpython-310.pyc
   from /tmp/pip-uninstall-30rrqvv5/utils/__pycache__/_triton.cpython-310.pyc
  Moving to /share/home/yuan/.conda/envs/mi_torch_cu118/lib/python3.10/site-packages/torch/utils/__pycache__/_typing_utils.cpython-310.pyc
   from /tmp/pip-uninstall-30rrqvv5/utils/__pycache__/_typing_utils.cpython-310.pyc
  Moving to /share/home/yuan/.conda/envs/mi_torch_cu118/lib/python3.10/site-packages/torch/utils/__pycache__/_zip.cpython-310.pyc
   from /tmp/pip-uninstall-30rrqvv5/utils/__pycache__/_zip.cpython-310.pyc
  Moving to /share/home/yuan/.conda/envs/mi_torch_cu118/lib/python3.10/site-packages/torch/utils/__pycache__/backend_registration.cpython-310.pyc
   from /tmp/pip-uninstall-30rrqvv5/utils/__pycache__/backend_registration.cpython-310.pyc
  Moving to /share/home/yuan/.conda/envs/mi_torch_cu118/lib/python3.10/site-packages/torch/utils/__pycache__/bundled_inputs.cpython-310.pyc
   from /tmp/pip-uninstall-30rrqvv5/utils/__pycache__/bundled_inputs.cpython-310.pyc
  Moving to /share/home/yuan/.conda/envs/mi_torch_cu118/lib/python3.10/site-packages/torch/utils/__pycache__/checkpoint.cpython-310.pyc
   from /tmp/pip-uninstall-30rrqvv5/utils/__pycache__/checkpoint.cpython-310.pyc
  Moving to /share/home/yuan/.conda/envs/mi_torch_cu118/lib/python3.10/site-packages/torch/utils/__pycache__/collect_env.cpython-310.pyc
   from /tmp/pip-uninstall-30rrqvv5/utils/__pycache__/collect_env.cpython-310.pyc
  Moving to /share/home/yuan/.conda/envs/mi_torch_cu118/lib/python3.10/site-packages/torch/utils/__pycache__/cpp_backtrace.cpython-310.pyc
   from /tmp/pip-uninstall-30rrqvv5/utils/__pycache__/cpp_backtrace.cpython-310.pyc
  Moving to /share/home/yuan/.conda/envs/mi_torch_cu118/lib/python3.10/site-packages/torch/utils/__pycache__/cpp_extension.cpython-310.pyc
   from /tmp/pip-uninstall-30rrqvv5/utils/__pycache__/cpp_extension.cpython-310.pyc
  Moving to /share/home/yuan/.conda/envs/mi_torch_cu118/lib/python3.10/site-packages/torch/utils/__pycache__/deterministic.cpython-310.pyc
   from /tmp/pip-uninstall-30rrqvv5/utils/__pycache__/deterministic.cpython-310.pyc
  Moving to /share/home/yuan/.conda/envs/mi_torch_cu118/lib/python3.10/site-packages/torch/utils/__pycache__/dlpack.cpython-310.pyc
   from /tmp/pip-uninstall-30rrqvv5/utils/__pycache__/dlpack.cpython-310.pyc
  Moving to /share/home/yuan/.conda/envs/mi_torch_cu118/lib/python3.10/site-packages/torch/utils/__pycache__/file_baton.cpython-310.pyc
   from /tmp/pip-uninstall-30rrqvv5/utils/__pycache__/file_baton.cpython-310.pyc
  Moving to /share/home/yuan/.conda/envs/mi_torch_cu118/lib/python3.10/site-packages/torch/utils/__pycache__/flop_counter.cpython-310.pyc
   from /tmp/pip-uninstall-30rrqvv5/utils/__pycache__/flop_counter.cpython-310.pyc
  Moving to /share/home/yuan/.conda/envs/mi_torch_cu118/lib/python3.10/site-packages/torch/utils/__pycache__/hooks.cpython-310.pyc
   from /tmp/pip-uninstall-30rrqvv5/utils/__pycache__/hooks.cpython-310.pyc
  Moving to /share/home/yuan/.conda/envs/mi_torch_cu118/lib/python3.10/site-packages/torch/utils/__pycache__/mkldnn.cpython-310.pyc
   from /tmp/pip-uninstall-30rrqvv5/utils/__pycache__/mkldnn.cpython-310.pyc
  Moving to /share/home/yuan/.conda/envs/mi_torch_cu118/lib/python3.10/site-packages/torch/utils/__pycache__/mobile_optimizer.cpython-310.pyc
   from /tmp/pip-uninstall-30rrqvv5/utils/__pycache__/mobile_optimizer.cpython-310.pyc
  Moving to /share/home/yuan/.conda/envs/mi_torch_cu118/lib/python3.10/site-packages/torch/utils/__pycache__/model_zoo.cpython-310.pyc
   from /tmp/pip-uninstall-30rrqvv5/utils/__pycache__/model_zoo.cpython-310.pyc
  Moving to /share/home/yuan/.conda/envs/mi_torch_cu118/lib/python3.10/site-packages/torch/utils/__pycache__/module_tracker.cpython-310.pyc
   from /tmp/pip-uninstall-30rrqvv5/utils/__pycache__/module_tracker.cpython-310.pyc
  Moving to /share/home/yuan/.conda/envs/mi_torch_cu118/lib/python3.10/site-packages/torch/utils/__pycache__/show_pickle.cpython-310.pyc
   from /tmp/pip-uninstall-30rrqvv5/utils/__pycache__/show_pickle.cpython-310.pyc
  Moving to /share/home/yuan/.conda/envs/mi_torch_cu118/lib/python3.10/site-packages/torch/utils/__pycache__/throughput_benchmark.cpython-310.pyc
   from /tmp/pip-uninstall-30rrqvv5/utils/__pycache__/throughput_benchmark.cpython-310.pyc
  Moving to /share/home/yuan/.conda/envs/mi_torch_cu118/lib/python3.10/site-packages/torch/utils/__pycache__/weak.cpython-310.pyc
   from /tmp/pip-uninstall-30rrqvv5/utils/__pycache__/weak.cpython-310.pyc
  Moving to /share/home/yuan/.conda/envs/mi_torch_cu118/lib/python3.10/site-packages/torch/utils/_backport_slots.py
   from /tmp/pip-uninstall-30rrqvv5/utils/_backport_slots.py
  Moving to /share/home/yuan/.conda/envs/mi_torch_cu118/lib/python3.10/site-packages/torch/utils/_config_module.py
   from /tmp/pip-uninstall-30rrqvv5/utils/_config_module.py
  Moving to /share/home/yuan/.conda/envs/mi_torch_cu118/lib/python3.10/site-packages/torch/utils/_config_typing.pyi
   from /tmp/pip-uninstall-30rrqvv5/utils/_config_typing.pyi
  Moving to /share/home/yuan/.conda/envs/mi_torch_cu118/lib/python3.10/site-packages/torch/utils/_content_store.py
   from /tmp/pip-uninstall-30rrqvv5/utils/_content_store.py
  Moving to /share/home/yuan/.conda/envs/mi_torch_cu118/lib/python3.10/site-packages/torch/utils/_contextlib.py
   from /tmp/pip-uninstall-30rrqvv5/utils/_contextlib.py
  Moving to /share/home/yuan/.conda/envs/mi_torch_cu118/lib/python3.10/site-packages/torch/utils/_cpp_extension_versioner.py
   from /tmp/pip-uninstall-30rrqvv5/utils/_cpp_extension_versioner.py
  Moving to /share/home/yuan/.conda/envs/mi_torch_cu118/lib/python3.10/site-packages/torch/utils/_cxx_pytree.py
   from /tmp/pip-uninstall-30rrqvv5/utils/_cxx_pytree.py
  Moving to /share/home/yuan/.conda/envs/mi_torch_cu118/lib/python3.10/site-packages/torch/utils/_device.py
   from /tmp/pip-uninstall-30rrqvv5/utils/_device.py
  Moving to /share/home/yuan/.conda/envs/mi_torch_cu118/lib/python3.10/site-packages/torch/utils/_exposed_in.py
   from /tmp/pip-uninstall-30rrqvv5/utils/_exposed_in.py
  Moving to /share/home/yuan/.conda/envs/mi_torch_cu118/lib/python3.10/site-packages/torch/utils/_foreach_utils.py
   from /tmp/pip-uninstall-30rrqvv5/utils/_foreach_utils.py
  Moving to /share/home/yuan/.conda/envs/mi_torch_cu118/lib/python3.10/site-packages/torch/utils/_freeze.py
   from /tmp/pip-uninstall-30rrqvv5/utils/_freeze.py
  Moving to /share/home/yuan/.conda/envs/mi_torch_cu118/lib/python3.10/site-packages/torch/utils/_get_clean_triton.py
   from /tmp/pip-uninstall-30rrqvv5/utils/_get_clean_triton.py
  Moving to /share/home/yuan/.conda/envs/mi_torch_cu118/lib/python3.10/site-packages/torch/utils/_import_utils.py
   from /tmp/pip-uninstall-30rrqvv5/utils/_import_utils.py
  Moving to /share/home/yuan/.conda/envs/mi_torch_cu118/lib/python3.10/site-packages/torch/utils/_mode_utils.py
   from /tmp/pip-uninstall-30rrqvv5/utils/_mode_utils.py
  Moving to /share/home/yuan/.conda/envs/mi_torch_cu118/lib/python3.10/site-packages/torch/utils/_ordered_set.py
   from /tmp/pip-uninstall-30rrqvv5/utils/_ordered_set.py
  Moving to /share/home/yuan/.conda/envs/mi_torch_cu118/lib/python3.10/site-packages/torch/utils/_python_dispatch.py
   from /tmp/pip-uninstall-30rrqvv5/utils/_python_dispatch.py
  Moving to /share/home/yuan/.conda/envs/mi_torch_cu118/lib/python3.10/site-packages/torch/utils/_pytree.py
   from /tmp/pip-uninstall-30rrqvv5/utils/_pytree.py
  Moving to /share/home/yuan/.conda/envs/mi_torch_cu118/lib/python3.10/site-packages/torch/utils/_stats.py
   from /tmp/pip-uninstall-30rrqvv5/utils/_stats.py
  Moving to /share/home/yuan/.conda/envs/mi_torch_cu118/lib/python3.10/site-packages/torch/utils/_strobelight/__init__.py
   from /tmp/pip-uninstall-30rrqvv5/utils/_strobelight/__init__.py
  Moving to /share/home/yuan/.conda/envs/mi_torch_cu118/lib/python3.10/site-packages/torch/utils/_strobelight/__pycache__/__init__.cpython-310.pyc
   from /tmp/pip-uninstall-30rrqvv5/utils/_strobelight/__pycache__/__init__.cpython-310.pyc
  Moving to /share/home/yuan/.conda/envs/mi_torch_cu118/lib/python3.10/site-packages/torch/utils/_strobelight/__pycache__/cli_function_profiler.cpython-310.pyc
   from /tmp/pip-uninstall-30rrqvv5/utils/_strobelight/__pycache__/cli_function_profiler.cpython-310.pyc
  Moving to /share/home/yuan/.conda/envs/mi_torch_cu118/lib/python3.10/site-packages/torch/utils/_strobelight/cli_function_profiler.py
   from /tmp/pip-uninstall-30rrqvv5/utils/_strobelight/cli_function_profiler.py
  Moving to /share/home/yuan/.conda/envs/mi_torch_cu118/lib/python3.10/site-packages/torch/utils/_sympy/__init__.py
   from /tmp/pip-uninstall-30rrqvv5/utils/_sympy/__init__.py
  Moving to /share/home/yuan/.conda/envs/mi_torch_cu118/lib/python3.10/site-packages/torch/utils/_sympy/__pycache__/__init__.cpython-310.pyc
   from /tmp/pip-uninstall-30rrqvv5/utils/_sympy/__pycache__/__init__.cpython-310.pyc
  Moving to /share/home/yuan/.conda/envs/mi_torch_cu118/lib/python3.10/site-packages/torch/utils/_sympy/__pycache__/functions.cpython-310.pyc
   from /tmp/pip-uninstall-30rrqvv5/utils/_sympy/__pycache__/functions.cpython-310.pyc
  Moving to /share/home/yuan/.conda/envs/mi_torch_cu118/lib/python3.10/site-packages/torch/utils/_sympy/__pycache__/interp.cpython-310.pyc
   from /tmp/pip-uninstall-30rrqvv5/utils/_sympy/__pycache__/interp.cpython-310.pyc
  Moving to /share/home/yuan/.conda/envs/mi_torch_cu118/lib/python3.10/site-packages/torch/utils/_sympy/__pycache__/numbers.cpython-310.pyc
   from /tmp/pip-uninstall-30rrqvv5/utils/_sympy/__pycache__/numbers.cpython-310.pyc
  Moving to /share/home/yuan/.conda/envs/mi_torch_cu118/lib/python3.10/site-packages/torch/utils/_sympy/__pycache__/printers.cpython-310.pyc
   from /tmp/pip-uninstall-30rrqvv5/utils/_sympy/__pycache__/printers.cpython-310.pyc
  Moving to /share/home/yuan/.conda/envs/mi_torch_cu118/lib/python3.10/site-packages/torch/utils/_sympy/__pycache__/reference.cpython-310.pyc
   from /tmp/pip-uninstall-30rrqvv5/utils/_sympy/__pycache__/reference.cpython-310.pyc
  Moving to /share/home/yuan/.conda/envs/mi_torch_cu118/lib/python3.10/site-packages/torch/utils/_sympy/__pycache__/singleton_int.cpython-310.pyc
   from /tmp/pip-uninstall-30rrqvv5/utils/_sympy/__pycache__/singleton_int.cpython-310.pyc
  Moving to /share/home/yuan/.conda/envs/mi_torch_cu118/lib/python3.10/site-packages/torch/utils/_sympy/__pycache__/solve.cpython-310.pyc
   from /tmp/pip-uninstall-30rrqvv5/utils/_sympy/__pycache__/solve.cpython-310.pyc
  Moving to /share/home/yuan/.conda/envs/mi_torch_cu118/lib/python3.10/site-packages/torch/utils/_sympy/__pycache__/symbol.cpython-310.pyc
   from /tmp/pip-uninstall-30rrqvv5/utils/_sympy/__pycache__/symbol.cpython-310.pyc
  Moving to /share/home/yuan/.conda/envs/mi_torch_cu118/lib/python3.10/site-packages/torch/utils/_sympy/__pycache__/value_ranges.cpython-310.pyc
   from /tmp/pip-uninstall-30rrqvv5/utils/_sympy/__pycache__/value_ranges.cpython-310.pyc
  Moving to /share/home/yuan/.conda/envs/mi_torch_cu118/lib/python3.10/site-packages/torch/utils/_sympy/functions.py
   from /tmp/pip-uninstall-30rrqvv5/utils/_sympy/functions.py
  Moving to /share/home/yuan/.conda/envs/mi_torch_cu118/lib/python3.10/site-packages/torch/utils/_sympy/interp.py
   from /tmp/pip-uninstall-30rrqvv5/utils/_sympy/interp.py
  Moving to /share/home/yuan/.conda/envs/mi_torch_cu118/lib/python3.10/site-packages/torch/utils/_sympy/numbers.py
   from /tmp/pip-uninstall-30rrqvv5/utils/_sympy/numbers.py
  Moving to /share/home/yuan/.conda/envs/mi_torch_cu118/lib/python3.10/site-packages/torch/utils/_sympy/printers.py
   from /tmp/pip-uninstall-30rrqvv5/utils/_sympy/printers.py
  Moving to /share/home/yuan/.conda/envs/mi_torch_cu118/lib/python3.10/site-packages/torch/utils/_sympy/reference.py
   from /tmp/pip-uninstall-30rrqvv5/utils/_sympy/reference.py
  Moving to /share/home/yuan/.conda/envs/mi_torch_cu118/lib/python3.10/site-packages/torch/utils/_sympy/singleton_int.py
   from /tmp/pip-uninstall-30rrqvv5/utils/_sympy/singleton_int.py
  Moving to /share/home/yuan/.conda/envs/mi_torch_cu118/lib/python3.10/site-packages/torch/utils/_sympy/solve.py
   from /tmp/pip-uninstall-30rrqvv5/utils/_sympy/solve.py
  Moving to /share/home/yuan/.conda/envs/mi_torch_cu118/lib/python3.10/site-packages/torch/utils/_sympy/symbol.py
   from /tmp/pip-uninstall-30rrqvv5/utils/_sympy/symbol.py
  Moving to /share/home/yuan/.conda/envs/mi_torch_cu118/lib/python3.10/site-packages/torch/utils/_sympy/value_ranges.py
   from /tmp/pip-uninstall-30rrqvv5/utils/_sympy/value_ranges.py
  Moving to /share/home/yuan/.conda/envs/mi_torch_cu118/lib/python3.10/site-packages/torch/utils/_thunk.py
   from /tmp/pip-uninstall-30rrqvv5/utils/_thunk.py
  Moving to /share/home/yuan/.conda/envs/mi_torch_cu118/lib/python3.10/site-packages/torch/utils/_traceback.py
   from /tmp/pip-uninstall-30rrqvv5/utils/_traceback.py
  Moving to /share/home/yuan/.conda/envs/mi_torch_cu118/lib/python3.10/site-packages/torch/utils/_triton.py
   from /tmp/pip-uninstall-30rrqvv5/utils/_triton.py
  Moving to /share/home/yuan/.conda/envs/mi_torch_cu118/lib/python3.10/site-packages/torch/utils/_typing_utils.py
   from /tmp/pip-uninstall-30rrqvv5/utils/_typing_utils.py
  Moving to /share/home/yuan/.conda/envs/mi_torch_cu118/lib/python3.10/site-packages/torch/utils/_zip.py
   from /tmp/pip-uninstall-30rrqvv5/utils/_zip.py
  Moving to /share/home/yuan/.conda/envs/mi_torch_cu118/lib/python3.10/site-packages/torch/utils/backcompat/__init__.py
   from /tmp/pip-uninstall-30rrqvv5/utils/backcompat/__init__.py
  Moving to /share/home/yuan/.conda/envs/mi_torch_cu118/lib/python3.10/site-packages/torch/utils/backcompat/__pycache__/__init__.cpython-310.pyc
   from /tmp/pip-uninstall-30rrqvv5/utils/backcompat/__pycache__/__init__.cpython-310.pyc
  Moving to /share/home/yuan/.conda/envs/mi_torch_cu118/lib/python3.10/site-packages/torch/utils/backend_registration.py
   from /tmp/pip-uninstall-30rrqvv5/utils/backend_registration.py
  Moving to /share/home/yuan/.conda/envs/mi_torch_cu118/lib/python3.10/site-packages/torch/utils/benchmark/__init__.py
   from /tmp/pip-uninstall-30rrqvv5/utils/benchmark/__init__.py
  Moving to /share/home/yuan/.conda/envs/mi_torch_cu118/lib/python3.10/site-packages/torch/utils/benchmark/__pycache__/__init__.cpython-310.pyc
   from /tmp/pip-uninstall-30rrqvv5/utils/benchmark/__pycache__/__init__.cpython-310.pyc
  Moving to /share/home/yuan/.conda/envs/mi_torch_cu118/lib/python3.10/site-packages/torch/utils/benchmark/examples/__init__.py
   from /tmp/pip-uninstall-30rrqvv5/utils/benchmark/examples/__init__.py
  Moving to /share/home/yuan/.conda/envs/mi_torch_cu118/lib/python3.10/site-packages/torch/utils/benchmark/examples/__pycache__/__init__.cpython-310.pyc
   from /tmp/pip-uninstall-30rrqvv5/utils/benchmark/examples/__pycache__/__init__.cpython-310.pyc
  Moving to /share/home/yuan/.conda/envs/mi_torch_cu118/lib/python3.10/site-packages/torch/utils/benchmark/examples/__pycache__/blas_compare_setup.cpython-310.pyc
   from /tmp/pip-uninstall-30rrqvv5/utils/benchmark/examples/__pycache__/blas_compare_setup.cpython-310.pyc
  Moving to /share/home/yuan/.conda/envs/mi_torch_cu118/lib/python3.10/site-packages/torch/utils/benchmark/examples/__pycache__/compare.cpython-310.pyc
   from /tmp/pip-uninstall-30rrqvv5/utils/benchmark/examples/__pycache__/compare.cpython-310.pyc
  Moving to /share/home/yuan/.conda/envs/mi_torch_cu118/lib/python3.10/site-packages/torch/utils/benchmark/examples/__pycache__/fuzzer.cpython-310.pyc
   from /tmp/pip-uninstall-30rrqvv5/utils/benchmark/examples/__pycache__/fuzzer.cpython-310.pyc
  Moving to /share/home/yuan/.conda/envs/mi_torch_cu118/lib/python3.10/site-packages/torch/utils/benchmark/examples/__pycache__/op_benchmark.cpython-310.pyc
   from /tmp/pip-uninstall-30rrqvv5/utils/benchmark/examples/__pycache__/op_benchmark.cpython-310.pyc
  Moving to /share/home/yuan/.conda/envs/mi_torch_cu118/lib/python3.10/site-packages/torch/utils/benchmark/examples/__pycache__/simple_timeit.cpython-310.pyc
   from /tmp/pip-uninstall-30rrqvv5/utils/benchmark/examples/__pycache__/simple_timeit.cpython-310.pyc
  Moving to /share/home/yuan/.conda/envs/mi_torch_cu118/lib/python3.10/site-packages/torch/utils/benchmark/examples/__pycache__/spectral_ops_fuzz_test.cpython-310.pyc
   from /tmp/pip-uninstall-30rrqvv5/utils/benchmark/examples/__pycache__/spectral_ops_fuzz_test.cpython-310.pyc
  Moving to /share/home/yuan/.conda/envs/mi_torch_cu118/lib/python3.10/site-packages/torch/utils/benchmark/examples/blas_compare_setup.py
   from /tmp/pip-uninstall-30rrqvv5/utils/benchmark/examples/blas_compare_setup.py
  Moving to /share/home/yuan/.conda/envs/mi_torch_cu118/lib/python3.10/site-packages/torch/utils/benchmark/examples/compare.py
   from /tmp/pip-uninstall-30rrqvv5/utils/benchmark/examples/compare.py
  Moving to /share/home/yuan/.conda/envs/mi_torch_cu118/lib/python3.10/site-packages/torch/utils/benchmark/examples/fuzzer.py
   from /tmp/pip-uninstall-30rrqvv5/utils/benchmark/examples/fuzzer.py
  Moving to /share/home/yuan/.conda/envs/mi_torch_cu118/lib/python3.10/site-packages/torch/utils/benchmark/examples/op_benchmark.py
   from /tmp/pip-uninstall-30rrqvv5/utils/benchmark/examples/op_benchmark.py
  Moving to /share/home/yuan/.conda/envs/mi_torch_cu118/lib/python3.10/site-packages/torch/utils/benchmark/examples/simple_timeit.py
   from /tmp/pip-uninstall-30rrqvv5/utils/benchmark/examples/simple_timeit.py
  Moving to /share/home/yuan/.conda/envs/mi_torch_cu118/lib/python3.10/site-packages/torch/utils/benchmark/examples/spectral_ops_fuzz_test.py
   from /tmp/pip-uninstall-30rrqvv5/utils/benchmark/examples/spectral_ops_fuzz_test.py
  Moving to /share/home/yuan/.conda/envs/mi_torch_cu118/lib/python3.10/site-packages/torch/utils/benchmark/op_fuzzers/__init__.py
   from /tmp/pip-uninstall-30rrqvv5/utils/benchmark/op_fuzzers/__init__.py
  Moving to /share/home/yuan/.conda/envs/mi_torch_cu118/lib/python3.10/site-packages/torch/utils/benchmark/op_fuzzers/__pycache__/__init__.cpython-310.pyc
   from /tmp/pip-uninstall-30rrqvv5/utils/benchmark/op_fuzzers/__pycache__/__init__.cpython-310.pyc
  Moving to /share/home/yuan/.conda/envs/mi_torch_cu118/lib/python3.10/site-packages/torch/utils/benchmark/op_fuzzers/__pycache__/binary.cpython-310.pyc
   from /tmp/pip-uninstall-30rrqvv5/utils/benchmark/op_fuzzers/__pycache__/binary.cpython-310.pyc
  Moving to /share/home/yuan/.conda/envs/mi_torch_cu118/lib/python3.10/site-packages/torch/utils/benchmark/op_fuzzers/__pycache__/sparse_binary.cpython-310.pyc
   from /tmp/pip-uninstall-30rrqvv5/utils/benchmark/op_fuzzers/__pycache__/sparse_binary.cpython-310.pyc
  Moving to /share/home/yuan/.conda/envs/mi_torch_cu118/lib/python3.10/site-packages/torch/utils/benchmark/op_fuzzers/__pycache__/sparse_unary.cpython-310.pyc
   from /tmp/pip-uninstall-30rrqvv5/utils/benchmark/op_fuzzers/__pycache__/sparse_unary.cpython-310.pyc
  Moving to /share/home/yuan/.conda/envs/mi_torch_cu118/lib/python3.10/site-packages/torch/utils/benchmark/op_fuzzers/__pycache__/spectral.cpython-310.pyc
   from /tmp/pip-uninstall-30rrqvv5/utils/benchmark/op_fuzzers/__pycache__/spectral.cpython-310.pyc
  Moving to /share/home/yuan/.conda/envs/mi_torch_cu118/lib/python3.10/site-packages/torch/utils/benchmark/op_fuzzers/__pycache__/unary.cpython-310.pyc
   from /tmp/pip-uninstall-30rrqvv5/utils/benchmark/op_fuzzers/__pycache__/unary.cpython-310.pyc
  Moving to /share/home/yuan/.conda/envs/mi_torch_cu118/lib/python3.10/site-packages/torch/utils/benchmark/op_fuzzers/binary.py
   from /tmp/pip-uninstall-30rrqvv5/utils/benchmark/op_fuzzers/binary.py
  Moving to /share/home/yuan/.conda/envs/mi_torch_cu118/lib/python3.10/site-packages/torch/utils/benchmark/op_fuzzers/sparse_binary.py
   from /tmp/pip-uninstall-30rrqvv5/utils/benchmark/op_fuzzers/sparse_binary.py
  Moving to /share/home/yuan/.conda/envs/mi_torch_cu118/lib/python3.10/site-packages/torch/utils/benchmark/op_fuzzers/sparse_unary.py
   from /tmp/pip-uninstall-30rrqvv5/utils/benchmark/op_fuzzers/sparse_unary.py
  Moving to /share/home/yuan/.conda/envs/mi_torch_cu118/lib/python3.10/site-packages/torch/utils/benchmark/op_fuzzers/spectral.py
   from /tmp/pip-uninstall-30rrqvv5/utils/benchmark/op_fuzzers/spectral.py
  Moving to /share/home/yuan/.conda/envs/mi_torch_cu118/lib/python3.10/site-packages/torch/utils/benchmark/op_fuzzers/unary.py
   from /tmp/pip-uninstall-30rrqvv5/utils/benchmark/op_fuzzers/unary.py
  Moving to /share/home/yuan/.conda/envs/mi_torch_cu118/lib/python3.10/site-packages/torch/utils/benchmark/utils/__init__.py
   from /tmp/pip-uninstall-30rrqvv5/utils/benchmark/utils/__init__.py
  Moving to /share/home/yuan/.conda/envs/mi_torch_cu118/lib/python3.10/site-packages/torch/utils/benchmark/utils/__pycache__/__init__.cpython-310.pyc
   from /tmp/pip-uninstall-30rrqvv5/utils/benchmark/utils/__pycache__/__init__.cpython-310.pyc
  Moving to /share/home/yuan/.conda/envs/mi_torch_cu118/lib/python3.10/site-packages/torch/utils/benchmark/utils/__pycache__/_stubs.cpython-310.pyc
   from /tmp/pip-uninstall-30rrqvv5/utils/benchmark/utils/__pycache__/_stubs.cpython-310.pyc
  Moving to /share/home/yuan/.conda/envs/mi_torch_cu118/lib/python3.10/site-packages/torch/utils/benchmark/utils/__pycache__/common.cpython-310.pyc
   from /tmp/pip-uninstall-30rrqvv5/utils/benchmark/utils/__pycache__/common.cpython-310.pyc
  Moving to /share/home/yuan/.conda/envs/mi_torch_cu118/lib/python3.10/site-packages/torch/utils/benchmark/utils/__pycache__/compare.cpython-310.pyc
   from /tmp/pip-uninstall-30rrqvv5/utils/benchmark/utils/__pycache__/compare.cpython-310.pyc
  Moving to /share/home/yuan/.conda/envs/mi_torch_cu118/lib/python3.10/site-packages/torch/utils/benchmark/utils/__pycache__/compile.cpython-310.pyc
   from /tmp/pip-uninstall-30rrqvv5/utils/benchmark/utils/__pycache__/compile.cpython-310.pyc
  Moving to /share/home/yuan/.conda/envs/mi_torch_cu118/lib/python3.10/site-packages/torch/utils/benchmark/utils/__pycache__/cpp_jit.cpython-310.pyc
   from /tmp/pip-uninstall-30rrqvv5/utils/benchmark/utils/__pycache__/cpp_jit.cpython-310.pyc
  Moving to /share/home/yuan/.conda/envs/mi_torch_cu118/lib/python3.10/site-packages/torch/utils/benchmark/utils/__pycache__/fuzzer.cpython-310.pyc
   from /tmp/pip-uninstall-30rrqvv5/utils/benchmark/utils/__pycache__/fuzzer.cpython-310.pyc
  Moving to /share/home/yuan/.conda/envs/mi_torch_cu118/lib/python3.10/site-packages/torch/utils/benchmark/utils/__pycache__/sparse_fuzzer.cpython-310.pyc
   from /tmp/pip-uninstall-30rrqvv5/utils/benchmark/utils/__pycache__/sparse_fuzzer.cpython-310.pyc
  Moving to /share/home/yuan/.conda/envs/mi_torch_cu118/lib/python3.10/site-packages/torch/utils/benchmark/utils/__pycache__/timer.cpython-310.pyc
   from /tmp/pip-uninstall-30rrqvv5/utils/benchmark/utils/__pycache__/timer.cpython-310.pyc
  Moving to /share/home/yuan/.conda/envs/mi_torch_cu118/lib/python3.10/site-packages/torch/utils/benchmark/utils/_stubs.py
   from /tmp/pip-uninstall-30rrqvv5/utils/benchmark/utils/_stubs.py
  Moving to /share/home/yuan/.conda/envs/mi_torch_cu118/lib/python3.10/site-packages/torch/utils/benchmark/utils/common.py
   from /tmp/pip-uninstall-30rrqvv5/utils/benchmark/utils/common.py
  Moving to /share/home/yuan/.conda/envs/mi_torch_cu118/lib/python3.10/site-packages/torch/utils/benchmark/utils/compare.py
   from /tmp/pip-uninstall-30rrqvv5/utils/benchmark/utils/compare.py
  Moving to /share/home/yuan/.conda/envs/mi_torch_cu118/lib/python3.10/site-packages/torch/utils/benchmark/utils/compile.py
   from /tmp/pip-uninstall-30rrqvv5/utils/benchmark/utils/compile.py
  Moving to /share/home/yuan/.conda/envs/mi_torch_cu118/lib/python3.10/site-packages/torch/utils/benchmark/utils/cpp_jit.py
   from /tmp/pip-uninstall-30rrqvv5/utils/benchmark/utils/cpp_jit.py
  Moving to /share/home/yuan/.conda/envs/mi_torch_cu118/lib/python3.10/site-packages/torch/utils/benchmark/utils/fuzzer.py
   from /tmp/pip-uninstall-30rrqvv5/utils/benchmark/utils/fuzzer.py
  Moving to /share/home/yuan/.conda/envs/mi_torch_cu118/lib/python3.10/site-packages/torch/utils/benchmark/utils/sparse_fuzzer.py
   from /tmp/pip-uninstall-30rrqvv5/utils/benchmark/utils/sparse_fuzzer.py
  Moving to /share/home/yuan/.conda/envs/mi_torch_cu118/lib/python3.10/site-packages/torch/utils/benchmark/utils/timeit_template.cpp
   from /tmp/pip-uninstall-30rrqvv5/utils/benchmark/utils/timeit_template.cpp
  Moving to /share/home/yuan/.conda/envs/mi_torch_cu118/lib/python3.10/site-packages/torch/utils/benchmark/utils/timer.py
   from /tmp/pip-uninstall-30rrqvv5/utils/benchmark/utils/timer.py
  Moving to /share/home/yuan/.conda/envs/mi_torch_cu118/lib/python3.10/site-packages/torch/utils/benchmark/utils/valgrind_wrapper/__init__.py
   from /tmp/pip-uninstall-30rrqvv5/utils/benchmark/utils/valgrind_wrapper/__init__.py
  Moving to /share/home/yuan/.conda/envs/mi_torch_cu118/lib/python3.10/site-packages/torch/utils/benchmark/utils/valgrind_wrapper/__pycache__/__init__.cpython-310.pyc
   from /tmp/pip-uninstall-30rrqvv5/utils/benchmark/utils/valgrind_wrapper/__pycache__/__init__.cpython-310.pyc
  Moving to /share/home/yuan/.conda/envs/mi_torch_cu118/lib/python3.10/site-packages/torch/utils/benchmark/utils/valgrind_wrapper/__pycache__/timer_interface.cpython-310.pyc
   from /tmp/pip-uninstall-30rrqvv5/utils/benchmark/utils/valgrind_wrapper/__pycache__/timer_interface.cpython-310.pyc
  Moving to /share/home/yuan/.conda/envs/mi_torch_cu118/lib/python3.10/site-packages/torch/utils/benchmark/utils/valgrind_wrapper/callgrind.h
   from /tmp/pip-uninstall-30rrqvv5/utils/benchmark/utils/valgrind_wrapper/callgrind.h
  Moving to /share/home/yuan/.conda/envs/mi_torch_cu118/lib/python3.10/site-packages/torch/utils/benchmark/utils/valgrind_wrapper/compat_bindings.cpp
   from /tmp/pip-uninstall-30rrqvv5/utils/benchmark/utils/valgrind_wrapper/compat_bindings.cpp
  Moving to /share/home/yuan/.conda/envs/mi_torch_cu118/lib/python3.10/site-packages/torch/utils/benchmark/utils/valgrind_wrapper/timer_callgrind_template.cpp
   from /tmp/pip-uninstall-30rrqvv5/utils/benchmark/utils/valgrind_wrapper/timer_callgrind_template.cpp
  Moving to /share/home/yuan/.conda/envs/mi_torch_cu118/lib/python3.10/site-packages/torch/utils/benchmark/utils/valgrind_wrapper/timer_interface.py
   from /tmp/pip-uninstall-30rrqvv5/utils/benchmark/utils/valgrind_wrapper/timer_interface.py
  Moving to /share/home/yuan/.conda/envs/mi_torch_cu118/lib/python3.10/site-packages/torch/utils/benchmark/utils/valgrind_wrapper/valgrind.h
   from /tmp/pip-uninstall-30rrqvv5/utils/benchmark/utils/valgrind_wrapper/valgrind.h
  Moving to /share/home/yuan/.conda/envs/mi_torch_cu118/lib/python3.10/site-packages/torch/utils/bottleneck/__init__.py
   from /tmp/pip-uninstall-30rrqvv5/utils/bottleneck/__init__.py
  Moving to /share/home/yuan/.conda/envs/mi_torch_cu118/lib/python3.10/site-packages/torch/utils/bottleneck/__main__.py
   from /tmp/pip-uninstall-30rrqvv5/utils/bottleneck/__main__.py
  Moving to /share/home/yuan/.conda/envs/mi_torch_cu118/lib/python3.10/site-packages/torch/utils/bottleneck/__pycache__/__init__.cpython-310.pyc
   from /tmp/pip-uninstall-30rrqvv5/utils/bottleneck/__pycache__/__init__.cpython-310.pyc
  Moving to /share/home/yuan/.conda/envs/mi_torch_cu118/lib/python3.10/site-packages/torch/utils/bottleneck/__pycache__/__main__.cpython-310.pyc
   from /tmp/pip-uninstall-30rrqvv5/utils/bottleneck/__pycache__/__main__.cpython-310.pyc
  Moving to /share/home/yuan/.conda/envs/mi_torch_cu118/lib/python3.10/site-packages/torch/utils/bundled_inputs.py
   from /tmp/pip-uninstall-30rrqvv5/utils/bundled_inputs.py
  Moving to /share/home/yuan/.conda/envs/mi_torch_cu118/lib/python3.10/site-packages/torch/utils/checkpoint.py
   from /tmp/pip-uninstall-30rrqvv5/utils/checkpoint.py
  Moving to /share/home/yuan/.conda/envs/mi_torch_cu118/lib/python3.10/site-packages/torch/utils/collect_env.py
   from /tmp/pip-uninstall-30rrqvv5/utils/collect_env.py
  Moving to /share/home/yuan/.conda/envs/mi_torch_cu118/lib/python3.10/site-packages/torch/utils/cpp_backtrace.py
   from /tmp/pip-uninstall-30rrqvv5/utils/cpp_backtrace.py
  Moving to /share/home/yuan/.conda/envs/mi_torch_cu118/lib/python3.10/site-packages/torch/utils/cpp_extension.py
   from /tmp/pip-uninstall-30rrqvv5/utils/cpp_extension.py
  Moving to /share/home/yuan/.conda/envs/mi_torch_cu118/lib/python3.10/site-packages/torch/utils/data/__init__.py
   from /tmp/pip-uninstall-30rrqvv5/utils/data/__init__.py
  Moving to /share/home/yuan/.conda/envs/mi_torch_cu118/lib/python3.10/site-packages/torch/utils/data/__pycache__/__init__.cpython-310.pyc
   from /tmp/pip-uninstall-30rrqvv5/utils/data/__pycache__/__init__.cpython-310.pyc
  Moving to /share/home/yuan/.conda/envs/mi_torch_cu118/lib/python3.10/site-packages/torch/utils/data/__pycache__/backward_compatibility.cpython-310.pyc
   from /tmp/pip-uninstall-30rrqvv5/utils/data/__pycache__/backward_compatibility.cpython-310.pyc
  Moving to /share/home/yuan/.conda/envs/mi_torch_cu118/lib/python3.10/site-packages/torch/utils/data/__pycache__/dataloader.cpython-310.pyc
   from /tmp/pip-uninstall-30rrqvv5/utils/data/__pycache__/dataloader.cpython-310.pyc
  Moving to /share/home/yuan/.conda/envs/mi_torch_cu118/lib/python3.10/site-packages/torch/utils/data/__pycache__/dataset.cpython-310.pyc
   from /tmp/pip-uninstall-30rrqvv5/utils/data/__pycache__/dataset.cpython-310.pyc
  Moving to /share/home/yuan/.conda/envs/mi_torch_cu118/lib/python3.10/site-packages/torch/utils/data/__pycache__/distributed.cpython-310.pyc
   from /tmp/pip-uninstall-30rrqvv5/utils/data/__pycache__/distributed.cpython-310.pyc
  Moving to /share/home/yuan/.conda/envs/mi_torch_cu118/lib/python3.10/site-packages/torch/utils/data/__pycache__/graph.cpython-310.pyc
   from /tmp/pip-uninstall-30rrqvv5/utils/data/__pycache__/graph.cpython-310.pyc
  Moving to /share/home/yuan/.conda/envs/mi_torch_cu118/lib/python3.10/site-packages/torch/utils/data/__pycache__/graph_settings.cpython-310.pyc
   from /tmp/pip-uninstall-30rrqvv5/utils/data/__pycache__/graph_settings.cpython-310.pyc
  Moving to /share/home/yuan/.conda/envs/mi_torch_cu118/lib/python3.10/site-packages/torch/utils/data/__pycache__/sampler.cpython-310.pyc
   from /tmp/pip-uninstall-30rrqvv5/utils/data/__pycache__/sampler.cpython-310.pyc
  Moving to /share/home/yuan/.conda/envs/mi_torch_cu118/lib/python3.10/site-packages/torch/utils/data/_utils/__init__.py
   from /tmp/pip-uninstall-30rrqvv5/utils/data/_utils/__init__.py
  Moving to /share/home/yuan/.conda/envs/mi_torch_cu118/lib/python3.10/site-packages/torch/utils/data/_utils/__pycache__/__init__.cpython-310.pyc
   from /tmp/pip-uninstall-30rrqvv5/utils/data/_utils/__pycache__/__init__.cpython-310.pyc
  Moving to /share/home/yuan/.conda/envs/mi_torch_cu118/lib/python3.10/site-packages/torch/utils/data/_utils/__pycache__/collate.cpython-310.pyc
   from /tmp/pip-uninstall-30rrqvv5/utils/data/_utils/__pycache__/collate.cpython-310.pyc
  Moving to /share/home/yuan/.conda/envs/mi_torch_cu118/lib/python3.10/site-packages/torch/utils/data/_utils/__pycache__/fetch.cpython-310.pyc
   from /tmp/pip-uninstall-30rrqvv5/utils/data/_utils/__pycache__/fetch.cpython-310.pyc
  Moving to /share/home/yuan/.conda/envs/mi_torch_cu118/lib/python3.10/site-packages/torch/utils/data/_utils/__pycache__/pin_memory.cpython-310.pyc
   from /tmp/pip-uninstall-30rrqvv5/utils/data/_utils/__pycache__/pin_memory.cpython-310.pyc
  Moving to /share/home/yuan/.conda/envs/mi_torch_cu118/lib/python3.10/site-packages/torch/utils/data/_utils/__pycache__/signal_handling.cpython-310.pyc
   from /tmp/pip-uninstall-30rrqvv5/utils/data/_utils/__pycache__/signal_handling.cpython-310.pyc
  Moving to /share/home/yuan/.conda/envs/mi_torch_cu118/lib/python3.10/site-packages/torch/utils/data/_utils/__pycache__/worker.cpython-310.pyc
   from /tmp/pip-uninstall-30rrqvv5/utils/data/_utils/__pycache__/worker.cpython-310.pyc
  Moving to /share/home/yuan/.conda/envs/mi_torch_cu118/lib/python3.10/site-packages/torch/utils/data/_utils/collate.py
   from /tmp/pip-uninstall-30rrqvv5/utils/data/_utils/collate.py
  Moving to /share/home/yuan/.conda/envs/mi_torch_cu118/lib/python3.10/site-packages/torch/utils/data/_utils/fetch.py
   from /tmp/pip-uninstall-30rrqvv5/utils/data/_utils/fetch.py
  Moving to /share/home/yuan/.conda/envs/mi_torch_cu118/lib/python3.10/site-packages/torch/utils/data/_utils/pin_memory.py
   from /tmp/pip-uninstall-30rrqvv5/utils/data/_utils/pin_memory.py
  Moving to /share/home/yuan/.conda/envs/mi_torch_cu118/lib/python3.10/site-packages/torch/utils/data/_utils/signal_handling.py
   from /tmp/pip-uninstall-30rrqvv5/utils/data/_utils/signal_handling.py
  Moving to /share/home/yuan/.conda/envs/mi_torch_cu118/lib/python3.10/site-packages/torch/utils/data/_utils/worker.py
   from /tmp/pip-uninstall-30rrqvv5/utils/data/_utils/worker.py
  Moving to /share/home/yuan/.conda/envs/mi_torch_cu118/lib/python3.10/site-packages/torch/utils/data/backward_compatibility.py
   from /tmp/pip-uninstall-30rrqvv5/utils/data/backward_compatibility.py
  Moving to /share/home/yuan/.conda/envs/mi_torch_cu118/lib/python3.10/site-packages/torch/utils/data/dataloader.py
   from /tmp/pip-uninstall-30rrqvv5/utils/data/dataloader.py
  Moving to /share/home/yuan/.conda/envs/mi_torch_cu118/lib/python3.10/site-packages/torch/utils/data/datapipes/__init__.py
   from /tmp/pip-uninstall-30rrqvv5/utils/data/datapipes/__init__.py
  Moving to /share/home/yuan/.conda/envs/mi_torch_cu118/lib/python3.10/site-packages/torch/utils/data/datapipes/__pycache__/__init__.cpython-310.pyc
   from /tmp/pip-uninstall-30rrqvv5/utils/data/datapipes/__pycache__/__init__.cpython-310.pyc
  Moving to /share/home/yuan/.conda/envs/mi_torch_cu118/lib/python3.10/site-packages/torch/utils/data/datapipes/__pycache__/_decorator.cpython-310.pyc
   from /tmp/pip-uninstall-30rrqvv5/utils/data/datapipes/__pycache__/_decorator.cpython-310.pyc
  Moving to /share/home/yuan/.conda/envs/mi_torch_cu118/lib/python3.10/site-packages/torch/utils/data/datapipes/__pycache__/_hook_iterator.cpython-310.pyc
   from /tmp/pip-uninstall-30rrqvv5/utils/data/datapipes/__pycache__/_hook_iterator.cpython-310.pyc
  Moving to /share/home/yuan/.conda/envs/mi_torch_cu118/lib/python3.10/site-packages/torch/utils/data/datapipes/__pycache__/_typing.cpython-310.pyc
   from /tmp/pip-uninstall-30rrqvv5/utils/data/datapipes/__pycache__/_typing.cpython-310.pyc
  Moving to /share/home/yuan/.conda/envs/mi_torch_cu118/lib/python3.10/site-packages/torch/utils/data/datapipes/__pycache__/datapipe.cpython-310.pyc
   from /tmp/pip-uninstall-30rrqvv5/utils/data/datapipes/__pycache__/datapipe.cpython-310.pyc
  Moving to /share/home/yuan/.conda/envs/mi_torch_cu118/lib/python3.10/site-packages/torch/utils/data/datapipes/__pycache__/gen_pyi.cpython-310.pyc
   from /tmp/pip-uninstall-30rrqvv5/utils/data/datapipes/__pycache__/gen_pyi.cpython-310.pyc
  Moving to /share/home/yuan/.conda/envs/mi_torch_cu118/lib/python3.10/site-packages/torch/utils/data/datapipes/_decorator.py
   from /tmp/pip-uninstall-30rrqvv5/utils/data/datapipes/_decorator.py
  Moving to /share/home/yuan/.conda/envs/mi_torch_cu118/lib/python3.10/site-packages/torch/utils/data/datapipes/_hook_iterator.py
   from /tmp/pip-uninstall-30rrqvv5/utils/data/datapipes/_hook_iterator.py
  Moving to /share/home/yuan/.conda/envs/mi_torch_cu118/lib/python3.10/site-packages/torch/utils/data/datapipes/_typing.py
   from /tmp/pip-uninstall-30rrqvv5/utils/data/datapipes/_typing.py
  Moving to /share/home/yuan/.conda/envs/mi_torch_cu118/lib/python3.10/site-packages/torch/utils/data/datapipes/dataframe/__init__.py
   from /tmp/pip-uninstall-30rrqvv5/utils/data/datapipes/dataframe/__init__.py
  Moving to /share/home/yuan/.conda/envs/mi_torch_cu118/lib/python3.10/site-packages/torch/utils/data/datapipes/dataframe/__pycache__/__init__.cpython-310.pyc
   from /tmp/pip-uninstall-30rrqvv5/utils/data/datapipes/dataframe/__pycache__/__init__.cpython-310.pyc
  Moving to /share/home/yuan/.conda/envs/mi_torch_cu118/lib/python3.10/site-packages/torch/utils/data/datapipes/dataframe/__pycache__/dataframe_wrapper.cpython-310.pyc
   from /tmp/pip-uninstall-30rrqvv5/utils/data/datapipes/dataframe/__pycache__/dataframe_wrapper.cpython-310.pyc
  Moving to /share/home/yuan/.conda/envs/mi_torch_cu118/lib/python3.10/site-packages/torch/utils/data/datapipes/dataframe/__pycache__/dataframes.cpython-310.pyc
   from /tmp/pip-uninstall-30rrqvv5/utils/data/datapipes/dataframe/__pycache__/dataframes.cpython-310.pyc
  Moving to /share/home/yuan/.conda/envs/mi_torch_cu118/lib/python3.10/site-packages/torch/utils/data/datapipes/dataframe/__pycache__/datapipes.cpython-310.pyc
   from /tmp/pip-uninstall-30rrqvv5/utils/data/datapipes/dataframe/__pycache__/datapipes.cpython-310.pyc
  Moving to /share/home/yuan/.conda/envs/mi_torch_cu118/lib/python3.10/site-packages/torch/utils/data/datapipes/dataframe/__pycache__/structures.cpython-310.pyc
   from /tmp/pip-uninstall-30rrqvv5/utils/data/datapipes/dataframe/__pycache__/structures.cpython-310.pyc
  Moving to /share/home/yuan/.conda/envs/mi_torch_cu118/lib/python3.10/site-packages/torch/utils/data/datapipes/dataframe/dataframe_wrapper.py
   from /tmp/pip-uninstall-30rrqvv5/utils/data/datapipes/dataframe/dataframe_wrapper.py
  Moving to /share/home/yuan/.conda/envs/mi_torch_cu118/lib/python3.10/site-packages/torch/utils/data/datapipes/dataframe/dataframes.py
   from /tmp/pip-uninstall-30rrqvv5/utils/data/datapipes/dataframe/dataframes.py
  Moving to /share/home/yuan/.conda/envs/mi_torch_cu118/lib/python3.10/site-packages/torch/utils/data/datapipes/dataframe/datapipes.py
   from /tmp/pip-uninstall-30rrqvv5/utils/data/datapipes/dataframe/datapipes.py
  Moving to /share/home/yuan/.conda/envs/mi_torch_cu118/lib/python3.10/site-packages/torch/utils/data/datapipes/dataframe/structures.py
   from /tmp/pip-uninstall-30rrqvv5/utils/data/datapipes/dataframe/structures.py
  Moving to /share/home/yuan/.conda/envs/mi_torch_cu118/lib/python3.10/site-packages/torch/utils/data/datapipes/datapipe.py
   from /tmp/pip-uninstall-30rrqvv5/utils/data/datapipes/datapipe.py
  Moving to /share/home/yuan/.conda/envs/mi_torch_cu118/lib/python3.10/site-packages/torch/utils/data/datapipes/datapipe.pyi
   from /tmp/pip-uninstall-30rrqvv5/utils/data/datapipes/datapipe.pyi
  Moving to /share/home/yuan/.conda/envs/mi_torch_cu118/lib/python3.10/site-packages/torch/utils/data/datapipes/gen_pyi.py
   from /tmp/pip-uninstall-30rrqvv5/utils/data/datapipes/gen_pyi.py
  Moving to /share/home/yuan/.conda/envs/mi_torch_cu118/lib/python3.10/site-packages/torch/utils/data/datapipes/iter/__init__.py
   from /tmp/pip-uninstall-30rrqvv5/utils/data/datapipes/iter/__init__.py
  Moving to /share/home/yuan/.conda/envs/mi_torch_cu118/lib/python3.10/site-packages/torch/utils/data/datapipes/iter/__pycache__/__init__.cpython-310.pyc
   from /tmp/pip-uninstall-30rrqvv5/utils/data/datapipes/iter/__pycache__/__init__.cpython-310.pyc
  Moving to /share/home/yuan/.conda/envs/mi_torch_cu118/lib/python3.10/site-packages/torch/utils/data/datapipes/iter/__pycache__/callable.cpython-310.pyc
   from /tmp/pip-uninstall-30rrqvv5/utils/data/datapipes/iter/__pycache__/callable.cpython-310.pyc
  Moving to /share/home/yuan/.conda/envs/mi_torch_cu118/lib/python3.10/site-packages/torch/utils/data/datapipes/iter/__pycache__/combinatorics.cpython-310.pyc
   from /tmp/pip-uninstall-30rrqvv5/utils/data/datapipes/iter/__pycache__/combinatorics.cpython-310.pyc
  Moving to /share/home/yuan/.conda/envs/mi_torch_cu118/lib/python3.10/site-packages/torch/utils/data/datapipes/iter/__pycache__/combining.cpython-310.pyc
   from /tmp/pip-uninstall-30rrqvv5/utils/data/datapipes/iter/__pycache__/combining.cpython-310.pyc
  Moving to /share/home/yuan/.conda/envs/mi_torch_cu118/lib/python3.10/site-packages/torch/utils/data/datapipes/iter/__pycache__/filelister.cpython-310.pyc
   from /tmp/pip-uninstall-30rrqvv5/utils/data/datapipes/iter/__pycache__/filelister.cpython-310.pyc
  Moving to /share/home/yuan/.conda/envs/mi_torch_cu118/lib/python3.10/site-packages/torch/utils/data/datapipes/iter/__pycache__/fileopener.cpython-310.pyc
   from /tmp/pip-uninstall-30rrqvv5/utils/data/datapipes/iter/__pycache__/fileopener.cpython-310.pyc
  Moving to /share/home/yuan/.conda/envs/mi_torch_cu118/lib/python3.10/site-packages/torch/utils/data/datapipes/iter/__pycache__/grouping.cpython-310.pyc
   from /tmp/pip-uninstall-30rrqvv5/utils/data/datapipes/iter/__pycache__/grouping.cpython-310.pyc
  Moving to /share/home/yuan/.conda/envs/mi_torch_cu118/lib/python3.10/site-packages/torch/utils/data/datapipes/iter/__pycache__/routeddecoder.cpython-310.pyc
   from /tmp/pip-uninstall-30rrqvv5/utils/data/datapipes/iter/__pycache__/routeddecoder.cpython-310.pyc
  Moving to /share/home/yuan/.conda/envs/mi_torch_cu118/lib/python3.10/site-packages/torch/utils/data/datapipes/iter/__pycache__/selecting.cpython-310.pyc
   from /tmp/pip-uninstall-30rrqvv5/utils/data/datapipes/iter/__pycache__/selecting.cpython-310.pyc
  Moving to /share/home/yuan/.conda/envs/mi_torch_cu118/lib/python3.10/site-packages/torch/utils/data/datapipes/iter/__pycache__/sharding.cpython-310.pyc
   from /tmp/pip-uninstall-30rrqvv5/utils/data/datapipes/iter/__pycache__/sharding.cpython-310.pyc
  Moving to /share/home/yuan/.conda/envs/mi_torch_cu118/lib/python3.10/site-packages/torch/utils/data/datapipes/iter/__pycache__/streamreader.cpython-310.pyc
   from /tmp/pip-uninstall-30rrqvv5/utils/data/datapipes/iter/__pycache__/streamreader.cpython-310.pyc
  Moving to /share/home/yuan/.conda/envs/mi_torch_cu118/lib/python3.10/site-packages/torch/utils/data/datapipes/iter/__pycache__/utils.cpython-310.pyc
   from /tmp/pip-uninstall-30rrqvv5/utils/data/datapipes/iter/__pycache__/utils.cpython-310.pyc
  Moving to /share/home/yuan/.conda/envs/mi_torch_cu118/lib/python3.10/site-packages/torch/utils/data/datapipes/iter/callable.py
   from /tmp/pip-uninstall-30rrqvv5/utils/data/datapipes/iter/callable.py
  Moving to /share/home/yuan/.conda/envs/mi_torch_cu118/lib/python3.10/site-packages/torch/utils/data/datapipes/iter/combinatorics.py
   from /tmp/pip-uninstall-30rrqvv5/utils/data/datapipes/iter/combinatorics.py
  Moving to /share/home/yuan/.conda/envs/mi_torch_cu118/lib/python3.10/site-packages/torch/utils/data/datapipes/iter/combining.py
   from /tmp/pip-uninstall-30rrqvv5/utils/data/datapipes/iter/combining.py
  Moving to /share/home/yuan/.conda/envs/mi_torch_cu118/lib/python3.10/site-packages/torch/utils/data/datapipes/iter/filelister.py
   from /tmp/pip-uninstall-30rrqvv5/utils/data/datapipes/iter/filelister.py
  Moving to /share/home/yuan/.conda/envs/mi_torch_cu118/lib/python3.10/site-packages/torch/utils/data/datapipes/iter/fileopener.py
   from /tmp/pip-uninstall-30rrqvv5/utils/data/datapipes/iter/fileopener.py
  Moving to /share/home/yuan/.conda/envs/mi_torch_cu118/lib/python3.10/site-packages/torch/utils/data/datapipes/iter/grouping.py
   from /tmp/pip-uninstall-30rrqvv5/utils/data/datapipes/iter/grouping.py
  Moving to /share/home/yuan/.conda/envs/mi_torch_cu118/lib/python3.10/site-packages/torch/utils/data/datapipes/iter/routeddecoder.py
   from /tmp/pip-uninstall-30rrqvv5/utils/data/datapipes/iter/routeddecoder.py
  Moving to /share/home/yuan/.conda/envs/mi_torch_cu118/lib/python3.10/site-packages/torch/utils/data/datapipes/iter/selecting.py
   from /tmp/pip-uninstall-30rrqvv5/utils/data/datapipes/iter/selecting.py
  Moving to /share/home/yuan/.conda/envs/mi_torch_cu118/lib/python3.10/site-packages/torch/utils/data/datapipes/iter/sharding.py
   from /tmp/pip-uninstall-30rrqvv5/utils/data/datapipes/iter/sharding.py
  Moving to /share/home/yuan/.conda/envs/mi_torch_cu118/lib/python3.10/site-packages/torch/utils/data/datapipes/iter/streamreader.py
   from /tmp/pip-uninstall-30rrqvv5/utils/data/datapipes/iter/streamreader.py
  Moving to /share/home/yuan/.conda/envs/mi_torch_cu118/lib/python3.10/site-packages/torch/utils/data/datapipes/iter/utils.py
   from /tmp/pip-uninstall-30rrqvv5/utils/data/datapipes/iter/utils.py
  Moving to /share/home/yuan/.conda/envs/mi_torch_cu118/lib/python3.10/site-packages/torch/utils/data/datapipes/map/__init__.py
   from /tmp/pip-uninstall-30rrqvv5/utils/data/datapipes/map/__init__.py
  Moving to /share/home/yuan/.conda/envs/mi_torch_cu118/lib/python3.10/site-packages/torch/utils/data/datapipes/map/__pycache__/__init__.cpython-310.pyc
   from /tmp/pip-uninstall-30rrqvv5/utils/data/datapipes/map/__pycache__/__init__.cpython-310.pyc
  Moving to /share/home/yuan/.conda/envs/mi_torch_cu118/lib/python3.10/site-packages/torch/utils/data/datapipes/map/__pycache__/callable.cpython-310.pyc
   from /tmp/pip-uninstall-30rrqvv5/utils/data/datapipes/map/__pycache__/callable.cpython-310.pyc
  Moving to /share/home/yuan/.conda/envs/mi_torch_cu118/lib/python3.10/site-packages/torch/utils/data/datapipes/map/__pycache__/combinatorics.cpython-310.pyc
   from /tmp/pip-uninstall-30rrqvv5/utils/data/datapipes/map/__pycache__/combinatorics.cpython-310.pyc
  Moving to /share/home/yuan/.conda/envs/mi_torch_cu118/lib/python3.10/site-packages/torch/utils/data/datapipes/map/__pycache__/combining.cpython-310.pyc
   from /tmp/pip-uninstall-30rrqvv5/utils/data/datapipes/map/__pycache__/combining.cpython-310.pyc
  Moving to /share/home/yuan/.conda/envs/mi_torch_cu118/lib/python3.10/site-packages/torch/utils/data/datapipes/map/__pycache__/grouping.cpython-310.pyc
   from /tmp/pip-uninstall-30rrqvv5/utils/data/datapipes/map/__pycache__/grouping.cpython-310.pyc
  Moving to /share/home/yuan/.conda/envs/mi_torch_cu118/lib/python3.10/site-packages/torch/utils/data/datapipes/map/__pycache__/utils.cpython-310.pyc
   from /tmp/pip-uninstall-30rrqvv5/utils/data/datapipes/map/__pycache__/utils.cpython-310.pyc
  Moving to /share/home/yuan/.conda/envs/mi_torch_cu118/lib/python3.10/site-packages/torch/utils/data/datapipes/map/callable.py
   from /tmp/pip-uninstall-30rrqvv5/utils/data/datapipes/map/callable.py
  Moving to /share/home/yuan/.conda/envs/mi_torch_cu118/lib/python3.10/site-packages/torch/utils/data/datapipes/map/combinatorics.py
   from /tmp/pip-uninstall-30rrqvv5/utils/data/datapipes/map/combinatorics.py
  Moving to /share/home/yuan/.conda/envs/mi_torch_cu118/lib/python3.10/site-packages/torch/utils/data/datapipes/map/combining.py
   from /tmp/pip-uninstall-30rrqvv5/utils/data/datapipes/map/combining.py
  Moving to /share/home/yuan/.conda/envs/mi_torch_cu118/lib/python3.10/site-packages/torch/utils/data/datapipes/map/grouping.py
   from /tmp/pip-uninstall-30rrqvv5/utils/data/datapipes/map/grouping.py
  Moving to /share/home/yuan/.conda/envs/mi_torch_cu118/lib/python3.10/site-packages/torch/utils/data/datapipes/map/utils.py
   from /tmp/pip-uninstall-30rrqvv5/utils/data/datapipes/map/utils.py
  Moving to /share/home/yuan/.conda/envs/mi_torch_cu118/lib/python3.10/site-packages/torch/utils/data/datapipes/utils/__init__.py
   from /tmp/pip-uninstall-30rrqvv5/utils/data/datapipes/utils/__init__.py
  Moving to /share/home/yuan/.conda/envs/mi_torch_cu118/lib/python3.10/site-packages/torch/utils/data/datapipes/utils/__pycache__/__init__.cpython-310.pyc
   from /tmp/pip-uninstall-30rrqvv5/utils/data/datapipes/utils/__pycache__/__init__.cpython-310.pyc
  Moving to /share/home/yuan/.conda/envs/mi_torch_cu118/lib/python3.10/site-packages/torch/utils/data/datapipes/utils/__pycache__/common.cpython-310.pyc
   from /tmp/pip-uninstall-30rrqvv5/utils/data/datapipes/utils/__pycache__/common.cpython-310.pyc
  Moving to /share/home/yuan/.conda/envs/mi_torch_cu118/lib/python3.10/site-packages/torch/utils/data/datapipes/utils/__pycache__/decoder.cpython-310.pyc
   from /tmp/pip-uninstall-30rrqvv5/utils/data/datapipes/utils/__pycache__/decoder.cpython-310.pyc
  Moving to /share/home/yuan/.conda/envs/mi_torch_cu118/lib/python3.10/site-packages/torch/utils/data/datapipes/utils/__pycache__/snapshot.cpython-310.pyc
   from /tmp/pip-uninstall-30rrqvv5/utils/data/datapipes/utils/__pycache__/snapshot.cpython-310.pyc
  Moving to /share/home/yuan/.conda/envs/mi_torch_cu118/lib/python3.10/site-packages/torch/utils/data/datapipes/utils/common.py
   from /tmp/pip-uninstall-30rrqvv5/utils/data/datapipes/utils/common.py
  Moving to /share/home/yuan/.conda/envs/mi_torch_cu118/lib/python3.10/site-packages/torch/utils/data/datapipes/utils/decoder.py
   from /tmp/pip-uninstall-30rrqvv5/utils/data/datapipes/utils/decoder.py
  Moving to /share/home/yuan/.conda/envs/mi_torch_cu118/lib/python3.10/site-packages/torch/utils/data/datapipes/utils/snapshot.py
   from /tmp/pip-uninstall-30rrqvv5/utils/data/datapipes/utils/snapshot.py
  Moving to /share/home/yuan/.conda/envs/mi_torch_cu118/lib/python3.10/site-packages/torch/utils/data/dataset.py
   from /tmp/pip-uninstall-30rrqvv5/utils/data/dataset.py
  Moving to /share/home/yuan/.conda/envs/mi_torch_cu118/lib/python3.10/site-packages/torch/utils/data/distributed.py
   from /tmp/pip-uninstall-30rrqvv5/utils/data/distributed.py
  Moving to /share/home/yuan/.conda/envs/mi_torch_cu118/lib/python3.10/site-packages/torch/utils/data/graph.py
   from /tmp/pip-uninstall-30rrqvv5/utils/data/graph.py
  Moving to /share/home/yuan/.conda/envs/mi_torch_cu118/lib/python3.10/site-packages/torch/utils/data/graph_settings.py
   from /tmp/pip-uninstall-30rrqvv5/utils/data/graph_settings.py
  Moving to /share/home/yuan/.conda/envs/mi_torch_cu118/lib/python3.10/site-packages/torch/utils/data/sampler.py
   from /tmp/pip-uninstall-30rrqvv5/utils/data/sampler.py
  Moving to /share/home/yuan/.conda/envs/mi_torch_cu118/lib/python3.10/site-packages/torch/utils/deterministic.py
   from /tmp/pip-uninstall-30rrqvv5/utils/deterministic.py
  Moving to /share/home/yuan/.conda/envs/mi_torch_cu118/lib/python3.10/site-packages/torch/utils/dlpack.py
   from /tmp/pip-uninstall-30rrqvv5/utils/dlpack.py
  Moving to /share/home/yuan/.conda/envs/mi_torch_cu118/lib/python3.10/site-packages/torch/utils/file_baton.py
   from /tmp/pip-uninstall-30rrqvv5/utils/file_baton.py
  Moving to /share/home/yuan/.conda/envs/mi_torch_cu118/lib/python3.10/site-packages/torch/utils/flop_counter.py
   from /tmp/pip-uninstall-30rrqvv5/utils/flop_counter.py
  Moving to /share/home/yuan/.conda/envs/mi_torch_cu118/lib/python3.10/site-packages/torch/utils/hipify/__init__.py
   from /tmp/pip-uninstall-30rrqvv5/utils/hipify/__init__.py
  Moving to /share/home/yuan/.conda/envs/mi_torch_cu118/lib/python3.10/site-packages/torch/utils/hipify/__pycache__/__init__.cpython-310.pyc
   from /tmp/pip-uninstall-30rrqvv5/utils/hipify/__pycache__/__init__.cpython-310.pyc
  Moving to /share/home/yuan/.conda/envs/mi_torch_cu118/lib/python3.10/site-packages/torch/utils/hipify/__pycache__/constants.cpython-310.pyc
   from /tmp/pip-uninstall-30rrqvv5/utils/hipify/__pycache__/constants.cpython-310.pyc
  Moving to /share/home/yuan/.conda/envs/mi_torch_cu118/lib/python3.10/site-packages/torch/utils/hipify/__pycache__/cuda_to_hip_mappings.cpython-310.pyc
   from /tmp/pip-uninstall-30rrqvv5/utils/hipify/__pycache__/cuda_to_hip_mappings.cpython-310.pyc
  Moving to /share/home/yuan/.conda/envs/mi_torch_cu118/lib/python3.10/site-packages/torch/utils/hipify/__pycache__/hipify_python.cpython-310.pyc
   from /tmp/pip-uninstall-30rrqvv5/utils/hipify/__pycache__/hipify_python.cpython-310.pyc
  Moving to /share/home/yuan/.conda/envs/mi_torch_cu118/lib/python3.10/site-packages/torch/utils/hipify/__pycache__/version.cpython-310.pyc
   from /tmp/pip-uninstall-30rrqvv5/utils/hipify/__pycache__/version.cpython-310.pyc
  Moving to /share/home/yuan/.conda/envs/mi_torch_cu118/lib/python3.10/site-packages/torch/utils/hipify/constants.py
   from /tmp/pip-uninstall-30rrqvv5/utils/hipify/constants.py
  Moving to /share/home/yuan/.conda/envs/mi_torch_cu118/lib/python3.10/site-packages/torch/utils/hipify/cuda_to_hip_mappings.py
   from /tmp/pip-uninstall-30rrqvv5/utils/hipify/cuda_to_hip_mappings.py
  Moving to /share/home/yuan/.conda/envs/mi_torch_cu118/lib/python3.10/site-packages/torch/utils/hipify/hipify_python.py
   from /tmp/pip-uninstall-30rrqvv5/utils/hipify/hipify_python.py
  Moving to /share/home/yuan/.conda/envs/mi_torch_cu118/lib/python3.10/site-packages/torch/utils/hipify/version.py
   from /tmp/pip-uninstall-30rrqvv5/utils/hipify/version.py
  Moving to /share/home/yuan/.conda/envs/mi_torch_cu118/lib/python3.10/site-packages/torch/utils/hooks.py
   from /tmp/pip-uninstall-30rrqvv5/utils/hooks.py
  Moving to /share/home/yuan/.conda/envs/mi_torch_cu118/lib/python3.10/site-packages/torch/utils/jit/__init__.py
   from /tmp/pip-uninstall-30rrqvv5/utils/jit/__init__.py
  Moving to /share/home/yuan/.conda/envs/mi_torch_cu118/lib/python3.10/site-packages/torch/utils/jit/__pycache__/__init__.cpython-310.pyc
   from /tmp/pip-uninstall-30rrqvv5/utils/jit/__pycache__/__init__.cpython-310.pyc
  Moving to /share/home/yuan/.conda/envs/mi_torch_cu118/lib/python3.10/site-packages/torch/utils/jit/__pycache__/log_extract.cpython-310.pyc
   from /tmp/pip-uninstall-30rrqvv5/utils/jit/__pycache__/log_extract.cpython-310.pyc
  Moving to /share/home/yuan/.conda/envs/mi_torch_cu118/lib/python3.10/site-packages/torch/utils/jit/log_extract.py
   from /tmp/pip-uninstall-30rrqvv5/utils/jit/log_extract.py
  Moving to /share/home/yuan/.conda/envs/mi_torch_cu118/lib/python3.10/site-packages/torch/utils/mkldnn.py
   from /tmp/pip-uninstall-30rrqvv5/utils/mkldnn.py
  Moving to /share/home/yuan/.conda/envs/mi_torch_cu118/lib/python3.10/site-packages/torch/utils/mobile_optimizer.py
   from /tmp/pip-uninstall-30rrqvv5/utils/mobile_optimizer.py
  Moving to /share/home/yuan/.conda/envs/mi_torch_cu118/lib/python3.10/site-packages/torch/utils/model_dump/__init__.py
   from /tmp/pip-uninstall-30rrqvv5/utils/model_dump/__init__.py
  Moving to /share/home/yuan/.conda/envs/mi_torch_cu118/lib/python3.10/site-packages/torch/utils/model_dump/__main__.py
   from /tmp/pip-uninstall-30rrqvv5/utils/model_dump/__main__.py
  Moving to /share/home/yuan/.conda/envs/mi_torch_cu118/lib/python3.10/site-packages/torch/utils/model_dump/__pycache__/__init__.cpython-310.pyc
   from /tmp/pip-uninstall-30rrqvv5/utils/model_dump/__pycache__/__init__.cpython-310.pyc
  Moving to /share/home/yuan/.conda/envs/mi_torch_cu118/lib/python3.10/site-packages/torch/utils/model_dump/__pycache__/__main__.cpython-310.pyc
   from /tmp/pip-uninstall-30rrqvv5/utils/model_dump/__pycache__/__main__.cpython-310.pyc
  Moving to /share/home/yuan/.conda/envs/mi_torch_cu118/lib/python3.10/site-packages/torch/utils/model_dump/code.js
   from /tmp/pip-uninstall-30rrqvv5/utils/model_dump/code.js
  Moving to /share/home/yuan/.conda/envs/mi_torch_cu118/lib/python3.10/site-packages/torch/utils/model_dump/htm.mjs
   from /tmp/pip-uninstall-30rrqvv5/utils/model_dump/htm.mjs
  Moving to /share/home/yuan/.conda/envs/mi_torch_cu118/lib/python3.10/site-packages/torch/utils/model_dump/preact.mjs
   from /tmp/pip-uninstall-30rrqvv5/utils/model_dump/preact.mjs
  Moving to /share/home/yuan/.conda/envs/mi_torch_cu118/lib/python3.10/site-packages/torch/utils/model_dump/skeleton.html
   from /tmp/pip-uninstall-30rrqvv5/utils/model_dump/skeleton.html
  Moving to /share/home/yuan/.conda/envs/mi_torch_cu118/lib/python3.10/site-packages/torch/utils/model_zoo.py
   from /tmp/pip-uninstall-30rrqvv5/utils/model_zoo.py
  Moving to /share/home/yuan/.conda/envs/mi_torch_cu118/lib/python3.10/site-packages/torch/utils/module_tracker.py
   from /tmp/pip-uninstall-30rrqvv5/utils/module_tracker.py
  Moving to /share/home/yuan/.conda/envs/mi_torch_cu118/lib/python3.10/site-packages/torch/utils/show_pickle.py
   from /tmp/pip-uninstall-30rrqvv5/utils/show_pickle.py
  Moving to /share/home/yuan/.conda/envs/mi_torch_cu118/lib/python3.10/site-packages/torch/utils/tensorboard/__init__.py
   from /tmp/pip-uninstall-30rrqvv5/utils/tensorboard/__init__.py
  Moving to /share/home/yuan/.conda/envs/mi_torch_cu118/lib/python3.10/site-packages/torch/utils/tensorboard/__pycache__/__init__.cpython-310.pyc
   from /tmp/pip-uninstall-30rrqvv5/utils/tensorboard/__pycache__/__init__.cpython-310.pyc
  Moving to /share/home/yuan/.conda/envs/mi_torch_cu118/lib/python3.10/site-packages/torch/utils/tensorboard/__pycache__/_convert_np.cpython-310.pyc
   from /tmp/pip-uninstall-30rrqvv5/utils/tensorboard/__pycache__/_convert_np.cpython-310.pyc
  Moving to /share/home/yuan/.conda/envs/mi_torch_cu118/lib/python3.10/site-packages/torch/utils/tensorboard/__pycache__/_embedding.cpython-310.pyc
   from /tmp/pip-uninstall-30rrqvv5/utils/tensorboard/__pycache__/_embedding.cpython-310.pyc
  Moving to /share/home/yuan/.conda/envs/mi_torch_cu118/lib/python3.10/site-packages/torch/utils/tensorboard/__pycache__/_onnx_graph.cpython-310.pyc
   from /tmp/pip-uninstall-30rrqvv5/utils/tensorboard/__pycache__/_onnx_graph.cpython-310.pyc
  Moving to /share/home/yuan/.conda/envs/mi_torch_cu118/lib/python3.10/site-packages/torch/utils/tensorboard/__pycache__/_proto_graph.cpython-310.pyc
   from /tmp/pip-uninstall-30rrqvv5/utils/tensorboard/__pycache__/_proto_graph.cpython-310.pyc
  Moving to /share/home/yuan/.conda/envs/mi_torch_cu118/lib/python3.10/site-packages/torch/utils/tensorboard/__pycache__/_pytorch_graph.cpython-310.pyc
   from /tmp/pip-uninstall-30rrqvv5/utils/tensorboard/__pycache__/_pytorch_graph.cpython-310.pyc
  Moving to /share/home/yuan/.conda/envs/mi_torch_cu118/lib/python3.10/site-packages/torch/utils/tensorboard/__pycache__/_utils.cpython-310.pyc
   from /tmp/pip-uninstall-30rrqvv5/utils/tensorboard/__pycache__/_utils.cpython-310.pyc
  Moving to /share/home/yuan/.conda/envs/mi_torch_cu118/lib/python3.10/site-packages/torch/utils/tensorboard/__pycache__/summary.cpython-310.pyc
   from /tmp/pip-uninstall-30rrqvv5/utils/tensorboard/__pycache__/summary.cpython-310.pyc
  Moving to /share/home/yuan/.conda/envs/mi_torch_cu118/lib/python3.10/site-packages/torch/utils/tensorboard/__pycache__/writer.cpython-310.pyc
   from /tmp/pip-uninstall-30rrqvv5/utils/tensorboard/__pycache__/writer.cpython-310.pyc
  Moving to /share/home/yuan/.conda/envs/mi_torch_cu118/lib/python3.10/site-packages/torch/utils/tensorboard/_convert_np.py
   from /tmp/pip-uninstall-30rrqvv5/utils/tensorboard/_convert_np.py
  Moving to /share/home/yuan/.conda/envs/mi_torch_cu118/lib/python3.10/site-packages/torch/utils/tensorboard/_embedding.py
   from /tmp/pip-uninstall-30rrqvv5/utils/tensorboard/_embedding.py
  Moving to /share/home/yuan/.conda/envs/mi_torch_cu118/lib/python3.10/site-packages/torch/utils/tensorboard/_onnx_graph.py
   from /tmp/pip-uninstall-30rrqvv5/utils/tensorboard/_onnx_graph.py
  Moving to /share/home/yuan/.conda/envs/mi_torch_cu118/lib/python3.10/site-packages/torch/utils/tensorboard/_proto_graph.py
   from /tmp/pip-uninstall-30rrqvv5/utils/tensorboard/_proto_graph.py
  Moving to /share/home/yuan/.conda/envs/mi_torch_cu118/lib/python3.10/site-packages/torch/utils/tensorboard/_pytorch_graph.py
   from /tmp/pip-uninstall-30rrqvv5/utils/tensorboard/_pytorch_graph.py
  Moving to /share/home/yuan/.conda/envs/mi_torch_cu118/lib/python3.10/site-packages/torch/utils/tensorboard/_utils.py
   from /tmp/pip-uninstall-30rrqvv5/utils/tensorboard/_utils.py
  Moving to /share/home/yuan/.conda/envs/mi_torch_cu118/lib/python3.10/site-packages/torch/utils/tensorboard/summary.py
   from /tmp/pip-uninstall-30rrqvv5/utils/tensorboard/summary.py
  Moving to /share/home/yuan/.conda/envs/mi_torch_cu118/lib/python3.10/site-packages/torch/utils/tensorboard/writer.py
   from /tmp/pip-uninstall-30rrqvv5/utils/tensorboard/writer.py
  Moving to /share/home/yuan/.conda/envs/mi_torch_cu118/lib/python3.10/site-packages/torch/utils/throughput_benchmark.py
   from /tmp/pip-uninstall-30rrqvv5/utils/throughput_benchmark.py
  Moving to /share/home/yuan/.conda/envs/mi_torch_cu118/lib/python3.10/site-packages/torch/utils/viz/__init__.py
   from /tmp/pip-uninstall-30rrqvv5/utils/viz/__init__.py
  Moving to /share/home/yuan/.conda/envs/mi_torch_cu118/lib/python3.10/site-packages/torch/utils/viz/__pycache__/__init__.cpython-310.pyc
   from /tmp/pip-uninstall-30rrqvv5/utils/viz/__pycache__/__init__.cpython-310.pyc
  Moving to /share/home/yuan/.conda/envs/mi_torch_cu118/lib/python3.10/site-packages/torch/utils/viz/__pycache__/_cycles.cpython-310.pyc
   from /tmp/pip-uninstall-30rrqvv5/utils/viz/__pycache__/_cycles.cpython-310.pyc
  Moving to /share/home/yuan/.conda/envs/mi_torch_cu118/lib/python3.10/site-packages/torch/utils/viz/_cycles.py
   from /tmp/pip-uninstall-30rrqvv5/utils/viz/_cycles.py
  Moving to /share/home/yuan/.conda/envs/mi_torch_cu118/lib/python3.10/site-packages/torch/utils/weak.py
   from /tmp/pip-uninstall-30rrqvv5/utils/weak.py
  Moving to /share/home/yuan/.conda/envs/mi_torch_cu118/lib/python3.10/site-packages/torch/version.py
   from /tmp/pip-uninstall-30rrqvv5/version.py
  Moving to /share/home/yuan/.conda/envs/mi_torch_cu118/lib/python3.10/site-packages/torch/xpu/__init__.py
   from /tmp/pip-uninstall-30rrqvv5/xpu/__init__.py
  Moving to /share/home/yuan/.conda/envs/mi_torch_cu118/lib/python3.10/site-packages/torch/xpu/__pycache__/__init__.cpython-310.pyc
   from /tmp/pip-uninstall-30rrqvv5/xpu/__pycache__/__init__.cpython-310.pyc
  Moving to /share/home/yuan/.conda/envs/mi_torch_cu118/lib/python3.10/site-packages/torch/xpu/__pycache__/_gpu_trace.cpython-310.pyc
   from /tmp/pip-uninstall-30rrqvv5/xpu/__pycache__/_gpu_trace.cpython-310.pyc
  Moving to /share/home/yuan/.conda/envs/mi_torch_cu118/lib/python3.10/site-packages/torch/xpu/__pycache__/_utils.cpython-310.pyc
   from /tmp/pip-uninstall-30rrqvv5/xpu/__pycache__/_utils.cpython-310.pyc
  Moving to /share/home/yuan/.conda/envs/mi_torch_cu118/lib/python3.10/site-packages/torch/xpu/__pycache__/memory.cpython-310.pyc
   from /tmp/pip-uninstall-30rrqvv5/xpu/__pycache__/memory.cpython-310.pyc
  Moving to /share/home/yuan/.conda/envs/mi_torch_cu118/lib/python3.10/site-packages/torch/xpu/__pycache__/random.cpython-310.pyc
   from /tmp/pip-uninstall-30rrqvv5/xpu/__pycache__/random.cpython-310.pyc
  Moving to /share/home/yuan/.conda/envs/mi_torch_cu118/lib/python3.10/site-packages/torch/xpu/__pycache__/streams.cpython-310.pyc
   from /tmp/pip-uninstall-30rrqvv5/xpu/__pycache__/streams.cpython-310.pyc
  Moving to /share/home/yuan/.conda/envs/mi_torch_cu118/lib/python3.10/site-packages/torch/xpu/_gpu_trace.py
   from /tmp/pip-uninstall-30rrqvv5/xpu/_gpu_trace.py
  Moving to /share/home/yuan/.conda/envs/mi_torch_cu118/lib/python3.10/site-packages/torch/xpu/_utils.py
   from /tmp/pip-uninstall-30rrqvv5/xpu/_utils.py
  Moving to /share/home/yuan/.conda/envs/mi_torch_cu118/lib/python3.10/site-packages/torch/xpu/memory.py
   from /tmp/pip-uninstall-30rrqvv5/xpu/memory.py
  Moving to /share/home/yuan/.conda/envs/mi_torch_cu118/lib/python3.10/site-packages/torch/xpu/random.py
   from /tmp/pip-uninstall-30rrqvv5/xpu/random.py
  Moving to /share/home/yuan/.conda/envs/mi_torch_cu118/lib/python3.10/site-packages/torch/xpu/streams.py
   from /tmp/pip-uninstall-30rrqvv5/xpu/streams.py
  Moving to /share/home/yuan/.conda/envs/mi_torch_cu118/lib/python3.10/site-packages/torchgen/__init__.py
   from /tmp/pip-uninstall-qflvkbkq/__init__.py
  Moving to /share/home/yuan/.conda/envs/mi_torch_cu118/lib/python3.10/site-packages/torchgen/__pycache__/__init__.cpython-310.pyc
   from /tmp/pip-uninstall-qflvkbkq/__pycache__/__init__.cpython-310.pyc
  Moving to /share/home/yuan/.conda/envs/mi_torch_cu118/lib/python3.10/site-packages/torchgen/__pycache__/code_template.cpython-310.pyc
   from /tmp/pip-uninstall-qflvkbkq/__pycache__/code_template.cpython-310.pyc
  Moving to /share/home/yuan/.conda/envs/mi_torch_cu118/lib/python3.10/site-packages/torchgen/__pycache__/context.cpython-310.pyc
   from /tmp/pip-uninstall-qflvkbkq/__pycache__/context.cpython-310.pyc
  Moving to /share/home/yuan/.conda/envs/mi_torch_cu118/lib/python3.10/site-packages/torchgen/__pycache__/gen.cpython-310.pyc
   from /tmp/pip-uninstall-qflvkbkq/__pycache__/gen.cpython-310.pyc
  Moving to /share/home/yuan/.conda/envs/mi_torch_cu118/lib/python3.10/site-packages/torchgen/__pycache__/gen_aoti_c_shim.cpython-310.pyc
   from /tmp/pip-uninstall-qflvkbkq/__pycache__/gen_aoti_c_shim.cpython-310.pyc
  Moving to /share/home/yuan/.conda/envs/mi_torch_cu118/lib/python3.10/site-packages/torchgen/__pycache__/gen_backend_stubs.cpython-310.pyc
   from /tmp/pip-uninstall-qflvkbkq/__pycache__/gen_backend_stubs.cpython-310.pyc
  Moving to /share/home/yuan/.conda/envs/mi_torch_cu118/lib/python3.10/site-packages/torchgen/__pycache__/gen_executorch.cpython-310.pyc
   from /tmp/pip-uninstall-qflvkbkq/__pycache__/gen_executorch.cpython-310.pyc
  Moving to /share/home/yuan/.conda/envs/mi_torch_cu118/lib/python3.10/site-packages/torchgen/__pycache__/gen_functionalization_type.cpython-310.pyc
   from /tmp/pip-uninstall-qflvkbkq/__pycache__/gen_functionalization_type.cpython-310.pyc
  Moving to /share/home/yuan/.conda/envs/mi_torch_cu118/lib/python3.10/site-packages/torchgen/__pycache__/gen_lazy_tensor.cpython-310.pyc
   from /tmp/pip-uninstall-qflvkbkq/__pycache__/gen_lazy_tensor.cpython-310.pyc
  Moving to /share/home/yuan/.conda/envs/mi_torch_cu118/lib/python3.10/site-packages/torchgen/__pycache__/gen_schema_utils.cpython-310.pyc
   from /tmp/pip-uninstall-qflvkbkq/__pycache__/gen_schema_utils.cpython-310.pyc
  Moving to /share/home/yuan/.conda/envs/mi_torch_cu118/lib/python3.10/site-packages/torchgen/__pycache__/gen_vmap_plumbing.cpython-310.pyc
   from /tmp/pip-uninstall-qflvkbkq/__pycache__/gen_vmap_plumbing.cpython-310.pyc
  Moving to /share/home/yuan/.conda/envs/mi_torch_cu118/lib/python3.10/site-packages/torchgen/__pycache__/local.cpython-310.pyc
   from /tmp/pip-uninstall-qflvkbkq/__pycache__/local.cpython-310.pyc
  Moving to /share/home/yuan/.conda/envs/mi_torch_cu118/lib/python3.10/site-packages/torchgen/__pycache__/model.cpython-310.pyc
   from /tmp/pip-uninstall-qflvkbkq/__pycache__/model.cpython-310.pyc
  Moving to /share/home/yuan/.conda/envs/mi_torch_cu118/lib/python3.10/site-packages/torchgen/__pycache__/native_function_generation.cpython-310.pyc
   from /tmp/pip-uninstall-qflvkbkq/__pycache__/native_function_generation.cpython-310.pyc
  Moving to /share/home/yuan/.conda/envs/mi_torch_cu118/lib/python3.10/site-packages/torchgen/__pycache__/utils.cpython-310.pyc
   from /tmp/pip-uninstall-qflvkbkq/__pycache__/utils.cpython-310.pyc
  Moving to /share/home/yuan/.conda/envs/mi_torch_cu118/lib/python3.10/site-packages/torchgen/__pycache__/yaml_utils.cpython-310.pyc
   from /tmp/pip-uninstall-qflvkbkq/__pycache__/yaml_utils.cpython-310.pyc
  Moving to /share/home/yuan/.conda/envs/mi_torch_cu118/lib/python3.10/site-packages/torchgen/aoti/__init__.py
   from /tmp/pip-uninstall-qflvkbkq/aoti/__init__.py
  Moving to /share/home/yuan/.conda/envs/mi_torch_cu118/lib/python3.10/site-packages/torchgen/aoti/__pycache__/__init__.cpython-310.pyc
   from /tmp/pip-uninstall-qflvkbkq/aoti/__pycache__/__init__.cpython-310.pyc
  Moving to /share/home/yuan/.conda/envs/mi_torch_cu118/lib/python3.10/site-packages/torchgen/aoti/__pycache__/fallback_ops.cpython-310.pyc
   from /tmp/pip-uninstall-qflvkbkq/aoti/__pycache__/fallback_ops.cpython-310.pyc
  Moving to /share/home/yuan/.conda/envs/mi_torch_cu118/lib/python3.10/site-packages/torchgen/aoti/fallback_ops.py
   from /tmp/pip-uninstall-qflvkbkq/aoti/fallback_ops.py
  Moving to /share/home/yuan/.conda/envs/mi_torch_cu118/lib/python3.10/site-packages/torchgen/api/__init__.py
   from /tmp/pip-uninstall-qflvkbkq/api/__init__.py
  Moving to /share/home/yuan/.conda/envs/mi_torch_cu118/lib/python3.10/site-packages/torchgen/api/__pycache__/__init__.cpython-310.pyc
   from /tmp/pip-uninstall-qflvkbkq/api/__pycache__/__init__.cpython-310.pyc
  Moving to /share/home/yuan/.conda/envs/mi_torch_cu118/lib/python3.10/site-packages/torchgen/api/__pycache__/autograd.cpython-310.pyc
   from /tmp/pip-uninstall-qflvkbkq/api/__pycache__/autograd.cpython-310.pyc
  Moving to /share/home/yuan/.conda/envs/mi_torch_cu118/lib/python3.10/site-packages/torchgen/api/__pycache__/cpp.cpython-310.pyc
   from /tmp/pip-uninstall-qflvkbkq/api/__pycache__/cpp.cpython-310.pyc
  Moving to /share/home/yuan/.conda/envs/mi_torch_cu118/lib/python3.10/site-packages/torchgen/api/__pycache__/dispatcher.cpython-310.pyc
   from /tmp/pip-uninstall-qflvkbkq/api/__pycache__/dispatcher.cpython-310.pyc
  Moving to /share/home/yuan/.conda/envs/mi_torch_cu118/lib/python3.10/site-packages/torchgen/api/__pycache__/functionalization.cpython-310.pyc
   from /tmp/pip-uninstall-qflvkbkq/api/__pycache__/functionalization.cpython-310.pyc
  Moving to /share/home/yuan/.conda/envs/mi_torch_cu118/lib/python3.10/site-packages/torchgen/api/__pycache__/lazy.cpython-310.pyc
   from /tmp/pip-uninstall-qflvkbkq/api/__pycache__/lazy.cpython-310.pyc
  Moving to /share/home/yuan/.conda/envs/mi_torch_cu118/lib/python3.10/site-packages/torchgen/api/__pycache__/meta.cpython-310.pyc
   from /tmp/pip-uninstall-qflvkbkq/api/__pycache__/meta.cpython-310.pyc
  Moving to /share/home/yuan/.conda/envs/mi_torch_cu118/lib/python3.10/site-packages/torchgen/api/__pycache__/native.cpython-310.pyc
   from /tmp/pip-uninstall-qflvkbkq/api/__pycache__/native.cpython-310.pyc
  Moving to /share/home/yuan/.conda/envs/mi_torch_cu118/lib/python3.10/site-packages/torchgen/api/__pycache__/python.cpython-310.pyc
   from /tmp/pip-uninstall-qflvkbkq/api/__pycache__/python.cpython-310.pyc
  Moving to /share/home/yuan/.conda/envs/mi_torch_cu118/lib/python3.10/site-packages/torchgen/api/__pycache__/structured.cpython-310.pyc
   from /tmp/pip-uninstall-qflvkbkq/api/__pycache__/structured.cpython-310.pyc
  Moving to /share/home/yuan/.conda/envs/mi_torch_cu118/lib/python3.10/site-packages/torchgen/api/__pycache__/translate.cpython-310.pyc
   from /tmp/pip-uninstall-qflvkbkq/api/__pycache__/translate.cpython-310.pyc
  Moving to /share/home/yuan/.conda/envs/mi_torch_cu118/lib/python3.10/site-packages/torchgen/api/__pycache__/ufunc.cpython-310.pyc
   from /tmp/pip-uninstall-qflvkbkq/api/__pycache__/ufunc.cpython-310.pyc
  Moving to /share/home/yuan/.conda/envs/mi_torch_cu118/lib/python3.10/site-packages/torchgen/api/__pycache__/unboxing.cpython-310.pyc
   from /tmp/pip-uninstall-qflvkbkq/api/__pycache__/unboxing.cpython-310.pyc
  Moving to /share/home/yuan/.conda/envs/mi_torch_cu118/lib/python3.10/site-packages/torchgen/api/autograd.py
   from /tmp/pip-uninstall-qflvkbkq/api/autograd.py
  Moving to /share/home/yuan/.conda/envs/mi_torch_cu118/lib/python3.10/site-packages/torchgen/api/cpp.py
   from /tmp/pip-uninstall-qflvkbkq/api/cpp.py
  Moving to /share/home/yuan/.conda/envs/mi_torch_cu118/lib/python3.10/site-packages/torchgen/api/dispatcher.py
   from /tmp/pip-uninstall-qflvkbkq/api/dispatcher.py
  Moving to /share/home/yuan/.conda/envs/mi_torch_cu118/lib/python3.10/site-packages/torchgen/api/functionalization.py
   from /tmp/pip-uninstall-qflvkbkq/api/functionalization.py
  Moving to /share/home/yuan/.conda/envs/mi_torch_cu118/lib/python3.10/site-packages/torchgen/api/lazy.py
   from /tmp/pip-uninstall-qflvkbkq/api/lazy.py
  Moving to /share/home/yuan/.conda/envs/mi_torch_cu118/lib/python3.10/site-packages/torchgen/api/meta.py
   from /tmp/pip-uninstall-qflvkbkq/api/meta.py
  Moving to /share/home/yuan/.conda/envs/mi_torch_cu118/lib/python3.10/site-packages/torchgen/api/native.py
   from /tmp/pip-uninstall-qflvkbkq/api/native.py
  Moving to /share/home/yuan/.conda/envs/mi_torch_cu118/lib/python3.10/site-packages/torchgen/api/python.py
   from /tmp/pip-uninstall-qflvkbkq/api/python.py
  Moving to /share/home/yuan/.conda/envs/mi_torch_cu118/lib/python3.10/site-packages/torchgen/api/structured.py
   from /tmp/pip-uninstall-qflvkbkq/api/structured.py
  Moving to /share/home/yuan/.conda/envs/mi_torch_cu118/lib/python3.10/site-packages/torchgen/api/translate.py
   from /tmp/pip-uninstall-qflvkbkq/api/translate.py
  Moving to /share/home/yuan/.conda/envs/mi_torch_cu118/lib/python3.10/site-packages/torchgen/api/types/__init__.py
   from /tmp/pip-uninstall-qflvkbkq/api/types/__init__.py
  Moving to /share/home/yuan/.conda/envs/mi_torch_cu118/lib/python3.10/site-packages/torchgen/api/types/__pycache__/__init__.cpython-310.pyc
   from /tmp/pip-uninstall-qflvkbkq/api/types/__pycache__/__init__.cpython-310.pyc
  Moving to /share/home/yuan/.conda/envs/mi_torch_cu118/lib/python3.10/site-packages/torchgen/api/types/__pycache__/signatures.cpython-310.pyc
   from /tmp/pip-uninstall-qflvkbkq/api/types/__pycache__/signatures.cpython-310.pyc
  Moving to /share/home/yuan/.conda/envs/mi_torch_cu118/lib/python3.10/site-packages/torchgen/api/types/__pycache__/types.cpython-310.pyc
   from /tmp/pip-uninstall-qflvkbkq/api/types/__pycache__/types.cpython-310.pyc
  Moving to /share/home/yuan/.conda/envs/mi_torch_cu118/lib/python3.10/site-packages/torchgen/api/types/__pycache__/types_base.cpython-310.pyc
   from /tmp/pip-uninstall-qflvkbkq/api/types/__pycache__/types_base.cpython-310.pyc
  Moving to /share/home/yuan/.conda/envs/mi_torch_cu118/lib/python3.10/site-packages/torchgen/api/types/signatures.py
   from /tmp/pip-uninstall-qflvkbkq/api/types/signatures.py
  Moving to /share/home/yuan/.conda/envs/mi_torch_cu118/lib/python3.10/site-packages/torchgen/api/types/types.py
   from /tmp/pip-uninstall-qflvkbkq/api/types/types.py
  Moving to /share/home/yuan/.conda/envs/mi_torch_cu118/lib/python3.10/site-packages/torchgen/api/types/types_base.py
   from /tmp/pip-uninstall-qflvkbkq/api/types/types_base.py
  Moving to /share/home/yuan/.conda/envs/mi_torch_cu118/lib/python3.10/site-packages/torchgen/api/ufunc.py
   from /tmp/pip-uninstall-qflvkbkq/api/ufunc.py
  Moving to /share/home/yuan/.conda/envs/mi_torch_cu118/lib/python3.10/site-packages/torchgen/api/unboxing.py
   from /tmp/pip-uninstall-qflvkbkq/api/unboxing.py
  Moving to /share/home/yuan/.conda/envs/mi_torch_cu118/lib/python3.10/site-packages/torchgen/code_template.py
   from /tmp/pip-uninstall-qflvkbkq/code_template.py
  Moving to /share/home/yuan/.conda/envs/mi_torch_cu118/lib/python3.10/site-packages/torchgen/context.py
   from /tmp/pip-uninstall-qflvkbkq/context.py
  Moving to /share/home/yuan/.conda/envs/mi_torch_cu118/lib/python3.10/site-packages/torchgen/dest/__init__.py
   from /tmp/pip-uninstall-qflvkbkq/dest/__init__.py
  Moving to /share/home/yuan/.conda/envs/mi_torch_cu118/lib/python3.10/site-packages/torchgen/dest/__pycache__/__init__.cpython-310.pyc
   from /tmp/pip-uninstall-qflvkbkq/dest/__pycache__/__init__.cpython-310.pyc
  Moving to /share/home/yuan/.conda/envs/mi_torch_cu118/lib/python3.10/site-packages/torchgen/dest/__pycache__/lazy_ir.cpython-310.pyc
   from /tmp/pip-uninstall-qflvkbkq/dest/__pycache__/lazy_ir.cpython-310.pyc
  Moving to /share/home/yuan/.conda/envs/mi_torch_cu118/lib/python3.10/site-packages/torchgen/dest/__pycache__/lazy_ts_lowering.cpython-310.pyc
   from /tmp/pip-uninstall-qflvkbkq/dest/__pycache__/lazy_ts_lowering.cpython-310.pyc
  Moving to /share/home/yuan/.conda/envs/mi_torch_cu118/lib/python3.10/site-packages/torchgen/dest/__pycache__/native_functions.cpython-310.pyc
   from /tmp/pip-uninstall-qflvkbkq/dest/__pycache__/native_functions.cpython-310.pyc
  Moving to /share/home/yuan/.conda/envs/mi_torch_cu118/lib/python3.10/site-packages/torchgen/dest/__pycache__/register_dispatch_key.cpython-310.pyc
   from /tmp/pip-uninstall-qflvkbkq/dest/__pycache__/register_dispatch_key.cpython-310.pyc
  Moving to /share/home/yuan/.conda/envs/mi_torch_cu118/lib/python3.10/site-packages/torchgen/dest/__pycache__/ufunc.cpython-310.pyc
   from /tmp/pip-uninstall-qflvkbkq/dest/__pycache__/ufunc.cpython-310.pyc
  Moving to /share/home/yuan/.conda/envs/mi_torch_cu118/lib/python3.10/site-packages/torchgen/dest/lazy_ir.py
   from /tmp/pip-uninstall-qflvkbkq/dest/lazy_ir.py
  Moving to /share/home/yuan/.conda/envs/mi_torch_cu118/lib/python3.10/site-packages/torchgen/dest/lazy_ts_lowering.py
   from /tmp/pip-uninstall-qflvkbkq/dest/lazy_ts_lowering.py
  Moving to /share/home/yuan/.conda/envs/mi_torch_cu118/lib/python3.10/site-packages/torchgen/dest/native_functions.py
   from /tmp/pip-uninstall-qflvkbkq/dest/native_functions.py
  Moving to /share/home/yuan/.conda/envs/mi_torch_cu118/lib/python3.10/site-packages/torchgen/dest/register_dispatch_key.py
   from /tmp/pip-uninstall-qflvkbkq/dest/register_dispatch_key.py
  Moving to /share/home/yuan/.conda/envs/mi_torch_cu118/lib/python3.10/site-packages/torchgen/dest/ufunc.py
   from /tmp/pip-uninstall-qflvkbkq/dest/ufunc.py
  Moving to /share/home/yuan/.conda/envs/mi_torch_cu118/lib/python3.10/site-packages/torchgen/executorch/__init__.py
   from /tmp/pip-uninstall-qflvkbkq/executorch/__init__.py
  Moving to /share/home/yuan/.conda/envs/mi_torch_cu118/lib/python3.10/site-packages/torchgen/executorch/__pycache__/__init__.cpython-310.pyc
   from /tmp/pip-uninstall-qflvkbkq/executorch/__pycache__/__init__.cpython-310.pyc
  Moving to /share/home/yuan/.conda/envs/mi_torch_cu118/lib/python3.10/site-packages/torchgen/executorch/__pycache__/model.cpython-310.pyc
   from /tmp/pip-uninstall-qflvkbkq/executorch/__pycache__/model.cpython-310.pyc
  Moving to /share/home/yuan/.conda/envs/mi_torch_cu118/lib/python3.10/site-packages/torchgen/executorch/__pycache__/parse.cpython-310.pyc
   from /tmp/pip-uninstall-qflvkbkq/executorch/__pycache__/parse.cpython-310.pyc
  Moving to /share/home/yuan/.conda/envs/mi_torch_cu118/lib/python3.10/site-packages/torchgen/executorch/api/__init__.py
   from /tmp/pip-uninstall-qflvkbkq/executorch/api/__init__.py
  Moving to /share/home/yuan/.conda/envs/mi_torch_cu118/lib/python3.10/site-packages/torchgen/executorch/api/__pycache__/__init__.cpython-310.pyc
   from /tmp/pip-uninstall-qflvkbkq/executorch/api/__pycache__/__init__.cpython-310.pyc
  Moving to /share/home/yuan/.conda/envs/mi_torch_cu118/lib/python3.10/site-packages/torchgen/executorch/api/__pycache__/custom_ops.cpython-310.pyc
   from /tmp/pip-uninstall-qflvkbkq/executorch/api/__pycache__/custom_ops.cpython-310.pyc
  Moving to /share/home/yuan/.conda/envs/mi_torch_cu118/lib/python3.10/site-packages/torchgen/executorch/api/__pycache__/et_cpp.cpython-310.pyc
   from /tmp/pip-uninstall-qflvkbkq/executorch/api/__pycache__/et_cpp.cpython-310.pyc
  Moving to /share/home/yuan/.conda/envs/mi_torch_cu118/lib/python3.10/site-packages/torchgen/executorch/api/__pycache__/unboxing.cpython-310.pyc
   from /tmp/pip-uninstall-qflvkbkq/executorch/api/__pycache__/unboxing.cpython-310.pyc
  Moving to /share/home/yuan/.conda/envs/mi_torch_cu118/lib/python3.10/site-packages/torchgen/executorch/api/custom_ops.py
   from /tmp/pip-uninstall-qflvkbkq/executorch/api/custom_ops.py
  Moving to /share/home/yuan/.conda/envs/mi_torch_cu118/lib/python3.10/site-packages/torchgen/executorch/api/et_cpp.py
   from /tmp/pip-uninstall-qflvkbkq/executorch/api/et_cpp.py
  Moving to /share/home/yuan/.conda/envs/mi_torch_cu118/lib/python3.10/site-packages/torchgen/executorch/api/types/__init__.py
   from /tmp/pip-uninstall-qflvkbkq/executorch/api/types/__init__.py
  Moving to /share/home/yuan/.conda/envs/mi_torch_cu118/lib/python3.10/site-packages/torchgen/executorch/api/types/__pycache__/__init__.cpython-310.pyc
   from /tmp/pip-uninstall-qflvkbkq/executorch/api/types/__pycache__/__init__.cpython-310.pyc
  Moving to /share/home/yuan/.conda/envs/mi_torch_cu118/lib/python3.10/site-packages/torchgen/executorch/api/types/__pycache__/signatures.cpython-310.pyc
   from /tmp/pip-uninstall-qflvkbkq/executorch/api/types/__pycache__/signatures.cpython-310.pyc
  Moving to /share/home/yuan/.conda/envs/mi_torch_cu118/lib/python3.10/site-packages/torchgen/executorch/api/types/__pycache__/types.cpython-310.pyc
   from /tmp/pip-uninstall-qflvkbkq/executorch/api/types/__pycache__/types.cpython-310.pyc
  Moving to /share/home/yuan/.conda/envs/mi_torch_cu118/lib/python3.10/site-packages/torchgen/executorch/api/types/signatures.py
   from /tmp/pip-uninstall-qflvkbkq/executorch/api/types/signatures.py
  Moving to /share/home/yuan/.conda/envs/mi_torch_cu118/lib/python3.10/site-packages/torchgen/executorch/api/types/types.py
   from /tmp/pip-uninstall-qflvkbkq/executorch/api/types/types.py
  Moving to /share/home/yuan/.conda/envs/mi_torch_cu118/lib/python3.10/site-packages/torchgen/executorch/api/unboxing.py
   from /tmp/pip-uninstall-qflvkbkq/executorch/api/unboxing.py
  Moving to /share/home/yuan/.conda/envs/mi_torch_cu118/lib/python3.10/site-packages/torchgen/executorch/model.py
   from /tmp/pip-uninstall-qflvkbkq/executorch/model.py
  Moving to /share/home/yuan/.conda/envs/mi_torch_cu118/lib/python3.10/site-packages/torchgen/executorch/parse.py
   from /tmp/pip-uninstall-qflvkbkq/executorch/parse.py
  Moving to /share/home/yuan/.conda/envs/mi_torch_cu118/lib/python3.10/site-packages/torchgen/gen.py
   from /tmp/pip-uninstall-qflvkbkq/gen.py
  Moving to /share/home/yuan/.conda/envs/mi_torch_cu118/lib/python3.10/site-packages/torchgen/gen_aoti_c_shim.py
   from /tmp/pip-uninstall-qflvkbkq/gen_aoti_c_shim.py
  Moving to /share/home/yuan/.conda/envs/mi_torch_cu118/lib/python3.10/site-packages/torchgen/gen_backend_stubs.py
   from /tmp/pip-uninstall-qflvkbkq/gen_backend_stubs.py
  Moving to /share/home/yuan/.conda/envs/mi_torch_cu118/lib/python3.10/site-packages/torchgen/gen_executorch.py
   from /tmp/pip-uninstall-qflvkbkq/gen_executorch.py
  Moving to /share/home/yuan/.conda/envs/mi_torch_cu118/lib/python3.10/site-packages/torchgen/gen_functionalization_type.py
   from /tmp/pip-uninstall-qflvkbkq/gen_functionalization_type.py
  Moving to /share/home/yuan/.conda/envs/mi_torch_cu118/lib/python3.10/site-packages/torchgen/gen_lazy_tensor.py
   from /tmp/pip-uninstall-qflvkbkq/gen_lazy_tensor.py
  Moving to /share/home/yuan/.conda/envs/mi_torch_cu118/lib/python3.10/site-packages/torchgen/gen_schema_utils.py
   from /tmp/pip-uninstall-qflvkbkq/gen_schema_utils.py
  Moving to /share/home/yuan/.conda/envs/mi_torch_cu118/lib/python3.10/site-packages/torchgen/gen_vmap_plumbing.py
   from /tmp/pip-uninstall-qflvkbkq/gen_vmap_plumbing.py
  Moving to /share/home/yuan/.conda/envs/mi_torch_cu118/lib/python3.10/site-packages/torchgen/local.py
   from /tmp/pip-uninstall-qflvkbkq/local.py
  Moving to /share/home/yuan/.conda/envs/mi_torch_cu118/lib/python3.10/site-packages/torchgen/model.py
   from /tmp/pip-uninstall-qflvkbkq/model.py
  Moving to /share/home/yuan/.conda/envs/mi_torch_cu118/lib/python3.10/site-packages/torchgen/native_function_generation.py
   from /tmp/pip-uninstall-qflvkbkq/native_function_generation.py
  Moving to /share/home/yuan/.conda/envs/mi_torch_cu118/lib/python3.10/site-packages/torchgen/operator_versions/__init__.py
   from /tmp/pip-uninstall-qflvkbkq/operator_versions/__init__.py
  Moving to /share/home/yuan/.conda/envs/mi_torch_cu118/lib/python3.10/site-packages/torchgen/operator_versions/__pycache__/__init__.cpython-310.pyc
   from /tmp/pip-uninstall-qflvkbkq/operator_versions/__pycache__/__init__.cpython-310.pyc
  Moving to /share/home/yuan/.conda/envs/mi_torch_cu118/lib/python3.10/site-packages/torchgen/operator_versions/__pycache__/gen_mobile_upgraders.cpython-310.pyc
   from /tmp/pip-uninstall-qflvkbkq/operator_versions/__pycache__/gen_mobile_upgraders.cpython-310.pyc
  Moving to /share/home/yuan/.conda/envs/mi_torch_cu118/lib/python3.10/site-packages/torchgen/operator_versions/__pycache__/gen_mobile_upgraders_constant.cpython-310.pyc
   from /tmp/pip-uninstall-qflvkbkq/operator_versions/__pycache__/gen_mobile_upgraders_constant.cpython-310.pyc
  Moving to /share/home/yuan/.conda/envs/mi_torch_cu118/lib/python3.10/site-packages/torchgen/operator_versions/gen_mobile_upgraders.py
   from /tmp/pip-uninstall-qflvkbkq/operator_versions/gen_mobile_upgraders.py
  Moving to /share/home/yuan/.conda/envs/mi_torch_cu118/lib/python3.10/site-packages/torchgen/operator_versions/gen_mobile_upgraders_constant.py
   from /tmp/pip-uninstall-qflvkbkq/operator_versions/gen_mobile_upgraders_constant.py
  Moving to /share/home/yuan/.conda/envs/mi_torch_cu118/lib/python3.10/site-packages/torchgen/packaged/ATen/native/
   from /share/home/yuan/.conda/envs/mi_torch_cu118/lib/python3.10/site-packages/torchgen/packaged/ATen/~ative
  Moving to /share/home/yuan/.conda/envs/mi_torch_cu118/lib/python3.10/site-packages/torchgen/packaged/ATen/templates/
   from /share/home/yuan/.conda/envs/mi_torch_cu118/lib/python3.10/site-packages/torchgen/packaged/ATen/~emplates
  Moving to /share/home/yuan/.conda/envs/mi_torch_cu118/lib/python3.10/site-packages/torchgen/packaged/autograd/BUILD.bazel
   from /tmp/pip-uninstall-qflvkbkq/packaged/autograd/BUILD.bazel
  Moving to /share/home/yuan/.conda/envs/mi_torch_cu118/lib/python3.10/site-packages/torchgen/packaged/autograd/README.md
   from /tmp/pip-uninstall-qflvkbkq/packaged/autograd/README.md
  Moving to /share/home/yuan/.conda/envs/mi_torch_cu118/lib/python3.10/site-packages/torchgen/packaged/autograd/__init__.py
   from /tmp/pip-uninstall-qflvkbkq/packaged/autograd/__init__.py
  Moving to /share/home/yuan/.conda/envs/mi_torch_cu118/lib/python3.10/site-packages/torchgen/packaged/autograd/__pycache__/__init__.cpython-310.pyc
   from /tmp/pip-uninstall-qflvkbkq/packaged/autograd/__pycache__/__init__.cpython-310.pyc
  Moving to /share/home/yuan/.conda/envs/mi_torch_cu118/lib/python3.10/site-packages/torchgen/packaged/autograd/__pycache__/context.cpython-310.pyc
   from /tmp/pip-uninstall-qflvkbkq/packaged/autograd/__pycache__/context.cpython-310.pyc
  Moving to /share/home/yuan/.conda/envs/mi_torch_cu118/lib/python3.10/site-packages/torchgen/packaged/autograd/__pycache__/gen_annotated_fn_args.cpython-310.pyc
   from /tmp/pip-uninstall-qflvkbkq/packaged/autograd/__pycache__/gen_annotated_fn_args.cpython-310.pyc
  Moving to /share/home/yuan/.conda/envs/mi_torch_cu118/lib/python3.10/site-packages/torchgen/packaged/autograd/__pycache__/gen_autograd.cpython-310.pyc
   from /tmp/pip-uninstall-qflvkbkq/packaged/autograd/__pycache__/gen_autograd.cpython-310.pyc
  Moving to /share/home/yuan/.conda/envs/mi_torch_cu118/lib/python3.10/site-packages/torchgen/packaged/autograd/__pycache__/gen_autograd_functions.cpython-310.pyc
   from /tmp/pip-uninstall-qflvkbkq/packaged/autograd/__pycache__/gen_autograd_functions.cpython-310.pyc
  Moving to /share/home/yuan/.conda/envs/mi_torch_cu118/lib/python3.10/site-packages/torchgen/packaged/autograd/__pycache__/gen_inplace_or_view_type.cpython-310.pyc
   from /tmp/pip-uninstall-qflvkbkq/packaged/autograd/__pycache__/gen_inplace_or_view_type.cpython-310.pyc
  Moving to /share/home/yuan/.conda/envs/mi_torch_cu118/lib/python3.10/site-packages/torchgen/packaged/autograd/__pycache__/gen_python_functions.cpython-310.pyc
   from /tmp/pip-uninstall-qflvkbkq/packaged/autograd/__pycache__/gen_python_functions.cpython-310.pyc
  Moving to /share/home/yuan/.conda/envs/mi_torch_cu118/lib/python3.10/site-packages/torchgen/packaged/autograd/__pycache__/gen_trace_type.cpython-310.pyc
   from /tmp/pip-uninstall-qflvkbkq/packaged/autograd/__pycache__/gen_trace_type.cpython-310.pyc
  Moving to /share/home/yuan/.conda/envs/mi_torch_cu118/lib/python3.10/site-packages/torchgen/packaged/autograd/__pycache__/gen_variable_factories.cpython-310.pyc
   from /tmp/pip-uninstall-qflvkbkq/packaged/autograd/__pycache__/gen_variable_factories.cpython-310.pyc
  Moving to /share/home/yuan/.conda/envs/mi_torch_cu118/lib/python3.10/site-packages/torchgen/packaged/autograd/__pycache__/gen_variable_type.cpython-310.pyc
   from /tmp/pip-uninstall-qflvkbkq/packaged/autograd/__pycache__/gen_variable_type.cpython-310.pyc
  Moving to /share/home/yuan/.conda/envs/mi_torch_cu118/lib/python3.10/site-packages/torchgen/packaged/autograd/__pycache__/gen_view_funcs.cpython-310.pyc
   from /tmp/pip-uninstall-qflvkbkq/packaged/autograd/__pycache__/gen_view_funcs.cpython-310.pyc
  Moving to /share/home/yuan/.conda/envs/mi_torch_cu118/lib/python3.10/site-packages/torchgen/packaged/autograd/__pycache__/load_derivatives.cpython-310.pyc
   from /tmp/pip-uninstall-qflvkbkq/packaged/autograd/__pycache__/load_derivatives.cpython-310.pyc
  Moving to /share/home/yuan/.conda/envs/mi_torch_cu118/lib/python3.10/site-packages/torchgen/packaged/autograd/build.bzl
   from /tmp/pip-uninstall-qflvkbkq/packaged/autograd/build.bzl
  Moving to /share/home/yuan/.conda/envs/mi_torch_cu118/lib/python3.10/site-packages/torchgen/packaged/autograd/context.py
   from /tmp/pip-uninstall-qflvkbkq/packaged/autograd/context.py
  Moving to /share/home/yuan/.conda/envs/mi_torch_cu118/lib/python3.10/site-packages/torchgen/packaged/autograd/deprecated.yaml
   from /tmp/pip-uninstall-qflvkbkq/packaged/autograd/deprecated.yaml
  Moving to /share/home/yuan/.conda/envs/mi_torch_cu118/lib/python3.10/site-packages/torchgen/packaged/autograd/derivatives.yaml
   from /tmp/pip-uninstall-qflvkbkq/packaged/autograd/derivatives.yaml
  Moving to /share/home/yuan/.conda/envs/mi_torch_cu118/lib/python3.10/site-packages/torchgen/packaged/autograd/gen_annotated_fn_args.py
   from /tmp/pip-uninstall-qflvkbkq/packaged/autograd/gen_annotated_fn_args.py
  Moving to /share/home/yuan/.conda/envs/mi_torch_cu118/lib/python3.10/site-packages/torchgen/packaged/autograd/gen_autograd.py
   from /tmp/pip-uninstall-qflvkbkq/packaged/autograd/gen_autograd.py
  Moving to /share/home/yuan/.conda/envs/mi_torch_cu118/lib/python3.10/site-packages/torchgen/packaged/autograd/gen_autograd_functions.py
   from /tmp/pip-uninstall-qflvkbkq/packaged/autograd/gen_autograd_functions.py
  Moving to /share/home/yuan/.conda/envs/mi_torch_cu118/lib/python3.10/site-packages/torchgen/packaged/autograd/gen_inplace_or_view_type.py
   from /tmp/pip-uninstall-qflvkbkq/packaged/autograd/gen_inplace_or_view_type.py
  Moving to /share/home/yuan/.conda/envs/mi_torch_cu118/lib/python3.10/site-packages/torchgen/packaged/autograd/gen_python_functions.py
   from /tmp/pip-uninstall-qflvkbkq/packaged/autograd/gen_python_functions.py
  Moving to /share/home/yuan/.conda/envs/mi_torch_cu118/lib/python3.10/site-packages/torchgen/packaged/autograd/gen_trace_type.py
   from /tmp/pip-uninstall-qflvkbkq/packaged/autograd/gen_trace_type.py
  Moving to /share/home/yuan/.conda/envs/mi_torch_cu118/lib/python3.10/site-packages/torchgen/packaged/autograd/gen_variable_factories.py
   from /tmp/pip-uninstall-qflvkbkq/packaged/autograd/gen_variable_factories.py
  Moving to /share/home/yuan/.conda/envs/mi_torch_cu118/lib/python3.10/site-packages/torchgen/packaged/autograd/gen_variable_type.py
   from /tmp/pip-uninstall-qflvkbkq/packaged/autograd/gen_variable_type.py
  Moving to /share/home/yuan/.conda/envs/mi_torch_cu118/lib/python3.10/site-packages/torchgen/packaged/autograd/gen_view_funcs.py
   from /tmp/pip-uninstall-qflvkbkq/packaged/autograd/gen_view_funcs.py
  Moving to /share/home/yuan/.conda/envs/mi_torch_cu118/lib/python3.10/site-packages/torchgen/packaged/autograd/load_derivatives.py
   from /tmp/pip-uninstall-qflvkbkq/packaged/autograd/load_derivatives.py
  Moving to /share/home/yuan/.conda/envs/mi_torch_cu118/lib/python3.10/site-packages/torchgen/packaged/autograd/templates/
   from /share/home/yuan/.conda/envs/mi_torch_cu118/lib/python3.10/site-packages/torchgen/packaged/autograd/~emplates
  Moving to /share/home/yuan/.conda/envs/mi_torch_cu118/lib/python3.10/site-packages/torchgen/selective_build/__init__.py
   from /tmp/pip-uninstall-qflvkbkq/selective_build/__init__.py
  Moving to /share/home/yuan/.conda/envs/mi_torch_cu118/lib/python3.10/site-packages/torchgen/selective_build/__pycache__/__init__.cpython-310.pyc
   from /tmp/pip-uninstall-qflvkbkq/selective_build/__pycache__/__init__.cpython-310.pyc
  Moving to /share/home/yuan/.conda/envs/mi_torch_cu118/lib/python3.10/site-packages/torchgen/selective_build/__pycache__/operator.cpython-310.pyc
   from /tmp/pip-uninstall-qflvkbkq/selective_build/__pycache__/operator.cpython-310.pyc
  Moving to /share/home/yuan/.conda/envs/mi_torch_cu118/lib/python3.10/site-packages/torchgen/selective_build/__pycache__/selector.cpython-310.pyc
   from /tmp/pip-uninstall-qflvkbkq/selective_build/__pycache__/selector.cpython-310.pyc
  Moving to /share/home/yuan/.conda/envs/mi_torch_cu118/lib/python3.10/site-packages/torchgen/selective_build/operator.py
   from /tmp/pip-uninstall-qflvkbkq/selective_build/operator.py
  Moving to /share/home/yuan/.conda/envs/mi_torch_cu118/lib/python3.10/site-packages/torchgen/selective_build/selector.py
   from /tmp/pip-uninstall-qflvkbkq/selective_build/selector.py
  Moving to /share/home/yuan/.conda/envs/mi_torch_cu118/lib/python3.10/site-packages/torchgen/static_runtime/__init__.py
   from /tmp/pip-uninstall-qflvkbkq/static_runtime/__init__.py
  Moving to /share/home/yuan/.conda/envs/mi_torch_cu118/lib/python3.10/site-packages/torchgen/static_runtime/__pycache__/__init__.cpython-310.pyc
   from /tmp/pip-uninstall-qflvkbkq/static_runtime/__pycache__/__init__.cpython-310.pyc
  Moving to /share/home/yuan/.conda/envs/mi_torch_cu118/lib/python3.10/site-packages/torchgen/static_runtime/__pycache__/config.cpython-310.pyc
   from /tmp/pip-uninstall-qflvkbkq/static_runtime/__pycache__/config.cpython-310.pyc
  Moving to /share/home/yuan/.conda/envs/mi_torch_cu118/lib/python3.10/site-packages/torchgen/static_runtime/__pycache__/gen_static_runtime_ops.cpython-310.pyc
   from /tmp/pip-uninstall-qflvkbkq/static_runtime/__pycache__/gen_static_runtime_ops.cpython-310.pyc
  Moving to /share/home/yuan/.conda/envs/mi_torch_cu118/lib/python3.10/site-packages/torchgen/static_runtime/__pycache__/generator.cpython-310.pyc
   from /tmp/pip-uninstall-qflvkbkq/static_runtime/__pycache__/generator.cpython-310.pyc
  Moving to /share/home/yuan/.conda/envs/mi_torch_cu118/lib/python3.10/site-packages/torchgen/static_runtime/config.py
   from /tmp/pip-uninstall-qflvkbkq/static_runtime/config.py
  Moving to /share/home/yuan/.conda/envs/mi_torch_cu118/lib/python3.10/site-packages/torchgen/static_runtime/gen_static_runtime_ops.py
   from /tmp/pip-uninstall-qflvkbkq/static_runtime/gen_static_runtime_ops.py
  Moving to /share/home/yuan/.conda/envs/mi_torch_cu118/lib/python3.10/site-packages/torchgen/static_runtime/generator.py
   from /tmp/pip-uninstall-qflvkbkq/static_runtime/generator.py
  Moving to /share/home/yuan/.conda/envs/mi_torch_cu118/lib/python3.10/site-packages/torchgen/utils.py
   from /tmp/pip-uninstall-qflvkbkq/utils.py
  Moving to /share/home/yuan/.conda/envs/mi_torch_cu118/lib/python3.10/site-packages/torchgen/yaml_utils.py
   from /tmp/pip-uninstall-qflvkbkq/yaml_utils.py
  Moving to /share/home/yuan/.conda/envs/mi_torch_cu118/share/cmake/ATen/
   from /share/home/yuan/.conda/envs/mi_torch_cu118/share/cmake/~Ten
  Moving to /share/home/yuan/.conda/envs/mi_torch_cu118/share/cmake/Caffe2/
   from /share/home/yuan/.conda/envs/mi_torch_cu118/share/cmake/~affe2
  Moving to /share/home/yuan/.conda/envs/mi_torch_cu118/share/cmake/Tensorpipe/
   from /share/home/yuan/.conda/envs/mi_torch_cu118/share/cmake/~ensorpipe
  Moving to /share/home/yuan/.conda/envs/mi_torch_cu118/share/cmake/Torch/
   from /share/home/yuan/.conda/envs/mi_torch_cu118/share/cmake/~orch
ERROR: Could not install packages due to an OSError: [Errno 2] No such file or directory: '/share/home/yuan/.conda/envs/mi_torch_cu118/lib/python3.10/site-packages/torch/include/ATen/ATen.h'

[pip] exit=1
==================================================================
DONE (clone_install): Fri Jun  5 22:02:26 CST 2026
==================================================================
