model,seed,subject,source_session,target_session,direction,status
eegnet,0,sub-001,ses-01,ses-02,ses-01->ses-02,ok
eegnet,1,sub-001,ses-01,ses-02,ses-01->ses-02,ok
eegnet,2,sub-001,ses-01,ses-02,ses-01->ses-02,ok
eegnet,3,sub-001,ses-01,ses-02,ses-01->ses-02,ok
eegnet,4,sub-001,ses-01,ses-02,ses-01->ses-02,ok
deepconvnet,0,sub-001,ses-01,ses-02,ses-01->ses-02,ok
deepconvnet,1,sub-001,ses-01,ses-02,ses-01->ses-02,ok
deepconvnet,2,sub-001,ses-01,ses-02,ses-01->ses-02,ok
deepconvnet,3,sub-001,ses-01,ses-02,ses-01->ses-02,ok
deepconvnet,4,sub-001,ses-01,ses-02,ses-01->ses-02,ok
fbcnet,0,sub-001,ses-01,ses-02,ses-01->ses-02,ok
fbcnet,1,sub-001,ses-01,ses-02,ses-01->ses-02,ok
fbcnet,2,sub-001,ses-01,ses-02,ses-01->ses-02,ok
fbcnet,3,sub-001,ses-01,ses-02,ses-01->ses-02,ok
fbcnet,4,sub-001,ses-01,ses-02,ses-01->ses-02,ok
eegnet,0,sub-001,ses-01,ses-03,ses-01->ses-03,ok
eegnet,1,sub-001,ses-01,ses-03,ses-01->ses-03,ok
eegnet,2,sub-001,ses-01,ses-03,ses-01->ses-03,ok
eegnet,3,sub-001,ses-01,ses-03,ses-01->ses-03,ok
eegnet,4,sub-001,ses-01,ses-03,ses-01->ses-03,ok
deepconvnet,0,sub-001,ses-01,ses-03,ses-01->ses-03,ok
deepconvnet,1,sub-001,ses-01,ses-03,ses-01->ses-03,ok
deepconvnet,2,sub-001,ses-01,ses-03,ses-01->ses-03,ok
deepconvnet,3,sub-001,ses-01,ses-03,ses-01->ses-03,ok
deepconvnet,4,sub-001,ses-01,ses-03,ses-01->ses-03,ok
fbcnet,0,sub-001,ses-01,ses-03,ses-01->ses-03,ok
fbcnet,1,sub-001,ses-01,ses-03,ses-01->ses-03,ok
fbcnet,2,sub-001,ses-01,ses-03,ses-01->ses-03,ok
fbcnet,3,sub-001,ses-01,ses-03,ses-01->ses-03,ok
fbcnet,4,sub-001,ses-01,ses-03,ses-01->ses-03,ok
eegnet,0,sub-001,ses-01,ses-04,ses-01->ses-04,ok
eegnet,1,sub-001,ses-01,ses-04,ses-01->ses-04,ok
eegnet,2,sub-001,ses-01,ses-04,ses-01->ses-04,ok
eegnet,3,sub-001,ses-01,ses-04,ses-01->ses-04,ok
eegnet,4,sub-001,ses-01,ses-04,ses-01->ses-04,ok
deepconvnet,0,sub-001,ses-01,ses-04,ses-01->ses-04,ok
deepconvnet,1,sub-001,ses-01,ses-04,ses-01->ses-04,ok
deepconvnet,2,sub-001,ses-01,ses-04,ses-01->ses-04,ok
deepconvnet,3,sub-001,ses-01,ses-04,ses-01->ses-04,ok
deepconvnet,4,sub-001,ses-01,ses-04,ses-01->ses-04,ok
fbcnet,0,sub-001,ses-01,ses-04,ses-01->ses-04,ok
fbcnet,1,sub-001,ses-01,ses-04,ses-01->ses-04,ok
fbcnet,2,sub-001,ses-01,ses-04,ses-01->ses-04,ok
fbcnet,3,sub-001,ses-01,ses-04,ses-01->ses-04,ok
fbcnet,4,sub-001,ses-01,ses-04,ses-01->ses-04,ok
eegnet,0,sub-001,ses-01,ses-05,ses-01->ses-05,ok
eegnet,1,sub-001,ses-01,ses-05,ses-01->ses-05,ok
eegnet,2,sub-001,ses-01,ses-05,ses-01->ses-05,ok
eegnet,3,sub-001,ses-01,ses-05,ses-01->ses-05,ok
eegnet,4,sub-001,ses-01,ses-05,ses-01->ses-05,ok
deepconvnet,0,sub-001,ses-01,ses-05,ses-01->ses-05,ok
deepconvnet,1,sub-001,ses-01,ses-05,ses-01->ses-05,ok
deepconvnet,2,sub-001,ses-01,ses-05,ses-01->ses-05,ok
deepconvnet,3,sub-001,ses-01,ses-05,ses-01->ses-05,ok
deepconvnet,4,sub-001,ses-01,ses-05,ses-01->ses-05,ok
fbcnet,0,sub-001,ses-01,ses-05,ses-01->ses-05,ok
fbcnet,1,sub-001,ses-01,ses-05,ses-01->ses-05,ok
fbcnet,2,sub-001,ses-01,ses-05,ses-01->ses-05,ok
fbcnet,3,sub-001,ses-01,ses-05,ses-01->ses-05,ok
fbcnet,4,sub-001,ses-01,ses-05,ses-01->ses-05,ok
eegnet,0,sub-001,ses-02,ses-01,ses-02->ses-01,ok
eegnet,1,sub-001,ses-02,ses-01,ses-02->ses-01,ok
eegnet,2,sub-001,ses-02,ses-01,ses-02->ses-01,ok
eegnet,3,sub-001,ses-02,ses-01,ses-02->ses-01,ok
eegnet,4,sub-001,ses-02,ses-01,ses-02->ses-01,ok
deepconvnet,0,sub-001,ses-02,ses-01,ses-02->ses-01,ok
deepconvnet,1,sub-001,ses-02,ses-01,ses-02->ses-01,ok
deepconvnet,2,sub-001,ses-02,ses-01,ses-02->ses-01,ok
deepconvnet,3,sub-001,ses-02,ses-01,ses-02->ses-01,ok
deepconvnet,4,sub-001,ses-02,ses-01,ses-02->ses-01,ok
fbcnet,0,sub-001,ses-02,ses-01,ses-02->ses-01,ok
fbcnet,1,sub-001,ses-02,ses-01,ses-02->ses-01,ok
fbcnet,2,sub-001,ses-02,ses-01,ses-02->ses-01,ok
fbcnet,3,sub-001,ses-02,ses-01,ses-02->ses-01,ok
fbcnet,4,sub-001,ses-02,ses-01,ses-02->ses-01,ok
eegnet,0,sub-001,ses-02,ses-03,ses-02->ses-03,ok
eegnet,1,sub-001,ses-02,ses-03,ses-02->ses-03,ok
eegnet,2,sub-001,ses-02,ses-03,ses-02->ses-03,ok
eegnet,3,sub-001,ses-02,ses-03,ses-02->ses-03,ok
eegnet,4,sub-001,ses-02,ses-03,ses-02->ses-03,ok
deepconvnet,0,sub-001,ses-02,ses-03,ses-02->ses-03,ok
deepconvnet,1,sub-001,ses-02,ses-03,ses-02->ses-03,ok
deepconvnet,2,sub-001,ses-02,ses-03,ses-02->ses-03,ok
deepconvnet,3,sub-001,ses-02,ses-03,ses-02->ses-03,ok
deepconvnet,4,sub-001,ses-02,ses-03,ses-02->ses-03,ok
fbcnet,0,sub-001,ses-02,ses-03,ses-02->ses-03,ok
fbcnet,1,sub-001,ses-02,ses-03,ses-02->ses-03,ok
fbcnet,2,sub-001,ses-02,ses-03,ses-02->ses-03,ok
fbcnet,3,sub-001,ses-02,ses-03,ses-02->ses-03,ok
fbcnet,4,sub-001,ses-02,ses-03,ses-02->ses-03,ok
eegnet,0,sub-001,ses-02,ses-04,ses-02->ses-04,ok
eegnet,1,sub-001,ses-02,ses-04,ses-02->ses-04,ok
eegnet,2,sub-001,ses-02,ses-04,ses-02->ses-04,ok
eegnet,3,sub-001,ses-02,ses-04,ses-02->ses-04,ok
eegnet,4,sub-001,ses-02,ses-04,ses-02->ses-04,ok
deepconvnet,0,sub-001,ses-02,ses-04,ses-02->ses-04,ok
deepconvnet,1,sub-001,ses-02,ses-04,ses-02->ses-04,ok
deepconvnet,2,sub-001,ses-02,ses-04,ses-02->ses-04,ok
deepconvnet,3,sub-001,ses-02,ses-04,ses-02->ses-04,ok
deepconvnet,4,sub-001,ses-02,ses-04,ses-02->ses-04,ok
fbcnet,0,sub-001,ses-02,ses-04,ses-02->ses-04,ok
fbcnet,1,sub-001,ses-02,ses-04,ses-02->ses-04,ok
fbcnet,2,sub-001,ses-02,ses-04,ses-02->ses-04,ok
fbcnet,3,sub-001,ses-02,ses-04,ses-02->ses-04,ok
fbcnet,4,sub-001,ses-02,ses-04,ses-02->ses-04,ok
eegnet,0,sub-001,ses-02,ses-05,ses-02->ses-05,ok
eegnet,1,sub-001,ses-02,ses-05,ses-02->ses-05,ok
eegnet,2,sub-001,ses-02,ses-05,ses-02->ses-05,ok
eegnet,3,sub-001,ses-02,ses-05,ses-02->ses-05,ok
eegnet,4,sub-001,ses-02,ses-05,ses-02->ses-05,ok
deepconvnet,0,sub-001,ses-02,ses-05,ses-02->ses-05,ok
deepconvnet,1,sub-001,ses-02,ses-05,ses-02->ses-05,ok
deepconvnet,2,sub-001,ses-02,ses-05,ses-02->ses-05,ok
deepconvnet,3,sub-001,ses-02,ses-05,ses-02->ses-05,ok
deepconvnet,4,sub-001,ses-02,ses-05,ses-02->ses-05,ok
fbcnet,0,sub-001,ses-02,ses-05,ses-02->ses-05,ok
fbcnet,1,sub-001,ses-02,ses-05,ses-02->ses-05,ok
fbcnet,2,sub-001,ses-02,ses-05,ses-02->ses-05,ok
fbcnet,3,sub-001,ses-02,ses-05,ses-02->ses-05,ok
fbcnet,4,sub-001,ses-02,ses-05,ses-02->ses-05,ok
eegnet,0,sub-001,ses-03,ses-01,ses-03->ses-01,ok
eegnet,1,sub-001,ses-03,ses-01,ses-03->ses-01,ok
eegnet,2,sub-001,ses-03,ses-01,ses-03->ses-01,ok
eegnet,3,sub-001,ses-03,ses-01,ses-03->ses-01,ok
eegnet,4,sub-001,ses-03,ses-01,ses-03->ses-01,ok
deepconvnet,0,sub-001,ses-03,ses-01,ses-03->ses-01,ok
deepconvnet,1,sub-001,ses-03,ses-01,ses-03->ses-01,ok
deepconvnet,2,sub-001,ses-03,ses-01,ses-03->ses-01,ok
deepconvnet,3,sub-001,ses-03,ses-01,ses-03->ses-01,ok
deepconvnet,4,sub-001,ses-03,ses-01,ses-03->ses-01,ok
fbcnet,0,sub-001,ses-03,ses-01,ses-03->ses-01,ok
fbcnet,1,sub-001,ses-03,ses-01,ses-03->ses-01,ok
fbcnet,2,sub-001,ses-03,ses-01,ses-03->ses-01,ok
fbcnet,3,sub-001,ses-03,ses-01,ses-03->ses-01,ok
fbcnet,4,sub-001,ses-03,ses-01,ses-03->ses-01,ok
eegnet,0,sub-001,ses-03,ses-02,ses-03->ses-02,ok
eegnet,1,sub-001,ses-03,ses-02,ses-03->ses-02,ok
eegnet,2,sub-001,ses-03,ses-02,ses-03->ses-02,ok
eegnet,3,sub-001,ses-03,ses-02,ses-03->ses-02,ok
eegnet,4,sub-001,ses-03,ses-02,ses-03->ses-02,ok
deepconvnet,0,sub-001,ses-03,ses-02,ses-03->ses-02,ok
deepconvnet,1,sub-001,ses-03,ses-02,ses-03->ses-02,ok
deepconvnet,2,sub-001,ses-03,ses-02,ses-03->ses-02,ok
deepconvnet,3,sub-001,ses-03,ses-02,ses-03->ses-02,ok
deepconvnet,4,sub-001,ses-03,ses-02,ses-03->ses-02,ok
fbcnet,0,sub-001,ses-03,ses-02,ses-03->ses-02,ok
fbcnet,1,sub-001,ses-03,ses-02,ses-03->ses-02,ok
fbcnet,2,sub-001,ses-03,ses-02,ses-03->ses-02,ok
fbcnet,3,sub-001,ses-03,ses-02,ses-03->ses-02,ok
fbcnet,4,sub-001,ses-03,ses-02,ses-03->ses-02,ok
eegnet,0,sub-001,ses-03,ses-04,ses-03->ses-04,ok
eegnet,1,sub-001,ses-03,ses-04,ses-03->ses-04,ok
eegnet,2,sub-001,ses-03,ses-04,ses-03->ses-04,ok
eegnet,3,sub-001,ses-03,ses-04,ses-03->ses-04,ok
eegnet,4,sub-001,ses-03,ses-04,ses-03->ses-04,ok
deepconvnet,0,sub-001,ses-03,ses-04,ses-03->ses-04,ok
deepconvnet,1,sub-001,ses-03,ses-04,ses-03->ses-04,ok
deepconvnet,2,sub-001,ses-03,ses-04,ses-03->ses-04,ok
deepconvnet,3,sub-001,ses-03,ses-04,ses-03->ses-04,ok
deepconvnet,4,sub-001,ses-03,ses-04,ses-03->ses-04,ok
fbcnet,0,sub-001,ses-03,ses-04,ses-03->ses-04,ok
fbcnet,1,sub-001,ses-03,ses-04,ses-03->ses-04,ok
fbcnet,2,sub-001,ses-03,ses-04,ses-03->ses-04,ok
fbcnet,3,sub-001,ses-03,ses-04,ses-03->ses-04,ok
fbcnet,4,sub-001,ses-03,ses-04,ses-03->ses-04,ok
eegnet,0,sub-001,ses-03,ses-05,ses-03->ses-05,ok
eegnet,1,sub-001,ses-03,ses-05,ses-03->ses-05,ok
eegnet,2,sub-001,ses-03,ses-05,ses-03->ses-05,ok
eegnet,3,sub-001,ses-03,ses-05,ses-03->ses-05,ok
eegnet,4,sub-001,ses-03,ses-05,ses-03->ses-05,ok
deepconvnet,0,sub-001,ses-03,ses-05,ses-03->ses-05,ok
deepconvnet,1,sub-001,ses-03,ses-05,ses-03->ses-05,ok
deepconvnet,2,sub-001,ses-03,ses-05,ses-03->ses-05,ok
deepconvnet,3,sub-001,ses-03,ses-05,ses-03->ses-05,ok
deepconvnet,4,sub-001,ses-03,ses-05,ses-03->ses-05,ok
fbcnet,0,sub-001,ses-03,ses-05,ses-03->ses-05,ok
fbcnet,1,sub-001,ses-03,ses-05,ses-03->ses-05,ok
fbcnet,2,sub-001,ses-03,ses-05,ses-03->ses-05,ok
fbcnet,3,sub-001,ses-03,ses-05,ses-03->ses-05,ok
fbcnet,4,sub-001,ses-03,ses-05,ses-03->ses-05,ok
eegnet,0,sub-001,ses-04,ses-01,ses-04->ses-01,ok
eegnet,1,sub-001,ses-04,ses-01,ses-04->ses-01,ok
eegnet,2,sub-001,ses-04,ses-01,ses-04->ses-01,ok
eegnet,3,sub-001,ses-04,ses-01,ses-04->ses-01,ok
eegnet,4,sub-001,ses-04,ses-01,ses-04->ses-01,ok
deepconvnet,0,sub-001,ses-04,ses-01,ses-04->ses-01,ok
deepconvnet,1,sub-001,ses-04,ses-01,ses-04->ses-01,ok
deepconvnet,2,sub-001,ses-04,ses-01,ses-04->ses-01,ok
deepconvnet,3,sub-001,ses-04,ses-01,ses-04->ses-01,ok
deepconvnet,4,sub-001,ses-04,ses-01,ses-04->ses-01,ok
fbcnet,0,sub-001,ses-04,ses-01,ses-04->ses-01,ok
fbcnet,1,sub-001,ses-04,ses-01,ses-04->ses-01,ok
fbcnet,2,sub-001,ses-04,ses-01,ses-04->ses-01,ok
fbcnet,3,sub-001,ses-04,ses-01,ses-04->ses-01,ok
fbcnet,4,sub-001,ses-04,ses-01,ses-04->ses-01,ok
eegnet,0,sub-001,ses-04,ses-02,ses-04->ses-02,ok
eegnet,1,sub-001,ses-04,ses-02,ses-04->ses-02,ok
eegnet,2,sub-001,ses-04,ses-02,ses-04->ses-02,ok
eegnet,3,sub-001,ses-04,ses-02,ses-04->ses-02,ok
eegnet,4,sub-001,ses-04,ses-02,ses-04->ses-02,ok
deepconvnet,0,sub-001,ses-04,ses-02,ses-04->ses-02,ok
deepconvnet,1,sub-001,ses-04,ses-02,ses-04->ses-02,ok
deepconvnet,2,sub-001,ses-04,ses-02,ses-04->ses-02,ok
deepconvnet,3,sub-001,ses-04,ses-02,ses-04->ses-02,ok
deepconvnet,4,sub-001,ses-04,ses-02,ses-04->ses-02,ok
fbcnet,0,sub-001,ses-04,ses-02,ses-04->ses-02,ok
fbcnet,1,sub-001,ses-04,ses-02,ses-04->ses-02,ok
fbcnet,2,sub-001,ses-04,ses-02,ses-04->ses-02,ok
fbcnet,3,sub-001,ses-04,ses-02,ses-04->ses-02,ok
fbcnet,4,sub-001,ses-04,ses-02,ses-04->ses-02,ok
eegnet,0,sub-001,ses-04,ses-03,ses-04->ses-03,ok
eegnet,1,sub-001,ses-04,ses-03,ses-04->ses-03,ok
eegnet,2,sub-001,ses-04,ses-03,ses-04->ses-03,ok
eegnet,3,sub-001,ses-04,ses-03,ses-04->ses-03,ok
eegnet,4,sub-001,ses-04,ses-03,ses-04->ses-03,ok
deepconvnet,0,sub-001,ses-04,ses-03,ses-04->ses-03,ok
deepconvnet,1,sub-001,ses-04,ses-03,ses-04->ses-03,ok
deepconvnet,2,sub-001,ses-04,ses-03,ses-04->ses-03,ok
deepconvnet,3,sub-001,ses-04,ses-03,ses-04->ses-03,ok
deepconvnet,4,sub-001,ses-04,ses-03,ses-04->ses-03,ok
fbcnet,0,sub-001,ses-04,ses-03,ses-04->ses-03,ok
fbcnet,1,sub-001,ses-04,ses-03,ses-04->ses-03,ok
fbcnet,2,sub-001,ses-04,ses-03,ses-04->ses-03,ok
fbcnet,3,sub-001,ses-04,ses-03,ses-04->ses-03,ok
fbcnet,4,sub-001,ses-04,ses-03,ses-04->ses-03,ok
eegnet,0,sub-001,ses-04,ses-05,ses-04->ses-05,ok
eegnet,1,sub-001,ses-04,ses-05,ses-04->ses-05,ok
eegnet,2,sub-001,ses-04,ses-05,ses-04->ses-05,ok
eegnet,3,sub-001,ses-04,ses-05,ses-04->ses-05,ok
eegnet,4,sub-001,ses-04,ses-05,ses-04->ses-05,ok
deepconvnet,0,sub-001,ses-04,ses-05,ses-04->ses-05,ok
deepconvnet,1,sub-001,ses-04,ses-05,ses-04->ses-05,ok
deepconvnet,2,sub-001,ses-04,ses-05,ses-04->ses-05,ok
deepconvnet,3,sub-001,ses-04,ses-05,ses-04->ses-05,ok
deepconvnet,4,sub-001,ses-04,ses-05,ses-04->ses-05,ok
fbcnet,0,sub-001,ses-04,ses-05,ses-04->ses-05,ok
fbcnet,1,sub-001,ses-04,ses-05,ses-04->ses-05,ok
fbcnet,2,sub-001,ses-04,ses-05,ses-04->ses-05,ok
fbcnet,3,sub-001,ses-04,ses-05,ses-04->ses-05,ok
fbcnet,4,sub-001,ses-04,ses-05,ses-04->ses-05,ok
eegnet,0,sub-001,ses-05,ses-01,ses-05->ses-01,ok
eegnet,1,sub-001,ses-05,ses-01,ses-05->ses-01,ok
eegnet,2,sub-001,ses-05,ses-01,ses-05->ses-01,ok
eegnet,3,sub-001,ses-05,ses-01,ses-05->ses-01,ok
eegnet,4,sub-001,ses-05,ses-01,ses-05->ses-01,ok
deepconvnet,0,sub-001,ses-05,ses-01,ses-05->ses-01,ok
deepconvnet,1,sub-001,ses-05,ses-01,ses-05->ses-01,ok
deepconvnet,2,sub-001,ses-05,ses-01,ses-05->ses-01,ok
deepconvnet,3,sub-001,ses-05,ses-01,ses-05->ses-01,ok
deepconvnet,4,sub-001,ses-05,ses-01,ses-05->ses-01,ok
fbcnet,0,sub-001,ses-05,ses-01,ses-05->ses-01,ok
fbcnet,1,sub-001,ses-05,ses-01,ses-05->ses-01,ok
fbcnet,2,sub-001,ses-05,ses-01,ses-05->ses-01,ok
fbcnet,3,sub-001,ses-05,ses-01,ses-05->ses-01,ok
fbcnet,4,sub-001,ses-05,ses-01,ses-05->ses-01,ok
eegnet,0,sub-001,ses-05,ses-02,ses-05->ses-02,ok
eegnet,1,sub-001,ses-05,ses-02,ses-05->ses-02,ok
eegnet,2,sub-001,ses-05,ses-02,ses-05->ses-02,ok
eegnet,3,sub-001,ses-05,ses-02,ses-05->ses-02,ok
eegnet,4,sub-001,ses-05,ses-02,ses-05->ses-02,ok
deepconvnet,0,sub-001,ses-05,ses-02,ses-05->ses-02,ok
deepconvnet,1,sub-001,ses-05,ses-02,ses-05->ses-02,ok
deepconvnet,2,sub-001,ses-05,ses-02,ses-05->ses-02,ok
deepconvnet,3,sub-001,ses-05,ses-02,ses-05->ses-02,ok
deepconvnet,4,sub-001,ses-05,ses-02,ses-05->ses-02,ok
fbcnet,0,sub-001,ses-05,ses-02,ses-05->ses-02,ok
fbcnet,1,sub-001,ses-05,ses-02,ses-05->ses-02,ok
fbcnet,2,sub-001,ses-05,ses-02,ses-05->ses-02,ok
fbcnet,3,sub-001,ses-05,ses-02,ses-05->ses-02,ok
fbcnet,4,sub-001,ses-05,ses-02,ses-05->ses-02,ok
eegnet,0,sub-001,ses-05,ses-03,ses-05->ses-03,ok
eegnet,1,sub-001,ses-05,ses-03,ses-05->ses-03,ok
eegnet,2,sub-001,ses-05,ses-03,ses-05->ses-03,ok
eegnet,3,sub-001,ses-05,ses-03,ses-05->ses-03,ok
eegnet,4,sub-001,ses-05,ses-03,ses-05->ses-03,ok
deepconvnet,0,sub-001,ses-05,ses-03,ses-05->ses-03,ok
deepconvnet,1,sub-001,ses-05,ses-03,ses-05->ses-03,ok
deepconvnet,2,sub-001,ses-05,ses-03,ses-05->ses-03,ok
deepconvnet,3,sub-001,ses-05,ses-03,ses-05->ses-03,ok
deepconvnet,4,sub-001,ses-05,ses-03,ses-05->ses-03,ok
fbcnet,0,sub-001,ses-05,ses-03,ses-05->ses-03,ok
fbcnet,1,sub-001,ses-05,ses-03,ses-05->ses-03,ok
fbcnet,2,sub-001,ses-05,ses-03,ses-05->ses-03,ok
fbcnet,3,sub-001,ses-05,ses-03,ses-05->ses-03,ok
fbcnet,4,sub-001,ses-05,ses-03,ses-05->ses-03,ok
eegnet,0,sub-001,ses-05,ses-04,ses-05->ses-04,ok
eegnet,1,sub-001,ses-05,ses-04,ses-05->ses-04,ok
eegnet,2,sub-001,ses-05,ses-04,ses-05->ses-04,ok
eegnet,3,sub-001,ses-05,ses-04,ses-05->ses-04,ok
eegnet,4,sub-001,ses-05,ses-04,ses-05->ses-04,ok
deepconvnet,0,sub-001,ses-05,ses-04,ses-05->ses-04,ok
deepconvnet,1,sub-001,ses-05,ses-04,ses-05->ses-04,ok
deepconvnet,2,sub-001,ses-05,ses-04,ses-05->ses-04,ok
deepconvnet,3,sub-001,ses-05,ses-04,ses-05->ses-04,ok
deepconvnet,4,sub-001,ses-05,ses-04,ses-05->ses-04,ok
fbcnet,0,sub-001,ses-05,ses-04,ses-05->ses-04,ok
fbcnet,1,sub-001,ses-05,ses-04,ses-05->ses-04,ok
fbcnet,2,sub-001,ses-05,ses-04,ses-05->ses-04,ok
fbcnet,3,sub-001,ses-05,ses-04,ses-05->ses-04,ok
fbcnet,4,sub-001,ses-05,ses-04,ses-05->ses-04,ok
eegnet,0,sub-002,ses-01,ses-02,ses-01->ses-02,ok
eegnet,1,sub-002,ses-01,ses-02,ses-01->ses-02,ok
eegnet,2,sub-002,ses-01,ses-02,ses-01->ses-02,ok
eegnet,3,sub-002,ses-01,ses-02,ses-01->ses-02,ok
eegnet,4,sub-002,ses-01,ses-02,ses-01->ses-02,ok
deepconvnet,0,sub-002,ses-01,ses-02,ses-01->ses-02,ok
deepconvnet,1,sub-002,ses-01,ses-02,ses-01->ses-02,ok
deepconvnet,2,sub-002,ses-01,ses-02,ses-01->ses-02,ok
deepconvnet,3,sub-002,ses-01,ses-02,ses-01->ses-02,ok
deepconvnet,4,sub-002,ses-01,ses-02,ses-01->ses-02,ok
fbcnet,0,sub-002,ses-01,ses-02,ses-01->ses-02,ok
fbcnet,1,sub-002,ses-01,ses-02,ses-01->ses-02,ok
fbcnet,2,sub-002,ses-01,ses-02,ses-01->ses-02,ok
fbcnet,3,sub-002,ses-01,ses-02,ses-01->ses-02,ok
fbcnet,4,sub-002,ses-01,ses-02,ses-01->ses-02,ok
eegnet,0,sub-002,ses-01,ses-03,ses-01->ses-03,ok
eegnet,1,sub-002,ses-01,ses-03,ses-01->ses-03,ok
eegnet,2,sub-002,ses-01,ses-03,ses-01->ses-03,ok
eegnet,3,sub-002,ses-01,ses-03,ses-01->ses-03,ok
eegnet,4,sub-002,ses-01,ses-03,ses-01->ses-03,ok
deepconvnet,0,sub-002,ses-01,ses-03,ses-01->ses-03,ok
deepconvnet,1,sub-002,ses-01,ses-03,ses-01->ses-03,ok
deepconvnet,2,sub-002,ses-01,ses-03,ses-01->ses-03,ok
deepconvnet,3,sub-002,ses-01,ses-03,ses-01->ses-03,ok
deepconvnet,4,sub-002,ses-01,ses-03,ses-01->ses-03,ok
fbcnet,0,sub-002,ses-01,ses-03,ses-01->ses-03,ok
fbcnet,1,sub-002,ses-01,ses-03,ses-01->ses-03,ok
fbcnet,2,sub-002,ses-01,ses-03,ses-01->ses-03,ok
fbcnet,3,sub-002,ses-01,ses-03,ses-01->ses-03,ok
fbcnet,4,sub-002,ses-01,ses-03,ses-01->ses-03,ok
eegnet,0,sub-002,ses-01,ses-04,ses-01->ses-04,ok
eegnet,1,sub-002,ses-01,ses-04,ses-01->ses-04,ok
eegnet,2,sub-002,ses-01,ses-04,ses-01->ses-04,ok
eegnet,3,sub-002,ses-01,ses-04,ses-01->ses-04,ok
eegnet,4,sub-002,ses-01,ses-04,ses-01->ses-04,ok
deepconvnet,0,sub-002,ses-01,ses-04,ses-01->ses-04,ok
deepconvnet,1,sub-002,ses-01,ses-04,ses-01->ses-04,ok
deepconvnet,2,sub-002,ses-01,ses-04,ses-01->ses-04,ok
deepconvnet,3,sub-002,ses-01,ses-04,ses-01->ses-04,ok
deepconvnet,4,sub-002,ses-01,ses-04,ses-01->ses-04,ok
fbcnet,0,sub-002,ses-01,ses-04,ses-01->ses-04,ok
fbcnet,1,sub-002,ses-01,ses-04,ses-01->ses-04,ok
fbcnet,2,sub-002,ses-01,ses-04,ses-01->ses-04,ok
fbcnet,3,sub-002,ses-01,ses-04,ses-01->ses-04,ok
fbcnet,4,sub-002,ses-01,ses-04,ses-01->ses-04,ok
eegnet,0,sub-002,ses-01,ses-05,ses-01->ses-05,ok
eegnet,1,sub-002,ses-01,ses-05,ses-01->ses-05,ok
eegnet,2,sub-002,ses-01,ses-05,ses-01->ses-05,ok
eegnet,3,sub-002,ses-01,ses-05,ses-01->ses-05,ok
eegnet,4,sub-002,ses-01,ses-05,ses-01->ses-05,ok
deepconvnet,0,sub-002,ses-01,ses-05,ses-01->ses-05,ok
deepconvnet,1,sub-002,ses-01,ses-05,ses-01->ses-05,ok
deepconvnet,2,sub-002,ses-01,ses-05,ses-01->ses-05,ok
deepconvnet,3,sub-002,ses-01,ses-05,ses-01->ses-05,ok
deepconvnet,4,sub-002,ses-01,ses-05,ses-01->ses-05,ok
fbcnet,0,sub-002,ses-01,ses-05,ses-01->ses-05,ok
fbcnet,1,sub-002,ses-01,ses-05,ses-01->ses-05,ok
fbcnet,2,sub-002,ses-01,ses-05,ses-01->ses-05,ok
fbcnet,3,sub-002,ses-01,ses-05,ses-01->ses-05,ok
fbcnet,4,sub-002,ses-01,ses-05,ses-01->ses-05,ok
eegnet,0,sub-002,ses-02,ses-01,ses-02->ses-01,ok
eegnet,1,sub-002,ses-02,ses-01,ses-02->ses-01,ok
eegnet,2,sub-002,ses-02,ses-01,ses-02->ses-01,ok
eegnet,3,sub-002,ses-02,ses-01,ses-02->ses-01,ok
eegnet,4,sub-002,ses-02,ses-01,ses-02->ses-01,ok
deepconvnet,0,sub-002,ses-02,ses-01,ses-02->ses-01,ok
deepconvnet,1,sub-002,ses-02,ses-01,ses-02->ses-01,ok
deepconvnet,2,sub-002,ses-02,ses-01,ses-02->ses-01,ok
deepconvnet,3,sub-002,ses-02,ses-01,ses-02->ses-01,ok
deepconvnet,4,sub-002,ses-02,ses-01,ses-02->ses-01,ok
fbcnet,0,sub-002,ses-02,ses-01,ses-02->ses-01,ok
fbcnet,1,sub-002,ses-02,ses-01,ses-02->ses-01,ok
fbcnet,2,sub-002,ses-02,ses-01,ses-02->ses-01,ok
fbcnet,3,sub-002,ses-02,ses-01,ses-02->ses-01,ok
fbcnet,4,sub-002,ses-02,ses-01,ses-02->ses-01,ok
eegnet,0,sub-002,ses-02,ses-03,ses-02->ses-03,ok
eegnet,1,sub-002,ses-02,ses-03,ses-02->ses-03,ok
eegnet,2,sub-002,ses-02,ses-03,ses-02->ses-03,ok
eegnet,3,sub-002,ses-02,ses-03,ses-02->ses-03,ok
eegnet,4,sub-002,ses-02,ses-03,ses-02->ses-03,ok
deepconvnet,0,sub-002,ses-02,ses-03,ses-02->ses-03,ok
deepconvnet,1,sub-002,ses-02,ses-03,ses-02->ses-03,ok
deepconvnet,2,sub-002,ses-02,ses-03,ses-02->ses-03,ok
deepconvnet,3,sub-002,ses-02,ses-03,ses-02->ses-03,ok
deepconvnet,4,sub-002,ses-02,ses-03,ses-02->ses-03,ok
fbcnet,0,sub-002,ses-02,ses-03,ses-02->ses-03,ok
fbcnet,1,sub-002,ses-02,ses-03,ses-02->ses-03,ok
fbcnet,2,sub-002,ses-02,ses-03,ses-02->ses-03,ok
fbcnet,3,sub-002,ses-02,ses-03,ses-02->ses-03,ok
fbcnet,4,sub-002,ses-02,ses-03,ses-02->ses-03,ok
eegnet,0,sub-002,ses-02,ses-04,ses-02->ses-04,ok
eegnet,1,sub-002,ses-02,ses-04,ses-02->ses-04,ok
eegnet,2,sub-002,ses-02,ses-04,ses-02->ses-04,ok
eegnet,3,sub-002,ses-02,ses-04,ses-02->ses-04,ok
eegnet,4,sub-002,ses-02,ses-04,ses-02->ses-04,ok
deepconvnet,0,sub-002,ses-02,ses-04,ses-02->ses-04,ok
deepconvnet,1,sub-002,ses-02,ses-04,ses-02->ses-04,ok
deepconvnet,2,sub-002,ses-02,ses-04,ses-02->ses-04,ok
deepconvnet,3,sub-002,ses-02,ses-04,ses-02->ses-04,ok
deepconvnet,4,sub-002,ses-02,ses-04,ses-02->ses-04,ok
fbcnet,0,sub-002,ses-02,ses-04,ses-02->ses-04,ok
fbcnet,1,sub-002,ses-02,ses-04,ses-02->ses-04,ok
fbcnet,2,sub-002,ses-02,ses-04,ses-02->ses-04,ok
fbcnet,3,sub-002,ses-02,ses-04,ses-02->ses-04,ok
fbcnet,4,sub-002,ses-02,ses-04,ses-02->ses-04,ok
eegnet,0,sub-002,ses-02,ses-05,ses-02->ses-05,ok
eegnet,1,sub-002,ses-02,ses-05,ses-02->ses-05,ok
eegnet,2,sub-002,ses-02,ses-05,ses-02->ses-05,ok
eegnet,3,sub-002,ses-02,ses-05,ses-02->ses-05,ok
eegnet,4,sub-002,ses-02,ses-05,ses-02->ses-05,ok
deepconvnet,0,sub-002,ses-02,ses-05,ses-02->ses-05,ok
deepconvnet,1,sub-002,ses-02,ses-05,ses-02->ses-05,ok
deepconvnet,2,sub-002,ses-02,ses-05,ses-02->ses-05,ok
deepconvnet,3,sub-002,ses-02,ses-05,ses-02->ses-05,ok
deepconvnet,4,sub-002,ses-02,ses-05,ses-02->ses-05,ok
fbcnet,0,sub-002,ses-02,ses-05,ses-02->ses-05,ok
fbcnet,1,sub-002,ses-02,ses-05,ses-02->ses-05,ok
fbcnet,2,sub-002,ses-02,ses-05,ses-02->ses-05,ok
fbcnet,3,sub-002,ses-02,ses-05,ses-02->ses-05,ok
fbcnet,4,sub-002,ses-02,ses-05,ses-02->ses-05,ok
eegnet,0,sub-002,ses-03,ses-01,ses-03->ses-01,ok
eegnet,1,sub-002,ses-03,ses-01,ses-03->ses-01,ok
eegnet,2,sub-002,ses-03,ses-01,ses-03->ses-01,ok
eegnet,3,sub-002,ses-03,ses-01,ses-03->ses-01,ok
eegnet,4,sub-002,ses-03,ses-01,ses-03->ses-01,ok
deepconvnet,0,sub-002,ses-03,ses-01,ses-03->ses-01,ok
deepconvnet,1,sub-002,ses-03,ses-01,ses-03->ses-01,ok
deepconvnet,2,sub-002,ses-03,ses-01,ses-03->ses-01,ok
deepconvnet,3,sub-002,ses-03,ses-01,ses-03->ses-01,ok
deepconvnet,4,sub-002,ses-03,ses-01,ses-03->ses-01,ok
fbcnet,0,sub-002,ses-03,ses-01,ses-03->ses-01,ok
fbcnet,1,sub-002,ses-03,ses-01,ses-03->ses-01,ok
fbcnet,2,sub-002,ses-03,ses-01,ses-03->ses-01,ok
fbcnet,3,sub-002,ses-03,ses-01,ses-03->ses-01,ok
fbcnet,4,sub-002,ses-03,ses-01,ses-03->ses-01,ok
eegnet,0,sub-002,ses-03,ses-02,ses-03->ses-02,ok
eegnet,1,sub-002,ses-03,ses-02,ses-03->ses-02,ok
eegnet,2,sub-002,ses-03,ses-02,ses-03->ses-02,ok
eegnet,3,sub-002,ses-03,ses-02,ses-03->ses-02,ok
eegnet,4,sub-002,ses-03,ses-02,ses-03->ses-02,ok
deepconvnet,0,sub-002,ses-03,ses-02,ses-03->ses-02,ok
deepconvnet,1,sub-002,ses-03,ses-02,ses-03->ses-02,ok
deepconvnet,2,sub-002,ses-03,ses-02,ses-03->ses-02,ok
deepconvnet,3,sub-002,ses-03,ses-02,ses-03->ses-02,ok
deepconvnet,4,sub-002,ses-03,ses-02,ses-03->ses-02,ok
fbcnet,0,sub-002,ses-03,ses-02,ses-03->ses-02,ok
fbcnet,1,sub-002,ses-03,ses-02,ses-03->ses-02,ok
fbcnet,2,sub-002,ses-03,ses-02,ses-03->ses-02,ok
fbcnet,3,sub-002,ses-03,ses-02,ses-03->ses-02,ok
fbcnet,4,sub-002,ses-03,ses-02,ses-03->ses-02,ok
eegnet,0,sub-002,ses-03,ses-04,ses-03->ses-04,ok
eegnet,1,sub-002,ses-03,ses-04,ses-03->ses-04,ok
eegnet,2,sub-002,ses-03,ses-04,ses-03->ses-04,ok
eegnet,3,sub-002,ses-03,ses-04,ses-03->ses-04,ok
eegnet,4,sub-002,ses-03,ses-04,ses-03->ses-04,ok
deepconvnet,0,sub-002,ses-03,ses-04,ses-03->ses-04,ok
deepconvnet,1,sub-002,ses-03,ses-04,ses-03->ses-04,ok
deepconvnet,2,sub-002,ses-03,ses-04,ses-03->ses-04,ok
deepconvnet,3,sub-002,ses-03,ses-04,ses-03->ses-04,ok
deepconvnet,4,sub-002,ses-03,ses-04,ses-03->ses-04,ok
fbcnet,0,sub-002,ses-03,ses-04,ses-03->ses-04,ok
fbcnet,1,sub-002,ses-03,ses-04,ses-03->ses-04,ok
fbcnet,2,sub-002,ses-03,ses-04,ses-03->ses-04,ok
fbcnet,3,sub-002,ses-03,ses-04,ses-03->ses-04,ok
fbcnet,4,sub-002,ses-03,ses-04,ses-03->ses-04,ok
eegnet,0,sub-002,ses-03,ses-05,ses-03->ses-05,ok
eegnet,1,sub-002,ses-03,ses-05,ses-03->ses-05,ok
eegnet,2,sub-002,ses-03,ses-05,ses-03->ses-05,ok
eegnet,3,sub-002,ses-03,ses-05,ses-03->ses-05,ok
eegnet,4,sub-002,ses-03,ses-05,ses-03->ses-05,ok
deepconvnet,0,sub-002,ses-03,ses-05,ses-03->ses-05,ok
deepconvnet,1,sub-002,ses-03,ses-05,ses-03->ses-05,ok
deepconvnet,2,sub-002,ses-03,ses-05,ses-03->ses-05,ok
deepconvnet,3,sub-002,ses-03,ses-05,ses-03->ses-05,ok
deepconvnet,4,sub-002,ses-03,ses-05,ses-03->ses-05,ok
fbcnet,0,sub-002,ses-03,ses-05,ses-03->ses-05,ok
fbcnet,1,sub-002,ses-03,ses-05,ses-03->ses-05,ok
fbcnet,2,sub-002,ses-03,ses-05,ses-03->ses-05,ok
fbcnet,3,sub-002,ses-03,ses-05,ses-03->ses-05,ok
fbcnet,4,sub-002,ses-03,ses-05,ses-03->ses-05,ok
eegnet,0,sub-002,ses-04,ses-01,ses-04->ses-01,ok
eegnet,1,sub-002,ses-04,ses-01,ses-04->ses-01,ok
eegnet,2,sub-002,ses-04,ses-01,ses-04->ses-01,ok
eegnet,3,sub-002,ses-04,ses-01,ses-04->ses-01,ok
eegnet,4,sub-002,ses-04,ses-01,ses-04->ses-01,ok
deepconvnet,0,sub-002,ses-04,ses-01,ses-04->ses-01,ok
deepconvnet,1,sub-002,ses-04,ses-01,ses-04->ses-01,ok
deepconvnet,2,sub-002,ses-04,ses-01,ses-04->ses-01,ok
deepconvnet,3,sub-002,ses-04,ses-01,ses-04->ses-01,ok
deepconvnet,4,sub-002,ses-04,ses-01,ses-04->ses-01,ok
fbcnet,0,sub-002,ses-04,ses-01,ses-04->ses-01,ok
fbcnet,1,sub-002,ses-04,ses-01,ses-04->ses-01,ok
fbcnet,2,sub-002,ses-04,ses-01,ses-04->ses-01,ok
fbcnet,3,sub-002,ses-04,ses-01,ses-04->ses-01,ok
fbcnet,4,sub-002,ses-04,ses-01,ses-04->ses-01,ok
eegnet,0,sub-002,ses-04,ses-02,ses-04->ses-02,ok
eegnet,1,sub-002,ses-04,ses-02,ses-04->ses-02,ok
eegnet,2,sub-002,ses-04,ses-02,ses-04->ses-02,ok
eegnet,3,sub-002,ses-04,ses-02,ses-04->ses-02,ok
eegnet,4,sub-002,ses-04,ses-02,ses-04->ses-02,ok
deepconvnet,0,sub-002,ses-04,ses-02,ses-04->ses-02,ok
deepconvnet,1,sub-002,ses-04,ses-02,ses-04->ses-02,ok
deepconvnet,2,sub-002,ses-04,ses-02,ses-04->ses-02,ok
deepconvnet,3,sub-002,ses-04,ses-02,ses-04->ses-02,ok
deepconvnet,4,sub-002,ses-04,ses-02,ses-04->ses-02,ok
fbcnet,0,sub-002,ses-04,ses-02,ses-04->ses-02,ok
fbcnet,1,sub-002,ses-04,ses-02,ses-04->ses-02,ok
fbcnet,2,sub-002,ses-04,ses-02,ses-04->ses-02,ok
fbcnet,3,sub-002,ses-04,ses-02,ses-04->ses-02,ok
fbcnet,4,sub-002,ses-04,ses-02,ses-04->ses-02,ok
eegnet,0,sub-002,ses-04,ses-03,ses-04->ses-03,ok
eegnet,1,sub-002,ses-04,ses-03,ses-04->ses-03,ok
eegnet,2,sub-002,ses-04,ses-03,ses-04->ses-03,ok
eegnet,3,sub-002,ses-04,ses-03,ses-04->ses-03,ok
eegnet,4,sub-002,ses-04,ses-03,ses-04->ses-03,ok
deepconvnet,0,sub-002,ses-04,ses-03,ses-04->ses-03,ok
deepconvnet,1,sub-002,ses-04,ses-03,ses-04->ses-03,ok
deepconvnet,2,sub-002,ses-04,ses-03,ses-04->ses-03,ok
deepconvnet,3,sub-002,ses-04,ses-03,ses-04->ses-03,ok
deepconvnet,4,sub-002,ses-04,ses-03,ses-04->ses-03,ok
fbcnet,0,sub-002,ses-04,ses-03,ses-04->ses-03,ok
fbcnet,1,sub-002,ses-04,ses-03,ses-04->ses-03,ok
fbcnet,2,sub-002,ses-04,ses-03,ses-04->ses-03,ok
fbcnet,3,sub-002,ses-04,ses-03,ses-04->ses-03,ok
fbcnet,4,sub-002,ses-04,ses-03,ses-04->ses-03,ok
eegnet,0,sub-002,ses-04,ses-05,ses-04->ses-05,ok
eegnet,1,sub-002,ses-04,ses-05,ses-04->ses-05,ok
eegnet,2,sub-002,ses-04,ses-05,ses-04->ses-05,ok
eegnet,3,sub-002,ses-04,ses-05,ses-04->ses-05,ok
eegnet,4,sub-002,ses-04,ses-05,ses-04->ses-05,ok
deepconvnet,0,sub-002,ses-04,ses-05,ses-04->ses-05,ok
deepconvnet,1,sub-002,ses-04,ses-05,ses-04->ses-05,ok
deepconvnet,2,sub-002,ses-04,ses-05,ses-04->ses-05,ok
deepconvnet,3,sub-002,ses-04,ses-05,ses-04->ses-05,ok
deepconvnet,4,sub-002,ses-04,ses-05,ses-04->ses-05,ok
fbcnet,0,sub-002,ses-04,ses-05,ses-04->ses-05,ok
fbcnet,1,sub-002,ses-04,ses-05,ses-04->ses-05,ok
fbcnet,2,sub-002,ses-04,ses-05,ses-04->ses-05,ok
fbcnet,3,sub-002,ses-04,ses-05,ses-04->ses-05,ok
fbcnet,4,sub-002,ses-04,ses-05,ses-04->ses-05,ok
eegnet,0,sub-002,ses-05,ses-01,ses-05->ses-01,ok
eegnet,1,sub-002,ses-05,ses-01,ses-05->ses-01,ok
eegnet,2,sub-002,ses-05,ses-01,ses-05->ses-01,ok
eegnet,3,sub-002,ses-05,ses-01,ses-05->ses-01,ok
eegnet,4,sub-002,ses-05,ses-01,ses-05->ses-01,ok
deepconvnet,0,sub-002,ses-05,ses-01,ses-05->ses-01,ok
deepconvnet,1,sub-002,ses-05,ses-01,ses-05->ses-01,ok
deepconvnet,2,sub-002,ses-05,ses-01,ses-05->ses-01,ok
deepconvnet,3,sub-002,ses-05,ses-01,ses-05->ses-01,ok
deepconvnet,4,sub-002,ses-05,ses-01,ses-05->ses-01,ok
fbcnet,0,sub-002,ses-05,ses-01,ses-05->ses-01,ok
fbcnet,1,sub-002,ses-05,ses-01,ses-05->ses-01,ok
fbcnet,2,sub-002,ses-05,ses-01,ses-05->ses-01,ok
fbcnet,3,sub-002,ses-05,ses-01,ses-05->ses-01,ok
fbcnet,4,sub-002,ses-05,ses-01,ses-05->ses-01,ok
eegnet,0,sub-002,ses-05,ses-02,ses-05->ses-02,ok
eegnet,1,sub-002,ses-05,ses-02,ses-05->ses-02,ok
eegnet,2,sub-002,ses-05,ses-02,ses-05->ses-02,ok
eegnet,3,sub-002,ses-05,ses-02,ses-05->ses-02,ok
eegnet,4,sub-002,ses-05,ses-02,ses-05->ses-02,ok
deepconvnet,0,sub-002,ses-05,ses-02,ses-05->ses-02,ok
deepconvnet,1,sub-002,ses-05,ses-02,ses-05->ses-02,ok
deepconvnet,2,sub-002,ses-05,ses-02,ses-05->ses-02,ok
deepconvnet,3,sub-002,ses-05,ses-02,ses-05->ses-02,ok
deepconvnet,4,sub-002,ses-05,ses-02,ses-05->ses-02,ok
fbcnet,0,sub-002,ses-05,ses-02,ses-05->ses-02,ok
fbcnet,1,sub-002,ses-05,ses-02,ses-05->ses-02,ok
fbcnet,2,sub-002,ses-05,ses-02,ses-05->ses-02,ok
fbcnet,3,sub-002,ses-05,ses-02,ses-05->ses-02,ok
fbcnet,4,sub-002,ses-05,ses-02,ses-05->ses-02,ok
eegnet,0,sub-002,ses-05,ses-03,ses-05->ses-03,ok
eegnet,1,sub-002,ses-05,ses-03,ses-05->ses-03,ok
eegnet,2,sub-002,ses-05,ses-03,ses-05->ses-03,ok
eegnet,3,sub-002,ses-05,ses-03,ses-05->ses-03,ok
eegnet,4,sub-002,ses-05,ses-03,ses-05->ses-03,ok
deepconvnet,0,sub-002,ses-05,ses-03,ses-05->ses-03,ok
deepconvnet,1,sub-002,ses-05,ses-03,ses-05->ses-03,ok
deepconvnet,2,sub-002,ses-05,ses-03,ses-05->ses-03,ok
deepconvnet,3,sub-002,ses-05,ses-03,ses-05->ses-03,ok
deepconvnet,4,sub-002,ses-05,ses-03,ses-05->ses-03,ok
fbcnet,0,sub-002,ses-05,ses-03,ses-05->ses-03,ok
fbcnet,1,sub-002,ses-05,ses-03,ses-05->ses-03,ok
fbcnet,2,sub-002,ses-05,ses-03,ses-05->ses-03,ok
fbcnet,3,sub-002,ses-05,ses-03,ses-05->ses-03,ok
fbcnet,4,sub-002,ses-05,ses-03,ses-05->ses-03,ok
eegnet,0,sub-002,ses-05,ses-04,ses-05->ses-04,ok
eegnet,1,sub-002,ses-05,ses-04,ses-05->ses-04,ok
eegnet,2,sub-002,ses-05,ses-04,ses-05->ses-04,ok
eegnet,3,sub-002,ses-05,ses-04,ses-05->ses-04,ok
eegnet,4,sub-002,ses-05,ses-04,ses-05->ses-04,ok
deepconvnet,0,sub-002,ses-05,ses-04,ses-05->ses-04,ok
deepconvnet,1,sub-002,ses-05,ses-04,ses-05->ses-04,ok
deepconvnet,2,sub-002,ses-05,ses-04,ses-05->ses-04,ok
deepconvnet,3,sub-002,ses-05,ses-04,ses-05->ses-04,ok
deepconvnet,4,sub-002,ses-05,ses-04,ses-05->ses-04,ok
fbcnet,0,sub-002,ses-05,ses-04,ses-05->ses-04,ok
fbcnet,1,sub-002,ses-05,ses-04,ses-05->ses-04,ok
fbcnet,2,sub-002,ses-05,ses-04,ses-05->ses-04,ok
fbcnet,3,sub-002,ses-05,ses-04,ses-05->ses-04,ok
fbcnet,4,sub-002,ses-05,ses-04,ses-05->ses-04,ok
eegnet,0,sub-003,ses-01,ses-02,ses-01->ses-02,ok
eegnet,1,sub-003,ses-01,ses-02,ses-01->ses-02,ok
eegnet,2,sub-003,ses-01,ses-02,ses-01->ses-02,ok
eegnet,3,sub-003,ses-01,ses-02,ses-01->ses-02,ok
eegnet,4,sub-003,ses-01,ses-02,ses-01->ses-02,ok
deepconvnet,0,sub-003,ses-01,ses-02,ses-01->ses-02,ok
deepconvnet,1,sub-003,ses-01,ses-02,ses-01->ses-02,ok
deepconvnet,2,sub-003,ses-01,ses-02,ses-01->ses-02,ok
deepconvnet,3,sub-003,ses-01,ses-02,ses-01->ses-02,ok
deepconvnet,4,sub-003,ses-01,ses-02,ses-01->ses-02,ok
fbcnet,0,sub-003,ses-01,ses-02,ses-01->ses-02,ok
fbcnet,1,sub-003,ses-01,ses-02,ses-01->ses-02,ok
fbcnet,2,sub-003,ses-01,ses-02,ses-01->ses-02,ok
fbcnet,3,sub-003,ses-01,ses-02,ses-01->ses-02,ok
fbcnet,4,sub-003,ses-01,ses-02,ses-01->ses-02,ok
eegnet,0,sub-003,ses-01,ses-03,ses-01->ses-03,ok
eegnet,1,sub-003,ses-01,ses-03,ses-01->ses-03,ok
eegnet,2,sub-003,ses-01,ses-03,ses-01->ses-03,ok
eegnet,3,sub-003,ses-01,ses-03,ses-01->ses-03,ok
eegnet,4,sub-003,ses-01,ses-03,ses-01->ses-03,ok
deepconvnet,0,sub-003,ses-01,ses-03,ses-01->ses-03,ok
deepconvnet,1,sub-003,ses-01,ses-03,ses-01->ses-03,ok
deepconvnet,2,sub-003,ses-01,ses-03,ses-01->ses-03,ok
deepconvnet,3,sub-003,ses-01,ses-03,ses-01->ses-03,ok
deepconvnet,4,sub-003,ses-01,ses-03,ses-01->ses-03,ok
fbcnet,0,sub-003,ses-01,ses-03,ses-01->ses-03,ok
fbcnet,1,sub-003,ses-01,ses-03,ses-01->ses-03,ok
fbcnet,2,sub-003,ses-01,ses-03,ses-01->ses-03,ok
fbcnet,3,sub-003,ses-01,ses-03,ses-01->ses-03,ok
fbcnet,4,sub-003,ses-01,ses-03,ses-01->ses-03,ok
eegnet,0,sub-003,ses-01,ses-04,ses-01->ses-04,ok
eegnet,1,sub-003,ses-01,ses-04,ses-01->ses-04,ok
eegnet,2,sub-003,ses-01,ses-04,ses-01->ses-04,ok
eegnet,3,sub-003,ses-01,ses-04,ses-01->ses-04,ok
eegnet,4,sub-003,ses-01,ses-04,ses-01->ses-04,ok
deepconvnet,0,sub-003,ses-01,ses-04,ses-01->ses-04,ok
deepconvnet,1,sub-003,ses-01,ses-04,ses-01->ses-04,ok
deepconvnet,2,sub-003,ses-01,ses-04,ses-01->ses-04,ok
deepconvnet,3,sub-003,ses-01,ses-04,ses-01->ses-04,ok
deepconvnet,4,sub-003,ses-01,ses-04,ses-01->ses-04,ok
fbcnet,0,sub-003,ses-01,ses-04,ses-01->ses-04,ok
fbcnet,1,sub-003,ses-01,ses-04,ses-01->ses-04,ok
fbcnet,2,sub-003,ses-01,ses-04,ses-01->ses-04,ok
fbcnet,3,sub-003,ses-01,ses-04,ses-01->ses-04,ok
fbcnet,4,sub-003,ses-01,ses-04,ses-01->ses-04,ok
eegnet,0,sub-003,ses-01,ses-05,ses-01->ses-05,ok
eegnet,1,sub-003,ses-01,ses-05,ses-01->ses-05,ok
eegnet,2,sub-003,ses-01,ses-05,ses-01->ses-05,ok
eegnet,3,sub-003,ses-01,ses-05,ses-01->ses-05,ok
eegnet,4,sub-003,ses-01,ses-05,ses-01->ses-05,ok
deepconvnet,0,sub-003,ses-01,ses-05,ses-01->ses-05,ok
deepconvnet,1,sub-003,ses-01,ses-05,ses-01->ses-05,ok
deepconvnet,2,sub-003,ses-01,ses-05,ses-01->ses-05,ok
deepconvnet,3,sub-003,ses-01,ses-05,ses-01->ses-05,ok
deepconvnet,4,sub-003,ses-01,ses-05,ses-01->ses-05,ok
fbcnet,0,sub-003,ses-01,ses-05,ses-01->ses-05,ok
fbcnet,1,sub-003,ses-01,ses-05,ses-01->ses-05,ok
fbcnet,2,sub-003,ses-01,ses-05,ses-01->ses-05,ok
fbcnet,3,sub-003,ses-01,ses-05,ses-01->ses-05,ok
fbcnet,4,sub-003,ses-01,ses-05,ses-01->ses-05,ok
eegnet,0,sub-003,ses-02,ses-01,ses-02->ses-01,ok
eegnet,1,sub-003,ses-02,ses-01,ses-02->ses-01,ok
eegnet,2,sub-003,ses-02,ses-01,ses-02->ses-01,ok
eegnet,3,sub-003,ses-02,ses-01,ses-02->ses-01,ok
eegnet,4,sub-003,ses-02,ses-01,ses-02->ses-01,ok
deepconvnet,0,sub-003,ses-02,ses-01,ses-02->ses-01,ok
deepconvnet,1,sub-003,ses-02,ses-01,ses-02->ses-01,ok
deepconvnet,2,sub-003,ses-02,ses-01,ses-02->ses-01,ok
deepconvnet,3,sub-003,ses-02,ses-01,ses-02->ses-01,ok
deepconvnet,4,sub-003,ses-02,ses-01,ses-02->ses-01,ok
fbcnet,0,sub-003,ses-02,ses-01,ses-02->ses-01,ok
fbcnet,1,sub-003,ses-02,ses-01,ses-02->ses-01,ok
fbcnet,2,sub-003,ses-02,ses-01,ses-02->ses-01,ok
fbcnet,3,sub-003,ses-02,ses-01,ses-02->ses-01,ok
fbcnet,4,sub-003,ses-02,ses-01,ses-02->ses-01,ok
eegnet,0,sub-003,ses-02,ses-03,ses-02->ses-03,ok
eegnet,1,sub-003,ses-02,ses-03,ses-02->ses-03,ok
eegnet,2,sub-003,ses-02,ses-03,ses-02->ses-03,ok
eegnet,3,sub-003,ses-02,ses-03,ses-02->ses-03,ok
eegnet,4,sub-003,ses-02,ses-03,ses-02->ses-03,ok
deepconvnet,0,sub-003,ses-02,ses-03,ses-02->ses-03,ok
deepconvnet,1,sub-003,ses-02,ses-03,ses-02->ses-03,ok
deepconvnet,2,sub-003,ses-02,ses-03,ses-02->ses-03,ok
deepconvnet,3,sub-003,ses-02,ses-03,ses-02->ses-03,ok
deepconvnet,4,sub-003,ses-02,ses-03,ses-02->ses-03,ok
fbcnet,0,sub-003,ses-02,ses-03,ses-02->ses-03,ok
fbcnet,1,sub-003,ses-02,ses-03,ses-02->ses-03,ok
fbcnet,2,sub-003,ses-02,ses-03,ses-02->ses-03,ok
fbcnet,3,sub-003,ses-02,ses-03,ses-02->ses-03,ok
fbcnet,4,sub-003,ses-02,ses-03,ses-02->ses-03,ok
eegnet,0,sub-003,ses-02,ses-04,ses-02->ses-04,ok
eegnet,1,sub-003,ses-02,ses-04,ses-02->ses-04,ok
eegnet,2,sub-003,ses-02,ses-04,ses-02->ses-04,ok
eegnet,3,sub-003,ses-02,ses-04,ses-02->ses-04,ok
eegnet,4,sub-003,ses-02,ses-04,ses-02->ses-04,ok
deepconvnet,0,sub-003,ses-02,ses-04,ses-02->ses-04,ok
deepconvnet,1,sub-003,ses-02,ses-04,ses-02->ses-04,ok
deepconvnet,2,sub-003,ses-02,ses-04,ses-02->ses-04,ok
deepconvnet,3,sub-003,ses-02,ses-04,ses-02->ses-04,ok
deepconvnet,4,sub-003,ses-02,ses-04,ses-02->ses-04,ok
fbcnet,0,sub-003,ses-02,ses-04,ses-02->ses-04,ok
fbcnet,1,sub-003,ses-02,ses-04,ses-02->ses-04,ok
fbcnet,2,sub-003,ses-02,ses-04,ses-02->ses-04,ok
fbcnet,3,sub-003,ses-02,ses-04,ses-02->ses-04,ok
fbcnet,4,sub-003,ses-02,ses-04,ses-02->ses-04,ok
eegnet,0,sub-003,ses-02,ses-05,ses-02->ses-05,ok
eegnet,1,sub-003,ses-02,ses-05,ses-02->ses-05,ok
eegnet,2,sub-003,ses-02,ses-05,ses-02->ses-05,ok
eegnet,3,sub-003,ses-02,ses-05,ses-02->ses-05,ok
eegnet,4,sub-003,ses-02,ses-05,ses-02->ses-05,ok
deepconvnet,0,sub-003,ses-02,ses-05,ses-02->ses-05,ok
deepconvnet,1,sub-003,ses-02,ses-05,ses-02->ses-05,ok
deepconvnet,2,sub-003,ses-02,ses-05,ses-02->ses-05,ok
deepconvnet,3,sub-003,ses-02,ses-05,ses-02->ses-05,ok
deepconvnet,4,sub-003,ses-02,ses-05,ses-02->ses-05,ok
fbcnet,0,sub-003,ses-02,ses-05,ses-02->ses-05,ok
fbcnet,1,sub-003,ses-02,ses-05,ses-02->ses-05,ok
fbcnet,2,sub-003,ses-02,ses-05,ses-02->ses-05,ok
fbcnet,3,sub-003,ses-02,ses-05,ses-02->ses-05,ok
fbcnet,4,sub-003,ses-02,ses-05,ses-02->ses-05,ok
eegnet,0,sub-003,ses-03,ses-01,ses-03->ses-01,ok
eegnet,1,sub-003,ses-03,ses-01,ses-03->ses-01,ok
eegnet,2,sub-003,ses-03,ses-01,ses-03->ses-01,ok
eegnet,3,sub-003,ses-03,ses-01,ses-03->ses-01,ok
eegnet,4,sub-003,ses-03,ses-01,ses-03->ses-01,ok
deepconvnet,0,sub-003,ses-03,ses-01,ses-03->ses-01,ok
deepconvnet,1,sub-003,ses-03,ses-01,ses-03->ses-01,ok
deepconvnet,2,sub-003,ses-03,ses-01,ses-03->ses-01,ok
deepconvnet,3,sub-003,ses-03,ses-01,ses-03->ses-01,ok
deepconvnet,4,sub-003,ses-03,ses-01,ses-03->ses-01,ok
fbcnet,0,sub-003,ses-03,ses-01,ses-03->ses-01,ok
fbcnet,1,sub-003,ses-03,ses-01,ses-03->ses-01,ok
fbcnet,2,sub-003,ses-03,ses-01,ses-03->ses-01,ok
fbcnet,3,sub-003,ses-03,ses-01,ses-03->ses-01,ok
fbcnet,4,sub-003,ses-03,ses-01,ses-03->ses-01,ok
eegnet,0,sub-003,ses-03,ses-02,ses-03->ses-02,ok
eegnet,1,sub-003,ses-03,ses-02,ses-03->ses-02,ok
eegnet,2,sub-003,ses-03,ses-02,ses-03->ses-02,ok
eegnet,3,sub-003,ses-03,ses-02,ses-03->ses-02,ok
eegnet,4,sub-003,ses-03,ses-02,ses-03->ses-02,ok
deepconvnet,0,sub-003,ses-03,ses-02,ses-03->ses-02,ok
deepconvnet,1,sub-003,ses-03,ses-02,ses-03->ses-02,ok
deepconvnet,2,sub-003,ses-03,ses-02,ses-03->ses-02,ok
deepconvnet,3,sub-003,ses-03,ses-02,ses-03->ses-02,ok
deepconvnet,4,sub-003,ses-03,ses-02,ses-03->ses-02,ok
fbcnet,0,sub-003,ses-03,ses-02,ses-03->ses-02,ok
fbcnet,1,sub-003,ses-03,ses-02,ses-03->ses-02,ok
fbcnet,2,sub-003,ses-03,ses-02,ses-03->ses-02,ok
fbcnet,3,sub-003,ses-03,ses-02,ses-03->ses-02,ok
fbcnet,4,sub-003,ses-03,ses-02,ses-03->ses-02,ok
eegnet,0,sub-003,ses-03,ses-04,ses-03->ses-04,ok
eegnet,1,sub-003,ses-03,ses-04,ses-03->ses-04,ok
eegnet,2,sub-003,ses-03,ses-04,ses-03->ses-04,ok
eegnet,3,sub-003,ses-03,ses-04,ses-03->ses-04,ok
eegnet,4,sub-003,ses-03,ses-04,ses-03->ses-04,ok
deepconvnet,0,sub-003,ses-03,ses-04,ses-03->ses-04,ok
deepconvnet,1,sub-003,ses-03,ses-04,ses-03->ses-04,ok
deepconvnet,2,sub-003,ses-03,ses-04,ses-03->ses-04,ok
deepconvnet,3,sub-003,ses-03,ses-04,ses-03->ses-04,ok
deepconvnet,4,sub-003,ses-03,ses-04,ses-03->ses-04,ok
fbcnet,0,sub-003,ses-03,ses-04,ses-03->ses-04,ok
fbcnet,1,sub-003,ses-03,ses-04,ses-03->ses-04,ok
fbcnet,2,sub-003,ses-03,ses-04,ses-03->ses-04,ok
fbcnet,3,sub-003,ses-03,ses-04,ses-03->ses-04,ok
fbcnet,4,sub-003,ses-03,ses-04,ses-03->ses-04,ok
eegnet,0,sub-003,ses-03,ses-05,ses-03->ses-05,ok
eegnet,1,sub-003,ses-03,ses-05,ses-03->ses-05,ok
eegnet,2,sub-003,ses-03,ses-05,ses-03->ses-05,ok
eegnet,3,sub-003,ses-03,ses-05,ses-03->ses-05,ok
eegnet,4,sub-003,ses-03,ses-05,ses-03->ses-05,ok
deepconvnet,0,sub-003,ses-03,ses-05,ses-03->ses-05,ok
deepconvnet,1,sub-003,ses-03,ses-05,ses-03->ses-05,ok
deepconvnet,2,sub-003,ses-03,ses-05,ses-03->ses-05,ok
deepconvnet,3,sub-003,ses-03,ses-05,ses-03->ses-05,ok
deepconvnet,4,sub-003,ses-03,ses-05,ses-03->ses-05,ok
fbcnet,0,sub-003,ses-03,ses-05,ses-03->ses-05,ok
fbcnet,1,sub-003,ses-03,ses-05,ses-03->ses-05,ok
fbcnet,2,sub-003,ses-03,ses-05,ses-03->ses-05,ok
fbcnet,3,sub-003,ses-03,ses-05,ses-03->ses-05,ok
fbcnet,4,sub-003,ses-03,ses-05,ses-03->ses-05,ok
eegnet,0,sub-003,ses-04,ses-01,ses-04->ses-01,ok
eegnet,1,sub-003,ses-04,ses-01,ses-04->ses-01,ok
eegnet,2,sub-003,ses-04,ses-01,ses-04->ses-01,ok
eegnet,3,sub-003,ses-04,ses-01,ses-04->ses-01,ok
eegnet,4,sub-003,ses-04,ses-01,ses-04->ses-01,ok
deepconvnet,0,sub-003,ses-04,ses-01,ses-04->ses-01,ok
deepconvnet,1,sub-003,ses-04,ses-01,ses-04->ses-01,ok
deepconvnet,2,sub-003,ses-04,ses-01,ses-04->ses-01,ok
deepconvnet,3,sub-003,ses-04,ses-01,ses-04->ses-01,ok
deepconvnet,4,sub-003,ses-04,ses-01,ses-04->ses-01,ok
fbcnet,0,sub-003,ses-04,ses-01,ses-04->ses-01,ok
fbcnet,1,sub-003,ses-04,ses-01,ses-04->ses-01,ok
fbcnet,2,sub-003,ses-04,ses-01,ses-04->ses-01,ok
fbcnet,3,sub-003,ses-04,ses-01,ses-04->ses-01,ok
fbcnet,4,sub-003,ses-04,ses-01,ses-04->ses-01,ok
eegnet,0,sub-003,ses-04,ses-02,ses-04->ses-02,ok
eegnet,1,sub-003,ses-04,ses-02,ses-04->ses-02,ok
eegnet,2,sub-003,ses-04,ses-02,ses-04->ses-02,ok
eegnet,3,sub-003,ses-04,ses-02,ses-04->ses-02,ok
eegnet,4,sub-003,ses-04,ses-02,ses-04->ses-02,ok
deepconvnet,0,sub-003,ses-04,ses-02,ses-04->ses-02,ok
deepconvnet,1,sub-003,ses-04,ses-02,ses-04->ses-02,ok
deepconvnet,2,sub-003,ses-04,ses-02,ses-04->ses-02,ok
deepconvnet,3,sub-003,ses-04,ses-02,ses-04->ses-02,ok
deepconvnet,4,sub-003,ses-04,ses-02,ses-04->ses-02,ok
fbcnet,0,sub-003,ses-04,ses-02,ses-04->ses-02,ok
fbcnet,1,sub-003,ses-04,ses-02,ses-04->ses-02,ok
fbcnet,2,sub-003,ses-04,ses-02,ses-04->ses-02,ok
fbcnet,3,sub-003,ses-04,ses-02,ses-04->ses-02,ok
fbcnet,4,sub-003,ses-04,ses-02,ses-04->ses-02,ok
eegnet,0,sub-003,ses-04,ses-03,ses-04->ses-03,ok
eegnet,1,sub-003,ses-04,ses-03,ses-04->ses-03,ok
eegnet,2,sub-003,ses-04,ses-03,ses-04->ses-03,ok
eegnet,3,sub-003,ses-04,ses-03,ses-04->ses-03,ok
eegnet,4,sub-003,ses-04,ses-03,ses-04->ses-03,ok
deepconvnet,0,sub-003,ses-04,ses-03,ses-04->ses-03,ok
deepconvnet,1,sub-003,ses-04,ses-03,ses-04->ses-03,ok
deepconvnet,2,sub-003,ses-04,ses-03,ses-04->ses-03,ok
deepconvnet,3,sub-003,ses-04,ses-03,ses-04->ses-03,ok
deepconvnet,4,sub-003,ses-04,ses-03,ses-04->ses-03,ok
fbcnet,0,sub-003,ses-04,ses-03,ses-04->ses-03,ok
fbcnet,1,sub-003,ses-04,ses-03,ses-04->ses-03,ok
fbcnet,2,sub-003,ses-04,ses-03,ses-04->ses-03,ok
fbcnet,3,sub-003,ses-04,ses-03,ses-04->ses-03,ok
fbcnet,4,sub-003,ses-04,ses-03,ses-04->ses-03,ok
eegnet,0,sub-003,ses-04,ses-05,ses-04->ses-05,ok
eegnet,1,sub-003,ses-04,ses-05,ses-04->ses-05,ok
eegnet,2,sub-003,ses-04,ses-05,ses-04->ses-05,ok
eegnet,3,sub-003,ses-04,ses-05,ses-04->ses-05,ok
eegnet,4,sub-003,ses-04,ses-05,ses-04->ses-05,ok
deepconvnet,0,sub-003,ses-04,ses-05,ses-04->ses-05,ok
deepconvnet,1,sub-003,ses-04,ses-05,ses-04->ses-05,ok
deepconvnet,2,sub-003,ses-04,ses-05,ses-04->ses-05,ok
deepconvnet,3,sub-003,ses-04,ses-05,ses-04->ses-05,ok
deepconvnet,4,sub-003,ses-04,ses-05,ses-04->ses-05,ok
fbcnet,0,sub-003,ses-04,ses-05,ses-04->ses-05,ok
fbcnet,1,sub-003,ses-04,ses-05,ses-04->ses-05,ok
fbcnet,2,sub-003,ses-04,ses-05,ses-04->ses-05,ok
fbcnet,3,sub-003,ses-04,ses-05,ses-04->ses-05,ok
fbcnet,4,sub-003,ses-04,ses-05,ses-04->ses-05,ok
eegnet,0,sub-003,ses-05,ses-01,ses-05->ses-01,ok
eegnet,1,sub-003,ses-05,ses-01,ses-05->ses-01,ok
eegnet,2,sub-003,ses-05,ses-01,ses-05->ses-01,ok
eegnet,3,sub-003,ses-05,ses-01,ses-05->ses-01,ok
eegnet,4,sub-003,ses-05,ses-01,ses-05->ses-01,ok
deepconvnet,0,sub-003,ses-05,ses-01,ses-05->ses-01,ok
deepconvnet,1,sub-003,ses-05,ses-01,ses-05->ses-01,ok
deepconvnet,2,sub-003,ses-05,ses-01,ses-05->ses-01,ok
deepconvnet,3,sub-003,ses-05,ses-01,ses-05->ses-01,ok
deepconvnet,4,sub-003,ses-05,ses-01,ses-05->ses-01,ok
fbcnet,0,sub-003,ses-05,ses-01,ses-05->ses-01,ok
fbcnet,1,sub-003,ses-05,ses-01,ses-05->ses-01,ok
fbcnet,2,sub-003,ses-05,ses-01,ses-05->ses-01,ok
fbcnet,3,sub-003,ses-05,ses-01,ses-05->ses-01,ok
fbcnet,4,sub-003,ses-05,ses-01,ses-05->ses-01,ok
eegnet,0,sub-003,ses-05,ses-02,ses-05->ses-02,ok
eegnet,1,sub-003,ses-05,ses-02,ses-05->ses-02,ok
eegnet,2,sub-003,ses-05,ses-02,ses-05->ses-02,ok
eegnet,3,sub-003,ses-05,ses-02,ses-05->ses-02,ok
eegnet,4,sub-003,ses-05,ses-02,ses-05->ses-02,ok
deepconvnet,0,sub-003,ses-05,ses-02,ses-05->ses-02,ok
deepconvnet,1,sub-003,ses-05,ses-02,ses-05->ses-02,ok
deepconvnet,2,sub-003,ses-05,ses-02,ses-05->ses-02,ok
deepconvnet,3,sub-003,ses-05,ses-02,ses-05->ses-02,ok
deepconvnet,4,sub-003,ses-05,ses-02,ses-05->ses-02,ok
fbcnet,0,sub-003,ses-05,ses-02,ses-05->ses-02,ok
fbcnet,1,sub-003,ses-05,ses-02,ses-05->ses-02,ok
fbcnet,2,sub-003,ses-05,ses-02,ses-05->ses-02,ok
fbcnet,3,sub-003,ses-05,ses-02,ses-05->ses-02,ok
fbcnet,4,sub-003,ses-05,ses-02,ses-05->ses-02,ok
eegnet,0,sub-003,ses-05,ses-03,ses-05->ses-03,ok
eegnet,1,sub-003,ses-05,ses-03,ses-05->ses-03,ok
eegnet,2,sub-003,ses-05,ses-03,ses-05->ses-03,ok
eegnet,3,sub-003,ses-05,ses-03,ses-05->ses-03,ok
eegnet,4,sub-003,ses-05,ses-03,ses-05->ses-03,ok
deepconvnet,0,sub-003,ses-05,ses-03,ses-05->ses-03,ok
deepconvnet,1,sub-003,ses-05,ses-03,ses-05->ses-03,ok
deepconvnet,2,sub-003,ses-05,ses-03,ses-05->ses-03,ok
deepconvnet,3,sub-003,ses-05,ses-03,ses-05->ses-03,ok
deepconvnet,4,sub-003,ses-05,ses-03,ses-05->ses-03,ok
fbcnet,0,sub-003,ses-05,ses-03,ses-05->ses-03,ok
fbcnet,1,sub-003,ses-05,ses-03,ses-05->ses-03,ok
fbcnet,2,sub-003,ses-05,ses-03,ses-05->ses-03,ok
fbcnet,3,sub-003,ses-05,ses-03,ses-05->ses-03,ok
fbcnet,4,sub-003,ses-05,ses-03,ses-05->ses-03,ok
eegnet,0,sub-003,ses-05,ses-04,ses-05->ses-04,ok
eegnet,1,sub-003,ses-05,ses-04,ses-05->ses-04,ok
eegnet,2,sub-003,ses-05,ses-04,ses-05->ses-04,ok
eegnet,3,sub-003,ses-05,ses-04,ses-05->ses-04,ok
eegnet,4,sub-003,ses-05,ses-04,ses-05->ses-04,ok
deepconvnet,0,sub-003,ses-05,ses-04,ses-05->ses-04,ok
deepconvnet,1,sub-003,ses-05,ses-04,ses-05->ses-04,ok
deepconvnet,2,sub-003,ses-05,ses-04,ses-05->ses-04,ok
deepconvnet,3,sub-003,ses-05,ses-04,ses-05->ses-04,ok
deepconvnet,4,sub-003,ses-05,ses-04,ses-05->ses-04,ok
fbcnet,0,sub-003,ses-05,ses-04,ses-05->ses-04,ok
fbcnet,1,sub-003,ses-05,ses-04,ses-05->ses-04,ok
fbcnet,2,sub-003,ses-05,ses-04,ses-05->ses-04,ok
fbcnet,3,sub-003,ses-05,ses-04,ses-05->ses-04,ok
fbcnet,4,sub-003,ses-05,ses-04,ses-05->ses-04,ok
eegnet,0,sub-004,ses-01,ses-02,ses-01->ses-02,ok
eegnet,1,sub-004,ses-01,ses-02,ses-01->ses-02,ok
eegnet,2,sub-004,ses-01,ses-02,ses-01->ses-02,ok
eegnet,3,sub-004,ses-01,ses-02,ses-01->ses-02,ok
eegnet,4,sub-004,ses-01,ses-02,ses-01->ses-02,ok
deepconvnet,0,sub-004,ses-01,ses-02,ses-01->ses-02,ok
deepconvnet,1,sub-004,ses-01,ses-02,ses-01->ses-02,ok
deepconvnet,2,sub-004,ses-01,ses-02,ses-01->ses-02,ok
deepconvnet,3,sub-004,ses-01,ses-02,ses-01->ses-02,ok
deepconvnet,4,sub-004,ses-01,ses-02,ses-01->ses-02,ok
fbcnet,0,sub-004,ses-01,ses-02,ses-01->ses-02,ok
fbcnet,1,sub-004,ses-01,ses-02,ses-01->ses-02,ok
fbcnet,2,sub-004,ses-01,ses-02,ses-01->ses-02,ok
fbcnet,3,sub-004,ses-01,ses-02,ses-01->ses-02,ok
fbcnet,4,sub-004,ses-01,ses-02,ses-01->ses-02,ok
eegnet,0,sub-004,ses-01,ses-03,ses-01->ses-03,ok
eegnet,1,sub-004,ses-01,ses-03,ses-01->ses-03,ok
eegnet,2,sub-004,ses-01,ses-03,ses-01->ses-03,ok
eegnet,3,sub-004,ses-01,ses-03,ses-01->ses-03,ok
eegnet,4,sub-004,ses-01,ses-03,ses-01->ses-03,ok
deepconvnet,0,sub-004,ses-01,ses-03,ses-01->ses-03,ok
deepconvnet,1,sub-004,ses-01,ses-03,ses-01->ses-03,ok
deepconvnet,2,sub-004,ses-01,ses-03,ses-01->ses-03,ok
deepconvnet,3,sub-004,ses-01,ses-03,ses-01->ses-03,ok
deepconvnet,4,sub-004,ses-01,ses-03,ses-01->ses-03,ok
fbcnet,0,sub-004,ses-01,ses-03,ses-01->ses-03,ok
fbcnet,1,sub-004,ses-01,ses-03,ses-01->ses-03,ok
fbcnet,2,sub-004,ses-01,ses-03,ses-01->ses-03,ok
fbcnet,3,sub-004,ses-01,ses-03,ses-01->ses-03,ok
fbcnet,4,sub-004,ses-01,ses-03,ses-01->ses-03,ok
eegnet,0,sub-004,ses-01,ses-04,ses-01->ses-04,ok
eegnet,1,sub-004,ses-01,ses-04,ses-01->ses-04,ok
eegnet,2,sub-004,ses-01,ses-04,ses-01->ses-04,ok
eegnet,3,sub-004,ses-01,ses-04,ses-01->ses-04,ok
eegnet,4,sub-004,ses-01,ses-04,ses-01->ses-04,ok
deepconvnet,0,sub-004,ses-01,ses-04,ses-01->ses-04,ok
deepconvnet,1,sub-004,ses-01,ses-04,ses-01->ses-04,ok
deepconvnet,2,sub-004,ses-01,ses-04,ses-01->ses-04,ok
deepconvnet,3,sub-004,ses-01,ses-04,ses-01->ses-04,ok
deepconvnet,4,sub-004,ses-01,ses-04,ses-01->ses-04,ok
fbcnet,0,sub-004,ses-01,ses-04,ses-01->ses-04,ok
fbcnet,1,sub-004,ses-01,ses-04,ses-01->ses-04,ok
fbcnet,2,sub-004,ses-01,ses-04,ses-01->ses-04,ok
fbcnet,3,sub-004,ses-01,ses-04,ses-01->ses-04,ok
fbcnet,4,sub-004,ses-01,ses-04,ses-01->ses-04,ok
eegnet,0,sub-004,ses-01,ses-05,ses-01->ses-05,ok
eegnet,1,sub-004,ses-01,ses-05,ses-01->ses-05,ok
eegnet,2,sub-004,ses-01,ses-05,ses-01->ses-05,ok
eegnet,3,sub-004,ses-01,ses-05,ses-01->ses-05,ok
eegnet,4,sub-004,ses-01,ses-05,ses-01->ses-05,ok
deepconvnet,0,sub-004,ses-01,ses-05,ses-01->ses-05,ok
deepconvnet,1,sub-004,ses-01,ses-05,ses-01->ses-05,ok
deepconvnet,2,sub-004,ses-01,ses-05,ses-01->ses-05,ok
deepconvnet,3,sub-004,ses-01,ses-05,ses-01->ses-05,ok
deepconvnet,4,sub-004,ses-01,ses-05,ses-01->ses-05,ok
fbcnet,0,sub-004,ses-01,ses-05,ses-01->ses-05,ok
fbcnet,1,sub-004,ses-01,ses-05,ses-01->ses-05,ok
fbcnet,2,sub-004,ses-01,ses-05,ses-01->ses-05,ok
fbcnet,3,sub-004,ses-01,ses-05,ses-01->ses-05,ok
fbcnet,4,sub-004,ses-01,ses-05,ses-01->ses-05,ok
eegnet,0,sub-004,ses-02,ses-01,ses-02->ses-01,ok
eegnet,1,sub-004,ses-02,ses-01,ses-02->ses-01,ok
eegnet,2,sub-004,ses-02,ses-01,ses-02->ses-01,ok
eegnet,3,sub-004,ses-02,ses-01,ses-02->ses-01,ok
eegnet,4,sub-004,ses-02,ses-01,ses-02->ses-01,ok
deepconvnet,0,sub-004,ses-02,ses-01,ses-02->ses-01,ok
deepconvnet,1,sub-004,ses-02,ses-01,ses-02->ses-01,ok
deepconvnet,2,sub-004,ses-02,ses-01,ses-02->ses-01,ok
deepconvnet,3,sub-004,ses-02,ses-01,ses-02->ses-01,ok
deepconvnet,4,sub-004,ses-02,ses-01,ses-02->ses-01,ok
fbcnet,0,sub-004,ses-02,ses-01,ses-02->ses-01,ok
fbcnet,1,sub-004,ses-02,ses-01,ses-02->ses-01,ok
fbcnet,2,sub-004,ses-02,ses-01,ses-02->ses-01,ok
fbcnet,3,sub-004,ses-02,ses-01,ses-02->ses-01,ok
fbcnet,4,sub-004,ses-02,ses-01,ses-02->ses-01,ok
eegnet,0,sub-004,ses-02,ses-03,ses-02->ses-03,ok
eegnet,1,sub-004,ses-02,ses-03,ses-02->ses-03,ok
eegnet,2,sub-004,ses-02,ses-03,ses-02->ses-03,ok
eegnet,3,sub-004,ses-02,ses-03,ses-02->ses-03,ok
eegnet,4,sub-004,ses-02,ses-03,ses-02->ses-03,ok
deepconvnet,0,sub-004,ses-02,ses-03,ses-02->ses-03,ok
deepconvnet,1,sub-004,ses-02,ses-03,ses-02->ses-03,ok
deepconvnet,2,sub-004,ses-02,ses-03,ses-02->ses-03,ok
deepconvnet,3,sub-004,ses-02,ses-03,ses-02->ses-03,ok
deepconvnet,4,sub-004,ses-02,ses-03,ses-02->ses-03,ok
fbcnet,0,sub-004,ses-02,ses-03,ses-02->ses-03,ok
fbcnet,1,sub-004,ses-02,ses-03,ses-02->ses-03,ok
fbcnet,2,sub-004,ses-02,ses-03,ses-02->ses-03,ok
fbcnet,3,sub-004,ses-02,ses-03,ses-02->ses-03,ok
fbcnet,4,sub-004,ses-02,ses-03,ses-02->ses-03,ok
eegnet,0,sub-004,ses-02,ses-04,ses-02->ses-04,ok
eegnet,1,sub-004,ses-02,ses-04,ses-02->ses-04,ok
eegnet,2,sub-004,ses-02,ses-04,ses-02->ses-04,ok
eegnet,3,sub-004,ses-02,ses-04,ses-02->ses-04,ok
eegnet,4,sub-004,ses-02,ses-04,ses-02->ses-04,ok
deepconvnet,0,sub-004,ses-02,ses-04,ses-02->ses-04,ok
deepconvnet,1,sub-004,ses-02,ses-04,ses-02->ses-04,ok
deepconvnet,2,sub-004,ses-02,ses-04,ses-02->ses-04,ok
deepconvnet,3,sub-004,ses-02,ses-04,ses-02->ses-04,ok
deepconvnet,4,sub-004,ses-02,ses-04,ses-02->ses-04,ok
fbcnet,0,sub-004,ses-02,ses-04,ses-02->ses-04,ok
fbcnet,1,sub-004,ses-02,ses-04,ses-02->ses-04,ok
fbcnet,2,sub-004,ses-02,ses-04,ses-02->ses-04,ok
fbcnet,3,sub-004,ses-02,ses-04,ses-02->ses-04,ok
fbcnet,4,sub-004,ses-02,ses-04,ses-02->ses-04,ok
eegnet,0,sub-004,ses-02,ses-05,ses-02->ses-05,ok
eegnet,1,sub-004,ses-02,ses-05,ses-02->ses-05,ok
eegnet,2,sub-004,ses-02,ses-05,ses-02->ses-05,ok
eegnet,3,sub-004,ses-02,ses-05,ses-02->ses-05,ok
eegnet,4,sub-004,ses-02,ses-05,ses-02->ses-05,ok
deepconvnet,0,sub-004,ses-02,ses-05,ses-02->ses-05,ok
deepconvnet,1,sub-004,ses-02,ses-05,ses-02->ses-05,ok
deepconvnet,2,sub-004,ses-02,ses-05,ses-02->ses-05,ok
deepconvnet,3,sub-004,ses-02,ses-05,ses-02->ses-05,ok
deepconvnet,4,sub-004,ses-02,ses-05,ses-02->ses-05,ok
fbcnet,0,sub-004,ses-02,ses-05,ses-02->ses-05,ok
fbcnet,1,sub-004,ses-02,ses-05,ses-02->ses-05,ok
fbcnet,2,sub-004,ses-02,ses-05,ses-02->ses-05,ok
fbcnet,3,sub-004,ses-02,ses-05,ses-02->ses-05,ok
fbcnet,4,sub-004,ses-02,ses-05,ses-02->ses-05,ok
eegnet,0,sub-004,ses-03,ses-01,ses-03->ses-01,ok
eegnet,1,sub-004,ses-03,ses-01,ses-03->ses-01,ok
eegnet,2,sub-004,ses-03,ses-01,ses-03->ses-01,ok
eegnet,3,sub-004,ses-03,ses-01,ses-03->ses-01,ok
eegnet,4,sub-004,ses-03,ses-01,ses-03->ses-01,ok
deepconvnet,0,sub-004,ses-03,ses-01,ses-03->ses-01,ok
deepconvnet,1,sub-004,ses-03,ses-01,ses-03->ses-01,ok
deepconvnet,2,sub-004,ses-03,ses-01,ses-03->ses-01,ok
deepconvnet,3,sub-004,ses-03,ses-01,ses-03->ses-01,ok
deepconvnet,4,sub-004,ses-03,ses-01,ses-03->ses-01,ok
fbcnet,0,sub-004,ses-03,ses-01,ses-03->ses-01,ok
fbcnet,1,sub-004,ses-03,ses-01,ses-03->ses-01,ok
fbcnet,2,sub-004,ses-03,ses-01,ses-03->ses-01,ok
fbcnet,3,sub-004,ses-03,ses-01,ses-03->ses-01,ok
fbcnet,4,sub-004,ses-03,ses-01,ses-03->ses-01,ok
eegnet,0,sub-004,ses-03,ses-02,ses-03->ses-02,ok
eegnet,1,sub-004,ses-03,ses-02,ses-03->ses-02,ok
eegnet,2,sub-004,ses-03,ses-02,ses-03->ses-02,ok
eegnet,3,sub-004,ses-03,ses-02,ses-03->ses-02,ok
eegnet,4,sub-004,ses-03,ses-02,ses-03->ses-02,ok
deepconvnet,0,sub-004,ses-03,ses-02,ses-03->ses-02,ok
deepconvnet,1,sub-004,ses-03,ses-02,ses-03->ses-02,ok
deepconvnet,2,sub-004,ses-03,ses-02,ses-03->ses-02,ok
deepconvnet,3,sub-004,ses-03,ses-02,ses-03->ses-02,ok
deepconvnet,4,sub-004,ses-03,ses-02,ses-03->ses-02,ok
fbcnet,0,sub-004,ses-03,ses-02,ses-03->ses-02,ok
fbcnet,1,sub-004,ses-03,ses-02,ses-03->ses-02,ok
fbcnet,2,sub-004,ses-03,ses-02,ses-03->ses-02,ok
fbcnet,3,sub-004,ses-03,ses-02,ses-03->ses-02,ok
fbcnet,4,sub-004,ses-03,ses-02,ses-03->ses-02,ok
eegnet,0,sub-004,ses-03,ses-04,ses-03->ses-04,ok
eegnet,1,sub-004,ses-03,ses-04,ses-03->ses-04,ok
eegnet,2,sub-004,ses-03,ses-04,ses-03->ses-04,ok
eegnet,3,sub-004,ses-03,ses-04,ses-03->ses-04,ok
eegnet,4,sub-004,ses-03,ses-04,ses-03->ses-04,ok
deepconvnet,0,sub-004,ses-03,ses-04,ses-03->ses-04,ok
deepconvnet,1,sub-004,ses-03,ses-04,ses-03->ses-04,ok
deepconvnet,2,sub-004,ses-03,ses-04,ses-03->ses-04,ok
deepconvnet,3,sub-004,ses-03,ses-04,ses-03->ses-04,ok
deepconvnet,4,sub-004,ses-03,ses-04,ses-03->ses-04,ok
fbcnet,0,sub-004,ses-03,ses-04,ses-03->ses-04,ok
fbcnet,1,sub-004,ses-03,ses-04,ses-03->ses-04,ok
fbcnet,2,sub-004,ses-03,ses-04,ses-03->ses-04,ok
fbcnet,3,sub-004,ses-03,ses-04,ses-03->ses-04,ok
fbcnet,4,sub-004,ses-03,ses-04,ses-03->ses-04,ok
eegnet,0,sub-004,ses-03,ses-05,ses-03->ses-05,ok
eegnet,1,sub-004,ses-03,ses-05,ses-03->ses-05,ok
eegnet,2,sub-004,ses-03,ses-05,ses-03->ses-05,ok
eegnet,3,sub-004,ses-03,ses-05,ses-03->ses-05,ok
eegnet,4,sub-004,ses-03,ses-05,ses-03->ses-05,ok
deepconvnet,0,sub-004,ses-03,ses-05,ses-03->ses-05,ok
deepconvnet,1,sub-004,ses-03,ses-05,ses-03->ses-05,ok
deepconvnet,2,sub-004,ses-03,ses-05,ses-03->ses-05,ok
deepconvnet,3,sub-004,ses-03,ses-05,ses-03->ses-05,ok
deepconvnet,4,sub-004,ses-03,ses-05,ses-03->ses-05,ok
fbcnet,0,sub-004,ses-03,ses-05,ses-03->ses-05,ok
fbcnet,1,sub-004,ses-03,ses-05,ses-03->ses-05,ok
fbcnet,2,sub-004,ses-03,ses-05,ses-03->ses-05,ok
fbcnet,3,sub-004,ses-03,ses-05,ses-03->ses-05,ok
fbcnet,4,sub-004,ses-03,ses-05,ses-03->ses-05,ok
eegnet,0,sub-004,ses-04,ses-01,ses-04->ses-01,ok
eegnet,1,sub-004,ses-04,ses-01,ses-04->ses-01,ok
eegnet,2,sub-004,ses-04,ses-01,ses-04->ses-01,ok
eegnet,3,sub-004,ses-04,ses-01,ses-04->ses-01,ok
eegnet,4,sub-004,ses-04,ses-01,ses-04->ses-01,ok
deepconvnet,0,sub-004,ses-04,ses-01,ses-04->ses-01,ok
deepconvnet,1,sub-004,ses-04,ses-01,ses-04->ses-01,ok
deepconvnet,2,sub-004,ses-04,ses-01,ses-04->ses-01,ok
deepconvnet,3,sub-004,ses-04,ses-01,ses-04->ses-01,ok
deepconvnet,4,sub-004,ses-04,ses-01,ses-04->ses-01,ok
fbcnet,0,sub-004,ses-04,ses-01,ses-04->ses-01,ok
fbcnet,1,sub-004,ses-04,ses-01,ses-04->ses-01,ok
fbcnet,2,sub-004,ses-04,ses-01,ses-04->ses-01,ok
fbcnet,3,sub-004,ses-04,ses-01,ses-04->ses-01,ok
fbcnet,4,sub-004,ses-04,ses-01,ses-04->ses-01,ok
eegnet,0,sub-004,ses-04,ses-02,ses-04->ses-02,ok
eegnet,1,sub-004,ses-04,ses-02,ses-04->ses-02,ok
eegnet,2,sub-004,ses-04,ses-02,ses-04->ses-02,ok
eegnet,3,sub-004,ses-04,ses-02,ses-04->ses-02,ok
eegnet,4,sub-004,ses-04,ses-02,ses-04->ses-02,ok
deepconvnet,0,sub-004,ses-04,ses-02,ses-04->ses-02,ok
deepconvnet,1,sub-004,ses-04,ses-02,ses-04->ses-02,ok
deepconvnet,2,sub-004,ses-04,ses-02,ses-04->ses-02,ok
deepconvnet,3,sub-004,ses-04,ses-02,ses-04->ses-02,ok
deepconvnet,4,sub-004,ses-04,ses-02,ses-04->ses-02,ok
fbcnet,0,sub-004,ses-04,ses-02,ses-04->ses-02,ok
fbcnet,1,sub-004,ses-04,ses-02,ses-04->ses-02,ok
fbcnet,2,sub-004,ses-04,ses-02,ses-04->ses-02,ok
fbcnet,3,sub-004,ses-04,ses-02,ses-04->ses-02,ok
fbcnet,4,sub-004,ses-04,ses-02,ses-04->ses-02,ok
eegnet,0,sub-004,ses-04,ses-03,ses-04->ses-03,ok
eegnet,1,sub-004,ses-04,ses-03,ses-04->ses-03,ok
eegnet,2,sub-004,ses-04,ses-03,ses-04->ses-03,ok
eegnet,3,sub-004,ses-04,ses-03,ses-04->ses-03,ok
eegnet,4,sub-004,ses-04,ses-03,ses-04->ses-03,ok
deepconvnet,0,sub-004,ses-04,ses-03,ses-04->ses-03,ok
deepconvnet,1,sub-004,ses-04,ses-03,ses-04->ses-03,ok
deepconvnet,2,sub-004,ses-04,ses-03,ses-04->ses-03,ok
deepconvnet,3,sub-004,ses-04,ses-03,ses-04->ses-03,ok
deepconvnet,4,sub-004,ses-04,ses-03,ses-04->ses-03,ok
fbcnet,0,sub-004,ses-04,ses-03,ses-04->ses-03,ok
fbcnet,1,sub-004,ses-04,ses-03,ses-04->ses-03,ok
fbcnet,2,sub-004,ses-04,ses-03,ses-04->ses-03,ok
fbcnet,3,sub-004,ses-04,ses-03,ses-04->ses-03,ok
fbcnet,4,sub-004,ses-04,ses-03,ses-04->ses-03,ok
eegnet,0,sub-004,ses-04,ses-05,ses-04->ses-05,ok
eegnet,1,sub-004,ses-04,ses-05,ses-04->ses-05,ok
eegnet,2,sub-004,ses-04,ses-05,ses-04->ses-05,ok
eegnet,3,sub-004,ses-04,ses-05,ses-04->ses-05,ok
eegnet,4,sub-004,ses-04,ses-05,ses-04->ses-05,ok
deepconvnet,0,sub-004,ses-04,ses-05,ses-04->ses-05,ok
deepconvnet,1,sub-004,ses-04,ses-05,ses-04->ses-05,ok
deepconvnet,2,sub-004,ses-04,ses-05,ses-04->ses-05,ok
deepconvnet,3,sub-004,ses-04,ses-05,ses-04->ses-05,ok
deepconvnet,4,sub-004,ses-04,ses-05,ses-04->ses-05,ok
fbcnet,0,sub-004,ses-04,ses-05,ses-04->ses-05,ok
fbcnet,1,sub-004,ses-04,ses-05,ses-04->ses-05,ok
fbcnet,2,sub-004,ses-04,ses-05,ses-04->ses-05,ok
fbcnet,3,sub-004,ses-04,ses-05,ses-04->ses-05,ok
fbcnet,4,sub-004,ses-04,ses-05,ses-04->ses-05,ok
eegnet,0,sub-004,ses-05,ses-01,ses-05->ses-01,ok
eegnet,1,sub-004,ses-05,ses-01,ses-05->ses-01,ok
eegnet,2,sub-004,ses-05,ses-01,ses-05->ses-01,ok
eegnet,3,sub-004,ses-05,ses-01,ses-05->ses-01,ok
eegnet,4,sub-004,ses-05,ses-01,ses-05->ses-01,ok
deepconvnet,0,sub-004,ses-05,ses-01,ses-05->ses-01,ok
deepconvnet,1,sub-004,ses-05,ses-01,ses-05->ses-01,ok
deepconvnet,2,sub-004,ses-05,ses-01,ses-05->ses-01,ok
deepconvnet,3,sub-004,ses-05,ses-01,ses-05->ses-01,ok
deepconvnet,4,sub-004,ses-05,ses-01,ses-05->ses-01,ok
fbcnet,0,sub-004,ses-05,ses-01,ses-05->ses-01,ok
fbcnet,1,sub-004,ses-05,ses-01,ses-05->ses-01,ok
fbcnet,2,sub-004,ses-05,ses-01,ses-05->ses-01,ok
fbcnet,3,sub-004,ses-05,ses-01,ses-05->ses-01,ok
fbcnet,4,sub-004,ses-05,ses-01,ses-05->ses-01,ok
eegnet,0,sub-004,ses-05,ses-02,ses-05->ses-02,ok
eegnet,1,sub-004,ses-05,ses-02,ses-05->ses-02,ok
eegnet,2,sub-004,ses-05,ses-02,ses-05->ses-02,ok
eegnet,3,sub-004,ses-05,ses-02,ses-05->ses-02,ok
eegnet,4,sub-004,ses-05,ses-02,ses-05->ses-02,ok
deepconvnet,0,sub-004,ses-05,ses-02,ses-05->ses-02,ok
deepconvnet,1,sub-004,ses-05,ses-02,ses-05->ses-02,ok
deepconvnet,2,sub-004,ses-05,ses-02,ses-05->ses-02,ok
deepconvnet,3,sub-004,ses-05,ses-02,ses-05->ses-02,ok
deepconvnet,4,sub-004,ses-05,ses-02,ses-05->ses-02,ok
fbcnet,0,sub-004,ses-05,ses-02,ses-05->ses-02,ok
fbcnet,1,sub-004,ses-05,ses-02,ses-05->ses-02,ok
fbcnet,2,sub-004,ses-05,ses-02,ses-05->ses-02,ok
fbcnet,3,sub-004,ses-05,ses-02,ses-05->ses-02,ok
fbcnet,4,sub-004,ses-05,ses-02,ses-05->ses-02,ok
eegnet,0,sub-004,ses-05,ses-03,ses-05->ses-03,ok
eegnet,1,sub-004,ses-05,ses-03,ses-05->ses-03,ok
eegnet,2,sub-004,ses-05,ses-03,ses-05->ses-03,ok
eegnet,3,sub-004,ses-05,ses-03,ses-05->ses-03,ok
eegnet,4,sub-004,ses-05,ses-03,ses-05->ses-03,ok
deepconvnet,0,sub-004,ses-05,ses-03,ses-05->ses-03,ok
deepconvnet,1,sub-004,ses-05,ses-03,ses-05->ses-03,ok
deepconvnet,2,sub-004,ses-05,ses-03,ses-05->ses-03,ok
deepconvnet,3,sub-004,ses-05,ses-03,ses-05->ses-03,ok
deepconvnet,4,sub-004,ses-05,ses-03,ses-05->ses-03,ok
fbcnet,0,sub-004,ses-05,ses-03,ses-05->ses-03,ok
fbcnet,1,sub-004,ses-05,ses-03,ses-05->ses-03,ok
fbcnet,2,sub-004,ses-05,ses-03,ses-05->ses-03,ok
fbcnet,3,sub-004,ses-05,ses-03,ses-05->ses-03,ok
fbcnet,4,sub-004,ses-05,ses-03,ses-05->ses-03,ok
eegnet,0,sub-004,ses-05,ses-04,ses-05->ses-04,ok
eegnet,1,sub-004,ses-05,ses-04,ses-05->ses-04,ok
eegnet,2,sub-004,ses-05,ses-04,ses-05->ses-04,ok
eegnet,3,sub-004,ses-05,ses-04,ses-05->ses-04,ok
eegnet,4,sub-004,ses-05,ses-04,ses-05->ses-04,ok
deepconvnet,0,sub-004,ses-05,ses-04,ses-05->ses-04,ok
deepconvnet,1,sub-004,ses-05,ses-04,ses-05->ses-04,ok
deepconvnet,2,sub-004,ses-05,ses-04,ses-05->ses-04,ok
deepconvnet,3,sub-004,ses-05,ses-04,ses-05->ses-04,ok
deepconvnet,4,sub-004,ses-05,ses-04,ses-05->ses-04,ok
fbcnet,0,sub-004,ses-05,ses-04,ses-05->ses-04,ok
fbcnet,1,sub-004,ses-05,ses-04,ses-05->ses-04,ok
fbcnet,2,sub-004,ses-05,ses-04,ses-05->ses-04,ok
fbcnet,3,sub-004,ses-05,ses-04,ses-05->ses-04,ok
fbcnet,4,sub-004,ses-05,ses-04,ses-05->ses-04,ok
eegnet,0,sub-005,ses-01,ses-02,ses-01->ses-02,ok
eegnet,1,sub-005,ses-01,ses-02,ses-01->ses-02,ok
eegnet,2,sub-005,ses-01,ses-02,ses-01->ses-02,ok
eegnet,3,sub-005,ses-01,ses-02,ses-01->ses-02,ok
eegnet,4,sub-005,ses-01,ses-02,ses-01->ses-02,ok
deepconvnet,0,sub-005,ses-01,ses-02,ses-01->ses-02,ok
deepconvnet,1,sub-005,ses-01,ses-02,ses-01->ses-02,ok
deepconvnet,2,sub-005,ses-01,ses-02,ses-01->ses-02,ok
deepconvnet,3,sub-005,ses-01,ses-02,ses-01->ses-02,ok
deepconvnet,4,sub-005,ses-01,ses-02,ses-01->ses-02,ok
fbcnet,0,sub-005,ses-01,ses-02,ses-01->ses-02,ok
fbcnet,1,sub-005,ses-01,ses-02,ses-01->ses-02,ok
fbcnet,2,sub-005,ses-01,ses-02,ses-01->ses-02,ok
fbcnet,3,sub-005,ses-01,ses-02,ses-01->ses-02,ok
fbcnet,4,sub-005,ses-01,ses-02,ses-01->ses-02,ok
eegnet,0,sub-005,ses-01,ses-03,ses-01->ses-03,ok
eegnet,1,sub-005,ses-01,ses-03,ses-01->ses-03,ok
eegnet,2,sub-005,ses-01,ses-03,ses-01->ses-03,ok
eegnet,3,sub-005,ses-01,ses-03,ses-01->ses-03,ok
eegnet,4,sub-005,ses-01,ses-03,ses-01->ses-03,ok
deepconvnet,0,sub-005,ses-01,ses-03,ses-01->ses-03,ok
deepconvnet,1,sub-005,ses-01,ses-03,ses-01->ses-03,ok
deepconvnet,2,sub-005,ses-01,ses-03,ses-01->ses-03,ok
deepconvnet,3,sub-005,ses-01,ses-03,ses-01->ses-03,ok
deepconvnet,4,sub-005,ses-01,ses-03,ses-01->ses-03,ok
fbcnet,0,sub-005,ses-01,ses-03,ses-01->ses-03,ok
fbcnet,1,sub-005,ses-01,ses-03,ses-01->ses-03,ok
fbcnet,2,sub-005,ses-01,ses-03,ses-01->ses-03,ok
fbcnet,3,sub-005,ses-01,ses-03,ses-01->ses-03,ok
fbcnet,4,sub-005,ses-01,ses-03,ses-01->ses-03,ok
eegnet,0,sub-005,ses-01,ses-04,ses-01->ses-04,ok
eegnet,1,sub-005,ses-01,ses-04,ses-01->ses-04,ok
eegnet,2,sub-005,ses-01,ses-04,ses-01->ses-04,ok
eegnet,3,sub-005,ses-01,ses-04,ses-01->ses-04,ok
eegnet,4,sub-005,ses-01,ses-04,ses-01->ses-04,ok
deepconvnet,0,sub-005,ses-01,ses-04,ses-01->ses-04,ok
deepconvnet,1,sub-005,ses-01,ses-04,ses-01->ses-04,ok
deepconvnet,2,sub-005,ses-01,ses-04,ses-01->ses-04,ok
deepconvnet,3,sub-005,ses-01,ses-04,ses-01->ses-04,ok
deepconvnet,4,sub-005,ses-01,ses-04,ses-01->ses-04,ok
fbcnet,0,sub-005,ses-01,ses-04,ses-01->ses-04,ok
fbcnet,1,sub-005,ses-01,ses-04,ses-01->ses-04,ok
fbcnet,2,sub-005,ses-01,ses-04,ses-01->ses-04,ok
fbcnet,3,sub-005,ses-01,ses-04,ses-01->ses-04,ok
fbcnet,4,sub-005,ses-01,ses-04,ses-01->ses-04,ok
eegnet,0,sub-005,ses-01,ses-05,ses-01->ses-05,ok
eegnet,1,sub-005,ses-01,ses-05,ses-01->ses-05,ok
eegnet,2,sub-005,ses-01,ses-05,ses-01->ses-05,ok
eegnet,3,sub-005,ses-01,ses-05,ses-01->ses-05,ok
eegnet,4,sub-005,ses-01,ses-05,ses-01->ses-05,ok
deepconvnet,0,sub-005,ses-01,ses-05,ses-01->ses-05,ok
deepconvnet,1,sub-005,ses-01,ses-05,ses-01->ses-05,ok
deepconvnet,2,sub-005,ses-01,ses-05,ses-01->ses-05,ok
deepconvnet,3,sub-005,ses-01,ses-05,ses-01->ses-05,ok
deepconvnet,4,sub-005,ses-01,ses-05,ses-01->ses-05,ok
fbcnet,0,sub-005,ses-01,ses-05,ses-01->ses-05,ok
fbcnet,1,sub-005,ses-01,ses-05,ses-01->ses-05,ok
fbcnet,2,sub-005,ses-01,ses-05,ses-01->ses-05,ok
fbcnet,3,sub-005,ses-01,ses-05,ses-01->ses-05,ok
fbcnet,4,sub-005,ses-01,ses-05,ses-01->ses-05,ok
eegnet,0,sub-005,ses-02,ses-01,ses-02->ses-01,ok
eegnet,1,sub-005,ses-02,ses-01,ses-02->ses-01,ok
eegnet,2,sub-005,ses-02,ses-01,ses-02->ses-01,ok
eegnet,3,sub-005,ses-02,ses-01,ses-02->ses-01,ok
eegnet,4,sub-005,ses-02,ses-01,ses-02->ses-01,ok
deepconvnet,0,sub-005,ses-02,ses-01,ses-02->ses-01,ok
deepconvnet,1,sub-005,ses-02,ses-01,ses-02->ses-01,ok
deepconvnet,2,sub-005,ses-02,ses-01,ses-02->ses-01,ok
deepconvnet,3,sub-005,ses-02,ses-01,ses-02->ses-01,ok
deepconvnet,4,sub-005,ses-02,ses-01,ses-02->ses-01,ok
fbcnet,0,sub-005,ses-02,ses-01,ses-02->ses-01,ok
fbcnet,1,sub-005,ses-02,ses-01,ses-02->ses-01,ok
fbcnet,2,sub-005,ses-02,ses-01,ses-02->ses-01,ok
fbcnet,3,sub-005,ses-02,ses-01,ses-02->ses-01,ok
fbcnet,4,sub-005,ses-02,ses-01,ses-02->ses-01,ok
eegnet,0,sub-005,ses-02,ses-03,ses-02->ses-03,ok
eegnet,1,sub-005,ses-02,ses-03,ses-02->ses-03,ok
eegnet,2,sub-005,ses-02,ses-03,ses-02->ses-03,ok
eegnet,3,sub-005,ses-02,ses-03,ses-02->ses-03,ok
eegnet,4,sub-005,ses-02,ses-03,ses-02->ses-03,ok
deepconvnet,0,sub-005,ses-02,ses-03,ses-02->ses-03,ok
deepconvnet,1,sub-005,ses-02,ses-03,ses-02->ses-03,ok
deepconvnet,2,sub-005,ses-02,ses-03,ses-02->ses-03,ok
deepconvnet,3,sub-005,ses-02,ses-03,ses-02->ses-03,ok
deepconvnet,4,sub-005,ses-02,ses-03,ses-02->ses-03,ok
fbcnet,0,sub-005,ses-02,ses-03,ses-02->ses-03,ok
fbcnet,1,sub-005,ses-02,ses-03,ses-02->ses-03,ok
fbcnet,2,sub-005,ses-02,ses-03,ses-02->ses-03,ok
fbcnet,3,sub-005,ses-02,ses-03,ses-02->ses-03,ok
fbcnet,4,sub-005,ses-02,ses-03,ses-02->ses-03,ok
eegnet,0,sub-005,ses-02,ses-04,ses-02->ses-04,ok
eegnet,1,sub-005,ses-02,ses-04,ses-02->ses-04,ok
eegnet,2,sub-005,ses-02,ses-04,ses-02->ses-04,ok
eegnet,3,sub-005,ses-02,ses-04,ses-02->ses-04,ok
eegnet,4,sub-005,ses-02,ses-04,ses-02->ses-04,ok
deepconvnet,0,sub-005,ses-02,ses-04,ses-02->ses-04,ok
deepconvnet,1,sub-005,ses-02,ses-04,ses-02->ses-04,ok
deepconvnet,2,sub-005,ses-02,ses-04,ses-02->ses-04,ok
deepconvnet,3,sub-005,ses-02,ses-04,ses-02->ses-04,ok
deepconvnet,4,sub-005,ses-02,ses-04,ses-02->ses-04,ok
fbcnet,0,sub-005,ses-02,ses-04,ses-02->ses-04,ok
fbcnet,1,sub-005,ses-02,ses-04,ses-02->ses-04,ok
fbcnet,2,sub-005,ses-02,ses-04,ses-02->ses-04,ok
fbcnet,3,sub-005,ses-02,ses-04,ses-02->ses-04,ok
fbcnet,4,sub-005,ses-02,ses-04,ses-02->ses-04,ok
eegnet,0,sub-005,ses-02,ses-05,ses-02->ses-05,ok
eegnet,1,sub-005,ses-02,ses-05,ses-02->ses-05,ok
eegnet,2,sub-005,ses-02,ses-05,ses-02->ses-05,ok
eegnet,3,sub-005,ses-02,ses-05,ses-02->ses-05,ok
eegnet,4,sub-005,ses-02,ses-05,ses-02->ses-05,ok
deepconvnet,0,sub-005,ses-02,ses-05,ses-02->ses-05,ok
deepconvnet,1,sub-005,ses-02,ses-05,ses-02->ses-05,ok
deepconvnet,2,sub-005,ses-02,ses-05,ses-02->ses-05,ok
deepconvnet,3,sub-005,ses-02,ses-05,ses-02->ses-05,ok
deepconvnet,4,sub-005,ses-02,ses-05,ses-02->ses-05,ok
fbcnet,0,sub-005,ses-02,ses-05,ses-02->ses-05,ok
fbcnet,1,sub-005,ses-02,ses-05,ses-02->ses-05,ok
fbcnet,2,sub-005,ses-02,ses-05,ses-02->ses-05,ok
fbcnet,3,sub-005,ses-02,ses-05,ses-02->ses-05,ok
fbcnet,4,sub-005,ses-02,ses-05,ses-02->ses-05,ok
eegnet,0,sub-005,ses-03,ses-01,ses-03->ses-01,ok
eegnet,1,sub-005,ses-03,ses-01,ses-03->ses-01,ok
eegnet,2,sub-005,ses-03,ses-01,ses-03->ses-01,ok
eegnet,3,sub-005,ses-03,ses-01,ses-03->ses-01,ok
eegnet,4,sub-005,ses-03,ses-01,ses-03->ses-01,ok
deepconvnet,0,sub-005,ses-03,ses-01,ses-03->ses-01,ok
deepconvnet,1,sub-005,ses-03,ses-01,ses-03->ses-01,ok
deepconvnet,2,sub-005,ses-03,ses-01,ses-03->ses-01,ok
deepconvnet,3,sub-005,ses-03,ses-01,ses-03->ses-01,ok
deepconvnet,4,sub-005,ses-03,ses-01,ses-03->ses-01,ok
fbcnet,0,sub-005,ses-03,ses-01,ses-03->ses-01,ok
fbcnet,1,sub-005,ses-03,ses-01,ses-03->ses-01,ok
fbcnet,2,sub-005,ses-03,ses-01,ses-03->ses-01,ok
fbcnet,3,sub-005,ses-03,ses-01,ses-03->ses-01,ok
fbcnet,4,sub-005,ses-03,ses-01,ses-03->ses-01,ok
eegnet,0,sub-005,ses-03,ses-02,ses-03->ses-02,ok
eegnet,1,sub-005,ses-03,ses-02,ses-03->ses-02,ok
eegnet,2,sub-005,ses-03,ses-02,ses-03->ses-02,ok
eegnet,3,sub-005,ses-03,ses-02,ses-03->ses-02,ok
eegnet,4,sub-005,ses-03,ses-02,ses-03->ses-02,ok
deepconvnet,0,sub-005,ses-03,ses-02,ses-03->ses-02,ok
deepconvnet,1,sub-005,ses-03,ses-02,ses-03->ses-02,ok
deepconvnet,2,sub-005,ses-03,ses-02,ses-03->ses-02,ok
deepconvnet,3,sub-005,ses-03,ses-02,ses-03->ses-02,ok
deepconvnet,4,sub-005,ses-03,ses-02,ses-03->ses-02,ok
fbcnet,0,sub-005,ses-03,ses-02,ses-03->ses-02,ok
fbcnet,1,sub-005,ses-03,ses-02,ses-03->ses-02,ok
fbcnet,2,sub-005,ses-03,ses-02,ses-03->ses-02,ok
fbcnet,3,sub-005,ses-03,ses-02,ses-03->ses-02,ok
fbcnet,4,sub-005,ses-03,ses-02,ses-03->ses-02,ok
eegnet,0,sub-005,ses-03,ses-04,ses-03->ses-04,ok
eegnet,1,sub-005,ses-03,ses-04,ses-03->ses-04,ok
eegnet,2,sub-005,ses-03,ses-04,ses-03->ses-04,ok
eegnet,3,sub-005,ses-03,ses-04,ses-03->ses-04,ok
eegnet,4,sub-005,ses-03,ses-04,ses-03->ses-04,ok
deepconvnet,0,sub-005,ses-03,ses-04,ses-03->ses-04,ok
deepconvnet,1,sub-005,ses-03,ses-04,ses-03->ses-04,ok
deepconvnet,2,sub-005,ses-03,ses-04,ses-03->ses-04,ok
deepconvnet,3,sub-005,ses-03,ses-04,ses-03->ses-04,ok
deepconvnet,4,sub-005,ses-03,ses-04,ses-03->ses-04,ok
fbcnet,0,sub-005,ses-03,ses-04,ses-03->ses-04,ok
fbcnet,1,sub-005,ses-03,ses-04,ses-03->ses-04,ok
fbcnet,2,sub-005,ses-03,ses-04,ses-03->ses-04,ok
fbcnet,3,sub-005,ses-03,ses-04,ses-03->ses-04,ok
fbcnet,4,sub-005,ses-03,ses-04,ses-03->ses-04,ok
eegnet,0,sub-005,ses-03,ses-05,ses-03->ses-05,ok
eegnet,1,sub-005,ses-03,ses-05,ses-03->ses-05,ok
eegnet,2,sub-005,ses-03,ses-05,ses-03->ses-05,ok
eegnet,3,sub-005,ses-03,ses-05,ses-03->ses-05,ok
eegnet,4,sub-005,ses-03,ses-05,ses-03->ses-05,ok
deepconvnet,0,sub-005,ses-03,ses-05,ses-03->ses-05,ok
deepconvnet,1,sub-005,ses-03,ses-05,ses-03->ses-05,ok
deepconvnet,2,sub-005,ses-03,ses-05,ses-03->ses-05,ok
deepconvnet,3,sub-005,ses-03,ses-05,ses-03->ses-05,ok
deepconvnet,4,sub-005,ses-03,ses-05,ses-03->ses-05,ok
fbcnet,0,sub-005,ses-03,ses-05,ses-03->ses-05,ok
fbcnet,1,sub-005,ses-03,ses-05,ses-03->ses-05,ok
fbcnet,2,sub-005,ses-03,ses-05,ses-03->ses-05,ok
fbcnet,3,sub-005,ses-03,ses-05,ses-03->ses-05,ok
fbcnet,4,sub-005,ses-03,ses-05,ses-03->ses-05,ok
eegnet,0,sub-005,ses-04,ses-01,ses-04->ses-01,ok
eegnet,1,sub-005,ses-04,ses-01,ses-04->ses-01,ok
eegnet,2,sub-005,ses-04,ses-01,ses-04->ses-01,ok
eegnet,3,sub-005,ses-04,ses-01,ses-04->ses-01,ok
eegnet,4,sub-005,ses-04,ses-01,ses-04->ses-01,ok
deepconvnet,0,sub-005,ses-04,ses-01,ses-04->ses-01,ok
deepconvnet,1,sub-005,ses-04,ses-01,ses-04->ses-01,ok
deepconvnet,2,sub-005,ses-04,ses-01,ses-04->ses-01,ok
deepconvnet,3,sub-005,ses-04,ses-01,ses-04->ses-01,ok
deepconvnet,4,sub-005,ses-04,ses-01,ses-04->ses-01,ok
fbcnet,0,sub-005,ses-04,ses-01,ses-04->ses-01,ok
fbcnet,1,sub-005,ses-04,ses-01,ses-04->ses-01,ok
fbcnet,2,sub-005,ses-04,ses-01,ses-04->ses-01,ok
fbcnet,3,sub-005,ses-04,ses-01,ses-04->ses-01,ok
fbcnet,4,sub-005,ses-04,ses-01,ses-04->ses-01,ok
eegnet,0,sub-005,ses-04,ses-02,ses-04->ses-02,ok
eegnet,1,sub-005,ses-04,ses-02,ses-04->ses-02,ok
eegnet,2,sub-005,ses-04,ses-02,ses-04->ses-02,ok
eegnet,3,sub-005,ses-04,ses-02,ses-04->ses-02,ok
eegnet,4,sub-005,ses-04,ses-02,ses-04->ses-02,ok
deepconvnet,0,sub-005,ses-04,ses-02,ses-04->ses-02,ok
deepconvnet,1,sub-005,ses-04,ses-02,ses-04->ses-02,ok
deepconvnet,2,sub-005,ses-04,ses-02,ses-04->ses-02,ok
deepconvnet,3,sub-005,ses-04,ses-02,ses-04->ses-02,ok
deepconvnet,4,sub-005,ses-04,ses-02,ses-04->ses-02,ok
fbcnet,0,sub-005,ses-04,ses-02,ses-04->ses-02,ok
fbcnet,1,sub-005,ses-04,ses-02,ses-04->ses-02,ok
fbcnet,2,sub-005,ses-04,ses-02,ses-04->ses-02,ok
fbcnet,3,sub-005,ses-04,ses-02,ses-04->ses-02,ok
fbcnet,4,sub-005,ses-04,ses-02,ses-04->ses-02,ok
eegnet,0,sub-005,ses-04,ses-03,ses-04->ses-03,ok
eegnet,1,sub-005,ses-04,ses-03,ses-04->ses-03,ok
eegnet,2,sub-005,ses-04,ses-03,ses-04->ses-03,ok
eegnet,3,sub-005,ses-04,ses-03,ses-04->ses-03,ok
eegnet,4,sub-005,ses-04,ses-03,ses-04->ses-03,ok
deepconvnet,0,sub-005,ses-04,ses-03,ses-04->ses-03,ok
deepconvnet,1,sub-005,ses-04,ses-03,ses-04->ses-03,ok
deepconvnet,2,sub-005,ses-04,ses-03,ses-04->ses-03,ok
deepconvnet,3,sub-005,ses-04,ses-03,ses-04->ses-03,ok
deepconvnet,4,sub-005,ses-04,ses-03,ses-04->ses-03,ok
fbcnet,0,sub-005,ses-04,ses-03,ses-04->ses-03,ok
fbcnet,1,sub-005,ses-04,ses-03,ses-04->ses-03,ok
fbcnet,2,sub-005,ses-04,ses-03,ses-04->ses-03,ok
fbcnet,3,sub-005,ses-04,ses-03,ses-04->ses-03,ok
fbcnet,4,sub-005,ses-04,ses-03,ses-04->ses-03,ok
eegnet,0,sub-005,ses-04,ses-05,ses-04->ses-05,ok
eegnet,1,sub-005,ses-04,ses-05,ses-04->ses-05,ok
eegnet,2,sub-005,ses-04,ses-05,ses-04->ses-05,ok
eegnet,3,sub-005,ses-04,ses-05,ses-04->ses-05,ok
eegnet,4,sub-005,ses-04,ses-05,ses-04->ses-05,ok
deepconvnet,0,sub-005,ses-04,ses-05,ses-04->ses-05,ok
deepconvnet,1,sub-005,ses-04,ses-05,ses-04->ses-05,ok
deepconvnet,2,sub-005,ses-04,ses-05,ses-04->ses-05,ok
deepconvnet,3,sub-005,ses-04,ses-05,ses-04->ses-05,ok
deepconvnet,4,sub-005,ses-04,ses-05,ses-04->ses-05,ok
fbcnet,0,sub-005,ses-04,ses-05,ses-04->ses-05,ok
fbcnet,1,sub-005,ses-04,ses-05,ses-04->ses-05,ok
fbcnet,2,sub-005,ses-04,ses-05,ses-04->ses-05,ok
fbcnet,3,sub-005,ses-04,ses-05,ses-04->ses-05,ok
fbcnet,4,sub-005,ses-04,ses-05,ses-04->ses-05,ok
eegnet,0,sub-005,ses-05,ses-01,ses-05->ses-01,ok
eegnet,1,sub-005,ses-05,ses-01,ses-05->ses-01,ok
eegnet,2,sub-005,ses-05,ses-01,ses-05->ses-01,ok
eegnet,3,sub-005,ses-05,ses-01,ses-05->ses-01,ok
eegnet,4,sub-005,ses-05,ses-01,ses-05->ses-01,ok
deepconvnet,0,sub-005,ses-05,ses-01,ses-05->ses-01,ok
deepconvnet,1,sub-005,ses-05,ses-01,ses-05->ses-01,ok
deepconvnet,2,sub-005,ses-05,ses-01,ses-05->ses-01,ok
deepconvnet,3,sub-005,ses-05,ses-01,ses-05->ses-01,ok
deepconvnet,4,sub-005,ses-05,ses-01,ses-05->ses-01,ok
fbcnet,0,sub-005,ses-05,ses-01,ses-05->ses-01,ok
fbcnet,1,sub-005,ses-05,ses-01,ses-05->ses-01,ok
fbcnet,2,sub-005,ses-05,ses-01,ses-05->ses-01,ok
fbcnet,3,sub-005,ses-05,ses-01,ses-05->ses-01,ok
fbcnet,4,sub-005,ses-05,ses-01,ses-05->ses-01,ok
eegnet,0,sub-005,ses-05,ses-02,ses-05->ses-02,ok
eegnet,1,sub-005,ses-05,ses-02,ses-05->ses-02,ok
eegnet,2,sub-005,ses-05,ses-02,ses-05->ses-02,ok
eegnet,3,sub-005,ses-05,ses-02,ses-05->ses-02,ok
eegnet,4,sub-005,ses-05,ses-02,ses-05->ses-02,ok
deepconvnet,0,sub-005,ses-05,ses-02,ses-05->ses-02,ok
deepconvnet,1,sub-005,ses-05,ses-02,ses-05->ses-02,ok
deepconvnet,2,sub-005,ses-05,ses-02,ses-05->ses-02,ok
deepconvnet,3,sub-005,ses-05,ses-02,ses-05->ses-02,ok
deepconvnet,4,sub-005,ses-05,ses-02,ses-05->ses-02,ok
fbcnet,0,sub-005,ses-05,ses-02,ses-05->ses-02,ok
fbcnet,1,sub-005,ses-05,ses-02,ses-05->ses-02,ok
fbcnet,2,sub-005,ses-05,ses-02,ses-05->ses-02,ok
fbcnet,3,sub-005,ses-05,ses-02,ses-05->ses-02,ok
fbcnet,4,sub-005,ses-05,ses-02,ses-05->ses-02,ok
eegnet,0,sub-005,ses-05,ses-03,ses-05->ses-03,ok
eegnet,1,sub-005,ses-05,ses-03,ses-05->ses-03,ok
eegnet,2,sub-005,ses-05,ses-03,ses-05->ses-03,ok
eegnet,3,sub-005,ses-05,ses-03,ses-05->ses-03,ok
eegnet,4,sub-005,ses-05,ses-03,ses-05->ses-03,ok
deepconvnet,0,sub-005,ses-05,ses-03,ses-05->ses-03,ok
deepconvnet,1,sub-005,ses-05,ses-03,ses-05->ses-03,ok
deepconvnet,2,sub-005,ses-05,ses-03,ses-05->ses-03,ok
deepconvnet,3,sub-005,ses-05,ses-03,ses-05->ses-03,ok
deepconvnet,4,sub-005,ses-05,ses-03,ses-05->ses-03,ok
fbcnet,0,sub-005,ses-05,ses-03,ses-05->ses-03,ok
fbcnet,1,sub-005,ses-05,ses-03,ses-05->ses-03,ok
fbcnet,2,sub-005,ses-05,ses-03,ses-05->ses-03,ok
fbcnet,3,sub-005,ses-05,ses-03,ses-05->ses-03,ok
fbcnet,4,sub-005,ses-05,ses-03,ses-05->ses-03,ok
eegnet,0,sub-005,ses-05,ses-04,ses-05->ses-04,ok
eegnet,1,sub-005,ses-05,ses-04,ses-05->ses-04,ok
eegnet,2,sub-005,ses-05,ses-04,ses-05->ses-04,ok
eegnet,3,sub-005,ses-05,ses-04,ses-05->ses-04,ok
eegnet,4,sub-005,ses-05,ses-04,ses-05->ses-04,ok
deepconvnet,0,sub-005,ses-05,ses-04,ses-05->ses-04,ok
deepconvnet,1,sub-005,ses-05,ses-04,ses-05->ses-04,ok
deepconvnet,2,sub-005,ses-05,ses-04,ses-05->ses-04,ok
deepconvnet,3,sub-005,ses-05,ses-04,ses-05->ses-04,ok
deepconvnet,4,sub-005,ses-05,ses-04,ses-05->ses-04,ok
fbcnet,0,sub-005,ses-05,ses-04,ses-05->ses-04,ok
fbcnet,1,sub-005,ses-05,ses-04,ses-05->ses-04,ok
fbcnet,2,sub-005,ses-05,ses-04,ses-05->ses-04,ok
fbcnet,3,sub-005,ses-05,ses-04,ses-05->ses-04,ok
fbcnet,4,sub-005,ses-05,ses-04,ses-05->ses-04,ok
eegnet,0,sub-006,ses-01,ses-02,ses-01->ses-02,ok
eegnet,1,sub-006,ses-01,ses-02,ses-01->ses-02,ok
eegnet,2,sub-006,ses-01,ses-02,ses-01->ses-02,ok
eegnet,3,sub-006,ses-01,ses-02,ses-01->ses-02,ok
eegnet,4,sub-006,ses-01,ses-02,ses-01->ses-02,ok
deepconvnet,0,sub-006,ses-01,ses-02,ses-01->ses-02,ok
deepconvnet,1,sub-006,ses-01,ses-02,ses-01->ses-02,ok
deepconvnet,2,sub-006,ses-01,ses-02,ses-01->ses-02,ok
deepconvnet,3,sub-006,ses-01,ses-02,ses-01->ses-02,ok
deepconvnet,4,sub-006,ses-01,ses-02,ses-01->ses-02,ok
fbcnet,0,sub-006,ses-01,ses-02,ses-01->ses-02,ok
fbcnet,1,sub-006,ses-01,ses-02,ses-01->ses-02,ok
fbcnet,2,sub-006,ses-01,ses-02,ses-01->ses-02,ok
fbcnet,3,sub-006,ses-01,ses-02,ses-01->ses-02,ok
fbcnet,4,sub-006,ses-01,ses-02,ses-01->ses-02,ok
eegnet,0,sub-006,ses-01,ses-03,ses-01->ses-03,ok
eegnet,1,sub-006,ses-01,ses-03,ses-01->ses-03,ok
eegnet,2,sub-006,ses-01,ses-03,ses-01->ses-03,ok
eegnet,3,sub-006,ses-01,ses-03,ses-01->ses-03,ok
eegnet,4,sub-006,ses-01,ses-03,ses-01->ses-03,ok
deepconvnet,0,sub-006,ses-01,ses-03,ses-01->ses-03,ok
deepconvnet,1,sub-006,ses-01,ses-03,ses-01->ses-03,ok
deepconvnet,2,sub-006,ses-01,ses-03,ses-01->ses-03,ok
deepconvnet,3,sub-006,ses-01,ses-03,ses-01->ses-03,ok
deepconvnet,4,sub-006,ses-01,ses-03,ses-01->ses-03,ok
fbcnet,0,sub-006,ses-01,ses-03,ses-01->ses-03,ok
fbcnet,1,sub-006,ses-01,ses-03,ses-01->ses-03,ok
fbcnet,2,sub-006,ses-01,ses-03,ses-01->ses-03,ok
fbcnet,3,sub-006,ses-01,ses-03,ses-01->ses-03,ok
fbcnet,4,sub-006,ses-01,ses-03,ses-01->ses-03,ok
eegnet,0,sub-006,ses-01,ses-04,ses-01->ses-04,ok
eegnet,1,sub-006,ses-01,ses-04,ses-01->ses-04,ok
eegnet,2,sub-006,ses-01,ses-04,ses-01->ses-04,ok
eegnet,3,sub-006,ses-01,ses-04,ses-01->ses-04,ok
eegnet,4,sub-006,ses-01,ses-04,ses-01->ses-04,ok
deepconvnet,0,sub-006,ses-01,ses-04,ses-01->ses-04,ok
deepconvnet,1,sub-006,ses-01,ses-04,ses-01->ses-04,ok
deepconvnet,2,sub-006,ses-01,ses-04,ses-01->ses-04,ok
deepconvnet,3,sub-006,ses-01,ses-04,ses-01->ses-04,ok
deepconvnet,4,sub-006,ses-01,ses-04,ses-01->ses-04,ok
fbcnet,0,sub-006,ses-01,ses-04,ses-01->ses-04,ok
fbcnet,1,sub-006,ses-01,ses-04,ses-01->ses-04,ok
fbcnet,2,sub-006,ses-01,ses-04,ses-01->ses-04,ok
fbcnet,3,sub-006,ses-01,ses-04,ses-01->ses-04,ok
fbcnet,4,sub-006,ses-01,ses-04,ses-01->ses-04,ok
eegnet,0,sub-006,ses-01,ses-05,ses-01->ses-05,ok
eegnet,1,sub-006,ses-01,ses-05,ses-01->ses-05,ok
eegnet,2,sub-006,ses-01,ses-05,ses-01->ses-05,ok
eegnet,3,sub-006,ses-01,ses-05,ses-01->ses-05,ok
eegnet,4,sub-006,ses-01,ses-05,ses-01->ses-05,ok
deepconvnet,0,sub-006,ses-01,ses-05,ses-01->ses-05,ok
deepconvnet,1,sub-006,ses-01,ses-05,ses-01->ses-05,ok
deepconvnet,2,sub-006,ses-01,ses-05,ses-01->ses-05,ok
deepconvnet,3,sub-006,ses-01,ses-05,ses-01->ses-05,ok
deepconvnet,4,sub-006,ses-01,ses-05,ses-01->ses-05,ok
fbcnet,0,sub-006,ses-01,ses-05,ses-01->ses-05,ok
fbcnet,1,sub-006,ses-01,ses-05,ses-01->ses-05,ok
fbcnet,2,sub-006,ses-01,ses-05,ses-01->ses-05,ok
fbcnet,3,sub-006,ses-01,ses-05,ses-01->ses-05,ok
fbcnet,4,sub-006,ses-01,ses-05,ses-01->ses-05,ok
eegnet,0,sub-006,ses-02,ses-01,ses-02->ses-01,ok
eegnet,1,sub-006,ses-02,ses-01,ses-02->ses-01,ok
eegnet,2,sub-006,ses-02,ses-01,ses-02->ses-01,ok
eegnet,3,sub-006,ses-02,ses-01,ses-02->ses-01,ok
eegnet,4,sub-006,ses-02,ses-01,ses-02->ses-01,ok
deepconvnet,0,sub-006,ses-02,ses-01,ses-02->ses-01,ok
deepconvnet,1,sub-006,ses-02,ses-01,ses-02->ses-01,ok
deepconvnet,2,sub-006,ses-02,ses-01,ses-02->ses-01,ok
deepconvnet,3,sub-006,ses-02,ses-01,ses-02->ses-01,ok
deepconvnet,4,sub-006,ses-02,ses-01,ses-02->ses-01,ok
fbcnet,0,sub-006,ses-02,ses-01,ses-02->ses-01,ok
fbcnet,1,sub-006,ses-02,ses-01,ses-02->ses-01,ok
fbcnet,2,sub-006,ses-02,ses-01,ses-02->ses-01,ok
fbcnet,3,sub-006,ses-02,ses-01,ses-02->ses-01,ok
fbcnet,4,sub-006,ses-02,ses-01,ses-02->ses-01,ok
eegnet,0,sub-006,ses-02,ses-03,ses-02->ses-03,ok
eegnet,1,sub-006,ses-02,ses-03,ses-02->ses-03,ok
eegnet,2,sub-006,ses-02,ses-03,ses-02->ses-03,ok
eegnet,3,sub-006,ses-02,ses-03,ses-02->ses-03,ok
eegnet,4,sub-006,ses-02,ses-03,ses-02->ses-03,ok
deepconvnet,0,sub-006,ses-02,ses-03,ses-02->ses-03,ok
deepconvnet,1,sub-006,ses-02,ses-03,ses-02->ses-03,ok
deepconvnet,2,sub-006,ses-02,ses-03,ses-02->ses-03,ok
deepconvnet,3,sub-006,ses-02,ses-03,ses-02->ses-03,ok
deepconvnet,4,sub-006,ses-02,ses-03,ses-02->ses-03,ok
fbcnet,0,sub-006,ses-02,ses-03,ses-02->ses-03,ok
fbcnet,1,sub-006,ses-02,ses-03,ses-02->ses-03,ok
fbcnet,2,sub-006,ses-02,ses-03,ses-02->ses-03,ok
fbcnet,3,sub-006,ses-02,ses-03,ses-02->ses-03,ok
fbcnet,4,sub-006,ses-02,ses-03,ses-02->ses-03,ok
eegnet,0,sub-006,ses-02,ses-04,ses-02->ses-04,ok
eegnet,1,sub-006,ses-02,ses-04,ses-02->ses-04,ok
eegnet,2,sub-006,ses-02,ses-04,ses-02->ses-04,ok
eegnet,3,sub-006,ses-02,ses-04,ses-02->ses-04,ok
eegnet,4,sub-006,ses-02,ses-04,ses-02->ses-04,ok
deepconvnet,0,sub-006,ses-02,ses-04,ses-02->ses-04,ok
deepconvnet,1,sub-006,ses-02,ses-04,ses-02->ses-04,ok
deepconvnet,2,sub-006,ses-02,ses-04,ses-02->ses-04,ok
deepconvnet,3,sub-006,ses-02,ses-04,ses-02->ses-04,ok
deepconvnet,4,sub-006,ses-02,ses-04,ses-02->ses-04,ok
fbcnet,0,sub-006,ses-02,ses-04,ses-02->ses-04,ok
fbcnet,1,sub-006,ses-02,ses-04,ses-02->ses-04,ok
fbcnet,2,sub-006,ses-02,ses-04,ses-02->ses-04,ok
fbcnet,3,sub-006,ses-02,ses-04,ses-02->ses-04,ok
fbcnet,4,sub-006,ses-02,ses-04,ses-02->ses-04,ok
eegnet,0,sub-006,ses-02,ses-05,ses-02->ses-05,ok
eegnet,1,sub-006,ses-02,ses-05,ses-02->ses-05,ok
eegnet,2,sub-006,ses-02,ses-05,ses-02->ses-05,ok
eegnet,3,sub-006,ses-02,ses-05,ses-02->ses-05,ok
eegnet,4,sub-006,ses-02,ses-05,ses-02->ses-05,ok
deepconvnet,0,sub-006,ses-02,ses-05,ses-02->ses-05,ok
deepconvnet,1,sub-006,ses-02,ses-05,ses-02->ses-05,ok
deepconvnet,2,sub-006,ses-02,ses-05,ses-02->ses-05,ok
deepconvnet,3,sub-006,ses-02,ses-05,ses-02->ses-05,ok
deepconvnet,4,sub-006,ses-02,ses-05,ses-02->ses-05,ok
fbcnet,0,sub-006,ses-02,ses-05,ses-02->ses-05,ok
fbcnet,1,sub-006,ses-02,ses-05,ses-02->ses-05,ok
fbcnet,2,sub-006,ses-02,ses-05,ses-02->ses-05,ok
fbcnet,3,sub-006,ses-02,ses-05,ses-02->ses-05,ok
fbcnet,4,sub-006,ses-02,ses-05,ses-02->ses-05,ok
eegnet,0,sub-006,ses-03,ses-01,ses-03->ses-01,ok
eegnet,1,sub-006,ses-03,ses-01,ses-03->ses-01,ok
eegnet,2,sub-006,ses-03,ses-01,ses-03->ses-01,ok
eegnet,3,sub-006,ses-03,ses-01,ses-03->ses-01,ok
eegnet,4,sub-006,ses-03,ses-01,ses-03->ses-01,ok
deepconvnet,0,sub-006,ses-03,ses-01,ses-03->ses-01,ok
deepconvnet,1,sub-006,ses-03,ses-01,ses-03->ses-01,ok
deepconvnet,2,sub-006,ses-03,ses-01,ses-03->ses-01,ok
deepconvnet,3,sub-006,ses-03,ses-01,ses-03->ses-01,ok
deepconvnet,4,sub-006,ses-03,ses-01,ses-03->ses-01,ok
fbcnet,0,sub-006,ses-03,ses-01,ses-03->ses-01,ok
fbcnet,1,sub-006,ses-03,ses-01,ses-03->ses-01,ok
fbcnet,2,sub-006,ses-03,ses-01,ses-03->ses-01,ok
fbcnet,3,sub-006,ses-03,ses-01,ses-03->ses-01,ok
fbcnet,4,sub-006,ses-03,ses-01,ses-03->ses-01,ok
eegnet,0,sub-006,ses-03,ses-02,ses-03->ses-02,ok
eegnet,1,sub-006,ses-03,ses-02,ses-03->ses-02,ok
eegnet,2,sub-006,ses-03,ses-02,ses-03->ses-02,ok
eegnet,3,sub-006,ses-03,ses-02,ses-03->ses-02,ok
eegnet,4,sub-006,ses-03,ses-02,ses-03->ses-02,ok
deepconvnet,0,sub-006,ses-03,ses-02,ses-03->ses-02,ok
deepconvnet,1,sub-006,ses-03,ses-02,ses-03->ses-02,ok
deepconvnet,2,sub-006,ses-03,ses-02,ses-03->ses-02,ok
deepconvnet,3,sub-006,ses-03,ses-02,ses-03->ses-02,ok
deepconvnet,4,sub-006,ses-03,ses-02,ses-03->ses-02,ok
fbcnet,0,sub-006,ses-03,ses-02,ses-03->ses-02,ok
fbcnet,1,sub-006,ses-03,ses-02,ses-03->ses-02,ok
fbcnet,2,sub-006,ses-03,ses-02,ses-03->ses-02,ok
fbcnet,3,sub-006,ses-03,ses-02,ses-03->ses-02,ok
fbcnet,4,sub-006,ses-03,ses-02,ses-03->ses-02,ok
eegnet,0,sub-006,ses-03,ses-04,ses-03->ses-04,ok
eegnet,1,sub-006,ses-03,ses-04,ses-03->ses-04,ok
eegnet,2,sub-006,ses-03,ses-04,ses-03->ses-04,ok
eegnet,3,sub-006,ses-03,ses-04,ses-03->ses-04,ok
eegnet,4,sub-006,ses-03,ses-04,ses-03->ses-04,ok
deepconvnet,0,sub-006,ses-03,ses-04,ses-03->ses-04,ok
deepconvnet,1,sub-006,ses-03,ses-04,ses-03->ses-04,ok
deepconvnet,2,sub-006,ses-03,ses-04,ses-03->ses-04,ok
deepconvnet,3,sub-006,ses-03,ses-04,ses-03->ses-04,ok
deepconvnet,4,sub-006,ses-03,ses-04,ses-03->ses-04,ok
fbcnet,0,sub-006,ses-03,ses-04,ses-03->ses-04,ok
fbcnet,1,sub-006,ses-03,ses-04,ses-03->ses-04,ok
fbcnet,2,sub-006,ses-03,ses-04,ses-03->ses-04,ok
fbcnet,3,sub-006,ses-03,ses-04,ses-03->ses-04,ok
fbcnet,4,sub-006,ses-03,ses-04,ses-03->ses-04,ok
eegnet,0,sub-006,ses-03,ses-05,ses-03->ses-05,ok
eegnet,1,sub-006,ses-03,ses-05,ses-03->ses-05,ok
eegnet,2,sub-006,ses-03,ses-05,ses-03->ses-05,ok
eegnet,3,sub-006,ses-03,ses-05,ses-03->ses-05,ok
eegnet,4,sub-006,ses-03,ses-05,ses-03->ses-05,ok
deepconvnet,0,sub-006,ses-03,ses-05,ses-03->ses-05,ok
deepconvnet,1,sub-006,ses-03,ses-05,ses-03->ses-05,ok
deepconvnet,2,sub-006,ses-03,ses-05,ses-03->ses-05,ok
deepconvnet,3,sub-006,ses-03,ses-05,ses-03->ses-05,ok
deepconvnet,4,sub-006,ses-03,ses-05,ses-03->ses-05,ok
fbcnet,0,sub-006,ses-03,ses-05,ses-03->ses-05,ok
fbcnet,1,sub-006,ses-03,ses-05,ses-03->ses-05,ok
fbcnet,2,sub-006,ses-03,ses-05,ses-03->ses-05,ok
fbcnet,3,sub-006,ses-03,ses-05,ses-03->ses-05,ok
fbcnet,4,sub-006,ses-03,ses-05,ses-03->ses-05,ok
eegnet,0,sub-006,ses-04,ses-01,ses-04->ses-01,ok
eegnet,1,sub-006,ses-04,ses-01,ses-04->ses-01,ok
eegnet,2,sub-006,ses-04,ses-01,ses-04->ses-01,ok
eegnet,3,sub-006,ses-04,ses-01,ses-04->ses-01,ok
eegnet,4,sub-006,ses-04,ses-01,ses-04->ses-01,ok
deepconvnet,0,sub-006,ses-04,ses-01,ses-04->ses-01,ok
deepconvnet,1,sub-006,ses-04,ses-01,ses-04->ses-01,ok
deepconvnet,2,sub-006,ses-04,ses-01,ses-04->ses-01,ok
deepconvnet,3,sub-006,ses-04,ses-01,ses-04->ses-01,ok
deepconvnet,4,sub-006,ses-04,ses-01,ses-04->ses-01,ok
fbcnet,0,sub-006,ses-04,ses-01,ses-04->ses-01,ok
fbcnet,1,sub-006,ses-04,ses-01,ses-04->ses-01,ok
fbcnet,2,sub-006,ses-04,ses-01,ses-04->ses-01,ok
fbcnet,3,sub-006,ses-04,ses-01,ses-04->ses-01,ok
fbcnet,4,sub-006,ses-04,ses-01,ses-04->ses-01,ok
eegnet,0,sub-006,ses-04,ses-02,ses-04->ses-02,ok
eegnet,1,sub-006,ses-04,ses-02,ses-04->ses-02,ok
eegnet,2,sub-006,ses-04,ses-02,ses-04->ses-02,ok
eegnet,3,sub-006,ses-04,ses-02,ses-04->ses-02,ok
eegnet,4,sub-006,ses-04,ses-02,ses-04->ses-02,ok
deepconvnet,0,sub-006,ses-04,ses-02,ses-04->ses-02,ok
deepconvnet,1,sub-006,ses-04,ses-02,ses-04->ses-02,ok
deepconvnet,2,sub-006,ses-04,ses-02,ses-04->ses-02,ok
deepconvnet,3,sub-006,ses-04,ses-02,ses-04->ses-02,ok
deepconvnet,4,sub-006,ses-04,ses-02,ses-04->ses-02,ok
fbcnet,0,sub-006,ses-04,ses-02,ses-04->ses-02,ok
fbcnet,1,sub-006,ses-04,ses-02,ses-04->ses-02,ok
fbcnet,2,sub-006,ses-04,ses-02,ses-04->ses-02,ok
fbcnet,3,sub-006,ses-04,ses-02,ses-04->ses-02,ok
fbcnet,4,sub-006,ses-04,ses-02,ses-04->ses-02,ok
eegnet,0,sub-006,ses-04,ses-03,ses-04->ses-03,ok
eegnet,1,sub-006,ses-04,ses-03,ses-04->ses-03,ok
eegnet,2,sub-006,ses-04,ses-03,ses-04->ses-03,ok
eegnet,3,sub-006,ses-04,ses-03,ses-04->ses-03,ok
eegnet,4,sub-006,ses-04,ses-03,ses-04->ses-03,ok
deepconvnet,0,sub-006,ses-04,ses-03,ses-04->ses-03,ok
deepconvnet,1,sub-006,ses-04,ses-03,ses-04->ses-03,ok
deepconvnet,2,sub-006,ses-04,ses-03,ses-04->ses-03,ok
deepconvnet,3,sub-006,ses-04,ses-03,ses-04->ses-03,ok
deepconvnet,4,sub-006,ses-04,ses-03,ses-04->ses-03,ok
fbcnet,0,sub-006,ses-04,ses-03,ses-04->ses-03,ok
fbcnet,1,sub-006,ses-04,ses-03,ses-04->ses-03,ok
fbcnet,2,sub-006,ses-04,ses-03,ses-04->ses-03,ok
fbcnet,3,sub-006,ses-04,ses-03,ses-04->ses-03,ok
fbcnet,4,sub-006,ses-04,ses-03,ses-04->ses-03,ok
eegnet,0,sub-006,ses-04,ses-05,ses-04->ses-05,ok
eegnet,1,sub-006,ses-04,ses-05,ses-04->ses-05,ok
eegnet,2,sub-006,ses-04,ses-05,ses-04->ses-05,ok
eegnet,3,sub-006,ses-04,ses-05,ses-04->ses-05,ok
eegnet,4,sub-006,ses-04,ses-05,ses-04->ses-05,ok
deepconvnet,0,sub-006,ses-04,ses-05,ses-04->ses-05,ok
deepconvnet,1,sub-006,ses-04,ses-05,ses-04->ses-05,ok
deepconvnet,2,sub-006,ses-04,ses-05,ses-04->ses-05,ok
deepconvnet,3,sub-006,ses-04,ses-05,ses-04->ses-05,ok
deepconvnet,4,sub-006,ses-04,ses-05,ses-04->ses-05,ok
fbcnet,0,sub-006,ses-04,ses-05,ses-04->ses-05,ok
fbcnet,1,sub-006,ses-04,ses-05,ses-04->ses-05,ok
fbcnet,2,sub-006,ses-04,ses-05,ses-04->ses-05,ok
fbcnet,3,sub-006,ses-04,ses-05,ses-04->ses-05,ok
fbcnet,4,sub-006,ses-04,ses-05,ses-04->ses-05,ok
eegnet,0,sub-006,ses-05,ses-01,ses-05->ses-01,ok
eegnet,1,sub-006,ses-05,ses-01,ses-05->ses-01,ok
eegnet,2,sub-006,ses-05,ses-01,ses-05->ses-01,ok
eegnet,3,sub-006,ses-05,ses-01,ses-05->ses-01,ok
eegnet,4,sub-006,ses-05,ses-01,ses-05->ses-01,ok
deepconvnet,0,sub-006,ses-05,ses-01,ses-05->ses-01,ok
deepconvnet,1,sub-006,ses-05,ses-01,ses-05->ses-01,ok
deepconvnet,2,sub-006,ses-05,ses-01,ses-05->ses-01,ok
deepconvnet,3,sub-006,ses-05,ses-01,ses-05->ses-01,ok
deepconvnet,4,sub-006,ses-05,ses-01,ses-05->ses-01,ok
fbcnet,0,sub-006,ses-05,ses-01,ses-05->ses-01,ok
fbcnet,1,sub-006,ses-05,ses-01,ses-05->ses-01,ok
fbcnet,2,sub-006,ses-05,ses-01,ses-05->ses-01,ok
fbcnet,3,sub-006,ses-05,ses-01,ses-05->ses-01,ok
fbcnet,4,sub-006,ses-05,ses-01,ses-05->ses-01,ok
eegnet,0,sub-006,ses-05,ses-02,ses-05->ses-02,ok
eegnet,1,sub-006,ses-05,ses-02,ses-05->ses-02,ok
eegnet,2,sub-006,ses-05,ses-02,ses-05->ses-02,ok
eegnet,3,sub-006,ses-05,ses-02,ses-05->ses-02,ok
eegnet,4,sub-006,ses-05,ses-02,ses-05->ses-02,ok
deepconvnet,0,sub-006,ses-05,ses-02,ses-05->ses-02,ok
deepconvnet,1,sub-006,ses-05,ses-02,ses-05->ses-02,ok
deepconvnet,2,sub-006,ses-05,ses-02,ses-05->ses-02,ok
deepconvnet,3,sub-006,ses-05,ses-02,ses-05->ses-02,ok
deepconvnet,4,sub-006,ses-05,ses-02,ses-05->ses-02,ok
fbcnet,0,sub-006,ses-05,ses-02,ses-05->ses-02,ok
fbcnet,1,sub-006,ses-05,ses-02,ses-05->ses-02,ok
fbcnet,2,sub-006,ses-05,ses-02,ses-05->ses-02,ok
fbcnet,3,sub-006,ses-05,ses-02,ses-05->ses-02,ok
fbcnet,4,sub-006,ses-05,ses-02,ses-05->ses-02,ok
eegnet,0,sub-006,ses-05,ses-03,ses-05->ses-03,ok
eegnet,1,sub-006,ses-05,ses-03,ses-05->ses-03,ok
eegnet,2,sub-006,ses-05,ses-03,ses-05->ses-03,ok
eegnet,3,sub-006,ses-05,ses-03,ses-05->ses-03,ok
eegnet,4,sub-006,ses-05,ses-03,ses-05->ses-03,ok
deepconvnet,0,sub-006,ses-05,ses-03,ses-05->ses-03,ok
deepconvnet,1,sub-006,ses-05,ses-03,ses-05->ses-03,ok
deepconvnet,2,sub-006,ses-05,ses-03,ses-05->ses-03,ok
deepconvnet,3,sub-006,ses-05,ses-03,ses-05->ses-03,ok
deepconvnet,4,sub-006,ses-05,ses-03,ses-05->ses-03,ok
fbcnet,0,sub-006,ses-05,ses-03,ses-05->ses-03,ok
fbcnet,1,sub-006,ses-05,ses-03,ses-05->ses-03,ok
fbcnet,2,sub-006,ses-05,ses-03,ses-05->ses-03,ok
fbcnet,3,sub-006,ses-05,ses-03,ses-05->ses-03,ok
fbcnet,4,sub-006,ses-05,ses-03,ses-05->ses-03,ok
eegnet,0,sub-006,ses-05,ses-04,ses-05->ses-04,ok
eegnet,1,sub-006,ses-05,ses-04,ses-05->ses-04,ok
eegnet,2,sub-006,ses-05,ses-04,ses-05->ses-04,ok
eegnet,3,sub-006,ses-05,ses-04,ses-05->ses-04,ok
eegnet,4,sub-006,ses-05,ses-04,ses-05->ses-04,ok
deepconvnet,0,sub-006,ses-05,ses-04,ses-05->ses-04,ok
deepconvnet,1,sub-006,ses-05,ses-04,ses-05->ses-04,ok
deepconvnet,2,sub-006,ses-05,ses-04,ses-05->ses-04,ok
deepconvnet,3,sub-006,ses-05,ses-04,ses-05->ses-04,ok
deepconvnet,4,sub-006,ses-05,ses-04,ses-05->ses-04,ok
fbcnet,0,sub-006,ses-05,ses-04,ses-05->ses-04,ok
fbcnet,1,sub-006,ses-05,ses-04,ses-05->ses-04,ok
fbcnet,2,sub-006,ses-05,ses-04,ses-05->ses-04,ok
fbcnet,3,sub-006,ses-05,ses-04,ses-05->ses-04,ok
fbcnet,4,sub-006,ses-05,ses-04,ses-05->ses-04,ok
eegnet,0,sub-007,ses-01,ses-02,ses-01->ses-02,ok
eegnet,1,sub-007,ses-01,ses-02,ses-01->ses-02,ok
eegnet,2,sub-007,ses-01,ses-02,ses-01->ses-02,ok
eegnet,3,sub-007,ses-01,ses-02,ses-01->ses-02,ok
eegnet,4,sub-007,ses-01,ses-02,ses-01->ses-02,ok
deepconvnet,0,sub-007,ses-01,ses-02,ses-01->ses-02,ok
deepconvnet,1,sub-007,ses-01,ses-02,ses-01->ses-02,ok
deepconvnet,2,sub-007,ses-01,ses-02,ses-01->ses-02,ok
deepconvnet,3,sub-007,ses-01,ses-02,ses-01->ses-02,ok
deepconvnet,4,sub-007,ses-01,ses-02,ses-01->ses-02,ok
fbcnet,0,sub-007,ses-01,ses-02,ses-01->ses-02,ok
fbcnet,1,sub-007,ses-01,ses-02,ses-01->ses-02,ok
fbcnet,2,sub-007,ses-01,ses-02,ses-01->ses-02,ok
fbcnet,3,sub-007,ses-01,ses-02,ses-01->ses-02,ok
fbcnet,4,sub-007,ses-01,ses-02,ses-01->ses-02,ok
eegnet,0,sub-007,ses-01,ses-03,ses-01->ses-03,ok
eegnet,1,sub-007,ses-01,ses-03,ses-01->ses-03,ok
eegnet,2,sub-007,ses-01,ses-03,ses-01->ses-03,ok
eegnet,3,sub-007,ses-01,ses-03,ses-01->ses-03,ok
eegnet,4,sub-007,ses-01,ses-03,ses-01->ses-03,ok
deepconvnet,0,sub-007,ses-01,ses-03,ses-01->ses-03,ok
deepconvnet,1,sub-007,ses-01,ses-03,ses-01->ses-03,ok
deepconvnet,2,sub-007,ses-01,ses-03,ses-01->ses-03,ok
deepconvnet,3,sub-007,ses-01,ses-03,ses-01->ses-03,ok
deepconvnet,4,sub-007,ses-01,ses-03,ses-01->ses-03,ok
fbcnet,0,sub-007,ses-01,ses-03,ses-01->ses-03,ok
fbcnet,1,sub-007,ses-01,ses-03,ses-01->ses-03,ok
fbcnet,2,sub-007,ses-01,ses-03,ses-01->ses-03,ok
fbcnet,3,sub-007,ses-01,ses-03,ses-01->ses-03,ok
fbcnet,4,sub-007,ses-01,ses-03,ses-01->ses-03,ok
eegnet,0,sub-007,ses-01,ses-04,ses-01->ses-04,ok
eegnet,1,sub-007,ses-01,ses-04,ses-01->ses-04,ok
eegnet,2,sub-007,ses-01,ses-04,ses-01->ses-04,ok
eegnet,3,sub-007,ses-01,ses-04,ses-01->ses-04,ok
eegnet,4,sub-007,ses-01,ses-04,ses-01->ses-04,ok
deepconvnet,0,sub-007,ses-01,ses-04,ses-01->ses-04,ok
deepconvnet,1,sub-007,ses-01,ses-04,ses-01->ses-04,ok
deepconvnet,2,sub-007,ses-01,ses-04,ses-01->ses-04,ok
deepconvnet,3,sub-007,ses-01,ses-04,ses-01->ses-04,ok
deepconvnet,4,sub-007,ses-01,ses-04,ses-01->ses-04,ok
fbcnet,0,sub-007,ses-01,ses-04,ses-01->ses-04,ok
fbcnet,1,sub-007,ses-01,ses-04,ses-01->ses-04,ok
fbcnet,2,sub-007,ses-01,ses-04,ses-01->ses-04,ok
fbcnet,3,sub-007,ses-01,ses-04,ses-01->ses-04,ok
fbcnet,4,sub-007,ses-01,ses-04,ses-01->ses-04,ok
eegnet,0,sub-007,ses-01,ses-05,ses-01->ses-05,ok
eegnet,1,sub-007,ses-01,ses-05,ses-01->ses-05,ok
eegnet,2,sub-007,ses-01,ses-05,ses-01->ses-05,ok
eegnet,3,sub-007,ses-01,ses-05,ses-01->ses-05,ok
eegnet,4,sub-007,ses-01,ses-05,ses-01->ses-05,ok
deepconvnet,0,sub-007,ses-01,ses-05,ses-01->ses-05,ok
deepconvnet,1,sub-007,ses-01,ses-05,ses-01->ses-05,ok
deepconvnet,2,sub-007,ses-01,ses-05,ses-01->ses-05,ok
deepconvnet,3,sub-007,ses-01,ses-05,ses-01->ses-05,ok
deepconvnet,4,sub-007,ses-01,ses-05,ses-01->ses-05,ok
fbcnet,0,sub-007,ses-01,ses-05,ses-01->ses-05,ok
fbcnet,1,sub-007,ses-01,ses-05,ses-01->ses-05,ok
fbcnet,2,sub-007,ses-01,ses-05,ses-01->ses-05,ok
fbcnet,3,sub-007,ses-01,ses-05,ses-01->ses-05,ok
fbcnet,4,sub-007,ses-01,ses-05,ses-01->ses-05,ok
eegnet,0,sub-007,ses-02,ses-01,ses-02->ses-01,ok
eegnet,1,sub-007,ses-02,ses-01,ses-02->ses-01,ok
eegnet,2,sub-007,ses-02,ses-01,ses-02->ses-01,ok
eegnet,3,sub-007,ses-02,ses-01,ses-02->ses-01,ok
eegnet,4,sub-007,ses-02,ses-01,ses-02->ses-01,ok
deepconvnet,0,sub-007,ses-02,ses-01,ses-02->ses-01,ok
deepconvnet,1,sub-007,ses-02,ses-01,ses-02->ses-01,ok
deepconvnet,2,sub-007,ses-02,ses-01,ses-02->ses-01,ok
deepconvnet,3,sub-007,ses-02,ses-01,ses-02->ses-01,ok
deepconvnet,4,sub-007,ses-02,ses-01,ses-02->ses-01,ok
fbcnet,0,sub-007,ses-02,ses-01,ses-02->ses-01,ok
fbcnet,1,sub-007,ses-02,ses-01,ses-02->ses-01,ok
fbcnet,2,sub-007,ses-02,ses-01,ses-02->ses-01,ok
fbcnet,3,sub-007,ses-02,ses-01,ses-02->ses-01,ok
fbcnet,4,sub-007,ses-02,ses-01,ses-02->ses-01,ok
eegnet,0,sub-007,ses-02,ses-03,ses-02->ses-03,ok
eegnet,1,sub-007,ses-02,ses-03,ses-02->ses-03,ok
eegnet,2,sub-007,ses-02,ses-03,ses-02->ses-03,ok
eegnet,3,sub-007,ses-02,ses-03,ses-02->ses-03,ok
eegnet,4,sub-007,ses-02,ses-03,ses-02->ses-03,ok
deepconvnet,0,sub-007,ses-02,ses-03,ses-02->ses-03,ok
deepconvnet,1,sub-007,ses-02,ses-03,ses-02->ses-03,ok
deepconvnet,2,sub-007,ses-02,ses-03,ses-02->ses-03,ok
deepconvnet,3,sub-007,ses-02,ses-03,ses-02->ses-03,ok
deepconvnet,4,sub-007,ses-02,ses-03,ses-02->ses-03,ok
fbcnet,0,sub-007,ses-02,ses-03,ses-02->ses-03,ok
fbcnet,1,sub-007,ses-02,ses-03,ses-02->ses-03,ok
fbcnet,2,sub-007,ses-02,ses-03,ses-02->ses-03,ok
fbcnet,3,sub-007,ses-02,ses-03,ses-02->ses-03,ok
fbcnet,4,sub-007,ses-02,ses-03,ses-02->ses-03,ok
eegnet,0,sub-007,ses-02,ses-04,ses-02->ses-04,ok
eegnet,1,sub-007,ses-02,ses-04,ses-02->ses-04,ok
eegnet,2,sub-007,ses-02,ses-04,ses-02->ses-04,ok
eegnet,3,sub-007,ses-02,ses-04,ses-02->ses-04,ok
eegnet,4,sub-007,ses-02,ses-04,ses-02->ses-04,ok
deepconvnet,0,sub-007,ses-02,ses-04,ses-02->ses-04,ok
deepconvnet,1,sub-007,ses-02,ses-04,ses-02->ses-04,ok
deepconvnet,2,sub-007,ses-02,ses-04,ses-02->ses-04,ok
deepconvnet,3,sub-007,ses-02,ses-04,ses-02->ses-04,ok
deepconvnet,4,sub-007,ses-02,ses-04,ses-02->ses-04,ok
fbcnet,0,sub-007,ses-02,ses-04,ses-02->ses-04,ok
fbcnet,1,sub-007,ses-02,ses-04,ses-02->ses-04,ok
fbcnet,2,sub-007,ses-02,ses-04,ses-02->ses-04,ok
fbcnet,3,sub-007,ses-02,ses-04,ses-02->ses-04,ok
fbcnet,4,sub-007,ses-02,ses-04,ses-02->ses-04,ok
eegnet,0,sub-007,ses-02,ses-05,ses-02->ses-05,ok
eegnet,1,sub-007,ses-02,ses-05,ses-02->ses-05,ok
eegnet,2,sub-007,ses-02,ses-05,ses-02->ses-05,ok
eegnet,3,sub-007,ses-02,ses-05,ses-02->ses-05,ok
eegnet,4,sub-007,ses-02,ses-05,ses-02->ses-05,ok
deepconvnet,0,sub-007,ses-02,ses-05,ses-02->ses-05,ok
deepconvnet,1,sub-007,ses-02,ses-05,ses-02->ses-05,ok
deepconvnet,2,sub-007,ses-02,ses-05,ses-02->ses-05,ok
deepconvnet,3,sub-007,ses-02,ses-05,ses-02->ses-05,ok
deepconvnet,4,sub-007,ses-02,ses-05,ses-02->ses-05,ok
fbcnet,0,sub-007,ses-02,ses-05,ses-02->ses-05,ok
fbcnet,1,sub-007,ses-02,ses-05,ses-02->ses-05,ok
fbcnet,2,sub-007,ses-02,ses-05,ses-02->ses-05,ok
fbcnet,3,sub-007,ses-02,ses-05,ses-02->ses-05,ok
fbcnet,4,sub-007,ses-02,ses-05,ses-02->ses-05,ok
eegnet,0,sub-007,ses-03,ses-01,ses-03->ses-01,ok
eegnet,1,sub-007,ses-03,ses-01,ses-03->ses-01,ok
eegnet,2,sub-007,ses-03,ses-01,ses-03->ses-01,ok
eegnet,3,sub-007,ses-03,ses-01,ses-03->ses-01,ok
eegnet,4,sub-007,ses-03,ses-01,ses-03->ses-01,ok
deepconvnet,0,sub-007,ses-03,ses-01,ses-03->ses-01,ok
deepconvnet,1,sub-007,ses-03,ses-01,ses-03->ses-01,ok
deepconvnet,2,sub-007,ses-03,ses-01,ses-03->ses-01,ok
deepconvnet,3,sub-007,ses-03,ses-01,ses-03->ses-01,ok
deepconvnet,4,sub-007,ses-03,ses-01,ses-03->ses-01,ok
fbcnet,0,sub-007,ses-03,ses-01,ses-03->ses-01,ok
fbcnet,1,sub-007,ses-03,ses-01,ses-03->ses-01,ok
fbcnet,2,sub-007,ses-03,ses-01,ses-03->ses-01,ok
fbcnet,3,sub-007,ses-03,ses-01,ses-03->ses-01,ok
fbcnet,4,sub-007,ses-03,ses-01,ses-03->ses-01,ok
eegnet,0,sub-007,ses-03,ses-02,ses-03->ses-02,ok
eegnet,1,sub-007,ses-03,ses-02,ses-03->ses-02,ok
eegnet,2,sub-007,ses-03,ses-02,ses-03->ses-02,ok
eegnet,3,sub-007,ses-03,ses-02,ses-03->ses-02,ok
eegnet,4,sub-007,ses-03,ses-02,ses-03->ses-02,ok
deepconvnet,0,sub-007,ses-03,ses-02,ses-03->ses-02,ok
deepconvnet,1,sub-007,ses-03,ses-02,ses-03->ses-02,ok
deepconvnet,2,sub-007,ses-03,ses-02,ses-03->ses-02,ok
deepconvnet,3,sub-007,ses-03,ses-02,ses-03->ses-02,ok
deepconvnet,4,sub-007,ses-03,ses-02,ses-03->ses-02,ok
fbcnet,0,sub-007,ses-03,ses-02,ses-03->ses-02,ok
fbcnet,1,sub-007,ses-03,ses-02,ses-03->ses-02,ok
fbcnet,2,sub-007,ses-03,ses-02,ses-03->ses-02,ok
fbcnet,3,sub-007,ses-03,ses-02,ses-03->ses-02,ok
fbcnet,4,sub-007,ses-03,ses-02,ses-03->ses-02,ok
eegnet,0,sub-007,ses-03,ses-04,ses-03->ses-04,ok
eegnet,1,sub-007,ses-03,ses-04,ses-03->ses-04,ok
eegnet,2,sub-007,ses-03,ses-04,ses-03->ses-04,ok
eegnet,3,sub-007,ses-03,ses-04,ses-03->ses-04,ok
eegnet,4,sub-007,ses-03,ses-04,ses-03->ses-04,ok
deepconvnet,0,sub-007,ses-03,ses-04,ses-03->ses-04,ok
deepconvnet,1,sub-007,ses-03,ses-04,ses-03->ses-04,ok
deepconvnet,2,sub-007,ses-03,ses-04,ses-03->ses-04,ok
deepconvnet,3,sub-007,ses-03,ses-04,ses-03->ses-04,ok
deepconvnet,4,sub-007,ses-03,ses-04,ses-03->ses-04,ok
fbcnet,0,sub-007,ses-03,ses-04,ses-03->ses-04,ok
fbcnet,1,sub-007,ses-03,ses-04,ses-03->ses-04,ok
fbcnet,2,sub-007,ses-03,ses-04,ses-03->ses-04,ok
fbcnet,3,sub-007,ses-03,ses-04,ses-03->ses-04,ok
fbcnet,4,sub-007,ses-03,ses-04,ses-03->ses-04,ok
eegnet,0,sub-007,ses-03,ses-05,ses-03->ses-05,ok
eegnet,1,sub-007,ses-03,ses-05,ses-03->ses-05,ok
eegnet,2,sub-007,ses-03,ses-05,ses-03->ses-05,ok
eegnet,3,sub-007,ses-03,ses-05,ses-03->ses-05,ok
eegnet,4,sub-007,ses-03,ses-05,ses-03->ses-05,ok
deepconvnet,0,sub-007,ses-03,ses-05,ses-03->ses-05,ok
deepconvnet,1,sub-007,ses-03,ses-05,ses-03->ses-05,ok
deepconvnet,2,sub-007,ses-03,ses-05,ses-03->ses-05,ok
deepconvnet,3,sub-007,ses-03,ses-05,ses-03->ses-05,ok
deepconvnet,4,sub-007,ses-03,ses-05,ses-03->ses-05,ok
fbcnet,0,sub-007,ses-03,ses-05,ses-03->ses-05,ok
fbcnet,1,sub-007,ses-03,ses-05,ses-03->ses-05,ok
fbcnet,2,sub-007,ses-03,ses-05,ses-03->ses-05,ok
fbcnet,3,sub-007,ses-03,ses-05,ses-03->ses-05,ok
fbcnet,4,sub-007,ses-03,ses-05,ses-03->ses-05,ok
eegnet,0,sub-007,ses-04,ses-01,ses-04->ses-01,ok
eegnet,1,sub-007,ses-04,ses-01,ses-04->ses-01,ok
eegnet,2,sub-007,ses-04,ses-01,ses-04->ses-01,ok
eegnet,3,sub-007,ses-04,ses-01,ses-04->ses-01,ok
eegnet,4,sub-007,ses-04,ses-01,ses-04->ses-01,ok
deepconvnet,0,sub-007,ses-04,ses-01,ses-04->ses-01,ok
deepconvnet,1,sub-007,ses-04,ses-01,ses-04->ses-01,ok
deepconvnet,2,sub-007,ses-04,ses-01,ses-04->ses-01,ok
deepconvnet,3,sub-007,ses-04,ses-01,ses-04->ses-01,ok
deepconvnet,4,sub-007,ses-04,ses-01,ses-04->ses-01,ok
fbcnet,0,sub-007,ses-04,ses-01,ses-04->ses-01,ok
fbcnet,1,sub-007,ses-04,ses-01,ses-04->ses-01,ok
fbcnet,2,sub-007,ses-04,ses-01,ses-04->ses-01,ok
fbcnet,3,sub-007,ses-04,ses-01,ses-04->ses-01,ok
fbcnet,4,sub-007,ses-04,ses-01,ses-04->ses-01,ok
eegnet,0,sub-007,ses-04,ses-02,ses-04->ses-02,ok
eegnet,1,sub-007,ses-04,ses-02,ses-04->ses-02,ok
eegnet,2,sub-007,ses-04,ses-02,ses-04->ses-02,ok
eegnet,3,sub-007,ses-04,ses-02,ses-04->ses-02,ok
eegnet,4,sub-007,ses-04,ses-02,ses-04->ses-02,ok
deepconvnet,0,sub-007,ses-04,ses-02,ses-04->ses-02,ok
deepconvnet,1,sub-007,ses-04,ses-02,ses-04->ses-02,ok
deepconvnet,2,sub-007,ses-04,ses-02,ses-04->ses-02,ok
deepconvnet,3,sub-007,ses-04,ses-02,ses-04->ses-02,ok
deepconvnet,4,sub-007,ses-04,ses-02,ses-04->ses-02,ok
fbcnet,0,sub-007,ses-04,ses-02,ses-04->ses-02,ok
fbcnet,1,sub-007,ses-04,ses-02,ses-04->ses-02,ok
fbcnet,2,sub-007,ses-04,ses-02,ses-04->ses-02,ok
fbcnet,3,sub-007,ses-04,ses-02,ses-04->ses-02,ok
fbcnet,4,sub-007,ses-04,ses-02,ses-04->ses-02,ok
eegnet,0,sub-007,ses-04,ses-03,ses-04->ses-03,ok
eegnet,1,sub-007,ses-04,ses-03,ses-04->ses-03,ok
eegnet,2,sub-007,ses-04,ses-03,ses-04->ses-03,ok
eegnet,3,sub-007,ses-04,ses-03,ses-04->ses-03,ok
eegnet,4,sub-007,ses-04,ses-03,ses-04->ses-03,ok
deepconvnet,0,sub-007,ses-04,ses-03,ses-04->ses-03,ok
deepconvnet,1,sub-007,ses-04,ses-03,ses-04->ses-03,ok
deepconvnet,2,sub-007,ses-04,ses-03,ses-04->ses-03,ok
deepconvnet,3,sub-007,ses-04,ses-03,ses-04->ses-03,ok
deepconvnet,4,sub-007,ses-04,ses-03,ses-04->ses-03,ok
fbcnet,0,sub-007,ses-04,ses-03,ses-04->ses-03,ok
fbcnet,1,sub-007,ses-04,ses-03,ses-04->ses-03,ok
fbcnet,2,sub-007,ses-04,ses-03,ses-04->ses-03,ok
fbcnet,3,sub-007,ses-04,ses-03,ses-04->ses-03,ok
fbcnet,4,sub-007,ses-04,ses-03,ses-04->ses-03,ok
eegnet,0,sub-007,ses-04,ses-05,ses-04->ses-05,ok
eegnet,1,sub-007,ses-04,ses-05,ses-04->ses-05,ok
eegnet,2,sub-007,ses-04,ses-05,ses-04->ses-05,ok
eegnet,3,sub-007,ses-04,ses-05,ses-04->ses-05,ok
eegnet,4,sub-007,ses-04,ses-05,ses-04->ses-05,ok
deepconvnet,0,sub-007,ses-04,ses-05,ses-04->ses-05,ok
deepconvnet,1,sub-007,ses-04,ses-05,ses-04->ses-05,ok
deepconvnet,2,sub-007,ses-04,ses-05,ses-04->ses-05,ok
deepconvnet,3,sub-007,ses-04,ses-05,ses-04->ses-05,ok
deepconvnet,4,sub-007,ses-04,ses-05,ses-04->ses-05,ok
fbcnet,0,sub-007,ses-04,ses-05,ses-04->ses-05,ok
fbcnet,1,sub-007,ses-04,ses-05,ses-04->ses-05,ok
fbcnet,2,sub-007,ses-04,ses-05,ses-04->ses-05,ok
fbcnet,3,sub-007,ses-04,ses-05,ses-04->ses-05,ok
fbcnet,4,sub-007,ses-04,ses-05,ses-04->ses-05,ok
eegnet,0,sub-007,ses-05,ses-01,ses-05->ses-01,ok
eegnet,1,sub-007,ses-05,ses-01,ses-05->ses-01,ok
eegnet,2,sub-007,ses-05,ses-01,ses-05->ses-01,ok
eegnet,3,sub-007,ses-05,ses-01,ses-05->ses-01,ok
eegnet,4,sub-007,ses-05,ses-01,ses-05->ses-01,ok
deepconvnet,0,sub-007,ses-05,ses-01,ses-05->ses-01,ok
deepconvnet,1,sub-007,ses-05,ses-01,ses-05->ses-01,ok
deepconvnet,2,sub-007,ses-05,ses-01,ses-05->ses-01,ok
deepconvnet,3,sub-007,ses-05,ses-01,ses-05->ses-01,ok
deepconvnet,4,sub-007,ses-05,ses-01,ses-05->ses-01,ok
fbcnet,0,sub-007,ses-05,ses-01,ses-05->ses-01,ok
fbcnet,1,sub-007,ses-05,ses-01,ses-05->ses-01,ok
fbcnet,2,sub-007,ses-05,ses-01,ses-05->ses-01,ok
fbcnet,3,sub-007,ses-05,ses-01,ses-05->ses-01,ok
fbcnet,4,sub-007,ses-05,ses-01,ses-05->ses-01,ok
eegnet,0,sub-007,ses-05,ses-02,ses-05->ses-02,ok
eegnet,1,sub-007,ses-05,ses-02,ses-05->ses-02,ok
eegnet,2,sub-007,ses-05,ses-02,ses-05->ses-02,ok
eegnet,3,sub-007,ses-05,ses-02,ses-05->ses-02,ok
eegnet,4,sub-007,ses-05,ses-02,ses-05->ses-02,ok
deepconvnet,0,sub-007,ses-05,ses-02,ses-05->ses-02,ok
deepconvnet,1,sub-007,ses-05,ses-02,ses-05->ses-02,ok
deepconvnet,2,sub-007,ses-05,ses-02,ses-05->ses-02,ok
deepconvnet,3,sub-007,ses-05,ses-02,ses-05->ses-02,ok
deepconvnet,4,sub-007,ses-05,ses-02,ses-05->ses-02,ok
fbcnet,0,sub-007,ses-05,ses-02,ses-05->ses-02,ok
fbcnet,1,sub-007,ses-05,ses-02,ses-05->ses-02,ok
fbcnet,2,sub-007,ses-05,ses-02,ses-05->ses-02,ok
fbcnet,3,sub-007,ses-05,ses-02,ses-05->ses-02,ok
fbcnet,4,sub-007,ses-05,ses-02,ses-05->ses-02,ok
eegnet,0,sub-007,ses-05,ses-03,ses-05->ses-03,ok
eegnet,1,sub-007,ses-05,ses-03,ses-05->ses-03,ok
eegnet,2,sub-007,ses-05,ses-03,ses-05->ses-03,ok
eegnet,3,sub-007,ses-05,ses-03,ses-05->ses-03,ok
eegnet,4,sub-007,ses-05,ses-03,ses-05->ses-03,ok
deepconvnet,0,sub-007,ses-05,ses-03,ses-05->ses-03,ok
deepconvnet,1,sub-007,ses-05,ses-03,ses-05->ses-03,ok
deepconvnet,2,sub-007,ses-05,ses-03,ses-05->ses-03,ok
deepconvnet,3,sub-007,ses-05,ses-03,ses-05->ses-03,ok
deepconvnet,4,sub-007,ses-05,ses-03,ses-05->ses-03,ok
fbcnet,0,sub-007,ses-05,ses-03,ses-05->ses-03,ok
fbcnet,1,sub-007,ses-05,ses-03,ses-05->ses-03,ok
fbcnet,2,sub-007,ses-05,ses-03,ses-05->ses-03,ok
fbcnet,3,sub-007,ses-05,ses-03,ses-05->ses-03,ok
fbcnet,4,sub-007,ses-05,ses-03,ses-05->ses-03,ok
eegnet,0,sub-007,ses-05,ses-04,ses-05->ses-04,ok
eegnet,1,sub-007,ses-05,ses-04,ses-05->ses-04,ok
eegnet,2,sub-007,ses-05,ses-04,ses-05->ses-04,ok
eegnet,3,sub-007,ses-05,ses-04,ses-05->ses-04,ok
eegnet,4,sub-007,ses-05,ses-04,ses-05->ses-04,ok
deepconvnet,0,sub-007,ses-05,ses-04,ses-05->ses-04,ok
deepconvnet,1,sub-007,ses-05,ses-04,ses-05->ses-04,ok
deepconvnet,2,sub-007,ses-05,ses-04,ses-05->ses-04,ok
deepconvnet,3,sub-007,ses-05,ses-04,ses-05->ses-04,ok
deepconvnet,4,sub-007,ses-05,ses-04,ses-05->ses-04,ok
fbcnet,0,sub-007,ses-05,ses-04,ses-05->ses-04,ok
fbcnet,1,sub-007,ses-05,ses-04,ses-05->ses-04,ok
fbcnet,2,sub-007,ses-05,ses-04,ses-05->ses-04,ok
fbcnet,3,sub-007,ses-05,ses-04,ses-05->ses-04,ok
fbcnet,4,sub-007,ses-05,ses-04,ses-05->ses-04,ok
eegnet,0,sub-008,ses-01,ses-02,ses-01->ses-02,ok
eegnet,1,sub-008,ses-01,ses-02,ses-01->ses-02,ok
eegnet,2,sub-008,ses-01,ses-02,ses-01->ses-02,ok
eegnet,3,sub-008,ses-01,ses-02,ses-01->ses-02,ok
eegnet,4,sub-008,ses-01,ses-02,ses-01->ses-02,ok
deepconvnet,0,sub-008,ses-01,ses-02,ses-01->ses-02,ok
deepconvnet,1,sub-008,ses-01,ses-02,ses-01->ses-02,ok
deepconvnet,2,sub-008,ses-01,ses-02,ses-01->ses-02,ok
deepconvnet,3,sub-008,ses-01,ses-02,ses-01->ses-02,ok
deepconvnet,4,sub-008,ses-01,ses-02,ses-01->ses-02,ok
fbcnet,0,sub-008,ses-01,ses-02,ses-01->ses-02,ok
fbcnet,1,sub-008,ses-01,ses-02,ses-01->ses-02,ok
fbcnet,2,sub-008,ses-01,ses-02,ses-01->ses-02,ok
fbcnet,3,sub-008,ses-01,ses-02,ses-01->ses-02,ok
fbcnet,4,sub-008,ses-01,ses-02,ses-01->ses-02,ok
eegnet,0,sub-008,ses-01,ses-03,ses-01->ses-03,ok
eegnet,1,sub-008,ses-01,ses-03,ses-01->ses-03,ok
eegnet,2,sub-008,ses-01,ses-03,ses-01->ses-03,ok
eegnet,3,sub-008,ses-01,ses-03,ses-01->ses-03,ok
eegnet,4,sub-008,ses-01,ses-03,ses-01->ses-03,ok
deepconvnet,0,sub-008,ses-01,ses-03,ses-01->ses-03,ok
deepconvnet,1,sub-008,ses-01,ses-03,ses-01->ses-03,ok
deepconvnet,2,sub-008,ses-01,ses-03,ses-01->ses-03,ok
deepconvnet,3,sub-008,ses-01,ses-03,ses-01->ses-03,ok
deepconvnet,4,sub-008,ses-01,ses-03,ses-01->ses-03,ok
fbcnet,0,sub-008,ses-01,ses-03,ses-01->ses-03,ok
fbcnet,1,sub-008,ses-01,ses-03,ses-01->ses-03,ok
fbcnet,2,sub-008,ses-01,ses-03,ses-01->ses-03,ok
fbcnet,3,sub-008,ses-01,ses-03,ses-01->ses-03,ok
fbcnet,4,sub-008,ses-01,ses-03,ses-01->ses-03,ok
eegnet,0,sub-008,ses-01,ses-04,ses-01->ses-04,ok
eegnet,1,sub-008,ses-01,ses-04,ses-01->ses-04,ok
eegnet,2,sub-008,ses-01,ses-04,ses-01->ses-04,ok
eegnet,3,sub-008,ses-01,ses-04,ses-01->ses-04,ok
eegnet,4,sub-008,ses-01,ses-04,ses-01->ses-04,ok
deepconvnet,0,sub-008,ses-01,ses-04,ses-01->ses-04,ok
deepconvnet,1,sub-008,ses-01,ses-04,ses-01->ses-04,ok
deepconvnet,2,sub-008,ses-01,ses-04,ses-01->ses-04,ok
deepconvnet,3,sub-008,ses-01,ses-04,ses-01->ses-04,ok
deepconvnet,4,sub-008,ses-01,ses-04,ses-01->ses-04,ok
fbcnet,0,sub-008,ses-01,ses-04,ses-01->ses-04,ok
fbcnet,1,sub-008,ses-01,ses-04,ses-01->ses-04,ok
fbcnet,2,sub-008,ses-01,ses-04,ses-01->ses-04,ok
fbcnet,3,sub-008,ses-01,ses-04,ses-01->ses-04,ok
fbcnet,4,sub-008,ses-01,ses-04,ses-01->ses-04,ok
eegnet,0,sub-008,ses-01,ses-05,ses-01->ses-05,ok
eegnet,1,sub-008,ses-01,ses-05,ses-01->ses-05,ok
eegnet,2,sub-008,ses-01,ses-05,ses-01->ses-05,ok
eegnet,3,sub-008,ses-01,ses-05,ses-01->ses-05,ok
eegnet,4,sub-008,ses-01,ses-05,ses-01->ses-05,ok
deepconvnet,0,sub-008,ses-01,ses-05,ses-01->ses-05,ok
deepconvnet,1,sub-008,ses-01,ses-05,ses-01->ses-05,ok
deepconvnet,2,sub-008,ses-01,ses-05,ses-01->ses-05,ok
deepconvnet,3,sub-008,ses-01,ses-05,ses-01->ses-05,ok
deepconvnet,4,sub-008,ses-01,ses-05,ses-01->ses-05,ok
fbcnet,0,sub-008,ses-01,ses-05,ses-01->ses-05,ok
fbcnet,1,sub-008,ses-01,ses-05,ses-01->ses-05,ok
fbcnet,2,sub-008,ses-01,ses-05,ses-01->ses-05,ok
fbcnet,3,sub-008,ses-01,ses-05,ses-01->ses-05,ok
fbcnet,4,sub-008,ses-01,ses-05,ses-01->ses-05,ok
eegnet,0,sub-008,ses-02,ses-01,ses-02->ses-01,ok
eegnet,1,sub-008,ses-02,ses-01,ses-02->ses-01,ok
eegnet,2,sub-008,ses-02,ses-01,ses-02->ses-01,ok
eegnet,3,sub-008,ses-02,ses-01,ses-02->ses-01,ok
eegnet,4,sub-008,ses-02,ses-01,ses-02->ses-01,ok
deepconvnet,0,sub-008,ses-02,ses-01,ses-02->ses-01,ok
deepconvnet,1,sub-008,ses-02,ses-01,ses-02->ses-01,ok
deepconvnet,2,sub-008,ses-02,ses-01,ses-02->ses-01,ok
deepconvnet,3,sub-008,ses-02,ses-01,ses-02->ses-01,ok
deepconvnet,4,sub-008,ses-02,ses-01,ses-02->ses-01,ok
fbcnet,0,sub-008,ses-02,ses-01,ses-02->ses-01,ok
fbcnet,1,sub-008,ses-02,ses-01,ses-02->ses-01,ok
fbcnet,2,sub-008,ses-02,ses-01,ses-02->ses-01,ok
fbcnet,3,sub-008,ses-02,ses-01,ses-02->ses-01,ok
fbcnet,4,sub-008,ses-02,ses-01,ses-02->ses-01,ok
eegnet,0,sub-008,ses-02,ses-03,ses-02->ses-03,ok
eegnet,1,sub-008,ses-02,ses-03,ses-02->ses-03,ok
eegnet,2,sub-008,ses-02,ses-03,ses-02->ses-03,ok
eegnet,3,sub-008,ses-02,ses-03,ses-02->ses-03,ok
eegnet,4,sub-008,ses-02,ses-03,ses-02->ses-03,ok
deepconvnet,0,sub-008,ses-02,ses-03,ses-02->ses-03,ok
deepconvnet,1,sub-008,ses-02,ses-03,ses-02->ses-03,ok
deepconvnet,2,sub-008,ses-02,ses-03,ses-02->ses-03,ok
deepconvnet,3,sub-008,ses-02,ses-03,ses-02->ses-03,ok
deepconvnet,4,sub-008,ses-02,ses-03,ses-02->ses-03,ok
fbcnet,0,sub-008,ses-02,ses-03,ses-02->ses-03,ok
fbcnet,1,sub-008,ses-02,ses-03,ses-02->ses-03,ok
fbcnet,2,sub-008,ses-02,ses-03,ses-02->ses-03,ok
fbcnet,3,sub-008,ses-02,ses-03,ses-02->ses-03,ok
fbcnet,4,sub-008,ses-02,ses-03,ses-02->ses-03,ok
eegnet,0,sub-008,ses-02,ses-04,ses-02->ses-04,ok
eegnet,1,sub-008,ses-02,ses-04,ses-02->ses-04,ok
eegnet,2,sub-008,ses-02,ses-04,ses-02->ses-04,ok
eegnet,3,sub-008,ses-02,ses-04,ses-02->ses-04,ok
eegnet,4,sub-008,ses-02,ses-04,ses-02->ses-04,ok
deepconvnet,0,sub-008,ses-02,ses-04,ses-02->ses-04,ok
deepconvnet,1,sub-008,ses-02,ses-04,ses-02->ses-04,ok
deepconvnet,2,sub-008,ses-02,ses-04,ses-02->ses-04,ok
deepconvnet,3,sub-008,ses-02,ses-04,ses-02->ses-04,ok
deepconvnet,4,sub-008,ses-02,ses-04,ses-02->ses-04,ok
fbcnet,0,sub-008,ses-02,ses-04,ses-02->ses-04,ok
fbcnet,1,sub-008,ses-02,ses-04,ses-02->ses-04,ok
fbcnet,2,sub-008,ses-02,ses-04,ses-02->ses-04,ok
fbcnet,3,sub-008,ses-02,ses-04,ses-02->ses-04,ok
fbcnet,4,sub-008,ses-02,ses-04,ses-02->ses-04,ok
eegnet,0,sub-008,ses-02,ses-05,ses-02->ses-05,ok
eegnet,1,sub-008,ses-02,ses-05,ses-02->ses-05,ok
eegnet,2,sub-008,ses-02,ses-05,ses-02->ses-05,ok
eegnet,3,sub-008,ses-02,ses-05,ses-02->ses-05,ok
eegnet,4,sub-008,ses-02,ses-05,ses-02->ses-05,ok
deepconvnet,0,sub-008,ses-02,ses-05,ses-02->ses-05,ok
deepconvnet,1,sub-008,ses-02,ses-05,ses-02->ses-05,ok
deepconvnet,2,sub-008,ses-02,ses-05,ses-02->ses-05,ok
deepconvnet,3,sub-008,ses-02,ses-05,ses-02->ses-05,ok
deepconvnet,4,sub-008,ses-02,ses-05,ses-02->ses-05,ok
fbcnet,0,sub-008,ses-02,ses-05,ses-02->ses-05,ok
fbcnet,1,sub-008,ses-02,ses-05,ses-02->ses-05,ok
fbcnet,2,sub-008,ses-02,ses-05,ses-02->ses-05,ok
fbcnet,3,sub-008,ses-02,ses-05,ses-02->ses-05,ok
fbcnet,4,sub-008,ses-02,ses-05,ses-02->ses-05,ok
eegnet,0,sub-008,ses-03,ses-01,ses-03->ses-01,ok
eegnet,1,sub-008,ses-03,ses-01,ses-03->ses-01,ok
eegnet,2,sub-008,ses-03,ses-01,ses-03->ses-01,ok
eegnet,3,sub-008,ses-03,ses-01,ses-03->ses-01,ok
eegnet,4,sub-008,ses-03,ses-01,ses-03->ses-01,ok
deepconvnet,0,sub-008,ses-03,ses-01,ses-03->ses-01,ok
deepconvnet,1,sub-008,ses-03,ses-01,ses-03->ses-01,ok
deepconvnet,2,sub-008,ses-03,ses-01,ses-03->ses-01,ok
deepconvnet,3,sub-008,ses-03,ses-01,ses-03->ses-01,ok
deepconvnet,4,sub-008,ses-03,ses-01,ses-03->ses-01,ok
fbcnet,0,sub-008,ses-03,ses-01,ses-03->ses-01,ok
fbcnet,1,sub-008,ses-03,ses-01,ses-03->ses-01,ok
fbcnet,2,sub-008,ses-03,ses-01,ses-03->ses-01,ok
fbcnet,3,sub-008,ses-03,ses-01,ses-03->ses-01,ok
fbcnet,4,sub-008,ses-03,ses-01,ses-03->ses-01,ok
eegnet,0,sub-008,ses-03,ses-02,ses-03->ses-02,ok
eegnet,1,sub-008,ses-03,ses-02,ses-03->ses-02,ok
eegnet,2,sub-008,ses-03,ses-02,ses-03->ses-02,ok
eegnet,3,sub-008,ses-03,ses-02,ses-03->ses-02,ok
eegnet,4,sub-008,ses-03,ses-02,ses-03->ses-02,ok
deepconvnet,0,sub-008,ses-03,ses-02,ses-03->ses-02,ok
deepconvnet,1,sub-008,ses-03,ses-02,ses-03->ses-02,ok
deepconvnet,2,sub-008,ses-03,ses-02,ses-03->ses-02,ok
deepconvnet,3,sub-008,ses-03,ses-02,ses-03->ses-02,ok
deepconvnet,4,sub-008,ses-03,ses-02,ses-03->ses-02,ok
fbcnet,0,sub-008,ses-03,ses-02,ses-03->ses-02,ok
fbcnet,1,sub-008,ses-03,ses-02,ses-03->ses-02,ok
fbcnet,2,sub-008,ses-03,ses-02,ses-03->ses-02,ok
fbcnet,3,sub-008,ses-03,ses-02,ses-03->ses-02,ok
fbcnet,4,sub-008,ses-03,ses-02,ses-03->ses-02,ok
eegnet,0,sub-008,ses-03,ses-04,ses-03->ses-04,ok
eegnet,1,sub-008,ses-03,ses-04,ses-03->ses-04,ok
eegnet,2,sub-008,ses-03,ses-04,ses-03->ses-04,ok
eegnet,3,sub-008,ses-03,ses-04,ses-03->ses-04,ok
eegnet,4,sub-008,ses-03,ses-04,ses-03->ses-04,ok
deepconvnet,0,sub-008,ses-03,ses-04,ses-03->ses-04,ok
deepconvnet,1,sub-008,ses-03,ses-04,ses-03->ses-04,ok
deepconvnet,2,sub-008,ses-03,ses-04,ses-03->ses-04,ok
deepconvnet,3,sub-008,ses-03,ses-04,ses-03->ses-04,ok
deepconvnet,4,sub-008,ses-03,ses-04,ses-03->ses-04,ok
fbcnet,0,sub-008,ses-03,ses-04,ses-03->ses-04,ok
fbcnet,1,sub-008,ses-03,ses-04,ses-03->ses-04,ok
fbcnet,2,sub-008,ses-03,ses-04,ses-03->ses-04,ok
fbcnet,3,sub-008,ses-03,ses-04,ses-03->ses-04,ok
fbcnet,4,sub-008,ses-03,ses-04,ses-03->ses-04,ok
eegnet,0,sub-008,ses-03,ses-05,ses-03->ses-05,ok
eegnet,1,sub-008,ses-03,ses-05,ses-03->ses-05,ok
eegnet,2,sub-008,ses-03,ses-05,ses-03->ses-05,ok
eegnet,3,sub-008,ses-03,ses-05,ses-03->ses-05,ok
eegnet,4,sub-008,ses-03,ses-05,ses-03->ses-05,ok
deepconvnet,0,sub-008,ses-03,ses-05,ses-03->ses-05,ok
deepconvnet,1,sub-008,ses-03,ses-05,ses-03->ses-05,ok
deepconvnet,2,sub-008,ses-03,ses-05,ses-03->ses-05,ok
deepconvnet,3,sub-008,ses-03,ses-05,ses-03->ses-05,ok
deepconvnet,4,sub-008,ses-03,ses-05,ses-03->ses-05,ok
fbcnet,0,sub-008,ses-03,ses-05,ses-03->ses-05,ok
fbcnet,1,sub-008,ses-03,ses-05,ses-03->ses-05,ok
fbcnet,2,sub-008,ses-03,ses-05,ses-03->ses-05,ok
fbcnet,3,sub-008,ses-03,ses-05,ses-03->ses-05,ok
fbcnet,4,sub-008,ses-03,ses-05,ses-03->ses-05,ok
eegnet,0,sub-008,ses-04,ses-01,ses-04->ses-01,ok
eegnet,1,sub-008,ses-04,ses-01,ses-04->ses-01,ok
eegnet,2,sub-008,ses-04,ses-01,ses-04->ses-01,ok
eegnet,3,sub-008,ses-04,ses-01,ses-04->ses-01,ok
eegnet,4,sub-008,ses-04,ses-01,ses-04->ses-01,ok
deepconvnet,0,sub-008,ses-04,ses-01,ses-04->ses-01,ok
deepconvnet,1,sub-008,ses-04,ses-01,ses-04->ses-01,ok
deepconvnet,2,sub-008,ses-04,ses-01,ses-04->ses-01,ok
deepconvnet,3,sub-008,ses-04,ses-01,ses-04->ses-01,ok
deepconvnet,4,sub-008,ses-04,ses-01,ses-04->ses-01,ok
fbcnet,0,sub-008,ses-04,ses-01,ses-04->ses-01,ok
fbcnet,1,sub-008,ses-04,ses-01,ses-04->ses-01,ok
fbcnet,2,sub-008,ses-04,ses-01,ses-04->ses-01,ok
fbcnet,3,sub-008,ses-04,ses-01,ses-04->ses-01,ok
fbcnet,4,sub-008,ses-04,ses-01,ses-04->ses-01,ok
eegnet,0,sub-008,ses-04,ses-02,ses-04->ses-02,ok
eegnet,1,sub-008,ses-04,ses-02,ses-04->ses-02,ok
eegnet,2,sub-008,ses-04,ses-02,ses-04->ses-02,ok
eegnet,3,sub-008,ses-04,ses-02,ses-04->ses-02,ok
eegnet,4,sub-008,ses-04,ses-02,ses-04->ses-02,ok
deepconvnet,0,sub-008,ses-04,ses-02,ses-04->ses-02,ok
deepconvnet,1,sub-008,ses-04,ses-02,ses-04->ses-02,ok
deepconvnet,2,sub-008,ses-04,ses-02,ses-04->ses-02,ok
deepconvnet,3,sub-008,ses-04,ses-02,ses-04->ses-02,ok
deepconvnet,4,sub-008,ses-04,ses-02,ses-04->ses-02,ok
fbcnet,0,sub-008,ses-04,ses-02,ses-04->ses-02,ok
fbcnet,1,sub-008,ses-04,ses-02,ses-04->ses-02,ok
fbcnet,2,sub-008,ses-04,ses-02,ses-04->ses-02,ok
fbcnet,3,sub-008,ses-04,ses-02,ses-04->ses-02,ok
fbcnet,4,sub-008,ses-04,ses-02,ses-04->ses-02,ok
eegnet,0,sub-008,ses-04,ses-03,ses-04->ses-03,ok
eegnet,1,sub-008,ses-04,ses-03,ses-04->ses-03,ok
eegnet,2,sub-008,ses-04,ses-03,ses-04->ses-03,ok
eegnet,3,sub-008,ses-04,ses-03,ses-04->ses-03,ok
eegnet,4,sub-008,ses-04,ses-03,ses-04->ses-03,ok
deepconvnet,0,sub-008,ses-04,ses-03,ses-04->ses-03,ok
deepconvnet,1,sub-008,ses-04,ses-03,ses-04->ses-03,ok
deepconvnet,2,sub-008,ses-04,ses-03,ses-04->ses-03,ok
deepconvnet,3,sub-008,ses-04,ses-03,ses-04->ses-03,ok
deepconvnet,4,sub-008,ses-04,ses-03,ses-04->ses-03,ok
fbcnet,0,sub-008,ses-04,ses-03,ses-04->ses-03,ok
fbcnet,1,sub-008,ses-04,ses-03,ses-04->ses-03,ok
fbcnet,2,sub-008,ses-04,ses-03,ses-04->ses-03,ok
fbcnet,3,sub-008,ses-04,ses-03,ses-04->ses-03,ok
fbcnet,4,sub-008,ses-04,ses-03,ses-04->ses-03,ok
eegnet,0,sub-008,ses-04,ses-05,ses-04->ses-05,ok
eegnet,1,sub-008,ses-04,ses-05,ses-04->ses-05,ok
eegnet,2,sub-008,ses-04,ses-05,ses-04->ses-05,ok
eegnet,3,sub-008,ses-04,ses-05,ses-04->ses-05,ok
eegnet,4,sub-008,ses-04,ses-05,ses-04->ses-05,ok
deepconvnet,0,sub-008,ses-04,ses-05,ses-04->ses-05,ok
deepconvnet,1,sub-008,ses-04,ses-05,ses-04->ses-05,ok
deepconvnet,2,sub-008,ses-04,ses-05,ses-04->ses-05,ok
deepconvnet,3,sub-008,ses-04,ses-05,ses-04->ses-05,ok
deepconvnet,4,sub-008,ses-04,ses-05,ses-04->ses-05,ok
fbcnet,0,sub-008,ses-04,ses-05,ses-04->ses-05,ok
fbcnet,1,sub-008,ses-04,ses-05,ses-04->ses-05,ok
fbcnet,2,sub-008,ses-04,ses-05,ses-04->ses-05,ok
fbcnet,3,sub-008,ses-04,ses-05,ses-04->ses-05,ok
fbcnet,4,sub-008,ses-04,ses-05,ses-04->ses-05,ok
eegnet,0,sub-008,ses-05,ses-01,ses-05->ses-01,ok
eegnet,1,sub-008,ses-05,ses-01,ses-05->ses-01,ok
eegnet,2,sub-008,ses-05,ses-01,ses-05->ses-01,ok
eegnet,3,sub-008,ses-05,ses-01,ses-05->ses-01,ok
eegnet,4,sub-008,ses-05,ses-01,ses-05->ses-01,ok
deepconvnet,0,sub-008,ses-05,ses-01,ses-05->ses-01,ok
deepconvnet,1,sub-008,ses-05,ses-01,ses-05->ses-01,ok
deepconvnet,2,sub-008,ses-05,ses-01,ses-05->ses-01,ok
deepconvnet,3,sub-008,ses-05,ses-01,ses-05->ses-01,ok
deepconvnet,4,sub-008,ses-05,ses-01,ses-05->ses-01,ok
fbcnet,0,sub-008,ses-05,ses-01,ses-05->ses-01,ok
fbcnet,1,sub-008,ses-05,ses-01,ses-05->ses-01,ok
fbcnet,2,sub-008,ses-05,ses-01,ses-05->ses-01,ok
fbcnet,3,sub-008,ses-05,ses-01,ses-05->ses-01,ok
fbcnet,4,sub-008,ses-05,ses-01,ses-05->ses-01,ok
eegnet,0,sub-008,ses-05,ses-02,ses-05->ses-02,ok
eegnet,1,sub-008,ses-05,ses-02,ses-05->ses-02,ok
eegnet,2,sub-008,ses-05,ses-02,ses-05->ses-02,ok
eegnet,3,sub-008,ses-05,ses-02,ses-05->ses-02,ok
eegnet,4,sub-008,ses-05,ses-02,ses-05->ses-02,ok
deepconvnet,0,sub-008,ses-05,ses-02,ses-05->ses-02,ok
deepconvnet,1,sub-008,ses-05,ses-02,ses-05->ses-02,ok
deepconvnet,2,sub-008,ses-05,ses-02,ses-05->ses-02,ok
deepconvnet,3,sub-008,ses-05,ses-02,ses-05->ses-02,ok
deepconvnet,4,sub-008,ses-05,ses-02,ses-05->ses-02,ok
fbcnet,0,sub-008,ses-05,ses-02,ses-05->ses-02,ok
fbcnet,1,sub-008,ses-05,ses-02,ses-05->ses-02,ok
fbcnet,2,sub-008,ses-05,ses-02,ses-05->ses-02,ok
fbcnet,3,sub-008,ses-05,ses-02,ses-05->ses-02,ok
fbcnet,4,sub-008,ses-05,ses-02,ses-05->ses-02,ok
eegnet,0,sub-008,ses-05,ses-03,ses-05->ses-03,ok
eegnet,1,sub-008,ses-05,ses-03,ses-05->ses-03,ok
eegnet,2,sub-008,ses-05,ses-03,ses-05->ses-03,ok
eegnet,3,sub-008,ses-05,ses-03,ses-05->ses-03,ok
eegnet,4,sub-008,ses-05,ses-03,ses-05->ses-03,ok
deepconvnet,0,sub-008,ses-05,ses-03,ses-05->ses-03,ok
deepconvnet,1,sub-008,ses-05,ses-03,ses-05->ses-03,ok
deepconvnet,2,sub-008,ses-05,ses-03,ses-05->ses-03,ok
deepconvnet,3,sub-008,ses-05,ses-03,ses-05->ses-03,ok
deepconvnet,4,sub-008,ses-05,ses-03,ses-05->ses-03,ok
fbcnet,0,sub-008,ses-05,ses-03,ses-05->ses-03,ok
fbcnet,1,sub-008,ses-05,ses-03,ses-05->ses-03,ok
fbcnet,2,sub-008,ses-05,ses-03,ses-05->ses-03,ok
fbcnet,3,sub-008,ses-05,ses-03,ses-05->ses-03,ok
fbcnet,4,sub-008,ses-05,ses-03,ses-05->ses-03,ok
eegnet,0,sub-008,ses-05,ses-04,ses-05->ses-04,ok
eegnet,1,sub-008,ses-05,ses-04,ses-05->ses-04,ok
eegnet,2,sub-008,ses-05,ses-04,ses-05->ses-04,ok
eegnet,3,sub-008,ses-05,ses-04,ses-05->ses-04,ok
eegnet,4,sub-008,ses-05,ses-04,ses-05->ses-04,ok
deepconvnet,0,sub-008,ses-05,ses-04,ses-05->ses-04,ok
deepconvnet,1,sub-008,ses-05,ses-04,ses-05->ses-04,ok
deepconvnet,2,sub-008,ses-05,ses-04,ses-05->ses-04,ok
deepconvnet,3,sub-008,ses-05,ses-04,ses-05->ses-04,ok
deepconvnet,4,sub-008,ses-05,ses-04,ses-05->ses-04,ok
fbcnet,0,sub-008,ses-05,ses-04,ses-05->ses-04,ok
fbcnet,1,sub-008,ses-05,ses-04,ses-05->ses-04,ok
fbcnet,2,sub-008,ses-05,ses-04,ses-05->ses-04,ok
fbcnet,3,sub-008,ses-05,ses-04,ses-05->ses-04,ok
fbcnet,4,sub-008,ses-05,ses-04,ses-05->ses-04,ok
eegnet,0,sub-009,ses-01,ses-02,ses-01->ses-02,ok
eegnet,1,sub-009,ses-01,ses-02,ses-01->ses-02,ok
eegnet,2,sub-009,ses-01,ses-02,ses-01->ses-02,ok
eegnet,3,sub-009,ses-01,ses-02,ses-01->ses-02,ok
eegnet,4,sub-009,ses-01,ses-02,ses-01->ses-02,ok
deepconvnet,0,sub-009,ses-01,ses-02,ses-01->ses-02,ok
deepconvnet,1,sub-009,ses-01,ses-02,ses-01->ses-02,ok
deepconvnet,2,sub-009,ses-01,ses-02,ses-01->ses-02,ok
deepconvnet,3,sub-009,ses-01,ses-02,ses-01->ses-02,ok
deepconvnet,4,sub-009,ses-01,ses-02,ses-01->ses-02,ok
fbcnet,0,sub-009,ses-01,ses-02,ses-01->ses-02,ok
fbcnet,1,sub-009,ses-01,ses-02,ses-01->ses-02,ok
fbcnet,2,sub-009,ses-01,ses-02,ses-01->ses-02,ok
fbcnet,3,sub-009,ses-01,ses-02,ses-01->ses-02,ok
fbcnet,4,sub-009,ses-01,ses-02,ses-01->ses-02,ok
eegnet,0,sub-009,ses-01,ses-03,ses-01->ses-03,ok
eegnet,1,sub-009,ses-01,ses-03,ses-01->ses-03,ok
eegnet,2,sub-009,ses-01,ses-03,ses-01->ses-03,ok
eegnet,3,sub-009,ses-01,ses-03,ses-01->ses-03,ok
eegnet,4,sub-009,ses-01,ses-03,ses-01->ses-03,ok
deepconvnet,0,sub-009,ses-01,ses-03,ses-01->ses-03,ok
deepconvnet,1,sub-009,ses-01,ses-03,ses-01->ses-03,ok
deepconvnet,2,sub-009,ses-01,ses-03,ses-01->ses-03,ok
deepconvnet,3,sub-009,ses-01,ses-03,ses-01->ses-03,ok
deepconvnet,4,sub-009,ses-01,ses-03,ses-01->ses-03,ok
fbcnet,0,sub-009,ses-01,ses-03,ses-01->ses-03,ok
fbcnet,1,sub-009,ses-01,ses-03,ses-01->ses-03,ok
fbcnet,2,sub-009,ses-01,ses-03,ses-01->ses-03,ok
fbcnet,3,sub-009,ses-01,ses-03,ses-01->ses-03,ok
fbcnet,4,sub-009,ses-01,ses-03,ses-01->ses-03,ok
eegnet,0,sub-009,ses-01,ses-04,ses-01->ses-04,ok
eegnet,1,sub-009,ses-01,ses-04,ses-01->ses-04,ok
eegnet,2,sub-009,ses-01,ses-04,ses-01->ses-04,ok
eegnet,3,sub-009,ses-01,ses-04,ses-01->ses-04,ok
eegnet,4,sub-009,ses-01,ses-04,ses-01->ses-04,ok
deepconvnet,0,sub-009,ses-01,ses-04,ses-01->ses-04,ok
deepconvnet,1,sub-009,ses-01,ses-04,ses-01->ses-04,ok
deepconvnet,2,sub-009,ses-01,ses-04,ses-01->ses-04,ok
deepconvnet,3,sub-009,ses-01,ses-04,ses-01->ses-04,ok
deepconvnet,4,sub-009,ses-01,ses-04,ses-01->ses-04,ok
fbcnet,0,sub-009,ses-01,ses-04,ses-01->ses-04,ok
fbcnet,1,sub-009,ses-01,ses-04,ses-01->ses-04,ok
fbcnet,2,sub-009,ses-01,ses-04,ses-01->ses-04,ok
fbcnet,3,sub-009,ses-01,ses-04,ses-01->ses-04,ok
fbcnet,4,sub-009,ses-01,ses-04,ses-01->ses-04,ok
eegnet,0,sub-009,ses-01,ses-05,ses-01->ses-05,ok
eegnet,1,sub-009,ses-01,ses-05,ses-01->ses-05,ok
eegnet,2,sub-009,ses-01,ses-05,ses-01->ses-05,ok
eegnet,3,sub-009,ses-01,ses-05,ses-01->ses-05,ok
eegnet,4,sub-009,ses-01,ses-05,ses-01->ses-05,ok
deepconvnet,0,sub-009,ses-01,ses-05,ses-01->ses-05,ok
deepconvnet,1,sub-009,ses-01,ses-05,ses-01->ses-05,ok
deepconvnet,2,sub-009,ses-01,ses-05,ses-01->ses-05,ok
deepconvnet,3,sub-009,ses-01,ses-05,ses-01->ses-05,ok
deepconvnet,4,sub-009,ses-01,ses-05,ses-01->ses-05,ok
fbcnet,0,sub-009,ses-01,ses-05,ses-01->ses-05,ok
fbcnet,1,sub-009,ses-01,ses-05,ses-01->ses-05,ok
fbcnet,2,sub-009,ses-01,ses-05,ses-01->ses-05,ok
fbcnet,3,sub-009,ses-01,ses-05,ses-01->ses-05,ok
fbcnet,4,sub-009,ses-01,ses-05,ses-01->ses-05,ok
eegnet,0,sub-009,ses-02,ses-01,ses-02->ses-01,ok
eegnet,1,sub-009,ses-02,ses-01,ses-02->ses-01,ok
eegnet,2,sub-009,ses-02,ses-01,ses-02->ses-01,ok
eegnet,3,sub-009,ses-02,ses-01,ses-02->ses-01,ok
eegnet,4,sub-009,ses-02,ses-01,ses-02->ses-01,ok
deepconvnet,0,sub-009,ses-02,ses-01,ses-02->ses-01,ok
deepconvnet,1,sub-009,ses-02,ses-01,ses-02->ses-01,ok
deepconvnet,2,sub-009,ses-02,ses-01,ses-02->ses-01,ok
deepconvnet,3,sub-009,ses-02,ses-01,ses-02->ses-01,ok
deepconvnet,4,sub-009,ses-02,ses-01,ses-02->ses-01,ok
fbcnet,0,sub-009,ses-02,ses-01,ses-02->ses-01,ok
fbcnet,1,sub-009,ses-02,ses-01,ses-02->ses-01,ok
fbcnet,2,sub-009,ses-02,ses-01,ses-02->ses-01,ok
fbcnet,3,sub-009,ses-02,ses-01,ses-02->ses-01,ok
fbcnet,4,sub-009,ses-02,ses-01,ses-02->ses-01,ok
eegnet,0,sub-009,ses-02,ses-03,ses-02->ses-03,ok
eegnet,1,sub-009,ses-02,ses-03,ses-02->ses-03,ok
eegnet,2,sub-009,ses-02,ses-03,ses-02->ses-03,ok
eegnet,3,sub-009,ses-02,ses-03,ses-02->ses-03,ok
eegnet,4,sub-009,ses-02,ses-03,ses-02->ses-03,ok
deepconvnet,0,sub-009,ses-02,ses-03,ses-02->ses-03,ok
deepconvnet,1,sub-009,ses-02,ses-03,ses-02->ses-03,ok
deepconvnet,2,sub-009,ses-02,ses-03,ses-02->ses-03,ok
deepconvnet,3,sub-009,ses-02,ses-03,ses-02->ses-03,ok
deepconvnet,4,sub-009,ses-02,ses-03,ses-02->ses-03,ok
fbcnet,0,sub-009,ses-02,ses-03,ses-02->ses-03,ok
fbcnet,1,sub-009,ses-02,ses-03,ses-02->ses-03,ok
fbcnet,2,sub-009,ses-02,ses-03,ses-02->ses-03,ok
fbcnet,3,sub-009,ses-02,ses-03,ses-02->ses-03,ok
fbcnet,4,sub-009,ses-02,ses-03,ses-02->ses-03,ok
eegnet,0,sub-009,ses-02,ses-04,ses-02->ses-04,ok
eegnet,1,sub-009,ses-02,ses-04,ses-02->ses-04,ok
eegnet,2,sub-009,ses-02,ses-04,ses-02->ses-04,ok
eegnet,3,sub-009,ses-02,ses-04,ses-02->ses-04,ok
eegnet,4,sub-009,ses-02,ses-04,ses-02->ses-04,ok
deepconvnet,0,sub-009,ses-02,ses-04,ses-02->ses-04,ok
deepconvnet,1,sub-009,ses-02,ses-04,ses-02->ses-04,ok
deepconvnet,2,sub-009,ses-02,ses-04,ses-02->ses-04,ok
deepconvnet,3,sub-009,ses-02,ses-04,ses-02->ses-04,ok
deepconvnet,4,sub-009,ses-02,ses-04,ses-02->ses-04,ok
fbcnet,0,sub-009,ses-02,ses-04,ses-02->ses-04,ok
fbcnet,1,sub-009,ses-02,ses-04,ses-02->ses-04,ok
fbcnet,2,sub-009,ses-02,ses-04,ses-02->ses-04,ok
fbcnet,3,sub-009,ses-02,ses-04,ses-02->ses-04,ok
fbcnet,4,sub-009,ses-02,ses-04,ses-02->ses-04,ok
eegnet,0,sub-009,ses-02,ses-05,ses-02->ses-05,ok
eegnet,1,sub-009,ses-02,ses-05,ses-02->ses-05,ok
eegnet,2,sub-009,ses-02,ses-05,ses-02->ses-05,ok
eegnet,3,sub-009,ses-02,ses-05,ses-02->ses-05,ok
eegnet,4,sub-009,ses-02,ses-05,ses-02->ses-05,ok
deepconvnet,0,sub-009,ses-02,ses-05,ses-02->ses-05,ok
deepconvnet,1,sub-009,ses-02,ses-05,ses-02->ses-05,ok
deepconvnet,2,sub-009,ses-02,ses-05,ses-02->ses-05,ok
deepconvnet,3,sub-009,ses-02,ses-05,ses-02->ses-05,ok
deepconvnet,4,sub-009,ses-02,ses-05,ses-02->ses-05,ok
fbcnet,0,sub-009,ses-02,ses-05,ses-02->ses-05,ok
fbcnet,1,sub-009,ses-02,ses-05,ses-02->ses-05,ok
fbcnet,2,sub-009,ses-02,ses-05,ses-02->ses-05,ok
fbcnet,3,sub-009,ses-02,ses-05,ses-02->ses-05,ok
fbcnet,4,sub-009,ses-02,ses-05,ses-02->ses-05,ok
eegnet,0,sub-009,ses-03,ses-01,ses-03->ses-01,ok
eegnet,1,sub-009,ses-03,ses-01,ses-03->ses-01,ok
eegnet,2,sub-009,ses-03,ses-01,ses-03->ses-01,ok
eegnet,3,sub-009,ses-03,ses-01,ses-03->ses-01,ok
eegnet,4,sub-009,ses-03,ses-01,ses-03->ses-01,ok
deepconvnet,0,sub-009,ses-03,ses-01,ses-03->ses-01,ok
deepconvnet,1,sub-009,ses-03,ses-01,ses-03->ses-01,ok
deepconvnet,2,sub-009,ses-03,ses-01,ses-03->ses-01,ok
deepconvnet,3,sub-009,ses-03,ses-01,ses-03->ses-01,ok
deepconvnet,4,sub-009,ses-03,ses-01,ses-03->ses-01,ok
fbcnet,0,sub-009,ses-03,ses-01,ses-03->ses-01,ok
fbcnet,1,sub-009,ses-03,ses-01,ses-03->ses-01,ok
fbcnet,2,sub-009,ses-03,ses-01,ses-03->ses-01,ok
fbcnet,3,sub-009,ses-03,ses-01,ses-03->ses-01,ok
fbcnet,4,sub-009,ses-03,ses-01,ses-03->ses-01,ok
eegnet,0,sub-009,ses-03,ses-02,ses-03->ses-02,ok
eegnet,1,sub-009,ses-03,ses-02,ses-03->ses-02,ok
eegnet,2,sub-009,ses-03,ses-02,ses-03->ses-02,ok
eegnet,3,sub-009,ses-03,ses-02,ses-03->ses-02,ok
eegnet,4,sub-009,ses-03,ses-02,ses-03->ses-02,ok
deepconvnet,0,sub-009,ses-03,ses-02,ses-03->ses-02,ok
deepconvnet,1,sub-009,ses-03,ses-02,ses-03->ses-02,ok
deepconvnet,2,sub-009,ses-03,ses-02,ses-03->ses-02,ok
deepconvnet,3,sub-009,ses-03,ses-02,ses-03->ses-02,ok
deepconvnet,4,sub-009,ses-03,ses-02,ses-03->ses-02,ok
fbcnet,0,sub-009,ses-03,ses-02,ses-03->ses-02,ok
fbcnet,1,sub-009,ses-03,ses-02,ses-03->ses-02,ok
fbcnet,2,sub-009,ses-03,ses-02,ses-03->ses-02,ok
fbcnet,3,sub-009,ses-03,ses-02,ses-03->ses-02,ok
fbcnet,4,sub-009,ses-03,ses-02,ses-03->ses-02,ok
eegnet,0,sub-009,ses-03,ses-04,ses-03->ses-04,ok
eegnet,1,sub-009,ses-03,ses-04,ses-03->ses-04,ok
eegnet,2,sub-009,ses-03,ses-04,ses-03->ses-04,ok
eegnet,3,sub-009,ses-03,ses-04,ses-03->ses-04,ok
eegnet,4,sub-009,ses-03,ses-04,ses-03->ses-04,ok
deepconvnet,0,sub-009,ses-03,ses-04,ses-03->ses-04,ok
deepconvnet,1,sub-009,ses-03,ses-04,ses-03->ses-04,ok
deepconvnet,2,sub-009,ses-03,ses-04,ses-03->ses-04,ok
deepconvnet,3,sub-009,ses-03,ses-04,ses-03->ses-04,ok
deepconvnet,4,sub-009,ses-03,ses-04,ses-03->ses-04,ok
fbcnet,0,sub-009,ses-03,ses-04,ses-03->ses-04,ok
fbcnet,1,sub-009,ses-03,ses-04,ses-03->ses-04,ok
fbcnet,2,sub-009,ses-03,ses-04,ses-03->ses-04,ok
fbcnet,3,sub-009,ses-03,ses-04,ses-03->ses-04,ok
fbcnet,4,sub-009,ses-03,ses-04,ses-03->ses-04,ok
eegnet,0,sub-009,ses-03,ses-05,ses-03->ses-05,ok
eegnet,1,sub-009,ses-03,ses-05,ses-03->ses-05,ok
eegnet,2,sub-009,ses-03,ses-05,ses-03->ses-05,ok
eegnet,3,sub-009,ses-03,ses-05,ses-03->ses-05,ok
eegnet,4,sub-009,ses-03,ses-05,ses-03->ses-05,ok
deepconvnet,0,sub-009,ses-03,ses-05,ses-03->ses-05,ok
deepconvnet,1,sub-009,ses-03,ses-05,ses-03->ses-05,ok
deepconvnet,2,sub-009,ses-03,ses-05,ses-03->ses-05,ok
deepconvnet,3,sub-009,ses-03,ses-05,ses-03->ses-05,ok
deepconvnet,4,sub-009,ses-03,ses-05,ses-03->ses-05,ok
fbcnet,0,sub-009,ses-03,ses-05,ses-03->ses-05,ok
fbcnet,1,sub-009,ses-03,ses-05,ses-03->ses-05,ok
fbcnet,2,sub-009,ses-03,ses-05,ses-03->ses-05,ok
fbcnet,3,sub-009,ses-03,ses-05,ses-03->ses-05,ok
fbcnet,4,sub-009,ses-03,ses-05,ses-03->ses-05,ok
eegnet,0,sub-009,ses-04,ses-01,ses-04->ses-01,ok
eegnet,1,sub-009,ses-04,ses-01,ses-04->ses-01,ok
eegnet,2,sub-009,ses-04,ses-01,ses-04->ses-01,ok
eegnet,3,sub-009,ses-04,ses-01,ses-04->ses-01,ok
eegnet,4,sub-009,ses-04,ses-01,ses-04->ses-01,ok
deepconvnet,0,sub-009,ses-04,ses-01,ses-04->ses-01,ok
deepconvnet,1,sub-009,ses-04,ses-01,ses-04->ses-01,ok
deepconvnet,2,sub-009,ses-04,ses-01,ses-04->ses-01,ok
deepconvnet,3,sub-009,ses-04,ses-01,ses-04->ses-01,ok
deepconvnet,4,sub-009,ses-04,ses-01,ses-04->ses-01,ok
fbcnet,0,sub-009,ses-04,ses-01,ses-04->ses-01,ok
fbcnet,1,sub-009,ses-04,ses-01,ses-04->ses-01,ok
fbcnet,2,sub-009,ses-04,ses-01,ses-04->ses-01,ok
fbcnet,3,sub-009,ses-04,ses-01,ses-04->ses-01,ok
fbcnet,4,sub-009,ses-04,ses-01,ses-04->ses-01,ok
eegnet,0,sub-009,ses-04,ses-02,ses-04->ses-02,ok
eegnet,1,sub-009,ses-04,ses-02,ses-04->ses-02,ok
eegnet,2,sub-009,ses-04,ses-02,ses-04->ses-02,ok
eegnet,3,sub-009,ses-04,ses-02,ses-04->ses-02,ok
eegnet,4,sub-009,ses-04,ses-02,ses-04->ses-02,ok
deepconvnet,0,sub-009,ses-04,ses-02,ses-04->ses-02,ok
deepconvnet,1,sub-009,ses-04,ses-02,ses-04->ses-02,ok
deepconvnet,2,sub-009,ses-04,ses-02,ses-04->ses-02,ok
deepconvnet,3,sub-009,ses-04,ses-02,ses-04->ses-02,ok
deepconvnet,4,sub-009,ses-04,ses-02,ses-04->ses-02,ok
fbcnet,0,sub-009,ses-04,ses-02,ses-04->ses-02,ok
fbcnet,1,sub-009,ses-04,ses-02,ses-04->ses-02,ok
fbcnet,2,sub-009,ses-04,ses-02,ses-04->ses-02,ok
fbcnet,3,sub-009,ses-04,ses-02,ses-04->ses-02,ok
fbcnet,4,sub-009,ses-04,ses-02,ses-04->ses-02,ok
eegnet,0,sub-009,ses-04,ses-03,ses-04->ses-03,ok
eegnet,1,sub-009,ses-04,ses-03,ses-04->ses-03,ok
eegnet,2,sub-009,ses-04,ses-03,ses-04->ses-03,ok
eegnet,3,sub-009,ses-04,ses-03,ses-04->ses-03,ok
eegnet,4,sub-009,ses-04,ses-03,ses-04->ses-03,ok
deepconvnet,0,sub-009,ses-04,ses-03,ses-04->ses-03,ok
deepconvnet,1,sub-009,ses-04,ses-03,ses-04->ses-03,ok
deepconvnet,2,sub-009,ses-04,ses-03,ses-04->ses-03,ok
deepconvnet,3,sub-009,ses-04,ses-03,ses-04->ses-03,ok
deepconvnet,4,sub-009,ses-04,ses-03,ses-04->ses-03,ok
fbcnet,0,sub-009,ses-04,ses-03,ses-04->ses-03,ok
fbcnet,1,sub-009,ses-04,ses-03,ses-04->ses-03,ok
fbcnet,2,sub-009,ses-04,ses-03,ses-04->ses-03,ok
fbcnet,3,sub-009,ses-04,ses-03,ses-04->ses-03,ok
fbcnet,4,sub-009,ses-04,ses-03,ses-04->ses-03,ok
eegnet,0,sub-009,ses-04,ses-05,ses-04->ses-05,ok
eegnet,1,sub-009,ses-04,ses-05,ses-04->ses-05,ok
eegnet,2,sub-009,ses-04,ses-05,ses-04->ses-05,ok
eegnet,3,sub-009,ses-04,ses-05,ses-04->ses-05,ok
eegnet,4,sub-009,ses-04,ses-05,ses-04->ses-05,ok
deepconvnet,0,sub-009,ses-04,ses-05,ses-04->ses-05,ok
deepconvnet,1,sub-009,ses-04,ses-05,ses-04->ses-05,ok
deepconvnet,2,sub-009,ses-04,ses-05,ses-04->ses-05,ok
deepconvnet,3,sub-009,ses-04,ses-05,ses-04->ses-05,ok
deepconvnet,4,sub-009,ses-04,ses-05,ses-04->ses-05,ok
fbcnet,0,sub-009,ses-04,ses-05,ses-04->ses-05,ok
fbcnet,1,sub-009,ses-04,ses-05,ses-04->ses-05,ok
fbcnet,2,sub-009,ses-04,ses-05,ses-04->ses-05,ok
fbcnet,3,sub-009,ses-04,ses-05,ses-04->ses-05,ok
fbcnet,4,sub-009,ses-04,ses-05,ses-04->ses-05,ok
eegnet,0,sub-009,ses-05,ses-01,ses-05->ses-01,ok
eegnet,1,sub-009,ses-05,ses-01,ses-05->ses-01,ok
eegnet,2,sub-009,ses-05,ses-01,ses-05->ses-01,ok
eegnet,3,sub-009,ses-05,ses-01,ses-05->ses-01,ok
eegnet,4,sub-009,ses-05,ses-01,ses-05->ses-01,ok
deepconvnet,0,sub-009,ses-05,ses-01,ses-05->ses-01,ok
deepconvnet,1,sub-009,ses-05,ses-01,ses-05->ses-01,ok
deepconvnet,2,sub-009,ses-05,ses-01,ses-05->ses-01,ok
deepconvnet,3,sub-009,ses-05,ses-01,ses-05->ses-01,ok
deepconvnet,4,sub-009,ses-05,ses-01,ses-05->ses-01,ok
fbcnet,0,sub-009,ses-05,ses-01,ses-05->ses-01,ok
fbcnet,1,sub-009,ses-05,ses-01,ses-05->ses-01,ok
fbcnet,2,sub-009,ses-05,ses-01,ses-05->ses-01,ok
fbcnet,3,sub-009,ses-05,ses-01,ses-05->ses-01,ok
fbcnet,4,sub-009,ses-05,ses-01,ses-05->ses-01,ok
eegnet,0,sub-009,ses-05,ses-02,ses-05->ses-02,ok
eegnet,1,sub-009,ses-05,ses-02,ses-05->ses-02,ok
eegnet,2,sub-009,ses-05,ses-02,ses-05->ses-02,ok
eegnet,3,sub-009,ses-05,ses-02,ses-05->ses-02,ok
eegnet,4,sub-009,ses-05,ses-02,ses-05->ses-02,ok
deepconvnet,0,sub-009,ses-05,ses-02,ses-05->ses-02,ok
deepconvnet,1,sub-009,ses-05,ses-02,ses-05->ses-02,ok
deepconvnet,2,sub-009,ses-05,ses-02,ses-05->ses-02,ok
deepconvnet,3,sub-009,ses-05,ses-02,ses-05->ses-02,ok
deepconvnet,4,sub-009,ses-05,ses-02,ses-05->ses-02,ok
fbcnet,0,sub-009,ses-05,ses-02,ses-05->ses-02,ok
fbcnet,1,sub-009,ses-05,ses-02,ses-05->ses-02,ok
fbcnet,2,sub-009,ses-05,ses-02,ses-05->ses-02,ok
fbcnet,3,sub-009,ses-05,ses-02,ses-05->ses-02,ok
fbcnet,4,sub-009,ses-05,ses-02,ses-05->ses-02,ok
eegnet,0,sub-009,ses-05,ses-03,ses-05->ses-03,ok
eegnet,1,sub-009,ses-05,ses-03,ses-05->ses-03,ok
eegnet,2,sub-009,ses-05,ses-03,ses-05->ses-03,ok
eegnet,3,sub-009,ses-05,ses-03,ses-05->ses-03,ok
eegnet,4,sub-009,ses-05,ses-03,ses-05->ses-03,ok
deepconvnet,0,sub-009,ses-05,ses-03,ses-05->ses-03,ok
deepconvnet,1,sub-009,ses-05,ses-03,ses-05->ses-03,ok
deepconvnet,2,sub-009,ses-05,ses-03,ses-05->ses-03,ok
deepconvnet,3,sub-009,ses-05,ses-03,ses-05->ses-03,ok
deepconvnet,4,sub-009,ses-05,ses-03,ses-05->ses-03,ok
fbcnet,0,sub-009,ses-05,ses-03,ses-05->ses-03,ok
fbcnet,1,sub-009,ses-05,ses-03,ses-05->ses-03,ok
fbcnet,2,sub-009,ses-05,ses-03,ses-05->ses-03,ok
fbcnet,3,sub-009,ses-05,ses-03,ses-05->ses-03,ok
fbcnet,4,sub-009,ses-05,ses-03,ses-05->ses-03,ok
eegnet,0,sub-009,ses-05,ses-04,ses-05->ses-04,ok
eegnet,1,sub-009,ses-05,ses-04,ses-05->ses-04,ok
eegnet,2,sub-009,ses-05,ses-04,ses-05->ses-04,ok
eegnet,3,sub-009,ses-05,ses-04,ses-05->ses-04,ok
eegnet,4,sub-009,ses-05,ses-04,ses-05->ses-04,ok
deepconvnet,0,sub-009,ses-05,ses-04,ses-05->ses-04,ok
deepconvnet,1,sub-009,ses-05,ses-04,ses-05->ses-04,ok
deepconvnet,2,sub-009,ses-05,ses-04,ses-05->ses-04,ok
deepconvnet,3,sub-009,ses-05,ses-04,ses-05->ses-04,ok
deepconvnet,4,sub-009,ses-05,ses-04,ses-05->ses-04,ok
fbcnet,0,sub-009,ses-05,ses-04,ses-05->ses-04,ok
fbcnet,1,sub-009,ses-05,ses-04,ses-05->ses-04,ok
fbcnet,2,sub-009,ses-05,ses-04,ses-05->ses-04,ok
fbcnet,3,sub-009,ses-05,ses-04,ses-05->ses-04,ok
fbcnet,4,sub-009,ses-05,ses-04,ses-05->ses-04,ok
eegnet,0,sub-010,ses-01,ses-02,ses-01->ses-02,ok
eegnet,1,sub-010,ses-01,ses-02,ses-01->ses-02,ok
eegnet,2,sub-010,ses-01,ses-02,ses-01->ses-02,ok
eegnet,3,sub-010,ses-01,ses-02,ses-01->ses-02,ok
eegnet,4,sub-010,ses-01,ses-02,ses-01->ses-02,ok
deepconvnet,0,sub-010,ses-01,ses-02,ses-01->ses-02,ok
deepconvnet,1,sub-010,ses-01,ses-02,ses-01->ses-02,ok
deepconvnet,2,sub-010,ses-01,ses-02,ses-01->ses-02,ok
deepconvnet,3,sub-010,ses-01,ses-02,ses-01->ses-02,ok
deepconvnet,4,sub-010,ses-01,ses-02,ses-01->ses-02,ok
fbcnet,0,sub-010,ses-01,ses-02,ses-01->ses-02,ok
fbcnet,1,sub-010,ses-01,ses-02,ses-01->ses-02,ok
fbcnet,2,sub-010,ses-01,ses-02,ses-01->ses-02,ok
fbcnet,3,sub-010,ses-01,ses-02,ses-01->ses-02,ok
fbcnet,4,sub-010,ses-01,ses-02,ses-01->ses-02,ok
eegnet,0,sub-010,ses-01,ses-03,ses-01->ses-03,ok
eegnet,1,sub-010,ses-01,ses-03,ses-01->ses-03,ok
eegnet,2,sub-010,ses-01,ses-03,ses-01->ses-03,ok
eegnet,3,sub-010,ses-01,ses-03,ses-01->ses-03,ok
eegnet,4,sub-010,ses-01,ses-03,ses-01->ses-03,ok
deepconvnet,0,sub-010,ses-01,ses-03,ses-01->ses-03,ok
deepconvnet,1,sub-010,ses-01,ses-03,ses-01->ses-03,ok
deepconvnet,2,sub-010,ses-01,ses-03,ses-01->ses-03,ok
deepconvnet,3,sub-010,ses-01,ses-03,ses-01->ses-03,ok
deepconvnet,4,sub-010,ses-01,ses-03,ses-01->ses-03,ok
fbcnet,0,sub-010,ses-01,ses-03,ses-01->ses-03,ok
fbcnet,1,sub-010,ses-01,ses-03,ses-01->ses-03,ok
fbcnet,2,sub-010,ses-01,ses-03,ses-01->ses-03,ok
fbcnet,3,sub-010,ses-01,ses-03,ses-01->ses-03,ok
fbcnet,4,sub-010,ses-01,ses-03,ses-01->ses-03,ok
eegnet,0,sub-010,ses-01,ses-04,ses-01->ses-04,ok
eegnet,1,sub-010,ses-01,ses-04,ses-01->ses-04,ok
eegnet,2,sub-010,ses-01,ses-04,ses-01->ses-04,ok
eegnet,3,sub-010,ses-01,ses-04,ses-01->ses-04,ok
eegnet,4,sub-010,ses-01,ses-04,ses-01->ses-04,ok
deepconvnet,0,sub-010,ses-01,ses-04,ses-01->ses-04,ok
deepconvnet,1,sub-010,ses-01,ses-04,ses-01->ses-04,ok
deepconvnet,2,sub-010,ses-01,ses-04,ses-01->ses-04,ok
deepconvnet,3,sub-010,ses-01,ses-04,ses-01->ses-04,ok
deepconvnet,4,sub-010,ses-01,ses-04,ses-01->ses-04,ok
fbcnet,0,sub-010,ses-01,ses-04,ses-01->ses-04,ok
fbcnet,1,sub-010,ses-01,ses-04,ses-01->ses-04,ok
fbcnet,2,sub-010,ses-01,ses-04,ses-01->ses-04,ok
fbcnet,3,sub-010,ses-01,ses-04,ses-01->ses-04,ok
fbcnet,4,sub-010,ses-01,ses-04,ses-01->ses-04,ok
eegnet,0,sub-010,ses-01,ses-05,ses-01->ses-05,ok
eegnet,1,sub-010,ses-01,ses-05,ses-01->ses-05,ok
eegnet,2,sub-010,ses-01,ses-05,ses-01->ses-05,ok
eegnet,3,sub-010,ses-01,ses-05,ses-01->ses-05,ok
eegnet,4,sub-010,ses-01,ses-05,ses-01->ses-05,ok
deepconvnet,0,sub-010,ses-01,ses-05,ses-01->ses-05,ok
deepconvnet,1,sub-010,ses-01,ses-05,ses-01->ses-05,ok
deepconvnet,2,sub-010,ses-01,ses-05,ses-01->ses-05,ok
deepconvnet,3,sub-010,ses-01,ses-05,ses-01->ses-05,ok
deepconvnet,4,sub-010,ses-01,ses-05,ses-01->ses-05,ok
fbcnet,0,sub-010,ses-01,ses-05,ses-01->ses-05,ok
fbcnet,1,sub-010,ses-01,ses-05,ses-01->ses-05,ok
fbcnet,2,sub-010,ses-01,ses-05,ses-01->ses-05,ok
fbcnet,3,sub-010,ses-01,ses-05,ses-01->ses-05,ok
fbcnet,4,sub-010,ses-01,ses-05,ses-01->ses-05,ok
eegnet,0,sub-010,ses-02,ses-01,ses-02->ses-01,ok
eegnet,1,sub-010,ses-02,ses-01,ses-02->ses-01,ok
eegnet,2,sub-010,ses-02,ses-01,ses-02->ses-01,ok
eegnet,3,sub-010,ses-02,ses-01,ses-02->ses-01,ok
eegnet,4,sub-010,ses-02,ses-01,ses-02->ses-01,ok
deepconvnet,0,sub-010,ses-02,ses-01,ses-02->ses-01,ok
deepconvnet,1,sub-010,ses-02,ses-01,ses-02->ses-01,ok
deepconvnet,2,sub-010,ses-02,ses-01,ses-02->ses-01,ok
deepconvnet,3,sub-010,ses-02,ses-01,ses-02->ses-01,ok
deepconvnet,4,sub-010,ses-02,ses-01,ses-02->ses-01,ok
fbcnet,0,sub-010,ses-02,ses-01,ses-02->ses-01,ok
fbcnet,1,sub-010,ses-02,ses-01,ses-02->ses-01,ok
fbcnet,2,sub-010,ses-02,ses-01,ses-02->ses-01,ok
fbcnet,3,sub-010,ses-02,ses-01,ses-02->ses-01,ok
fbcnet,4,sub-010,ses-02,ses-01,ses-02->ses-01,ok
eegnet,0,sub-010,ses-02,ses-03,ses-02->ses-03,ok
eegnet,1,sub-010,ses-02,ses-03,ses-02->ses-03,ok
eegnet,2,sub-010,ses-02,ses-03,ses-02->ses-03,ok
eegnet,3,sub-010,ses-02,ses-03,ses-02->ses-03,ok
eegnet,4,sub-010,ses-02,ses-03,ses-02->ses-03,ok
deepconvnet,0,sub-010,ses-02,ses-03,ses-02->ses-03,ok
deepconvnet,1,sub-010,ses-02,ses-03,ses-02->ses-03,ok
deepconvnet,2,sub-010,ses-02,ses-03,ses-02->ses-03,ok
deepconvnet,3,sub-010,ses-02,ses-03,ses-02->ses-03,ok
deepconvnet,4,sub-010,ses-02,ses-03,ses-02->ses-03,ok
fbcnet,0,sub-010,ses-02,ses-03,ses-02->ses-03,ok
fbcnet,1,sub-010,ses-02,ses-03,ses-02->ses-03,ok
fbcnet,2,sub-010,ses-02,ses-03,ses-02->ses-03,ok
fbcnet,3,sub-010,ses-02,ses-03,ses-02->ses-03,ok
fbcnet,4,sub-010,ses-02,ses-03,ses-02->ses-03,ok
eegnet,0,sub-010,ses-02,ses-04,ses-02->ses-04,ok
eegnet,1,sub-010,ses-02,ses-04,ses-02->ses-04,ok
eegnet,2,sub-010,ses-02,ses-04,ses-02->ses-04,ok
eegnet,3,sub-010,ses-02,ses-04,ses-02->ses-04,ok
eegnet,4,sub-010,ses-02,ses-04,ses-02->ses-04,ok
deepconvnet,0,sub-010,ses-02,ses-04,ses-02->ses-04,ok
deepconvnet,1,sub-010,ses-02,ses-04,ses-02->ses-04,ok
deepconvnet,2,sub-010,ses-02,ses-04,ses-02->ses-04,ok
deepconvnet,3,sub-010,ses-02,ses-04,ses-02->ses-04,ok
deepconvnet,4,sub-010,ses-02,ses-04,ses-02->ses-04,ok
fbcnet,0,sub-010,ses-02,ses-04,ses-02->ses-04,ok
fbcnet,1,sub-010,ses-02,ses-04,ses-02->ses-04,ok
fbcnet,2,sub-010,ses-02,ses-04,ses-02->ses-04,ok
fbcnet,3,sub-010,ses-02,ses-04,ses-02->ses-04,ok
fbcnet,4,sub-010,ses-02,ses-04,ses-02->ses-04,ok
eegnet,0,sub-010,ses-02,ses-05,ses-02->ses-05,ok
eegnet,1,sub-010,ses-02,ses-05,ses-02->ses-05,ok
eegnet,2,sub-010,ses-02,ses-05,ses-02->ses-05,ok
eegnet,3,sub-010,ses-02,ses-05,ses-02->ses-05,ok
eegnet,4,sub-010,ses-02,ses-05,ses-02->ses-05,ok
deepconvnet,0,sub-010,ses-02,ses-05,ses-02->ses-05,ok
deepconvnet,1,sub-010,ses-02,ses-05,ses-02->ses-05,ok
deepconvnet,2,sub-010,ses-02,ses-05,ses-02->ses-05,ok
deepconvnet,3,sub-010,ses-02,ses-05,ses-02->ses-05,ok
deepconvnet,4,sub-010,ses-02,ses-05,ses-02->ses-05,ok
fbcnet,0,sub-010,ses-02,ses-05,ses-02->ses-05,ok
fbcnet,1,sub-010,ses-02,ses-05,ses-02->ses-05,ok
fbcnet,2,sub-010,ses-02,ses-05,ses-02->ses-05,ok
fbcnet,3,sub-010,ses-02,ses-05,ses-02->ses-05,ok
fbcnet,4,sub-010,ses-02,ses-05,ses-02->ses-05,ok
eegnet,0,sub-010,ses-03,ses-01,ses-03->ses-01,ok
eegnet,1,sub-010,ses-03,ses-01,ses-03->ses-01,ok
eegnet,2,sub-010,ses-03,ses-01,ses-03->ses-01,ok
eegnet,3,sub-010,ses-03,ses-01,ses-03->ses-01,ok
eegnet,4,sub-010,ses-03,ses-01,ses-03->ses-01,ok
deepconvnet,0,sub-010,ses-03,ses-01,ses-03->ses-01,ok
deepconvnet,1,sub-010,ses-03,ses-01,ses-03->ses-01,ok
deepconvnet,2,sub-010,ses-03,ses-01,ses-03->ses-01,ok
deepconvnet,3,sub-010,ses-03,ses-01,ses-03->ses-01,ok
deepconvnet,4,sub-010,ses-03,ses-01,ses-03->ses-01,ok
fbcnet,0,sub-010,ses-03,ses-01,ses-03->ses-01,ok
fbcnet,1,sub-010,ses-03,ses-01,ses-03->ses-01,ok
fbcnet,2,sub-010,ses-03,ses-01,ses-03->ses-01,ok
fbcnet,3,sub-010,ses-03,ses-01,ses-03->ses-01,ok
fbcnet,4,sub-010,ses-03,ses-01,ses-03->ses-01,ok
eegnet,0,sub-010,ses-03,ses-02,ses-03->ses-02,ok
eegnet,1,sub-010,ses-03,ses-02,ses-03->ses-02,ok
eegnet,2,sub-010,ses-03,ses-02,ses-03->ses-02,ok
eegnet,3,sub-010,ses-03,ses-02,ses-03->ses-02,ok
eegnet,4,sub-010,ses-03,ses-02,ses-03->ses-02,ok
deepconvnet,0,sub-010,ses-03,ses-02,ses-03->ses-02,ok
deepconvnet,1,sub-010,ses-03,ses-02,ses-03->ses-02,ok
deepconvnet,2,sub-010,ses-03,ses-02,ses-03->ses-02,ok
deepconvnet,3,sub-010,ses-03,ses-02,ses-03->ses-02,ok
deepconvnet,4,sub-010,ses-03,ses-02,ses-03->ses-02,ok
fbcnet,0,sub-010,ses-03,ses-02,ses-03->ses-02,ok
fbcnet,1,sub-010,ses-03,ses-02,ses-03->ses-02,ok
fbcnet,2,sub-010,ses-03,ses-02,ses-03->ses-02,ok
fbcnet,3,sub-010,ses-03,ses-02,ses-03->ses-02,ok
fbcnet,4,sub-010,ses-03,ses-02,ses-03->ses-02,ok
eegnet,0,sub-010,ses-03,ses-04,ses-03->ses-04,ok
eegnet,1,sub-010,ses-03,ses-04,ses-03->ses-04,ok
eegnet,2,sub-010,ses-03,ses-04,ses-03->ses-04,ok
eegnet,3,sub-010,ses-03,ses-04,ses-03->ses-04,ok
eegnet,4,sub-010,ses-03,ses-04,ses-03->ses-04,ok
deepconvnet,0,sub-010,ses-03,ses-04,ses-03->ses-04,ok
deepconvnet,1,sub-010,ses-03,ses-04,ses-03->ses-04,ok
deepconvnet,2,sub-010,ses-03,ses-04,ses-03->ses-04,ok
deepconvnet,3,sub-010,ses-03,ses-04,ses-03->ses-04,ok
deepconvnet,4,sub-010,ses-03,ses-04,ses-03->ses-04,ok
fbcnet,0,sub-010,ses-03,ses-04,ses-03->ses-04,ok
fbcnet,1,sub-010,ses-03,ses-04,ses-03->ses-04,ok
fbcnet,2,sub-010,ses-03,ses-04,ses-03->ses-04,ok
fbcnet,3,sub-010,ses-03,ses-04,ses-03->ses-04,ok
fbcnet,4,sub-010,ses-03,ses-04,ses-03->ses-04,ok
eegnet,0,sub-010,ses-03,ses-05,ses-03->ses-05,ok
eegnet,1,sub-010,ses-03,ses-05,ses-03->ses-05,ok
eegnet,2,sub-010,ses-03,ses-05,ses-03->ses-05,ok
eegnet,3,sub-010,ses-03,ses-05,ses-03->ses-05,ok
eegnet,4,sub-010,ses-03,ses-05,ses-03->ses-05,ok
deepconvnet,0,sub-010,ses-03,ses-05,ses-03->ses-05,ok
deepconvnet,1,sub-010,ses-03,ses-05,ses-03->ses-05,ok
deepconvnet,2,sub-010,ses-03,ses-05,ses-03->ses-05,ok
deepconvnet,3,sub-010,ses-03,ses-05,ses-03->ses-05,ok
deepconvnet,4,sub-010,ses-03,ses-05,ses-03->ses-05,ok
fbcnet,0,sub-010,ses-03,ses-05,ses-03->ses-05,ok
fbcnet,1,sub-010,ses-03,ses-05,ses-03->ses-05,ok
fbcnet,2,sub-010,ses-03,ses-05,ses-03->ses-05,ok
fbcnet,3,sub-010,ses-03,ses-05,ses-03->ses-05,ok
fbcnet,4,sub-010,ses-03,ses-05,ses-03->ses-05,ok
eegnet,0,sub-010,ses-04,ses-01,ses-04->ses-01,ok
eegnet,1,sub-010,ses-04,ses-01,ses-04->ses-01,ok
eegnet,2,sub-010,ses-04,ses-01,ses-04->ses-01,ok
eegnet,3,sub-010,ses-04,ses-01,ses-04->ses-01,ok
eegnet,4,sub-010,ses-04,ses-01,ses-04->ses-01,ok
deepconvnet,0,sub-010,ses-04,ses-01,ses-04->ses-01,ok
deepconvnet,1,sub-010,ses-04,ses-01,ses-04->ses-01,ok
deepconvnet,2,sub-010,ses-04,ses-01,ses-04->ses-01,ok
deepconvnet,3,sub-010,ses-04,ses-01,ses-04->ses-01,ok
deepconvnet,4,sub-010,ses-04,ses-01,ses-04->ses-01,ok
fbcnet,0,sub-010,ses-04,ses-01,ses-04->ses-01,ok
fbcnet,1,sub-010,ses-04,ses-01,ses-04->ses-01,ok
fbcnet,2,sub-010,ses-04,ses-01,ses-04->ses-01,ok
fbcnet,3,sub-010,ses-04,ses-01,ses-04->ses-01,ok
fbcnet,4,sub-010,ses-04,ses-01,ses-04->ses-01,ok
eegnet,0,sub-010,ses-04,ses-02,ses-04->ses-02,ok
eegnet,1,sub-010,ses-04,ses-02,ses-04->ses-02,ok
eegnet,2,sub-010,ses-04,ses-02,ses-04->ses-02,ok
eegnet,3,sub-010,ses-04,ses-02,ses-04->ses-02,ok
eegnet,4,sub-010,ses-04,ses-02,ses-04->ses-02,ok
deepconvnet,0,sub-010,ses-04,ses-02,ses-04->ses-02,ok
deepconvnet,1,sub-010,ses-04,ses-02,ses-04->ses-02,ok
deepconvnet,2,sub-010,ses-04,ses-02,ses-04->ses-02,ok
deepconvnet,3,sub-010,ses-04,ses-02,ses-04->ses-02,ok
deepconvnet,4,sub-010,ses-04,ses-02,ses-04->ses-02,ok
fbcnet,0,sub-010,ses-04,ses-02,ses-04->ses-02,ok
fbcnet,1,sub-010,ses-04,ses-02,ses-04->ses-02,ok
fbcnet,2,sub-010,ses-04,ses-02,ses-04->ses-02,ok
fbcnet,3,sub-010,ses-04,ses-02,ses-04->ses-02,ok
fbcnet,4,sub-010,ses-04,ses-02,ses-04->ses-02,ok
eegnet,0,sub-010,ses-04,ses-03,ses-04->ses-03,ok
eegnet,1,sub-010,ses-04,ses-03,ses-04->ses-03,ok
eegnet,2,sub-010,ses-04,ses-03,ses-04->ses-03,ok
eegnet,3,sub-010,ses-04,ses-03,ses-04->ses-03,ok
eegnet,4,sub-010,ses-04,ses-03,ses-04->ses-03,ok
deepconvnet,0,sub-010,ses-04,ses-03,ses-04->ses-03,ok
deepconvnet,1,sub-010,ses-04,ses-03,ses-04->ses-03,ok
deepconvnet,2,sub-010,ses-04,ses-03,ses-04->ses-03,ok
deepconvnet,3,sub-010,ses-04,ses-03,ses-04->ses-03,ok
deepconvnet,4,sub-010,ses-04,ses-03,ses-04->ses-03,ok
fbcnet,0,sub-010,ses-04,ses-03,ses-04->ses-03,ok
fbcnet,1,sub-010,ses-04,ses-03,ses-04->ses-03,ok
fbcnet,2,sub-010,ses-04,ses-03,ses-04->ses-03,ok
fbcnet,3,sub-010,ses-04,ses-03,ses-04->ses-03,ok
fbcnet,4,sub-010,ses-04,ses-03,ses-04->ses-03,ok
eegnet,0,sub-010,ses-04,ses-05,ses-04->ses-05,ok
eegnet,1,sub-010,ses-04,ses-05,ses-04->ses-05,ok
eegnet,2,sub-010,ses-04,ses-05,ses-04->ses-05,ok
eegnet,3,sub-010,ses-04,ses-05,ses-04->ses-05,ok
eegnet,4,sub-010,ses-04,ses-05,ses-04->ses-05,ok
deepconvnet,0,sub-010,ses-04,ses-05,ses-04->ses-05,ok
deepconvnet,1,sub-010,ses-04,ses-05,ses-04->ses-05,ok
deepconvnet,2,sub-010,ses-04,ses-05,ses-04->ses-05,ok
deepconvnet,3,sub-010,ses-04,ses-05,ses-04->ses-05,ok
deepconvnet,4,sub-010,ses-04,ses-05,ses-04->ses-05,ok
fbcnet,0,sub-010,ses-04,ses-05,ses-04->ses-05,ok
fbcnet,1,sub-010,ses-04,ses-05,ses-04->ses-05,ok
fbcnet,2,sub-010,ses-04,ses-05,ses-04->ses-05,ok
fbcnet,3,sub-010,ses-04,ses-05,ses-04->ses-05,ok
fbcnet,4,sub-010,ses-04,ses-05,ses-04->ses-05,ok
eegnet,0,sub-010,ses-05,ses-01,ses-05->ses-01,ok
eegnet,1,sub-010,ses-05,ses-01,ses-05->ses-01,ok
eegnet,2,sub-010,ses-05,ses-01,ses-05->ses-01,ok
eegnet,3,sub-010,ses-05,ses-01,ses-05->ses-01,ok
eegnet,4,sub-010,ses-05,ses-01,ses-05->ses-01,ok
deepconvnet,0,sub-010,ses-05,ses-01,ses-05->ses-01,ok
deepconvnet,1,sub-010,ses-05,ses-01,ses-05->ses-01,ok
deepconvnet,2,sub-010,ses-05,ses-01,ses-05->ses-01,ok
deepconvnet,3,sub-010,ses-05,ses-01,ses-05->ses-01,ok
deepconvnet,4,sub-010,ses-05,ses-01,ses-05->ses-01,ok
fbcnet,0,sub-010,ses-05,ses-01,ses-05->ses-01,ok
fbcnet,1,sub-010,ses-05,ses-01,ses-05->ses-01,ok
fbcnet,2,sub-010,ses-05,ses-01,ses-05->ses-01,ok
fbcnet,3,sub-010,ses-05,ses-01,ses-05->ses-01,ok
fbcnet,4,sub-010,ses-05,ses-01,ses-05->ses-01,ok
eegnet,0,sub-010,ses-05,ses-02,ses-05->ses-02,ok
eegnet,1,sub-010,ses-05,ses-02,ses-05->ses-02,ok
eegnet,2,sub-010,ses-05,ses-02,ses-05->ses-02,ok
eegnet,3,sub-010,ses-05,ses-02,ses-05->ses-02,ok
eegnet,4,sub-010,ses-05,ses-02,ses-05->ses-02,ok
deepconvnet,0,sub-010,ses-05,ses-02,ses-05->ses-02,ok
deepconvnet,1,sub-010,ses-05,ses-02,ses-05->ses-02,ok
deepconvnet,2,sub-010,ses-05,ses-02,ses-05->ses-02,ok
deepconvnet,3,sub-010,ses-05,ses-02,ses-05->ses-02,ok
deepconvnet,4,sub-010,ses-05,ses-02,ses-05->ses-02,ok
fbcnet,0,sub-010,ses-05,ses-02,ses-05->ses-02,ok
fbcnet,1,sub-010,ses-05,ses-02,ses-05->ses-02,ok
fbcnet,2,sub-010,ses-05,ses-02,ses-05->ses-02,ok
fbcnet,3,sub-010,ses-05,ses-02,ses-05->ses-02,ok
fbcnet,4,sub-010,ses-05,ses-02,ses-05->ses-02,ok
eegnet,0,sub-010,ses-05,ses-03,ses-05->ses-03,ok
eegnet,1,sub-010,ses-05,ses-03,ses-05->ses-03,ok
eegnet,2,sub-010,ses-05,ses-03,ses-05->ses-03,ok
eegnet,3,sub-010,ses-05,ses-03,ses-05->ses-03,ok
eegnet,4,sub-010,ses-05,ses-03,ses-05->ses-03,ok
deepconvnet,0,sub-010,ses-05,ses-03,ses-05->ses-03,ok
deepconvnet,1,sub-010,ses-05,ses-03,ses-05->ses-03,ok
deepconvnet,2,sub-010,ses-05,ses-03,ses-05->ses-03,ok
deepconvnet,3,sub-010,ses-05,ses-03,ses-05->ses-03,ok
deepconvnet,4,sub-010,ses-05,ses-03,ses-05->ses-03,ok
fbcnet,0,sub-010,ses-05,ses-03,ses-05->ses-03,ok
fbcnet,1,sub-010,ses-05,ses-03,ses-05->ses-03,ok
fbcnet,2,sub-010,ses-05,ses-03,ses-05->ses-03,ok
fbcnet,3,sub-010,ses-05,ses-03,ses-05->ses-03,ok
fbcnet,4,sub-010,ses-05,ses-03,ses-05->ses-03,ok
eegnet,0,sub-010,ses-05,ses-04,ses-05->ses-04,ok
eegnet,1,sub-010,ses-05,ses-04,ses-05->ses-04,ok
eegnet,2,sub-010,ses-05,ses-04,ses-05->ses-04,ok
eegnet,3,sub-010,ses-05,ses-04,ses-05->ses-04,ok
eegnet,4,sub-010,ses-05,ses-04,ses-05->ses-04,ok
deepconvnet,0,sub-010,ses-05,ses-04,ses-05->ses-04,ok
deepconvnet,1,sub-010,ses-05,ses-04,ses-05->ses-04,ok
deepconvnet,2,sub-010,ses-05,ses-04,ses-05->ses-04,ok
deepconvnet,3,sub-010,ses-05,ses-04,ses-05->ses-04,ok
deepconvnet,4,sub-010,ses-05,ses-04,ses-05->ses-04,ok
fbcnet,0,sub-010,ses-05,ses-04,ses-05->ses-04,ok
fbcnet,1,sub-010,ses-05,ses-04,ses-05->ses-04,ok
fbcnet,2,sub-010,ses-05,ses-04,ses-05->ses-04,ok
fbcnet,3,sub-010,ses-05,ses-04,ses-05->ses-04,ok
fbcnet,4,sub-010,ses-05,ses-04,ses-05->ses-04,ok
eegnet,0,sub-011,ses-01,ses-02,ses-01->ses-02,ok
eegnet,1,sub-011,ses-01,ses-02,ses-01->ses-02,ok
eegnet,2,sub-011,ses-01,ses-02,ses-01->ses-02,ok
eegnet,3,sub-011,ses-01,ses-02,ses-01->ses-02,ok
eegnet,4,sub-011,ses-01,ses-02,ses-01->ses-02,ok
deepconvnet,0,sub-011,ses-01,ses-02,ses-01->ses-02,ok
deepconvnet,1,sub-011,ses-01,ses-02,ses-01->ses-02,ok
deepconvnet,2,sub-011,ses-01,ses-02,ses-01->ses-02,ok
deepconvnet,3,sub-011,ses-01,ses-02,ses-01->ses-02,ok
deepconvnet,4,sub-011,ses-01,ses-02,ses-01->ses-02,ok
fbcnet,0,sub-011,ses-01,ses-02,ses-01->ses-02,ok
fbcnet,1,sub-011,ses-01,ses-02,ses-01->ses-02,ok
fbcnet,2,sub-011,ses-01,ses-02,ses-01->ses-02,ok
fbcnet,3,sub-011,ses-01,ses-02,ses-01->ses-02,ok
fbcnet,4,sub-011,ses-01,ses-02,ses-01->ses-02,ok
eegnet,0,sub-011,ses-01,ses-03,ses-01->ses-03,ok
eegnet,1,sub-011,ses-01,ses-03,ses-01->ses-03,ok
eegnet,2,sub-011,ses-01,ses-03,ses-01->ses-03,ok
eegnet,3,sub-011,ses-01,ses-03,ses-01->ses-03,ok
eegnet,4,sub-011,ses-01,ses-03,ses-01->ses-03,ok
deepconvnet,0,sub-011,ses-01,ses-03,ses-01->ses-03,ok
deepconvnet,1,sub-011,ses-01,ses-03,ses-01->ses-03,ok
deepconvnet,2,sub-011,ses-01,ses-03,ses-01->ses-03,ok
deepconvnet,3,sub-011,ses-01,ses-03,ses-01->ses-03,ok
deepconvnet,4,sub-011,ses-01,ses-03,ses-01->ses-03,ok
fbcnet,0,sub-011,ses-01,ses-03,ses-01->ses-03,ok
fbcnet,1,sub-011,ses-01,ses-03,ses-01->ses-03,ok
fbcnet,2,sub-011,ses-01,ses-03,ses-01->ses-03,ok
fbcnet,3,sub-011,ses-01,ses-03,ses-01->ses-03,ok
fbcnet,4,sub-011,ses-01,ses-03,ses-01->ses-03,ok
eegnet,0,sub-011,ses-01,ses-04,ses-01->ses-04,ok
eegnet,1,sub-011,ses-01,ses-04,ses-01->ses-04,ok
eegnet,2,sub-011,ses-01,ses-04,ses-01->ses-04,ok
eegnet,3,sub-011,ses-01,ses-04,ses-01->ses-04,ok
eegnet,4,sub-011,ses-01,ses-04,ses-01->ses-04,ok
deepconvnet,0,sub-011,ses-01,ses-04,ses-01->ses-04,ok
deepconvnet,1,sub-011,ses-01,ses-04,ses-01->ses-04,ok
deepconvnet,2,sub-011,ses-01,ses-04,ses-01->ses-04,ok
deepconvnet,3,sub-011,ses-01,ses-04,ses-01->ses-04,ok
deepconvnet,4,sub-011,ses-01,ses-04,ses-01->ses-04,ok
fbcnet,0,sub-011,ses-01,ses-04,ses-01->ses-04,ok
fbcnet,1,sub-011,ses-01,ses-04,ses-01->ses-04,ok
fbcnet,2,sub-011,ses-01,ses-04,ses-01->ses-04,ok
fbcnet,3,sub-011,ses-01,ses-04,ses-01->ses-04,ok
fbcnet,4,sub-011,ses-01,ses-04,ses-01->ses-04,ok
eegnet,0,sub-011,ses-01,ses-05,ses-01->ses-05,ok
eegnet,1,sub-011,ses-01,ses-05,ses-01->ses-05,ok
eegnet,2,sub-011,ses-01,ses-05,ses-01->ses-05,ok
eegnet,3,sub-011,ses-01,ses-05,ses-01->ses-05,ok
eegnet,4,sub-011,ses-01,ses-05,ses-01->ses-05,ok
deepconvnet,0,sub-011,ses-01,ses-05,ses-01->ses-05,ok
deepconvnet,1,sub-011,ses-01,ses-05,ses-01->ses-05,ok
deepconvnet,2,sub-011,ses-01,ses-05,ses-01->ses-05,ok
deepconvnet,3,sub-011,ses-01,ses-05,ses-01->ses-05,ok
deepconvnet,4,sub-011,ses-01,ses-05,ses-01->ses-05,ok
fbcnet,0,sub-011,ses-01,ses-05,ses-01->ses-05,ok
fbcnet,1,sub-011,ses-01,ses-05,ses-01->ses-05,ok
fbcnet,2,sub-011,ses-01,ses-05,ses-01->ses-05,ok
fbcnet,3,sub-011,ses-01,ses-05,ses-01->ses-05,ok
fbcnet,4,sub-011,ses-01,ses-05,ses-01->ses-05,ok
eegnet,0,sub-011,ses-02,ses-01,ses-02->ses-01,ok
eegnet,1,sub-011,ses-02,ses-01,ses-02->ses-01,ok
eegnet,2,sub-011,ses-02,ses-01,ses-02->ses-01,ok
eegnet,3,sub-011,ses-02,ses-01,ses-02->ses-01,ok
eegnet,4,sub-011,ses-02,ses-01,ses-02->ses-01,ok
deepconvnet,0,sub-011,ses-02,ses-01,ses-02->ses-01,ok
deepconvnet,1,sub-011,ses-02,ses-01,ses-02->ses-01,ok
deepconvnet,2,sub-011,ses-02,ses-01,ses-02->ses-01,ok
deepconvnet,3,sub-011,ses-02,ses-01,ses-02->ses-01,ok
deepconvnet,4,sub-011,ses-02,ses-01,ses-02->ses-01,ok
fbcnet,0,sub-011,ses-02,ses-01,ses-02->ses-01,ok
fbcnet,1,sub-011,ses-02,ses-01,ses-02->ses-01,ok
fbcnet,2,sub-011,ses-02,ses-01,ses-02->ses-01,ok
fbcnet,3,sub-011,ses-02,ses-01,ses-02->ses-01,ok
fbcnet,4,sub-011,ses-02,ses-01,ses-02->ses-01,ok
eegnet,0,sub-011,ses-02,ses-03,ses-02->ses-03,ok
eegnet,1,sub-011,ses-02,ses-03,ses-02->ses-03,ok
eegnet,2,sub-011,ses-02,ses-03,ses-02->ses-03,ok
eegnet,3,sub-011,ses-02,ses-03,ses-02->ses-03,ok
eegnet,4,sub-011,ses-02,ses-03,ses-02->ses-03,ok
deepconvnet,0,sub-011,ses-02,ses-03,ses-02->ses-03,ok
deepconvnet,1,sub-011,ses-02,ses-03,ses-02->ses-03,ok
deepconvnet,2,sub-011,ses-02,ses-03,ses-02->ses-03,ok
deepconvnet,3,sub-011,ses-02,ses-03,ses-02->ses-03,ok
deepconvnet,4,sub-011,ses-02,ses-03,ses-02->ses-03,ok
fbcnet,0,sub-011,ses-02,ses-03,ses-02->ses-03,ok
fbcnet,1,sub-011,ses-02,ses-03,ses-02->ses-03,ok
fbcnet,2,sub-011,ses-02,ses-03,ses-02->ses-03,ok
fbcnet,3,sub-011,ses-02,ses-03,ses-02->ses-03,ok
fbcnet,4,sub-011,ses-02,ses-03,ses-02->ses-03,ok
eegnet,0,sub-011,ses-02,ses-04,ses-02->ses-04,ok
eegnet,1,sub-011,ses-02,ses-04,ses-02->ses-04,ok
eegnet,2,sub-011,ses-02,ses-04,ses-02->ses-04,ok
eegnet,3,sub-011,ses-02,ses-04,ses-02->ses-04,ok
eegnet,4,sub-011,ses-02,ses-04,ses-02->ses-04,ok
deepconvnet,0,sub-011,ses-02,ses-04,ses-02->ses-04,ok
deepconvnet,1,sub-011,ses-02,ses-04,ses-02->ses-04,ok
deepconvnet,2,sub-011,ses-02,ses-04,ses-02->ses-04,ok
deepconvnet,3,sub-011,ses-02,ses-04,ses-02->ses-04,ok
deepconvnet,4,sub-011,ses-02,ses-04,ses-02->ses-04,ok
fbcnet,0,sub-011,ses-02,ses-04,ses-02->ses-04,ok
fbcnet,1,sub-011,ses-02,ses-04,ses-02->ses-04,ok
fbcnet,2,sub-011,ses-02,ses-04,ses-02->ses-04,ok
fbcnet,3,sub-011,ses-02,ses-04,ses-02->ses-04,ok
fbcnet,4,sub-011,ses-02,ses-04,ses-02->ses-04,ok
eegnet,0,sub-011,ses-02,ses-05,ses-02->ses-05,ok
eegnet,1,sub-011,ses-02,ses-05,ses-02->ses-05,ok
eegnet,2,sub-011,ses-02,ses-05,ses-02->ses-05,ok
eegnet,3,sub-011,ses-02,ses-05,ses-02->ses-05,ok
eegnet,4,sub-011,ses-02,ses-05,ses-02->ses-05,ok
deepconvnet,0,sub-011,ses-02,ses-05,ses-02->ses-05,ok
deepconvnet,1,sub-011,ses-02,ses-05,ses-02->ses-05,ok
deepconvnet,2,sub-011,ses-02,ses-05,ses-02->ses-05,ok
deepconvnet,3,sub-011,ses-02,ses-05,ses-02->ses-05,ok
deepconvnet,4,sub-011,ses-02,ses-05,ses-02->ses-05,ok
fbcnet,0,sub-011,ses-02,ses-05,ses-02->ses-05,ok
fbcnet,1,sub-011,ses-02,ses-05,ses-02->ses-05,ok
fbcnet,2,sub-011,ses-02,ses-05,ses-02->ses-05,ok
fbcnet,3,sub-011,ses-02,ses-05,ses-02->ses-05,ok
fbcnet,4,sub-011,ses-02,ses-05,ses-02->ses-05,ok
eegnet,0,sub-011,ses-03,ses-01,ses-03->ses-01,ok
eegnet,1,sub-011,ses-03,ses-01,ses-03->ses-01,ok
eegnet,2,sub-011,ses-03,ses-01,ses-03->ses-01,ok
eegnet,3,sub-011,ses-03,ses-01,ses-03->ses-01,ok
eegnet,4,sub-011,ses-03,ses-01,ses-03->ses-01,ok
deepconvnet,0,sub-011,ses-03,ses-01,ses-03->ses-01,ok
deepconvnet,1,sub-011,ses-03,ses-01,ses-03->ses-01,ok
deepconvnet,2,sub-011,ses-03,ses-01,ses-03->ses-01,ok
deepconvnet,3,sub-011,ses-03,ses-01,ses-03->ses-01,ok
deepconvnet,4,sub-011,ses-03,ses-01,ses-03->ses-01,ok
fbcnet,0,sub-011,ses-03,ses-01,ses-03->ses-01,ok
fbcnet,1,sub-011,ses-03,ses-01,ses-03->ses-01,ok
fbcnet,2,sub-011,ses-03,ses-01,ses-03->ses-01,ok
fbcnet,3,sub-011,ses-03,ses-01,ses-03->ses-01,ok
fbcnet,4,sub-011,ses-03,ses-01,ses-03->ses-01,ok
eegnet,0,sub-011,ses-03,ses-02,ses-03->ses-02,ok
eegnet,1,sub-011,ses-03,ses-02,ses-03->ses-02,ok
eegnet,2,sub-011,ses-03,ses-02,ses-03->ses-02,ok
eegnet,3,sub-011,ses-03,ses-02,ses-03->ses-02,ok
eegnet,4,sub-011,ses-03,ses-02,ses-03->ses-02,ok
deepconvnet,0,sub-011,ses-03,ses-02,ses-03->ses-02,ok
deepconvnet,1,sub-011,ses-03,ses-02,ses-03->ses-02,ok
deepconvnet,2,sub-011,ses-03,ses-02,ses-03->ses-02,ok
deepconvnet,3,sub-011,ses-03,ses-02,ses-03->ses-02,ok
deepconvnet,4,sub-011,ses-03,ses-02,ses-03->ses-02,ok
fbcnet,0,sub-011,ses-03,ses-02,ses-03->ses-02,ok
fbcnet,1,sub-011,ses-03,ses-02,ses-03->ses-02,ok
fbcnet,2,sub-011,ses-03,ses-02,ses-03->ses-02,ok
fbcnet,3,sub-011,ses-03,ses-02,ses-03->ses-02,ok
fbcnet,4,sub-011,ses-03,ses-02,ses-03->ses-02,ok
eegnet,0,sub-011,ses-03,ses-04,ses-03->ses-04,ok
eegnet,1,sub-011,ses-03,ses-04,ses-03->ses-04,ok
eegnet,2,sub-011,ses-03,ses-04,ses-03->ses-04,ok
eegnet,3,sub-011,ses-03,ses-04,ses-03->ses-04,ok
eegnet,4,sub-011,ses-03,ses-04,ses-03->ses-04,ok
deepconvnet,0,sub-011,ses-03,ses-04,ses-03->ses-04,ok
deepconvnet,1,sub-011,ses-03,ses-04,ses-03->ses-04,ok
deepconvnet,2,sub-011,ses-03,ses-04,ses-03->ses-04,ok
deepconvnet,3,sub-011,ses-03,ses-04,ses-03->ses-04,ok
deepconvnet,4,sub-011,ses-03,ses-04,ses-03->ses-04,ok
fbcnet,0,sub-011,ses-03,ses-04,ses-03->ses-04,ok
fbcnet,1,sub-011,ses-03,ses-04,ses-03->ses-04,ok
fbcnet,2,sub-011,ses-03,ses-04,ses-03->ses-04,ok
fbcnet,3,sub-011,ses-03,ses-04,ses-03->ses-04,ok
fbcnet,4,sub-011,ses-03,ses-04,ses-03->ses-04,ok
eegnet,0,sub-011,ses-03,ses-05,ses-03->ses-05,ok
eegnet,1,sub-011,ses-03,ses-05,ses-03->ses-05,ok
eegnet,2,sub-011,ses-03,ses-05,ses-03->ses-05,ok
eegnet,3,sub-011,ses-03,ses-05,ses-03->ses-05,ok
eegnet,4,sub-011,ses-03,ses-05,ses-03->ses-05,ok
deepconvnet,0,sub-011,ses-03,ses-05,ses-03->ses-05,ok
deepconvnet,1,sub-011,ses-03,ses-05,ses-03->ses-05,ok
deepconvnet,2,sub-011,ses-03,ses-05,ses-03->ses-05,ok
deepconvnet,3,sub-011,ses-03,ses-05,ses-03->ses-05,ok
deepconvnet,4,sub-011,ses-03,ses-05,ses-03->ses-05,ok
fbcnet,0,sub-011,ses-03,ses-05,ses-03->ses-05,ok
fbcnet,1,sub-011,ses-03,ses-05,ses-03->ses-05,ok
fbcnet,2,sub-011,ses-03,ses-05,ses-03->ses-05,ok
fbcnet,3,sub-011,ses-03,ses-05,ses-03->ses-05,ok
fbcnet,4,sub-011,ses-03,ses-05,ses-03->ses-05,ok
eegnet,0,sub-011,ses-04,ses-01,ses-04->ses-01,ok
eegnet,1,sub-011,ses-04,ses-01,ses-04->ses-01,ok
eegnet,2,sub-011,ses-04,ses-01,ses-04->ses-01,ok
eegnet,3,sub-011,ses-04,ses-01,ses-04->ses-01,ok
eegnet,4,sub-011,ses-04,ses-01,ses-04->ses-01,ok
deepconvnet,0,sub-011,ses-04,ses-01,ses-04->ses-01,ok
deepconvnet,1,sub-011,ses-04,ses-01,ses-04->ses-01,ok
deepconvnet,2,sub-011,ses-04,ses-01,ses-04->ses-01,ok
deepconvnet,3,sub-011,ses-04,ses-01,ses-04->ses-01,ok
deepconvnet,4,sub-011,ses-04,ses-01,ses-04->ses-01,ok
fbcnet,0,sub-011,ses-04,ses-01,ses-04->ses-01,ok
fbcnet,1,sub-011,ses-04,ses-01,ses-04->ses-01,ok
fbcnet,2,sub-011,ses-04,ses-01,ses-04->ses-01,ok
fbcnet,3,sub-011,ses-04,ses-01,ses-04->ses-01,ok
fbcnet,4,sub-011,ses-04,ses-01,ses-04->ses-01,ok
eegnet,0,sub-011,ses-04,ses-02,ses-04->ses-02,ok
eegnet,1,sub-011,ses-04,ses-02,ses-04->ses-02,ok
eegnet,2,sub-011,ses-04,ses-02,ses-04->ses-02,ok
eegnet,3,sub-011,ses-04,ses-02,ses-04->ses-02,ok
eegnet,4,sub-011,ses-04,ses-02,ses-04->ses-02,ok
deepconvnet,0,sub-011,ses-04,ses-02,ses-04->ses-02,ok
deepconvnet,1,sub-011,ses-04,ses-02,ses-04->ses-02,ok
deepconvnet,2,sub-011,ses-04,ses-02,ses-04->ses-02,ok
deepconvnet,3,sub-011,ses-04,ses-02,ses-04->ses-02,ok
deepconvnet,4,sub-011,ses-04,ses-02,ses-04->ses-02,ok
fbcnet,0,sub-011,ses-04,ses-02,ses-04->ses-02,ok
fbcnet,1,sub-011,ses-04,ses-02,ses-04->ses-02,ok
fbcnet,2,sub-011,ses-04,ses-02,ses-04->ses-02,ok
fbcnet,3,sub-011,ses-04,ses-02,ses-04->ses-02,ok
fbcnet,4,sub-011,ses-04,ses-02,ses-04->ses-02,ok
eegnet,0,sub-011,ses-04,ses-03,ses-04->ses-03,ok
eegnet,1,sub-011,ses-04,ses-03,ses-04->ses-03,ok
eegnet,2,sub-011,ses-04,ses-03,ses-04->ses-03,ok
eegnet,3,sub-011,ses-04,ses-03,ses-04->ses-03,ok
eegnet,4,sub-011,ses-04,ses-03,ses-04->ses-03,ok
deepconvnet,0,sub-011,ses-04,ses-03,ses-04->ses-03,ok
deepconvnet,1,sub-011,ses-04,ses-03,ses-04->ses-03,ok
deepconvnet,2,sub-011,ses-04,ses-03,ses-04->ses-03,ok
deepconvnet,3,sub-011,ses-04,ses-03,ses-04->ses-03,ok
deepconvnet,4,sub-011,ses-04,ses-03,ses-04->ses-03,ok
fbcnet,0,sub-011,ses-04,ses-03,ses-04->ses-03,ok
fbcnet,1,sub-011,ses-04,ses-03,ses-04->ses-03,ok
fbcnet,2,sub-011,ses-04,ses-03,ses-04->ses-03,ok
fbcnet,3,sub-011,ses-04,ses-03,ses-04->ses-03,ok
fbcnet,4,sub-011,ses-04,ses-03,ses-04->ses-03,ok
eegnet,0,sub-011,ses-04,ses-05,ses-04->ses-05,ok
eegnet,1,sub-011,ses-04,ses-05,ses-04->ses-05,ok
eegnet,2,sub-011,ses-04,ses-05,ses-04->ses-05,ok
eegnet,3,sub-011,ses-04,ses-05,ses-04->ses-05,ok
eegnet,4,sub-011,ses-04,ses-05,ses-04->ses-05,ok
deepconvnet,0,sub-011,ses-04,ses-05,ses-04->ses-05,ok
deepconvnet,1,sub-011,ses-04,ses-05,ses-04->ses-05,ok
deepconvnet,2,sub-011,ses-04,ses-05,ses-04->ses-05,ok
deepconvnet,3,sub-011,ses-04,ses-05,ses-04->ses-05,ok
deepconvnet,4,sub-011,ses-04,ses-05,ses-04->ses-05,ok
fbcnet,0,sub-011,ses-04,ses-05,ses-04->ses-05,ok
fbcnet,1,sub-011,ses-04,ses-05,ses-04->ses-05,ok
fbcnet,2,sub-011,ses-04,ses-05,ses-04->ses-05,ok
fbcnet,3,sub-011,ses-04,ses-05,ses-04->ses-05,ok
fbcnet,4,sub-011,ses-04,ses-05,ses-04->ses-05,ok
eegnet,0,sub-011,ses-05,ses-01,ses-05->ses-01,ok
eegnet,1,sub-011,ses-05,ses-01,ses-05->ses-01,ok
eegnet,2,sub-011,ses-05,ses-01,ses-05->ses-01,ok
eegnet,3,sub-011,ses-05,ses-01,ses-05->ses-01,ok
eegnet,4,sub-011,ses-05,ses-01,ses-05->ses-01,ok
deepconvnet,0,sub-011,ses-05,ses-01,ses-05->ses-01,ok
deepconvnet,1,sub-011,ses-05,ses-01,ses-05->ses-01,ok
deepconvnet,2,sub-011,ses-05,ses-01,ses-05->ses-01,ok
deepconvnet,3,sub-011,ses-05,ses-01,ses-05->ses-01,ok
deepconvnet,4,sub-011,ses-05,ses-01,ses-05->ses-01,ok
fbcnet,0,sub-011,ses-05,ses-01,ses-05->ses-01,ok
fbcnet,1,sub-011,ses-05,ses-01,ses-05->ses-01,ok
fbcnet,2,sub-011,ses-05,ses-01,ses-05->ses-01,ok
fbcnet,3,sub-011,ses-05,ses-01,ses-05->ses-01,ok
fbcnet,4,sub-011,ses-05,ses-01,ses-05->ses-01,ok
eegnet,0,sub-011,ses-05,ses-02,ses-05->ses-02,ok
eegnet,1,sub-011,ses-05,ses-02,ses-05->ses-02,ok
eegnet,2,sub-011,ses-05,ses-02,ses-05->ses-02,ok
eegnet,3,sub-011,ses-05,ses-02,ses-05->ses-02,ok
eegnet,4,sub-011,ses-05,ses-02,ses-05->ses-02,ok
deepconvnet,0,sub-011,ses-05,ses-02,ses-05->ses-02,ok
deepconvnet,1,sub-011,ses-05,ses-02,ses-05->ses-02,ok
deepconvnet,2,sub-011,ses-05,ses-02,ses-05->ses-02,ok
deepconvnet,3,sub-011,ses-05,ses-02,ses-05->ses-02,ok
deepconvnet,4,sub-011,ses-05,ses-02,ses-05->ses-02,ok
fbcnet,0,sub-011,ses-05,ses-02,ses-05->ses-02,ok
fbcnet,1,sub-011,ses-05,ses-02,ses-05->ses-02,ok
fbcnet,2,sub-011,ses-05,ses-02,ses-05->ses-02,ok
fbcnet,3,sub-011,ses-05,ses-02,ses-05->ses-02,ok
fbcnet,4,sub-011,ses-05,ses-02,ses-05->ses-02,ok
eegnet,0,sub-011,ses-05,ses-03,ses-05->ses-03,ok
eegnet,1,sub-011,ses-05,ses-03,ses-05->ses-03,ok
eegnet,2,sub-011,ses-05,ses-03,ses-05->ses-03,ok
eegnet,3,sub-011,ses-05,ses-03,ses-05->ses-03,ok
eegnet,4,sub-011,ses-05,ses-03,ses-05->ses-03,ok
deepconvnet,0,sub-011,ses-05,ses-03,ses-05->ses-03,ok
deepconvnet,1,sub-011,ses-05,ses-03,ses-05->ses-03,ok
deepconvnet,2,sub-011,ses-05,ses-03,ses-05->ses-03,ok
deepconvnet,3,sub-011,ses-05,ses-03,ses-05->ses-03,ok
deepconvnet,4,sub-011,ses-05,ses-03,ses-05->ses-03,ok
fbcnet,0,sub-011,ses-05,ses-03,ses-05->ses-03,ok
fbcnet,1,sub-011,ses-05,ses-03,ses-05->ses-03,ok
fbcnet,2,sub-011,ses-05,ses-03,ses-05->ses-03,ok
fbcnet,3,sub-011,ses-05,ses-03,ses-05->ses-03,ok
fbcnet,4,sub-011,ses-05,ses-03,ses-05->ses-03,ok
eegnet,0,sub-011,ses-05,ses-04,ses-05->ses-04,ok
eegnet,1,sub-011,ses-05,ses-04,ses-05->ses-04,ok
eegnet,2,sub-011,ses-05,ses-04,ses-05->ses-04,ok
eegnet,3,sub-011,ses-05,ses-04,ses-05->ses-04,ok
eegnet,4,sub-011,ses-05,ses-04,ses-05->ses-04,ok
deepconvnet,0,sub-011,ses-05,ses-04,ses-05->ses-04,ok
deepconvnet,1,sub-011,ses-05,ses-04,ses-05->ses-04,ok
deepconvnet,2,sub-011,ses-05,ses-04,ses-05->ses-04,ok
deepconvnet,3,sub-011,ses-05,ses-04,ses-05->ses-04,ok
deepconvnet,4,sub-011,ses-05,ses-04,ses-05->ses-04,ok
fbcnet,0,sub-011,ses-05,ses-04,ses-05->ses-04,ok
fbcnet,1,sub-011,ses-05,ses-04,ses-05->ses-04,ok
fbcnet,2,sub-011,ses-05,ses-04,ses-05->ses-04,ok
fbcnet,3,sub-011,ses-05,ses-04,ses-05->ses-04,ok
fbcnet,4,sub-011,ses-05,ses-04,ses-05->ses-04,ok
eegnet,0,sub-012,ses-01,ses-02,ses-01->ses-02,ok
eegnet,1,sub-012,ses-01,ses-02,ses-01->ses-02,ok
eegnet,2,sub-012,ses-01,ses-02,ses-01->ses-02,ok
eegnet,3,sub-012,ses-01,ses-02,ses-01->ses-02,ok
eegnet,4,sub-012,ses-01,ses-02,ses-01->ses-02,ok
deepconvnet,0,sub-012,ses-01,ses-02,ses-01->ses-02,ok
deepconvnet,1,sub-012,ses-01,ses-02,ses-01->ses-02,ok
deepconvnet,2,sub-012,ses-01,ses-02,ses-01->ses-02,ok
deepconvnet,3,sub-012,ses-01,ses-02,ses-01->ses-02,ok
deepconvnet,4,sub-012,ses-01,ses-02,ses-01->ses-02,ok
fbcnet,0,sub-012,ses-01,ses-02,ses-01->ses-02,ok
fbcnet,1,sub-012,ses-01,ses-02,ses-01->ses-02,ok
fbcnet,2,sub-012,ses-01,ses-02,ses-01->ses-02,ok
fbcnet,3,sub-012,ses-01,ses-02,ses-01->ses-02,ok
fbcnet,4,sub-012,ses-01,ses-02,ses-01->ses-02,ok
eegnet,0,sub-012,ses-01,ses-03,ses-01->ses-03,ok
eegnet,1,sub-012,ses-01,ses-03,ses-01->ses-03,ok
eegnet,2,sub-012,ses-01,ses-03,ses-01->ses-03,ok
eegnet,3,sub-012,ses-01,ses-03,ses-01->ses-03,ok
eegnet,4,sub-012,ses-01,ses-03,ses-01->ses-03,ok
deepconvnet,0,sub-012,ses-01,ses-03,ses-01->ses-03,ok
deepconvnet,1,sub-012,ses-01,ses-03,ses-01->ses-03,ok
deepconvnet,2,sub-012,ses-01,ses-03,ses-01->ses-03,ok
deepconvnet,3,sub-012,ses-01,ses-03,ses-01->ses-03,ok
deepconvnet,4,sub-012,ses-01,ses-03,ses-01->ses-03,ok
fbcnet,0,sub-012,ses-01,ses-03,ses-01->ses-03,ok
fbcnet,1,sub-012,ses-01,ses-03,ses-01->ses-03,ok
fbcnet,2,sub-012,ses-01,ses-03,ses-01->ses-03,ok
fbcnet,3,sub-012,ses-01,ses-03,ses-01->ses-03,ok
fbcnet,4,sub-012,ses-01,ses-03,ses-01->ses-03,ok
eegnet,0,sub-012,ses-01,ses-04,ses-01->ses-04,ok
eegnet,1,sub-012,ses-01,ses-04,ses-01->ses-04,ok
eegnet,2,sub-012,ses-01,ses-04,ses-01->ses-04,ok
eegnet,3,sub-012,ses-01,ses-04,ses-01->ses-04,ok
eegnet,4,sub-012,ses-01,ses-04,ses-01->ses-04,ok
deepconvnet,0,sub-012,ses-01,ses-04,ses-01->ses-04,ok
deepconvnet,1,sub-012,ses-01,ses-04,ses-01->ses-04,ok
deepconvnet,2,sub-012,ses-01,ses-04,ses-01->ses-04,ok
deepconvnet,3,sub-012,ses-01,ses-04,ses-01->ses-04,ok
deepconvnet,4,sub-012,ses-01,ses-04,ses-01->ses-04,ok
fbcnet,0,sub-012,ses-01,ses-04,ses-01->ses-04,ok
fbcnet,1,sub-012,ses-01,ses-04,ses-01->ses-04,ok
fbcnet,2,sub-012,ses-01,ses-04,ses-01->ses-04,ok
fbcnet,3,sub-012,ses-01,ses-04,ses-01->ses-04,ok
fbcnet,4,sub-012,ses-01,ses-04,ses-01->ses-04,ok
eegnet,0,sub-012,ses-01,ses-05,ses-01->ses-05,ok
eegnet,1,sub-012,ses-01,ses-05,ses-01->ses-05,ok
eegnet,2,sub-012,ses-01,ses-05,ses-01->ses-05,ok
eegnet,3,sub-012,ses-01,ses-05,ses-01->ses-05,ok
eegnet,4,sub-012,ses-01,ses-05,ses-01->ses-05,ok
deepconvnet,0,sub-012,ses-01,ses-05,ses-01->ses-05,ok
deepconvnet,1,sub-012,ses-01,ses-05,ses-01->ses-05,ok
deepconvnet,2,sub-012,ses-01,ses-05,ses-01->ses-05,ok
deepconvnet,3,sub-012,ses-01,ses-05,ses-01->ses-05,ok
deepconvnet,4,sub-012,ses-01,ses-05,ses-01->ses-05,ok
fbcnet,0,sub-012,ses-01,ses-05,ses-01->ses-05,ok
fbcnet,1,sub-012,ses-01,ses-05,ses-01->ses-05,ok
fbcnet,2,sub-012,ses-01,ses-05,ses-01->ses-05,ok
fbcnet,3,sub-012,ses-01,ses-05,ses-01->ses-05,ok
fbcnet,4,sub-012,ses-01,ses-05,ses-01->ses-05,ok
eegnet,0,sub-012,ses-02,ses-01,ses-02->ses-01,ok
eegnet,1,sub-012,ses-02,ses-01,ses-02->ses-01,ok
eegnet,2,sub-012,ses-02,ses-01,ses-02->ses-01,ok
eegnet,3,sub-012,ses-02,ses-01,ses-02->ses-01,ok
eegnet,4,sub-012,ses-02,ses-01,ses-02->ses-01,ok
deepconvnet,0,sub-012,ses-02,ses-01,ses-02->ses-01,ok
deepconvnet,1,sub-012,ses-02,ses-01,ses-02->ses-01,ok
deepconvnet,2,sub-012,ses-02,ses-01,ses-02->ses-01,ok
deepconvnet,3,sub-012,ses-02,ses-01,ses-02->ses-01,ok
deepconvnet,4,sub-012,ses-02,ses-01,ses-02->ses-01,ok
fbcnet,0,sub-012,ses-02,ses-01,ses-02->ses-01,ok
fbcnet,1,sub-012,ses-02,ses-01,ses-02->ses-01,ok
fbcnet,2,sub-012,ses-02,ses-01,ses-02->ses-01,ok
fbcnet,3,sub-012,ses-02,ses-01,ses-02->ses-01,ok
fbcnet,4,sub-012,ses-02,ses-01,ses-02->ses-01,ok
eegnet,0,sub-012,ses-02,ses-03,ses-02->ses-03,ok
eegnet,1,sub-012,ses-02,ses-03,ses-02->ses-03,ok
eegnet,2,sub-012,ses-02,ses-03,ses-02->ses-03,ok
eegnet,3,sub-012,ses-02,ses-03,ses-02->ses-03,ok
eegnet,4,sub-012,ses-02,ses-03,ses-02->ses-03,ok
deepconvnet,0,sub-012,ses-02,ses-03,ses-02->ses-03,ok
deepconvnet,1,sub-012,ses-02,ses-03,ses-02->ses-03,ok
deepconvnet,2,sub-012,ses-02,ses-03,ses-02->ses-03,ok
deepconvnet,3,sub-012,ses-02,ses-03,ses-02->ses-03,ok
deepconvnet,4,sub-012,ses-02,ses-03,ses-02->ses-03,ok
fbcnet,0,sub-012,ses-02,ses-03,ses-02->ses-03,ok
fbcnet,1,sub-012,ses-02,ses-03,ses-02->ses-03,ok
fbcnet,2,sub-012,ses-02,ses-03,ses-02->ses-03,ok
fbcnet,3,sub-012,ses-02,ses-03,ses-02->ses-03,ok
fbcnet,4,sub-012,ses-02,ses-03,ses-02->ses-03,ok
eegnet,0,sub-012,ses-02,ses-04,ses-02->ses-04,ok
eegnet,1,sub-012,ses-02,ses-04,ses-02->ses-04,ok
eegnet,2,sub-012,ses-02,ses-04,ses-02->ses-04,ok
eegnet,3,sub-012,ses-02,ses-04,ses-02->ses-04,ok
eegnet,4,sub-012,ses-02,ses-04,ses-02->ses-04,ok
deepconvnet,0,sub-012,ses-02,ses-04,ses-02->ses-04,ok
deepconvnet,1,sub-012,ses-02,ses-04,ses-02->ses-04,ok
deepconvnet,2,sub-012,ses-02,ses-04,ses-02->ses-04,ok
deepconvnet,3,sub-012,ses-02,ses-04,ses-02->ses-04,ok
deepconvnet,4,sub-012,ses-02,ses-04,ses-02->ses-04,ok
fbcnet,0,sub-012,ses-02,ses-04,ses-02->ses-04,ok
fbcnet,1,sub-012,ses-02,ses-04,ses-02->ses-04,ok
fbcnet,2,sub-012,ses-02,ses-04,ses-02->ses-04,ok
fbcnet,3,sub-012,ses-02,ses-04,ses-02->ses-04,ok
fbcnet,4,sub-012,ses-02,ses-04,ses-02->ses-04,ok
eegnet,0,sub-012,ses-02,ses-05,ses-02->ses-05,ok
eegnet,1,sub-012,ses-02,ses-05,ses-02->ses-05,ok
eegnet,2,sub-012,ses-02,ses-05,ses-02->ses-05,ok
eegnet,3,sub-012,ses-02,ses-05,ses-02->ses-05,ok
eegnet,4,sub-012,ses-02,ses-05,ses-02->ses-05,ok
deepconvnet,0,sub-012,ses-02,ses-05,ses-02->ses-05,ok
deepconvnet,1,sub-012,ses-02,ses-05,ses-02->ses-05,ok
deepconvnet,2,sub-012,ses-02,ses-05,ses-02->ses-05,ok
deepconvnet,3,sub-012,ses-02,ses-05,ses-02->ses-05,ok
deepconvnet,4,sub-012,ses-02,ses-05,ses-02->ses-05,ok
fbcnet,0,sub-012,ses-02,ses-05,ses-02->ses-05,ok
fbcnet,1,sub-012,ses-02,ses-05,ses-02->ses-05,ok
fbcnet,2,sub-012,ses-02,ses-05,ses-02->ses-05,ok
fbcnet,3,sub-012,ses-02,ses-05,ses-02->ses-05,ok
fbcnet,4,sub-012,ses-02,ses-05,ses-02->ses-05,ok
eegnet,0,sub-012,ses-03,ses-01,ses-03->ses-01,ok
eegnet,1,sub-012,ses-03,ses-01,ses-03->ses-01,ok
eegnet,2,sub-012,ses-03,ses-01,ses-03->ses-01,ok
eegnet,3,sub-012,ses-03,ses-01,ses-03->ses-01,ok
eegnet,4,sub-012,ses-03,ses-01,ses-03->ses-01,ok
deepconvnet,0,sub-012,ses-03,ses-01,ses-03->ses-01,ok
deepconvnet,1,sub-012,ses-03,ses-01,ses-03->ses-01,ok
deepconvnet,2,sub-012,ses-03,ses-01,ses-03->ses-01,ok
deepconvnet,3,sub-012,ses-03,ses-01,ses-03->ses-01,ok
deepconvnet,4,sub-012,ses-03,ses-01,ses-03->ses-01,ok
fbcnet,0,sub-012,ses-03,ses-01,ses-03->ses-01,ok
fbcnet,1,sub-012,ses-03,ses-01,ses-03->ses-01,ok
fbcnet,2,sub-012,ses-03,ses-01,ses-03->ses-01,ok
fbcnet,3,sub-012,ses-03,ses-01,ses-03->ses-01,ok
fbcnet,4,sub-012,ses-03,ses-01,ses-03->ses-01,ok
eegnet,0,sub-012,ses-03,ses-02,ses-03->ses-02,ok
eegnet,1,sub-012,ses-03,ses-02,ses-03->ses-02,ok
eegnet,2,sub-012,ses-03,ses-02,ses-03->ses-02,ok
eegnet,3,sub-012,ses-03,ses-02,ses-03->ses-02,ok
eegnet,4,sub-012,ses-03,ses-02,ses-03->ses-02,ok
deepconvnet,0,sub-012,ses-03,ses-02,ses-03->ses-02,ok
deepconvnet,1,sub-012,ses-03,ses-02,ses-03->ses-02,ok
deepconvnet,2,sub-012,ses-03,ses-02,ses-03->ses-02,ok
deepconvnet,3,sub-012,ses-03,ses-02,ses-03->ses-02,ok
deepconvnet,4,sub-012,ses-03,ses-02,ses-03->ses-02,ok
fbcnet,0,sub-012,ses-03,ses-02,ses-03->ses-02,ok
fbcnet,1,sub-012,ses-03,ses-02,ses-03->ses-02,ok
fbcnet,2,sub-012,ses-03,ses-02,ses-03->ses-02,ok
fbcnet,3,sub-012,ses-03,ses-02,ses-03->ses-02,ok
fbcnet,4,sub-012,ses-03,ses-02,ses-03->ses-02,ok
eegnet,0,sub-012,ses-03,ses-04,ses-03->ses-04,ok
eegnet,1,sub-012,ses-03,ses-04,ses-03->ses-04,ok
eegnet,2,sub-012,ses-03,ses-04,ses-03->ses-04,ok
eegnet,3,sub-012,ses-03,ses-04,ses-03->ses-04,ok
eegnet,4,sub-012,ses-03,ses-04,ses-03->ses-04,ok
deepconvnet,0,sub-012,ses-03,ses-04,ses-03->ses-04,ok
deepconvnet,1,sub-012,ses-03,ses-04,ses-03->ses-04,ok
deepconvnet,2,sub-012,ses-03,ses-04,ses-03->ses-04,ok
deepconvnet,3,sub-012,ses-03,ses-04,ses-03->ses-04,ok
deepconvnet,4,sub-012,ses-03,ses-04,ses-03->ses-04,ok
fbcnet,0,sub-012,ses-03,ses-04,ses-03->ses-04,ok
fbcnet,1,sub-012,ses-03,ses-04,ses-03->ses-04,ok
fbcnet,2,sub-012,ses-03,ses-04,ses-03->ses-04,ok
fbcnet,3,sub-012,ses-03,ses-04,ses-03->ses-04,ok
fbcnet,4,sub-012,ses-03,ses-04,ses-03->ses-04,ok
eegnet,0,sub-012,ses-03,ses-05,ses-03->ses-05,ok
eegnet,1,sub-012,ses-03,ses-05,ses-03->ses-05,ok
eegnet,2,sub-012,ses-03,ses-05,ses-03->ses-05,ok
eegnet,3,sub-012,ses-03,ses-05,ses-03->ses-05,ok
eegnet,4,sub-012,ses-03,ses-05,ses-03->ses-05,ok
deepconvnet,0,sub-012,ses-03,ses-05,ses-03->ses-05,ok
deepconvnet,1,sub-012,ses-03,ses-05,ses-03->ses-05,ok
deepconvnet,2,sub-012,ses-03,ses-05,ses-03->ses-05,ok
deepconvnet,3,sub-012,ses-03,ses-05,ses-03->ses-05,ok
deepconvnet,4,sub-012,ses-03,ses-05,ses-03->ses-05,ok
fbcnet,0,sub-012,ses-03,ses-05,ses-03->ses-05,ok
fbcnet,1,sub-012,ses-03,ses-05,ses-03->ses-05,ok
fbcnet,2,sub-012,ses-03,ses-05,ses-03->ses-05,ok
fbcnet,3,sub-012,ses-03,ses-05,ses-03->ses-05,ok
fbcnet,4,sub-012,ses-03,ses-05,ses-03->ses-05,ok
eegnet,0,sub-012,ses-04,ses-01,ses-04->ses-01,ok
eegnet,1,sub-012,ses-04,ses-01,ses-04->ses-01,ok
eegnet,2,sub-012,ses-04,ses-01,ses-04->ses-01,ok
eegnet,3,sub-012,ses-04,ses-01,ses-04->ses-01,ok
eegnet,4,sub-012,ses-04,ses-01,ses-04->ses-01,ok
deepconvnet,0,sub-012,ses-04,ses-01,ses-04->ses-01,ok
deepconvnet,1,sub-012,ses-04,ses-01,ses-04->ses-01,ok
deepconvnet,2,sub-012,ses-04,ses-01,ses-04->ses-01,ok
deepconvnet,3,sub-012,ses-04,ses-01,ses-04->ses-01,ok
deepconvnet,4,sub-012,ses-04,ses-01,ses-04->ses-01,ok
fbcnet,0,sub-012,ses-04,ses-01,ses-04->ses-01,ok
fbcnet,1,sub-012,ses-04,ses-01,ses-04->ses-01,ok
fbcnet,2,sub-012,ses-04,ses-01,ses-04->ses-01,ok
fbcnet,3,sub-012,ses-04,ses-01,ses-04->ses-01,ok
fbcnet,4,sub-012,ses-04,ses-01,ses-04->ses-01,ok
eegnet,0,sub-012,ses-04,ses-02,ses-04->ses-02,ok
eegnet,1,sub-012,ses-04,ses-02,ses-04->ses-02,ok
eegnet,2,sub-012,ses-04,ses-02,ses-04->ses-02,ok
eegnet,3,sub-012,ses-04,ses-02,ses-04->ses-02,ok
eegnet,4,sub-012,ses-04,ses-02,ses-04->ses-02,ok
deepconvnet,0,sub-012,ses-04,ses-02,ses-04->ses-02,ok
deepconvnet,1,sub-012,ses-04,ses-02,ses-04->ses-02,ok
deepconvnet,2,sub-012,ses-04,ses-02,ses-04->ses-02,ok
deepconvnet,3,sub-012,ses-04,ses-02,ses-04->ses-02,ok
deepconvnet,4,sub-012,ses-04,ses-02,ses-04->ses-02,ok
fbcnet,0,sub-012,ses-04,ses-02,ses-04->ses-02,ok
fbcnet,1,sub-012,ses-04,ses-02,ses-04->ses-02,ok
fbcnet,2,sub-012,ses-04,ses-02,ses-04->ses-02,ok
fbcnet,3,sub-012,ses-04,ses-02,ses-04->ses-02,ok
fbcnet,4,sub-012,ses-04,ses-02,ses-04->ses-02,ok
eegnet,0,sub-012,ses-04,ses-03,ses-04->ses-03,ok
eegnet,1,sub-012,ses-04,ses-03,ses-04->ses-03,ok
eegnet,2,sub-012,ses-04,ses-03,ses-04->ses-03,ok
eegnet,3,sub-012,ses-04,ses-03,ses-04->ses-03,ok
eegnet,4,sub-012,ses-04,ses-03,ses-04->ses-03,ok
deepconvnet,0,sub-012,ses-04,ses-03,ses-04->ses-03,ok
deepconvnet,1,sub-012,ses-04,ses-03,ses-04->ses-03,ok
deepconvnet,2,sub-012,ses-04,ses-03,ses-04->ses-03,ok
deepconvnet,3,sub-012,ses-04,ses-03,ses-04->ses-03,ok
deepconvnet,4,sub-012,ses-04,ses-03,ses-04->ses-03,ok
fbcnet,0,sub-012,ses-04,ses-03,ses-04->ses-03,ok
fbcnet,1,sub-012,ses-04,ses-03,ses-04->ses-03,ok
fbcnet,2,sub-012,ses-04,ses-03,ses-04->ses-03,ok
fbcnet,3,sub-012,ses-04,ses-03,ses-04->ses-03,ok
fbcnet,4,sub-012,ses-04,ses-03,ses-04->ses-03,ok
eegnet,0,sub-012,ses-04,ses-05,ses-04->ses-05,ok
eegnet,1,sub-012,ses-04,ses-05,ses-04->ses-05,ok
eegnet,2,sub-012,ses-04,ses-05,ses-04->ses-05,ok
eegnet,3,sub-012,ses-04,ses-05,ses-04->ses-05,ok
eegnet,4,sub-012,ses-04,ses-05,ses-04->ses-05,ok
deepconvnet,0,sub-012,ses-04,ses-05,ses-04->ses-05,ok
deepconvnet,1,sub-012,ses-04,ses-05,ses-04->ses-05,ok
deepconvnet,2,sub-012,ses-04,ses-05,ses-04->ses-05,ok
deepconvnet,3,sub-012,ses-04,ses-05,ses-04->ses-05,ok
deepconvnet,4,sub-012,ses-04,ses-05,ses-04->ses-05,ok
fbcnet,0,sub-012,ses-04,ses-05,ses-04->ses-05,ok
fbcnet,1,sub-012,ses-04,ses-05,ses-04->ses-05,ok
fbcnet,2,sub-012,ses-04,ses-05,ses-04->ses-05,ok
fbcnet,3,sub-012,ses-04,ses-05,ses-04->ses-05,ok
fbcnet,4,sub-012,ses-04,ses-05,ses-04->ses-05,ok
eegnet,0,sub-012,ses-05,ses-01,ses-05->ses-01,ok
eegnet,1,sub-012,ses-05,ses-01,ses-05->ses-01,ok
eegnet,2,sub-012,ses-05,ses-01,ses-05->ses-01,ok
eegnet,3,sub-012,ses-05,ses-01,ses-05->ses-01,ok
eegnet,4,sub-012,ses-05,ses-01,ses-05->ses-01,ok
deepconvnet,0,sub-012,ses-05,ses-01,ses-05->ses-01,ok
deepconvnet,1,sub-012,ses-05,ses-01,ses-05->ses-01,ok
deepconvnet,2,sub-012,ses-05,ses-01,ses-05->ses-01,ok
deepconvnet,3,sub-012,ses-05,ses-01,ses-05->ses-01,ok
deepconvnet,4,sub-012,ses-05,ses-01,ses-05->ses-01,ok
fbcnet,0,sub-012,ses-05,ses-01,ses-05->ses-01,ok
fbcnet,1,sub-012,ses-05,ses-01,ses-05->ses-01,ok
fbcnet,2,sub-012,ses-05,ses-01,ses-05->ses-01,ok
fbcnet,3,sub-012,ses-05,ses-01,ses-05->ses-01,ok
fbcnet,4,sub-012,ses-05,ses-01,ses-05->ses-01,ok
eegnet,0,sub-012,ses-05,ses-02,ses-05->ses-02,ok
eegnet,1,sub-012,ses-05,ses-02,ses-05->ses-02,ok
eegnet,2,sub-012,ses-05,ses-02,ses-05->ses-02,ok
eegnet,3,sub-012,ses-05,ses-02,ses-05->ses-02,ok
eegnet,4,sub-012,ses-05,ses-02,ses-05->ses-02,ok
deepconvnet,0,sub-012,ses-05,ses-02,ses-05->ses-02,ok
deepconvnet,1,sub-012,ses-05,ses-02,ses-05->ses-02,ok
deepconvnet,2,sub-012,ses-05,ses-02,ses-05->ses-02,ok
deepconvnet,3,sub-012,ses-05,ses-02,ses-05->ses-02,ok
deepconvnet,4,sub-012,ses-05,ses-02,ses-05->ses-02,ok
fbcnet,0,sub-012,ses-05,ses-02,ses-05->ses-02,ok
fbcnet,1,sub-012,ses-05,ses-02,ses-05->ses-02,ok
fbcnet,2,sub-012,ses-05,ses-02,ses-05->ses-02,ok
fbcnet,3,sub-012,ses-05,ses-02,ses-05->ses-02,ok
fbcnet,4,sub-012,ses-05,ses-02,ses-05->ses-02,ok
eegnet,0,sub-012,ses-05,ses-03,ses-05->ses-03,ok
eegnet,1,sub-012,ses-05,ses-03,ses-05->ses-03,ok
eegnet,2,sub-012,ses-05,ses-03,ses-05->ses-03,ok
eegnet,3,sub-012,ses-05,ses-03,ses-05->ses-03,ok
eegnet,4,sub-012,ses-05,ses-03,ses-05->ses-03,ok
deepconvnet,0,sub-012,ses-05,ses-03,ses-05->ses-03,ok
deepconvnet,1,sub-012,ses-05,ses-03,ses-05->ses-03,ok
deepconvnet,2,sub-012,ses-05,ses-03,ses-05->ses-03,ok
deepconvnet,3,sub-012,ses-05,ses-03,ses-05->ses-03,ok
deepconvnet,4,sub-012,ses-05,ses-03,ses-05->ses-03,ok
fbcnet,0,sub-012,ses-05,ses-03,ses-05->ses-03,ok
fbcnet,1,sub-012,ses-05,ses-03,ses-05->ses-03,ok
fbcnet,2,sub-012,ses-05,ses-03,ses-05->ses-03,ok
fbcnet,3,sub-012,ses-05,ses-03,ses-05->ses-03,ok
fbcnet,4,sub-012,ses-05,ses-03,ses-05->ses-03,ok
eegnet,0,sub-012,ses-05,ses-04,ses-05->ses-04,ok
eegnet,1,sub-012,ses-05,ses-04,ses-05->ses-04,ok
eegnet,2,sub-012,ses-05,ses-04,ses-05->ses-04,ok
eegnet,3,sub-012,ses-05,ses-04,ses-05->ses-04,ok
eegnet,4,sub-012,ses-05,ses-04,ses-05->ses-04,ok
deepconvnet,0,sub-012,ses-05,ses-04,ses-05->ses-04,ok
deepconvnet,1,sub-012,ses-05,ses-04,ses-05->ses-04,ok
deepconvnet,2,sub-012,ses-05,ses-04,ses-05->ses-04,ok
deepconvnet,3,sub-012,ses-05,ses-04,ses-05->ses-04,ok
deepconvnet,4,sub-012,ses-05,ses-04,ses-05->ses-04,ok
fbcnet,0,sub-012,ses-05,ses-04,ses-05->ses-04,ok
fbcnet,1,sub-012,ses-05,ses-04,ses-05->ses-04,ok
fbcnet,2,sub-012,ses-05,ses-04,ses-05->ses-04,ok
fbcnet,3,sub-012,ses-05,ses-04,ses-05->ses-04,ok
fbcnet,4,sub-012,ses-05,ses-04,ses-05->ses-04,ok
eegnet,0,sub-013,ses-01,ses-02,ses-01->ses-02,ok
eegnet,1,sub-013,ses-01,ses-02,ses-01->ses-02,ok
eegnet,2,sub-013,ses-01,ses-02,ses-01->ses-02,ok
eegnet,3,sub-013,ses-01,ses-02,ses-01->ses-02,ok
eegnet,4,sub-013,ses-01,ses-02,ses-01->ses-02,ok
deepconvnet,0,sub-013,ses-01,ses-02,ses-01->ses-02,ok
deepconvnet,1,sub-013,ses-01,ses-02,ses-01->ses-02,ok
deepconvnet,2,sub-013,ses-01,ses-02,ses-01->ses-02,ok
deepconvnet,3,sub-013,ses-01,ses-02,ses-01->ses-02,ok
deepconvnet,4,sub-013,ses-01,ses-02,ses-01->ses-02,ok
fbcnet,0,sub-013,ses-01,ses-02,ses-01->ses-02,ok
fbcnet,1,sub-013,ses-01,ses-02,ses-01->ses-02,ok
fbcnet,2,sub-013,ses-01,ses-02,ses-01->ses-02,ok
fbcnet,3,sub-013,ses-01,ses-02,ses-01->ses-02,ok
fbcnet,4,sub-013,ses-01,ses-02,ses-01->ses-02,ok
eegnet,0,sub-013,ses-01,ses-03,ses-01->ses-03,ok
eegnet,1,sub-013,ses-01,ses-03,ses-01->ses-03,ok
eegnet,2,sub-013,ses-01,ses-03,ses-01->ses-03,ok
eegnet,3,sub-013,ses-01,ses-03,ses-01->ses-03,ok
eegnet,4,sub-013,ses-01,ses-03,ses-01->ses-03,ok
deepconvnet,0,sub-013,ses-01,ses-03,ses-01->ses-03,ok
deepconvnet,1,sub-013,ses-01,ses-03,ses-01->ses-03,ok
deepconvnet,2,sub-013,ses-01,ses-03,ses-01->ses-03,ok
deepconvnet,3,sub-013,ses-01,ses-03,ses-01->ses-03,ok
deepconvnet,4,sub-013,ses-01,ses-03,ses-01->ses-03,ok
fbcnet,0,sub-013,ses-01,ses-03,ses-01->ses-03,ok
fbcnet,1,sub-013,ses-01,ses-03,ses-01->ses-03,ok
fbcnet,2,sub-013,ses-01,ses-03,ses-01->ses-03,ok
fbcnet,3,sub-013,ses-01,ses-03,ses-01->ses-03,ok
fbcnet,4,sub-013,ses-01,ses-03,ses-01->ses-03,ok
eegnet,0,sub-013,ses-01,ses-04,ses-01->ses-04,ok
eegnet,1,sub-013,ses-01,ses-04,ses-01->ses-04,ok
eegnet,2,sub-013,ses-01,ses-04,ses-01->ses-04,ok
eegnet,3,sub-013,ses-01,ses-04,ses-01->ses-04,ok
eegnet,4,sub-013,ses-01,ses-04,ses-01->ses-04,ok
deepconvnet,0,sub-013,ses-01,ses-04,ses-01->ses-04,ok
deepconvnet,1,sub-013,ses-01,ses-04,ses-01->ses-04,ok
deepconvnet,2,sub-013,ses-01,ses-04,ses-01->ses-04,ok
deepconvnet,3,sub-013,ses-01,ses-04,ses-01->ses-04,ok
deepconvnet,4,sub-013,ses-01,ses-04,ses-01->ses-04,ok
fbcnet,0,sub-013,ses-01,ses-04,ses-01->ses-04,ok
fbcnet,1,sub-013,ses-01,ses-04,ses-01->ses-04,ok
fbcnet,2,sub-013,ses-01,ses-04,ses-01->ses-04,ok
fbcnet,3,sub-013,ses-01,ses-04,ses-01->ses-04,ok
fbcnet,4,sub-013,ses-01,ses-04,ses-01->ses-04,ok
eegnet,0,sub-013,ses-01,ses-05,ses-01->ses-05,ok
eegnet,1,sub-013,ses-01,ses-05,ses-01->ses-05,ok
eegnet,2,sub-013,ses-01,ses-05,ses-01->ses-05,ok
eegnet,3,sub-013,ses-01,ses-05,ses-01->ses-05,ok
eegnet,4,sub-013,ses-01,ses-05,ses-01->ses-05,ok
deepconvnet,0,sub-013,ses-01,ses-05,ses-01->ses-05,ok
deepconvnet,1,sub-013,ses-01,ses-05,ses-01->ses-05,ok
deepconvnet,2,sub-013,ses-01,ses-05,ses-01->ses-05,ok
deepconvnet,3,sub-013,ses-01,ses-05,ses-01->ses-05,ok
deepconvnet,4,sub-013,ses-01,ses-05,ses-01->ses-05,ok
fbcnet,0,sub-013,ses-01,ses-05,ses-01->ses-05,ok
fbcnet,1,sub-013,ses-01,ses-05,ses-01->ses-05,ok
fbcnet,2,sub-013,ses-01,ses-05,ses-01->ses-05,ok
fbcnet,3,sub-013,ses-01,ses-05,ses-01->ses-05,ok
fbcnet,4,sub-013,ses-01,ses-05,ses-01->ses-05,ok
eegnet,0,sub-013,ses-02,ses-01,ses-02->ses-01,ok
eegnet,1,sub-013,ses-02,ses-01,ses-02->ses-01,ok
eegnet,2,sub-013,ses-02,ses-01,ses-02->ses-01,ok
eegnet,3,sub-013,ses-02,ses-01,ses-02->ses-01,ok
eegnet,4,sub-013,ses-02,ses-01,ses-02->ses-01,ok
deepconvnet,0,sub-013,ses-02,ses-01,ses-02->ses-01,ok
deepconvnet,1,sub-013,ses-02,ses-01,ses-02->ses-01,ok
deepconvnet,2,sub-013,ses-02,ses-01,ses-02->ses-01,ok
deepconvnet,3,sub-013,ses-02,ses-01,ses-02->ses-01,ok
deepconvnet,4,sub-013,ses-02,ses-01,ses-02->ses-01,ok
fbcnet,0,sub-013,ses-02,ses-01,ses-02->ses-01,ok
fbcnet,1,sub-013,ses-02,ses-01,ses-02->ses-01,ok
fbcnet,2,sub-013,ses-02,ses-01,ses-02->ses-01,ok
fbcnet,3,sub-013,ses-02,ses-01,ses-02->ses-01,ok
fbcnet,4,sub-013,ses-02,ses-01,ses-02->ses-01,ok
eegnet,0,sub-013,ses-02,ses-03,ses-02->ses-03,ok
eegnet,1,sub-013,ses-02,ses-03,ses-02->ses-03,ok
eegnet,2,sub-013,ses-02,ses-03,ses-02->ses-03,ok
eegnet,3,sub-013,ses-02,ses-03,ses-02->ses-03,ok
eegnet,4,sub-013,ses-02,ses-03,ses-02->ses-03,ok
deepconvnet,0,sub-013,ses-02,ses-03,ses-02->ses-03,ok
deepconvnet,1,sub-013,ses-02,ses-03,ses-02->ses-03,ok
deepconvnet,2,sub-013,ses-02,ses-03,ses-02->ses-03,ok
deepconvnet,3,sub-013,ses-02,ses-03,ses-02->ses-03,ok
deepconvnet,4,sub-013,ses-02,ses-03,ses-02->ses-03,ok
fbcnet,0,sub-013,ses-02,ses-03,ses-02->ses-03,ok
fbcnet,1,sub-013,ses-02,ses-03,ses-02->ses-03,ok
fbcnet,2,sub-013,ses-02,ses-03,ses-02->ses-03,ok
fbcnet,3,sub-013,ses-02,ses-03,ses-02->ses-03,ok
fbcnet,4,sub-013,ses-02,ses-03,ses-02->ses-03,ok
eegnet,0,sub-013,ses-02,ses-04,ses-02->ses-04,ok
eegnet,1,sub-013,ses-02,ses-04,ses-02->ses-04,ok
eegnet,2,sub-013,ses-02,ses-04,ses-02->ses-04,ok
eegnet,3,sub-013,ses-02,ses-04,ses-02->ses-04,ok
eegnet,4,sub-013,ses-02,ses-04,ses-02->ses-04,ok
deepconvnet,0,sub-013,ses-02,ses-04,ses-02->ses-04,ok
deepconvnet,1,sub-013,ses-02,ses-04,ses-02->ses-04,ok
deepconvnet,2,sub-013,ses-02,ses-04,ses-02->ses-04,ok
deepconvnet,3,sub-013,ses-02,ses-04,ses-02->ses-04,ok
deepconvnet,4,sub-013,ses-02,ses-04,ses-02->ses-04,ok
fbcnet,0,sub-013,ses-02,ses-04,ses-02->ses-04,ok
fbcnet,1,sub-013,ses-02,ses-04,ses-02->ses-04,ok
fbcnet,2,sub-013,ses-02,ses-04,ses-02->ses-04,ok
fbcnet,3,sub-013,ses-02,ses-04,ses-02->ses-04,ok
fbcnet,4,sub-013,ses-02,ses-04,ses-02->ses-04,ok
eegnet,0,sub-013,ses-02,ses-05,ses-02->ses-05,ok
eegnet,1,sub-013,ses-02,ses-05,ses-02->ses-05,ok
eegnet,2,sub-013,ses-02,ses-05,ses-02->ses-05,ok
eegnet,3,sub-013,ses-02,ses-05,ses-02->ses-05,ok
eegnet,4,sub-013,ses-02,ses-05,ses-02->ses-05,ok
deepconvnet,0,sub-013,ses-02,ses-05,ses-02->ses-05,ok
deepconvnet,1,sub-013,ses-02,ses-05,ses-02->ses-05,ok
deepconvnet,2,sub-013,ses-02,ses-05,ses-02->ses-05,ok
deepconvnet,3,sub-013,ses-02,ses-05,ses-02->ses-05,ok
deepconvnet,4,sub-013,ses-02,ses-05,ses-02->ses-05,ok
fbcnet,0,sub-013,ses-02,ses-05,ses-02->ses-05,ok
fbcnet,1,sub-013,ses-02,ses-05,ses-02->ses-05,ok
fbcnet,2,sub-013,ses-02,ses-05,ses-02->ses-05,ok
fbcnet,3,sub-013,ses-02,ses-05,ses-02->ses-05,ok
fbcnet,4,sub-013,ses-02,ses-05,ses-02->ses-05,ok
eegnet,0,sub-013,ses-03,ses-01,ses-03->ses-01,ok
eegnet,1,sub-013,ses-03,ses-01,ses-03->ses-01,ok
eegnet,2,sub-013,ses-03,ses-01,ses-03->ses-01,ok
eegnet,3,sub-013,ses-03,ses-01,ses-03->ses-01,ok
eegnet,4,sub-013,ses-03,ses-01,ses-03->ses-01,ok
deepconvnet,0,sub-013,ses-03,ses-01,ses-03->ses-01,ok
deepconvnet,1,sub-013,ses-03,ses-01,ses-03->ses-01,ok
deepconvnet,2,sub-013,ses-03,ses-01,ses-03->ses-01,ok
deepconvnet,3,sub-013,ses-03,ses-01,ses-03->ses-01,ok
deepconvnet,4,sub-013,ses-03,ses-01,ses-03->ses-01,ok
fbcnet,0,sub-013,ses-03,ses-01,ses-03->ses-01,ok
fbcnet,1,sub-013,ses-03,ses-01,ses-03->ses-01,ok
fbcnet,2,sub-013,ses-03,ses-01,ses-03->ses-01,ok
fbcnet,3,sub-013,ses-03,ses-01,ses-03->ses-01,ok
fbcnet,4,sub-013,ses-03,ses-01,ses-03->ses-01,ok
eegnet,0,sub-013,ses-03,ses-02,ses-03->ses-02,ok
eegnet,1,sub-013,ses-03,ses-02,ses-03->ses-02,ok
eegnet,2,sub-013,ses-03,ses-02,ses-03->ses-02,ok
eegnet,3,sub-013,ses-03,ses-02,ses-03->ses-02,ok
eegnet,4,sub-013,ses-03,ses-02,ses-03->ses-02,ok
deepconvnet,0,sub-013,ses-03,ses-02,ses-03->ses-02,ok
deepconvnet,1,sub-013,ses-03,ses-02,ses-03->ses-02,ok
deepconvnet,2,sub-013,ses-03,ses-02,ses-03->ses-02,ok
deepconvnet,3,sub-013,ses-03,ses-02,ses-03->ses-02,ok
deepconvnet,4,sub-013,ses-03,ses-02,ses-03->ses-02,ok
fbcnet,0,sub-013,ses-03,ses-02,ses-03->ses-02,ok
fbcnet,1,sub-013,ses-03,ses-02,ses-03->ses-02,ok
fbcnet,2,sub-013,ses-03,ses-02,ses-03->ses-02,ok
fbcnet,3,sub-013,ses-03,ses-02,ses-03->ses-02,ok
fbcnet,4,sub-013,ses-03,ses-02,ses-03->ses-02,ok
eegnet,0,sub-013,ses-03,ses-04,ses-03->ses-04,ok
eegnet,1,sub-013,ses-03,ses-04,ses-03->ses-04,ok
eegnet,2,sub-013,ses-03,ses-04,ses-03->ses-04,ok
eegnet,3,sub-013,ses-03,ses-04,ses-03->ses-04,ok
eegnet,4,sub-013,ses-03,ses-04,ses-03->ses-04,ok
deepconvnet,0,sub-013,ses-03,ses-04,ses-03->ses-04,ok
deepconvnet,1,sub-013,ses-03,ses-04,ses-03->ses-04,ok
deepconvnet,2,sub-013,ses-03,ses-04,ses-03->ses-04,ok
deepconvnet,3,sub-013,ses-03,ses-04,ses-03->ses-04,ok
deepconvnet,4,sub-013,ses-03,ses-04,ses-03->ses-04,ok
fbcnet,0,sub-013,ses-03,ses-04,ses-03->ses-04,ok
fbcnet,1,sub-013,ses-03,ses-04,ses-03->ses-04,ok
fbcnet,2,sub-013,ses-03,ses-04,ses-03->ses-04,ok
fbcnet,3,sub-013,ses-03,ses-04,ses-03->ses-04,ok
fbcnet,4,sub-013,ses-03,ses-04,ses-03->ses-04,ok
eegnet,0,sub-013,ses-03,ses-05,ses-03->ses-05,ok
eegnet,1,sub-013,ses-03,ses-05,ses-03->ses-05,ok
eegnet,2,sub-013,ses-03,ses-05,ses-03->ses-05,ok
eegnet,3,sub-013,ses-03,ses-05,ses-03->ses-05,ok
eegnet,4,sub-013,ses-03,ses-05,ses-03->ses-05,ok
deepconvnet,0,sub-013,ses-03,ses-05,ses-03->ses-05,ok
deepconvnet,1,sub-013,ses-03,ses-05,ses-03->ses-05,ok
deepconvnet,2,sub-013,ses-03,ses-05,ses-03->ses-05,ok
deepconvnet,3,sub-013,ses-03,ses-05,ses-03->ses-05,ok
deepconvnet,4,sub-013,ses-03,ses-05,ses-03->ses-05,ok
fbcnet,0,sub-013,ses-03,ses-05,ses-03->ses-05,ok
fbcnet,1,sub-013,ses-03,ses-05,ses-03->ses-05,ok
fbcnet,2,sub-013,ses-03,ses-05,ses-03->ses-05,ok
fbcnet,3,sub-013,ses-03,ses-05,ses-03->ses-05,ok
fbcnet,4,sub-013,ses-03,ses-05,ses-03->ses-05,ok
eegnet,0,sub-013,ses-04,ses-01,ses-04->ses-01,ok
eegnet,1,sub-013,ses-04,ses-01,ses-04->ses-01,ok
eegnet,2,sub-013,ses-04,ses-01,ses-04->ses-01,ok
eegnet,3,sub-013,ses-04,ses-01,ses-04->ses-01,ok
eegnet,4,sub-013,ses-04,ses-01,ses-04->ses-01,ok
deepconvnet,0,sub-013,ses-04,ses-01,ses-04->ses-01,ok
deepconvnet,1,sub-013,ses-04,ses-01,ses-04->ses-01,ok
deepconvnet,2,sub-013,ses-04,ses-01,ses-04->ses-01,ok
deepconvnet,3,sub-013,ses-04,ses-01,ses-04->ses-01,ok
deepconvnet,4,sub-013,ses-04,ses-01,ses-04->ses-01,ok
fbcnet,0,sub-013,ses-04,ses-01,ses-04->ses-01,ok
fbcnet,1,sub-013,ses-04,ses-01,ses-04->ses-01,ok
fbcnet,2,sub-013,ses-04,ses-01,ses-04->ses-01,ok
fbcnet,3,sub-013,ses-04,ses-01,ses-04->ses-01,ok
fbcnet,4,sub-013,ses-04,ses-01,ses-04->ses-01,ok
eegnet,0,sub-013,ses-04,ses-02,ses-04->ses-02,ok
eegnet,1,sub-013,ses-04,ses-02,ses-04->ses-02,ok
eegnet,2,sub-013,ses-04,ses-02,ses-04->ses-02,ok
eegnet,3,sub-013,ses-04,ses-02,ses-04->ses-02,ok
eegnet,4,sub-013,ses-04,ses-02,ses-04->ses-02,ok
deepconvnet,0,sub-013,ses-04,ses-02,ses-04->ses-02,ok
deepconvnet,1,sub-013,ses-04,ses-02,ses-04->ses-02,ok
deepconvnet,2,sub-013,ses-04,ses-02,ses-04->ses-02,ok
deepconvnet,3,sub-013,ses-04,ses-02,ses-04->ses-02,ok
deepconvnet,4,sub-013,ses-04,ses-02,ses-04->ses-02,ok
fbcnet,0,sub-013,ses-04,ses-02,ses-04->ses-02,ok
fbcnet,1,sub-013,ses-04,ses-02,ses-04->ses-02,ok
fbcnet,2,sub-013,ses-04,ses-02,ses-04->ses-02,ok
fbcnet,3,sub-013,ses-04,ses-02,ses-04->ses-02,ok
fbcnet,4,sub-013,ses-04,ses-02,ses-04->ses-02,ok
eegnet,0,sub-013,ses-04,ses-03,ses-04->ses-03,ok
eegnet,1,sub-013,ses-04,ses-03,ses-04->ses-03,ok
eegnet,2,sub-013,ses-04,ses-03,ses-04->ses-03,ok
eegnet,3,sub-013,ses-04,ses-03,ses-04->ses-03,ok
eegnet,4,sub-013,ses-04,ses-03,ses-04->ses-03,ok
deepconvnet,0,sub-013,ses-04,ses-03,ses-04->ses-03,ok
deepconvnet,1,sub-013,ses-04,ses-03,ses-04->ses-03,ok
deepconvnet,2,sub-013,ses-04,ses-03,ses-04->ses-03,ok
deepconvnet,3,sub-013,ses-04,ses-03,ses-04->ses-03,ok
deepconvnet,4,sub-013,ses-04,ses-03,ses-04->ses-03,ok
fbcnet,0,sub-013,ses-04,ses-03,ses-04->ses-03,ok
fbcnet,1,sub-013,ses-04,ses-03,ses-04->ses-03,ok
fbcnet,2,sub-013,ses-04,ses-03,ses-04->ses-03,ok
fbcnet,3,sub-013,ses-04,ses-03,ses-04->ses-03,ok
fbcnet,4,sub-013,ses-04,ses-03,ses-04->ses-03,ok
eegnet,0,sub-013,ses-04,ses-05,ses-04->ses-05,ok
eegnet,1,sub-013,ses-04,ses-05,ses-04->ses-05,ok
eegnet,2,sub-013,ses-04,ses-05,ses-04->ses-05,ok
eegnet,3,sub-013,ses-04,ses-05,ses-04->ses-05,ok
eegnet,4,sub-013,ses-04,ses-05,ses-04->ses-05,ok
deepconvnet,0,sub-013,ses-04,ses-05,ses-04->ses-05,ok
deepconvnet,1,sub-013,ses-04,ses-05,ses-04->ses-05,ok
deepconvnet,2,sub-013,ses-04,ses-05,ses-04->ses-05,ok
deepconvnet,3,sub-013,ses-04,ses-05,ses-04->ses-05,ok
deepconvnet,4,sub-013,ses-04,ses-05,ses-04->ses-05,ok
fbcnet,0,sub-013,ses-04,ses-05,ses-04->ses-05,ok
fbcnet,1,sub-013,ses-04,ses-05,ses-04->ses-05,ok
fbcnet,2,sub-013,ses-04,ses-05,ses-04->ses-05,ok
fbcnet,3,sub-013,ses-04,ses-05,ses-04->ses-05,ok
fbcnet,4,sub-013,ses-04,ses-05,ses-04->ses-05,ok
eegnet,0,sub-013,ses-05,ses-01,ses-05->ses-01,ok
eegnet,1,sub-013,ses-05,ses-01,ses-05->ses-01,ok
eegnet,2,sub-013,ses-05,ses-01,ses-05->ses-01,ok
eegnet,3,sub-013,ses-05,ses-01,ses-05->ses-01,ok
eegnet,4,sub-013,ses-05,ses-01,ses-05->ses-01,ok
deepconvnet,0,sub-013,ses-05,ses-01,ses-05->ses-01,ok
deepconvnet,1,sub-013,ses-05,ses-01,ses-05->ses-01,ok
deepconvnet,2,sub-013,ses-05,ses-01,ses-05->ses-01,ok
deepconvnet,3,sub-013,ses-05,ses-01,ses-05->ses-01,ok
deepconvnet,4,sub-013,ses-05,ses-01,ses-05->ses-01,ok
fbcnet,0,sub-013,ses-05,ses-01,ses-05->ses-01,ok
fbcnet,1,sub-013,ses-05,ses-01,ses-05->ses-01,ok
fbcnet,2,sub-013,ses-05,ses-01,ses-05->ses-01,ok
fbcnet,3,sub-013,ses-05,ses-01,ses-05->ses-01,ok
fbcnet,4,sub-013,ses-05,ses-01,ses-05->ses-01,ok
eegnet,0,sub-013,ses-05,ses-02,ses-05->ses-02,ok
eegnet,1,sub-013,ses-05,ses-02,ses-05->ses-02,ok
eegnet,2,sub-013,ses-05,ses-02,ses-05->ses-02,ok
eegnet,3,sub-013,ses-05,ses-02,ses-05->ses-02,ok
eegnet,4,sub-013,ses-05,ses-02,ses-05->ses-02,ok
deepconvnet,0,sub-013,ses-05,ses-02,ses-05->ses-02,ok
deepconvnet,1,sub-013,ses-05,ses-02,ses-05->ses-02,ok
deepconvnet,2,sub-013,ses-05,ses-02,ses-05->ses-02,ok
deepconvnet,3,sub-013,ses-05,ses-02,ses-05->ses-02,ok
deepconvnet,4,sub-013,ses-05,ses-02,ses-05->ses-02,ok
fbcnet,0,sub-013,ses-05,ses-02,ses-05->ses-02,ok
fbcnet,1,sub-013,ses-05,ses-02,ses-05->ses-02,ok
fbcnet,2,sub-013,ses-05,ses-02,ses-05->ses-02,ok
fbcnet,3,sub-013,ses-05,ses-02,ses-05->ses-02,ok
fbcnet,4,sub-013,ses-05,ses-02,ses-05->ses-02,ok
eegnet,0,sub-013,ses-05,ses-03,ses-05->ses-03,ok
eegnet,1,sub-013,ses-05,ses-03,ses-05->ses-03,ok
eegnet,2,sub-013,ses-05,ses-03,ses-05->ses-03,ok
eegnet,3,sub-013,ses-05,ses-03,ses-05->ses-03,ok
eegnet,4,sub-013,ses-05,ses-03,ses-05->ses-03,ok
deepconvnet,0,sub-013,ses-05,ses-03,ses-05->ses-03,ok
deepconvnet,1,sub-013,ses-05,ses-03,ses-05->ses-03,ok
deepconvnet,2,sub-013,ses-05,ses-03,ses-05->ses-03,ok
deepconvnet,3,sub-013,ses-05,ses-03,ses-05->ses-03,ok
deepconvnet,4,sub-013,ses-05,ses-03,ses-05->ses-03,ok
fbcnet,0,sub-013,ses-05,ses-03,ses-05->ses-03,ok
fbcnet,1,sub-013,ses-05,ses-03,ses-05->ses-03,ok
fbcnet,2,sub-013,ses-05,ses-03,ses-05->ses-03,ok
fbcnet,3,sub-013,ses-05,ses-03,ses-05->ses-03,ok
fbcnet,4,sub-013,ses-05,ses-03,ses-05->ses-03,ok
eegnet,0,sub-013,ses-05,ses-04,ses-05->ses-04,ok
eegnet,1,sub-013,ses-05,ses-04,ses-05->ses-04,ok
eegnet,2,sub-013,ses-05,ses-04,ses-05->ses-04,ok
eegnet,3,sub-013,ses-05,ses-04,ses-05->ses-04,ok
eegnet,4,sub-013,ses-05,ses-04,ses-05->ses-04,ok
deepconvnet,0,sub-013,ses-05,ses-04,ses-05->ses-04,ok
deepconvnet,1,sub-013,ses-05,ses-04,ses-05->ses-04,ok
deepconvnet,2,sub-013,ses-05,ses-04,ses-05->ses-04,ok
deepconvnet,3,sub-013,ses-05,ses-04,ses-05->ses-04,ok
deepconvnet,4,sub-013,ses-05,ses-04,ses-05->ses-04,ok
fbcnet,0,sub-013,ses-05,ses-04,ses-05->ses-04,ok
fbcnet,1,sub-013,ses-05,ses-04,ses-05->ses-04,ok
fbcnet,2,sub-013,ses-05,ses-04,ses-05->ses-04,ok
fbcnet,3,sub-013,ses-05,ses-04,ses-05->ses-04,ok
fbcnet,4,sub-013,ses-05,ses-04,ses-05->ses-04,ok
eegnet,0,sub-014,ses-01,ses-02,ses-01->ses-02,ok
eegnet,1,sub-014,ses-01,ses-02,ses-01->ses-02,ok
eegnet,2,sub-014,ses-01,ses-02,ses-01->ses-02,ok
eegnet,3,sub-014,ses-01,ses-02,ses-01->ses-02,ok
eegnet,4,sub-014,ses-01,ses-02,ses-01->ses-02,ok
deepconvnet,0,sub-014,ses-01,ses-02,ses-01->ses-02,ok
deepconvnet,1,sub-014,ses-01,ses-02,ses-01->ses-02,ok
deepconvnet,2,sub-014,ses-01,ses-02,ses-01->ses-02,ok
deepconvnet,3,sub-014,ses-01,ses-02,ses-01->ses-02,ok
deepconvnet,4,sub-014,ses-01,ses-02,ses-01->ses-02,ok
fbcnet,0,sub-014,ses-01,ses-02,ses-01->ses-02,ok
fbcnet,1,sub-014,ses-01,ses-02,ses-01->ses-02,ok
fbcnet,2,sub-014,ses-01,ses-02,ses-01->ses-02,ok
fbcnet,3,sub-014,ses-01,ses-02,ses-01->ses-02,ok
fbcnet,4,sub-014,ses-01,ses-02,ses-01->ses-02,ok
eegnet,0,sub-014,ses-01,ses-03,ses-01->ses-03,ok
eegnet,1,sub-014,ses-01,ses-03,ses-01->ses-03,ok
eegnet,2,sub-014,ses-01,ses-03,ses-01->ses-03,ok
eegnet,3,sub-014,ses-01,ses-03,ses-01->ses-03,ok
eegnet,4,sub-014,ses-01,ses-03,ses-01->ses-03,ok
deepconvnet,0,sub-014,ses-01,ses-03,ses-01->ses-03,ok
deepconvnet,1,sub-014,ses-01,ses-03,ses-01->ses-03,ok
deepconvnet,2,sub-014,ses-01,ses-03,ses-01->ses-03,ok
deepconvnet,3,sub-014,ses-01,ses-03,ses-01->ses-03,ok
deepconvnet,4,sub-014,ses-01,ses-03,ses-01->ses-03,ok
fbcnet,0,sub-014,ses-01,ses-03,ses-01->ses-03,ok
fbcnet,1,sub-014,ses-01,ses-03,ses-01->ses-03,ok
fbcnet,2,sub-014,ses-01,ses-03,ses-01->ses-03,ok
fbcnet,3,sub-014,ses-01,ses-03,ses-01->ses-03,ok
fbcnet,4,sub-014,ses-01,ses-03,ses-01->ses-03,ok
eegnet,0,sub-014,ses-01,ses-04,ses-01->ses-04,ok
eegnet,1,sub-014,ses-01,ses-04,ses-01->ses-04,ok
eegnet,2,sub-014,ses-01,ses-04,ses-01->ses-04,ok
eegnet,3,sub-014,ses-01,ses-04,ses-01->ses-04,ok
eegnet,4,sub-014,ses-01,ses-04,ses-01->ses-04,ok
deepconvnet,0,sub-014,ses-01,ses-04,ses-01->ses-04,ok
deepconvnet,1,sub-014,ses-01,ses-04,ses-01->ses-04,ok
deepconvnet,2,sub-014,ses-01,ses-04,ses-01->ses-04,ok
deepconvnet,3,sub-014,ses-01,ses-04,ses-01->ses-04,ok
deepconvnet,4,sub-014,ses-01,ses-04,ses-01->ses-04,ok
fbcnet,0,sub-014,ses-01,ses-04,ses-01->ses-04,ok
fbcnet,1,sub-014,ses-01,ses-04,ses-01->ses-04,ok
fbcnet,2,sub-014,ses-01,ses-04,ses-01->ses-04,ok
fbcnet,3,sub-014,ses-01,ses-04,ses-01->ses-04,ok
fbcnet,4,sub-014,ses-01,ses-04,ses-01->ses-04,ok
eegnet,0,sub-014,ses-01,ses-05,ses-01->ses-05,ok
eegnet,1,sub-014,ses-01,ses-05,ses-01->ses-05,ok
eegnet,2,sub-014,ses-01,ses-05,ses-01->ses-05,ok
eegnet,3,sub-014,ses-01,ses-05,ses-01->ses-05,ok
eegnet,4,sub-014,ses-01,ses-05,ses-01->ses-05,ok
deepconvnet,0,sub-014,ses-01,ses-05,ses-01->ses-05,ok
deepconvnet,1,sub-014,ses-01,ses-05,ses-01->ses-05,ok
deepconvnet,2,sub-014,ses-01,ses-05,ses-01->ses-05,ok
deepconvnet,3,sub-014,ses-01,ses-05,ses-01->ses-05,ok
deepconvnet,4,sub-014,ses-01,ses-05,ses-01->ses-05,ok
fbcnet,0,sub-014,ses-01,ses-05,ses-01->ses-05,ok
fbcnet,1,sub-014,ses-01,ses-05,ses-01->ses-05,ok
fbcnet,2,sub-014,ses-01,ses-05,ses-01->ses-05,ok
fbcnet,3,sub-014,ses-01,ses-05,ses-01->ses-05,ok
fbcnet,4,sub-014,ses-01,ses-05,ses-01->ses-05,ok
eegnet,0,sub-014,ses-02,ses-01,ses-02->ses-01,ok
eegnet,1,sub-014,ses-02,ses-01,ses-02->ses-01,ok
eegnet,2,sub-014,ses-02,ses-01,ses-02->ses-01,ok
eegnet,3,sub-014,ses-02,ses-01,ses-02->ses-01,ok
eegnet,4,sub-014,ses-02,ses-01,ses-02->ses-01,ok
deepconvnet,0,sub-014,ses-02,ses-01,ses-02->ses-01,ok
deepconvnet,1,sub-014,ses-02,ses-01,ses-02->ses-01,ok
deepconvnet,2,sub-014,ses-02,ses-01,ses-02->ses-01,ok
deepconvnet,3,sub-014,ses-02,ses-01,ses-02->ses-01,ok
deepconvnet,4,sub-014,ses-02,ses-01,ses-02->ses-01,ok
fbcnet,0,sub-014,ses-02,ses-01,ses-02->ses-01,ok
fbcnet,1,sub-014,ses-02,ses-01,ses-02->ses-01,ok
fbcnet,2,sub-014,ses-02,ses-01,ses-02->ses-01,ok
fbcnet,3,sub-014,ses-02,ses-01,ses-02->ses-01,ok
fbcnet,4,sub-014,ses-02,ses-01,ses-02->ses-01,ok
eegnet,0,sub-014,ses-02,ses-03,ses-02->ses-03,ok
eegnet,1,sub-014,ses-02,ses-03,ses-02->ses-03,ok
eegnet,2,sub-014,ses-02,ses-03,ses-02->ses-03,ok
eegnet,3,sub-014,ses-02,ses-03,ses-02->ses-03,ok
eegnet,4,sub-014,ses-02,ses-03,ses-02->ses-03,ok
deepconvnet,0,sub-014,ses-02,ses-03,ses-02->ses-03,ok
deepconvnet,1,sub-014,ses-02,ses-03,ses-02->ses-03,ok
deepconvnet,2,sub-014,ses-02,ses-03,ses-02->ses-03,ok
deepconvnet,3,sub-014,ses-02,ses-03,ses-02->ses-03,ok
deepconvnet,4,sub-014,ses-02,ses-03,ses-02->ses-03,ok
fbcnet,0,sub-014,ses-02,ses-03,ses-02->ses-03,ok
fbcnet,1,sub-014,ses-02,ses-03,ses-02->ses-03,ok
fbcnet,2,sub-014,ses-02,ses-03,ses-02->ses-03,ok
fbcnet,3,sub-014,ses-02,ses-03,ses-02->ses-03,ok
fbcnet,4,sub-014,ses-02,ses-03,ses-02->ses-03,ok
eegnet,0,sub-014,ses-02,ses-04,ses-02->ses-04,ok
eegnet,1,sub-014,ses-02,ses-04,ses-02->ses-04,ok
eegnet,2,sub-014,ses-02,ses-04,ses-02->ses-04,ok
eegnet,3,sub-014,ses-02,ses-04,ses-02->ses-04,ok
eegnet,4,sub-014,ses-02,ses-04,ses-02->ses-04,ok
deepconvnet,0,sub-014,ses-02,ses-04,ses-02->ses-04,ok
deepconvnet,1,sub-014,ses-02,ses-04,ses-02->ses-04,ok
deepconvnet,2,sub-014,ses-02,ses-04,ses-02->ses-04,ok
deepconvnet,3,sub-014,ses-02,ses-04,ses-02->ses-04,ok
deepconvnet,4,sub-014,ses-02,ses-04,ses-02->ses-04,ok
fbcnet,0,sub-014,ses-02,ses-04,ses-02->ses-04,ok
fbcnet,1,sub-014,ses-02,ses-04,ses-02->ses-04,ok
fbcnet,2,sub-014,ses-02,ses-04,ses-02->ses-04,ok
fbcnet,3,sub-014,ses-02,ses-04,ses-02->ses-04,ok
fbcnet,4,sub-014,ses-02,ses-04,ses-02->ses-04,ok
eegnet,0,sub-014,ses-02,ses-05,ses-02->ses-05,ok
eegnet,1,sub-014,ses-02,ses-05,ses-02->ses-05,ok
eegnet,2,sub-014,ses-02,ses-05,ses-02->ses-05,ok
eegnet,3,sub-014,ses-02,ses-05,ses-02->ses-05,ok
eegnet,4,sub-014,ses-02,ses-05,ses-02->ses-05,ok
deepconvnet,0,sub-014,ses-02,ses-05,ses-02->ses-05,ok
deepconvnet,1,sub-014,ses-02,ses-05,ses-02->ses-05,ok
deepconvnet,2,sub-014,ses-02,ses-05,ses-02->ses-05,ok
deepconvnet,3,sub-014,ses-02,ses-05,ses-02->ses-05,ok
deepconvnet,4,sub-014,ses-02,ses-05,ses-02->ses-05,ok
fbcnet,0,sub-014,ses-02,ses-05,ses-02->ses-05,ok
fbcnet,1,sub-014,ses-02,ses-05,ses-02->ses-05,ok
fbcnet,2,sub-014,ses-02,ses-05,ses-02->ses-05,ok
fbcnet,3,sub-014,ses-02,ses-05,ses-02->ses-05,ok
fbcnet,4,sub-014,ses-02,ses-05,ses-02->ses-05,ok
eegnet,0,sub-014,ses-03,ses-01,ses-03->ses-01,ok
eegnet,1,sub-014,ses-03,ses-01,ses-03->ses-01,ok
eegnet,2,sub-014,ses-03,ses-01,ses-03->ses-01,ok
eegnet,3,sub-014,ses-03,ses-01,ses-03->ses-01,ok
eegnet,4,sub-014,ses-03,ses-01,ses-03->ses-01,ok
deepconvnet,0,sub-014,ses-03,ses-01,ses-03->ses-01,ok
deepconvnet,1,sub-014,ses-03,ses-01,ses-03->ses-01,ok
deepconvnet,2,sub-014,ses-03,ses-01,ses-03->ses-01,ok
deepconvnet,3,sub-014,ses-03,ses-01,ses-03->ses-01,ok
deepconvnet,4,sub-014,ses-03,ses-01,ses-03->ses-01,ok
fbcnet,0,sub-014,ses-03,ses-01,ses-03->ses-01,ok
fbcnet,1,sub-014,ses-03,ses-01,ses-03->ses-01,ok
fbcnet,2,sub-014,ses-03,ses-01,ses-03->ses-01,ok
fbcnet,3,sub-014,ses-03,ses-01,ses-03->ses-01,ok
fbcnet,4,sub-014,ses-03,ses-01,ses-03->ses-01,ok
eegnet,0,sub-014,ses-03,ses-02,ses-03->ses-02,ok
eegnet,1,sub-014,ses-03,ses-02,ses-03->ses-02,ok
eegnet,2,sub-014,ses-03,ses-02,ses-03->ses-02,ok
eegnet,3,sub-014,ses-03,ses-02,ses-03->ses-02,ok
eegnet,4,sub-014,ses-03,ses-02,ses-03->ses-02,ok
deepconvnet,0,sub-014,ses-03,ses-02,ses-03->ses-02,ok
deepconvnet,1,sub-014,ses-03,ses-02,ses-03->ses-02,ok
deepconvnet,2,sub-014,ses-03,ses-02,ses-03->ses-02,ok
deepconvnet,3,sub-014,ses-03,ses-02,ses-03->ses-02,ok
deepconvnet,4,sub-014,ses-03,ses-02,ses-03->ses-02,ok
fbcnet,0,sub-014,ses-03,ses-02,ses-03->ses-02,ok
fbcnet,1,sub-014,ses-03,ses-02,ses-03->ses-02,ok
fbcnet,2,sub-014,ses-03,ses-02,ses-03->ses-02,ok
fbcnet,3,sub-014,ses-03,ses-02,ses-03->ses-02,ok
fbcnet,4,sub-014,ses-03,ses-02,ses-03->ses-02,ok
eegnet,0,sub-014,ses-03,ses-04,ses-03->ses-04,ok
eegnet,1,sub-014,ses-03,ses-04,ses-03->ses-04,ok
eegnet,2,sub-014,ses-03,ses-04,ses-03->ses-04,ok
eegnet,3,sub-014,ses-03,ses-04,ses-03->ses-04,ok
eegnet,4,sub-014,ses-03,ses-04,ses-03->ses-04,ok
deepconvnet,0,sub-014,ses-03,ses-04,ses-03->ses-04,ok
deepconvnet,1,sub-014,ses-03,ses-04,ses-03->ses-04,ok
deepconvnet,2,sub-014,ses-03,ses-04,ses-03->ses-04,ok
deepconvnet,3,sub-014,ses-03,ses-04,ses-03->ses-04,ok
deepconvnet,4,sub-014,ses-03,ses-04,ses-03->ses-04,ok
fbcnet,0,sub-014,ses-03,ses-04,ses-03->ses-04,ok
fbcnet,1,sub-014,ses-03,ses-04,ses-03->ses-04,ok
fbcnet,2,sub-014,ses-03,ses-04,ses-03->ses-04,ok
fbcnet,3,sub-014,ses-03,ses-04,ses-03->ses-04,ok
fbcnet,4,sub-014,ses-03,ses-04,ses-03->ses-04,ok
eegnet,0,sub-014,ses-03,ses-05,ses-03->ses-05,ok
eegnet,1,sub-014,ses-03,ses-05,ses-03->ses-05,ok
eegnet,2,sub-014,ses-03,ses-05,ses-03->ses-05,ok
eegnet,3,sub-014,ses-03,ses-05,ses-03->ses-05,ok
eegnet,4,sub-014,ses-03,ses-05,ses-03->ses-05,ok
deepconvnet,0,sub-014,ses-03,ses-05,ses-03->ses-05,ok
deepconvnet,1,sub-014,ses-03,ses-05,ses-03->ses-05,ok
deepconvnet,2,sub-014,ses-03,ses-05,ses-03->ses-05,ok
deepconvnet,3,sub-014,ses-03,ses-05,ses-03->ses-05,ok
deepconvnet,4,sub-014,ses-03,ses-05,ses-03->ses-05,ok
fbcnet,0,sub-014,ses-03,ses-05,ses-03->ses-05,ok
fbcnet,1,sub-014,ses-03,ses-05,ses-03->ses-05,ok
fbcnet,2,sub-014,ses-03,ses-05,ses-03->ses-05,ok
fbcnet,3,sub-014,ses-03,ses-05,ses-03->ses-05,ok
fbcnet,4,sub-014,ses-03,ses-05,ses-03->ses-05,ok
eegnet,0,sub-014,ses-04,ses-01,ses-04->ses-01,ok
eegnet,1,sub-014,ses-04,ses-01,ses-04->ses-01,ok
eegnet,2,sub-014,ses-04,ses-01,ses-04->ses-01,ok
eegnet,3,sub-014,ses-04,ses-01,ses-04->ses-01,ok
eegnet,4,sub-014,ses-04,ses-01,ses-04->ses-01,ok
deepconvnet,0,sub-014,ses-04,ses-01,ses-04->ses-01,ok
deepconvnet,1,sub-014,ses-04,ses-01,ses-04->ses-01,ok
deepconvnet,2,sub-014,ses-04,ses-01,ses-04->ses-01,ok
deepconvnet,3,sub-014,ses-04,ses-01,ses-04->ses-01,ok
deepconvnet,4,sub-014,ses-04,ses-01,ses-04->ses-01,ok
fbcnet,0,sub-014,ses-04,ses-01,ses-04->ses-01,ok
fbcnet,1,sub-014,ses-04,ses-01,ses-04->ses-01,ok
fbcnet,2,sub-014,ses-04,ses-01,ses-04->ses-01,ok
fbcnet,3,sub-014,ses-04,ses-01,ses-04->ses-01,ok
fbcnet,4,sub-014,ses-04,ses-01,ses-04->ses-01,ok
eegnet,0,sub-014,ses-04,ses-02,ses-04->ses-02,ok
eegnet,1,sub-014,ses-04,ses-02,ses-04->ses-02,ok
eegnet,2,sub-014,ses-04,ses-02,ses-04->ses-02,ok
eegnet,3,sub-014,ses-04,ses-02,ses-04->ses-02,ok
eegnet,4,sub-014,ses-04,ses-02,ses-04->ses-02,ok
deepconvnet,0,sub-014,ses-04,ses-02,ses-04->ses-02,ok
deepconvnet,1,sub-014,ses-04,ses-02,ses-04->ses-02,ok
deepconvnet,2,sub-014,ses-04,ses-02,ses-04->ses-02,ok
deepconvnet,3,sub-014,ses-04,ses-02,ses-04->ses-02,ok
deepconvnet,4,sub-014,ses-04,ses-02,ses-04->ses-02,ok
fbcnet,0,sub-014,ses-04,ses-02,ses-04->ses-02,ok
fbcnet,1,sub-014,ses-04,ses-02,ses-04->ses-02,ok
fbcnet,2,sub-014,ses-04,ses-02,ses-04->ses-02,ok
fbcnet,3,sub-014,ses-04,ses-02,ses-04->ses-02,ok
fbcnet,4,sub-014,ses-04,ses-02,ses-04->ses-02,ok
eegnet,0,sub-014,ses-04,ses-03,ses-04->ses-03,ok
eegnet,1,sub-014,ses-04,ses-03,ses-04->ses-03,ok
eegnet,2,sub-014,ses-04,ses-03,ses-04->ses-03,ok
eegnet,3,sub-014,ses-04,ses-03,ses-04->ses-03,ok
eegnet,4,sub-014,ses-04,ses-03,ses-04->ses-03,ok
deepconvnet,0,sub-014,ses-04,ses-03,ses-04->ses-03,ok
deepconvnet,1,sub-014,ses-04,ses-03,ses-04->ses-03,ok
deepconvnet,2,sub-014,ses-04,ses-03,ses-04->ses-03,ok
deepconvnet,3,sub-014,ses-04,ses-03,ses-04->ses-03,ok
deepconvnet,4,sub-014,ses-04,ses-03,ses-04->ses-03,ok
fbcnet,0,sub-014,ses-04,ses-03,ses-04->ses-03,ok
fbcnet,1,sub-014,ses-04,ses-03,ses-04->ses-03,ok
fbcnet,2,sub-014,ses-04,ses-03,ses-04->ses-03,ok
fbcnet,3,sub-014,ses-04,ses-03,ses-04->ses-03,ok
fbcnet,4,sub-014,ses-04,ses-03,ses-04->ses-03,ok
eegnet,0,sub-014,ses-04,ses-05,ses-04->ses-05,ok
eegnet,1,sub-014,ses-04,ses-05,ses-04->ses-05,ok
eegnet,2,sub-014,ses-04,ses-05,ses-04->ses-05,ok
eegnet,3,sub-014,ses-04,ses-05,ses-04->ses-05,ok
eegnet,4,sub-014,ses-04,ses-05,ses-04->ses-05,ok
deepconvnet,0,sub-014,ses-04,ses-05,ses-04->ses-05,ok
deepconvnet,1,sub-014,ses-04,ses-05,ses-04->ses-05,ok
deepconvnet,2,sub-014,ses-04,ses-05,ses-04->ses-05,ok
deepconvnet,3,sub-014,ses-04,ses-05,ses-04->ses-05,ok
deepconvnet,4,sub-014,ses-04,ses-05,ses-04->ses-05,ok
fbcnet,0,sub-014,ses-04,ses-05,ses-04->ses-05,ok
fbcnet,1,sub-014,ses-04,ses-05,ses-04->ses-05,ok
fbcnet,2,sub-014,ses-04,ses-05,ses-04->ses-05,ok
fbcnet,3,sub-014,ses-04,ses-05,ses-04->ses-05,ok
fbcnet,4,sub-014,ses-04,ses-05,ses-04->ses-05,ok
eegnet,0,sub-014,ses-05,ses-01,ses-05->ses-01,ok
eegnet,1,sub-014,ses-05,ses-01,ses-05->ses-01,ok
eegnet,2,sub-014,ses-05,ses-01,ses-05->ses-01,ok
eegnet,3,sub-014,ses-05,ses-01,ses-05->ses-01,ok
eegnet,4,sub-014,ses-05,ses-01,ses-05->ses-01,ok
deepconvnet,0,sub-014,ses-05,ses-01,ses-05->ses-01,ok
deepconvnet,1,sub-014,ses-05,ses-01,ses-05->ses-01,ok
deepconvnet,2,sub-014,ses-05,ses-01,ses-05->ses-01,ok
deepconvnet,3,sub-014,ses-05,ses-01,ses-05->ses-01,ok
deepconvnet,4,sub-014,ses-05,ses-01,ses-05->ses-01,ok
fbcnet,0,sub-014,ses-05,ses-01,ses-05->ses-01,ok
fbcnet,1,sub-014,ses-05,ses-01,ses-05->ses-01,ok
fbcnet,2,sub-014,ses-05,ses-01,ses-05->ses-01,ok
fbcnet,3,sub-014,ses-05,ses-01,ses-05->ses-01,ok
fbcnet,4,sub-014,ses-05,ses-01,ses-05->ses-01,ok
eegnet,0,sub-014,ses-05,ses-02,ses-05->ses-02,ok
eegnet,1,sub-014,ses-05,ses-02,ses-05->ses-02,ok
eegnet,2,sub-014,ses-05,ses-02,ses-05->ses-02,ok
eegnet,3,sub-014,ses-05,ses-02,ses-05->ses-02,ok
eegnet,4,sub-014,ses-05,ses-02,ses-05->ses-02,ok
deepconvnet,0,sub-014,ses-05,ses-02,ses-05->ses-02,ok
deepconvnet,1,sub-014,ses-05,ses-02,ses-05->ses-02,ok
deepconvnet,2,sub-014,ses-05,ses-02,ses-05->ses-02,ok
deepconvnet,3,sub-014,ses-05,ses-02,ses-05->ses-02,ok
deepconvnet,4,sub-014,ses-05,ses-02,ses-05->ses-02,ok
fbcnet,0,sub-014,ses-05,ses-02,ses-05->ses-02,ok
fbcnet,1,sub-014,ses-05,ses-02,ses-05->ses-02,ok
fbcnet,2,sub-014,ses-05,ses-02,ses-05->ses-02,ok
fbcnet,3,sub-014,ses-05,ses-02,ses-05->ses-02,ok
fbcnet,4,sub-014,ses-05,ses-02,ses-05->ses-02,ok
eegnet,0,sub-014,ses-05,ses-03,ses-05->ses-03,ok
eegnet,1,sub-014,ses-05,ses-03,ses-05->ses-03,ok
eegnet,2,sub-014,ses-05,ses-03,ses-05->ses-03,ok
eegnet,3,sub-014,ses-05,ses-03,ses-05->ses-03,ok
eegnet,4,sub-014,ses-05,ses-03,ses-05->ses-03,ok
deepconvnet,0,sub-014,ses-05,ses-03,ses-05->ses-03,ok
deepconvnet,1,sub-014,ses-05,ses-03,ses-05->ses-03,ok
deepconvnet,2,sub-014,ses-05,ses-03,ses-05->ses-03,ok
deepconvnet,3,sub-014,ses-05,ses-03,ses-05->ses-03,ok
deepconvnet,4,sub-014,ses-05,ses-03,ses-05->ses-03,ok
fbcnet,0,sub-014,ses-05,ses-03,ses-05->ses-03,ok
fbcnet,1,sub-014,ses-05,ses-03,ses-05->ses-03,ok
fbcnet,2,sub-014,ses-05,ses-03,ses-05->ses-03,ok
fbcnet,3,sub-014,ses-05,ses-03,ses-05->ses-03,ok
fbcnet,4,sub-014,ses-05,ses-03,ses-05->ses-03,ok
eegnet,0,sub-014,ses-05,ses-04,ses-05->ses-04,ok
eegnet,1,sub-014,ses-05,ses-04,ses-05->ses-04,ok
eegnet,2,sub-014,ses-05,ses-04,ses-05->ses-04,ok
eegnet,3,sub-014,ses-05,ses-04,ses-05->ses-04,ok
eegnet,4,sub-014,ses-05,ses-04,ses-05->ses-04,ok
deepconvnet,0,sub-014,ses-05,ses-04,ses-05->ses-04,ok
deepconvnet,1,sub-014,ses-05,ses-04,ses-05->ses-04,ok
deepconvnet,2,sub-014,ses-05,ses-04,ses-05->ses-04,ok
deepconvnet,3,sub-014,ses-05,ses-04,ses-05->ses-04,ok
deepconvnet,4,sub-014,ses-05,ses-04,ses-05->ses-04,ok
fbcnet,0,sub-014,ses-05,ses-04,ses-05->ses-04,ok
fbcnet,1,sub-014,ses-05,ses-04,ses-05->ses-04,ok
fbcnet,2,sub-014,ses-05,ses-04,ses-05->ses-04,ok
fbcnet,3,sub-014,ses-05,ses-04,ses-05->ses-04,ok
fbcnet,4,sub-014,ses-05,ses-04,ses-05->ses-04,ok
eegnet,0,sub-015,ses-01,ses-02,ses-01->ses-02,ok
eegnet,1,sub-015,ses-01,ses-02,ses-01->ses-02,ok
eegnet,2,sub-015,ses-01,ses-02,ses-01->ses-02,ok
eegnet,3,sub-015,ses-01,ses-02,ses-01->ses-02,ok
eegnet,4,sub-015,ses-01,ses-02,ses-01->ses-02,ok
deepconvnet,0,sub-015,ses-01,ses-02,ses-01->ses-02,ok
deepconvnet,1,sub-015,ses-01,ses-02,ses-01->ses-02,ok
deepconvnet,2,sub-015,ses-01,ses-02,ses-01->ses-02,ok
deepconvnet,3,sub-015,ses-01,ses-02,ses-01->ses-02,ok
deepconvnet,4,sub-015,ses-01,ses-02,ses-01->ses-02,ok
fbcnet,0,sub-015,ses-01,ses-02,ses-01->ses-02,ok
fbcnet,1,sub-015,ses-01,ses-02,ses-01->ses-02,ok
fbcnet,2,sub-015,ses-01,ses-02,ses-01->ses-02,ok
fbcnet,3,sub-015,ses-01,ses-02,ses-01->ses-02,ok
fbcnet,4,sub-015,ses-01,ses-02,ses-01->ses-02,ok
eegnet,0,sub-015,ses-01,ses-03,ses-01->ses-03,ok
eegnet,1,sub-015,ses-01,ses-03,ses-01->ses-03,ok
eegnet,2,sub-015,ses-01,ses-03,ses-01->ses-03,ok
eegnet,3,sub-015,ses-01,ses-03,ses-01->ses-03,ok
eegnet,4,sub-015,ses-01,ses-03,ses-01->ses-03,ok
deepconvnet,0,sub-015,ses-01,ses-03,ses-01->ses-03,ok
deepconvnet,1,sub-015,ses-01,ses-03,ses-01->ses-03,ok
deepconvnet,2,sub-015,ses-01,ses-03,ses-01->ses-03,ok
deepconvnet,3,sub-015,ses-01,ses-03,ses-01->ses-03,ok
deepconvnet,4,sub-015,ses-01,ses-03,ses-01->ses-03,ok
fbcnet,0,sub-015,ses-01,ses-03,ses-01->ses-03,ok
fbcnet,1,sub-015,ses-01,ses-03,ses-01->ses-03,ok
fbcnet,2,sub-015,ses-01,ses-03,ses-01->ses-03,ok
fbcnet,3,sub-015,ses-01,ses-03,ses-01->ses-03,ok
fbcnet,4,sub-015,ses-01,ses-03,ses-01->ses-03,ok
eegnet,0,sub-015,ses-01,ses-04,ses-01->ses-04,ok
eegnet,1,sub-015,ses-01,ses-04,ses-01->ses-04,ok
eegnet,2,sub-015,ses-01,ses-04,ses-01->ses-04,ok
eegnet,3,sub-015,ses-01,ses-04,ses-01->ses-04,ok
eegnet,4,sub-015,ses-01,ses-04,ses-01->ses-04,ok
deepconvnet,0,sub-015,ses-01,ses-04,ses-01->ses-04,ok
deepconvnet,1,sub-015,ses-01,ses-04,ses-01->ses-04,ok
deepconvnet,2,sub-015,ses-01,ses-04,ses-01->ses-04,ok
deepconvnet,3,sub-015,ses-01,ses-04,ses-01->ses-04,ok
deepconvnet,4,sub-015,ses-01,ses-04,ses-01->ses-04,ok
fbcnet,0,sub-015,ses-01,ses-04,ses-01->ses-04,ok
fbcnet,1,sub-015,ses-01,ses-04,ses-01->ses-04,ok
fbcnet,2,sub-015,ses-01,ses-04,ses-01->ses-04,ok
fbcnet,3,sub-015,ses-01,ses-04,ses-01->ses-04,ok
fbcnet,4,sub-015,ses-01,ses-04,ses-01->ses-04,ok
eegnet,0,sub-015,ses-01,ses-05,ses-01->ses-05,ok
eegnet,1,sub-015,ses-01,ses-05,ses-01->ses-05,ok
eegnet,2,sub-015,ses-01,ses-05,ses-01->ses-05,ok
eegnet,3,sub-015,ses-01,ses-05,ses-01->ses-05,ok
eegnet,4,sub-015,ses-01,ses-05,ses-01->ses-05,ok
deepconvnet,0,sub-015,ses-01,ses-05,ses-01->ses-05,ok
deepconvnet,1,sub-015,ses-01,ses-05,ses-01->ses-05,ok
deepconvnet,2,sub-015,ses-01,ses-05,ses-01->ses-05,ok
deepconvnet,3,sub-015,ses-01,ses-05,ses-01->ses-05,ok
deepconvnet,4,sub-015,ses-01,ses-05,ses-01->ses-05,ok
fbcnet,0,sub-015,ses-01,ses-05,ses-01->ses-05,ok
fbcnet,1,sub-015,ses-01,ses-05,ses-01->ses-05,ok
fbcnet,2,sub-015,ses-01,ses-05,ses-01->ses-05,ok
fbcnet,3,sub-015,ses-01,ses-05,ses-01->ses-05,ok
fbcnet,4,sub-015,ses-01,ses-05,ses-01->ses-05,ok
eegnet,0,sub-015,ses-02,ses-01,ses-02->ses-01,ok
eegnet,1,sub-015,ses-02,ses-01,ses-02->ses-01,ok
eegnet,2,sub-015,ses-02,ses-01,ses-02->ses-01,ok
eegnet,3,sub-015,ses-02,ses-01,ses-02->ses-01,ok
eegnet,4,sub-015,ses-02,ses-01,ses-02->ses-01,ok
deepconvnet,0,sub-015,ses-02,ses-01,ses-02->ses-01,ok
deepconvnet,1,sub-015,ses-02,ses-01,ses-02->ses-01,ok
deepconvnet,2,sub-015,ses-02,ses-01,ses-02->ses-01,ok
deepconvnet,3,sub-015,ses-02,ses-01,ses-02->ses-01,ok
deepconvnet,4,sub-015,ses-02,ses-01,ses-02->ses-01,ok
fbcnet,0,sub-015,ses-02,ses-01,ses-02->ses-01,ok
fbcnet,1,sub-015,ses-02,ses-01,ses-02->ses-01,ok
fbcnet,2,sub-015,ses-02,ses-01,ses-02->ses-01,ok
fbcnet,3,sub-015,ses-02,ses-01,ses-02->ses-01,ok
fbcnet,4,sub-015,ses-02,ses-01,ses-02->ses-01,ok
eegnet,0,sub-015,ses-02,ses-03,ses-02->ses-03,ok
eegnet,1,sub-015,ses-02,ses-03,ses-02->ses-03,ok
eegnet,2,sub-015,ses-02,ses-03,ses-02->ses-03,ok
eegnet,3,sub-015,ses-02,ses-03,ses-02->ses-03,ok
eegnet,4,sub-015,ses-02,ses-03,ses-02->ses-03,ok
deepconvnet,0,sub-015,ses-02,ses-03,ses-02->ses-03,ok
deepconvnet,1,sub-015,ses-02,ses-03,ses-02->ses-03,ok
deepconvnet,2,sub-015,ses-02,ses-03,ses-02->ses-03,ok
deepconvnet,3,sub-015,ses-02,ses-03,ses-02->ses-03,ok
deepconvnet,4,sub-015,ses-02,ses-03,ses-02->ses-03,ok
fbcnet,0,sub-015,ses-02,ses-03,ses-02->ses-03,ok
fbcnet,1,sub-015,ses-02,ses-03,ses-02->ses-03,ok
fbcnet,2,sub-015,ses-02,ses-03,ses-02->ses-03,ok
fbcnet,3,sub-015,ses-02,ses-03,ses-02->ses-03,ok
fbcnet,4,sub-015,ses-02,ses-03,ses-02->ses-03,ok
eegnet,0,sub-015,ses-02,ses-04,ses-02->ses-04,ok
eegnet,1,sub-015,ses-02,ses-04,ses-02->ses-04,ok
eegnet,2,sub-015,ses-02,ses-04,ses-02->ses-04,ok
eegnet,3,sub-015,ses-02,ses-04,ses-02->ses-04,ok
eegnet,4,sub-015,ses-02,ses-04,ses-02->ses-04,ok
deepconvnet,0,sub-015,ses-02,ses-04,ses-02->ses-04,ok
deepconvnet,1,sub-015,ses-02,ses-04,ses-02->ses-04,ok
deepconvnet,2,sub-015,ses-02,ses-04,ses-02->ses-04,ok
deepconvnet,3,sub-015,ses-02,ses-04,ses-02->ses-04,ok
deepconvnet,4,sub-015,ses-02,ses-04,ses-02->ses-04,ok
fbcnet,0,sub-015,ses-02,ses-04,ses-02->ses-04,ok
fbcnet,1,sub-015,ses-02,ses-04,ses-02->ses-04,ok
fbcnet,2,sub-015,ses-02,ses-04,ses-02->ses-04,ok
fbcnet,3,sub-015,ses-02,ses-04,ses-02->ses-04,ok
fbcnet,4,sub-015,ses-02,ses-04,ses-02->ses-04,ok
eegnet,0,sub-015,ses-02,ses-05,ses-02->ses-05,ok
eegnet,1,sub-015,ses-02,ses-05,ses-02->ses-05,ok
eegnet,2,sub-015,ses-02,ses-05,ses-02->ses-05,ok
eegnet,3,sub-015,ses-02,ses-05,ses-02->ses-05,ok
eegnet,4,sub-015,ses-02,ses-05,ses-02->ses-05,ok
deepconvnet,0,sub-015,ses-02,ses-05,ses-02->ses-05,ok
deepconvnet,1,sub-015,ses-02,ses-05,ses-02->ses-05,ok
deepconvnet,2,sub-015,ses-02,ses-05,ses-02->ses-05,ok
deepconvnet,3,sub-015,ses-02,ses-05,ses-02->ses-05,ok
deepconvnet,4,sub-015,ses-02,ses-05,ses-02->ses-05,ok
fbcnet,0,sub-015,ses-02,ses-05,ses-02->ses-05,ok
fbcnet,1,sub-015,ses-02,ses-05,ses-02->ses-05,ok
fbcnet,2,sub-015,ses-02,ses-05,ses-02->ses-05,ok
fbcnet,3,sub-015,ses-02,ses-05,ses-02->ses-05,ok
fbcnet,4,sub-015,ses-02,ses-05,ses-02->ses-05,ok
eegnet,0,sub-015,ses-03,ses-01,ses-03->ses-01,ok
eegnet,1,sub-015,ses-03,ses-01,ses-03->ses-01,ok
eegnet,2,sub-015,ses-03,ses-01,ses-03->ses-01,ok
eegnet,3,sub-015,ses-03,ses-01,ses-03->ses-01,ok
eegnet,4,sub-015,ses-03,ses-01,ses-03->ses-01,ok
deepconvnet,0,sub-015,ses-03,ses-01,ses-03->ses-01,ok
deepconvnet,1,sub-015,ses-03,ses-01,ses-03->ses-01,ok
deepconvnet,2,sub-015,ses-03,ses-01,ses-03->ses-01,ok
deepconvnet,3,sub-015,ses-03,ses-01,ses-03->ses-01,ok
deepconvnet,4,sub-015,ses-03,ses-01,ses-03->ses-01,ok
fbcnet,0,sub-015,ses-03,ses-01,ses-03->ses-01,ok
fbcnet,1,sub-015,ses-03,ses-01,ses-03->ses-01,ok
fbcnet,2,sub-015,ses-03,ses-01,ses-03->ses-01,ok
fbcnet,3,sub-015,ses-03,ses-01,ses-03->ses-01,ok
fbcnet,4,sub-015,ses-03,ses-01,ses-03->ses-01,ok
eegnet,0,sub-015,ses-03,ses-02,ses-03->ses-02,ok
eegnet,1,sub-015,ses-03,ses-02,ses-03->ses-02,ok
eegnet,2,sub-015,ses-03,ses-02,ses-03->ses-02,ok
eegnet,3,sub-015,ses-03,ses-02,ses-03->ses-02,ok
eegnet,4,sub-015,ses-03,ses-02,ses-03->ses-02,ok
deepconvnet,0,sub-015,ses-03,ses-02,ses-03->ses-02,ok
deepconvnet,1,sub-015,ses-03,ses-02,ses-03->ses-02,ok
deepconvnet,2,sub-015,ses-03,ses-02,ses-03->ses-02,ok
deepconvnet,3,sub-015,ses-03,ses-02,ses-03->ses-02,ok
deepconvnet,4,sub-015,ses-03,ses-02,ses-03->ses-02,ok
fbcnet,0,sub-015,ses-03,ses-02,ses-03->ses-02,ok
fbcnet,1,sub-015,ses-03,ses-02,ses-03->ses-02,ok
fbcnet,2,sub-015,ses-03,ses-02,ses-03->ses-02,ok
fbcnet,3,sub-015,ses-03,ses-02,ses-03->ses-02,ok
fbcnet,4,sub-015,ses-03,ses-02,ses-03->ses-02,ok
eegnet,0,sub-015,ses-03,ses-04,ses-03->ses-04,ok
eegnet,1,sub-015,ses-03,ses-04,ses-03->ses-04,ok
eegnet,2,sub-015,ses-03,ses-04,ses-03->ses-04,ok
eegnet,3,sub-015,ses-03,ses-04,ses-03->ses-04,ok
eegnet,4,sub-015,ses-03,ses-04,ses-03->ses-04,ok
deepconvnet,0,sub-015,ses-03,ses-04,ses-03->ses-04,ok
deepconvnet,1,sub-015,ses-03,ses-04,ses-03->ses-04,ok
deepconvnet,2,sub-015,ses-03,ses-04,ses-03->ses-04,ok
deepconvnet,3,sub-015,ses-03,ses-04,ses-03->ses-04,ok
deepconvnet,4,sub-015,ses-03,ses-04,ses-03->ses-04,ok
fbcnet,0,sub-015,ses-03,ses-04,ses-03->ses-04,ok
fbcnet,1,sub-015,ses-03,ses-04,ses-03->ses-04,ok
fbcnet,2,sub-015,ses-03,ses-04,ses-03->ses-04,ok
fbcnet,3,sub-015,ses-03,ses-04,ses-03->ses-04,ok
fbcnet,4,sub-015,ses-03,ses-04,ses-03->ses-04,ok
eegnet,0,sub-015,ses-03,ses-05,ses-03->ses-05,ok
eegnet,1,sub-015,ses-03,ses-05,ses-03->ses-05,ok
eegnet,2,sub-015,ses-03,ses-05,ses-03->ses-05,ok
eegnet,3,sub-015,ses-03,ses-05,ses-03->ses-05,ok
eegnet,4,sub-015,ses-03,ses-05,ses-03->ses-05,ok
deepconvnet,0,sub-015,ses-03,ses-05,ses-03->ses-05,ok
deepconvnet,1,sub-015,ses-03,ses-05,ses-03->ses-05,ok
deepconvnet,2,sub-015,ses-03,ses-05,ses-03->ses-05,ok
deepconvnet,3,sub-015,ses-03,ses-05,ses-03->ses-05,ok
deepconvnet,4,sub-015,ses-03,ses-05,ses-03->ses-05,ok
fbcnet,0,sub-015,ses-03,ses-05,ses-03->ses-05,ok
fbcnet,1,sub-015,ses-03,ses-05,ses-03->ses-05,ok
fbcnet,2,sub-015,ses-03,ses-05,ses-03->ses-05,ok
fbcnet,3,sub-015,ses-03,ses-05,ses-03->ses-05,ok
fbcnet,4,sub-015,ses-03,ses-05,ses-03->ses-05,ok
eegnet,0,sub-015,ses-04,ses-01,ses-04->ses-01,ok
eegnet,1,sub-015,ses-04,ses-01,ses-04->ses-01,ok
eegnet,2,sub-015,ses-04,ses-01,ses-04->ses-01,ok
eegnet,3,sub-015,ses-04,ses-01,ses-04->ses-01,ok
eegnet,4,sub-015,ses-04,ses-01,ses-04->ses-01,ok
deepconvnet,0,sub-015,ses-04,ses-01,ses-04->ses-01,ok
deepconvnet,1,sub-015,ses-04,ses-01,ses-04->ses-01,ok
deepconvnet,2,sub-015,ses-04,ses-01,ses-04->ses-01,ok
deepconvnet,3,sub-015,ses-04,ses-01,ses-04->ses-01,ok
deepconvnet,4,sub-015,ses-04,ses-01,ses-04->ses-01,ok
fbcnet,0,sub-015,ses-04,ses-01,ses-04->ses-01,ok
fbcnet,1,sub-015,ses-04,ses-01,ses-04->ses-01,ok
fbcnet,2,sub-015,ses-04,ses-01,ses-04->ses-01,ok
fbcnet,3,sub-015,ses-04,ses-01,ses-04->ses-01,ok
fbcnet,4,sub-015,ses-04,ses-01,ses-04->ses-01,ok
eegnet,0,sub-015,ses-04,ses-02,ses-04->ses-02,ok
eegnet,1,sub-015,ses-04,ses-02,ses-04->ses-02,ok
eegnet,2,sub-015,ses-04,ses-02,ses-04->ses-02,ok
eegnet,3,sub-015,ses-04,ses-02,ses-04->ses-02,ok
eegnet,4,sub-015,ses-04,ses-02,ses-04->ses-02,ok
deepconvnet,0,sub-015,ses-04,ses-02,ses-04->ses-02,ok
deepconvnet,1,sub-015,ses-04,ses-02,ses-04->ses-02,ok
deepconvnet,2,sub-015,ses-04,ses-02,ses-04->ses-02,ok
deepconvnet,3,sub-015,ses-04,ses-02,ses-04->ses-02,ok
deepconvnet,4,sub-015,ses-04,ses-02,ses-04->ses-02,ok
fbcnet,0,sub-015,ses-04,ses-02,ses-04->ses-02,ok
fbcnet,1,sub-015,ses-04,ses-02,ses-04->ses-02,ok
fbcnet,2,sub-015,ses-04,ses-02,ses-04->ses-02,ok
fbcnet,3,sub-015,ses-04,ses-02,ses-04->ses-02,ok
fbcnet,4,sub-015,ses-04,ses-02,ses-04->ses-02,ok
eegnet,0,sub-015,ses-04,ses-03,ses-04->ses-03,ok
eegnet,1,sub-015,ses-04,ses-03,ses-04->ses-03,ok
eegnet,2,sub-015,ses-04,ses-03,ses-04->ses-03,ok
eegnet,3,sub-015,ses-04,ses-03,ses-04->ses-03,ok
eegnet,4,sub-015,ses-04,ses-03,ses-04->ses-03,ok
deepconvnet,0,sub-015,ses-04,ses-03,ses-04->ses-03,ok
deepconvnet,1,sub-015,ses-04,ses-03,ses-04->ses-03,ok
deepconvnet,2,sub-015,ses-04,ses-03,ses-04->ses-03,ok
deepconvnet,3,sub-015,ses-04,ses-03,ses-04->ses-03,ok
deepconvnet,4,sub-015,ses-04,ses-03,ses-04->ses-03,ok
fbcnet,0,sub-015,ses-04,ses-03,ses-04->ses-03,ok
fbcnet,1,sub-015,ses-04,ses-03,ses-04->ses-03,ok
fbcnet,2,sub-015,ses-04,ses-03,ses-04->ses-03,ok
fbcnet,3,sub-015,ses-04,ses-03,ses-04->ses-03,ok
fbcnet,4,sub-015,ses-04,ses-03,ses-04->ses-03,ok
eegnet,0,sub-015,ses-04,ses-05,ses-04->ses-05,ok
eegnet,1,sub-015,ses-04,ses-05,ses-04->ses-05,ok
eegnet,2,sub-015,ses-04,ses-05,ses-04->ses-05,ok
eegnet,3,sub-015,ses-04,ses-05,ses-04->ses-05,ok
eegnet,4,sub-015,ses-04,ses-05,ses-04->ses-05,ok
deepconvnet,0,sub-015,ses-04,ses-05,ses-04->ses-05,ok
deepconvnet,1,sub-015,ses-04,ses-05,ses-04->ses-05,ok
deepconvnet,2,sub-015,ses-04,ses-05,ses-04->ses-05,ok
deepconvnet,3,sub-015,ses-04,ses-05,ses-04->ses-05,ok
deepconvnet,4,sub-015,ses-04,ses-05,ses-04->ses-05,ok
fbcnet,0,sub-015,ses-04,ses-05,ses-04->ses-05,ok
fbcnet,1,sub-015,ses-04,ses-05,ses-04->ses-05,ok
fbcnet,2,sub-015,ses-04,ses-05,ses-04->ses-05,ok
fbcnet,3,sub-015,ses-04,ses-05,ses-04->ses-05,ok
fbcnet,4,sub-015,ses-04,ses-05,ses-04->ses-05,ok
eegnet,0,sub-015,ses-05,ses-01,ses-05->ses-01,ok
eegnet,1,sub-015,ses-05,ses-01,ses-05->ses-01,ok
eegnet,2,sub-015,ses-05,ses-01,ses-05->ses-01,ok
eegnet,3,sub-015,ses-05,ses-01,ses-05->ses-01,ok
eegnet,4,sub-015,ses-05,ses-01,ses-05->ses-01,ok
deepconvnet,0,sub-015,ses-05,ses-01,ses-05->ses-01,ok
deepconvnet,1,sub-015,ses-05,ses-01,ses-05->ses-01,ok
deepconvnet,2,sub-015,ses-05,ses-01,ses-05->ses-01,ok
deepconvnet,3,sub-015,ses-05,ses-01,ses-05->ses-01,ok
deepconvnet,4,sub-015,ses-05,ses-01,ses-05->ses-01,ok
fbcnet,0,sub-015,ses-05,ses-01,ses-05->ses-01,ok
fbcnet,1,sub-015,ses-05,ses-01,ses-05->ses-01,ok
fbcnet,2,sub-015,ses-05,ses-01,ses-05->ses-01,ok
fbcnet,3,sub-015,ses-05,ses-01,ses-05->ses-01,ok
fbcnet,4,sub-015,ses-05,ses-01,ses-05->ses-01,ok
eegnet,0,sub-015,ses-05,ses-02,ses-05->ses-02,ok
eegnet,1,sub-015,ses-05,ses-02,ses-05->ses-02,ok
eegnet,2,sub-015,ses-05,ses-02,ses-05->ses-02,ok
eegnet,3,sub-015,ses-05,ses-02,ses-05->ses-02,ok
eegnet,4,sub-015,ses-05,ses-02,ses-05->ses-02,ok
deepconvnet,0,sub-015,ses-05,ses-02,ses-05->ses-02,ok
deepconvnet,1,sub-015,ses-05,ses-02,ses-05->ses-02,ok
deepconvnet,2,sub-015,ses-05,ses-02,ses-05->ses-02,ok
deepconvnet,3,sub-015,ses-05,ses-02,ses-05->ses-02,ok
deepconvnet,4,sub-015,ses-05,ses-02,ses-05->ses-02,ok
fbcnet,0,sub-015,ses-05,ses-02,ses-05->ses-02,ok
fbcnet,1,sub-015,ses-05,ses-02,ses-05->ses-02,ok
fbcnet,2,sub-015,ses-05,ses-02,ses-05->ses-02,ok
fbcnet,3,sub-015,ses-05,ses-02,ses-05->ses-02,ok
fbcnet,4,sub-015,ses-05,ses-02,ses-05->ses-02,ok
eegnet,0,sub-015,ses-05,ses-03,ses-05->ses-03,ok
eegnet,1,sub-015,ses-05,ses-03,ses-05->ses-03,ok
eegnet,2,sub-015,ses-05,ses-03,ses-05->ses-03,ok
eegnet,3,sub-015,ses-05,ses-03,ses-05->ses-03,ok
eegnet,4,sub-015,ses-05,ses-03,ses-05->ses-03,ok
deepconvnet,0,sub-015,ses-05,ses-03,ses-05->ses-03,ok
deepconvnet,1,sub-015,ses-05,ses-03,ses-05->ses-03,ok
deepconvnet,2,sub-015,ses-05,ses-03,ses-05->ses-03,ok
deepconvnet,3,sub-015,ses-05,ses-03,ses-05->ses-03,ok
deepconvnet,4,sub-015,ses-05,ses-03,ses-05->ses-03,ok
fbcnet,0,sub-015,ses-05,ses-03,ses-05->ses-03,ok
fbcnet,1,sub-015,ses-05,ses-03,ses-05->ses-03,ok
fbcnet,2,sub-015,ses-05,ses-03,ses-05->ses-03,ok
fbcnet,3,sub-015,ses-05,ses-03,ses-05->ses-03,ok
fbcnet,4,sub-015,ses-05,ses-03,ses-05->ses-03,ok
eegnet,0,sub-015,ses-05,ses-04,ses-05->ses-04,ok
eegnet,1,sub-015,ses-05,ses-04,ses-05->ses-04,ok
eegnet,2,sub-015,ses-05,ses-04,ses-05->ses-04,ok
eegnet,3,sub-015,ses-05,ses-04,ses-05->ses-04,ok
eegnet,4,sub-015,ses-05,ses-04,ses-05->ses-04,ok
deepconvnet,0,sub-015,ses-05,ses-04,ses-05->ses-04,ok
deepconvnet,1,sub-015,ses-05,ses-04,ses-05->ses-04,ok
deepconvnet,2,sub-015,ses-05,ses-04,ses-05->ses-04,ok
deepconvnet,3,sub-015,ses-05,ses-04,ses-05->ses-04,ok
deepconvnet,4,sub-015,ses-05,ses-04,ses-05->ses-04,ok
fbcnet,0,sub-015,ses-05,ses-04,ses-05->ses-04,ok
fbcnet,1,sub-015,ses-05,ses-04,ses-05->ses-04,ok
fbcnet,2,sub-015,ses-05,ses-04,ses-05->ses-04,ok
fbcnet,3,sub-015,ses-05,ses-04,ses-05->ses-04,ok
fbcnet,4,sub-015,ses-05,ses-04,ses-05->ses-04,ok
eegnet,0,sub-016,ses-01,ses-02,ses-01->ses-02,ok
eegnet,1,sub-016,ses-01,ses-02,ses-01->ses-02,ok
eegnet,2,sub-016,ses-01,ses-02,ses-01->ses-02,ok
eegnet,3,sub-016,ses-01,ses-02,ses-01->ses-02,ok
eegnet,4,sub-016,ses-01,ses-02,ses-01->ses-02,ok
deepconvnet,0,sub-016,ses-01,ses-02,ses-01->ses-02,ok
deepconvnet,1,sub-016,ses-01,ses-02,ses-01->ses-02,ok
deepconvnet,2,sub-016,ses-01,ses-02,ses-01->ses-02,ok
deepconvnet,3,sub-016,ses-01,ses-02,ses-01->ses-02,ok
deepconvnet,4,sub-016,ses-01,ses-02,ses-01->ses-02,ok
fbcnet,0,sub-016,ses-01,ses-02,ses-01->ses-02,ok
fbcnet,1,sub-016,ses-01,ses-02,ses-01->ses-02,ok
fbcnet,2,sub-016,ses-01,ses-02,ses-01->ses-02,ok
fbcnet,3,sub-016,ses-01,ses-02,ses-01->ses-02,ok
fbcnet,4,sub-016,ses-01,ses-02,ses-01->ses-02,ok
eegnet,0,sub-016,ses-01,ses-03,ses-01->ses-03,ok
eegnet,1,sub-016,ses-01,ses-03,ses-01->ses-03,ok
eegnet,2,sub-016,ses-01,ses-03,ses-01->ses-03,ok
eegnet,3,sub-016,ses-01,ses-03,ses-01->ses-03,ok
eegnet,4,sub-016,ses-01,ses-03,ses-01->ses-03,ok
deepconvnet,0,sub-016,ses-01,ses-03,ses-01->ses-03,ok
deepconvnet,1,sub-016,ses-01,ses-03,ses-01->ses-03,ok
deepconvnet,2,sub-016,ses-01,ses-03,ses-01->ses-03,ok
deepconvnet,3,sub-016,ses-01,ses-03,ses-01->ses-03,ok
deepconvnet,4,sub-016,ses-01,ses-03,ses-01->ses-03,ok
fbcnet,0,sub-016,ses-01,ses-03,ses-01->ses-03,ok
fbcnet,1,sub-016,ses-01,ses-03,ses-01->ses-03,ok
fbcnet,2,sub-016,ses-01,ses-03,ses-01->ses-03,ok
fbcnet,3,sub-016,ses-01,ses-03,ses-01->ses-03,ok
fbcnet,4,sub-016,ses-01,ses-03,ses-01->ses-03,ok
eegnet,0,sub-016,ses-01,ses-04,ses-01->ses-04,ok
eegnet,1,sub-016,ses-01,ses-04,ses-01->ses-04,ok
eegnet,2,sub-016,ses-01,ses-04,ses-01->ses-04,ok
eegnet,3,sub-016,ses-01,ses-04,ses-01->ses-04,ok
eegnet,4,sub-016,ses-01,ses-04,ses-01->ses-04,ok
deepconvnet,0,sub-016,ses-01,ses-04,ses-01->ses-04,ok
deepconvnet,1,sub-016,ses-01,ses-04,ses-01->ses-04,ok
deepconvnet,2,sub-016,ses-01,ses-04,ses-01->ses-04,ok
deepconvnet,3,sub-016,ses-01,ses-04,ses-01->ses-04,ok
deepconvnet,4,sub-016,ses-01,ses-04,ses-01->ses-04,ok
fbcnet,0,sub-016,ses-01,ses-04,ses-01->ses-04,ok
fbcnet,1,sub-016,ses-01,ses-04,ses-01->ses-04,ok
fbcnet,2,sub-016,ses-01,ses-04,ses-01->ses-04,ok
fbcnet,3,sub-016,ses-01,ses-04,ses-01->ses-04,ok
fbcnet,4,sub-016,ses-01,ses-04,ses-01->ses-04,ok
eegnet,0,sub-016,ses-01,ses-05,ses-01->ses-05,ok
eegnet,1,sub-016,ses-01,ses-05,ses-01->ses-05,ok
eegnet,2,sub-016,ses-01,ses-05,ses-01->ses-05,ok
eegnet,3,sub-016,ses-01,ses-05,ses-01->ses-05,ok
eegnet,4,sub-016,ses-01,ses-05,ses-01->ses-05,ok
deepconvnet,0,sub-016,ses-01,ses-05,ses-01->ses-05,ok
deepconvnet,1,sub-016,ses-01,ses-05,ses-01->ses-05,ok
deepconvnet,2,sub-016,ses-01,ses-05,ses-01->ses-05,ok
deepconvnet,3,sub-016,ses-01,ses-05,ses-01->ses-05,ok
deepconvnet,4,sub-016,ses-01,ses-05,ses-01->ses-05,ok
fbcnet,0,sub-016,ses-01,ses-05,ses-01->ses-05,ok
fbcnet,1,sub-016,ses-01,ses-05,ses-01->ses-05,ok
fbcnet,2,sub-016,ses-01,ses-05,ses-01->ses-05,ok
fbcnet,3,sub-016,ses-01,ses-05,ses-01->ses-05,ok
fbcnet,4,sub-016,ses-01,ses-05,ses-01->ses-05,ok
eegnet,0,sub-016,ses-02,ses-01,ses-02->ses-01,ok
eegnet,1,sub-016,ses-02,ses-01,ses-02->ses-01,ok
eegnet,2,sub-016,ses-02,ses-01,ses-02->ses-01,ok
eegnet,3,sub-016,ses-02,ses-01,ses-02->ses-01,ok
eegnet,4,sub-016,ses-02,ses-01,ses-02->ses-01,ok
deepconvnet,0,sub-016,ses-02,ses-01,ses-02->ses-01,ok
deepconvnet,1,sub-016,ses-02,ses-01,ses-02->ses-01,ok
deepconvnet,2,sub-016,ses-02,ses-01,ses-02->ses-01,ok
deepconvnet,3,sub-016,ses-02,ses-01,ses-02->ses-01,ok
deepconvnet,4,sub-016,ses-02,ses-01,ses-02->ses-01,ok
fbcnet,0,sub-016,ses-02,ses-01,ses-02->ses-01,ok
fbcnet,1,sub-016,ses-02,ses-01,ses-02->ses-01,ok
fbcnet,2,sub-016,ses-02,ses-01,ses-02->ses-01,ok
fbcnet,3,sub-016,ses-02,ses-01,ses-02->ses-01,ok
fbcnet,4,sub-016,ses-02,ses-01,ses-02->ses-01,ok
eegnet,0,sub-016,ses-02,ses-03,ses-02->ses-03,ok
eegnet,1,sub-016,ses-02,ses-03,ses-02->ses-03,ok
eegnet,2,sub-016,ses-02,ses-03,ses-02->ses-03,ok
eegnet,3,sub-016,ses-02,ses-03,ses-02->ses-03,ok
eegnet,4,sub-016,ses-02,ses-03,ses-02->ses-03,ok
deepconvnet,0,sub-016,ses-02,ses-03,ses-02->ses-03,ok
deepconvnet,1,sub-016,ses-02,ses-03,ses-02->ses-03,ok
deepconvnet,2,sub-016,ses-02,ses-03,ses-02->ses-03,ok
deepconvnet,3,sub-016,ses-02,ses-03,ses-02->ses-03,ok
deepconvnet,4,sub-016,ses-02,ses-03,ses-02->ses-03,ok
fbcnet,0,sub-016,ses-02,ses-03,ses-02->ses-03,ok
fbcnet,1,sub-016,ses-02,ses-03,ses-02->ses-03,ok
fbcnet,2,sub-016,ses-02,ses-03,ses-02->ses-03,ok
fbcnet,3,sub-016,ses-02,ses-03,ses-02->ses-03,ok
fbcnet,4,sub-016,ses-02,ses-03,ses-02->ses-03,ok
eegnet,0,sub-016,ses-02,ses-04,ses-02->ses-04,ok
eegnet,1,sub-016,ses-02,ses-04,ses-02->ses-04,ok
eegnet,2,sub-016,ses-02,ses-04,ses-02->ses-04,ok
eegnet,3,sub-016,ses-02,ses-04,ses-02->ses-04,ok
eegnet,4,sub-016,ses-02,ses-04,ses-02->ses-04,ok
deepconvnet,0,sub-016,ses-02,ses-04,ses-02->ses-04,ok
deepconvnet,1,sub-016,ses-02,ses-04,ses-02->ses-04,ok
deepconvnet,2,sub-016,ses-02,ses-04,ses-02->ses-04,ok
deepconvnet,3,sub-016,ses-02,ses-04,ses-02->ses-04,ok
deepconvnet,4,sub-016,ses-02,ses-04,ses-02->ses-04,ok
fbcnet,0,sub-016,ses-02,ses-04,ses-02->ses-04,ok
fbcnet,1,sub-016,ses-02,ses-04,ses-02->ses-04,ok
fbcnet,2,sub-016,ses-02,ses-04,ses-02->ses-04,ok
fbcnet,3,sub-016,ses-02,ses-04,ses-02->ses-04,ok
fbcnet,4,sub-016,ses-02,ses-04,ses-02->ses-04,ok
eegnet,0,sub-016,ses-02,ses-05,ses-02->ses-05,ok
eegnet,1,sub-016,ses-02,ses-05,ses-02->ses-05,ok
eegnet,2,sub-016,ses-02,ses-05,ses-02->ses-05,ok
eegnet,3,sub-016,ses-02,ses-05,ses-02->ses-05,ok
eegnet,4,sub-016,ses-02,ses-05,ses-02->ses-05,ok
deepconvnet,0,sub-016,ses-02,ses-05,ses-02->ses-05,ok
deepconvnet,1,sub-016,ses-02,ses-05,ses-02->ses-05,ok
deepconvnet,2,sub-016,ses-02,ses-05,ses-02->ses-05,ok
deepconvnet,3,sub-016,ses-02,ses-05,ses-02->ses-05,ok
deepconvnet,4,sub-016,ses-02,ses-05,ses-02->ses-05,ok
fbcnet,0,sub-016,ses-02,ses-05,ses-02->ses-05,ok
fbcnet,1,sub-016,ses-02,ses-05,ses-02->ses-05,ok
fbcnet,2,sub-016,ses-02,ses-05,ses-02->ses-05,ok
fbcnet,3,sub-016,ses-02,ses-05,ses-02->ses-05,ok
fbcnet,4,sub-016,ses-02,ses-05,ses-02->ses-05,ok
eegnet,0,sub-016,ses-03,ses-01,ses-03->ses-01,ok
eegnet,1,sub-016,ses-03,ses-01,ses-03->ses-01,ok
eegnet,2,sub-016,ses-03,ses-01,ses-03->ses-01,ok
eegnet,3,sub-016,ses-03,ses-01,ses-03->ses-01,ok
eegnet,4,sub-016,ses-03,ses-01,ses-03->ses-01,ok
deepconvnet,0,sub-016,ses-03,ses-01,ses-03->ses-01,ok
deepconvnet,1,sub-016,ses-03,ses-01,ses-03->ses-01,ok
deepconvnet,2,sub-016,ses-03,ses-01,ses-03->ses-01,ok
deepconvnet,3,sub-016,ses-03,ses-01,ses-03->ses-01,ok
deepconvnet,4,sub-016,ses-03,ses-01,ses-03->ses-01,ok
fbcnet,0,sub-016,ses-03,ses-01,ses-03->ses-01,ok
fbcnet,1,sub-016,ses-03,ses-01,ses-03->ses-01,ok
fbcnet,2,sub-016,ses-03,ses-01,ses-03->ses-01,ok
fbcnet,3,sub-016,ses-03,ses-01,ses-03->ses-01,ok
fbcnet,4,sub-016,ses-03,ses-01,ses-03->ses-01,ok
eegnet,0,sub-016,ses-03,ses-02,ses-03->ses-02,ok
eegnet,1,sub-016,ses-03,ses-02,ses-03->ses-02,ok
eegnet,2,sub-016,ses-03,ses-02,ses-03->ses-02,ok
eegnet,3,sub-016,ses-03,ses-02,ses-03->ses-02,ok
eegnet,4,sub-016,ses-03,ses-02,ses-03->ses-02,ok
deepconvnet,0,sub-016,ses-03,ses-02,ses-03->ses-02,ok
deepconvnet,1,sub-016,ses-03,ses-02,ses-03->ses-02,ok
deepconvnet,2,sub-016,ses-03,ses-02,ses-03->ses-02,ok
deepconvnet,3,sub-016,ses-03,ses-02,ses-03->ses-02,ok
deepconvnet,4,sub-016,ses-03,ses-02,ses-03->ses-02,ok
fbcnet,0,sub-016,ses-03,ses-02,ses-03->ses-02,ok
fbcnet,1,sub-016,ses-03,ses-02,ses-03->ses-02,ok
fbcnet,2,sub-016,ses-03,ses-02,ses-03->ses-02,ok
fbcnet,3,sub-016,ses-03,ses-02,ses-03->ses-02,ok
fbcnet,4,sub-016,ses-03,ses-02,ses-03->ses-02,ok
eegnet,0,sub-016,ses-03,ses-04,ses-03->ses-04,ok
eegnet,1,sub-016,ses-03,ses-04,ses-03->ses-04,ok
eegnet,2,sub-016,ses-03,ses-04,ses-03->ses-04,ok
eegnet,3,sub-016,ses-03,ses-04,ses-03->ses-04,ok
eegnet,4,sub-016,ses-03,ses-04,ses-03->ses-04,ok
deepconvnet,0,sub-016,ses-03,ses-04,ses-03->ses-04,ok
deepconvnet,1,sub-016,ses-03,ses-04,ses-03->ses-04,ok
deepconvnet,2,sub-016,ses-03,ses-04,ses-03->ses-04,ok
deepconvnet,3,sub-016,ses-03,ses-04,ses-03->ses-04,ok
deepconvnet,4,sub-016,ses-03,ses-04,ses-03->ses-04,ok
fbcnet,0,sub-016,ses-03,ses-04,ses-03->ses-04,ok
fbcnet,1,sub-016,ses-03,ses-04,ses-03->ses-04,ok
fbcnet,2,sub-016,ses-03,ses-04,ses-03->ses-04,ok
fbcnet,3,sub-016,ses-03,ses-04,ses-03->ses-04,ok
fbcnet,4,sub-016,ses-03,ses-04,ses-03->ses-04,ok
eegnet,0,sub-016,ses-03,ses-05,ses-03->ses-05,ok
eegnet,1,sub-016,ses-03,ses-05,ses-03->ses-05,ok
eegnet,2,sub-016,ses-03,ses-05,ses-03->ses-05,ok
eegnet,3,sub-016,ses-03,ses-05,ses-03->ses-05,ok
eegnet,4,sub-016,ses-03,ses-05,ses-03->ses-05,ok
deepconvnet,0,sub-016,ses-03,ses-05,ses-03->ses-05,ok
deepconvnet,1,sub-016,ses-03,ses-05,ses-03->ses-05,ok
deepconvnet,2,sub-016,ses-03,ses-05,ses-03->ses-05,ok
deepconvnet,3,sub-016,ses-03,ses-05,ses-03->ses-05,ok
deepconvnet,4,sub-016,ses-03,ses-05,ses-03->ses-05,ok
fbcnet,0,sub-016,ses-03,ses-05,ses-03->ses-05,ok
fbcnet,1,sub-016,ses-03,ses-05,ses-03->ses-05,ok
fbcnet,2,sub-016,ses-03,ses-05,ses-03->ses-05,ok
fbcnet,3,sub-016,ses-03,ses-05,ses-03->ses-05,ok
fbcnet,4,sub-016,ses-03,ses-05,ses-03->ses-05,ok
eegnet,0,sub-016,ses-04,ses-01,ses-04->ses-01,ok
eegnet,1,sub-016,ses-04,ses-01,ses-04->ses-01,ok
eegnet,2,sub-016,ses-04,ses-01,ses-04->ses-01,ok
eegnet,3,sub-016,ses-04,ses-01,ses-04->ses-01,ok
eegnet,4,sub-016,ses-04,ses-01,ses-04->ses-01,ok
deepconvnet,0,sub-016,ses-04,ses-01,ses-04->ses-01,ok
deepconvnet,1,sub-016,ses-04,ses-01,ses-04->ses-01,ok
deepconvnet,2,sub-016,ses-04,ses-01,ses-04->ses-01,ok
deepconvnet,3,sub-016,ses-04,ses-01,ses-04->ses-01,ok
deepconvnet,4,sub-016,ses-04,ses-01,ses-04->ses-01,ok
fbcnet,0,sub-016,ses-04,ses-01,ses-04->ses-01,ok
fbcnet,1,sub-016,ses-04,ses-01,ses-04->ses-01,ok
fbcnet,2,sub-016,ses-04,ses-01,ses-04->ses-01,ok
fbcnet,3,sub-016,ses-04,ses-01,ses-04->ses-01,ok
fbcnet,4,sub-016,ses-04,ses-01,ses-04->ses-01,ok
eegnet,0,sub-016,ses-04,ses-02,ses-04->ses-02,ok
eegnet,1,sub-016,ses-04,ses-02,ses-04->ses-02,ok
eegnet,2,sub-016,ses-04,ses-02,ses-04->ses-02,ok
eegnet,3,sub-016,ses-04,ses-02,ses-04->ses-02,ok
eegnet,4,sub-016,ses-04,ses-02,ses-04->ses-02,ok
deepconvnet,0,sub-016,ses-04,ses-02,ses-04->ses-02,ok
deepconvnet,1,sub-016,ses-04,ses-02,ses-04->ses-02,ok
deepconvnet,2,sub-016,ses-04,ses-02,ses-04->ses-02,ok
deepconvnet,3,sub-016,ses-04,ses-02,ses-04->ses-02,ok
deepconvnet,4,sub-016,ses-04,ses-02,ses-04->ses-02,ok
fbcnet,0,sub-016,ses-04,ses-02,ses-04->ses-02,ok
fbcnet,1,sub-016,ses-04,ses-02,ses-04->ses-02,ok
fbcnet,2,sub-016,ses-04,ses-02,ses-04->ses-02,ok
fbcnet,3,sub-016,ses-04,ses-02,ses-04->ses-02,ok
fbcnet,4,sub-016,ses-04,ses-02,ses-04->ses-02,ok
eegnet,0,sub-016,ses-04,ses-03,ses-04->ses-03,ok
eegnet,1,sub-016,ses-04,ses-03,ses-04->ses-03,ok
eegnet,2,sub-016,ses-04,ses-03,ses-04->ses-03,ok
eegnet,3,sub-016,ses-04,ses-03,ses-04->ses-03,ok
eegnet,4,sub-016,ses-04,ses-03,ses-04->ses-03,ok
deepconvnet,0,sub-016,ses-04,ses-03,ses-04->ses-03,ok
deepconvnet,1,sub-016,ses-04,ses-03,ses-04->ses-03,ok
deepconvnet,2,sub-016,ses-04,ses-03,ses-04->ses-03,ok
deepconvnet,3,sub-016,ses-04,ses-03,ses-04->ses-03,ok
deepconvnet,4,sub-016,ses-04,ses-03,ses-04->ses-03,ok
fbcnet,0,sub-016,ses-04,ses-03,ses-04->ses-03,ok
fbcnet,1,sub-016,ses-04,ses-03,ses-04->ses-03,ok
fbcnet,2,sub-016,ses-04,ses-03,ses-04->ses-03,ok
fbcnet,3,sub-016,ses-04,ses-03,ses-04->ses-03,ok
fbcnet,4,sub-016,ses-04,ses-03,ses-04->ses-03,ok
eegnet,0,sub-016,ses-04,ses-05,ses-04->ses-05,ok
eegnet,1,sub-016,ses-04,ses-05,ses-04->ses-05,ok
eegnet,2,sub-016,ses-04,ses-05,ses-04->ses-05,ok
eegnet,3,sub-016,ses-04,ses-05,ses-04->ses-05,ok
eegnet,4,sub-016,ses-04,ses-05,ses-04->ses-05,ok
deepconvnet,0,sub-016,ses-04,ses-05,ses-04->ses-05,ok
deepconvnet,1,sub-016,ses-04,ses-05,ses-04->ses-05,ok
deepconvnet,2,sub-016,ses-04,ses-05,ses-04->ses-05,ok
deepconvnet,3,sub-016,ses-04,ses-05,ses-04->ses-05,ok
deepconvnet,4,sub-016,ses-04,ses-05,ses-04->ses-05,ok
fbcnet,0,sub-016,ses-04,ses-05,ses-04->ses-05,ok
fbcnet,1,sub-016,ses-04,ses-05,ses-04->ses-05,ok
fbcnet,2,sub-016,ses-04,ses-05,ses-04->ses-05,ok
fbcnet,3,sub-016,ses-04,ses-05,ses-04->ses-05,ok
fbcnet,4,sub-016,ses-04,ses-05,ses-04->ses-05,ok
eegnet,0,sub-016,ses-05,ses-01,ses-05->ses-01,ok
eegnet,1,sub-016,ses-05,ses-01,ses-05->ses-01,ok
eegnet,2,sub-016,ses-05,ses-01,ses-05->ses-01,ok
eegnet,3,sub-016,ses-05,ses-01,ses-05->ses-01,ok
eegnet,4,sub-016,ses-05,ses-01,ses-05->ses-01,ok
deepconvnet,0,sub-016,ses-05,ses-01,ses-05->ses-01,ok
deepconvnet,1,sub-016,ses-05,ses-01,ses-05->ses-01,ok
deepconvnet,2,sub-016,ses-05,ses-01,ses-05->ses-01,ok
deepconvnet,3,sub-016,ses-05,ses-01,ses-05->ses-01,ok
deepconvnet,4,sub-016,ses-05,ses-01,ses-05->ses-01,ok
fbcnet,0,sub-016,ses-05,ses-01,ses-05->ses-01,ok
fbcnet,1,sub-016,ses-05,ses-01,ses-05->ses-01,ok
fbcnet,2,sub-016,ses-05,ses-01,ses-05->ses-01,ok
fbcnet,3,sub-016,ses-05,ses-01,ses-05->ses-01,ok
fbcnet,4,sub-016,ses-05,ses-01,ses-05->ses-01,ok
eegnet,0,sub-016,ses-05,ses-02,ses-05->ses-02,ok
eegnet,1,sub-016,ses-05,ses-02,ses-05->ses-02,ok
eegnet,2,sub-016,ses-05,ses-02,ses-05->ses-02,ok
eegnet,3,sub-016,ses-05,ses-02,ses-05->ses-02,ok
eegnet,4,sub-016,ses-05,ses-02,ses-05->ses-02,ok
deepconvnet,0,sub-016,ses-05,ses-02,ses-05->ses-02,ok
deepconvnet,1,sub-016,ses-05,ses-02,ses-05->ses-02,ok
deepconvnet,2,sub-016,ses-05,ses-02,ses-05->ses-02,ok
deepconvnet,3,sub-016,ses-05,ses-02,ses-05->ses-02,ok
deepconvnet,4,sub-016,ses-05,ses-02,ses-05->ses-02,ok
fbcnet,0,sub-016,ses-05,ses-02,ses-05->ses-02,ok
fbcnet,1,sub-016,ses-05,ses-02,ses-05->ses-02,ok
fbcnet,2,sub-016,ses-05,ses-02,ses-05->ses-02,ok
fbcnet,3,sub-016,ses-05,ses-02,ses-05->ses-02,ok
fbcnet,4,sub-016,ses-05,ses-02,ses-05->ses-02,ok
eegnet,0,sub-016,ses-05,ses-03,ses-05->ses-03,ok
eegnet,1,sub-016,ses-05,ses-03,ses-05->ses-03,ok
eegnet,2,sub-016,ses-05,ses-03,ses-05->ses-03,ok
eegnet,3,sub-016,ses-05,ses-03,ses-05->ses-03,ok
eegnet,4,sub-016,ses-05,ses-03,ses-05->ses-03,ok
deepconvnet,0,sub-016,ses-05,ses-03,ses-05->ses-03,ok
deepconvnet,1,sub-016,ses-05,ses-03,ses-05->ses-03,ok
deepconvnet,2,sub-016,ses-05,ses-03,ses-05->ses-03,ok
deepconvnet,3,sub-016,ses-05,ses-03,ses-05->ses-03,ok
deepconvnet,4,sub-016,ses-05,ses-03,ses-05->ses-03,ok
fbcnet,0,sub-016,ses-05,ses-03,ses-05->ses-03,ok
fbcnet,1,sub-016,ses-05,ses-03,ses-05->ses-03,ok
fbcnet,2,sub-016,ses-05,ses-03,ses-05->ses-03,ok
fbcnet,3,sub-016,ses-05,ses-03,ses-05->ses-03,ok
fbcnet,4,sub-016,ses-05,ses-03,ses-05->ses-03,ok
eegnet,0,sub-016,ses-05,ses-04,ses-05->ses-04,ok
eegnet,1,sub-016,ses-05,ses-04,ses-05->ses-04,ok
eegnet,2,sub-016,ses-05,ses-04,ses-05->ses-04,ok
eegnet,3,sub-016,ses-05,ses-04,ses-05->ses-04,ok
eegnet,4,sub-016,ses-05,ses-04,ses-05->ses-04,ok
deepconvnet,0,sub-016,ses-05,ses-04,ses-05->ses-04,ok
deepconvnet,1,sub-016,ses-05,ses-04,ses-05->ses-04,ok
deepconvnet,2,sub-016,ses-05,ses-04,ses-05->ses-04,ok
deepconvnet,3,sub-016,ses-05,ses-04,ses-05->ses-04,ok
deepconvnet,4,sub-016,ses-05,ses-04,ses-05->ses-04,ok
fbcnet,0,sub-016,ses-05,ses-04,ses-05->ses-04,ok
fbcnet,1,sub-016,ses-05,ses-04,ses-05->ses-04,ok
fbcnet,2,sub-016,ses-05,ses-04,ses-05->ses-04,ok
fbcnet,3,sub-016,ses-05,ses-04,ses-05->ses-04,ok
fbcnet,4,sub-016,ses-05,ses-04,ses-05->ses-04,ok
eegnet,0,sub-017,ses-01,ses-02,ses-01->ses-02,ok
eegnet,1,sub-017,ses-01,ses-02,ses-01->ses-02,ok
eegnet,2,sub-017,ses-01,ses-02,ses-01->ses-02,ok
eegnet,3,sub-017,ses-01,ses-02,ses-01->ses-02,ok
eegnet,4,sub-017,ses-01,ses-02,ses-01->ses-02,ok
deepconvnet,0,sub-017,ses-01,ses-02,ses-01->ses-02,ok
deepconvnet,1,sub-017,ses-01,ses-02,ses-01->ses-02,ok
deepconvnet,2,sub-017,ses-01,ses-02,ses-01->ses-02,ok
deepconvnet,3,sub-017,ses-01,ses-02,ses-01->ses-02,ok
deepconvnet,4,sub-017,ses-01,ses-02,ses-01->ses-02,ok
fbcnet,0,sub-017,ses-01,ses-02,ses-01->ses-02,ok
fbcnet,1,sub-017,ses-01,ses-02,ses-01->ses-02,ok
fbcnet,2,sub-017,ses-01,ses-02,ses-01->ses-02,ok
fbcnet,3,sub-017,ses-01,ses-02,ses-01->ses-02,ok
fbcnet,4,sub-017,ses-01,ses-02,ses-01->ses-02,ok
eegnet,0,sub-017,ses-01,ses-03,ses-01->ses-03,ok
eegnet,1,sub-017,ses-01,ses-03,ses-01->ses-03,ok
eegnet,2,sub-017,ses-01,ses-03,ses-01->ses-03,ok
eegnet,3,sub-017,ses-01,ses-03,ses-01->ses-03,ok
eegnet,4,sub-017,ses-01,ses-03,ses-01->ses-03,ok
deepconvnet,0,sub-017,ses-01,ses-03,ses-01->ses-03,ok
deepconvnet,1,sub-017,ses-01,ses-03,ses-01->ses-03,ok
deepconvnet,2,sub-017,ses-01,ses-03,ses-01->ses-03,ok
deepconvnet,3,sub-017,ses-01,ses-03,ses-01->ses-03,ok
deepconvnet,4,sub-017,ses-01,ses-03,ses-01->ses-03,ok
fbcnet,0,sub-017,ses-01,ses-03,ses-01->ses-03,ok
fbcnet,1,sub-017,ses-01,ses-03,ses-01->ses-03,ok
fbcnet,2,sub-017,ses-01,ses-03,ses-01->ses-03,ok
fbcnet,3,sub-017,ses-01,ses-03,ses-01->ses-03,ok
fbcnet,4,sub-017,ses-01,ses-03,ses-01->ses-03,ok
eegnet,0,sub-017,ses-01,ses-04,ses-01->ses-04,ok
eegnet,1,sub-017,ses-01,ses-04,ses-01->ses-04,ok
eegnet,2,sub-017,ses-01,ses-04,ses-01->ses-04,ok
eegnet,3,sub-017,ses-01,ses-04,ses-01->ses-04,ok
eegnet,4,sub-017,ses-01,ses-04,ses-01->ses-04,ok
deepconvnet,0,sub-017,ses-01,ses-04,ses-01->ses-04,ok
deepconvnet,1,sub-017,ses-01,ses-04,ses-01->ses-04,ok
deepconvnet,2,sub-017,ses-01,ses-04,ses-01->ses-04,ok
deepconvnet,3,sub-017,ses-01,ses-04,ses-01->ses-04,ok
deepconvnet,4,sub-017,ses-01,ses-04,ses-01->ses-04,ok
fbcnet,0,sub-017,ses-01,ses-04,ses-01->ses-04,ok
fbcnet,1,sub-017,ses-01,ses-04,ses-01->ses-04,ok
fbcnet,2,sub-017,ses-01,ses-04,ses-01->ses-04,ok
fbcnet,3,sub-017,ses-01,ses-04,ses-01->ses-04,ok
fbcnet,4,sub-017,ses-01,ses-04,ses-01->ses-04,ok
eegnet,0,sub-017,ses-01,ses-05,ses-01->ses-05,ok
eegnet,1,sub-017,ses-01,ses-05,ses-01->ses-05,ok
eegnet,2,sub-017,ses-01,ses-05,ses-01->ses-05,ok
eegnet,3,sub-017,ses-01,ses-05,ses-01->ses-05,ok
eegnet,4,sub-017,ses-01,ses-05,ses-01->ses-05,ok
deepconvnet,0,sub-017,ses-01,ses-05,ses-01->ses-05,ok
deepconvnet,1,sub-017,ses-01,ses-05,ses-01->ses-05,ok
deepconvnet,2,sub-017,ses-01,ses-05,ses-01->ses-05,ok
deepconvnet,3,sub-017,ses-01,ses-05,ses-01->ses-05,ok
deepconvnet,4,sub-017,ses-01,ses-05,ses-01->ses-05,ok
fbcnet,0,sub-017,ses-01,ses-05,ses-01->ses-05,ok
fbcnet,1,sub-017,ses-01,ses-05,ses-01->ses-05,ok
fbcnet,2,sub-017,ses-01,ses-05,ses-01->ses-05,ok
fbcnet,3,sub-017,ses-01,ses-05,ses-01->ses-05,ok
fbcnet,4,sub-017,ses-01,ses-05,ses-01->ses-05,ok
eegnet,0,sub-017,ses-02,ses-01,ses-02->ses-01,ok
eegnet,1,sub-017,ses-02,ses-01,ses-02->ses-01,ok
eegnet,2,sub-017,ses-02,ses-01,ses-02->ses-01,ok
eegnet,3,sub-017,ses-02,ses-01,ses-02->ses-01,ok
eegnet,4,sub-017,ses-02,ses-01,ses-02->ses-01,ok
deepconvnet,0,sub-017,ses-02,ses-01,ses-02->ses-01,ok
deepconvnet,1,sub-017,ses-02,ses-01,ses-02->ses-01,ok
deepconvnet,2,sub-017,ses-02,ses-01,ses-02->ses-01,ok
deepconvnet,3,sub-017,ses-02,ses-01,ses-02->ses-01,ok
deepconvnet,4,sub-017,ses-02,ses-01,ses-02->ses-01,ok
fbcnet,0,sub-017,ses-02,ses-01,ses-02->ses-01,ok
fbcnet,1,sub-017,ses-02,ses-01,ses-02->ses-01,ok
fbcnet,2,sub-017,ses-02,ses-01,ses-02->ses-01,ok
fbcnet,3,sub-017,ses-02,ses-01,ses-02->ses-01,ok
fbcnet,4,sub-017,ses-02,ses-01,ses-02->ses-01,ok
eegnet,0,sub-017,ses-02,ses-03,ses-02->ses-03,ok
eegnet,1,sub-017,ses-02,ses-03,ses-02->ses-03,ok
eegnet,2,sub-017,ses-02,ses-03,ses-02->ses-03,ok
eegnet,3,sub-017,ses-02,ses-03,ses-02->ses-03,ok
eegnet,4,sub-017,ses-02,ses-03,ses-02->ses-03,ok
deepconvnet,0,sub-017,ses-02,ses-03,ses-02->ses-03,ok
deepconvnet,1,sub-017,ses-02,ses-03,ses-02->ses-03,ok
deepconvnet,2,sub-017,ses-02,ses-03,ses-02->ses-03,ok
deepconvnet,3,sub-017,ses-02,ses-03,ses-02->ses-03,ok
deepconvnet,4,sub-017,ses-02,ses-03,ses-02->ses-03,ok
fbcnet,0,sub-017,ses-02,ses-03,ses-02->ses-03,ok
fbcnet,1,sub-017,ses-02,ses-03,ses-02->ses-03,ok
fbcnet,2,sub-017,ses-02,ses-03,ses-02->ses-03,ok
fbcnet,3,sub-017,ses-02,ses-03,ses-02->ses-03,ok
fbcnet,4,sub-017,ses-02,ses-03,ses-02->ses-03,ok
eegnet,0,sub-017,ses-02,ses-04,ses-02->ses-04,ok
eegnet,1,sub-017,ses-02,ses-04,ses-02->ses-04,ok
eegnet,2,sub-017,ses-02,ses-04,ses-02->ses-04,ok
eegnet,3,sub-017,ses-02,ses-04,ses-02->ses-04,ok
eegnet,4,sub-017,ses-02,ses-04,ses-02->ses-04,ok
deepconvnet,0,sub-017,ses-02,ses-04,ses-02->ses-04,ok
deepconvnet,1,sub-017,ses-02,ses-04,ses-02->ses-04,ok
deepconvnet,2,sub-017,ses-02,ses-04,ses-02->ses-04,ok
deepconvnet,3,sub-017,ses-02,ses-04,ses-02->ses-04,ok
deepconvnet,4,sub-017,ses-02,ses-04,ses-02->ses-04,ok
fbcnet,0,sub-017,ses-02,ses-04,ses-02->ses-04,ok
fbcnet,1,sub-017,ses-02,ses-04,ses-02->ses-04,ok
fbcnet,2,sub-017,ses-02,ses-04,ses-02->ses-04,ok
fbcnet,3,sub-017,ses-02,ses-04,ses-02->ses-04,ok
fbcnet,4,sub-017,ses-02,ses-04,ses-02->ses-04,ok
eegnet,0,sub-017,ses-02,ses-05,ses-02->ses-05,ok
eegnet,1,sub-017,ses-02,ses-05,ses-02->ses-05,ok
eegnet,2,sub-017,ses-02,ses-05,ses-02->ses-05,ok
eegnet,3,sub-017,ses-02,ses-05,ses-02->ses-05,ok
eegnet,4,sub-017,ses-02,ses-05,ses-02->ses-05,ok
deepconvnet,0,sub-017,ses-02,ses-05,ses-02->ses-05,ok
deepconvnet,1,sub-017,ses-02,ses-05,ses-02->ses-05,ok
deepconvnet,2,sub-017,ses-02,ses-05,ses-02->ses-05,ok
deepconvnet,3,sub-017,ses-02,ses-05,ses-02->ses-05,ok
deepconvnet,4,sub-017,ses-02,ses-05,ses-02->ses-05,ok
fbcnet,0,sub-017,ses-02,ses-05,ses-02->ses-05,ok
fbcnet,1,sub-017,ses-02,ses-05,ses-02->ses-05,ok
fbcnet,2,sub-017,ses-02,ses-05,ses-02->ses-05,ok
fbcnet,3,sub-017,ses-02,ses-05,ses-02->ses-05,ok
fbcnet,4,sub-017,ses-02,ses-05,ses-02->ses-05,ok
eegnet,0,sub-017,ses-03,ses-01,ses-03->ses-01,ok
eegnet,1,sub-017,ses-03,ses-01,ses-03->ses-01,ok
eegnet,2,sub-017,ses-03,ses-01,ses-03->ses-01,ok
eegnet,3,sub-017,ses-03,ses-01,ses-03->ses-01,ok
eegnet,4,sub-017,ses-03,ses-01,ses-03->ses-01,ok
deepconvnet,0,sub-017,ses-03,ses-01,ses-03->ses-01,ok
deepconvnet,1,sub-017,ses-03,ses-01,ses-03->ses-01,ok
deepconvnet,2,sub-017,ses-03,ses-01,ses-03->ses-01,ok
deepconvnet,3,sub-017,ses-03,ses-01,ses-03->ses-01,ok
deepconvnet,4,sub-017,ses-03,ses-01,ses-03->ses-01,ok
fbcnet,0,sub-017,ses-03,ses-01,ses-03->ses-01,ok
fbcnet,1,sub-017,ses-03,ses-01,ses-03->ses-01,ok
fbcnet,2,sub-017,ses-03,ses-01,ses-03->ses-01,ok
fbcnet,3,sub-017,ses-03,ses-01,ses-03->ses-01,ok
fbcnet,4,sub-017,ses-03,ses-01,ses-03->ses-01,ok
eegnet,0,sub-017,ses-03,ses-02,ses-03->ses-02,ok
eegnet,1,sub-017,ses-03,ses-02,ses-03->ses-02,ok
eegnet,2,sub-017,ses-03,ses-02,ses-03->ses-02,ok
eegnet,3,sub-017,ses-03,ses-02,ses-03->ses-02,ok
eegnet,4,sub-017,ses-03,ses-02,ses-03->ses-02,ok
deepconvnet,0,sub-017,ses-03,ses-02,ses-03->ses-02,ok
deepconvnet,1,sub-017,ses-03,ses-02,ses-03->ses-02,ok
deepconvnet,2,sub-017,ses-03,ses-02,ses-03->ses-02,ok
deepconvnet,3,sub-017,ses-03,ses-02,ses-03->ses-02,ok
deepconvnet,4,sub-017,ses-03,ses-02,ses-03->ses-02,ok
fbcnet,0,sub-017,ses-03,ses-02,ses-03->ses-02,ok
fbcnet,1,sub-017,ses-03,ses-02,ses-03->ses-02,ok
fbcnet,2,sub-017,ses-03,ses-02,ses-03->ses-02,ok
fbcnet,3,sub-017,ses-03,ses-02,ses-03->ses-02,ok
fbcnet,4,sub-017,ses-03,ses-02,ses-03->ses-02,ok
eegnet,0,sub-017,ses-03,ses-04,ses-03->ses-04,ok
eegnet,1,sub-017,ses-03,ses-04,ses-03->ses-04,ok
eegnet,2,sub-017,ses-03,ses-04,ses-03->ses-04,ok
eegnet,3,sub-017,ses-03,ses-04,ses-03->ses-04,ok
eegnet,4,sub-017,ses-03,ses-04,ses-03->ses-04,ok
deepconvnet,0,sub-017,ses-03,ses-04,ses-03->ses-04,ok
deepconvnet,1,sub-017,ses-03,ses-04,ses-03->ses-04,ok
deepconvnet,2,sub-017,ses-03,ses-04,ses-03->ses-04,ok
deepconvnet,3,sub-017,ses-03,ses-04,ses-03->ses-04,ok
deepconvnet,4,sub-017,ses-03,ses-04,ses-03->ses-04,ok
fbcnet,0,sub-017,ses-03,ses-04,ses-03->ses-04,ok
fbcnet,1,sub-017,ses-03,ses-04,ses-03->ses-04,ok
fbcnet,2,sub-017,ses-03,ses-04,ses-03->ses-04,ok
fbcnet,3,sub-017,ses-03,ses-04,ses-03->ses-04,ok
fbcnet,4,sub-017,ses-03,ses-04,ses-03->ses-04,ok
eegnet,0,sub-017,ses-03,ses-05,ses-03->ses-05,ok
eegnet,1,sub-017,ses-03,ses-05,ses-03->ses-05,ok
eegnet,2,sub-017,ses-03,ses-05,ses-03->ses-05,ok
eegnet,3,sub-017,ses-03,ses-05,ses-03->ses-05,ok
eegnet,4,sub-017,ses-03,ses-05,ses-03->ses-05,ok
deepconvnet,0,sub-017,ses-03,ses-05,ses-03->ses-05,ok
deepconvnet,1,sub-017,ses-03,ses-05,ses-03->ses-05,ok
deepconvnet,2,sub-017,ses-03,ses-05,ses-03->ses-05,ok
deepconvnet,3,sub-017,ses-03,ses-05,ses-03->ses-05,ok
deepconvnet,4,sub-017,ses-03,ses-05,ses-03->ses-05,ok
fbcnet,0,sub-017,ses-03,ses-05,ses-03->ses-05,ok
fbcnet,1,sub-017,ses-03,ses-05,ses-03->ses-05,ok
fbcnet,2,sub-017,ses-03,ses-05,ses-03->ses-05,ok
fbcnet,3,sub-017,ses-03,ses-05,ses-03->ses-05,ok
fbcnet,4,sub-017,ses-03,ses-05,ses-03->ses-05,ok
eegnet,0,sub-017,ses-04,ses-01,ses-04->ses-01,ok
eegnet,1,sub-017,ses-04,ses-01,ses-04->ses-01,ok
eegnet,2,sub-017,ses-04,ses-01,ses-04->ses-01,ok
eegnet,3,sub-017,ses-04,ses-01,ses-04->ses-01,ok
eegnet,4,sub-017,ses-04,ses-01,ses-04->ses-01,ok
deepconvnet,0,sub-017,ses-04,ses-01,ses-04->ses-01,ok
deepconvnet,1,sub-017,ses-04,ses-01,ses-04->ses-01,ok
deepconvnet,2,sub-017,ses-04,ses-01,ses-04->ses-01,ok
deepconvnet,3,sub-017,ses-04,ses-01,ses-04->ses-01,ok
deepconvnet,4,sub-017,ses-04,ses-01,ses-04->ses-01,ok
fbcnet,0,sub-017,ses-04,ses-01,ses-04->ses-01,ok
fbcnet,1,sub-017,ses-04,ses-01,ses-04->ses-01,ok
fbcnet,2,sub-017,ses-04,ses-01,ses-04->ses-01,ok
fbcnet,3,sub-017,ses-04,ses-01,ses-04->ses-01,ok
fbcnet,4,sub-017,ses-04,ses-01,ses-04->ses-01,ok
eegnet,0,sub-017,ses-04,ses-02,ses-04->ses-02,ok
eegnet,1,sub-017,ses-04,ses-02,ses-04->ses-02,ok
eegnet,2,sub-017,ses-04,ses-02,ses-04->ses-02,ok
eegnet,3,sub-017,ses-04,ses-02,ses-04->ses-02,ok
eegnet,4,sub-017,ses-04,ses-02,ses-04->ses-02,ok
deepconvnet,0,sub-017,ses-04,ses-02,ses-04->ses-02,ok
deepconvnet,1,sub-017,ses-04,ses-02,ses-04->ses-02,ok
deepconvnet,2,sub-017,ses-04,ses-02,ses-04->ses-02,ok
deepconvnet,3,sub-017,ses-04,ses-02,ses-04->ses-02,ok
deepconvnet,4,sub-017,ses-04,ses-02,ses-04->ses-02,ok
fbcnet,0,sub-017,ses-04,ses-02,ses-04->ses-02,ok
fbcnet,1,sub-017,ses-04,ses-02,ses-04->ses-02,ok
fbcnet,2,sub-017,ses-04,ses-02,ses-04->ses-02,ok
fbcnet,3,sub-017,ses-04,ses-02,ses-04->ses-02,ok
fbcnet,4,sub-017,ses-04,ses-02,ses-04->ses-02,ok
eegnet,0,sub-017,ses-04,ses-03,ses-04->ses-03,ok
eegnet,1,sub-017,ses-04,ses-03,ses-04->ses-03,ok
eegnet,2,sub-017,ses-04,ses-03,ses-04->ses-03,ok
eegnet,3,sub-017,ses-04,ses-03,ses-04->ses-03,ok
eegnet,4,sub-017,ses-04,ses-03,ses-04->ses-03,ok
deepconvnet,0,sub-017,ses-04,ses-03,ses-04->ses-03,ok
deepconvnet,1,sub-017,ses-04,ses-03,ses-04->ses-03,ok
deepconvnet,2,sub-017,ses-04,ses-03,ses-04->ses-03,ok
deepconvnet,3,sub-017,ses-04,ses-03,ses-04->ses-03,ok
deepconvnet,4,sub-017,ses-04,ses-03,ses-04->ses-03,ok
fbcnet,0,sub-017,ses-04,ses-03,ses-04->ses-03,ok
fbcnet,1,sub-017,ses-04,ses-03,ses-04->ses-03,ok
fbcnet,2,sub-017,ses-04,ses-03,ses-04->ses-03,ok
fbcnet,3,sub-017,ses-04,ses-03,ses-04->ses-03,ok
fbcnet,4,sub-017,ses-04,ses-03,ses-04->ses-03,ok
eegnet,0,sub-017,ses-04,ses-05,ses-04->ses-05,ok
eegnet,1,sub-017,ses-04,ses-05,ses-04->ses-05,ok
eegnet,2,sub-017,ses-04,ses-05,ses-04->ses-05,ok
eegnet,3,sub-017,ses-04,ses-05,ses-04->ses-05,ok
eegnet,4,sub-017,ses-04,ses-05,ses-04->ses-05,ok
deepconvnet,0,sub-017,ses-04,ses-05,ses-04->ses-05,ok
deepconvnet,1,sub-017,ses-04,ses-05,ses-04->ses-05,ok
deepconvnet,2,sub-017,ses-04,ses-05,ses-04->ses-05,ok
deepconvnet,3,sub-017,ses-04,ses-05,ses-04->ses-05,ok
deepconvnet,4,sub-017,ses-04,ses-05,ses-04->ses-05,ok
fbcnet,0,sub-017,ses-04,ses-05,ses-04->ses-05,ok
fbcnet,1,sub-017,ses-04,ses-05,ses-04->ses-05,ok
fbcnet,2,sub-017,ses-04,ses-05,ses-04->ses-05,ok
fbcnet,3,sub-017,ses-04,ses-05,ses-04->ses-05,ok
fbcnet,4,sub-017,ses-04,ses-05,ses-04->ses-05,ok
eegnet,0,sub-017,ses-05,ses-01,ses-05->ses-01,ok
eegnet,1,sub-017,ses-05,ses-01,ses-05->ses-01,ok
eegnet,2,sub-017,ses-05,ses-01,ses-05->ses-01,ok
eegnet,3,sub-017,ses-05,ses-01,ses-05->ses-01,ok
eegnet,4,sub-017,ses-05,ses-01,ses-05->ses-01,ok
deepconvnet,0,sub-017,ses-05,ses-01,ses-05->ses-01,ok
deepconvnet,1,sub-017,ses-05,ses-01,ses-05->ses-01,ok
deepconvnet,2,sub-017,ses-05,ses-01,ses-05->ses-01,ok
deepconvnet,3,sub-017,ses-05,ses-01,ses-05->ses-01,ok
deepconvnet,4,sub-017,ses-05,ses-01,ses-05->ses-01,ok
fbcnet,0,sub-017,ses-05,ses-01,ses-05->ses-01,ok
fbcnet,1,sub-017,ses-05,ses-01,ses-05->ses-01,ok
fbcnet,2,sub-017,ses-05,ses-01,ses-05->ses-01,ok
fbcnet,3,sub-017,ses-05,ses-01,ses-05->ses-01,ok
fbcnet,4,sub-017,ses-05,ses-01,ses-05->ses-01,ok
eegnet,0,sub-017,ses-05,ses-02,ses-05->ses-02,ok
eegnet,1,sub-017,ses-05,ses-02,ses-05->ses-02,ok
eegnet,2,sub-017,ses-05,ses-02,ses-05->ses-02,ok
eegnet,3,sub-017,ses-05,ses-02,ses-05->ses-02,ok
eegnet,4,sub-017,ses-05,ses-02,ses-05->ses-02,ok
deepconvnet,0,sub-017,ses-05,ses-02,ses-05->ses-02,ok
deepconvnet,1,sub-017,ses-05,ses-02,ses-05->ses-02,ok
deepconvnet,2,sub-017,ses-05,ses-02,ses-05->ses-02,ok
deepconvnet,3,sub-017,ses-05,ses-02,ses-05->ses-02,ok
deepconvnet,4,sub-017,ses-05,ses-02,ses-05->ses-02,ok
fbcnet,0,sub-017,ses-05,ses-02,ses-05->ses-02,ok
fbcnet,1,sub-017,ses-05,ses-02,ses-05->ses-02,ok
fbcnet,2,sub-017,ses-05,ses-02,ses-05->ses-02,ok
fbcnet,3,sub-017,ses-05,ses-02,ses-05->ses-02,ok
fbcnet,4,sub-017,ses-05,ses-02,ses-05->ses-02,ok
eegnet,0,sub-017,ses-05,ses-03,ses-05->ses-03,ok
eegnet,1,sub-017,ses-05,ses-03,ses-05->ses-03,ok
eegnet,2,sub-017,ses-05,ses-03,ses-05->ses-03,ok
eegnet,3,sub-017,ses-05,ses-03,ses-05->ses-03,ok
eegnet,4,sub-017,ses-05,ses-03,ses-05->ses-03,ok
deepconvnet,0,sub-017,ses-05,ses-03,ses-05->ses-03,ok
deepconvnet,1,sub-017,ses-05,ses-03,ses-05->ses-03,ok
deepconvnet,2,sub-017,ses-05,ses-03,ses-05->ses-03,ok
deepconvnet,3,sub-017,ses-05,ses-03,ses-05->ses-03,ok
deepconvnet,4,sub-017,ses-05,ses-03,ses-05->ses-03,ok
fbcnet,0,sub-017,ses-05,ses-03,ses-05->ses-03,ok
fbcnet,1,sub-017,ses-05,ses-03,ses-05->ses-03,ok
fbcnet,2,sub-017,ses-05,ses-03,ses-05->ses-03,ok
fbcnet,3,sub-017,ses-05,ses-03,ses-05->ses-03,ok
fbcnet,4,sub-017,ses-05,ses-03,ses-05->ses-03,ok
eegnet,0,sub-017,ses-05,ses-04,ses-05->ses-04,ok
eegnet,1,sub-017,ses-05,ses-04,ses-05->ses-04,ok
eegnet,2,sub-017,ses-05,ses-04,ses-05->ses-04,ok
eegnet,3,sub-017,ses-05,ses-04,ses-05->ses-04,ok
eegnet,4,sub-017,ses-05,ses-04,ses-05->ses-04,ok
deepconvnet,0,sub-017,ses-05,ses-04,ses-05->ses-04,ok
deepconvnet,1,sub-017,ses-05,ses-04,ses-05->ses-04,ok
deepconvnet,2,sub-017,ses-05,ses-04,ses-05->ses-04,ok
deepconvnet,3,sub-017,ses-05,ses-04,ses-05->ses-04,ok
deepconvnet,4,sub-017,ses-05,ses-04,ses-05->ses-04,ok
fbcnet,0,sub-017,ses-05,ses-04,ses-05->ses-04,ok
fbcnet,1,sub-017,ses-05,ses-04,ses-05->ses-04,ok
fbcnet,2,sub-017,ses-05,ses-04,ses-05->ses-04,ok
fbcnet,3,sub-017,ses-05,ses-04,ses-05->ses-04,ok
fbcnet,4,sub-017,ses-05,ses-04,ses-05->ses-04,ok
eegnet,0,sub-018,ses-01,ses-02,ses-01->ses-02,ok
eegnet,1,sub-018,ses-01,ses-02,ses-01->ses-02,ok
eegnet,2,sub-018,ses-01,ses-02,ses-01->ses-02,ok
eegnet,3,sub-018,ses-01,ses-02,ses-01->ses-02,ok
eegnet,4,sub-018,ses-01,ses-02,ses-01->ses-02,ok
deepconvnet,0,sub-018,ses-01,ses-02,ses-01->ses-02,ok
deepconvnet,1,sub-018,ses-01,ses-02,ses-01->ses-02,ok
deepconvnet,2,sub-018,ses-01,ses-02,ses-01->ses-02,ok
deepconvnet,3,sub-018,ses-01,ses-02,ses-01->ses-02,ok
deepconvnet,4,sub-018,ses-01,ses-02,ses-01->ses-02,ok
fbcnet,0,sub-018,ses-01,ses-02,ses-01->ses-02,ok
fbcnet,1,sub-018,ses-01,ses-02,ses-01->ses-02,ok
fbcnet,2,sub-018,ses-01,ses-02,ses-01->ses-02,ok
fbcnet,3,sub-018,ses-01,ses-02,ses-01->ses-02,ok
fbcnet,4,sub-018,ses-01,ses-02,ses-01->ses-02,ok
eegnet,0,sub-018,ses-01,ses-03,ses-01->ses-03,ok
eegnet,1,sub-018,ses-01,ses-03,ses-01->ses-03,ok
eegnet,2,sub-018,ses-01,ses-03,ses-01->ses-03,ok
eegnet,3,sub-018,ses-01,ses-03,ses-01->ses-03,ok
eegnet,4,sub-018,ses-01,ses-03,ses-01->ses-03,ok
deepconvnet,0,sub-018,ses-01,ses-03,ses-01->ses-03,ok
deepconvnet,1,sub-018,ses-01,ses-03,ses-01->ses-03,ok
deepconvnet,2,sub-018,ses-01,ses-03,ses-01->ses-03,ok
deepconvnet,3,sub-018,ses-01,ses-03,ses-01->ses-03,ok
deepconvnet,4,sub-018,ses-01,ses-03,ses-01->ses-03,ok
fbcnet,0,sub-018,ses-01,ses-03,ses-01->ses-03,ok
fbcnet,1,sub-018,ses-01,ses-03,ses-01->ses-03,ok
fbcnet,2,sub-018,ses-01,ses-03,ses-01->ses-03,ok
fbcnet,3,sub-018,ses-01,ses-03,ses-01->ses-03,ok
fbcnet,4,sub-018,ses-01,ses-03,ses-01->ses-03,ok
eegnet,0,sub-018,ses-01,ses-04,ses-01->ses-04,ok
eegnet,1,sub-018,ses-01,ses-04,ses-01->ses-04,ok
eegnet,2,sub-018,ses-01,ses-04,ses-01->ses-04,ok
eegnet,3,sub-018,ses-01,ses-04,ses-01->ses-04,ok
eegnet,4,sub-018,ses-01,ses-04,ses-01->ses-04,ok
deepconvnet,0,sub-018,ses-01,ses-04,ses-01->ses-04,ok
deepconvnet,1,sub-018,ses-01,ses-04,ses-01->ses-04,ok
deepconvnet,2,sub-018,ses-01,ses-04,ses-01->ses-04,ok
deepconvnet,3,sub-018,ses-01,ses-04,ses-01->ses-04,ok
deepconvnet,4,sub-018,ses-01,ses-04,ses-01->ses-04,ok
fbcnet,0,sub-018,ses-01,ses-04,ses-01->ses-04,ok
fbcnet,1,sub-018,ses-01,ses-04,ses-01->ses-04,ok
fbcnet,2,sub-018,ses-01,ses-04,ses-01->ses-04,ok
fbcnet,3,sub-018,ses-01,ses-04,ses-01->ses-04,ok
fbcnet,4,sub-018,ses-01,ses-04,ses-01->ses-04,ok
eegnet,0,sub-018,ses-01,ses-05,ses-01->ses-05,ok
eegnet,1,sub-018,ses-01,ses-05,ses-01->ses-05,ok
eegnet,2,sub-018,ses-01,ses-05,ses-01->ses-05,ok
eegnet,3,sub-018,ses-01,ses-05,ses-01->ses-05,ok
eegnet,4,sub-018,ses-01,ses-05,ses-01->ses-05,ok
deepconvnet,0,sub-018,ses-01,ses-05,ses-01->ses-05,ok
deepconvnet,1,sub-018,ses-01,ses-05,ses-01->ses-05,ok
deepconvnet,2,sub-018,ses-01,ses-05,ses-01->ses-05,ok
deepconvnet,3,sub-018,ses-01,ses-05,ses-01->ses-05,ok
deepconvnet,4,sub-018,ses-01,ses-05,ses-01->ses-05,ok
fbcnet,0,sub-018,ses-01,ses-05,ses-01->ses-05,ok
fbcnet,1,sub-018,ses-01,ses-05,ses-01->ses-05,ok
fbcnet,2,sub-018,ses-01,ses-05,ses-01->ses-05,ok
fbcnet,3,sub-018,ses-01,ses-05,ses-01->ses-05,ok
fbcnet,4,sub-018,ses-01,ses-05,ses-01->ses-05,ok
eegnet,0,sub-018,ses-02,ses-01,ses-02->ses-01,ok
eegnet,1,sub-018,ses-02,ses-01,ses-02->ses-01,ok
eegnet,2,sub-018,ses-02,ses-01,ses-02->ses-01,ok
eegnet,3,sub-018,ses-02,ses-01,ses-02->ses-01,ok
eegnet,4,sub-018,ses-02,ses-01,ses-02->ses-01,ok
deepconvnet,0,sub-018,ses-02,ses-01,ses-02->ses-01,ok
deepconvnet,1,sub-018,ses-02,ses-01,ses-02->ses-01,ok
deepconvnet,2,sub-018,ses-02,ses-01,ses-02->ses-01,ok
deepconvnet,3,sub-018,ses-02,ses-01,ses-02->ses-01,ok
deepconvnet,4,sub-018,ses-02,ses-01,ses-02->ses-01,ok
fbcnet,0,sub-018,ses-02,ses-01,ses-02->ses-01,ok
fbcnet,1,sub-018,ses-02,ses-01,ses-02->ses-01,ok
fbcnet,2,sub-018,ses-02,ses-01,ses-02->ses-01,ok
fbcnet,3,sub-018,ses-02,ses-01,ses-02->ses-01,ok
fbcnet,4,sub-018,ses-02,ses-01,ses-02->ses-01,ok
eegnet,0,sub-018,ses-02,ses-03,ses-02->ses-03,ok
eegnet,1,sub-018,ses-02,ses-03,ses-02->ses-03,ok
eegnet,2,sub-018,ses-02,ses-03,ses-02->ses-03,ok
eegnet,3,sub-018,ses-02,ses-03,ses-02->ses-03,ok
eegnet,4,sub-018,ses-02,ses-03,ses-02->ses-03,ok
deepconvnet,0,sub-018,ses-02,ses-03,ses-02->ses-03,ok
deepconvnet,1,sub-018,ses-02,ses-03,ses-02->ses-03,ok
deepconvnet,2,sub-018,ses-02,ses-03,ses-02->ses-03,ok
deepconvnet,3,sub-018,ses-02,ses-03,ses-02->ses-03,ok
deepconvnet,4,sub-018,ses-02,ses-03,ses-02->ses-03,ok
fbcnet,0,sub-018,ses-02,ses-03,ses-02->ses-03,ok
fbcnet,1,sub-018,ses-02,ses-03,ses-02->ses-03,ok
fbcnet,2,sub-018,ses-02,ses-03,ses-02->ses-03,ok
fbcnet,3,sub-018,ses-02,ses-03,ses-02->ses-03,ok
fbcnet,4,sub-018,ses-02,ses-03,ses-02->ses-03,ok
eegnet,0,sub-018,ses-02,ses-04,ses-02->ses-04,ok
eegnet,1,sub-018,ses-02,ses-04,ses-02->ses-04,ok
eegnet,2,sub-018,ses-02,ses-04,ses-02->ses-04,ok
eegnet,3,sub-018,ses-02,ses-04,ses-02->ses-04,ok
eegnet,4,sub-018,ses-02,ses-04,ses-02->ses-04,ok
deepconvnet,0,sub-018,ses-02,ses-04,ses-02->ses-04,ok
deepconvnet,1,sub-018,ses-02,ses-04,ses-02->ses-04,ok
deepconvnet,2,sub-018,ses-02,ses-04,ses-02->ses-04,ok
deepconvnet,3,sub-018,ses-02,ses-04,ses-02->ses-04,ok
deepconvnet,4,sub-018,ses-02,ses-04,ses-02->ses-04,ok
fbcnet,0,sub-018,ses-02,ses-04,ses-02->ses-04,ok
fbcnet,1,sub-018,ses-02,ses-04,ses-02->ses-04,ok
fbcnet,2,sub-018,ses-02,ses-04,ses-02->ses-04,ok
fbcnet,3,sub-018,ses-02,ses-04,ses-02->ses-04,ok
fbcnet,4,sub-018,ses-02,ses-04,ses-02->ses-04,ok
eegnet,0,sub-018,ses-02,ses-05,ses-02->ses-05,ok
eegnet,1,sub-018,ses-02,ses-05,ses-02->ses-05,ok
eegnet,2,sub-018,ses-02,ses-05,ses-02->ses-05,ok
eegnet,3,sub-018,ses-02,ses-05,ses-02->ses-05,ok
eegnet,4,sub-018,ses-02,ses-05,ses-02->ses-05,ok
deepconvnet,0,sub-018,ses-02,ses-05,ses-02->ses-05,ok
deepconvnet,1,sub-018,ses-02,ses-05,ses-02->ses-05,ok
deepconvnet,2,sub-018,ses-02,ses-05,ses-02->ses-05,ok
deepconvnet,3,sub-018,ses-02,ses-05,ses-02->ses-05,ok
deepconvnet,4,sub-018,ses-02,ses-05,ses-02->ses-05,ok
fbcnet,0,sub-018,ses-02,ses-05,ses-02->ses-05,ok
fbcnet,1,sub-018,ses-02,ses-05,ses-02->ses-05,ok
fbcnet,2,sub-018,ses-02,ses-05,ses-02->ses-05,ok
fbcnet,3,sub-018,ses-02,ses-05,ses-02->ses-05,ok
fbcnet,4,sub-018,ses-02,ses-05,ses-02->ses-05,ok
eegnet,0,sub-018,ses-03,ses-01,ses-03->ses-01,ok
eegnet,1,sub-018,ses-03,ses-01,ses-03->ses-01,ok
eegnet,2,sub-018,ses-03,ses-01,ses-03->ses-01,ok
eegnet,3,sub-018,ses-03,ses-01,ses-03->ses-01,ok
eegnet,4,sub-018,ses-03,ses-01,ses-03->ses-01,ok
deepconvnet,0,sub-018,ses-03,ses-01,ses-03->ses-01,ok
deepconvnet,1,sub-018,ses-03,ses-01,ses-03->ses-01,ok
deepconvnet,2,sub-018,ses-03,ses-01,ses-03->ses-01,ok
deepconvnet,3,sub-018,ses-03,ses-01,ses-03->ses-01,ok
deepconvnet,4,sub-018,ses-03,ses-01,ses-03->ses-01,ok
fbcnet,0,sub-018,ses-03,ses-01,ses-03->ses-01,ok
fbcnet,1,sub-018,ses-03,ses-01,ses-03->ses-01,ok
fbcnet,2,sub-018,ses-03,ses-01,ses-03->ses-01,ok
fbcnet,3,sub-018,ses-03,ses-01,ses-03->ses-01,ok
fbcnet,4,sub-018,ses-03,ses-01,ses-03->ses-01,ok
eegnet,0,sub-018,ses-03,ses-02,ses-03->ses-02,ok
eegnet,1,sub-018,ses-03,ses-02,ses-03->ses-02,ok
eegnet,2,sub-018,ses-03,ses-02,ses-03->ses-02,ok
eegnet,3,sub-018,ses-03,ses-02,ses-03->ses-02,ok
eegnet,4,sub-018,ses-03,ses-02,ses-03->ses-02,ok
deepconvnet,0,sub-018,ses-03,ses-02,ses-03->ses-02,ok
deepconvnet,1,sub-018,ses-03,ses-02,ses-03->ses-02,ok
deepconvnet,2,sub-018,ses-03,ses-02,ses-03->ses-02,ok
deepconvnet,3,sub-018,ses-03,ses-02,ses-03->ses-02,ok
deepconvnet,4,sub-018,ses-03,ses-02,ses-03->ses-02,ok
fbcnet,0,sub-018,ses-03,ses-02,ses-03->ses-02,ok
fbcnet,1,sub-018,ses-03,ses-02,ses-03->ses-02,ok
fbcnet,2,sub-018,ses-03,ses-02,ses-03->ses-02,ok
fbcnet,3,sub-018,ses-03,ses-02,ses-03->ses-02,ok
fbcnet,4,sub-018,ses-03,ses-02,ses-03->ses-02,ok
eegnet,0,sub-018,ses-03,ses-04,ses-03->ses-04,ok
eegnet,1,sub-018,ses-03,ses-04,ses-03->ses-04,ok
eegnet,2,sub-018,ses-03,ses-04,ses-03->ses-04,ok
eegnet,3,sub-018,ses-03,ses-04,ses-03->ses-04,ok
eegnet,4,sub-018,ses-03,ses-04,ses-03->ses-04,ok
deepconvnet,0,sub-018,ses-03,ses-04,ses-03->ses-04,ok
deepconvnet,1,sub-018,ses-03,ses-04,ses-03->ses-04,ok
deepconvnet,2,sub-018,ses-03,ses-04,ses-03->ses-04,ok
deepconvnet,3,sub-018,ses-03,ses-04,ses-03->ses-04,ok
deepconvnet,4,sub-018,ses-03,ses-04,ses-03->ses-04,ok
fbcnet,0,sub-018,ses-03,ses-04,ses-03->ses-04,ok
fbcnet,1,sub-018,ses-03,ses-04,ses-03->ses-04,ok
fbcnet,2,sub-018,ses-03,ses-04,ses-03->ses-04,ok
fbcnet,3,sub-018,ses-03,ses-04,ses-03->ses-04,ok
fbcnet,4,sub-018,ses-03,ses-04,ses-03->ses-04,ok
eegnet,0,sub-018,ses-03,ses-05,ses-03->ses-05,ok
eegnet,1,sub-018,ses-03,ses-05,ses-03->ses-05,ok
eegnet,2,sub-018,ses-03,ses-05,ses-03->ses-05,ok
eegnet,3,sub-018,ses-03,ses-05,ses-03->ses-05,ok
eegnet,4,sub-018,ses-03,ses-05,ses-03->ses-05,ok
deepconvnet,0,sub-018,ses-03,ses-05,ses-03->ses-05,ok
deepconvnet,1,sub-018,ses-03,ses-05,ses-03->ses-05,ok
deepconvnet,2,sub-018,ses-03,ses-05,ses-03->ses-05,ok
deepconvnet,3,sub-018,ses-03,ses-05,ses-03->ses-05,ok
deepconvnet,4,sub-018,ses-03,ses-05,ses-03->ses-05,ok
fbcnet,0,sub-018,ses-03,ses-05,ses-03->ses-05,ok
fbcnet,1,sub-018,ses-03,ses-05,ses-03->ses-05,ok
fbcnet,2,sub-018,ses-03,ses-05,ses-03->ses-05,ok
fbcnet,3,sub-018,ses-03,ses-05,ses-03->ses-05,ok
fbcnet,4,sub-018,ses-03,ses-05,ses-03->ses-05,ok
eegnet,0,sub-018,ses-04,ses-01,ses-04->ses-01,ok
eegnet,1,sub-018,ses-04,ses-01,ses-04->ses-01,ok
eegnet,2,sub-018,ses-04,ses-01,ses-04->ses-01,ok
eegnet,3,sub-018,ses-04,ses-01,ses-04->ses-01,ok
eegnet,4,sub-018,ses-04,ses-01,ses-04->ses-01,ok
deepconvnet,0,sub-018,ses-04,ses-01,ses-04->ses-01,ok
deepconvnet,1,sub-018,ses-04,ses-01,ses-04->ses-01,ok
deepconvnet,2,sub-018,ses-04,ses-01,ses-04->ses-01,ok
deepconvnet,3,sub-018,ses-04,ses-01,ses-04->ses-01,ok
deepconvnet,4,sub-018,ses-04,ses-01,ses-04->ses-01,ok
fbcnet,0,sub-018,ses-04,ses-01,ses-04->ses-01,ok
fbcnet,1,sub-018,ses-04,ses-01,ses-04->ses-01,ok
fbcnet,2,sub-018,ses-04,ses-01,ses-04->ses-01,ok
fbcnet,3,sub-018,ses-04,ses-01,ses-04->ses-01,ok
fbcnet,4,sub-018,ses-04,ses-01,ses-04->ses-01,ok
eegnet,0,sub-018,ses-04,ses-02,ses-04->ses-02,ok
eegnet,1,sub-018,ses-04,ses-02,ses-04->ses-02,ok
eegnet,2,sub-018,ses-04,ses-02,ses-04->ses-02,ok
eegnet,3,sub-018,ses-04,ses-02,ses-04->ses-02,ok
eegnet,4,sub-018,ses-04,ses-02,ses-04->ses-02,ok
deepconvnet,0,sub-018,ses-04,ses-02,ses-04->ses-02,ok
deepconvnet,1,sub-018,ses-04,ses-02,ses-04->ses-02,ok
deepconvnet,2,sub-018,ses-04,ses-02,ses-04->ses-02,ok
deepconvnet,3,sub-018,ses-04,ses-02,ses-04->ses-02,ok
deepconvnet,4,sub-018,ses-04,ses-02,ses-04->ses-02,ok
fbcnet,0,sub-018,ses-04,ses-02,ses-04->ses-02,ok
fbcnet,1,sub-018,ses-04,ses-02,ses-04->ses-02,ok
fbcnet,2,sub-018,ses-04,ses-02,ses-04->ses-02,ok
fbcnet,3,sub-018,ses-04,ses-02,ses-04->ses-02,ok
fbcnet,4,sub-018,ses-04,ses-02,ses-04->ses-02,ok
eegnet,0,sub-018,ses-04,ses-03,ses-04->ses-03,ok
eegnet,1,sub-018,ses-04,ses-03,ses-04->ses-03,ok
eegnet,2,sub-018,ses-04,ses-03,ses-04->ses-03,ok
eegnet,3,sub-018,ses-04,ses-03,ses-04->ses-03,ok
eegnet,4,sub-018,ses-04,ses-03,ses-04->ses-03,ok
deepconvnet,0,sub-018,ses-04,ses-03,ses-04->ses-03,ok
deepconvnet,1,sub-018,ses-04,ses-03,ses-04->ses-03,ok
deepconvnet,2,sub-018,ses-04,ses-03,ses-04->ses-03,ok
deepconvnet,3,sub-018,ses-04,ses-03,ses-04->ses-03,ok
deepconvnet,4,sub-018,ses-04,ses-03,ses-04->ses-03,ok
fbcnet,0,sub-018,ses-04,ses-03,ses-04->ses-03,ok
fbcnet,1,sub-018,ses-04,ses-03,ses-04->ses-03,ok
fbcnet,2,sub-018,ses-04,ses-03,ses-04->ses-03,ok
fbcnet,3,sub-018,ses-04,ses-03,ses-04->ses-03,ok
fbcnet,4,sub-018,ses-04,ses-03,ses-04->ses-03,ok
eegnet,0,sub-018,ses-04,ses-05,ses-04->ses-05,ok
eegnet,1,sub-018,ses-04,ses-05,ses-04->ses-05,ok
eegnet,2,sub-018,ses-04,ses-05,ses-04->ses-05,ok
eegnet,3,sub-018,ses-04,ses-05,ses-04->ses-05,ok
eegnet,4,sub-018,ses-04,ses-05,ses-04->ses-05,ok
deepconvnet,0,sub-018,ses-04,ses-05,ses-04->ses-05,ok
deepconvnet,1,sub-018,ses-04,ses-05,ses-04->ses-05,ok
deepconvnet,2,sub-018,ses-04,ses-05,ses-04->ses-05,ok
deepconvnet,3,sub-018,ses-04,ses-05,ses-04->ses-05,ok
deepconvnet,4,sub-018,ses-04,ses-05,ses-04->ses-05,ok
fbcnet,0,sub-018,ses-04,ses-05,ses-04->ses-05,ok
fbcnet,1,sub-018,ses-04,ses-05,ses-04->ses-05,ok
fbcnet,2,sub-018,ses-04,ses-05,ses-04->ses-05,ok
fbcnet,3,sub-018,ses-04,ses-05,ses-04->ses-05,ok
fbcnet,4,sub-018,ses-04,ses-05,ses-04->ses-05,ok
eegnet,0,sub-018,ses-05,ses-01,ses-05->ses-01,ok
eegnet,1,sub-018,ses-05,ses-01,ses-05->ses-01,ok
eegnet,2,sub-018,ses-05,ses-01,ses-05->ses-01,ok
eegnet,3,sub-018,ses-05,ses-01,ses-05->ses-01,ok
eegnet,4,sub-018,ses-05,ses-01,ses-05->ses-01,ok
deepconvnet,0,sub-018,ses-05,ses-01,ses-05->ses-01,ok
deepconvnet,1,sub-018,ses-05,ses-01,ses-05->ses-01,ok
deepconvnet,2,sub-018,ses-05,ses-01,ses-05->ses-01,ok
deepconvnet,3,sub-018,ses-05,ses-01,ses-05->ses-01,ok
deepconvnet,4,sub-018,ses-05,ses-01,ses-05->ses-01,ok
fbcnet,0,sub-018,ses-05,ses-01,ses-05->ses-01,ok
fbcnet,1,sub-018,ses-05,ses-01,ses-05->ses-01,ok
fbcnet,2,sub-018,ses-05,ses-01,ses-05->ses-01,ok
fbcnet,3,sub-018,ses-05,ses-01,ses-05->ses-01,ok
fbcnet,4,sub-018,ses-05,ses-01,ses-05->ses-01,ok
eegnet,0,sub-018,ses-05,ses-02,ses-05->ses-02,ok
eegnet,1,sub-018,ses-05,ses-02,ses-05->ses-02,ok
eegnet,2,sub-018,ses-05,ses-02,ses-05->ses-02,ok
eegnet,3,sub-018,ses-05,ses-02,ses-05->ses-02,ok
eegnet,4,sub-018,ses-05,ses-02,ses-05->ses-02,ok
deepconvnet,0,sub-018,ses-05,ses-02,ses-05->ses-02,ok
deepconvnet,1,sub-018,ses-05,ses-02,ses-05->ses-02,ok
deepconvnet,2,sub-018,ses-05,ses-02,ses-05->ses-02,ok
deepconvnet,3,sub-018,ses-05,ses-02,ses-05->ses-02,ok
deepconvnet,4,sub-018,ses-05,ses-02,ses-05->ses-02,ok
fbcnet,0,sub-018,ses-05,ses-02,ses-05->ses-02,ok
fbcnet,1,sub-018,ses-05,ses-02,ses-05->ses-02,ok
fbcnet,2,sub-018,ses-05,ses-02,ses-05->ses-02,ok
fbcnet,3,sub-018,ses-05,ses-02,ses-05->ses-02,ok
fbcnet,4,sub-018,ses-05,ses-02,ses-05->ses-02,ok
eegnet,0,sub-018,ses-05,ses-03,ses-05->ses-03,ok
eegnet,1,sub-018,ses-05,ses-03,ses-05->ses-03,ok
eegnet,2,sub-018,ses-05,ses-03,ses-05->ses-03,ok
eegnet,3,sub-018,ses-05,ses-03,ses-05->ses-03,ok
eegnet,4,sub-018,ses-05,ses-03,ses-05->ses-03,ok
deepconvnet,0,sub-018,ses-05,ses-03,ses-05->ses-03,ok
deepconvnet,1,sub-018,ses-05,ses-03,ses-05->ses-03,ok
deepconvnet,2,sub-018,ses-05,ses-03,ses-05->ses-03,ok
deepconvnet,3,sub-018,ses-05,ses-03,ses-05->ses-03,ok
deepconvnet,4,sub-018,ses-05,ses-03,ses-05->ses-03,ok
fbcnet,0,sub-018,ses-05,ses-03,ses-05->ses-03,ok
fbcnet,1,sub-018,ses-05,ses-03,ses-05->ses-03,ok
fbcnet,2,sub-018,ses-05,ses-03,ses-05->ses-03,ok
fbcnet,3,sub-018,ses-05,ses-03,ses-05->ses-03,ok
fbcnet,4,sub-018,ses-05,ses-03,ses-05->ses-03,ok
eegnet,0,sub-018,ses-05,ses-04,ses-05->ses-04,ok
eegnet,1,sub-018,ses-05,ses-04,ses-05->ses-04,ok
eegnet,2,sub-018,ses-05,ses-04,ses-05->ses-04,ok
eegnet,3,sub-018,ses-05,ses-04,ses-05->ses-04,ok
eegnet,4,sub-018,ses-05,ses-04,ses-05->ses-04,ok
deepconvnet,0,sub-018,ses-05,ses-04,ses-05->ses-04,ok
deepconvnet,1,sub-018,ses-05,ses-04,ses-05->ses-04,ok
deepconvnet,2,sub-018,ses-05,ses-04,ses-05->ses-04,ok
deepconvnet,3,sub-018,ses-05,ses-04,ses-05->ses-04,ok
deepconvnet,4,sub-018,ses-05,ses-04,ses-05->ses-04,ok
fbcnet,0,sub-018,ses-05,ses-04,ses-05->ses-04,ok
fbcnet,1,sub-018,ses-05,ses-04,ses-05->ses-04,ok
fbcnet,2,sub-018,ses-05,ses-04,ses-05->ses-04,ok
fbcnet,3,sub-018,ses-05,ses-04,ses-05->ses-04,ok
fbcnet,4,sub-018,ses-05,ses-04,ses-05->ses-04,ok
eegnet,0,sub-019,ses-01,ses-02,ses-01->ses-02,ok
eegnet,1,sub-019,ses-01,ses-02,ses-01->ses-02,ok
eegnet,2,sub-019,ses-01,ses-02,ses-01->ses-02,ok
eegnet,3,sub-019,ses-01,ses-02,ses-01->ses-02,ok
eegnet,4,sub-019,ses-01,ses-02,ses-01->ses-02,ok
deepconvnet,0,sub-019,ses-01,ses-02,ses-01->ses-02,ok
deepconvnet,1,sub-019,ses-01,ses-02,ses-01->ses-02,ok
deepconvnet,2,sub-019,ses-01,ses-02,ses-01->ses-02,ok
deepconvnet,3,sub-019,ses-01,ses-02,ses-01->ses-02,ok
deepconvnet,4,sub-019,ses-01,ses-02,ses-01->ses-02,ok
fbcnet,0,sub-019,ses-01,ses-02,ses-01->ses-02,ok
fbcnet,1,sub-019,ses-01,ses-02,ses-01->ses-02,ok
fbcnet,2,sub-019,ses-01,ses-02,ses-01->ses-02,ok
fbcnet,3,sub-019,ses-01,ses-02,ses-01->ses-02,ok
fbcnet,4,sub-019,ses-01,ses-02,ses-01->ses-02,ok
eegnet,0,sub-019,ses-01,ses-03,ses-01->ses-03,ok
eegnet,1,sub-019,ses-01,ses-03,ses-01->ses-03,ok
eegnet,2,sub-019,ses-01,ses-03,ses-01->ses-03,ok
eegnet,3,sub-019,ses-01,ses-03,ses-01->ses-03,ok
eegnet,4,sub-019,ses-01,ses-03,ses-01->ses-03,ok
deepconvnet,0,sub-019,ses-01,ses-03,ses-01->ses-03,ok
deepconvnet,1,sub-019,ses-01,ses-03,ses-01->ses-03,ok
deepconvnet,2,sub-019,ses-01,ses-03,ses-01->ses-03,ok
deepconvnet,3,sub-019,ses-01,ses-03,ses-01->ses-03,ok
deepconvnet,4,sub-019,ses-01,ses-03,ses-01->ses-03,ok
fbcnet,0,sub-019,ses-01,ses-03,ses-01->ses-03,ok
fbcnet,1,sub-019,ses-01,ses-03,ses-01->ses-03,ok
fbcnet,2,sub-019,ses-01,ses-03,ses-01->ses-03,ok
fbcnet,3,sub-019,ses-01,ses-03,ses-01->ses-03,ok
fbcnet,4,sub-019,ses-01,ses-03,ses-01->ses-03,ok
eegnet,0,sub-019,ses-01,ses-04,ses-01->ses-04,ok
eegnet,1,sub-019,ses-01,ses-04,ses-01->ses-04,ok
eegnet,2,sub-019,ses-01,ses-04,ses-01->ses-04,ok
eegnet,3,sub-019,ses-01,ses-04,ses-01->ses-04,ok
eegnet,4,sub-019,ses-01,ses-04,ses-01->ses-04,ok
deepconvnet,0,sub-019,ses-01,ses-04,ses-01->ses-04,ok
deepconvnet,1,sub-019,ses-01,ses-04,ses-01->ses-04,ok
deepconvnet,2,sub-019,ses-01,ses-04,ses-01->ses-04,ok
deepconvnet,3,sub-019,ses-01,ses-04,ses-01->ses-04,ok
deepconvnet,4,sub-019,ses-01,ses-04,ses-01->ses-04,ok
fbcnet,0,sub-019,ses-01,ses-04,ses-01->ses-04,ok
fbcnet,1,sub-019,ses-01,ses-04,ses-01->ses-04,ok
fbcnet,2,sub-019,ses-01,ses-04,ses-01->ses-04,ok
fbcnet,3,sub-019,ses-01,ses-04,ses-01->ses-04,ok
fbcnet,4,sub-019,ses-01,ses-04,ses-01->ses-04,ok
eegnet,0,sub-019,ses-01,ses-05,ses-01->ses-05,ok
eegnet,1,sub-019,ses-01,ses-05,ses-01->ses-05,ok
eegnet,2,sub-019,ses-01,ses-05,ses-01->ses-05,ok
eegnet,3,sub-019,ses-01,ses-05,ses-01->ses-05,ok
eegnet,4,sub-019,ses-01,ses-05,ses-01->ses-05,ok
deepconvnet,0,sub-019,ses-01,ses-05,ses-01->ses-05,ok
deepconvnet,1,sub-019,ses-01,ses-05,ses-01->ses-05,ok
deepconvnet,2,sub-019,ses-01,ses-05,ses-01->ses-05,ok
deepconvnet,3,sub-019,ses-01,ses-05,ses-01->ses-05,ok
deepconvnet,4,sub-019,ses-01,ses-05,ses-01->ses-05,ok
fbcnet,0,sub-019,ses-01,ses-05,ses-01->ses-05,ok
fbcnet,1,sub-019,ses-01,ses-05,ses-01->ses-05,ok
fbcnet,2,sub-019,ses-01,ses-05,ses-01->ses-05,ok
fbcnet,3,sub-019,ses-01,ses-05,ses-01->ses-05,ok
fbcnet,4,sub-019,ses-01,ses-05,ses-01->ses-05,ok
eegnet,0,sub-019,ses-02,ses-01,ses-02->ses-01,ok
eegnet,1,sub-019,ses-02,ses-01,ses-02->ses-01,ok
eegnet,2,sub-019,ses-02,ses-01,ses-02->ses-01,ok
eegnet,3,sub-019,ses-02,ses-01,ses-02->ses-01,ok
eegnet,4,sub-019,ses-02,ses-01,ses-02->ses-01,ok
deepconvnet,0,sub-019,ses-02,ses-01,ses-02->ses-01,ok
deepconvnet,1,sub-019,ses-02,ses-01,ses-02->ses-01,ok
deepconvnet,2,sub-019,ses-02,ses-01,ses-02->ses-01,ok
deepconvnet,3,sub-019,ses-02,ses-01,ses-02->ses-01,ok
deepconvnet,4,sub-019,ses-02,ses-01,ses-02->ses-01,ok
fbcnet,0,sub-019,ses-02,ses-01,ses-02->ses-01,ok
fbcnet,1,sub-019,ses-02,ses-01,ses-02->ses-01,ok
fbcnet,2,sub-019,ses-02,ses-01,ses-02->ses-01,ok
fbcnet,3,sub-019,ses-02,ses-01,ses-02->ses-01,ok
fbcnet,4,sub-019,ses-02,ses-01,ses-02->ses-01,ok
eegnet,0,sub-019,ses-02,ses-03,ses-02->ses-03,ok
eegnet,1,sub-019,ses-02,ses-03,ses-02->ses-03,ok
eegnet,2,sub-019,ses-02,ses-03,ses-02->ses-03,ok
eegnet,3,sub-019,ses-02,ses-03,ses-02->ses-03,ok
eegnet,4,sub-019,ses-02,ses-03,ses-02->ses-03,ok
deepconvnet,0,sub-019,ses-02,ses-03,ses-02->ses-03,ok
deepconvnet,1,sub-019,ses-02,ses-03,ses-02->ses-03,ok
deepconvnet,2,sub-019,ses-02,ses-03,ses-02->ses-03,ok
deepconvnet,3,sub-019,ses-02,ses-03,ses-02->ses-03,ok
deepconvnet,4,sub-019,ses-02,ses-03,ses-02->ses-03,ok
fbcnet,0,sub-019,ses-02,ses-03,ses-02->ses-03,ok
fbcnet,1,sub-019,ses-02,ses-03,ses-02->ses-03,ok
fbcnet,2,sub-019,ses-02,ses-03,ses-02->ses-03,ok
fbcnet,3,sub-019,ses-02,ses-03,ses-02->ses-03,ok
fbcnet,4,sub-019,ses-02,ses-03,ses-02->ses-03,ok
eegnet,0,sub-019,ses-02,ses-04,ses-02->ses-04,ok
eegnet,1,sub-019,ses-02,ses-04,ses-02->ses-04,ok
eegnet,2,sub-019,ses-02,ses-04,ses-02->ses-04,ok
eegnet,3,sub-019,ses-02,ses-04,ses-02->ses-04,ok
eegnet,4,sub-019,ses-02,ses-04,ses-02->ses-04,ok
deepconvnet,0,sub-019,ses-02,ses-04,ses-02->ses-04,ok
deepconvnet,1,sub-019,ses-02,ses-04,ses-02->ses-04,ok
deepconvnet,2,sub-019,ses-02,ses-04,ses-02->ses-04,ok
deepconvnet,3,sub-019,ses-02,ses-04,ses-02->ses-04,ok
deepconvnet,4,sub-019,ses-02,ses-04,ses-02->ses-04,ok
fbcnet,0,sub-019,ses-02,ses-04,ses-02->ses-04,ok
fbcnet,1,sub-019,ses-02,ses-04,ses-02->ses-04,ok
fbcnet,2,sub-019,ses-02,ses-04,ses-02->ses-04,ok
fbcnet,3,sub-019,ses-02,ses-04,ses-02->ses-04,ok
fbcnet,4,sub-019,ses-02,ses-04,ses-02->ses-04,ok
eegnet,0,sub-019,ses-02,ses-05,ses-02->ses-05,ok
eegnet,1,sub-019,ses-02,ses-05,ses-02->ses-05,ok
eegnet,2,sub-019,ses-02,ses-05,ses-02->ses-05,ok
eegnet,3,sub-019,ses-02,ses-05,ses-02->ses-05,ok
eegnet,4,sub-019,ses-02,ses-05,ses-02->ses-05,ok
deepconvnet,0,sub-019,ses-02,ses-05,ses-02->ses-05,ok
deepconvnet,1,sub-019,ses-02,ses-05,ses-02->ses-05,ok
deepconvnet,2,sub-019,ses-02,ses-05,ses-02->ses-05,ok
deepconvnet,3,sub-019,ses-02,ses-05,ses-02->ses-05,ok
deepconvnet,4,sub-019,ses-02,ses-05,ses-02->ses-05,ok
fbcnet,0,sub-019,ses-02,ses-05,ses-02->ses-05,ok
fbcnet,1,sub-019,ses-02,ses-05,ses-02->ses-05,ok
fbcnet,2,sub-019,ses-02,ses-05,ses-02->ses-05,ok
fbcnet,3,sub-019,ses-02,ses-05,ses-02->ses-05,ok
fbcnet,4,sub-019,ses-02,ses-05,ses-02->ses-05,ok
eegnet,0,sub-019,ses-03,ses-01,ses-03->ses-01,ok
eegnet,1,sub-019,ses-03,ses-01,ses-03->ses-01,ok
eegnet,2,sub-019,ses-03,ses-01,ses-03->ses-01,ok
eegnet,3,sub-019,ses-03,ses-01,ses-03->ses-01,ok
eegnet,4,sub-019,ses-03,ses-01,ses-03->ses-01,ok
deepconvnet,0,sub-019,ses-03,ses-01,ses-03->ses-01,ok
deepconvnet,1,sub-019,ses-03,ses-01,ses-03->ses-01,ok
deepconvnet,2,sub-019,ses-03,ses-01,ses-03->ses-01,ok
deepconvnet,3,sub-019,ses-03,ses-01,ses-03->ses-01,ok
deepconvnet,4,sub-019,ses-03,ses-01,ses-03->ses-01,ok
fbcnet,0,sub-019,ses-03,ses-01,ses-03->ses-01,ok
fbcnet,1,sub-019,ses-03,ses-01,ses-03->ses-01,ok
fbcnet,2,sub-019,ses-03,ses-01,ses-03->ses-01,ok
fbcnet,3,sub-019,ses-03,ses-01,ses-03->ses-01,ok
fbcnet,4,sub-019,ses-03,ses-01,ses-03->ses-01,ok
eegnet,0,sub-019,ses-03,ses-02,ses-03->ses-02,ok
eegnet,1,sub-019,ses-03,ses-02,ses-03->ses-02,ok
eegnet,2,sub-019,ses-03,ses-02,ses-03->ses-02,ok
eegnet,3,sub-019,ses-03,ses-02,ses-03->ses-02,ok
eegnet,4,sub-019,ses-03,ses-02,ses-03->ses-02,ok
deepconvnet,0,sub-019,ses-03,ses-02,ses-03->ses-02,ok
deepconvnet,1,sub-019,ses-03,ses-02,ses-03->ses-02,ok
deepconvnet,2,sub-019,ses-03,ses-02,ses-03->ses-02,ok
deepconvnet,3,sub-019,ses-03,ses-02,ses-03->ses-02,ok
deepconvnet,4,sub-019,ses-03,ses-02,ses-03->ses-02,ok
fbcnet,0,sub-019,ses-03,ses-02,ses-03->ses-02,ok
fbcnet,1,sub-019,ses-03,ses-02,ses-03->ses-02,ok
fbcnet,2,sub-019,ses-03,ses-02,ses-03->ses-02,ok
fbcnet,3,sub-019,ses-03,ses-02,ses-03->ses-02,ok
fbcnet,4,sub-019,ses-03,ses-02,ses-03->ses-02,ok
eegnet,0,sub-019,ses-03,ses-04,ses-03->ses-04,ok
eegnet,1,sub-019,ses-03,ses-04,ses-03->ses-04,ok
eegnet,2,sub-019,ses-03,ses-04,ses-03->ses-04,ok
eegnet,3,sub-019,ses-03,ses-04,ses-03->ses-04,ok
eegnet,4,sub-019,ses-03,ses-04,ses-03->ses-04,ok
deepconvnet,0,sub-019,ses-03,ses-04,ses-03->ses-04,ok
deepconvnet,1,sub-019,ses-03,ses-04,ses-03->ses-04,ok
deepconvnet,2,sub-019,ses-03,ses-04,ses-03->ses-04,ok
deepconvnet,3,sub-019,ses-03,ses-04,ses-03->ses-04,ok
deepconvnet,4,sub-019,ses-03,ses-04,ses-03->ses-04,ok
fbcnet,0,sub-019,ses-03,ses-04,ses-03->ses-04,ok
fbcnet,1,sub-019,ses-03,ses-04,ses-03->ses-04,ok
fbcnet,2,sub-019,ses-03,ses-04,ses-03->ses-04,ok
fbcnet,3,sub-019,ses-03,ses-04,ses-03->ses-04,ok
fbcnet,4,sub-019,ses-03,ses-04,ses-03->ses-04,ok
eegnet,0,sub-019,ses-03,ses-05,ses-03->ses-05,ok
eegnet,1,sub-019,ses-03,ses-05,ses-03->ses-05,ok
eegnet,2,sub-019,ses-03,ses-05,ses-03->ses-05,ok
eegnet,3,sub-019,ses-03,ses-05,ses-03->ses-05,ok
eegnet,4,sub-019,ses-03,ses-05,ses-03->ses-05,ok
deepconvnet,0,sub-019,ses-03,ses-05,ses-03->ses-05,ok
deepconvnet,1,sub-019,ses-03,ses-05,ses-03->ses-05,ok
deepconvnet,2,sub-019,ses-03,ses-05,ses-03->ses-05,ok
deepconvnet,3,sub-019,ses-03,ses-05,ses-03->ses-05,ok
deepconvnet,4,sub-019,ses-03,ses-05,ses-03->ses-05,ok
fbcnet,0,sub-019,ses-03,ses-05,ses-03->ses-05,ok
fbcnet,1,sub-019,ses-03,ses-05,ses-03->ses-05,ok
fbcnet,2,sub-019,ses-03,ses-05,ses-03->ses-05,ok
fbcnet,3,sub-019,ses-03,ses-05,ses-03->ses-05,ok
fbcnet,4,sub-019,ses-03,ses-05,ses-03->ses-05,ok
eegnet,0,sub-019,ses-04,ses-01,ses-04->ses-01,ok
eegnet,1,sub-019,ses-04,ses-01,ses-04->ses-01,ok
eegnet,2,sub-019,ses-04,ses-01,ses-04->ses-01,ok
eegnet,3,sub-019,ses-04,ses-01,ses-04->ses-01,ok
eegnet,4,sub-019,ses-04,ses-01,ses-04->ses-01,ok
deepconvnet,0,sub-019,ses-04,ses-01,ses-04->ses-01,ok
deepconvnet,1,sub-019,ses-04,ses-01,ses-04->ses-01,ok
deepconvnet,2,sub-019,ses-04,ses-01,ses-04->ses-01,ok
deepconvnet,3,sub-019,ses-04,ses-01,ses-04->ses-01,ok
deepconvnet,4,sub-019,ses-04,ses-01,ses-04->ses-01,ok
fbcnet,0,sub-019,ses-04,ses-01,ses-04->ses-01,ok
fbcnet,1,sub-019,ses-04,ses-01,ses-04->ses-01,ok
fbcnet,2,sub-019,ses-04,ses-01,ses-04->ses-01,ok
fbcnet,3,sub-019,ses-04,ses-01,ses-04->ses-01,ok
fbcnet,4,sub-019,ses-04,ses-01,ses-04->ses-01,ok
eegnet,0,sub-019,ses-04,ses-02,ses-04->ses-02,ok
eegnet,1,sub-019,ses-04,ses-02,ses-04->ses-02,ok
eegnet,2,sub-019,ses-04,ses-02,ses-04->ses-02,ok
eegnet,3,sub-019,ses-04,ses-02,ses-04->ses-02,ok
eegnet,4,sub-019,ses-04,ses-02,ses-04->ses-02,ok
deepconvnet,0,sub-019,ses-04,ses-02,ses-04->ses-02,ok
deepconvnet,1,sub-019,ses-04,ses-02,ses-04->ses-02,ok
deepconvnet,2,sub-019,ses-04,ses-02,ses-04->ses-02,ok
deepconvnet,3,sub-019,ses-04,ses-02,ses-04->ses-02,ok
deepconvnet,4,sub-019,ses-04,ses-02,ses-04->ses-02,ok
fbcnet,0,sub-019,ses-04,ses-02,ses-04->ses-02,ok
fbcnet,1,sub-019,ses-04,ses-02,ses-04->ses-02,ok
fbcnet,2,sub-019,ses-04,ses-02,ses-04->ses-02,ok
fbcnet,3,sub-019,ses-04,ses-02,ses-04->ses-02,ok
fbcnet,4,sub-019,ses-04,ses-02,ses-04->ses-02,ok
eegnet,0,sub-019,ses-04,ses-03,ses-04->ses-03,ok
eegnet,1,sub-019,ses-04,ses-03,ses-04->ses-03,ok
eegnet,2,sub-019,ses-04,ses-03,ses-04->ses-03,ok
eegnet,3,sub-019,ses-04,ses-03,ses-04->ses-03,ok
eegnet,4,sub-019,ses-04,ses-03,ses-04->ses-03,ok
deepconvnet,0,sub-019,ses-04,ses-03,ses-04->ses-03,ok
deepconvnet,1,sub-019,ses-04,ses-03,ses-04->ses-03,ok
deepconvnet,2,sub-019,ses-04,ses-03,ses-04->ses-03,ok
deepconvnet,3,sub-019,ses-04,ses-03,ses-04->ses-03,ok
deepconvnet,4,sub-019,ses-04,ses-03,ses-04->ses-03,ok
fbcnet,0,sub-019,ses-04,ses-03,ses-04->ses-03,ok
fbcnet,1,sub-019,ses-04,ses-03,ses-04->ses-03,ok
fbcnet,2,sub-019,ses-04,ses-03,ses-04->ses-03,ok
fbcnet,3,sub-019,ses-04,ses-03,ses-04->ses-03,ok
fbcnet,4,sub-019,ses-04,ses-03,ses-04->ses-03,ok
eegnet,0,sub-019,ses-04,ses-05,ses-04->ses-05,ok
eegnet,1,sub-019,ses-04,ses-05,ses-04->ses-05,ok
eegnet,2,sub-019,ses-04,ses-05,ses-04->ses-05,ok
eegnet,3,sub-019,ses-04,ses-05,ses-04->ses-05,ok
eegnet,4,sub-019,ses-04,ses-05,ses-04->ses-05,ok
deepconvnet,0,sub-019,ses-04,ses-05,ses-04->ses-05,ok
deepconvnet,1,sub-019,ses-04,ses-05,ses-04->ses-05,ok
deepconvnet,2,sub-019,ses-04,ses-05,ses-04->ses-05,ok
deepconvnet,3,sub-019,ses-04,ses-05,ses-04->ses-05,ok
deepconvnet,4,sub-019,ses-04,ses-05,ses-04->ses-05,ok
fbcnet,0,sub-019,ses-04,ses-05,ses-04->ses-05,ok
fbcnet,1,sub-019,ses-04,ses-05,ses-04->ses-05,ok
fbcnet,2,sub-019,ses-04,ses-05,ses-04->ses-05,ok
fbcnet,3,sub-019,ses-04,ses-05,ses-04->ses-05,ok
fbcnet,4,sub-019,ses-04,ses-05,ses-04->ses-05,ok
eegnet,0,sub-019,ses-05,ses-01,ses-05->ses-01,ok
eegnet,1,sub-019,ses-05,ses-01,ses-05->ses-01,ok
eegnet,2,sub-019,ses-05,ses-01,ses-05->ses-01,ok
eegnet,3,sub-019,ses-05,ses-01,ses-05->ses-01,ok
eegnet,4,sub-019,ses-05,ses-01,ses-05->ses-01,ok
deepconvnet,0,sub-019,ses-05,ses-01,ses-05->ses-01,ok
deepconvnet,1,sub-019,ses-05,ses-01,ses-05->ses-01,ok
deepconvnet,2,sub-019,ses-05,ses-01,ses-05->ses-01,ok
deepconvnet,3,sub-019,ses-05,ses-01,ses-05->ses-01,ok
deepconvnet,4,sub-019,ses-05,ses-01,ses-05->ses-01,ok
fbcnet,0,sub-019,ses-05,ses-01,ses-05->ses-01,ok
fbcnet,1,sub-019,ses-05,ses-01,ses-05->ses-01,ok
fbcnet,2,sub-019,ses-05,ses-01,ses-05->ses-01,ok
fbcnet,3,sub-019,ses-05,ses-01,ses-05->ses-01,ok
fbcnet,4,sub-019,ses-05,ses-01,ses-05->ses-01,ok
eegnet,0,sub-019,ses-05,ses-02,ses-05->ses-02,ok
eegnet,1,sub-019,ses-05,ses-02,ses-05->ses-02,ok
eegnet,2,sub-019,ses-05,ses-02,ses-05->ses-02,ok
eegnet,3,sub-019,ses-05,ses-02,ses-05->ses-02,ok
eegnet,4,sub-019,ses-05,ses-02,ses-05->ses-02,ok
deepconvnet,0,sub-019,ses-05,ses-02,ses-05->ses-02,ok
deepconvnet,1,sub-019,ses-05,ses-02,ses-05->ses-02,ok
deepconvnet,2,sub-019,ses-05,ses-02,ses-05->ses-02,ok
deepconvnet,3,sub-019,ses-05,ses-02,ses-05->ses-02,ok
deepconvnet,4,sub-019,ses-05,ses-02,ses-05->ses-02,ok
fbcnet,0,sub-019,ses-05,ses-02,ses-05->ses-02,ok
fbcnet,1,sub-019,ses-05,ses-02,ses-05->ses-02,ok
fbcnet,2,sub-019,ses-05,ses-02,ses-05->ses-02,ok
fbcnet,3,sub-019,ses-05,ses-02,ses-05->ses-02,ok
fbcnet,4,sub-019,ses-05,ses-02,ses-05->ses-02,ok
eegnet,0,sub-019,ses-05,ses-03,ses-05->ses-03,ok
eegnet,1,sub-019,ses-05,ses-03,ses-05->ses-03,ok
eegnet,2,sub-019,ses-05,ses-03,ses-05->ses-03,ok
eegnet,3,sub-019,ses-05,ses-03,ses-05->ses-03,ok
eegnet,4,sub-019,ses-05,ses-03,ses-05->ses-03,ok
deepconvnet,0,sub-019,ses-05,ses-03,ses-05->ses-03,ok
deepconvnet,1,sub-019,ses-05,ses-03,ses-05->ses-03,ok
deepconvnet,2,sub-019,ses-05,ses-03,ses-05->ses-03,ok
deepconvnet,3,sub-019,ses-05,ses-03,ses-05->ses-03,ok
deepconvnet,4,sub-019,ses-05,ses-03,ses-05->ses-03,ok
fbcnet,0,sub-019,ses-05,ses-03,ses-05->ses-03,ok
fbcnet,1,sub-019,ses-05,ses-03,ses-05->ses-03,ok
fbcnet,2,sub-019,ses-05,ses-03,ses-05->ses-03,ok
fbcnet,3,sub-019,ses-05,ses-03,ses-05->ses-03,ok
fbcnet,4,sub-019,ses-05,ses-03,ses-05->ses-03,ok
eegnet,0,sub-019,ses-05,ses-04,ses-05->ses-04,ok
eegnet,1,sub-019,ses-05,ses-04,ses-05->ses-04,ok
eegnet,2,sub-019,ses-05,ses-04,ses-05->ses-04,ok
eegnet,3,sub-019,ses-05,ses-04,ses-05->ses-04,ok
eegnet,4,sub-019,ses-05,ses-04,ses-05->ses-04,ok
deepconvnet,0,sub-019,ses-05,ses-04,ses-05->ses-04,ok
deepconvnet,1,sub-019,ses-05,ses-04,ses-05->ses-04,ok
deepconvnet,2,sub-019,ses-05,ses-04,ses-05->ses-04,ok
deepconvnet,3,sub-019,ses-05,ses-04,ses-05->ses-04,ok
deepconvnet,4,sub-019,ses-05,ses-04,ses-05->ses-04,ok
fbcnet,0,sub-019,ses-05,ses-04,ses-05->ses-04,ok
fbcnet,1,sub-019,ses-05,ses-04,ses-05->ses-04,ok
fbcnet,2,sub-019,ses-05,ses-04,ses-05->ses-04,ok
fbcnet,3,sub-019,ses-05,ses-04,ses-05->ses-04,ok
fbcnet,4,sub-019,ses-05,ses-04,ses-05->ses-04,ok
eegnet,0,sub-020,ses-01,ses-02,ses-01->ses-02,ok
eegnet,1,sub-020,ses-01,ses-02,ses-01->ses-02,ok
eegnet,2,sub-020,ses-01,ses-02,ses-01->ses-02,ok
eegnet,3,sub-020,ses-01,ses-02,ses-01->ses-02,ok
eegnet,4,sub-020,ses-01,ses-02,ses-01->ses-02,ok
deepconvnet,0,sub-020,ses-01,ses-02,ses-01->ses-02,ok
deepconvnet,1,sub-020,ses-01,ses-02,ses-01->ses-02,ok
deepconvnet,2,sub-020,ses-01,ses-02,ses-01->ses-02,ok
deepconvnet,3,sub-020,ses-01,ses-02,ses-01->ses-02,ok
deepconvnet,4,sub-020,ses-01,ses-02,ses-01->ses-02,ok
fbcnet,0,sub-020,ses-01,ses-02,ses-01->ses-02,ok
fbcnet,1,sub-020,ses-01,ses-02,ses-01->ses-02,ok
fbcnet,2,sub-020,ses-01,ses-02,ses-01->ses-02,ok
fbcnet,3,sub-020,ses-01,ses-02,ses-01->ses-02,ok
fbcnet,4,sub-020,ses-01,ses-02,ses-01->ses-02,ok
eegnet,0,sub-020,ses-01,ses-03,ses-01->ses-03,ok
eegnet,1,sub-020,ses-01,ses-03,ses-01->ses-03,ok
eegnet,2,sub-020,ses-01,ses-03,ses-01->ses-03,ok
eegnet,3,sub-020,ses-01,ses-03,ses-01->ses-03,ok
eegnet,4,sub-020,ses-01,ses-03,ses-01->ses-03,ok
deepconvnet,0,sub-020,ses-01,ses-03,ses-01->ses-03,ok
deepconvnet,1,sub-020,ses-01,ses-03,ses-01->ses-03,ok
deepconvnet,2,sub-020,ses-01,ses-03,ses-01->ses-03,ok
deepconvnet,3,sub-020,ses-01,ses-03,ses-01->ses-03,ok
deepconvnet,4,sub-020,ses-01,ses-03,ses-01->ses-03,ok
fbcnet,0,sub-020,ses-01,ses-03,ses-01->ses-03,ok
fbcnet,1,sub-020,ses-01,ses-03,ses-01->ses-03,ok
fbcnet,2,sub-020,ses-01,ses-03,ses-01->ses-03,ok
fbcnet,3,sub-020,ses-01,ses-03,ses-01->ses-03,ok
fbcnet,4,sub-020,ses-01,ses-03,ses-01->ses-03,ok
eegnet,0,sub-020,ses-01,ses-04,ses-01->ses-04,ok
eegnet,1,sub-020,ses-01,ses-04,ses-01->ses-04,ok
eegnet,2,sub-020,ses-01,ses-04,ses-01->ses-04,ok
eegnet,3,sub-020,ses-01,ses-04,ses-01->ses-04,ok
eegnet,4,sub-020,ses-01,ses-04,ses-01->ses-04,ok
deepconvnet,0,sub-020,ses-01,ses-04,ses-01->ses-04,ok
deepconvnet,1,sub-020,ses-01,ses-04,ses-01->ses-04,ok
deepconvnet,2,sub-020,ses-01,ses-04,ses-01->ses-04,ok
deepconvnet,3,sub-020,ses-01,ses-04,ses-01->ses-04,ok
deepconvnet,4,sub-020,ses-01,ses-04,ses-01->ses-04,ok
fbcnet,0,sub-020,ses-01,ses-04,ses-01->ses-04,ok
fbcnet,1,sub-020,ses-01,ses-04,ses-01->ses-04,ok
fbcnet,2,sub-020,ses-01,ses-04,ses-01->ses-04,ok
fbcnet,3,sub-020,ses-01,ses-04,ses-01->ses-04,ok
fbcnet,4,sub-020,ses-01,ses-04,ses-01->ses-04,ok
eegnet,0,sub-020,ses-01,ses-05,ses-01->ses-05,ok
eegnet,1,sub-020,ses-01,ses-05,ses-01->ses-05,ok
eegnet,2,sub-020,ses-01,ses-05,ses-01->ses-05,ok
eegnet,3,sub-020,ses-01,ses-05,ses-01->ses-05,ok
eegnet,4,sub-020,ses-01,ses-05,ses-01->ses-05,ok
deepconvnet,0,sub-020,ses-01,ses-05,ses-01->ses-05,ok
deepconvnet,1,sub-020,ses-01,ses-05,ses-01->ses-05,ok
deepconvnet,2,sub-020,ses-01,ses-05,ses-01->ses-05,ok
deepconvnet,3,sub-020,ses-01,ses-05,ses-01->ses-05,ok
deepconvnet,4,sub-020,ses-01,ses-05,ses-01->ses-05,ok
fbcnet,0,sub-020,ses-01,ses-05,ses-01->ses-05,ok
fbcnet,1,sub-020,ses-01,ses-05,ses-01->ses-05,ok
fbcnet,2,sub-020,ses-01,ses-05,ses-01->ses-05,ok
fbcnet,3,sub-020,ses-01,ses-05,ses-01->ses-05,ok
fbcnet,4,sub-020,ses-01,ses-05,ses-01->ses-05,ok
eegnet,0,sub-020,ses-02,ses-01,ses-02->ses-01,ok
eegnet,1,sub-020,ses-02,ses-01,ses-02->ses-01,ok
eegnet,2,sub-020,ses-02,ses-01,ses-02->ses-01,ok
eegnet,3,sub-020,ses-02,ses-01,ses-02->ses-01,ok
eegnet,4,sub-020,ses-02,ses-01,ses-02->ses-01,ok
deepconvnet,0,sub-020,ses-02,ses-01,ses-02->ses-01,ok
deepconvnet,1,sub-020,ses-02,ses-01,ses-02->ses-01,ok
deepconvnet,2,sub-020,ses-02,ses-01,ses-02->ses-01,ok
deepconvnet,3,sub-020,ses-02,ses-01,ses-02->ses-01,ok
deepconvnet,4,sub-020,ses-02,ses-01,ses-02->ses-01,ok
fbcnet,0,sub-020,ses-02,ses-01,ses-02->ses-01,ok
fbcnet,1,sub-020,ses-02,ses-01,ses-02->ses-01,ok
fbcnet,2,sub-020,ses-02,ses-01,ses-02->ses-01,ok
fbcnet,3,sub-020,ses-02,ses-01,ses-02->ses-01,ok
fbcnet,4,sub-020,ses-02,ses-01,ses-02->ses-01,ok
eegnet,0,sub-020,ses-02,ses-03,ses-02->ses-03,ok
eegnet,1,sub-020,ses-02,ses-03,ses-02->ses-03,ok
eegnet,2,sub-020,ses-02,ses-03,ses-02->ses-03,ok
eegnet,3,sub-020,ses-02,ses-03,ses-02->ses-03,ok
eegnet,4,sub-020,ses-02,ses-03,ses-02->ses-03,ok
deepconvnet,0,sub-020,ses-02,ses-03,ses-02->ses-03,ok
deepconvnet,1,sub-020,ses-02,ses-03,ses-02->ses-03,ok
deepconvnet,2,sub-020,ses-02,ses-03,ses-02->ses-03,ok
deepconvnet,3,sub-020,ses-02,ses-03,ses-02->ses-03,ok
deepconvnet,4,sub-020,ses-02,ses-03,ses-02->ses-03,ok
fbcnet,0,sub-020,ses-02,ses-03,ses-02->ses-03,ok
fbcnet,1,sub-020,ses-02,ses-03,ses-02->ses-03,ok
fbcnet,2,sub-020,ses-02,ses-03,ses-02->ses-03,ok
fbcnet,3,sub-020,ses-02,ses-03,ses-02->ses-03,ok
fbcnet,4,sub-020,ses-02,ses-03,ses-02->ses-03,ok
eegnet,0,sub-020,ses-02,ses-04,ses-02->ses-04,ok
eegnet,1,sub-020,ses-02,ses-04,ses-02->ses-04,ok
eegnet,2,sub-020,ses-02,ses-04,ses-02->ses-04,ok
eegnet,3,sub-020,ses-02,ses-04,ses-02->ses-04,ok
eegnet,4,sub-020,ses-02,ses-04,ses-02->ses-04,ok
deepconvnet,0,sub-020,ses-02,ses-04,ses-02->ses-04,ok
deepconvnet,1,sub-020,ses-02,ses-04,ses-02->ses-04,ok
deepconvnet,2,sub-020,ses-02,ses-04,ses-02->ses-04,ok
deepconvnet,3,sub-020,ses-02,ses-04,ses-02->ses-04,ok
deepconvnet,4,sub-020,ses-02,ses-04,ses-02->ses-04,ok
fbcnet,0,sub-020,ses-02,ses-04,ses-02->ses-04,ok
fbcnet,1,sub-020,ses-02,ses-04,ses-02->ses-04,ok
fbcnet,2,sub-020,ses-02,ses-04,ses-02->ses-04,ok
fbcnet,3,sub-020,ses-02,ses-04,ses-02->ses-04,ok
fbcnet,4,sub-020,ses-02,ses-04,ses-02->ses-04,ok
eegnet,0,sub-020,ses-02,ses-05,ses-02->ses-05,ok
eegnet,1,sub-020,ses-02,ses-05,ses-02->ses-05,ok
eegnet,2,sub-020,ses-02,ses-05,ses-02->ses-05,ok
eegnet,3,sub-020,ses-02,ses-05,ses-02->ses-05,ok
eegnet,4,sub-020,ses-02,ses-05,ses-02->ses-05,ok
deepconvnet,0,sub-020,ses-02,ses-05,ses-02->ses-05,ok
deepconvnet,1,sub-020,ses-02,ses-05,ses-02->ses-05,ok
deepconvnet,2,sub-020,ses-02,ses-05,ses-02->ses-05,ok
deepconvnet,3,sub-020,ses-02,ses-05,ses-02->ses-05,ok
deepconvnet,4,sub-020,ses-02,ses-05,ses-02->ses-05,ok
fbcnet,0,sub-020,ses-02,ses-05,ses-02->ses-05,ok
fbcnet,1,sub-020,ses-02,ses-05,ses-02->ses-05,ok
fbcnet,2,sub-020,ses-02,ses-05,ses-02->ses-05,ok
fbcnet,3,sub-020,ses-02,ses-05,ses-02->ses-05,ok
fbcnet,4,sub-020,ses-02,ses-05,ses-02->ses-05,ok
eegnet,0,sub-020,ses-03,ses-01,ses-03->ses-01,ok
eegnet,1,sub-020,ses-03,ses-01,ses-03->ses-01,ok
eegnet,2,sub-020,ses-03,ses-01,ses-03->ses-01,ok
eegnet,3,sub-020,ses-03,ses-01,ses-03->ses-01,ok
eegnet,4,sub-020,ses-03,ses-01,ses-03->ses-01,ok
deepconvnet,0,sub-020,ses-03,ses-01,ses-03->ses-01,ok
deepconvnet,1,sub-020,ses-03,ses-01,ses-03->ses-01,ok
deepconvnet,2,sub-020,ses-03,ses-01,ses-03->ses-01,ok
deepconvnet,3,sub-020,ses-03,ses-01,ses-03->ses-01,ok
deepconvnet,4,sub-020,ses-03,ses-01,ses-03->ses-01,ok
fbcnet,0,sub-020,ses-03,ses-01,ses-03->ses-01,ok
fbcnet,1,sub-020,ses-03,ses-01,ses-03->ses-01,ok
fbcnet,2,sub-020,ses-03,ses-01,ses-03->ses-01,ok
fbcnet,3,sub-020,ses-03,ses-01,ses-03->ses-01,ok
fbcnet,4,sub-020,ses-03,ses-01,ses-03->ses-01,ok
eegnet,0,sub-020,ses-03,ses-02,ses-03->ses-02,ok
eegnet,1,sub-020,ses-03,ses-02,ses-03->ses-02,ok
eegnet,2,sub-020,ses-03,ses-02,ses-03->ses-02,ok
eegnet,3,sub-020,ses-03,ses-02,ses-03->ses-02,ok
eegnet,4,sub-020,ses-03,ses-02,ses-03->ses-02,ok
deepconvnet,0,sub-020,ses-03,ses-02,ses-03->ses-02,ok
deepconvnet,1,sub-020,ses-03,ses-02,ses-03->ses-02,ok
deepconvnet,2,sub-020,ses-03,ses-02,ses-03->ses-02,ok
deepconvnet,3,sub-020,ses-03,ses-02,ses-03->ses-02,ok
deepconvnet,4,sub-020,ses-03,ses-02,ses-03->ses-02,ok
fbcnet,0,sub-020,ses-03,ses-02,ses-03->ses-02,ok
fbcnet,1,sub-020,ses-03,ses-02,ses-03->ses-02,ok
fbcnet,2,sub-020,ses-03,ses-02,ses-03->ses-02,ok
fbcnet,3,sub-020,ses-03,ses-02,ses-03->ses-02,ok
fbcnet,4,sub-020,ses-03,ses-02,ses-03->ses-02,ok
eegnet,0,sub-020,ses-03,ses-04,ses-03->ses-04,ok
eegnet,1,sub-020,ses-03,ses-04,ses-03->ses-04,ok
eegnet,2,sub-020,ses-03,ses-04,ses-03->ses-04,ok
eegnet,3,sub-020,ses-03,ses-04,ses-03->ses-04,ok
eegnet,4,sub-020,ses-03,ses-04,ses-03->ses-04,ok
deepconvnet,0,sub-020,ses-03,ses-04,ses-03->ses-04,ok
deepconvnet,1,sub-020,ses-03,ses-04,ses-03->ses-04,ok
deepconvnet,2,sub-020,ses-03,ses-04,ses-03->ses-04,ok
deepconvnet,3,sub-020,ses-03,ses-04,ses-03->ses-04,ok
deepconvnet,4,sub-020,ses-03,ses-04,ses-03->ses-04,ok
fbcnet,0,sub-020,ses-03,ses-04,ses-03->ses-04,ok
fbcnet,1,sub-020,ses-03,ses-04,ses-03->ses-04,ok
fbcnet,2,sub-020,ses-03,ses-04,ses-03->ses-04,ok
fbcnet,3,sub-020,ses-03,ses-04,ses-03->ses-04,ok
fbcnet,4,sub-020,ses-03,ses-04,ses-03->ses-04,ok
eegnet,0,sub-020,ses-03,ses-05,ses-03->ses-05,ok
eegnet,1,sub-020,ses-03,ses-05,ses-03->ses-05,ok
eegnet,2,sub-020,ses-03,ses-05,ses-03->ses-05,ok
eegnet,3,sub-020,ses-03,ses-05,ses-03->ses-05,ok
eegnet,4,sub-020,ses-03,ses-05,ses-03->ses-05,ok
deepconvnet,0,sub-020,ses-03,ses-05,ses-03->ses-05,ok
deepconvnet,1,sub-020,ses-03,ses-05,ses-03->ses-05,ok
deepconvnet,2,sub-020,ses-03,ses-05,ses-03->ses-05,ok
deepconvnet,3,sub-020,ses-03,ses-05,ses-03->ses-05,ok
deepconvnet,4,sub-020,ses-03,ses-05,ses-03->ses-05,ok
fbcnet,0,sub-020,ses-03,ses-05,ses-03->ses-05,ok
fbcnet,1,sub-020,ses-03,ses-05,ses-03->ses-05,ok
fbcnet,2,sub-020,ses-03,ses-05,ses-03->ses-05,ok
fbcnet,3,sub-020,ses-03,ses-05,ses-03->ses-05,ok
fbcnet,4,sub-020,ses-03,ses-05,ses-03->ses-05,ok
eegnet,0,sub-020,ses-04,ses-01,ses-04->ses-01,ok
eegnet,1,sub-020,ses-04,ses-01,ses-04->ses-01,ok
eegnet,2,sub-020,ses-04,ses-01,ses-04->ses-01,ok
eegnet,3,sub-020,ses-04,ses-01,ses-04->ses-01,ok
eegnet,4,sub-020,ses-04,ses-01,ses-04->ses-01,ok
deepconvnet,0,sub-020,ses-04,ses-01,ses-04->ses-01,ok
deepconvnet,1,sub-020,ses-04,ses-01,ses-04->ses-01,ok
deepconvnet,2,sub-020,ses-04,ses-01,ses-04->ses-01,ok
deepconvnet,3,sub-020,ses-04,ses-01,ses-04->ses-01,ok
deepconvnet,4,sub-020,ses-04,ses-01,ses-04->ses-01,ok
fbcnet,0,sub-020,ses-04,ses-01,ses-04->ses-01,ok
fbcnet,1,sub-020,ses-04,ses-01,ses-04->ses-01,ok
fbcnet,2,sub-020,ses-04,ses-01,ses-04->ses-01,ok
fbcnet,3,sub-020,ses-04,ses-01,ses-04->ses-01,ok
fbcnet,4,sub-020,ses-04,ses-01,ses-04->ses-01,ok
eegnet,0,sub-020,ses-04,ses-02,ses-04->ses-02,ok
eegnet,1,sub-020,ses-04,ses-02,ses-04->ses-02,ok
eegnet,2,sub-020,ses-04,ses-02,ses-04->ses-02,ok
eegnet,3,sub-020,ses-04,ses-02,ses-04->ses-02,ok
eegnet,4,sub-020,ses-04,ses-02,ses-04->ses-02,ok
deepconvnet,0,sub-020,ses-04,ses-02,ses-04->ses-02,ok
deepconvnet,1,sub-020,ses-04,ses-02,ses-04->ses-02,ok
deepconvnet,2,sub-020,ses-04,ses-02,ses-04->ses-02,ok
deepconvnet,3,sub-020,ses-04,ses-02,ses-04->ses-02,ok
deepconvnet,4,sub-020,ses-04,ses-02,ses-04->ses-02,ok
fbcnet,0,sub-020,ses-04,ses-02,ses-04->ses-02,ok
fbcnet,1,sub-020,ses-04,ses-02,ses-04->ses-02,ok
fbcnet,2,sub-020,ses-04,ses-02,ses-04->ses-02,ok
fbcnet,3,sub-020,ses-04,ses-02,ses-04->ses-02,ok
fbcnet,4,sub-020,ses-04,ses-02,ses-04->ses-02,ok
eegnet,0,sub-020,ses-04,ses-03,ses-04->ses-03,ok
eegnet,1,sub-020,ses-04,ses-03,ses-04->ses-03,ok
eegnet,2,sub-020,ses-04,ses-03,ses-04->ses-03,ok
eegnet,3,sub-020,ses-04,ses-03,ses-04->ses-03,ok
eegnet,4,sub-020,ses-04,ses-03,ses-04->ses-03,ok
deepconvnet,0,sub-020,ses-04,ses-03,ses-04->ses-03,ok
deepconvnet,1,sub-020,ses-04,ses-03,ses-04->ses-03,ok
deepconvnet,2,sub-020,ses-04,ses-03,ses-04->ses-03,ok
deepconvnet,3,sub-020,ses-04,ses-03,ses-04->ses-03,ok
deepconvnet,4,sub-020,ses-04,ses-03,ses-04->ses-03,ok
fbcnet,0,sub-020,ses-04,ses-03,ses-04->ses-03,ok
fbcnet,1,sub-020,ses-04,ses-03,ses-04->ses-03,ok
fbcnet,2,sub-020,ses-04,ses-03,ses-04->ses-03,ok
fbcnet,3,sub-020,ses-04,ses-03,ses-04->ses-03,ok
fbcnet,4,sub-020,ses-04,ses-03,ses-04->ses-03,ok
eegnet,0,sub-020,ses-04,ses-05,ses-04->ses-05,ok
eegnet,1,sub-020,ses-04,ses-05,ses-04->ses-05,ok
eegnet,2,sub-020,ses-04,ses-05,ses-04->ses-05,ok
eegnet,3,sub-020,ses-04,ses-05,ses-04->ses-05,ok
eegnet,4,sub-020,ses-04,ses-05,ses-04->ses-05,ok
deepconvnet,0,sub-020,ses-04,ses-05,ses-04->ses-05,ok
deepconvnet,1,sub-020,ses-04,ses-05,ses-04->ses-05,ok
deepconvnet,2,sub-020,ses-04,ses-05,ses-04->ses-05,ok
deepconvnet,3,sub-020,ses-04,ses-05,ses-04->ses-05,ok
deepconvnet,4,sub-020,ses-04,ses-05,ses-04->ses-05,ok
fbcnet,0,sub-020,ses-04,ses-05,ses-04->ses-05,ok
fbcnet,1,sub-020,ses-04,ses-05,ses-04->ses-05,ok
fbcnet,2,sub-020,ses-04,ses-05,ses-04->ses-05,ok
fbcnet,3,sub-020,ses-04,ses-05,ses-04->ses-05,ok
fbcnet,4,sub-020,ses-04,ses-05,ses-04->ses-05,ok
eegnet,0,sub-020,ses-05,ses-01,ses-05->ses-01,ok
eegnet,1,sub-020,ses-05,ses-01,ses-05->ses-01,ok
eegnet,2,sub-020,ses-05,ses-01,ses-05->ses-01,ok
eegnet,3,sub-020,ses-05,ses-01,ses-05->ses-01,ok
eegnet,4,sub-020,ses-05,ses-01,ses-05->ses-01,ok
deepconvnet,0,sub-020,ses-05,ses-01,ses-05->ses-01,ok
deepconvnet,1,sub-020,ses-05,ses-01,ses-05->ses-01,ok
deepconvnet,2,sub-020,ses-05,ses-01,ses-05->ses-01,ok
deepconvnet,3,sub-020,ses-05,ses-01,ses-05->ses-01,ok
deepconvnet,4,sub-020,ses-05,ses-01,ses-05->ses-01,ok
fbcnet,0,sub-020,ses-05,ses-01,ses-05->ses-01,ok
fbcnet,1,sub-020,ses-05,ses-01,ses-05->ses-01,ok
fbcnet,2,sub-020,ses-05,ses-01,ses-05->ses-01,ok
fbcnet,3,sub-020,ses-05,ses-01,ses-05->ses-01,ok
fbcnet,4,sub-020,ses-05,ses-01,ses-05->ses-01,ok
eegnet,0,sub-020,ses-05,ses-02,ses-05->ses-02,ok
eegnet,1,sub-020,ses-05,ses-02,ses-05->ses-02,ok
eegnet,2,sub-020,ses-05,ses-02,ses-05->ses-02,ok
eegnet,3,sub-020,ses-05,ses-02,ses-05->ses-02,ok
eegnet,4,sub-020,ses-05,ses-02,ses-05->ses-02,ok
deepconvnet,0,sub-020,ses-05,ses-02,ses-05->ses-02,ok
deepconvnet,1,sub-020,ses-05,ses-02,ses-05->ses-02,ok
deepconvnet,2,sub-020,ses-05,ses-02,ses-05->ses-02,ok
deepconvnet,3,sub-020,ses-05,ses-02,ses-05->ses-02,ok
deepconvnet,4,sub-020,ses-05,ses-02,ses-05->ses-02,ok
fbcnet,0,sub-020,ses-05,ses-02,ses-05->ses-02,ok
fbcnet,1,sub-020,ses-05,ses-02,ses-05->ses-02,ok
fbcnet,2,sub-020,ses-05,ses-02,ses-05->ses-02,ok
fbcnet,3,sub-020,ses-05,ses-02,ses-05->ses-02,ok
fbcnet,4,sub-020,ses-05,ses-02,ses-05->ses-02,ok
eegnet,0,sub-020,ses-05,ses-03,ses-05->ses-03,ok
eegnet,1,sub-020,ses-05,ses-03,ses-05->ses-03,ok
eegnet,2,sub-020,ses-05,ses-03,ses-05->ses-03,ok
eegnet,3,sub-020,ses-05,ses-03,ses-05->ses-03,ok
eegnet,4,sub-020,ses-05,ses-03,ses-05->ses-03,ok
deepconvnet,0,sub-020,ses-05,ses-03,ses-05->ses-03,ok
deepconvnet,1,sub-020,ses-05,ses-03,ses-05->ses-03,ok
deepconvnet,2,sub-020,ses-05,ses-03,ses-05->ses-03,ok
deepconvnet,3,sub-020,ses-05,ses-03,ses-05->ses-03,ok
deepconvnet,4,sub-020,ses-05,ses-03,ses-05->ses-03,ok
fbcnet,0,sub-020,ses-05,ses-03,ses-05->ses-03,ok
fbcnet,1,sub-020,ses-05,ses-03,ses-05->ses-03,ok
fbcnet,2,sub-020,ses-05,ses-03,ses-05->ses-03,ok
fbcnet,3,sub-020,ses-05,ses-03,ses-05->ses-03,ok
fbcnet,4,sub-020,ses-05,ses-03,ses-05->ses-03,ok
eegnet,0,sub-020,ses-05,ses-04,ses-05->ses-04,ok
eegnet,1,sub-020,ses-05,ses-04,ses-05->ses-04,ok
eegnet,2,sub-020,ses-05,ses-04,ses-05->ses-04,ok
eegnet,3,sub-020,ses-05,ses-04,ses-05->ses-04,ok
eegnet,4,sub-020,ses-05,ses-04,ses-05->ses-04,ok
deepconvnet,0,sub-020,ses-05,ses-04,ses-05->ses-04,ok
deepconvnet,1,sub-020,ses-05,ses-04,ses-05->ses-04,ok
deepconvnet,2,sub-020,ses-05,ses-04,ses-05->ses-04,ok
deepconvnet,3,sub-020,ses-05,ses-04,ses-05->ses-04,ok
deepconvnet,4,sub-020,ses-05,ses-04,ses-05->ses-04,ok
fbcnet,0,sub-020,ses-05,ses-04,ses-05->ses-04,ok
fbcnet,1,sub-020,ses-05,ses-04,ses-05->ses-04,ok
fbcnet,2,sub-020,ses-05,ses-04,ses-05->ses-04,ok
fbcnet,3,sub-020,ses-05,ses-04,ses-05->ses-04,ok
fbcnet,4,sub-020,ses-05,ses-04,ses-05->ses-04,ok
eegnet,0,sub-021,ses-01,ses-02,ses-01->ses-02,ok
eegnet,1,sub-021,ses-01,ses-02,ses-01->ses-02,ok
eegnet,2,sub-021,ses-01,ses-02,ses-01->ses-02,ok
eegnet,3,sub-021,ses-01,ses-02,ses-01->ses-02,ok
eegnet,4,sub-021,ses-01,ses-02,ses-01->ses-02,ok
deepconvnet,0,sub-021,ses-01,ses-02,ses-01->ses-02,ok
deepconvnet,1,sub-021,ses-01,ses-02,ses-01->ses-02,ok
deepconvnet,2,sub-021,ses-01,ses-02,ses-01->ses-02,ok
deepconvnet,3,sub-021,ses-01,ses-02,ses-01->ses-02,ok
deepconvnet,4,sub-021,ses-01,ses-02,ses-01->ses-02,ok
fbcnet,0,sub-021,ses-01,ses-02,ses-01->ses-02,ok
fbcnet,1,sub-021,ses-01,ses-02,ses-01->ses-02,ok
fbcnet,2,sub-021,ses-01,ses-02,ses-01->ses-02,ok
fbcnet,3,sub-021,ses-01,ses-02,ses-01->ses-02,ok
fbcnet,4,sub-021,ses-01,ses-02,ses-01->ses-02,ok
eegnet,0,sub-021,ses-01,ses-03,ses-01->ses-03,ok
eegnet,1,sub-021,ses-01,ses-03,ses-01->ses-03,ok
eegnet,2,sub-021,ses-01,ses-03,ses-01->ses-03,ok
eegnet,3,sub-021,ses-01,ses-03,ses-01->ses-03,ok
eegnet,4,sub-021,ses-01,ses-03,ses-01->ses-03,ok
deepconvnet,0,sub-021,ses-01,ses-03,ses-01->ses-03,ok
deepconvnet,1,sub-021,ses-01,ses-03,ses-01->ses-03,ok
deepconvnet,2,sub-021,ses-01,ses-03,ses-01->ses-03,ok
deepconvnet,3,sub-021,ses-01,ses-03,ses-01->ses-03,ok
deepconvnet,4,sub-021,ses-01,ses-03,ses-01->ses-03,ok
fbcnet,0,sub-021,ses-01,ses-03,ses-01->ses-03,ok
fbcnet,1,sub-021,ses-01,ses-03,ses-01->ses-03,ok
fbcnet,2,sub-021,ses-01,ses-03,ses-01->ses-03,ok
fbcnet,3,sub-021,ses-01,ses-03,ses-01->ses-03,ok
fbcnet,4,sub-021,ses-01,ses-03,ses-01->ses-03,ok
eegnet,0,sub-021,ses-01,ses-04,ses-01->ses-04,ok
eegnet,1,sub-021,ses-01,ses-04,ses-01->ses-04,ok
eegnet,2,sub-021,ses-01,ses-04,ses-01->ses-04,ok
eegnet,3,sub-021,ses-01,ses-04,ses-01->ses-04,ok
eegnet,4,sub-021,ses-01,ses-04,ses-01->ses-04,ok
deepconvnet,0,sub-021,ses-01,ses-04,ses-01->ses-04,ok
deepconvnet,1,sub-021,ses-01,ses-04,ses-01->ses-04,ok
deepconvnet,2,sub-021,ses-01,ses-04,ses-01->ses-04,ok
deepconvnet,3,sub-021,ses-01,ses-04,ses-01->ses-04,ok
deepconvnet,4,sub-021,ses-01,ses-04,ses-01->ses-04,ok
fbcnet,0,sub-021,ses-01,ses-04,ses-01->ses-04,ok
fbcnet,1,sub-021,ses-01,ses-04,ses-01->ses-04,ok
fbcnet,2,sub-021,ses-01,ses-04,ses-01->ses-04,ok
fbcnet,3,sub-021,ses-01,ses-04,ses-01->ses-04,ok
fbcnet,4,sub-021,ses-01,ses-04,ses-01->ses-04,ok
eegnet,0,sub-021,ses-01,ses-05,ses-01->ses-05,ok
eegnet,1,sub-021,ses-01,ses-05,ses-01->ses-05,ok
eegnet,2,sub-021,ses-01,ses-05,ses-01->ses-05,ok
eegnet,3,sub-021,ses-01,ses-05,ses-01->ses-05,ok
eegnet,4,sub-021,ses-01,ses-05,ses-01->ses-05,ok
deepconvnet,0,sub-021,ses-01,ses-05,ses-01->ses-05,ok
deepconvnet,1,sub-021,ses-01,ses-05,ses-01->ses-05,ok
deepconvnet,2,sub-021,ses-01,ses-05,ses-01->ses-05,ok
deepconvnet,3,sub-021,ses-01,ses-05,ses-01->ses-05,ok
deepconvnet,4,sub-021,ses-01,ses-05,ses-01->ses-05,ok
fbcnet,0,sub-021,ses-01,ses-05,ses-01->ses-05,ok
fbcnet,1,sub-021,ses-01,ses-05,ses-01->ses-05,ok
fbcnet,2,sub-021,ses-01,ses-05,ses-01->ses-05,ok
fbcnet,3,sub-021,ses-01,ses-05,ses-01->ses-05,ok
fbcnet,4,sub-021,ses-01,ses-05,ses-01->ses-05,ok
eegnet,0,sub-021,ses-02,ses-01,ses-02->ses-01,ok
eegnet,1,sub-021,ses-02,ses-01,ses-02->ses-01,ok
eegnet,2,sub-021,ses-02,ses-01,ses-02->ses-01,ok
eegnet,3,sub-021,ses-02,ses-01,ses-02->ses-01,ok
eegnet,4,sub-021,ses-02,ses-01,ses-02->ses-01,ok
deepconvnet,0,sub-021,ses-02,ses-01,ses-02->ses-01,ok
deepconvnet,1,sub-021,ses-02,ses-01,ses-02->ses-01,ok
deepconvnet,2,sub-021,ses-02,ses-01,ses-02->ses-01,ok
deepconvnet,3,sub-021,ses-02,ses-01,ses-02->ses-01,ok
deepconvnet,4,sub-021,ses-02,ses-01,ses-02->ses-01,ok
fbcnet,0,sub-021,ses-02,ses-01,ses-02->ses-01,ok
fbcnet,1,sub-021,ses-02,ses-01,ses-02->ses-01,ok
fbcnet,2,sub-021,ses-02,ses-01,ses-02->ses-01,ok
fbcnet,3,sub-021,ses-02,ses-01,ses-02->ses-01,ok
fbcnet,4,sub-021,ses-02,ses-01,ses-02->ses-01,ok
eegnet,0,sub-021,ses-02,ses-03,ses-02->ses-03,ok
eegnet,1,sub-021,ses-02,ses-03,ses-02->ses-03,ok
eegnet,2,sub-021,ses-02,ses-03,ses-02->ses-03,ok
eegnet,3,sub-021,ses-02,ses-03,ses-02->ses-03,ok
eegnet,4,sub-021,ses-02,ses-03,ses-02->ses-03,ok
deepconvnet,0,sub-021,ses-02,ses-03,ses-02->ses-03,ok
deepconvnet,1,sub-021,ses-02,ses-03,ses-02->ses-03,ok
deepconvnet,2,sub-021,ses-02,ses-03,ses-02->ses-03,ok
deepconvnet,3,sub-021,ses-02,ses-03,ses-02->ses-03,ok
deepconvnet,4,sub-021,ses-02,ses-03,ses-02->ses-03,ok
fbcnet,0,sub-021,ses-02,ses-03,ses-02->ses-03,ok
fbcnet,1,sub-021,ses-02,ses-03,ses-02->ses-03,ok
fbcnet,2,sub-021,ses-02,ses-03,ses-02->ses-03,ok
fbcnet,3,sub-021,ses-02,ses-03,ses-02->ses-03,ok
fbcnet,4,sub-021,ses-02,ses-03,ses-02->ses-03,ok
eegnet,0,sub-021,ses-02,ses-04,ses-02->ses-04,ok
eegnet,1,sub-021,ses-02,ses-04,ses-02->ses-04,ok
eegnet,2,sub-021,ses-02,ses-04,ses-02->ses-04,ok
eegnet,3,sub-021,ses-02,ses-04,ses-02->ses-04,ok
eegnet,4,sub-021,ses-02,ses-04,ses-02->ses-04,ok
deepconvnet,0,sub-021,ses-02,ses-04,ses-02->ses-04,ok
deepconvnet,1,sub-021,ses-02,ses-04,ses-02->ses-04,ok
deepconvnet,2,sub-021,ses-02,ses-04,ses-02->ses-04,ok
deepconvnet,3,sub-021,ses-02,ses-04,ses-02->ses-04,ok
deepconvnet,4,sub-021,ses-02,ses-04,ses-02->ses-04,ok
fbcnet,0,sub-021,ses-02,ses-04,ses-02->ses-04,ok
fbcnet,1,sub-021,ses-02,ses-04,ses-02->ses-04,ok
fbcnet,2,sub-021,ses-02,ses-04,ses-02->ses-04,ok
fbcnet,3,sub-021,ses-02,ses-04,ses-02->ses-04,ok
fbcnet,4,sub-021,ses-02,ses-04,ses-02->ses-04,ok
eegnet,0,sub-021,ses-02,ses-05,ses-02->ses-05,ok
eegnet,1,sub-021,ses-02,ses-05,ses-02->ses-05,ok
eegnet,2,sub-021,ses-02,ses-05,ses-02->ses-05,ok
eegnet,3,sub-021,ses-02,ses-05,ses-02->ses-05,ok
eegnet,4,sub-021,ses-02,ses-05,ses-02->ses-05,ok
deepconvnet,0,sub-021,ses-02,ses-05,ses-02->ses-05,ok
deepconvnet,1,sub-021,ses-02,ses-05,ses-02->ses-05,ok
deepconvnet,2,sub-021,ses-02,ses-05,ses-02->ses-05,ok
deepconvnet,3,sub-021,ses-02,ses-05,ses-02->ses-05,ok
deepconvnet,4,sub-021,ses-02,ses-05,ses-02->ses-05,ok
fbcnet,0,sub-021,ses-02,ses-05,ses-02->ses-05,ok
fbcnet,1,sub-021,ses-02,ses-05,ses-02->ses-05,ok
fbcnet,2,sub-021,ses-02,ses-05,ses-02->ses-05,ok
fbcnet,3,sub-021,ses-02,ses-05,ses-02->ses-05,ok
fbcnet,4,sub-021,ses-02,ses-05,ses-02->ses-05,ok
eegnet,0,sub-021,ses-03,ses-01,ses-03->ses-01,ok
eegnet,1,sub-021,ses-03,ses-01,ses-03->ses-01,ok
eegnet,2,sub-021,ses-03,ses-01,ses-03->ses-01,ok
eegnet,3,sub-021,ses-03,ses-01,ses-03->ses-01,ok
eegnet,4,sub-021,ses-03,ses-01,ses-03->ses-01,ok
deepconvnet,0,sub-021,ses-03,ses-01,ses-03->ses-01,ok
deepconvnet,1,sub-021,ses-03,ses-01,ses-03->ses-01,ok
deepconvnet,2,sub-021,ses-03,ses-01,ses-03->ses-01,ok
deepconvnet,3,sub-021,ses-03,ses-01,ses-03->ses-01,ok
deepconvnet,4,sub-021,ses-03,ses-01,ses-03->ses-01,ok
fbcnet,0,sub-021,ses-03,ses-01,ses-03->ses-01,ok
fbcnet,1,sub-021,ses-03,ses-01,ses-03->ses-01,ok
fbcnet,2,sub-021,ses-03,ses-01,ses-03->ses-01,ok
fbcnet,3,sub-021,ses-03,ses-01,ses-03->ses-01,ok
fbcnet,4,sub-021,ses-03,ses-01,ses-03->ses-01,ok
eegnet,0,sub-021,ses-03,ses-02,ses-03->ses-02,ok
eegnet,1,sub-021,ses-03,ses-02,ses-03->ses-02,ok
eegnet,2,sub-021,ses-03,ses-02,ses-03->ses-02,ok
eegnet,3,sub-021,ses-03,ses-02,ses-03->ses-02,ok
eegnet,4,sub-021,ses-03,ses-02,ses-03->ses-02,ok
deepconvnet,0,sub-021,ses-03,ses-02,ses-03->ses-02,ok
deepconvnet,1,sub-021,ses-03,ses-02,ses-03->ses-02,ok
deepconvnet,2,sub-021,ses-03,ses-02,ses-03->ses-02,ok
deepconvnet,3,sub-021,ses-03,ses-02,ses-03->ses-02,ok
deepconvnet,4,sub-021,ses-03,ses-02,ses-03->ses-02,ok
fbcnet,0,sub-021,ses-03,ses-02,ses-03->ses-02,ok
fbcnet,1,sub-021,ses-03,ses-02,ses-03->ses-02,ok
fbcnet,2,sub-021,ses-03,ses-02,ses-03->ses-02,ok
fbcnet,3,sub-021,ses-03,ses-02,ses-03->ses-02,ok
fbcnet,4,sub-021,ses-03,ses-02,ses-03->ses-02,ok
eegnet,0,sub-021,ses-03,ses-04,ses-03->ses-04,ok
eegnet,1,sub-021,ses-03,ses-04,ses-03->ses-04,ok
eegnet,2,sub-021,ses-03,ses-04,ses-03->ses-04,ok
eegnet,3,sub-021,ses-03,ses-04,ses-03->ses-04,ok
eegnet,4,sub-021,ses-03,ses-04,ses-03->ses-04,ok
deepconvnet,0,sub-021,ses-03,ses-04,ses-03->ses-04,ok
deepconvnet,1,sub-021,ses-03,ses-04,ses-03->ses-04,ok
deepconvnet,2,sub-021,ses-03,ses-04,ses-03->ses-04,ok
deepconvnet,3,sub-021,ses-03,ses-04,ses-03->ses-04,ok
deepconvnet,4,sub-021,ses-03,ses-04,ses-03->ses-04,ok
fbcnet,0,sub-021,ses-03,ses-04,ses-03->ses-04,ok
fbcnet,1,sub-021,ses-03,ses-04,ses-03->ses-04,ok
fbcnet,2,sub-021,ses-03,ses-04,ses-03->ses-04,ok
fbcnet,3,sub-021,ses-03,ses-04,ses-03->ses-04,ok
fbcnet,4,sub-021,ses-03,ses-04,ses-03->ses-04,ok
eegnet,0,sub-021,ses-03,ses-05,ses-03->ses-05,ok
eegnet,1,sub-021,ses-03,ses-05,ses-03->ses-05,ok
eegnet,2,sub-021,ses-03,ses-05,ses-03->ses-05,ok
eegnet,3,sub-021,ses-03,ses-05,ses-03->ses-05,ok
eegnet,4,sub-021,ses-03,ses-05,ses-03->ses-05,ok
deepconvnet,0,sub-021,ses-03,ses-05,ses-03->ses-05,ok
deepconvnet,1,sub-021,ses-03,ses-05,ses-03->ses-05,ok
deepconvnet,2,sub-021,ses-03,ses-05,ses-03->ses-05,ok
deepconvnet,3,sub-021,ses-03,ses-05,ses-03->ses-05,ok
deepconvnet,4,sub-021,ses-03,ses-05,ses-03->ses-05,ok
fbcnet,0,sub-021,ses-03,ses-05,ses-03->ses-05,ok
fbcnet,1,sub-021,ses-03,ses-05,ses-03->ses-05,ok
fbcnet,2,sub-021,ses-03,ses-05,ses-03->ses-05,ok
fbcnet,3,sub-021,ses-03,ses-05,ses-03->ses-05,ok
fbcnet,4,sub-021,ses-03,ses-05,ses-03->ses-05,ok
eegnet,0,sub-021,ses-04,ses-01,ses-04->ses-01,ok
eegnet,1,sub-021,ses-04,ses-01,ses-04->ses-01,ok
eegnet,2,sub-021,ses-04,ses-01,ses-04->ses-01,ok
eegnet,3,sub-021,ses-04,ses-01,ses-04->ses-01,ok
eegnet,4,sub-021,ses-04,ses-01,ses-04->ses-01,ok
deepconvnet,0,sub-021,ses-04,ses-01,ses-04->ses-01,ok
deepconvnet,1,sub-021,ses-04,ses-01,ses-04->ses-01,ok
deepconvnet,2,sub-021,ses-04,ses-01,ses-04->ses-01,ok
deepconvnet,3,sub-021,ses-04,ses-01,ses-04->ses-01,ok
deepconvnet,4,sub-021,ses-04,ses-01,ses-04->ses-01,ok
fbcnet,0,sub-021,ses-04,ses-01,ses-04->ses-01,ok
fbcnet,1,sub-021,ses-04,ses-01,ses-04->ses-01,ok
fbcnet,2,sub-021,ses-04,ses-01,ses-04->ses-01,ok
fbcnet,3,sub-021,ses-04,ses-01,ses-04->ses-01,ok
fbcnet,4,sub-021,ses-04,ses-01,ses-04->ses-01,ok
eegnet,0,sub-021,ses-04,ses-02,ses-04->ses-02,ok
eegnet,1,sub-021,ses-04,ses-02,ses-04->ses-02,ok
eegnet,2,sub-021,ses-04,ses-02,ses-04->ses-02,ok
eegnet,3,sub-021,ses-04,ses-02,ses-04->ses-02,ok
eegnet,4,sub-021,ses-04,ses-02,ses-04->ses-02,ok
deepconvnet,0,sub-021,ses-04,ses-02,ses-04->ses-02,ok
deepconvnet,1,sub-021,ses-04,ses-02,ses-04->ses-02,ok
deepconvnet,2,sub-021,ses-04,ses-02,ses-04->ses-02,ok
deepconvnet,3,sub-021,ses-04,ses-02,ses-04->ses-02,ok
deepconvnet,4,sub-021,ses-04,ses-02,ses-04->ses-02,ok
fbcnet,0,sub-021,ses-04,ses-02,ses-04->ses-02,ok
fbcnet,1,sub-021,ses-04,ses-02,ses-04->ses-02,ok
fbcnet,2,sub-021,ses-04,ses-02,ses-04->ses-02,ok
fbcnet,3,sub-021,ses-04,ses-02,ses-04->ses-02,ok
fbcnet,4,sub-021,ses-04,ses-02,ses-04->ses-02,ok
eegnet,0,sub-021,ses-04,ses-03,ses-04->ses-03,ok
eegnet,1,sub-021,ses-04,ses-03,ses-04->ses-03,ok
eegnet,2,sub-021,ses-04,ses-03,ses-04->ses-03,ok
eegnet,3,sub-021,ses-04,ses-03,ses-04->ses-03,ok
eegnet,4,sub-021,ses-04,ses-03,ses-04->ses-03,ok
deepconvnet,0,sub-021,ses-04,ses-03,ses-04->ses-03,ok
deepconvnet,1,sub-021,ses-04,ses-03,ses-04->ses-03,ok
deepconvnet,2,sub-021,ses-04,ses-03,ses-04->ses-03,ok
deepconvnet,3,sub-021,ses-04,ses-03,ses-04->ses-03,ok
deepconvnet,4,sub-021,ses-04,ses-03,ses-04->ses-03,ok
fbcnet,0,sub-021,ses-04,ses-03,ses-04->ses-03,ok
fbcnet,1,sub-021,ses-04,ses-03,ses-04->ses-03,ok
fbcnet,2,sub-021,ses-04,ses-03,ses-04->ses-03,ok
fbcnet,3,sub-021,ses-04,ses-03,ses-04->ses-03,ok
fbcnet,4,sub-021,ses-04,ses-03,ses-04->ses-03,ok
eegnet,0,sub-021,ses-04,ses-05,ses-04->ses-05,ok
eegnet,1,sub-021,ses-04,ses-05,ses-04->ses-05,ok
eegnet,2,sub-021,ses-04,ses-05,ses-04->ses-05,ok
eegnet,3,sub-021,ses-04,ses-05,ses-04->ses-05,ok
eegnet,4,sub-021,ses-04,ses-05,ses-04->ses-05,ok
deepconvnet,0,sub-021,ses-04,ses-05,ses-04->ses-05,ok
deepconvnet,1,sub-021,ses-04,ses-05,ses-04->ses-05,ok
deepconvnet,2,sub-021,ses-04,ses-05,ses-04->ses-05,ok
deepconvnet,3,sub-021,ses-04,ses-05,ses-04->ses-05,ok
deepconvnet,4,sub-021,ses-04,ses-05,ses-04->ses-05,ok
fbcnet,0,sub-021,ses-04,ses-05,ses-04->ses-05,ok
fbcnet,1,sub-021,ses-04,ses-05,ses-04->ses-05,ok
fbcnet,2,sub-021,ses-04,ses-05,ses-04->ses-05,ok
fbcnet,3,sub-021,ses-04,ses-05,ses-04->ses-05,ok
fbcnet,4,sub-021,ses-04,ses-05,ses-04->ses-05,ok
eegnet,0,sub-021,ses-05,ses-01,ses-05->ses-01,ok
eegnet,1,sub-021,ses-05,ses-01,ses-05->ses-01,ok
eegnet,2,sub-021,ses-05,ses-01,ses-05->ses-01,ok
eegnet,3,sub-021,ses-05,ses-01,ses-05->ses-01,ok
eegnet,4,sub-021,ses-05,ses-01,ses-05->ses-01,ok
deepconvnet,0,sub-021,ses-05,ses-01,ses-05->ses-01,ok
deepconvnet,1,sub-021,ses-05,ses-01,ses-05->ses-01,ok
deepconvnet,2,sub-021,ses-05,ses-01,ses-05->ses-01,ok
deepconvnet,3,sub-021,ses-05,ses-01,ses-05->ses-01,ok
deepconvnet,4,sub-021,ses-05,ses-01,ses-05->ses-01,ok
fbcnet,0,sub-021,ses-05,ses-01,ses-05->ses-01,ok
fbcnet,1,sub-021,ses-05,ses-01,ses-05->ses-01,ok
fbcnet,2,sub-021,ses-05,ses-01,ses-05->ses-01,ok
fbcnet,3,sub-021,ses-05,ses-01,ses-05->ses-01,ok
fbcnet,4,sub-021,ses-05,ses-01,ses-05->ses-01,ok
eegnet,0,sub-021,ses-05,ses-02,ses-05->ses-02,ok
eegnet,1,sub-021,ses-05,ses-02,ses-05->ses-02,ok
eegnet,2,sub-021,ses-05,ses-02,ses-05->ses-02,ok
eegnet,3,sub-021,ses-05,ses-02,ses-05->ses-02,ok
eegnet,4,sub-021,ses-05,ses-02,ses-05->ses-02,ok
deepconvnet,0,sub-021,ses-05,ses-02,ses-05->ses-02,ok
deepconvnet,1,sub-021,ses-05,ses-02,ses-05->ses-02,ok
deepconvnet,2,sub-021,ses-05,ses-02,ses-05->ses-02,ok
deepconvnet,3,sub-021,ses-05,ses-02,ses-05->ses-02,ok
deepconvnet,4,sub-021,ses-05,ses-02,ses-05->ses-02,ok
fbcnet,0,sub-021,ses-05,ses-02,ses-05->ses-02,ok
fbcnet,1,sub-021,ses-05,ses-02,ses-05->ses-02,ok
fbcnet,2,sub-021,ses-05,ses-02,ses-05->ses-02,ok
fbcnet,3,sub-021,ses-05,ses-02,ses-05->ses-02,ok
fbcnet,4,sub-021,ses-05,ses-02,ses-05->ses-02,ok
eegnet,0,sub-021,ses-05,ses-03,ses-05->ses-03,ok
eegnet,1,sub-021,ses-05,ses-03,ses-05->ses-03,ok
eegnet,2,sub-021,ses-05,ses-03,ses-05->ses-03,ok
eegnet,3,sub-021,ses-05,ses-03,ses-05->ses-03,ok
eegnet,4,sub-021,ses-05,ses-03,ses-05->ses-03,ok
deepconvnet,0,sub-021,ses-05,ses-03,ses-05->ses-03,ok
deepconvnet,1,sub-021,ses-05,ses-03,ses-05->ses-03,ok
deepconvnet,2,sub-021,ses-05,ses-03,ses-05->ses-03,ok
deepconvnet,3,sub-021,ses-05,ses-03,ses-05->ses-03,ok
deepconvnet,4,sub-021,ses-05,ses-03,ses-05->ses-03,ok
fbcnet,0,sub-021,ses-05,ses-03,ses-05->ses-03,ok
fbcnet,1,sub-021,ses-05,ses-03,ses-05->ses-03,ok
fbcnet,2,sub-021,ses-05,ses-03,ses-05->ses-03,ok
fbcnet,3,sub-021,ses-05,ses-03,ses-05->ses-03,ok
fbcnet,4,sub-021,ses-05,ses-03,ses-05->ses-03,ok
eegnet,0,sub-021,ses-05,ses-04,ses-05->ses-04,ok
eegnet,1,sub-021,ses-05,ses-04,ses-05->ses-04,ok
eegnet,2,sub-021,ses-05,ses-04,ses-05->ses-04,ok
eegnet,3,sub-021,ses-05,ses-04,ses-05->ses-04,ok
eegnet,4,sub-021,ses-05,ses-04,ses-05->ses-04,ok
deepconvnet,0,sub-021,ses-05,ses-04,ses-05->ses-04,ok
deepconvnet,1,sub-021,ses-05,ses-04,ses-05->ses-04,ok
deepconvnet,2,sub-021,ses-05,ses-04,ses-05->ses-04,ok
deepconvnet,3,sub-021,ses-05,ses-04,ses-05->ses-04,ok
deepconvnet,4,sub-021,ses-05,ses-04,ses-05->ses-04,ok
fbcnet,0,sub-021,ses-05,ses-04,ses-05->ses-04,ok
fbcnet,1,sub-021,ses-05,ses-04,ses-05->ses-04,ok
fbcnet,2,sub-021,ses-05,ses-04,ses-05->ses-04,ok
fbcnet,3,sub-021,ses-05,ses-04,ses-05->ses-04,ok
fbcnet,4,sub-021,ses-05,ses-04,ses-05->ses-04,ok
eegnet,0,sub-022,ses-01,ses-02,ses-01->ses-02,ok
eegnet,1,sub-022,ses-01,ses-02,ses-01->ses-02,ok
eegnet,2,sub-022,ses-01,ses-02,ses-01->ses-02,ok
eegnet,3,sub-022,ses-01,ses-02,ses-01->ses-02,ok
eegnet,4,sub-022,ses-01,ses-02,ses-01->ses-02,ok
deepconvnet,0,sub-022,ses-01,ses-02,ses-01->ses-02,ok
deepconvnet,1,sub-022,ses-01,ses-02,ses-01->ses-02,ok
deepconvnet,2,sub-022,ses-01,ses-02,ses-01->ses-02,ok
deepconvnet,3,sub-022,ses-01,ses-02,ses-01->ses-02,ok
deepconvnet,4,sub-022,ses-01,ses-02,ses-01->ses-02,ok
fbcnet,0,sub-022,ses-01,ses-02,ses-01->ses-02,ok
fbcnet,1,sub-022,ses-01,ses-02,ses-01->ses-02,ok
fbcnet,2,sub-022,ses-01,ses-02,ses-01->ses-02,ok
fbcnet,3,sub-022,ses-01,ses-02,ses-01->ses-02,ok
fbcnet,4,sub-022,ses-01,ses-02,ses-01->ses-02,ok
eegnet,0,sub-022,ses-01,ses-03,ses-01->ses-03,ok
eegnet,1,sub-022,ses-01,ses-03,ses-01->ses-03,ok
eegnet,2,sub-022,ses-01,ses-03,ses-01->ses-03,ok
eegnet,3,sub-022,ses-01,ses-03,ses-01->ses-03,ok
eegnet,4,sub-022,ses-01,ses-03,ses-01->ses-03,ok
deepconvnet,0,sub-022,ses-01,ses-03,ses-01->ses-03,ok
deepconvnet,1,sub-022,ses-01,ses-03,ses-01->ses-03,ok
deepconvnet,2,sub-022,ses-01,ses-03,ses-01->ses-03,ok
deepconvnet,3,sub-022,ses-01,ses-03,ses-01->ses-03,ok
deepconvnet,4,sub-022,ses-01,ses-03,ses-01->ses-03,ok
fbcnet,0,sub-022,ses-01,ses-03,ses-01->ses-03,ok
fbcnet,1,sub-022,ses-01,ses-03,ses-01->ses-03,ok
fbcnet,2,sub-022,ses-01,ses-03,ses-01->ses-03,ok
fbcnet,3,sub-022,ses-01,ses-03,ses-01->ses-03,ok
fbcnet,4,sub-022,ses-01,ses-03,ses-01->ses-03,ok
eegnet,0,sub-022,ses-01,ses-04,ses-01->ses-04,ok
eegnet,1,sub-022,ses-01,ses-04,ses-01->ses-04,ok
eegnet,2,sub-022,ses-01,ses-04,ses-01->ses-04,ok
eegnet,3,sub-022,ses-01,ses-04,ses-01->ses-04,ok
eegnet,4,sub-022,ses-01,ses-04,ses-01->ses-04,ok
deepconvnet,0,sub-022,ses-01,ses-04,ses-01->ses-04,ok
deepconvnet,1,sub-022,ses-01,ses-04,ses-01->ses-04,ok
deepconvnet,2,sub-022,ses-01,ses-04,ses-01->ses-04,ok
deepconvnet,3,sub-022,ses-01,ses-04,ses-01->ses-04,ok
deepconvnet,4,sub-022,ses-01,ses-04,ses-01->ses-04,ok
fbcnet,0,sub-022,ses-01,ses-04,ses-01->ses-04,ok
fbcnet,1,sub-022,ses-01,ses-04,ses-01->ses-04,ok
fbcnet,2,sub-022,ses-01,ses-04,ses-01->ses-04,ok
fbcnet,3,sub-022,ses-01,ses-04,ses-01->ses-04,ok
fbcnet,4,sub-022,ses-01,ses-04,ses-01->ses-04,ok
eegnet,0,sub-022,ses-01,ses-05,ses-01->ses-05,ok
eegnet,1,sub-022,ses-01,ses-05,ses-01->ses-05,ok
eegnet,2,sub-022,ses-01,ses-05,ses-01->ses-05,ok
eegnet,3,sub-022,ses-01,ses-05,ses-01->ses-05,ok
eegnet,4,sub-022,ses-01,ses-05,ses-01->ses-05,ok
deepconvnet,0,sub-022,ses-01,ses-05,ses-01->ses-05,ok
deepconvnet,1,sub-022,ses-01,ses-05,ses-01->ses-05,ok
deepconvnet,2,sub-022,ses-01,ses-05,ses-01->ses-05,ok
deepconvnet,3,sub-022,ses-01,ses-05,ses-01->ses-05,ok
deepconvnet,4,sub-022,ses-01,ses-05,ses-01->ses-05,ok
fbcnet,0,sub-022,ses-01,ses-05,ses-01->ses-05,ok
fbcnet,1,sub-022,ses-01,ses-05,ses-01->ses-05,ok
fbcnet,2,sub-022,ses-01,ses-05,ses-01->ses-05,ok
fbcnet,3,sub-022,ses-01,ses-05,ses-01->ses-05,ok
fbcnet,4,sub-022,ses-01,ses-05,ses-01->ses-05,ok
eegnet,0,sub-022,ses-02,ses-01,ses-02->ses-01,ok
eegnet,1,sub-022,ses-02,ses-01,ses-02->ses-01,ok
eegnet,2,sub-022,ses-02,ses-01,ses-02->ses-01,ok
eegnet,3,sub-022,ses-02,ses-01,ses-02->ses-01,ok
eegnet,4,sub-022,ses-02,ses-01,ses-02->ses-01,ok
deepconvnet,0,sub-022,ses-02,ses-01,ses-02->ses-01,ok
deepconvnet,1,sub-022,ses-02,ses-01,ses-02->ses-01,ok
deepconvnet,2,sub-022,ses-02,ses-01,ses-02->ses-01,ok
deepconvnet,3,sub-022,ses-02,ses-01,ses-02->ses-01,ok
deepconvnet,4,sub-022,ses-02,ses-01,ses-02->ses-01,ok
fbcnet,0,sub-022,ses-02,ses-01,ses-02->ses-01,ok
fbcnet,1,sub-022,ses-02,ses-01,ses-02->ses-01,ok
fbcnet,2,sub-022,ses-02,ses-01,ses-02->ses-01,ok
fbcnet,3,sub-022,ses-02,ses-01,ses-02->ses-01,ok
fbcnet,4,sub-022,ses-02,ses-01,ses-02->ses-01,ok
eegnet,0,sub-022,ses-02,ses-03,ses-02->ses-03,ok
eegnet,1,sub-022,ses-02,ses-03,ses-02->ses-03,ok
eegnet,2,sub-022,ses-02,ses-03,ses-02->ses-03,ok
eegnet,3,sub-022,ses-02,ses-03,ses-02->ses-03,ok
eegnet,4,sub-022,ses-02,ses-03,ses-02->ses-03,ok
deepconvnet,0,sub-022,ses-02,ses-03,ses-02->ses-03,ok
deepconvnet,1,sub-022,ses-02,ses-03,ses-02->ses-03,ok
deepconvnet,2,sub-022,ses-02,ses-03,ses-02->ses-03,ok
deepconvnet,3,sub-022,ses-02,ses-03,ses-02->ses-03,ok
deepconvnet,4,sub-022,ses-02,ses-03,ses-02->ses-03,ok
fbcnet,0,sub-022,ses-02,ses-03,ses-02->ses-03,ok
fbcnet,1,sub-022,ses-02,ses-03,ses-02->ses-03,ok
fbcnet,2,sub-022,ses-02,ses-03,ses-02->ses-03,ok
fbcnet,3,sub-022,ses-02,ses-03,ses-02->ses-03,ok
fbcnet,4,sub-022,ses-02,ses-03,ses-02->ses-03,ok
eegnet,0,sub-022,ses-02,ses-04,ses-02->ses-04,ok
eegnet,1,sub-022,ses-02,ses-04,ses-02->ses-04,ok
eegnet,2,sub-022,ses-02,ses-04,ses-02->ses-04,ok
eegnet,3,sub-022,ses-02,ses-04,ses-02->ses-04,ok
eegnet,4,sub-022,ses-02,ses-04,ses-02->ses-04,ok
deepconvnet,0,sub-022,ses-02,ses-04,ses-02->ses-04,ok
deepconvnet,1,sub-022,ses-02,ses-04,ses-02->ses-04,ok
deepconvnet,2,sub-022,ses-02,ses-04,ses-02->ses-04,ok
deepconvnet,3,sub-022,ses-02,ses-04,ses-02->ses-04,ok
deepconvnet,4,sub-022,ses-02,ses-04,ses-02->ses-04,ok
fbcnet,0,sub-022,ses-02,ses-04,ses-02->ses-04,ok
fbcnet,1,sub-022,ses-02,ses-04,ses-02->ses-04,ok
fbcnet,2,sub-022,ses-02,ses-04,ses-02->ses-04,ok
fbcnet,3,sub-022,ses-02,ses-04,ses-02->ses-04,ok
fbcnet,4,sub-022,ses-02,ses-04,ses-02->ses-04,ok
eegnet,0,sub-022,ses-02,ses-05,ses-02->ses-05,ok
eegnet,1,sub-022,ses-02,ses-05,ses-02->ses-05,ok
eegnet,2,sub-022,ses-02,ses-05,ses-02->ses-05,ok
eegnet,3,sub-022,ses-02,ses-05,ses-02->ses-05,ok
eegnet,4,sub-022,ses-02,ses-05,ses-02->ses-05,ok
deepconvnet,0,sub-022,ses-02,ses-05,ses-02->ses-05,ok
deepconvnet,1,sub-022,ses-02,ses-05,ses-02->ses-05,ok
deepconvnet,2,sub-022,ses-02,ses-05,ses-02->ses-05,ok
deepconvnet,3,sub-022,ses-02,ses-05,ses-02->ses-05,ok
deepconvnet,4,sub-022,ses-02,ses-05,ses-02->ses-05,ok
fbcnet,0,sub-022,ses-02,ses-05,ses-02->ses-05,ok
fbcnet,1,sub-022,ses-02,ses-05,ses-02->ses-05,ok
fbcnet,2,sub-022,ses-02,ses-05,ses-02->ses-05,ok
fbcnet,3,sub-022,ses-02,ses-05,ses-02->ses-05,ok
fbcnet,4,sub-022,ses-02,ses-05,ses-02->ses-05,ok
eegnet,0,sub-022,ses-03,ses-01,ses-03->ses-01,ok
eegnet,1,sub-022,ses-03,ses-01,ses-03->ses-01,ok
eegnet,2,sub-022,ses-03,ses-01,ses-03->ses-01,ok
eegnet,3,sub-022,ses-03,ses-01,ses-03->ses-01,ok
eegnet,4,sub-022,ses-03,ses-01,ses-03->ses-01,ok
deepconvnet,0,sub-022,ses-03,ses-01,ses-03->ses-01,ok
deepconvnet,1,sub-022,ses-03,ses-01,ses-03->ses-01,ok
deepconvnet,2,sub-022,ses-03,ses-01,ses-03->ses-01,ok
deepconvnet,3,sub-022,ses-03,ses-01,ses-03->ses-01,ok
deepconvnet,4,sub-022,ses-03,ses-01,ses-03->ses-01,ok
fbcnet,0,sub-022,ses-03,ses-01,ses-03->ses-01,ok
fbcnet,1,sub-022,ses-03,ses-01,ses-03->ses-01,ok
fbcnet,2,sub-022,ses-03,ses-01,ses-03->ses-01,ok
fbcnet,3,sub-022,ses-03,ses-01,ses-03->ses-01,ok
fbcnet,4,sub-022,ses-03,ses-01,ses-03->ses-01,ok
eegnet,0,sub-022,ses-03,ses-02,ses-03->ses-02,ok
eegnet,1,sub-022,ses-03,ses-02,ses-03->ses-02,ok
eegnet,2,sub-022,ses-03,ses-02,ses-03->ses-02,ok
eegnet,3,sub-022,ses-03,ses-02,ses-03->ses-02,ok
eegnet,4,sub-022,ses-03,ses-02,ses-03->ses-02,ok
deepconvnet,0,sub-022,ses-03,ses-02,ses-03->ses-02,ok
deepconvnet,1,sub-022,ses-03,ses-02,ses-03->ses-02,ok
deepconvnet,2,sub-022,ses-03,ses-02,ses-03->ses-02,ok
deepconvnet,3,sub-022,ses-03,ses-02,ses-03->ses-02,ok
deepconvnet,4,sub-022,ses-03,ses-02,ses-03->ses-02,ok
fbcnet,0,sub-022,ses-03,ses-02,ses-03->ses-02,ok
fbcnet,1,sub-022,ses-03,ses-02,ses-03->ses-02,ok
fbcnet,2,sub-022,ses-03,ses-02,ses-03->ses-02,ok
fbcnet,3,sub-022,ses-03,ses-02,ses-03->ses-02,ok
fbcnet,4,sub-022,ses-03,ses-02,ses-03->ses-02,ok
eegnet,0,sub-022,ses-03,ses-04,ses-03->ses-04,ok
eegnet,1,sub-022,ses-03,ses-04,ses-03->ses-04,ok
eegnet,2,sub-022,ses-03,ses-04,ses-03->ses-04,ok
eegnet,3,sub-022,ses-03,ses-04,ses-03->ses-04,ok
eegnet,4,sub-022,ses-03,ses-04,ses-03->ses-04,ok
deepconvnet,0,sub-022,ses-03,ses-04,ses-03->ses-04,ok
deepconvnet,1,sub-022,ses-03,ses-04,ses-03->ses-04,ok
deepconvnet,2,sub-022,ses-03,ses-04,ses-03->ses-04,ok
deepconvnet,3,sub-022,ses-03,ses-04,ses-03->ses-04,ok
deepconvnet,4,sub-022,ses-03,ses-04,ses-03->ses-04,ok
fbcnet,0,sub-022,ses-03,ses-04,ses-03->ses-04,ok
fbcnet,1,sub-022,ses-03,ses-04,ses-03->ses-04,ok
fbcnet,2,sub-022,ses-03,ses-04,ses-03->ses-04,ok
fbcnet,3,sub-022,ses-03,ses-04,ses-03->ses-04,ok
fbcnet,4,sub-022,ses-03,ses-04,ses-03->ses-04,ok
eegnet,0,sub-022,ses-03,ses-05,ses-03->ses-05,ok
eegnet,1,sub-022,ses-03,ses-05,ses-03->ses-05,ok
eegnet,2,sub-022,ses-03,ses-05,ses-03->ses-05,ok
eegnet,3,sub-022,ses-03,ses-05,ses-03->ses-05,ok
eegnet,4,sub-022,ses-03,ses-05,ses-03->ses-05,ok
deepconvnet,0,sub-022,ses-03,ses-05,ses-03->ses-05,ok
deepconvnet,1,sub-022,ses-03,ses-05,ses-03->ses-05,ok
deepconvnet,2,sub-022,ses-03,ses-05,ses-03->ses-05,ok
deepconvnet,3,sub-022,ses-03,ses-05,ses-03->ses-05,ok
deepconvnet,4,sub-022,ses-03,ses-05,ses-03->ses-05,ok
fbcnet,0,sub-022,ses-03,ses-05,ses-03->ses-05,ok
fbcnet,1,sub-022,ses-03,ses-05,ses-03->ses-05,ok
fbcnet,2,sub-022,ses-03,ses-05,ses-03->ses-05,ok
fbcnet,3,sub-022,ses-03,ses-05,ses-03->ses-05,ok
fbcnet,4,sub-022,ses-03,ses-05,ses-03->ses-05,ok
eegnet,0,sub-022,ses-04,ses-01,ses-04->ses-01,ok
eegnet,1,sub-022,ses-04,ses-01,ses-04->ses-01,ok
eegnet,2,sub-022,ses-04,ses-01,ses-04->ses-01,ok
eegnet,3,sub-022,ses-04,ses-01,ses-04->ses-01,ok
eegnet,4,sub-022,ses-04,ses-01,ses-04->ses-01,ok
deepconvnet,0,sub-022,ses-04,ses-01,ses-04->ses-01,ok
deepconvnet,1,sub-022,ses-04,ses-01,ses-04->ses-01,ok
deepconvnet,2,sub-022,ses-04,ses-01,ses-04->ses-01,ok
deepconvnet,3,sub-022,ses-04,ses-01,ses-04->ses-01,ok
deepconvnet,4,sub-022,ses-04,ses-01,ses-04->ses-01,ok
fbcnet,0,sub-022,ses-04,ses-01,ses-04->ses-01,ok
fbcnet,1,sub-022,ses-04,ses-01,ses-04->ses-01,ok
fbcnet,2,sub-022,ses-04,ses-01,ses-04->ses-01,ok
fbcnet,3,sub-022,ses-04,ses-01,ses-04->ses-01,ok
fbcnet,4,sub-022,ses-04,ses-01,ses-04->ses-01,ok
eegnet,0,sub-022,ses-04,ses-02,ses-04->ses-02,ok
eegnet,1,sub-022,ses-04,ses-02,ses-04->ses-02,ok
eegnet,2,sub-022,ses-04,ses-02,ses-04->ses-02,ok
eegnet,3,sub-022,ses-04,ses-02,ses-04->ses-02,ok
eegnet,4,sub-022,ses-04,ses-02,ses-04->ses-02,ok
deepconvnet,0,sub-022,ses-04,ses-02,ses-04->ses-02,ok
deepconvnet,1,sub-022,ses-04,ses-02,ses-04->ses-02,ok
deepconvnet,2,sub-022,ses-04,ses-02,ses-04->ses-02,ok
deepconvnet,3,sub-022,ses-04,ses-02,ses-04->ses-02,ok
deepconvnet,4,sub-022,ses-04,ses-02,ses-04->ses-02,ok
fbcnet,0,sub-022,ses-04,ses-02,ses-04->ses-02,ok
fbcnet,1,sub-022,ses-04,ses-02,ses-04->ses-02,ok
fbcnet,2,sub-022,ses-04,ses-02,ses-04->ses-02,ok
fbcnet,3,sub-022,ses-04,ses-02,ses-04->ses-02,ok
fbcnet,4,sub-022,ses-04,ses-02,ses-04->ses-02,ok
eegnet,0,sub-022,ses-04,ses-03,ses-04->ses-03,ok
eegnet,1,sub-022,ses-04,ses-03,ses-04->ses-03,ok
eegnet,2,sub-022,ses-04,ses-03,ses-04->ses-03,ok
eegnet,3,sub-022,ses-04,ses-03,ses-04->ses-03,ok
eegnet,4,sub-022,ses-04,ses-03,ses-04->ses-03,ok
deepconvnet,0,sub-022,ses-04,ses-03,ses-04->ses-03,ok
deepconvnet,1,sub-022,ses-04,ses-03,ses-04->ses-03,ok
deepconvnet,2,sub-022,ses-04,ses-03,ses-04->ses-03,ok
deepconvnet,3,sub-022,ses-04,ses-03,ses-04->ses-03,ok
deepconvnet,4,sub-022,ses-04,ses-03,ses-04->ses-03,ok
fbcnet,0,sub-022,ses-04,ses-03,ses-04->ses-03,ok
fbcnet,1,sub-022,ses-04,ses-03,ses-04->ses-03,ok
fbcnet,2,sub-022,ses-04,ses-03,ses-04->ses-03,ok
fbcnet,3,sub-022,ses-04,ses-03,ses-04->ses-03,ok
fbcnet,4,sub-022,ses-04,ses-03,ses-04->ses-03,ok
eegnet,0,sub-022,ses-04,ses-05,ses-04->ses-05,ok
eegnet,1,sub-022,ses-04,ses-05,ses-04->ses-05,ok
eegnet,2,sub-022,ses-04,ses-05,ses-04->ses-05,ok
eegnet,3,sub-022,ses-04,ses-05,ses-04->ses-05,ok
eegnet,4,sub-022,ses-04,ses-05,ses-04->ses-05,ok
deepconvnet,0,sub-022,ses-04,ses-05,ses-04->ses-05,ok
deepconvnet,1,sub-022,ses-04,ses-05,ses-04->ses-05,ok
deepconvnet,2,sub-022,ses-04,ses-05,ses-04->ses-05,ok
deepconvnet,3,sub-022,ses-04,ses-05,ses-04->ses-05,ok
deepconvnet,4,sub-022,ses-04,ses-05,ses-04->ses-05,ok
fbcnet,0,sub-022,ses-04,ses-05,ses-04->ses-05,ok
fbcnet,1,sub-022,ses-04,ses-05,ses-04->ses-05,ok
fbcnet,2,sub-022,ses-04,ses-05,ses-04->ses-05,ok
fbcnet,3,sub-022,ses-04,ses-05,ses-04->ses-05,ok
fbcnet,4,sub-022,ses-04,ses-05,ses-04->ses-05,ok
eegnet,0,sub-022,ses-05,ses-01,ses-05->ses-01,ok
eegnet,1,sub-022,ses-05,ses-01,ses-05->ses-01,ok
eegnet,2,sub-022,ses-05,ses-01,ses-05->ses-01,ok
eegnet,3,sub-022,ses-05,ses-01,ses-05->ses-01,ok
eegnet,4,sub-022,ses-05,ses-01,ses-05->ses-01,ok
deepconvnet,0,sub-022,ses-05,ses-01,ses-05->ses-01,ok
deepconvnet,1,sub-022,ses-05,ses-01,ses-05->ses-01,ok
deepconvnet,2,sub-022,ses-05,ses-01,ses-05->ses-01,ok
deepconvnet,3,sub-022,ses-05,ses-01,ses-05->ses-01,ok
deepconvnet,4,sub-022,ses-05,ses-01,ses-05->ses-01,ok
fbcnet,0,sub-022,ses-05,ses-01,ses-05->ses-01,ok
fbcnet,1,sub-022,ses-05,ses-01,ses-05->ses-01,ok
fbcnet,2,sub-022,ses-05,ses-01,ses-05->ses-01,ok
fbcnet,3,sub-022,ses-05,ses-01,ses-05->ses-01,ok
fbcnet,4,sub-022,ses-05,ses-01,ses-05->ses-01,ok
eegnet,0,sub-022,ses-05,ses-02,ses-05->ses-02,ok
eegnet,1,sub-022,ses-05,ses-02,ses-05->ses-02,ok
eegnet,2,sub-022,ses-05,ses-02,ses-05->ses-02,ok
eegnet,3,sub-022,ses-05,ses-02,ses-05->ses-02,ok
eegnet,4,sub-022,ses-05,ses-02,ses-05->ses-02,ok
deepconvnet,0,sub-022,ses-05,ses-02,ses-05->ses-02,ok
deepconvnet,1,sub-022,ses-05,ses-02,ses-05->ses-02,ok
deepconvnet,2,sub-022,ses-05,ses-02,ses-05->ses-02,ok
deepconvnet,3,sub-022,ses-05,ses-02,ses-05->ses-02,ok
deepconvnet,4,sub-022,ses-05,ses-02,ses-05->ses-02,ok
fbcnet,0,sub-022,ses-05,ses-02,ses-05->ses-02,ok
fbcnet,1,sub-022,ses-05,ses-02,ses-05->ses-02,ok
fbcnet,2,sub-022,ses-05,ses-02,ses-05->ses-02,ok
fbcnet,3,sub-022,ses-05,ses-02,ses-05->ses-02,ok
fbcnet,4,sub-022,ses-05,ses-02,ses-05->ses-02,ok
eegnet,0,sub-022,ses-05,ses-03,ses-05->ses-03,ok
eegnet,1,sub-022,ses-05,ses-03,ses-05->ses-03,ok
eegnet,2,sub-022,ses-05,ses-03,ses-05->ses-03,ok
eegnet,3,sub-022,ses-05,ses-03,ses-05->ses-03,ok
eegnet,4,sub-022,ses-05,ses-03,ses-05->ses-03,ok
deepconvnet,0,sub-022,ses-05,ses-03,ses-05->ses-03,ok
deepconvnet,1,sub-022,ses-05,ses-03,ses-05->ses-03,ok
deepconvnet,2,sub-022,ses-05,ses-03,ses-05->ses-03,ok
deepconvnet,3,sub-022,ses-05,ses-03,ses-05->ses-03,ok
deepconvnet,4,sub-022,ses-05,ses-03,ses-05->ses-03,ok
fbcnet,0,sub-022,ses-05,ses-03,ses-05->ses-03,ok
fbcnet,1,sub-022,ses-05,ses-03,ses-05->ses-03,ok
fbcnet,2,sub-022,ses-05,ses-03,ses-05->ses-03,ok
fbcnet,3,sub-022,ses-05,ses-03,ses-05->ses-03,ok
fbcnet,4,sub-022,ses-05,ses-03,ses-05->ses-03,ok
eegnet,0,sub-022,ses-05,ses-04,ses-05->ses-04,ok
eegnet,1,sub-022,ses-05,ses-04,ses-05->ses-04,ok
eegnet,2,sub-022,ses-05,ses-04,ses-05->ses-04,ok
eegnet,3,sub-022,ses-05,ses-04,ses-05->ses-04,ok
eegnet,4,sub-022,ses-05,ses-04,ses-05->ses-04,ok
deepconvnet,0,sub-022,ses-05,ses-04,ses-05->ses-04,ok
deepconvnet,1,sub-022,ses-05,ses-04,ses-05->ses-04,ok
deepconvnet,2,sub-022,ses-05,ses-04,ses-05->ses-04,ok
deepconvnet,3,sub-022,ses-05,ses-04,ses-05->ses-04,ok
deepconvnet,4,sub-022,ses-05,ses-04,ses-05->ses-04,ok
fbcnet,0,sub-022,ses-05,ses-04,ses-05->ses-04,ok
fbcnet,1,sub-022,ses-05,ses-04,ses-05->ses-04,ok
fbcnet,2,sub-022,ses-05,ses-04,ses-05->ses-04,ok
fbcnet,3,sub-022,ses-05,ses-04,ses-05->ses-04,ok
fbcnet,4,sub-022,ses-05,ses-04,ses-05->ses-04,ok
eegnet,0,sub-023,ses-01,ses-02,ses-01->ses-02,ok
eegnet,1,sub-023,ses-01,ses-02,ses-01->ses-02,ok
eegnet,2,sub-023,ses-01,ses-02,ses-01->ses-02,ok
eegnet,3,sub-023,ses-01,ses-02,ses-01->ses-02,ok
eegnet,4,sub-023,ses-01,ses-02,ses-01->ses-02,ok
deepconvnet,0,sub-023,ses-01,ses-02,ses-01->ses-02,ok
deepconvnet,1,sub-023,ses-01,ses-02,ses-01->ses-02,ok
deepconvnet,2,sub-023,ses-01,ses-02,ses-01->ses-02,ok
deepconvnet,3,sub-023,ses-01,ses-02,ses-01->ses-02,ok
deepconvnet,4,sub-023,ses-01,ses-02,ses-01->ses-02,ok
fbcnet,0,sub-023,ses-01,ses-02,ses-01->ses-02,ok
fbcnet,1,sub-023,ses-01,ses-02,ses-01->ses-02,ok
fbcnet,2,sub-023,ses-01,ses-02,ses-01->ses-02,ok
fbcnet,3,sub-023,ses-01,ses-02,ses-01->ses-02,ok
fbcnet,4,sub-023,ses-01,ses-02,ses-01->ses-02,ok
eegnet,0,sub-023,ses-01,ses-03,ses-01->ses-03,ok
eegnet,1,sub-023,ses-01,ses-03,ses-01->ses-03,ok
eegnet,2,sub-023,ses-01,ses-03,ses-01->ses-03,ok
eegnet,3,sub-023,ses-01,ses-03,ses-01->ses-03,ok
eegnet,4,sub-023,ses-01,ses-03,ses-01->ses-03,ok
deepconvnet,0,sub-023,ses-01,ses-03,ses-01->ses-03,ok
deepconvnet,1,sub-023,ses-01,ses-03,ses-01->ses-03,ok
deepconvnet,2,sub-023,ses-01,ses-03,ses-01->ses-03,ok
deepconvnet,3,sub-023,ses-01,ses-03,ses-01->ses-03,ok
deepconvnet,4,sub-023,ses-01,ses-03,ses-01->ses-03,ok
fbcnet,0,sub-023,ses-01,ses-03,ses-01->ses-03,ok
fbcnet,1,sub-023,ses-01,ses-03,ses-01->ses-03,ok
fbcnet,2,sub-023,ses-01,ses-03,ses-01->ses-03,ok
fbcnet,3,sub-023,ses-01,ses-03,ses-01->ses-03,ok
fbcnet,4,sub-023,ses-01,ses-03,ses-01->ses-03,ok
eegnet,0,sub-023,ses-01,ses-04,ses-01->ses-04,ok
eegnet,1,sub-023,ses-01,ses-04,ses-01->ses-04,ok
eegnet,2,sub-023,ses-01,ses-04,ses-01->ses-04,ok
eegnet,3,sub-023,ses-01,ses-04,ses-01->ses-04,ok
eegnet,4,sub-023,ses-01,ses-04,ses-01->ses-04,ok
deepconvnet,0,sub-023,ses-01,ses-04,ses-01->ses-04,ok
deepconvnet,1,sub-023,ses-01,ses-04,ses-01->ses-04,ok
deepconvnet,2,sub-023,ses-01,ses-04,ses-01->ses-04,ok
deepconvnet,3,sub-023,ses-01,ses-04,ses-01->ses-04,ok
deepconvnet,4,sub-023,ses-01,ses-04,ses-01->ses-04,ok
fbcnet,0,sub-023,ses-01,ses-04,ses-01->ses-04,ok
fbcnet,1,sub-023,ses-01,ses-04,ses-01->ses-04,ok
fbcnet,2,sub-023,ses-01,ses-04,ses-01->ses-04,ok
fbcnet,3,sub-023,ses-01,ses-04,ses-01->ses-04,ok
fbcnet,4,sub-023,ses-01,ses-04,ses-01->ses-04,ok
eegnet,0,sub-023,ses-01,ses-05,ses-01->ses-05,ok
eegnet,1,sub-023,ses-01,ses-05,ses-01->ses-05,ok
eegnet,2,sub-023,ses-01,ses-05,ses-01->ses-05,ok
eegnet,3,sub-023,ses-01,ses-05,ses-01->ses-05,ok
eegnet,4,sub-023,ses-01,ses-05,ses-01->ses-05,ok
deepconvnet,0,sub-023,ses-01,ses-05,ses-01->ses-05,ok
deepconvnet,1,sub-023,ses-01,ses-05,ses-01->ses-05,ok
deepconvnet,2,sub-023,ses-01,ses-05,ses-01->ses-05,ok
deepconvnet,3,sub-023,ses-01,ses-05,ses-01->ses-05,ok
deepconvnet,4,sub-023,ses-01,ses-05,ses-01->ses-05,ok
fbcnet,0,sub-023,ses-01,ses-05,ses-01->ses-05,ok
fbcnet,1,sub-023,ses-01,ses-05,ses-01->ses-05,ok
fbcnet,2,sub-023,ses-01,ses-05,ses-01->ses-05,ok
fbcnet,3,sub-023,ses-01,ses-05,ses-01->ses-05,ok
fbcnet,4,sub-023,ses-01,ses-05,ses-01->ses-05,ok
eegnet,0,sub-023,ses-02,ses-01,ses-02->ses-01,ok
eegnet,1,sub-023,ses-02,ses-01,ses-02->ses-01,ok
eegnet,2,sub-023,ses-02,ses-01,ses-02->ses-01,ok
eegnet,3,sub-023,ses-02,ses-01,ses-02->ses-01,ok
eegnet,4,sub-023,ses-02,ses-01,ses-02->ses-01,ok
deepconvnet,0,sub-023,ses-02,ses-01,ses-02->ses-01,ok
deepconvnet,1,sub-023,ses-02,ses-01,ses-02->ses-01,ok
deepconvnet,2,sub-023,ses-02,ses-01,ses-02->ses-01,ok
deepconvnet,3,sub-023,ses-02,ses-01,ses-02->ses-01,ok
deepconvnet,4,sub-023,ses-02,ses-01,ses-02->ses-01,ok
fbcnet,0,sub-023,ses-02,ses-01,ses-02->ses-01,ok
fbcnet,1,sub-023,ses-02,ses-01,ses-02->ses-01,ok
fbcnet,2,sub-023,ses-02,ses-01,ses-02->ses-01,ok
fbcnet,3,sub-023,ses-02,ses-01,ses-02->ses-01,ok
fbcnet,4,sub-023,ses-02,ses-01,ses-02->ses-01,ok
eegnet,0,sub-023,ses-02,ses-03,ses-02->ses-03,ok
eegnet,1,sub-023,ses-02,ses-03,ses-02->ses-03,ok
eegnet,2,sub-023,ses-02,ses-03,ses-02->ses-03,ok
eegnet,3,sub-023,ses-02,ses-03,ses-02->ses-03,ok
eegnet,4,sub-023,ses-02,ses-03,ses-02->ses-03,ok
deepconvnet,0,sub-023,ses-02,ses-03,ses-02->ses-03,ok
deepconvnet,1,sub-023,ses-02,ses-03,ses-02->ses-03,ok
deepconvnet,2,sub-023,ses-02,ses-03,ses-02->ses-03,ok
deepconvnet,3,sub-023,ses-02,ses-03,ses-02->ses-03,ok
deepconvnet,4,sub-023,ses-02,ses-03,ses-02->ses-03,ok
fbcnet,0,sub-023,ses-02,ses-03,ses-02->ses-03,ok
fbcnet,1,sub-023,ses-02,ses-03,ses-02->ses-03,ok
fbcnet,2,sub-023,ses-02,ses-03,ses-02->ses-03,ok
fbcnet,3,sub-023,ses-02,ses-03,ses-02->ses-03,ok
fbcnet,4,sub-023,ses-02,ses-03,ses-02->ses-03,ok
eegnet,0,sub-023,ses-02,ses-04,ses-02->ses-04,ok
eegnet,1,sub-023,ses-02,ses-04,ses-02->ses-04,ok
eegnet,2,sub-023,ses-02,ses-04,ses-02->ses-04,ok
eegnet,3,sub-023,ses-02,ses-04,ses-02->ses-04,ok
eegnet,4,sub-023,ses-02,ses-04,ses-02->ses-04,ok
deepconvnet,0,sub-023,ses-02,ses-04,ses-02->ses-04,ok
deepconvnet,1,sub-023,ses-02,ses-04,ses-02->ses-04,ok
deepconvnet,2,sub-023,ses-02,ses-04,ses-02->ses-04,ok
deepconvnet,3,sub-023,ses-02,ses-04,ses-02->ses-04,ok
deepconvnet,4,sub-023,ses-02,ses-04,ses-02->ses-04,ok
fbcnet,0,sub-023,ses-02,ses-04,ses-02->ses-04,ok
fbcnet,1,sub-023,ses-02,ses-04,ses-02->ses-04,ok
fbcnet,2,sub-023,ses-02,ses-04,ses-02->ses-04,ok
fbcnet,3,sub-023,ses-02,ses-04,ses-02->ses-04,ok
fbcnet,4,sub-023,ses-02,ses-04,ses-02->ses-04,ok
eegnet,0,sub-023,ses-02,ses-05,ses-02->ses-05,ok
eegnet,1,sub-023,ses-02,ses-05,ses-02->ses-05,ok
eegnet,2,sub-023,ses-02,ses-05,ses-02->ses-05,ok
eegnet,3,sub-023,ses-02,ses-05,ses-02->ses-05,ok
eegnet,4,sub-023,ses-02,ses-05,ses-02->ses-05,ok
deepconvnet,0,sub-023,ses-02,ses-05,ses-02->ses-05,ok
deepconvnet,1,sub-023,ses-02,ses-05,ses-02->ses-05,ok
deepconvnet,2,sub-023,ses-02,ses-05,ses-02->ses-05,ok
deepconvnet,3,sub-023,ses-02,ses-05,ses-02->ses-05,ok
deepconvnet,4,sub-023,ses-02,ses-05,ses-02->ses-05,ok
fbcnet,0,sub-023,ses-02,ses-05,ses-02->ses-05,ok
fbcnet,1,sub-023,ses-02,ses-05,ses-02->ses-05,ok
fbcnet,2,sub-023,ses-02,ses-05,ses-02->ses-05,ok
fbcnet,3,sub-023,ses-02,ses-05,ses-02->ses-05,ok
fbcnet,4,sub-023,ses-02,ses-05,ses-02->ses-05,ok
eegnet,0,sub-023,ses-03,ses-01,ses-03->ses-01,ok
eegnet,1,sub-023,ses-03,ses-01,ses-03->ses-01,ok
eegnet,2,sub-023,ses-03,ses-01,ses-03->ses-01,ok
eegnet,3,sub-023,ses-03,ses-01,ses-03->ses-01,ok
eegnet,4,sub-023,ses-03,ses-01,ses-03->ses-01,ok
deepconvnet,0,sub-023,ses-03,ses-01,ses-03->ses-01,ok
deepconvnet,1,sub-023,ses-03,ses-01,ses-03->ses-01,ok
deepconvnet,2,sub-023,ses-03,ses-01,ses-03->ses-01,ok
deepconvnet,3,sub-023,ses-03,ses-01,ses-03->ses-01,ok
deepconvnet,4,sub-023,ses-03,ses-01,ses-03->ses-01,ok
fbcnet,0,sub-023,ses-03,ses-01,ses-03->ses-01,ok
fbcnet,1,sub-023,ses-03,ses-01,ses-03->ses-01,ok
fbcnet,2,sub-023,ses-03,ses-01,ses-03->ses-01,ok
fbcnet,3,sub-023,ses-03,ses-01,ses-03->ses-01,ok
fbcnet,4,sub-023,ses-03,ses-01,ses-03->ses-01,ok
eegnet,0,sub-023,ses-03,ses-02,ses-03->ses-02,ok
eegnet,1,sub-023,ses-03,ses-02,ses-03->ses-02,ok
eegnet,2,sub-023,ses-03,ses-02,ses-03->ses-02,ok
eegnet,3,sub-023,ses-03,ses-02,ses-03->ses-02,ok
eegnet,4,sub-023,ses-03,ses-02,ses-03->ses-02,ok
deepconvnet,0,sub-023,ses-03,ses-02,ses-03->ses-02,ok
deepconvnet,1,sub-023,ses-03,ses-02,ses-03->ses-02,ok
deepconvnet,2,sub-023,ses-03,ses-02,ses-03->ses-02,ok
deepconvnet,3,sub-023,ses-03,ses-02,ses-03->ses-02,ok
deepconvnet,4,sub-023,ses-03,ses-02,ses-03->ses-02,ok
fbcnet,0,sub-023,ses-03,ses-02,ses-03->ses-02,ok
fbcnet,1,sub-023,ses-03,ses-02,ses-03->ses-02,ok
fbcnet,2,sub-023,ses-03,ses-02,ses-03->ses-02,ok
fbcnet,3,sub-023,ses-03,ses-02,ses-03->ses-02,ok
fbcnet,4,sub-023,ses-03,ses-02,ses-03->ses-02,ok
eegnet,0,sub-023,ses-03,ses-04,ses-03->ses-04,ok
eegnet,1,sub-023,ses-03,ses-04,ses-03->ses-04,ok
eegnet,2,sub-023,ses-03,ses-04,ses-03->ses-04,ok
eegnet,3,sub-023,ses-03,ses-04,ses-03->ses-04,ok
eegnet,4,sub-023,ses-03,ses-04,ses-03->ses-04,ok
deepconvnet,0,sub-023,ses-03,ses-04,ses-03->ses-04,ok
deepconvnet,1,sub-023,ses-03,ses-04,ses-03->ses-04,ok
deepconvnet,2,sub-023,ses-03,ses-04,ses-03->ses-04,ok
deepconvnet,3,sub-023,ses-03,ses-04,ses-03->ses-04,ok
deepconvnet,4,sub-023,ses-03,ses-04,ses-03->ses-04,ok
fbcnet,0,sub-023,ses-03,ses-04,ses-03->ses-04,ok
fbcnet,1,sub-023,ses-03,ses-04,ses-03->ses-04,ok
fbcnet,2,sub-023,ses-03,ses-04,ses-03->ses-04,ok
fbcnet,3,sub-023,ses-03,ses-04,ses-03->ses-04,ok
fbcnet,4,sub-023,ses-03,ses-04,ses-03->ses-04,ok
eegnet,0,sub-023,ses-03,ses-05,ses-03->ses-05,ok
eegnet,1,sub-023,ses-03,ses-05,ses-03->ses-05,ok
eegnet,2,sub-023,ses-03,ses-05,ses-03->ses-05,ok
eegnet,3,sub-023,ses-03,ses-05,ses-03->ses-05,ok
eegnet,4,sub-023,ses-03,ses-05,ses-03->ses-05,ok
deepconvnet,0,sub-023,ses-03,ses-05,ses-03->ses-05,ok
deepconvnet,1,sub-023,ses-03,ses-05,ses-03->ses-05,ok
deepconvnet,2,sub-023,ses-03,ses-05,ses-03->ses-05,ok
deepconvnet,3,sub-023,ses-03,ses-05,ses-03->ses-05,ok
deepconvnet,4,sub-023,ses-03,ses-05,ses-03->ses-05,ok
fbcnet,0,sub-023,ses-03,ses-05,ses-03->ses-05,ok
fbcnet,1,sub-023,ses-03,ses-05,ses-03->ses-05,ok
fbcnet,2,sub-023,ses-03,ses-05,ses-03->ses-05,ok
fbcnet,3,sub-023,ses-03,ses-05,ses-03->ses-05,ok
fbcnet,4,sub-023,ses-03,ses-05,ses-03->ses-05,ok
eegnet,0,sub-023,ses-04,ses-01,ses-04->ses-01,ok
eegnet,1,sub-023,ses-04,ses-01,ses-04->ses-01,ok
eegnet,2,sub-023,ses-04,ses-01,ses-04->ses-01,ok
eegnet,3,sub-023,ses-04,ses-01,ses-04->ses-01,ok
eegnet,4,sub-023,ses-04,ses-01,ses-04->ses-01,ok
deepconvnet,0,sub-023,ses-04,ses-01,ses-04->ses-01,ok
deepconvnet,1,sub-023,ses-04,ses-01,ses-04->ses-01,ok
deepconvnet,2,sub-023,ses-04,ses-01,ses-04->ses-01,ok
deepconvnet,3,sub-023,ses-04,ses-01,ses-04->ses-01,ok
deepconvnet,4,sub-023,ses-04,ses-01,ses-04->ses-01,ok
fbcnet,0,sub-023,ses-04,ses-01,ses-04->ses-01,ok
fbcnet,1,sub-023,ses-04,ses-01,ses-04->ses-01,ok
fbcnet,2,sub-023,ses-04,ses-01,ses-04->ses-01,ok
fbcnet,3,sub-023,ses-04,ses-01,ses-04->ses-01,ok
fbcnet,4,sub-023,ses-04,ses-01,ses-04->ses-01,ok
eegnet,0,sub-023,ses-04,ses-02,ses-04->ses-02,ok
eegnet,1,sub-023,ses-04,ses-02,ses-04->ses-02,ok
eegnet,2,sub-023,ses-04,ses-02,ses-04->ses-02,ok
eegnet,3,sub-023,ses-04,ses-02,ses-04->ses-02,ok
eegnet,4,sub-023,ses-04,ses-02,ses-04->ses-02,ok
deepconvnet,0,sub-023,ses-04,ses-02,ses-04->ses-02,ok
deepconvnet,1,sub-023,ses-04,ses-02,ses-04->ses-02,ok
deepconvnet,2,sub-023,ses-04,ses-02,ses-04->ses-02,ok
deepconvnet,3,sub-023,ses-04,ses-02,ses-04->ses-02,ok
deepconvnet,4,sub-023,ses-04,ses-02,ses-04->ses-02,ok
fbcnet,0,sub-023,ses-04,ses-02,ses-04->ses-02,ok
fbcnet,1,sub-023,ses-04,ses-02,ses-04->ses-02,ok
fbcnet,2,sub-023,ses-04,ses-02,ses-04->ses-02,ok
fbcnet,3,sub-023,ses-04,ses-02,ses-04->ses-02,ok
fbcnet,4,sub-023,ses-04,ses-02,ses-04->ses-02,ok
eegnet,0,sub-023,ses-04,ses-03,ses-04->ses-03,ok
eegnet,1,sub-023,ses-04,ses-03,ses-04->ses-03,ok
eegnet,2,sub-023,ses-04,ses-03,ses-04->ses-03,ok
eegnet,3,sub-023,ses-04,ses-03,ses-04->ses-03,ok
eegnet,4,sub-023,ses-04,ses-03,ses-04->ses-03,ok
deepconvnet,0,sub-023,ses-04,ses-03,ses-04->ses-03,ok
deepconvnet,1,sub-023,ses-04,ses-03,ses-04->ses-03,ok
deepconvnet,2,sub-023,ses-04,ses-03,ses-04->ses-03,ok
deepconvnet,3,sub-023,ses-04,ses-03,ses-04->ses-03,ok
deepconvnet,4,sub-023,ses-04,ses-03,ses-04->ses-03,ok
fbcnet,0,sub-023,ses-04,ses-03,ses-04->ses-03,ok
fbcnet,1,sub-023,ses-04,ses-03,ses-04->ses-03,ok
fbcnet,2,sub-023,ses-04,ses-03,ses-04->ses-03,ok
fbcnet,3,sub-023,ses-04,ses-03,ses-04->ses-03,ok
fbcnet,4,sub-023,ses-04,ses-03,ses-04->ses-03,ok
eegnet,0,sub-023,ses-04,ses-05,ses-04->ses-05,ok
eegnet,1,sub-023,ses-04,ses-05,ses-04->ses-05,ok
eegnet,2,sub-023,ses-04,ses-05,ses-04->ses-05,ok
eegnet,3,sub-023,ses-04,ses-05,ses-04->ses-05,ok
eegnet,4,sub-023,ses-04,ses-05,ses-04->ses-05,ok
deepconvnet,0,sub-023,ses-04,ses-05,ses-04->ses-05,ok
deepconvnet,1,sub-023,ses-04,ses-05,ses-04->ses-05,ok
deepconvnet,2,sub-023,ses-04,ses-05,ses-04->ses-05,ok
deepconvnet,3,sub-023,ses-04,ses-05,ses-04->ses-05,ok
deepconvnet,4,sub-023,ses-04,ses-05,ses-04->ses-05,ok
fbcnet,0,sub-023,ses-04,ses-05,ses-04->ses-05,ok
fbcnet,1,sub-023,ses-04,ses-05,ses-04->ses-05,ok
fbcnet,2,sub-023,ses-04,ses-05,ses-04->ses-05,ok
fbcnet,3,sub-023,ses-04,ses-05,ses-04->ses-05,ok
fbcnet,4,sub-023,ses-04,ses-05,ses-04->ses-05,ok
eegnet,0,sub-023,ses-05,ses-01,ses-05->ses-01,ok
eegnet,1,sub-023,ses-05,ses-01,ses-05->ses-01,ok
eegnet,2,sub-023,ses-05,ses-01,ses-05->ses-01,ok
eegnet,3,sub-023,ses-05,ses-01,ses-05->ses-01,ok
eegnet,4,sub-023,ses-05,ses-01,ses-05->ses-01,ok
deepconvnet,0,sub-023,ses-05,ses-01,ses-05->ses-01,ok
deepconvnet,1,sub-023,ses-05,ses-01,ses-05->ses-01,ok
deepconvnet,2,sub-023,ses-05,ses-01,ses-05->ses-01,ok
deepconvnet,3,sub-023,ses-05,ses-01,ses-05->ses-01,ok
deepconvnet,4,sub-023,ses-05,ses-01,ses-05->ses-01,ok
fbcnet,0,sub-023,ses-05,ses-01,ses-05->ses-01,ok
fbcnet,1,sub-023,ses-05,ses-01,ses-05->ses-01,ok
fbcnet,2,sub-023,ses-05,ses-01,ses-05->ses-01,ok
fbcnet,3,sub-023,ses-05,ses-01,ses-05->ses-01,ok
fbcnet,4,sub-023,ses-05,ses-01,ses-05->ses-01,ok
eegnet,0,sub-023,ses-05,ses-02,ses-05->ses-02,ok
eegnet,1,sub-023,ses-05,ses-02,ses-05->ses-02,ok
eegnet,2,sub-023,ses-05,ses-02,ses-05->ses-02,ok
eegnet,3,sub-023,ses-05,ses-02,ses-05->ses-02,ok
eegnet,4,sub-023,ses-05,ses-02,ses-05->ses-02,ok
deepconvnet,0,sub-023,ses-05,ses-02,ses-05->ses-02,ok
deepconvnet,1,sub-023,ses-05,ses-02,ses-05->ses-02,ok
deepconvnet,2,sub-023,ses-05,ses-02,ses-05->ses-02,ok
deepconvnet,3,sub-023,ses-05,ses-02,ses-05->ses-02,ok
deepconvnet,4,sub-023,ses-05,ses-02,ses-05->ses-02,ok
fbcnet,0,sub-023,ses-05,ses-02,ses-05->ses-02,ok
fbcnet,1,sub-023,ses-05,ses-02,ses-05->ses-02,ok
fbcnet,2,sub-023,ses-05,ses-02,ses-05->ses-02,ok
fbcnet,3,sub-023,ses-05,ses-02,ses-05->ses-02,ok
fbcnet,4,sub-023,ses-05,ses-02,ses-05->ses-02,ok
eegnet,0,sub-023,ses-05,ses-03,ses-05->ses-03,ok
eegnet,1,sub-023,ses-05,ses-03,ses-05->ses-03,ok
eegnet,2,sub-023,ses-05,ses-03,ses-05->ses-03,ok
eegnet,3,sub-023,ses-05,ses-03,ses-05->ses-03,ok
eegnet,4,sub-023,ses-05,ses-03,ses-05->ses-03,ok
deepconvnet,0,sub-023,ses-05,ses-03,ses-05->ses-03,ok
deepconvnet,1,sub-023,ses-05,ses-03,ses-05->ses-03,ok
deepconvnet,2,sub-023,ses-05,ses-03,ses-05->ses-03,ok
deepconvnet,3,sub-023,ses-05,ses-03,ses-05->ses-03,ok
deepconvnet,4,sub-023,ses-05,ses-03,ses-05->ses-03,ok
fbcnet,0,sub-023,ses-05,ses-03,ses-05->ses-03,ok
fbcnet,1,sub-023,ses-05,ses-03,ses-05->ses-03,ok
fbcnet,2,sub-023,ses-05,ses-03,ses-05->ses-03,ok
fbcnet,3,sub-023,ses-05,ses-03,ses-05->ses-03,ok
fbcnet,4,sub-023,ses-05,ses-03,ses-05->ses-03,ok
eegnet,0,sub-023,ses-05,ses-04,ses-05->ses-04,ok
eegnet,1,sub-023,ses-05,ses-04,ses-05->ses-04,ok
eegnet,2,sub-023,ses-05,ses-04,ses-05->ses-04,ok
eegnet,3,sub-023,ses-05,ses-04,ses-05->ses-04,ok
eegnet,4,sub-023,ses-05,ses-04,ses-05->ses-04,ok
deepconvnet,0,sub-023,ses-05,ses-04,ses-05->ses-04,ok
deepconvnet,1,sub-023,ses-05,ses-04,ses-05->ses-04,ok
deepconvnet,2,sub-023,ses-05,ses-04,ses-05->ses-04,ok
deepconvnet,3,sub-023,ses-05,ses-04,ses-05->ses-04,ok
deepconvnet,4,sub-023,ses-05,ses-04,ses-05->ses-04,ok
fbcnet,0,sub-023,ses-05,ses-04,ses-05->ses-04,ok
fbcnet,1,sub-023,ses-05,ses-04,ses-05->ses-04,ok
fbcnet,2,sub-023,ses-05,ses-04,ses-05->ses-04,ok
fbcnet,3,sub-023,ses-05,ses-04,ses-05->ses-04,ok
fbcnet,4,sub-023,ses-05,ses-04,ses-05->ses-04,ok
eegnet,0,sub-024,ses-01,ses-02,ses-01->ses-02,ok
eegnet,1,sub-024,ses-01,ses-02,ses-01->ses-02,ok
eegnet,2,sub-024,ses-01,ses-02,ses-01->ses-02,ok
eegnet,3,sub-024,ses-01,ses-02,ses-01->ses-02,ok
eegnet,4,sub-024,ses-01,ses-02,ses-01->ses-02,ok
deepconvnet,0,sub-024,ses-01,ses-02,ses-01->ses-02,ok
deepconvnet,1,sub-024,ses-01,ses-02,ses-01->ses-02,ok
deepconvnet,2,sub-024,ses-01,ses-02,ses-01->ses-02,ok
deepconvnet,3,sub-024,ses-01,ses-02,ses-01->ses-02,ok
deepconvnet,4,sub-024,ses-01,ses-02,ses-01->ses-02,ok
fbcnet,0,sub-024,ses-01,ses-02,ses-01->ses-02,ok
fbcnet,1,sub-024,ses-01,ses-02,ses-01->ses-02,ok
fbcnet,2,sub-024,ses-01,ses-02,ses-01->ses-02,ok
fbcnet,3,sub-024,ses-01,ses-02,ses-01->ses-02,ok
fbcnet,4,sub-024,ses-01,ses-02,ses-01->ses-02,ok
eegnet,0,sub-024,ses-01,ses-03,ses-01->ses-03,ok
eegnet,1,sub-024,ses-01,ses-03,ses-01->ses-03,ok
eegnet,2,sub-024,ses-01,ses-03,ses-01->ses-03,ok
eegnet,3,sub-024,ses-01,ses-03,ses-01->ses-03,ok
eegnet,4,sub-024,ses-01,ses-03,ses-01->ses-03,ok
deepconvnet,0,sub-024,ses-01,ses-03,ses-01->ses-03,ok
deepconvnet,1,sub-024,ses-01,ses-03,ses-01->ses-03,ok
deepconvnet,2,sub-024,ses-01,ses-03,ses-01->ses-03,ok
deepconvnet,3,sub-024,ses-01,ses-03,ses-01->ses-03,ok
deepconvnet,4,sub-024,ses-01,ses-03,ses-01->ses-03,ok
fbcnet,0,sub-024,ses-01,ses-03,ses-01->ses-03,ok
fbcnet,1,sub-024,ses-01,ses-03,ses-01->ses-03,ok
fbcnet,2,sub-024,ses-01,ses-03,ses-01->ses-03,ok
fbcnet,3,sub-024,ses-01,ses-03,ses-01->ses-03,ok
fbcnet,4,sub-024,ses-01,ses-03,ses-01->ses-03,ok
eegnet,0,sub-024,ses-01,ses-04,ses-01->ses-04,ok
eegnet,1,sub-024,ses-01,ses-04,ses-01->ses-04,ok
eegnet,2,sub-024,ses-01,ses-04,ses-01->ses-04,ok
eegnet,3,sub-024,ses-01,ses-04,ses-01->ses-04,ok
eegnet,4,sub-024,ses-01,ses-04,ses-01->ses-04,ok
deepconvnet,0,sub-024,ses-01,ses-04,ses-01->ses-04,ok
deepconvnet,1,sub-024,ses-01,ses-04,ses-01->ses-04,ok
deepconvnet,2,sub-024,ses-01,ses-04,ses-01->ses-04,ok
deepconvnet,3,sub-024,ses-01,ses-04,ses-01->ses-04,ok
deepconvnet,4,sub-024,ses-01,ses-04,ses-01->ses-04,ok
fbcnet,0,sub-024,ses-01,ses-04,ses-01->ses-04,ok
fbcnet,1,sub-024,ses-01,ses-04,ses-01->ses-04,ok
fbcnet,2,sub-024,ses-01,ses-04,ses-01->ses-04,ok
fbcnet,3,sub-024,ses-01,ses-04,ses-01->ses-04,ok
fbcnet,4,sub-024,ses-01,ses-04,ses-01->ses-04,ok
eegnet,0,sub-024,ses-01,ses-05,ses-01->ses-05,ok
eegnet,1,sub-024,ses-01,ses-05,ses-01->ses-05,ok
eegnet,2,sub-024,ses-01,ses-05,ses-01->ses-05,ok
eegnet,3,sub-024,ses-01,ses-05,ses-01->ses-05,ok
eegnet,4,sub-024,ses-01,ses-05,ses-01->ses-05,ok
deepconvnet,0,sub-024,ses-01,ses-05,ses-01->ses-05,ok
deepconvnet,1,sub-024,ses-01,ses-05,ses-01->ses-05,ok
deepconvnet,2,sub-024,ses-01,ses-05,ses-01->ses-05,ok
deepconvnet,3,sub-024,ses-01,ses-05,ses-01->ses-05,ok
deepconvnet,4,sub-024,ses-01,ses-05,ses-01->ses-05,ok
fbcnet,0,sub-024,ses-01,ses-05,ses-01->ses-05,ok
fbcnet,1,sub-024,ses-01,ses-05,ses-01->ses-05,ok
fbcnet,2,sub-024,ses-01,ses-05,ses-01->ses-05,ok
fbcnet,3,sub-024,ses-01,ses-05,ses-01->ses-05,ok
fbcnet,4,sub-024,ses-01,ses-05,ses-01->ses-05,ok
eegnet,0,sub-024,ses-02,ses-01,ses-02->ses-01,ok
eegnet,1,sub-024,ses-02,ses-01,ses-02->ses-01,ok
eegnet,2,sub-024,ses-02,ses-01,ses-02->ses-01,ok
eegnet,3,sub-024,ses-02,ses-01,ses-02->ses-01,ok
eegnet,4,sub-024,ses-02,ses-01,ses-02->ses-01,ok
deepconvnet,0,sub-024,ses-02,ses-01,ses-02->ses-01,ok
deepconvnet,1,sub-024,ses-02,ses-01,ses-02->ses-01,ok
deepconvnet,2,sub-024,ses-02,ses-01,ses-02->ses-01,ok
deepconvnet,3,sub-024,ses-02,ses-01,ses-02->ses-01,ok
deepconvnet,4,sub-024,ses-02,ses-01,ses-02->ses-01,ok
fbcnet,0,sub-024,ses-02,ses-01,ses-02->ses-01,ok
fbcnet,1,sub-024,ses-02,ses-01,ses-02->ses-01,ok
fbcnet,2,sub-024,ses-02,ses-01,ses-02->ses-01,ok
fbcnet,3,sub-024,ses-02,ses-01,ses-02->ses-01,ok
fbcnet,4,sub-024,ses-02,ses-01,ses-02->ses-01,ok
eegnet,0,sub-024,ses-02,ses-03,ses-02->ses-03,ok
eegnet,1,sub-024,ses-02,ses-03,ses-02->ses-03,ok
eegnet,2,sub-024,ses-02,ses-03,ses-02->ses-03,ok
eegnet,3,sub-024,ses-02,ses-03,ses-02->ses-03,ok
eegnet,4,sub-024,ses-02,ses-03,ses-02->ses-03,ok
deepconvnet,0,sub-024,ses-02,ses-03,ses-02->ses-03,ok
deepconvnet,1,sub-024,ses-02,ses-03,ses-02->ses-03,ok
deepconvnet,2,sub-024,ses-02,ses-03,ses-02->ses-03,ok
deepconvnet,3,sub-024,ses-02,ses-03,ses-02->ses-03,ok
deepconvnet,4,sub-024,ses-02,ses-03,ses-02->ses-03,ok
fbcnet,0,sub-024,ses-02,ses-03,ses-02->ses-03,ok
fbcnet,1,sub-024,ses-02,ses-03,ses-02->ses-03,ok
fbcnet,2,sub-024,ses-02,ses-03,ses-02->ses-03,ok
fbcnet,3,sub-024,ses-02,ses-03,ses-02->ses-03,ok
fbcnet,4,sub-024,ses-02,ses-03,ses-02->ses-03,ok
eegnet,0,sub-024,ses-02,ses-04,ses-02->ses-04,ok
eegnet,1,sub-024,ses-02,ses-04,ses-02->ses-04,ok
eegnet,2,sub-024,ses-02,ses-04,ses-02->ses-04,ok
eegnet,3,sub-024,ses-02,ses-04,ses-02->ses-04,ok
eegnet,4,sub-024,ses-02,ses-04,ses-02->ses-04,ok
deepconvnet,0,sub-024,ses-02,ses-04,ses-02->ses-04,ok
deepconvnet,1,sub-024,ses-02,ses-04,ses-02->ses-04,ok
deepconvnet,2,sub-024,ses-02,ses-04,ses-02->ses-04,ok
deepconvnet,3,sub-024,ses-02,ses-04,ses-02->ses-04,ok
deepconvnet,4,sub-024,ses-02,ses-04,ses-02->ses-04,ok
fbcnet,0,sub-024,ses-02,ses-04,ses-02->ses-04,ok
fbcnet,1,sub-024,ses-02,ses-04,ses-02->ses-04,ok
fbcnet,2,sub-024,ses-02,ses-04,ses-02->ses-04,ok
fbcnet,3,sub-024,ses-02,ses-04,ses-02->ses-04,ok
fbcnet,4,sub-024,ses-02,ses-04,ses-02->ses-04,ok
eegnet,0,sub-024,ses-02,ses-05,ses-02->ses-05,ok
eegnet,1,sub-024,ses-02,ses-05,ses-02->ses-05,ok
eegnet,2,sub-024,ses-02,ses-05,ses-02->ses-05,ok
eegnet,3,sub-024,ses-02,ses-05,ses-02->ses-05,ok
eegnet,4,sub-024,ses-02,ses-05,ses-02->ses-05,ok
deepconvnet,0,sub-024,ses-02,ses-05,ses-02->ses-05,ok
deepconvnet,1,sub-024,ses-02,ses-05,ses-02->ses-05,ok
deepconvnet,2,sub-024,ses-02,ses-05,ses-02->ses-05,ok
deepconvnet,3,sub-024,ses-02,ses-05,ses-02->ses-05,ok
deepconvnet,4,sub-024,ses-02,ses-05,ses-02->ses-05,ok
fbcnet,0,sub-024,ses-02,ses-05,ses-02->ses-05,ok
fbcnet,1,sub-024,ses-02,ses-05,ses-02->ses-05,ok
fbcnet,2,sub-024,ses-02,ses-05,ses-02->ses-05,ok
fbcnet,3,sub-024,ses-02,ses-05,ses-02->ses-05,ok
fbcnet,4,sub-024,ses-02,ses-05,ses-02->ses-05,ok
eegnet,0,sub-024,ses-03,ses-01,ses-03->ses-01,ok
eegnet,1,sub-024,ses-03,ses-01,ses-03->ses-01,ok
eegnet,2,sub-024,ses-03,ses-01,ses-03->ses-01,ok
eegnet,3,sub-024,ses-03,ses-01,ses-03->ses-01,ok
eegnet,4,sub-024,ses-03,ses-01,ses-03->ses-01,ok
deepconvnet,0,sub-024,ses-03,ses-01,ses-03->ses-01,ok
deepconvnet,1,sub-024,ses-03,ses-01,ses-03->ses-01,ok
deepconvnet,2,sub-024,ses-03,ses-01,ses-03->ses-01,ok
deepconvnet,3,sub-024,ses-03,ses-01,ses-03->ses-01,ok
deepconvnet,4,sub-024,ses-03,ses-01,ses-03->ses-01,ok
fbcnet,0,sub-024,ses-03,ses-01,ses-03->ses-01,ok
fbcnet,1,sub-024,ses-03,ses-01,ses-03->ses-01,ok
fbcnet,2,sub-024,ses-03,ses-01,ses-03->ses-01,ok
fbcnet,3,sub-024,ses-03,ses-01,ses-03->ses-01,ok
fbcnet,4,sub-024,ses-03,ses-01,ses-03->ses-01,ok
eegnet,0,sub-024,ses-03,ses-02,ses-03->ses-02,ok
eegnet,1,sub-024,ses-03,ses-02,ses-03->ses-02,ok
eegnet,2,sub-024,ses-03,ses-02,ses-03->ses-02,ok
eegnet,3,sub-024,ses-03,ses-02,ses-03->ses-02,ok
eegnet,4,sub-024,ses-03,ses-02,ses-03->ses-02,ok
deepconvnet,0,sub-024,ses-03,ses-02,ses-03->ses-02,ok
deepconvnet,1,sub-024,ses-03,ses-02,ses-03->ses-02,ok
deepconvnet,2,sub-024,ses-03,ses-02,ses-03->ses-02,ok
deepconvnet,3,sub-024,ses-03,ses-02,ses-03->ses-02,ok
deepconvnet,4,sub-024,ses-03,ses-02,ses-03->ses-02,ok
fbcnet,0,sub-024,ses-03,ses-02,ses-03->ses-02,ok
fbcnet,1,sub-024,ses-03,ses-02,ses-03->ses-02,ok
fbcnet,2,sub-024,ses-03,ses-02,ses-03->ses-02,ok
fbcnet,3,sub-024,ses-03,ses-02,ses-03->ses-02,ok
fbcnet,4,sub-024,ses-03,ses-02,ses-03->ses-02,ok
eegnet,0,sub-024,ses-03,ses-04,ses-03->ses-04,ok
eegnet,1,sub-024,ses-03,ses-04,ses-03->ses-04,ok
eegnet,2,sub-024,ses-03,ses-04,ses-03->ses-04,ok
eegnet,3,sub-024,ses-03,ses-04,ses-03->ses-04,ok
eegnet,4,sub-024,ses-03,ses-04,ses-03->ses-04,ok
deepconvnet,0,sub-024,ses-03,ses-04,ses-03->ses-04,ok
deepconvnet,1,sub-024,ses-03,ses-04,ses-03->ses-04,ok
deepconvnet,2,sub-024,ses-03,ses-04,ses-03->ses-04,ok
deepconvnet,3,sub-024,ses-03,ses-04,ses-03->ses-04,ok
deepconvnet,4,sub-024,ses-03,ses-04,ses-03->ses-04,ok
fbcnet,0,sub-024,ses-03,ses-04,ses-03->ses-04,ok
fbcnet,1,sub-024,ses-03,ses-04,ses-03->ses-04,ok
fbcnet,2,sub-024,ses-03,ses-04,ses-03->ses-04,ok
fbcnet,3,sub-024,ses-03,ses-04,ses-03->ses-04,ok
fbcnet,4,sub-024,ses-03,ses-04,ses-03->ses-04,ok
eegnet,0,sub-024,ses-03,ses-05,ses-03->ses-05,ok
eegnet,1,sub-024,ses-03,ses-05,ses-03->ses-05,ok
eegnet,2,sub-024,ses-03,ses-05,ses-03->ses-05,ok
eegnet,3,sub-024,ses-03,ses-05,ses-03->ses-05,ok
eegnet,4,sub-024,ses-03,ses-05,ses-03->ses-05,ok
deepconvnet,0,sub-024,ses-03,ses-05,ses-03->ses-05,ok
deepconvnet,1,sub-024,ses-03,ses-05,ses-03->ses-05,ok
deepconvnet,2,sub-024,ses-03,ses-05,ses-03->ses-05,ok
deepconvnet,3,sub-024,ses-03,ses-05,ses-03->ses-05,ok
deepconvnet,4,sub-024,ses-03,ses-05,ses-03->ses-05,ok
fbcnet,0,sub-024,ses-03,ses-05,ses-03->ses-05,ok
fbcnet,1,sub-024,ses-03,ses-05,ses-03->ses-05,ok
fbcnet,2,sub-024,ses-03,ses-05,ses-03->ses-05,ok
fbcnet,3,sub-024,ses-03,ses-05,ses-03->ses-05,ok
fbcnet,4,sub-024,ses-03,ses-05,ses-03->ses-05,ok
eegnet,0,sub-024,ses-04,ses-01,ses-04->ses-01,ok
eegnet,1,sub-024,ses-04,ses-01,ses-04->ses-01,ok
eegnet,2,sub-024,ses-04,ses-01,ses-04->ses-01,ok
eegnet,3,sub-024,ses-04,ses-01,ses-04->ses-01,ok
eegnet,4,sub-024,ses-04,ses-01,ses-04->ses-01,ok
deepconvnet,0,sub-024,ses-04,ses-01,ses-04->ses-01,ok
deepconvnet,1,sub-024,ses-04,ses-01,ses-04->ses-01,ok
deepconvnet,2,sub-024,ses-04,ses-01,ses-04->ses-01,ok
deepconvnet,3,sub-024,ses-04,ses-01,ses-04->ses-01,ok
deepconvnet,4,sub-024,ses-04,ses-01,ses-04->ses-01,ok
fbcnet,0,sub-024,ses-04,ses-01,ses-04->ses-01,ok
fbcnet,1,sub-024,ses-04,ses-01,ses-04->ses-01,ok
fbcnet,2,sub-024,ses-04,ses-01,ses-04->ses-01,ok
fbcnet,3,sub-024,ses-04,ses-01,ses-04->ses-01,ok
fbcnet,4,sub-024,ses-04,ses-01,ses-04->ses-01,ok
eegnet,0,sub-024,ses-04,ses-02,ses-04->ses-02,ok
eegnet,1,sub-024,ses-04,ses-02,ses-04->ses-02,ok
eegnet,2,sub-024,ses-04,ses-02,ses-04->ses-02,ok
eegnet,3,sub-024,ses-04,ses-02,ses-04->ses-02,ok
eegnet,4,sub-024,ses-04,ses-02,ses-04->ses-02,ok
deepconvnet,0,sub-024,ses-04,ses-02,ses-04->ses-02,ok
deepconvnet,1,sub-024,ses-04,ses-02,ses-04->ses-02,ok
deepconvnet,2,sub-024,ses-04,ses-02,ses-04->ses-02,ok
deepconvnet,3,sub-024,ses-04,ses-02,ses-04->ses-02,ok
deepconvnet,4,sub-024,ses-04,ses-02,ses-04->ses-02,ok
fbcnet,0,sub-024,ses-04,ses-02,ses-04->ses-02,ok
fbcnet,1,sub-024,ses-04,ses-02,ses-04->ses-02,ok
fbcnet,2,sub-024,ses-04,ses-02,ses-04->ses-02,ok
fbcnet,3,sub-024,ses-04,ses-02,ses-04->ses-02,ok
fbcnet,4,sub-024,ses-04,ses-02,ses-04->ses-02,ok
eegnet,0,sub-024,ses-04,ses-03,ses-04->ses-03,ok
eegnet,1,sub-024,ses-04,ses-03,ses-04->ses-03,ok
eegnet,2,sub-024,ses-04,ses-03,ses-04->ses-03,ok
eegnet,3,sub-024,ses-04,ses-03,ses-04->ses-03,ok
eegnet,4,sub-024,ses-04,ses-03,ses-04->ses-03,ok
deepconvnet,0,sub-024,ses-04,ses-03,ses-04->ses-03,ok
deepconvnet,1,sub-024,ses-04,ses-03,ses-04->ses-03,ok
deepconvnet,2,sub-024,ses-04,ses-03,ses-04->ses-03,ok
deepconvnet,3,sub-024,ses-04,ses-03,ses-04->ses-03,ok
deepconvnet,4,sub-024,ses-04,ses-03,ses-04->ses-03,ok
fbcnet,0,sub-024,ses-04,ses-03,ses-04->ses-03,ok
fbcnet,1,sub-024,ses-04,ses-03,ses-04->ses-03,ok
fbcnet,2,sub-024,ses-04,ses-03,ses-04->ses-03,ok
fbcnet,3,sub-024,ses-04,ses-03,ses-04->ses-03,ok
fbcnet,4,sub-024,ses-04,ses-03,ses-04->ses-03,ok
eegnet,0,sub-024,ses-04,ses-05,ses-04->ses-05,ok
eegnet,1,sub-024,ses-04,ses-05,ses-04->ses-05,ok
eegnet,2,sub-024,ses-04,ses-05,ses-04->ses-05,ok
eegnet,3,sub-024,ses-04,ses-05,ses-04->ses-05,ok
eegnet,4,sub-024,ses-04,ses-05,ses-04->ses-05,ok
deepconvnet,0,sub-024,ses-04,ses-05,ses-04->ses-05,ok
deepconvnet,1,sub-024,ses-04,ses-05,ses-04->ses-05,ok
deepconvnet,2,sub-024,ses-04,ses-05,ses-04->ses-05,ok
deepconvnet,3,sub-024,ses-04,ses-05,ses-04->ses-05,ok
deepconvnet,4,sub-024,ses-04,ses-05,ses-04->ses-05,ok
fbcnet,0,sub-024,ses-04,ses-05,ses-04->ses-05,ok
fbcnet,1,sub-024,ses-04,ses-05,ses-04->ses-05,ok
fbcnet,2,sub-024,ses-04,ses-05,ses-04->ses-05,ok
fbcnet,3,sub-024,ses-04,ses-05,ses-04->ses-05,ok
fbcnet,4,sub-024,ses-04,ses-05,ses-04->ses-05,ok
eegnet,0,sub-024,ses-05,ses-01,ses-05->ses-01,ok
eegnet,1,sub-024,ses-05,ses-01,ses-05->ses-01,ok
eegnet,2,sub-024,ses-05,ses-01,ses-05->ses-01,ok
eegnet,3,sub-024,ses-05,ses-01,ses-05->ses-01,ok
eegnet,4,sub-024,ses-05,ses-01,ses-05->ses-01,ok
deepconvnet,0,sub-024,ses-05,ses-01,ses-05->ses-01,ok
deepconvnet,1,sub-024,ses-05,ses-01,ses-05->ses-01,ok
deepconvnet,2,sub-024,ses-05,ses-01,ses-05->ses-01,ok
deepconvnet,3,sub-024,ses-05,ses-01,ses-05->ses-01,ok
deepconvnet,4,sub-024,ses-05,ses-01,ses-05->ses-01,ok
fbcnet,0,sub-024,ses-05,ses-01,ses-05->ses-01,ok
fbcnet,1,sub-024,ses-05,ses-01,ses-05->ses-01,ok
fbcnet,2,sub-024,ses-05,ses-01,ses-05->ses-01,ok
fbcnet,3,sub-024,ses-05,ses-01,ses-05->ses-01,ok
fbcnet,4,sub-024,ses-05,ses-01,ses-05->ses-01,ok
eegnet,0,sub-024,ses-05,ses-02,ses-05->ses-02,ok
eegnet,1,sub-024,ses-05,ses-02,ses-05->ses-02,ok
eegnet,2,sub-024,ses-05,ses-02,ses-05->ses-02,ok
eegnet,3,sub-024,ses-05,ses-02,ses-05->ses-02,ok
eegnet,4,sub-024,ses-05,ses-02,ses-05->ses-02,ok
deepconvnet,0,sub-024,ses-05,ses-02,ses-05->ses-02,ok
deepconvnet,1,sub-024,ses-05,ses-02,ses-05->ses-02,ok
deepconvnet,2,sub-024,ses-05,ses-02,ses-05->ses-02,ok
deepconvnet,3,sub-024,ses-05,ses-02,ses-05->ses-02,ok
deepconvnet,4,sub-024,ses-05,ses-02,ses-05->ses-02,ok
fbcnet,0,sub-024,ses-05,ses-02,ses-05->ses-02,ok
fbcnet,1,sub-024,ses-05,ses-02,ses-05->ses-02,ok
fbcnet,2,sub-024,ses-05,ses-02,ses-05->ses-02,ok
fbcnet,3,sub-024,ses-05,ses-02,ses-05->ses-02,ok
fbcnet,4,sub-024,ses-05,ses-02,ses-05->ses-02,ok
eegnet,0,sub-024,ses-05,ses-03,ses-05->ses-03,ok
eegnet,1,sub-024,ses-05,ses-03,ses-05->ses-03,ok
eegnet,2,sub-024,ses-05,ses-03,ses-05->ses-03,ok
eegnet,3,sub-024,ses-05,ses-03,ses-05->ses-03,ok
eegnet,4,sub-024,ses-05,ses-03,ses-05->ses-03,ok
deepconvnet,0,sub-024,ses-05,ses-03,ses-05->ses-03,ok
deepconvnet,1,sub-024,ses-05,ses-03,ses-05->ses-03,ok
deepconvnet,2,sub-024,ses-05,ses-03,ses-05->ses-03,ok
deepconvnet,3,sub-024,ses-05,ses-03,ses-05->ses-03,ok
deepconvnet,4,sub-024,ses-05,ses-03,ses-05->ses-03,ok
fbcnet,0,sub-024,ses-05,ses-03,ses-05->ses-03,ok
fbcnet,1,sub-024,ses-05,ses-03,ses-05->ses-03,ok
fbcnet,2,sub-024,ses-05,ses-03,ses-05->ses-03,ok
fbcnet,3,sub-024,ses-05,ses-03,ses-05->ses-03,ok
fbcnet,4,sub-024,ses-05,ses-03,ses-05->ses-03,ok
eegnet,0,sub-024,ses-05,ses-04,ses-05->ses-04,ok
eegnet,1,sub-024,ses-05,ses-04,ses-05->ses-04,ok
eegnet,2,sub-024,ses-05,ses-04,ses-05->ses-04,ok
eegnet,3,sub-024,ses-05,ses-04,ses-05->ses-04,ok
eegnet,4,sub-024,ses-05,ses-04,ses-05->ses-04,ok
deepconvnet,0,sub-024,ses-05,ses-04,ses-05->ses-04,ok
deepconvnet,1,sub-024,ses-05,ses-04,ses-05->ses-04,ok
deepconvnet,2,sub-024,ses-05,ses-04,ses-05->ses-04,ok
deepconvnet,3,sub-024,ses-05,ses-04,ses-05->ses-04,ok
deepconvnet,4,sub-024,ses-05,ses-04,ses-05->ses-04,ok
fbcnet,0,sub-024,ses-05,ses-04,ses-05->ses-04,ok
fbcnet,1,sub-024,ses-05,ses-04,ses-05->ses-04,ok
fbcnet,2,sub-024,ses-05,ses-04,ses-05->ses-04,ok
fbcnet,3,sub-024,ses-05,ses-04,ses-05->ses-04,ok
fbcnet,4,sub-024,ses-05,ses-04,ses-05->ses-04,ok
eegnet,0,sub-025,ses-01,ses-02,ses-01->ses-02,ok
eegnet,1,sub-025,ses-01,ses-02,ses-01->ses-02,ok
eegnet,2,sub-025,ses-01,ses-02,ses-01->ses-02,ok
eegnet,3,sub-025,ses-01,ses-02,ses-01->ses-02,ok
eegnet,4,sub-025,ses-01,ses-02,ses-01->ses-02,ok
deepconvnet,0,sub-025,ses-01,ses-02,ses-01->ses-02,ok
deepconvnet,1,sub-025,ses-01,ses-02,ses-01->ses-02,ok
deepconvnet,2,sub-025,ses-01,ses-02,ses-01->ses-02,ok
deepconvnet,3,sub-025,ses-01,ses-02,ses-01->ses-02,ok
deepconvnet,4,sub-025,ses-01,ses-02,ses-01->ses-02,ok
fbcnet,0,sub-025,ses-01,ses-02,ses-01->ses-02,ok
fbcnet,1,sub-025,ses-01,ses-02,ses-01->ses-02,ok
fbcnet,2,sub-025,ses-01,ses-02,ses-01->ses-02,ok
fbcnet,3,sub-025,ses-01,ses-02,ses-01->ses-02,ok
fbcnet,4,sub-025,ses-01,ses-02,ses-01->ses-02,ok
eegnet,0,sub-025,ses-01,ses-03,ses-01->ses-03,ok
eegnet,1,sub-025,ses-01,ses-03,ses-01->ses-03,ok
eegnet,2,sub-025,ses-01,ses-03,ses-01->ses-03,ok
eegnet,3,sub-025,ses-01,ses-03,ses-01->ses-03,ok
eegnet,4,sub-025,ses-01,ses-03,ses-01->ses-03,ok
deepconvnet,0,sub-025,ses-01,ses-03,ses-01->ses-03,ok
deepconvnet,1,sub-025,ses-01,ses-03,ses-01->ses-03,ok
deepconvnet,2,sub-025,ses-01,ses-03,ses-01->ses-03,ok
deepconvnet,3,sub-025,ses-01,ses-03,ses-01->ses-03,ok
deepconvnet,4,sub-025,ses-01,ses-03,ses-01->ses-03,ok
fbcnet,0,sub-025,ses-01,ses-03,ses-01->ses-03,ok
fbcnet,1,sub-025,ses-01,ses-03,ses-01->ses-03,ok
fbcnet,2,sub-025,ses-01,ses-03,ses-01->ses-03,ok
fbcnet,3,sub-025,ses-01,ses-03,ses-01->ses-03,ok
fbcnet,4,sub-025,ses-01,ses-03,ses-01->ses-03,ok
eegnet,0,sub-025,ses-01,ses-04,ses-01->ses-04,ok
eegnet,1,sub-025,ses-01,ses-04,ses-01->ses-04,ok
eegnet,2,sub-025,ses-01,ses-04,ses-01->ses-04,ok
eegnet,3,sub-025,ses-01,ses-04,ses-01->ses-04,ok
eegnet,4,sub-025,ses-01,ses-04,ses-01->ses-04,ok
deepconvnet,0,sub-025,ses-01,ses-04,ses-01->ses-04,ok
deepconvnet,1,sub-025,ses-01,ses-04,ses-01->ses-04,ok
deepconvnet,2,sub-025,ses-01,ses-04,ses-01->ses-04,ok
deepconvnet,3,sub-025,ses-01,ses-04,ses-01->ses-04,ok
deepconvnet,4,sub-025,ses-01,ses-04,ses-01->ses-04,ok
fbcnet,0,sub-025,ses-01,ses-04,ses-01->ses-04,ok
fbcnet,1,sub-025,ses-01,ses-04,ses-01->ses-04,ok
fbcnet,2,sub-025,ses-01,ses-04,ses-01->ses-04,ok
fbcnet,3,sub-025,ses-01,ses-04,ses-01->ses-04,ok
fbcnet,4,sub-025,ses-01,ses-04,ses-01->ses-04,ok
eegnet,0,sub-025,ses-01,ses-05,ses-01->ses-05,ok
eegnet,1,sub-025,ses-01,ses-05,ses-01->ses-05,ok
eegnet,2,sub-025,ses-01,ses-05,ses-01->ses-05,ok
eegnet,3,sub-025,ses-01,ses-05,ses-01->ses-05,ok
eegnet,4,sub-025,ses-01,ses-05,ses-01->ses-05,ok
deepconvnet,0,sub-025,ses-01,ses-05,ses-01->ses-05,ok
deepconvnet,1,sub-025,ses-01,ses-05,ses-01->ses-05,ok
deepconvnet,2,sub-025,ses-01,ses-05,ses-01->ses-05,ok
deepconvnet,3,sub-025,ses-01,ses-05,ses-01->ses-05,ok
deepconvnet,4,sub-025,ses-01,ses-05,ses-01->ses-05,ok
fbcnet,0,sub-025,ses-01,ses-05,ses-01->ses-05,ok
fbcnet,1,sub-025,ses-01,ses-05,ses-01->ses-05,ok
fbcnet,2,sub-025,ses-01,ses-05,ses-01->ses-05,ok
fbcnet,3,sub-025,ses-01,ses-05,ses-01->ses-05,ok
fbcnet,4,sub-025,ses-01,ses-05,ses-01->ses-05,ok
eegnet,0,sub-025,ses-02,ses-01,ses-02->ses-01,ok
eegnet,1,sub-025,ses-02,ses-01,ses-02->ses-01,ok
eegnet,2,sub-025,ses-02,ses-01,ses-02->ses-01,ok
eegnet,3,sub-025,ses-02,ses-01,ses-02->ses-01,ok
eegnet,4,sub-025,ses-02,ses-01,ses-02->ses-01,ok
deepconvnet,0,sub-025,ses-02,ses-01,ses-02->ses-01,ok
deepconvnet,1,sub-025,ses-02,ses-01,ses-02->ses-01,ok
deepconvnet,2,sub-025,ses-02,ses-01,ses-02->ses-01,ok
deepconvnet,3,sub-025,ses-02,ses-01,ses-02->ses-01,ok
deepconvnet,4,sub-025,ses-02,ses-01,ses-02->ses-01,ok
fbcnet,0,sub-025,ses-02,ses-01,ses-02->ses-01,ok
fbcnet,1,sub-025,ses-02,ses-01,ses-02->ses-01,ok
fbcnet,2,sub-025,ses-02,ses-01,ses-02->ses-01,ok
fbcnet,3,sub-025,ses-02,ses-01,ses-02->ses-01,ok
fbcnet,4,sub-025,ses-02,ses-01,ses-02->ses-01,ok
eegnet,0,sub-025,ses-02,ses-03,ses-02->ses-03,ok
eegnet,1,sub-025,ses-02,ses-03,ses-02->ses-03,ok
eegnet,2,sub-025,ses-02,ses-03,ses-02->ses-03,ok
eegnet,3,sub-025,ses-02,ses-03,ses-02->ses-03,ok
eegnet,4,sub-025,ses-02,ses-03,ses-02->ses-03,ok
deepconvnet,0,sub-025,ses-02,ses-03,ses-02->ses-03,ok
deepconvnet,1,sub-025,ses-02,ses-03,ses-02->ses-03,ok
deepconvnet,2,sub-025,ses-02,ses-03,ses-02->ses-03,ok
deepconvnet,3,sub-025,ses-02,ses-03,ses-02->ses-03,ok
deepconvnet,4,sub-025,ses-02,ses-03,ses-02->ses-03,ok
fbcnet,0,sub-025,ses-02,ses-03,ses-02->ses-03,ok
fbcnet,1,sub-025,ses-02,ses-03,ses-02->ses-03,ok
fbcnet,2,sub-025,ses-02,ses-03,ses-02->ses-03,ok
fbcnet,3,sub-025,ses-02,ses-03,ses-02->ses-03,ok
fbcnet,4,sub-025,ses-02,ses-03,ses-02->ses-03,ok
eegnet,0,sub-025,ses-02,ses-04,ses-02->ses-04,ok
eegnet,1,sub-025,ses-02,ses-04,ses-02->ses-04,ok
eegnet,2,sub-025,ses-02,ses-04,ses-02->ses-04,ok
eegnet,3,sub-025,ses-02,ses-04,ses-02->ses-04,ok
eegnet,4,sub-025,ses-02,ses-04,ses-02->ses-04,ok
deepconvnet,0,sub-025,ses-02,ses-04,ses-02->ses-04,ok
deepconvnet,1,sub-025,ses-02,ses-04,ses-02->ses-04,ok
deepconvnet,2,sub-025,ses-02,ses-04,ses-02->ses-04,ok
deepconvnet,3,sub-025,ses-02,ses-04,ses-02->ses-04,ok
deepconvnet,4,sub-025,ses-02,ses-04,ses-02->ses-04,ok
fbcnet,0,sub-025,ses-02,ses-04,ses-02->ses-04,ok
fbcnet,1,sub-025,ses-02,ses-04,ses-02->ses-04,ok
fbcnet,2,sub-025,ses-02,ses-04,ses-02->ses-04,ok
fbcnet,3,sub-025,ses-02,ses-04,ses-02->ses-04,ok
fbcnet,4,sub-025,ses-02,ses-04,ses-02->ses-04,ok
eegnet,0,sub-025,ses-02,ses-05,ses-02->ses-05,ok
eegnet,1,sub-025,ses-02,ses-05,ses-02->ses-05,ok
eegnet,2,sub-025,ses-02,ses-05,ses-02->ses-05,ok
eegnet,3,sub-025,ses-02,ses-05,ses-02->ses-05,ok
eegnet,4,sub-025,ses-02,ses-05,ses-02->ses-05,ok
deepconvnet,0,sub-025,ses-02,ses-05,ses-02->ses-05,ok
deepconvnet,1,sub-025,ses-02,ses-05,ses-02->ses-05,ok
deepconvnet,2,sub-025,ses-02,ses-05,ses-02->ses-05,ok
deepconvnet,3,sub-025,ses-02,ses-05,ses-02->ses-05,ok
deepconvnet,4,sub-025,ses-02,ses-05,ses-02->ses-05,ok
fbcnet,0,sub-025,ses-02,ses-05,ses-02->ses-05,ok
fbcnet,1,sub-025,ses-02,ses-05,ses-02->ses-05,ok
fbcnet,2,sub-025,ses-02,ses-05,ses-02->ses-05,ok
fbcnet,3,sub-025,ses-02,ses-05,ses-02->ses-05,ok
fbcnet,4,sub-025,ses-02,ses-05,ses-02->ses-05,ok
eegnet,0,sub-025,ses-03,ses-01,ses-03->ses-01,ok
eegnet,1,sub-025,ses-03,ses-01,ses-03->ses-01,ok
eegnet,2,sub-025,ses-03,ses-01,ses-03->ses-01,ok
eegnet,3,sub-025,ses-03,ses-01,ses-03->ses-01,ok
eegnet,4,sub-025,ses-03,ses-01,ses-03->ses-01,ok
deepconvnet,0,sub-025,ses-03,ses-01,ses-03->ses-01,ok
deepconvnet,1,sub-025,ses-03,ses-01,ses-03->ses-01,ok
deepconvnet,2,sub-025,ses-03,ses-01,ses-03->ses-01,ok
deepconvnet,3,sub-025,ses-03,ses-01,ses-03->ses-01,ok
deepconvnet,4,sub-025,ses-03,ses-01,ses-03->ses-01,ok
fbcnet,0,sub-025,ses-03,ses-01,ses-03->ses-01,ok
fbcnet,1,sub-025,ses-03,ses-01,ses-03->ses-01,ok
fbcnet,2,sub-025,ses-03,ses-01,ses-03->ses-01,ok
fbcnet,3,sub-025,ses-03,ses-01,ses-03->ses-01,ok
fbcnet,4,sub-025,ses-03,ses-01,ses-03->ses-01,ok
eegnet,0,sub-025,ses-03,ses-02,ses-03->ses-02,ok
eegnet,1,sub-025,ses-03,ses-02,ses-03->ses-02,ok
eegnet,2,sub-025,ses-03,ses-02,ses-03->ses-02,ok
eegnet,3,sub-025,ses-03,ses-02,ses-03->ses-02,ok
eegnet,4,sub-025,ses-03,ses-02,ses-03->ses-02,ok
deepconvnet,0,sub-025,ses-03,ses-02,ses-03->ses-02,ok
deepconvnet,1,sub-025,ses-03,ses-02,ses-03->ses-02,ok
deepconvnet,2,sub-025,ses-03,ses-02,ses-03->ses-02,ok
deepconvnet,3,sub-025,ses-03,ses-02,ses-03->ses-02,ok
deepconvnet,4,sub-025,ses-03,ses-02,ses-03->ses-02,ok
fbcnet,0,sub-025,ses-03,ses-02,ses-03->ses-02,ok
fbcnet,1,sub-025,ses-03,ses-02,ses-03->ses-02,ok
fbcnet,2,sub-025,ses-03,ses-02,ses-03->ses-02,ok
fbcnet,3,sub-025,ses-03,ses-02,ses-03->ses-02,ok
fbcnet,4,sub-025,ses-03,ses-02,ses-03->ses-02,ok
eegnet,0,sub-025,ses-03,ses-04,ses-03->ses-04,ok
eegnet,1,sub-025,ses-03,ses-04,ses-03->ses-04,ok
eegnet,2,sub-025,ses-03,ses-04,ses-03->ses-04,ok
eegnet,3,sub-025,ses-03,ses-04,ses-03->ses-04,ok
eegnet,4,sub-025,ses-03,ses-04,ses-03->ses-04,ok
deepconvnet,0,sub-025,ses-03,ses-04,ses-03->ses-04,ok
deepconvnet,1,sub-025,ses-03,ses-04,ses-03->ses-04,ok
deepconvnet,2,sub-025,ses-03,ses-04,ses-03->ses-04,ok
deepconvnet,3,sub-025,ses-03,ses-04,ses-03->ses-04,ok
deepconvnet,4,sub-025,ses-03,ses-04,ses-03->ses-04,ok
fbcnet,0,sub-025,ses-03,ses-04,ses-03->ses-04,ok
fbcnet,1,sub-025,ses-03,ses-04,ses-03->ses-04,ok
fbcnet,2,sub-025,ses-03,ses-04,ses-03->ses-04,ok
fbcnet,3,sub-025,ses-03,ses-04,ses-03->ses-04,ok
fbcnet,4,sub-025,ses-03,ses-04,ses-03->ses-04,ok
eegnet,0,sub-025,ses-03,ses-05,ses-03->ses-05,ok
eegnet,1,sub-025,ses-03,ses-05,ses-03->ses-05,ok
eegnet,2,sub-025,ses-03,ses-05,ses-03->ses-05,ok
eegnet,3,sub-025,ses-03,ses-05,ses-03->ses-05,ok
eegnet,4,sub-025,ses-03,ses-05,ses-03->ses-05,ok
deepconvnet,0,sub-025,ses-03,ses-05,ses-03->ses-05,ok
deepconvnet,1,sub-025,ses-03,ses-05,ses-03->ses-05,ok
deepconvnet,2,sub-025,ses-03,ses-05,ses-03->ses-05,ok
deepconvnet,3,sub-025,ses-03,ses-05,ses-03->ses-05,ok
deepconvnet,4,sub-025,ses-03,ses-05,ses-03->ses-05,ok
fbcnet,0,sub-025,ses-03,ses-05,ses-03->ses-05,ok
fbcnet,1,sub-025,ses-03,ses-05,ses-03->ses-05,ok
fbcnet,2,sub-025,ses-03,ses-05,ses-03->ses-05,ok
fbcnet,3,sub-025,ses-03,ses-05,ses-03->ses-05,ok
fbcnet,4,sub-025,ses-03,ses-05,ses-03->ses-05,ok
eegnet,0,sub-025,ses-04,ses-01,ses-04->ses-01,ok
eegnet,1,sub-025,ses-04,ses-01,ses-04->ses-01,ok
eegnet,2,sub-025,ses-04,ses-01,ses-04->ses-01,ok
eegnet,3,sub-025,ses-04,ses-01,ses-04->ses-01,ok
eegnet,4,sub-025,ses-04,ses-01,ses-04->ses-01,ok
deepconvnet,0,sub-025,ses-04,ses-01,ses-04->ses-01,ok
deepconvnet,1,sub-025,ses-04,ses-01,ses-04->ses-01,ok
deepconvnet,2,sub-025,ses-04,ses-01,ses-04->ses-01,ok
deepconvnet,3,sub-025,ses-04,ses-01,ses-04->ses-01,ok
deepconvnet,4,sub-025,ses-04,ses-01,ses-04->ses-01,ok
fbcnet,0,sub-025,ses-04,ses-01,ses-04->ses-01,ok
fbcnet,1,sub-025,ses-04,ses-01,ses-04->ses-01,ok
fbcnet,2,sub-025,ses-04,ses-01,ses-04->ses-01,ok
fbcnet,3,sub-025,ses-04,ses-01,ses-04->ses-01,ok
fbcnet,4,sub-025,ses-04,ses-01,ses-04->ses-01,ok
eegnet,0,sub-025,ses-04,ses-02,ses-04->ses-02,ok
eegnet,1,sub-025,ses-04,ses-02,ses-04->ses-02,ok
eegnet,2,sub-025,ses-04,ses-02,ses-04->ses-02,ok
eegnet,3,sub-025,ses-04,ses-02,ses-04->ses-02,ok
eegnet,4,sub-025,ses-04,ses-02,ses-04->ses-02,ok
deepconvnet,0,sub-025,ses-04,ses-02,ses-04->ses-02,ok
deepconvnet,1,sub-025,ses-04,ses-02,ses-04->ses-02,ok
deepconvnet,2,sub-025,ses-04,ses-02,ses-04->ses-02,ok
deepconvnet,3,sub-025,ses-04,ses-02,ses-04->ses-02,ok
deepconvnet,4,sub-025,ses-04,ses-02,ses-04->ses-02,ok
fbcnet,0,sub-025,ses-04,ses-02,ses-04->ses-02,ok
fbcnet,1,sub-025,ses-04,ses-02,ses-04->ses-02,ok
fbcnet,2,sub-025,ses-04,ses-02,ses-04->ses-02,ok
fbcnet,3,sub-025,ses-04,ses-02,ses-04->ses-02,ok
fbcnet,4,sub-025,ses-04,ses-02,ses-04->ses-02,ok
eegnet,0,sub-025,ses-04,ses-03,ses-04->ses-03,ok
eegnet,1,sub-025,ses-04,ses-03,ses-04->ses-03,ok
eegnet,2,sub-025,ses-04,ses-03,ses-04->ses-03,ok
eegnet,3,sub-025,ses-04,ses-03,ses-04->ses-03,ok
eegnet,4,sub-025,ses-04,ses-03,ses-04->ses-03,ok
deepconvnet,0,sub-025,ses-04,ses-03,ses-04->ses-03,ok
deepconvnet,1,sub-025,ses-04,ses-03,ses-04->ses-03,ok
deepconvnet,2,sub-025,ses-04,ses-03,ses-04->ses-03,ok
deepconvnet,3,sub-025,ses-04,ses-03,ses-04->ses-03,ok
deepconvnet,4,sub-025,ses-04,ses-03,ses-04->ses-03,ok
fbcnet,0,sub-025,ses-04,ses-03,ses-04->ses-03,ok
fbcnet,1,sub-025,ses-04,ses-03,ses-04->ses-03,ok
fbcnet,2,sub-025,ses-04,ses-03,ses-04->ses-03,ok
fbcnet,3,sub-025,ses-04,ses-03,ses-04->ses-03,ok
fbcnet,4,sub-025,ses-04,ses-03,ses-04->ses-03,ok
eegnet,0,sub-025,ses-04,ses-05,ses-04->ses-05,ok
eegnet,1,sub-025,ses-04,ses-05,ses-04->ses-05,ok
eegnet,2,sub-025,ses-04,ses-05,ses-04->ses-05,ok
eegnet,3,sub-025,ses-04,ses-05,ses-04->ses-05,ok
eegnet,4,sub-025,ses-04,ses-05,ses-04->ses-05,ok
deepconvnet,0,sub-025,ses-04,ses-05,ses-04->ses-05,ok
deepconvnet,1,sub-025,ses-04,ses-05,ses-04->ses-05,ok
deepconvnet,2,sub-025,ses-04,ses-05,ses-04->ses-05,ok
deepconvnet,3,sub-025,ses-04,ses-05,ses-04->ses-05,ok
deepconvnet,4,sub-025,ses-04,ses-05,ses-04->ses-05,ok
fbcnet,0,sub-025,ses-04,ses-05,ses-04->ses-05,ok
fbcnet,1,sub-025,ses-04,ses-05,ses-04->ses-05,ok
fbcnet,2,sub-025,ses-04,ses-05,ses-04->ses-05,ok
fbcnet,3,sub-025,ses-04,ses-05,ses-04->ses-05,ok
fbcnet,4,sub-025,ses-04,ses-05,ses-04->ses-05,ok
eegnet,0,sub-025,ses-05,ses-01,ses-05->ses-01,ok
eegnet,1,sub-025,ses-05,ses-01,ses-05->ses-01,ok
eegnet,2,sub-025,ses-05,ses-01,ses-05->ses-01,ok
eegnet,3,sub-025,ses-05,ses-01,ses-05->ses-01,ok
eegnet,4,sub-025,ses-05,ses-01,ses-05->ses-01,ok
deepconvnet,0,sub-025,ses-05,ses-01,ses-05->ses-01,ok
deepconvnet,1,sub-025,ses-05,ses-01,ses-05->ses-01,ok
deepconvnet,2,sub-025,ses-05,ses-01,ses-05->ses-01,ok
deepconvnet,3,sub-025,ses-05,ses-01,ses-05->ses-01,ok
deepconvnet,4,sub-025,ses-05,ses-01,ses-05->ses-01,ok
fbcnet,0,sub-025,ses-05,ses-01,ses-05->ses-01,ok
fbcnet,1,sub-025,ses-05,ses-01,ses-05->ses-01,ok
fbcnet,2,sub-025,ses-05,ses-01,ses-05->ses-01,ok
fbcnet,3,sub-025,ses-05,ses-01,ses-05->ses-01,ok
fbcnet,4,sub-025,ses-05,ses-01,ses-05->ses-01,ok
eegnet,0,sub-025,ses-05,ses-02,ses-05->ses-02,ok
eegnet,1,sub-025,ses-05,ses-02,ses-05->ses-02,ok
eegnet,2,sub-025,ses-05,ses-02,ses-05->ses-02,ok
eegnet,3,sub-025,ses-05,ses-02,ses-05->ses-02,ok
eegnet,4,sub-025,ses-05,ses-02,ses-05->ses-02,ok
deepconvnet,0,sub-025,ses-05,ses-02,ses-05->ses-02,ok
deepconvnet,1,sub-025,ses-05,ses-02,ses-05->ses-02,ok
deepconvnet,2,sub-025,ses-05,ses-02,ses-05->ses-02,ok
deepconvnet,3,sub-025,ses-05,ses-02,ses-05->ses-02,ok
deepconvnet,4,sub-025,ses-05,ses-02,ses-05->ses-02,ok
fbcnet,0,sub-025,ses-05,ses-02,ses-05->ses-02,ok
fbcnet,1,sub-025,ses-05,ses-02,ses-05->ses-02,ok
fbcnet,2,sub-025,ses-05,ses-02,ses-05->ses-02,ok
fbcnet,3,sub-025,ses-05,ses-02,ses-05->ses-02,ok
fbcnet,4,sub-025,ses-05,ses-02,ses-05->ses-02,ok
eegnet,0,sub-025,ses-05,ses-03,ses-05->ses-03,ok
eegnet,1,sub-025,ses-05,ses-03,ses-05->ses-03,ok
eegnet,2,sub-025,ses-05,ses-03,ses-05->ses-03,ok
eegnet,3,sub-025,ses-05,ses-03,ses-05->ses-03,ok
eegnet,4,sub-025,ses-05,ses-03,ses-05->ses-03,ok
deepconvnet,0,sub-025,ses-05,ses-03,ses-05->ses-03,ok
deepconvnet,1,sub-025,ses-05,ses-03,ses-05->ses-03,ok
deepconvnet,2,sub-025,ses-05,ses-03,ses-05->ses-03,ok
deepconvnet,3,sub-025,ses-05,ses-03,ses-05->ses-03,ok
deepconvnet,4,sub-025,ses-05,ses-03,ses-05->ses-03,ok
fbcnet,0,sub-025,ses-05,ses-03,ses-05->ses-03,ok
fbcnet,1,sub-025,ses-05,ses-03,ses-05->ses-03,ok
fbcnet,2,sub-025,ses-05,ses-03,ses-05->ses-03,ok
fbcnet,3,sub-025,ses-05,ses-03,ses-05->ses-03,ok
fbcnet,4,sub-025,ses-05,ses-03,ses-05->ses-03,ok
eegnet,0,sub-025,ses-05,ses-04,ses-05->ses-04,ok
eegnet,1,sub-025,ses-05,ses-04,ses-05->ses-04,ok
eegnet,2,sub-025,ses-05,ses-04,ses-05->ses-04,ok
eegnet,3,sub-025,ses-05,ses-04,ses-05->ses-04,ok
eegnet,4,sub-025,ses-05,ses-04,ses-05->ses-04,ok
deepconvnet,0,sub-025,ses-05,ses-04,ses-05->ses-04,ok
deepconvnet,1,sub-025,ses-05,ses-04,ses-05->ses-04,ok
deepconvnet,2,sub-025,ses-05,ses-04,ses-05->ses-04,ok
deepconvnet,3,sub-025,ses-05,ses-04,ses-05->ses-04,ok
deepconvnet,4,sub-025,ses-05,ses-04,ses-05->ses-04,ok
fbcnet,0,sub-025,ses-05,ses-04,ses-05->ses-04,ok
fbcnet,1,sub-025,ses-05,ses-04,ses-05->ses-04,ok
fbcnet,2,sub-025,ses-05,ses-04,ses-05->ses-04,ok
fbcnet,3,sub-025,ses-05,ses-04,ses-05->ses-04,ok
fbcnet,4,sub-025,ses-05,ses-04,ses-05->ses-04,ok
