protocol,model,seed,subject,train_sessions,test_session,split_id,acc,bacc,f1,auc,nll,brier,ece,n_train,n_val,n_test,best_epoch,checkpoint_path,status,error_message
multisource_0102_to_03,deepconvnet,0,sub-001,ses-01+ses-02,ses-03,0,0.494949494949495,0.4912244897959184,0.4129506641366224,0.4559183673469388,0.977599024772644,0.6435009635757523,0.253120208629454,160,40,99,2,/share/home/yuan/SYX/eeg-mi-online/checkpoints/shu/session_multisource_v1/deepconvnet/multisource_sub-001_ses01ses02-to-ses-03_seed0.pt,ok,
multisource_0102_to_03,deepconvnet,0,sub-002,ses-01+ses-02,ses-03,0,0.52,0.5134484142914492,0.5104039167686658,0.5210758731433159,0.7107118368148804,0.5139403040814168,0.1004499804973602,149,38,100,29,/share/home/yuan/SYX/eeg-mi-online/checkpoints/shu/session_multisource_v1/deepconvnet/multisource_sub-002_ses01ses02-to-ses-03_seed0.pt,ok,
multisource_0102_to_03,deepconvnet,0,sub-003,ses-01+ses-02,ses-03,0,0.532608695652174,0.5236406619385343,0.4302174852369292,0.4576832151300236,1.4219220876693726,0.6190071473003892,0.163724629127461,153,39,92,1,/share/home/yuan/SYX/eeg-mi-online/checkpoints/shu/session_multisource_v1/deepconvnet/multisource_sub-003_ses01ses02-to-ses-03_seed0.pt,ok,
multisource_0102_to_03,deepconvnet,0,sub-004,ses-01+ses-02,ses-03,0,0.6153846153846154,0.6160368217054264,0.6151987435061013,0.6681201550387597,0.6600421667098999,0.4681809758360433,0.0942776949851067,147,37,91,12,/share/home/yuan/SYX/eeg-mi-online/checkpoints/shu/session_multisource_v1/deepconvnet/multisource_sub-004_ses01ses02-to-ses-03_seed0.pt,ok,
multisource_0102_to_03,deepconvnet,0,sub-005,ses-01+ses-02,ses-03,0,0.5376344086021505,0.538159111933395,0.5367774817560524,0.5568917668825162,0.9987031817436218,0.640083145072744,0.2602438433195955,155,39,93,23,/share/home/yuan/SYX/eeg-mi-online/checkpoints/shu/session_multisource_v1/deepconvnet/multisource_sub-005_ses01ses02-to-ses-03_seed0.pt,ok,
multisource_0102_to_03,deepconvnet,0,sub-006,ses-01+ses-02,ses-03,0,0.5368421052631579,0.5359042553191489,0.5326475849731663,0.4782801418439716,4.397718906402588,0.8942042259444252,0.4376123001700953,149,38,95,12,/share/home/yuan/SYX/eeg-mi-online/checkpoints/shu/session_multisource_v1/deepconvnet/multisource_sub-006_ses01ses02-to-ses-03_seed0.pt,ok,
multisource_0102_to_03,deepconvnet,0,sub-007,ses-01+ses-02,ses-03,0,0.5833333333333334,0.5833333333333333,0.5804195804195804,0.5980902777777777,0.928347647190094,0.5876674190059529,0.2311044447124004,160,40,96,7,/share/home/yuan/SYX/eeg-mi-online/checkpoints/shu/session_multisource_v1/deepconvnet/multisource_sub-007_ses01ses02-to-ses-03_seed0.pt,ok,
multisource_0102_to_03,deepconvnet,0,sub-008,ses-01+ses-02,ses-03,0,0.5617977528089888,0.5659090909090909,0.4967377120487168,0.744949494949495,1.652491569519043,0.7078633345802682,0.3491142485918623,155,39,89,85,/share/home/yuan/SYX/eeg-mi-online/checkpoints/shu/session_multisource_v1/deepconvnet/multisource_sub-008_ses01ses02-to-ses-03_seed0.pt,ok,
multisource_0102_to_03,deepconvnet,0,sub-009,ses-01+ses-02,ses-03,0,0.49,0.49,0.4615140956604371,0.4756,1.0600290298461914,0.6419700281574597,0.2074179208278656,158,40,100,4,/share/home/yuan/SYX/eeg-mi-online/checkpoints/shu/session_multisource_v1/deepconvnet/multisource_sub-009_ses01ses02-to-ses-03_seed0.pt,ok,
multisource_0102_to_03,deepconvnet,0,sub-010,ses-01+ses-02,ses-03,0,0.6,0.6000000000000001,0.5974235104669887,0.6232,0.672343909740448,0.4795816612871019,0.0674355566501617,146,37,100,1,/share/home/yuan/SYX/eeg-mi-online/checkpoints/shu/session_multisource_v1/deepconvnet/multisource_sub-010_ses01ses02-to-ses-03_seed0.pt,ok,
multisource_0102_to_03,deepconvnet,0,sub-011,ses-01+ses-02,ses-03,0,0.56,0.56,0.5571658615136876,0.5768,0.8026479482650757,0.5635101496766672,0.1957337582111358,155,39,100,10,/share/home/yuan/SYX/eeg-mi-online/checkpoints/shu/session_multisource_v1/deepconvnet/multisource_sub-011_ses01ses02-to-ses-03_seed0.pt,ok,
multisource_0102_to_03,deepconvnet,0,sub-012,ses-01+ses-02,ses-03,0,0.5257731958762887,0.5240221088435374,0.5107456140350877,0.550595238095238,0.68733149766922,0.4950518983308588,0.05599130121703,152,39,97,3,/share/home/yuan/SYX/eeg-mi-online/checkpoints/shu/session_multisource_v1/deepconvnet/multisource_sub-012_ses01ses02-to-ses-03_seed0.pt,ok,
multisource_0102_to_03,deepconvnet,0,sub-013,ses-01+ses-02,ses-03,0,0.77,0.77,0.7593890574327858,0.9028,0.5440337657928467,0.3302178239952908,0.0701949095726013,155,39,100,6,/share/home/yuan/SYX/eeg-mi-online/checkpoints/shu/session_multisource_v1/deepconvnet/multisource_sub-013_ses01ses02-to-ses-03_seed0.pt,ok,
multisource_0102_to_03,deepconvnet,0,sub-014,ses-01+ses-02,ses-03,0,0.4891304347826087,0.484812529663028,0.4841942025527854,0.4736592311343141,0.7334385514259338,0.5358157029072967,0.1110452666230823,156,39,92,2,/share/home/yuan/SYX/eeg-mi-online/checkpoints/shu/session_multisource_v1/deepconvnet/multisource_sub-014_ses01ses02-to-ses-03_seed0.pt,ok,
multisource_0102_to_03,deepconvnet,0,sub-015,ses-01+ses-02,ses-03,0,0.4470588235294118,0.4871794871794871,0.3089430894308943,0.5635451505016722,0.7598980069160461,0.5631502988134484,0.2007174190352945,156,39,85,1,/share/home/yuan/SYX/eeg-mi-online/checkpoints/shu/session_multisource_v1/deepconvnet/multisource_sub-015_ses01ses02-to-ses-03_seed0.pt,ok,
multisource_0102_to_03,deepconvnet,0,sub-016,ses-01+ses-02,ses-03,0,0.73,0.73,0.7266929851199515,0.732,0.7412036657333374,0.4372863333218298,0.1496946609020233,160,40,100,15,/share/home/yuan/SYX/eeg-mi-online/checkpoints/shu/session_multisource_v1/deepconvnet/multisource_sub-016_ses01ses02-to-ses-03_seed0.pt,ok,
multisource_0102_to_03,deepconvnet,0,sub-017,ses-01+ses-02,ses-03,0,0.4591836734693877,0.4666666666666667,0.3801169590643274,0.5258333333333334,0.8099583983421326,0.5933613454980915,0.2276948179517473,160,40,98,2,/share/home/yuan/SYX/eeg-mi-online/checkpoints/shu/session_multisource_v1/deepconvnet/multisource_sub-017_ses01ses02-to-ses-03_seed0.pt,ok,
multisource_0102_to_03,deepconvnet,0,sub-018,ses-01+ses-02,ses-03,0,0.58,0.5800000000000001,0.5757575757575757,0.5668000000000001,0.7212058305740356,0.5186657258064621,0.1088084369897842,155,39,100,4,/share/home/yuan/SYX/eeg-mi-online/checkpoints/shu/session_multisource_v1/deepconvnet/multisource_sub-018_ses01ses02-to-ses-03_seed0.pt,ok,
multisource_0102_to_03,deepconvnet,0,sub-019,ses-01+ses-02,ses-03,0,0.6914893617021277,0.698639455782313,0.6854736356293989,0.7519274376417233,0.6342511177062988,0.4344530561739459,0.0735546489979358,152,38,94,8,/share/home/yuan/SYX/eeg-mi-online/checkpoints/shu/session_multisource_v1/deepconvnet/multisource_sub-019_ses01ses02-to-ses-03_seed0.pt,ok,
multisource_0102_to_03,deepconvnet,0,sub-020,ses-01+ses-02,ses-03,0,0.48,0.48,0.48,0.4788,3.110182523727417,1.0277388505783154,0.5205808591842652,151,38,100,9,/share/home/yuan/SYX/eeg-mi-online/checkpoints/shu/session_multisource_v1/deepconvnet/multisource_sub-020_ses01ses02-to-ses-03_seed0.pt,ok,
multisource_0102_to_03,deepconvnet,0,sub-021,ses-01+ses-02,ses-03,0,0.8064516129032258,0.80527289546716,0.8037054409005628,0.8954671600370028,0.4426051378250122,0.2843142656250874,0.0593350491216105,154,39,93,4,/share/home/yuan/SYX/eeg-mi-online/checkpoints/shu/session_multisource_v1/deepconvnet/multisource_sub-021_ses01ses02-to-ses-03_seed0.pt,ok,
multisource_0102_to_03,deepconvnet,0,sub-022,ses-01+ses-02,ses-03,0,0.52,0.52,0.5192307692307692,0.5132,1.152000904083252,0.7151827926905355,0.3157469761371612,149,38,100,11,/share/home/yuan/SYX/eeg-mi-online/checkpoints/shu/session_multisource_v1/deepconvnet/multisource_sub-022_ses01ses02-to-ses-03_seed0.pt,ok,
multisource_0102_to_03,deepconvnet,0,sub-023,ses-01+ses-02,ses-03,0,0.7272727272727273,0.7285714285714285,0.723205964585275,0.7861224489795917,0.6040918827056885,0.3762346538786483,0.0811916186351968,152,38,99,3,/share/home/yuan/SYX/eeg-mi-online/checkpoints/shu/session_multisource_v1/deepconvnet/multisource_sub-023_ses01ses02-to-ses-03_seed0.pt,ok,
multisource_0102_to_03,deepconvnet,0,sub-024,ses-01+ses-02,ses-03,0,0.4939759036144578,0.4941860465116279,0.4939024390243902,0.5040697674418605,0.723416268825531,0.524531384314316,0.1438855399568396,124,32,83,2,/share/home/yuan/SYX/eeg-mi-online/checkpoints/shu/session_multisource_v1/deepconvnet/multisource_sub-024_ses01ses02-to-ses-03_seed0.pt,ok,
multisource_0102_to_03,deepconvnet,0,sub-025,ses-01+ses-02,ses-03,0,0.5531914893617021,0.5538949275362319,0.5529891304347826,0.5384963768115941,0.7471407651901245,0.5413336516914345,0.1598779451339803,144,36,94,2,/share/home/yuan/SYX/eeg-mi-online/checkpoints/shu/session_multisource_v1/deepconvnet/multisource_sub-025_ses01ses02-to-ses-03_seed0.pt,ok,
multisource_0102_to_03,deepconvnet,1,sub-001,ses-01+ses-02,ses-03,0,0.5858585858585859,0.5871428571428572,0.5796831314072693,0.5628571428571428,0.7247145771980286,0.5246719604319953,0.1566368750851564,160,40,99,1,/share/home/yuan/SYX/eeg-mi-online/checkpoints/shu/session_multisource_v1/deepconvnet/multisource_sub-001_ses01ses02-to-ses-03_seed1.pt,ok,
multisource_0102_to_03,deepconvnet,1,sub-002,ses-01+ses-02,ses-03,0,0.51,0.4943797671617824,0.4650070968446337,0.4684865515857085,0.8269971609115601,0.5927019774496955,0.1781842947006225,149,38,100,39,/share/home/yuan/SYX/eeg-mi-online/checkpoints/shu/session_multisource_v1/deepconvnet/multisource_sub-002_ses01ses02-to-ses-03_seed1.pt,ok,
multisource_0102_to_03,deepconvnet,1,sub-003,ses-01+ses-02,ses-03,0,0.5,0.4959810874704491,0.4800982800982801,0.4973995271867611,1.146629810333252,0.7146503508567371,0.3191001324549965,153,39,92,9,/share/home/yuan/SYX/eeg-mi-online/checkpoints/shu/session_multisource_v1/deepconvnet/multisource_sub-003_ses01ses02-to-ses-03_seed1.pt,ok,
multisource_0102_to_03,deepconvnet,1,sub-004,ses-01+ses-02,ses-03,0,0.5604395604395604,0.5578972868217054,0.5578231292517006,0.5794573643410852,0.8706261515617371,0.5508662623071471,0.1610860418487381,147,37,91,50,/share/home/yuan/SYX/eeg-mi-online/checkpoints/shu/session_multisource_v1/deepconvnet/multisource_sub-004_ses01ses02-to-ses-03_seed1.pt,ok,
multisource_0102_to_03,deepconvnet,1,sub-005,ses-01+ses-02,ses-03,0,0.5053763440860215,0.5034690101757632,0.4882775119617225,0.5901942645698428,0.8723639249801636,0.5740280204957788,0.2249968430047394,155,39,93,29,/share/home/yuan/SYX/eeg-mi-online/checkpoints/shu/session_multisource_v1/deepconvnet/multisource_sub-005_ses01ses02-to-ses-03_seed1.pt,ok,
multisource_0102_to_03,deepconvnet,1,sub-006,ses-01+ses-02,ses-03,0,0.5052631578947369,0.5046542553191489,0.5032817888530426,0.4312943262411347,7.694557666778564,0.9588245586343056,0.494474993254009,149,38,95,31,/share/home/yuan/SYX/eeg-mi-online/checkpoints/shu/session_multisource_v1/deepconvnet/multisource_sub-006_ses01ses02-to-ses-03_seed1.pt,ok,
multisource_0102_to_03,deepconvnet,1,sub-007,ses-01+ses-02,ses-03,0,0.4791666666666667,0.4791666666666666,0.4678492239467849,0.5147569444444444,0.7094441056251526,0.5180931695305718,0.1349874188502629,160,40,96,1,/share/home/yuan/SYX/eeg-mi-online/checkpoints/shu/session_multisource_v1/deepconvnet/multisource_sub-007_ses01ses02-to-ses-03_seed1.pt,ok,
multisource_0102_to_03,deepconvnet,1,sub-008,ses-01+ses-02,ses-03,0,0.6292134831460674,0.6325757575757576,0.5946169772256729,0.6959595959595959,1.017348051071167,0.5543292529255112,0.2702125491720907,155,39,89,41,/share/home/yuan/SYX/eeg-mi-online/checkpoints/shu/session_multisource_v1/deepconvnet/multisource_sub-008_ses01ses02-to-ses-03_seed1.pt,ok,
multisource_0102_to_03,deepconvnet,1,sub-009,ses-01+ses-02,ses-03,0,0.52,0.52,0.5169082125603865,0.544,0.9587893486022948,0.5956971967712062,0.1936153030395507,158,40,100,13,/share/home/yuan/SYX/eeg-mi-online/checkpoints/shu/session_multisource_v1/deepconvnet/multisource_sub-009_ses01ses02-to-ses-03_seed1.pt,ok,
multisource_0102_to_03,deepconvnet,1,sub-010,ses-01+ses-02,ses-03,0,0.49,0.49,0.4874886946035573,0.4896,0.7217265963554382,0.525833560850851,0.0916765177249908,146,37,100,8,/share/home/yuan/SYX/eeg-mi-online/checkpoints/shu/session_multisource_v1/deepconvnet/multisource_sub-010_ses01ses02-to-ses-03_seed1.pt,ok,
multisource_0102_to_03,deepconvnet,1,sub-011,ses-01+ses-02,ses-03,0,0.47,0.47,0.468671679197995,0.4547999999999999,0.7058394551277161,0.5126727556104111,0.0799979728460311,155,39,100,1,/share/home/yuan/SYX/eeg-mi-online/checkpoints/shu/session_multisource_v1/deepconvnet/multisource_sub-011_ses01ses02-to-ses-03_seed1.pt,ok,
multisource_0102_to_03,deepconvnet,1,sub-012,ses-01+ses-02,ses-03,0,0.5154639175257731,0.5167942176870748,0.5079330814894766,0.5195578231292517,0.6975759267807007,0.5047360483672583,0.0534061900119191,152,39,97,2,/share/home/yuan/SYX/eeg-mi-online/checkpoints/shu/session_multisource_v1/deepconvnet/multisource_sub-012_ses01ses02-to-ses-03_seed1.pt,ok,
multisource_0102_to_03,deepconvnet,1,sub-013,ses-01+ses-02,ses-03,0,0.74,0.74,0.7373737373737375,0.8424,0.5825359225273132,0.3341022755431176,0.1195312440395355,155,39,100,11,/share/home/yuan/SYX/eeg-mi-online/checkpoints/shu/session_multisource_v1/deepconvnet/multisource_sub-013_ses01ses02-to-ses-03_seed1.pt,ok,
multisource_0102_to_03,deepconvnet,1,sub-014,ses-01+ses-02,ses-03,0,0.5217391304347826,0.5382059800664452,0.498015873015873,0.4712861888941623,0.752465546131134,0.5572873325410311,0.2016570444988167,156,39,92,4,/share/home/yuan/SYX/eeg-mi-online/checkpoints/shu/session_multisource_v1/deepconvnet/multisource_sub-014_ses01ses02-to-ses-03_seed1.pt,ok,
multisource_0102_to_03,deepconvnet,1,sub-015,ses-01+ses-02,ses-03,0,0.4470588235294118,0.4871794871794871,0.3089430894308943,0.4966555183946488,0.8884329199790955,0.6643600487135289,0.2902487572501688,156,39,85,5,/share/home/yuan/SYX/eeg-mi-online/checkpoints/shu/session_multisource_v1/deepconvnet/multisource_sub-015_ses01ses02-to-ses-03_seed1.pt,ok,
multisource_0102_to_03,deepconvnet,1,sub-016,ses-01+ses-02,ses-03,0,0.64,0.64,0.64,0.6564,0.7364283800125122,0.4901935077308015,0.1513258153200149,160,40,100,8,/share/home/yuan/SYX/eeg-mi-online/checkpoints/shu/session_multisource_v1/deepconvnet/multisource_sub-016_ses01ses02-to-ses-03_seed1.pt,ok,
multisource_0102_to_03,deepconvnet,1,sub-017,ses-01+ses-02,ses-03,0,0.6530612244897959,0.6491666666666667,0.6379834854411126,0.6475,1.1536108255386353,0.5816159553400609,0.2839084784595334,160,40,98,11,/share/home/yuan/SYX/eeg-mi-online/checkpoints/shu/session_multisource_v1/deepconvnet/multisource_sub-017_ses01ses02-to-ses-03_seed1.pt,ok,
multisource_0102_to_03,deepconvnet,1,sub-018,ses-01+ses-02,ses-03,0,0.63,0.63,0.6053333333333333,0.6476000000000001,0.6592977046966553,0.4663541171788835,0.0301800060272217,155,39,100,1,/share/home/yuan/SYX/eeg-mi-online/checkpoints/shu/session_multisource_v1/deepconvnet/multisource_sub-018_ses01ses02-to-ses-03_seed1.pt,ok,
multisource_0102_to_03,deepconvnet,1,sub-019,ses-01+ses-02,ses-03,0,0.5957446808510638,0.6031746031746031,0.5865740740740741,0.7002267573696146,0.6763408184051514,0.4732529212248989,0.1093712322255398,152,38,94,4,/share/home/yuan/SYX/eeg-mi-online/checkpoints/shu/session_multisource_v1/deepconvnet/multisource_sub-019_ses01ses02-to-ses-03_seed1.pt,ok,
multisource_0102_to_03,deepconvnet,1,sub-020,ses-01+ses-02,ses-03,0,0.47,0.47,0.4699469946994699,0.4836,3.067120313644409,1.0394914609229382,0.5269962948560715,151,38,100,1,/share/home/yuan/SYX/eeg-mi-online/checkpoints/shu/session_multisource_v1/deepconvnet/multisource_sub-020_ses01ses02-to-ses-03_seed1.pt,ok,
multisource_0102_to_03,deepconvnet,1,sub-021,ses-01+ses-02,ses-03,0,0.6989247311827957,0.6970397779833488,0.6885167464114832,0.8635522664199815,0.6160836219787598,0.4013774931710305,0.1742505687539295,154,39,93,6,/share/home/yuan/SYX/eeg-mi-online/checkpoints/shu/session_multisource_v1/deepconvnet/multisource_sub-021_ses01ses02-to-ses-03_seed1.pt,ok,
multisource_0102_to_03,deepconvnet,1,sub-022,ses-01+ses-02,ses-03,0,0.5,0.5,0.4981934965877158,0.5332,1.0248931646347046,0.650904374976872,0.2747884064912796,149,38,100,13,/share/home/yuan/SYX/eeg-mi-online/checkpoints/shu/session_multisource_v1/deepconvnet/multisource_sub-022_ses01ses02-to-ses-03_seed1.pt,ok,
multisource_0102_to_03,deepconvnet,1,sub-023,ses-01+ses-02,ses-03,0,0.6565656565656566,0.6583673469387755,0.6461312026913373,0.7485714285714286,0.6840181350708008,0.4304435582110406,0.138091965155168,152,38,99,3,/share/home/yuan/SYX/eeg-mi-online/checkpoints/shu/session_multisource_v1/deepconvnet/multisource_sub-023_ses01ses02-to-ses-03_seed1.pt,ok,
multisource_0102_to_03,deepconvnet,1,sub-024,ses-01+ses-02,ses-03,0,0.4457831325301205,0.4476744186046512,0.4450581395348837,0.4773255813953488,0.7480670809745789,0.5501003695730614,0.1658399399504604,124,32,83,1,/share/home/yuan/SYX/eeg-mi-online/checkpoints/shu/session_multisource_v1/deepconvnet/multisource_sub-024_ses01ses02-to-ses-03_seed1.pt,ok,
multisource_0102_to_03,deepconvnet,1,sub-025,ses-01+ses-02,ses-03,0,0.4680851063829787,0.4705615942028985,0.461996336996337,0.4995471014492754,0.7576702237129211,0.5547215068276097,0.1824971418431465,144,36,94,1,/share/home/yuan/SYX/eeg-mi-online/checkpoints/shu/session_multisource_v1/deepconvnet/multisource_sub-025_ses01ses02-to-ses-03_seed1.pt,ok,
multisource_0102_to_03,deepconvnet,2,sub-001,ses-01+ses-02,ses-03,0,0.4545454545454545,0.4530612244897959,0.4417293233082706,0.4502040816326531,0.8057298064231873,0.5718896855075287,0.1687871964290888,160,40,99,1,/share/home/yuan/SYX/eeg-mi-online/checkpoints/shu/session_multisource_v1/deepconvnet/multisource_sub-001_ses01ses02-to-ses-03_seed2.pt,ok,
multisource_0102_to_03,deepconvnet,2,sub-002,ses-01+ses-02,ses-03,0,0.51,0.490766760337214,0.4415954415954416,0.5062224006423123,0.705823540687561,0.5114916768357152,0.0936552786827087,149,38,100,24,/share/home/yuan/SYX/eeg-mi-online/checkpoints/shu/session_multisource_v1/deepconvnet/multisource_sub-002_ses01ses02-to-ses-03_seed2.pt,ok,
multisource_0102_to_03,deepconvnet,2,sub-003,ses-01+ses-02,ses-03,0,0.4673913043478261,0.4664302600472813,0.4658134850100723,0.4288416075650118,1.4498133659362793,0.7510419634893692,0.3015776678271915,153,39,92,10,/share/home/yuan/SYX/eeg-mi-online/checkpoints/shu/session_multisource_v1/deepconvnet/multisource_sub-003_ses01ses02-to-ses-03_seed2.pt,ok,
multisource_0102_to_03,deepconvnet,2,sub-004,ses-01+ses-02,ses-03,0,0.5164835164835165,0.5125968992248062,0.5117073170731707,0.5237403100775194,0.9307659268379213,0.6183504580115604,0.2638087063045292,147,37,91,56,/share/home/yuan/SYX/eeg-mi-online/checkpoints/shu/session_multisource_v1/deepconvnet/multisource_sub-004_ses01ses02-to-ses-03_seed2.pt,ok,
multisource_0102_to_03,deepconvnet,2,sub-005,ses-01+ses-02,ses-03,0,0.5806451612903226,0.5802497687326549,0.5798679485694429,0.5878815911193339,0.9046887755393982,0.5830606441905791,0.1704962689389464,155,39,93,38,/share/home/yuan/SYX/eeg-mi-online/checkpoints/shu/session_multisource_v1/deepconvnet/multisource_sub-005_ses01ses02-to-ses-03_seed2.pt,ok,
multisource_0102_to_03,deepconvnet,2,sub-006,ses-01+ses-02,ses-03,0,0.4526315789473684,0.4525709219858156,0.4525709219858156,0.4193262411347517,3.4971134662628174,0.974060712771751,0.4740243064729791,149,38,95,4,/share/home/yuan/SYX/eeg-mi-online/checkpoints/shu/session_multisource_v1/deepconvnet/multisource_sub-006_ses01ses02-to-ses-03_seed2.pt,ok,
multisource_0102_to_03,deepconvnet,2,sub-007,ses-01+ses-02,ses-03,0,0.5729166666666666,0.5729166666666667,0.5706337951347223,0.5512152777777778,0.732596218585968,0.5342867464343136,0.1942092279593149,160,40,96,2,/share/home/yuan/SYX/eeg-mi-online/checkpoints/shu/session_multisource_v1/deepconvnet/multisource_sub-007_ses01ses02-to-ses-03_seed2.pt,ok,
multisource_0102_to_03,deepconvnet,2,sub-008,ses-01+ses-02,ses-03,0,0.6629213483146067,0.6654040404040404,0.6468253968253967,0.7303030303030303,0.7221742868423462,0.4667098997314263,0.1376200700074099,155,39,89,27,/share/home/yuan/SYX/eeg-mi-online/checkpoints/shu/session_multisource_v1/deepconvnet/multisource_sub-008_ses01ses02-to-ses-03_seed2.pt,ok,
multisource_0102_to_03,deepconvnet,2,sub-009,ses-01+ses-02,ses-03,0,0.51,0.51,0.5039983804028747,0.5024000000000001,0.8176364302635193,0.5675986791090375,0.1217602908611297,158,40,100,2,/share/home/yuan/SYX/eeg-mi-online/checkpoints/shu/session_multisource_v1/deepconvnet/multisource_sub-009_ses01ses02-to-ses-03_seed2.pt,ok,
multisource_0102_to_03,deepconvnet,2,sub-010,ses-01+ses-02,ses-03,0,0.43,0.43,0.4086523498288204,0.4708,0.7766399383544922,0.5716363231287536,0.2050958657264709,146,37,100,9,/share/home/yuan/SYX/eeg-mi-online/checkpoints/shu/session_multisource_v1/deepconvnet/multisource_sub-010_ses01ses02-to-ses-03_seed2.pt,ok,
multisource_0102_to_03,deepconvnet,2,sub-011,ses-01+ses-02,ses-03,0,0.52,0.52,0.5039272426622571,0.522,0.7117213606834412,0.5158376961352797,0.1549891346693039,155,39,100,6,/share/home/yuan/SYX/eeg-mi-online/checkpoints/shu/session_multisource_v1/deepconvnet/multisource_sub-011_ses01ses02-to-ses-03_seed2.pt,ok,
multisource_0102_to_03,deepconvnet,2,sub-012,ses-01+ses-02,ses-03,0,0.5567010309278351,0.5539965986394558,0.5223863506240696,0.5429421768707483,0.6879594326019287,0.4957310232789917,0.087275387700071,152,39,97,10,/share/home/yuan/SYX/eeg-mi-online/checkpoints/shu/session_multisource_v1/deepconvnet/multisource_sub-012_ses01ses02-to-ses-03_seed2.pt,ok,
multisource_0102_to_03,deepconvnet,2,sub-013,ses-01+ses-02,ses-03,0,0.86,0.86,0.8599439775910365,0.8936000000000001,0.485304057598114,0.2472233625250642,0.1376224052906036,155,39,100,4,/share/home/yuan/SYX/eeg-mi-online/checkpoints/shu/session_multisource_v1/deepconvnet/multisource_sub-013_ses01ses02-to-ses-03_seed2.pt,ok,
multisource_0102_to_03,deepconvnet,2,sub-014,ses-01+ses-02,ses-03,0,0.532608695652174,0.5355956336022781,0.5325534680373389,0.5980066445182725,0.6769776344299316,0.4858729902261632,0.1267802592204964,156,39,92,1,/share/home/yuan/SYX/eeg-mi-online/checkpoints/shu/session_multisource_v1/deepconvnet/multisource_sub-014_ses01ses02-to-ses-03_seed2.pt,ok,
multisource_0102_to_03,deepconvnet,2,sub-015,ses-01+ses-02,ses-03,0,0.4941176470588235,0.5228539576365663,0.4418995266452893,0.4654403567447046,0.8066219687461853,0.599139411744695,0.2221239973517025,156,39,85,1,/share/home/yuan/SYX/eeg-mi-online/checkpoints/shu/session_multisource_v1/deepconvnet/multisource_sub-015_ses01ses02-to-ses-03_seed2.pt,ok,
multisource_0102_to_03,deepconvnet,2,sub-016,ses-01+ses-02,ses-03,0,0.51,0.51,0.4322789943227899,0.5359999999999999,0.7355160713195801,0.5355971883059957,0.1254321426153183,160,40,100,1,/share/home/yuan/SYX/eeg-mi-online/checkpoints/shu/session_multisource_v1/deepconvnet/multisource_sub-016_ses01ses02-to-ses-03_seed2.pt,ok,
multisource_0102_to_03,deepconvnet,2,sub-017,ses-01+ses-02,ses-03,0,0.5714285714285714,0.5729166666666667,0.5698160535117056,0.6162500000000001,0.7757418155670166,0.5370029465910033,0.1575116229300596,160,40,98,2,/share/home/yuan/SYX/eeg-mi-online/checkpoints/shu/session_multisource_v1/deepconvnet/multisource_sub-017_ses01ses02-to-ses-03_seed2.pt,ok,
multisource_0102_to_03,deepconvnet,2,sub-018,ses-01+ses-02,ses-03,0,0.41,0.41,0.3879033094719369,0.4599999999999999,0.757718026638031,0.5624558706227785,0.2303136408329009,155,39,100,4,/share/home/yuan/SYX/eeg-mi-online/checkpoints/shu/session_multisource_v1/deepconvnet/multisource_sub-018_ses01ses02-to-ses-03_seed2.pt,ok,
multisource_0102_to_03,deepconvnet,2,sub-019,ses-01+ses-02,ses-03,0,0.5425531914893617,0.5358276643990929,0.527085527085527,0.563718820861678,0.691843569278717,0.498357518495692,0.0638125538825989,152,38,94,1,/share/home/yuan/SYX/eeg-mi-online/checkpoints/shu/session_multisource_v1/deepconvnet/multisource_sub-019_ses01ses02-to-ses-03_seed2.pt,ok,
multisource_0102_to_03,deepconvnet,2,sub-020,ses-01+ses-02,ses-03,0,0.47,0.47,0.4699469946994699,0.4811999999999999,2.708184003829956,1.0270140069293283,0.5197527027130127,151,38,100,4,/share/home/yuan/SYX/eeg-mi-online/checkpoints/shu/session_multisource_v1/deepconvnet/multisource_sub-020_ses01ses02-to-ses-03_seed2.pt,ok,
multisource_0102_to_03,deepconvnet,2,sub-021,ses-01+ses-02,ses-03,0,0.6021505376344086,0.5985198889916744,0.5487213114754098,0.8769657724329324,0.5877584218978882,0.409594495403192,0.1547913269330096,154,39,93,2,/share/home/yuan/SYX/eeg-mi-online/checkpoints/shu/session_multisource_v1/deepconvnet/multisource_sub-021_ses01ses02-to-ses-03_seed2.pt,ok,
multisource_0102_to_03,deepconvnet,2,sub-022,ses-01+ses-02,ses-03,0,0.57,0.5700000000000001,0.5647332725984411,0.5660000000000001,0.9057430028915404,0.603944578893428,0.233317950963974,149,38,100,4,/share/home/yuan/SYX/eeg-mi-online/checkpoints/shu/session_multisource_v1/deepconvnet/multisource_sub-022_ses01ses02-to-ses-03_seed2.pt,ok,
multisource_0102_to_03,deepconvnet,2,sub-023,ses-01+ses-02,ses-03,0,0.6868686868686869,0.6883673469387755,0.680478917230609,0.7783673469387755,0.669856607913971,0.3958134238800482,0.0854852988262369,152,38,99,4,/share/home/yuan/SYX/eeg-mi-online/checkpoints/shu/session_multisource_v1/deepconvnet/multisource_sub-023_ses01ses02-to-ses-03_seed2.pt,ok,
multisource_0102_to_03,deepconvnet,2,sub-024,ses-01+ses-02,ses-03,0,0.4939759036144578,0.4933139534883721,0.4933139534883721,0.5151162790697674,0.7460733652114868,0.5486837461772782,0.1652065099003803,124,32,83,2,/share/home/yuan/SYX/eeg-mi-online/checkpoints/shu/session_multisource_v1/deepconvnet/multisource_sub-024_ses01ses02-to-ses-03_seed2.pt,ok,
multisource_0102_to_03,deepconvnet,2,sub-025,ses-01+ses-02,ses-03,0,0.5425531914893617,0.5366847826086957,0.5014185271987172,0.5230978260869565,0.9329210519790648,0.6547155511312605,0.2868774273294083,144,36,94,6,/share/home/yuan/SYX/eeg-mi-online/checkpoints/shu/session_multisource_v1/deepconvnet/multisource_sub-025_ses01ses02-to-ses-03_seed2.pt,ok,
multisource_0102_to_03,deepconvnet,3,sub-001,ses-01+ses-02,ses-03,0,0.5656565656565656,0.5644897959183673,0.5591798695246971,0.5653061224489796,0.7165859341621399,0.5169967954237313,0.0839180145600829,160,40,99,3,/share/home/yuan/SYX/eeg-mi-online/checkpoints/shu/session_multisource_v1/deepconvnet/multisource_sub-001_ses01ses02-to-ses-03_seed3.pt,ok,
multisource_0102_to_03,deepconvnet,3,sub-002,ses-01+ses-02,ses-03,0,0.54,0.5106382978723404,0.3695175438596491,0.4516258530710558,0.6915752291679382,0.4984269939513059,0.0251926481723785,149,38,100,1,/share/home/yuan/SYX/eeg-mi-online/checkpoints/shu/session_multisource_v1/deepconvnet/multisource_sub-002_ses01ses02-to-ses-03_seed3.pt,ok,
multisource_0102_to_03,deepconvnet,3,sub-003,ses-01+ses-02,ses-03,0,0.5434782608695652,0.5498817966903073,0.5038520801232665,0.5550827423167848,0.7948073744773865,0.5768327337127578,0.2113435261923333,153,39,92,1,/share/home/yuan/SYX/eeg-mi-online/checkpoints/shu/session_multisource_v1/deepconvnet/multisource_sub-003_ses01ses02-to-ses-03_seed3.pt,ok,
multisource_0102_to_03,deepconvnet,3,sub-004,ses-01+ses-02,ses-03,0,0.6373626373626373,0.6429263565891472,0.6357792601576713,0.6807170542635659,0.6321893930435181,0.4487614497590884,0.1059675013626014,147,37,91,44,/share/home/yuan/SYX/eeg-mi-online/checkpoints/shu/session_multisource_v1/deepconvnet/multisource_sub-004_ses01ses02-to-ses-03_seed3.pt,ok,
multisource_0102_to_03,deepconvnet,3,sub-005,ses-01+ses-02,ses-03,0,0.5913978494623656,0.5913506012950971,0.5913506012950971,0.6207215541165587,0.8996298909187317,0.5554930499241558,0.2424295704851868,155,39,93,43,/share/home/yuan/SYX/eeg-mi-online/checkpoints/shu/session_multisource_v1/deepconvnet/multisource_sub-005_ses01ses02-to-ses-03_seed3.pt,ok,
multisource_0102_to_03,deepconvnet,3,sub-006,ses-01+ses-02,ses-03,0,0.5368421052631579,0.5356826241134752,0.5305480682839173,0.5277039007092199,5.503913402557373,0.903510640298466,0.4573433085491782,149,38,95,11,/share/home/yuan/SYX/eeg-mi-online/checkpoints/shu/session_multisource_v1/deepconvnet/multisource_sub-006_ses01ses02-to-ses-03_seed3.pt,ok,
multisource_0102_to_03,deepconvnet,3,sub-007,ses-01+ses-02,ses-03,0,0.53125,0.53125,0.4841791044776119,0.5034722222222223,0.9603384137153624,0.5984212261845084,0.1842049720386664,160,40,96,1,/share/home/yuan/SYX/eeg-mi-online/checkpoints/shu/session_multisource_v1/deepconvnet/multisource_sub-007_ses01ses02-to-ses-03_seed3.pt,ok,
multisource_0102_to_03,deepconvnet,3,sub-008,ses-01+ses-02,ses-03,0,0.7415730337078652,0.7439393939393939,0.7305515335000659,0.7545454545454545,0.680704653263092,0.4679503739301908,0.2333632694201523,155,39,89,24,/share/home/yuan/SYX/eeg-mi-online/checkpoints/shu/session_multisource_v1/deepconvnet/multisource_sub-008_ses01ses02-to-ses-03_seed3.pt,ok,
multisource_0102_to_03,deepconvnet,3,sub-009,ses-01+ses-02,ses-03,0,0.47,0.47,0.4608890245142916,0.4588,1.186811923980713,0.6355425152883708,0.2066236686706543,158,40,100,13,/share/home/yuan/SYX/eeg-mi-online/checkpoints/shu/session_multisource_v1/deepconvnet/multisource_sub-009_ses01ses02-to-ses-03_seed3.pt,ok,
multisource_0102_to_03,deepconvnet,3,sub-010,ses-01+ses-02,ses-03,0,0.52,0.52,0.5182657567242072,0.4984,0.709286630153656,0.5144841740069567,0.081728720664978,146,37,100,1,/share/home/yuan/SYX/eeg-mi-online/checkpoints/shu/session_multisource_v1/deepconvnet/multisource_sub-010_ses01ses02-to-ses-03_seed3.pt,ok,
multisource_0102_to_03,deepconvnet,3,sub-011,ses-01+ses-02,ses-03,0,0.56,0.56,0.5535714285714286,0.6083999999999999,0.6983405351638794,0.4993368240900164,0.1006195986270904,155,39,100,6,/share/home/yuan/SYX/eeg-mi-online/checkpoints/shu/session_multisource_v1/deepconvnet/multisource_sub-011_ses01ses02-to-ses-03_seed3.pt,ok,
multisource_0102_to_03,deepconvnet,3,sub-012,ses-01+ses-02,ses-03,0,0.5154639175257731,0.5155187074829932,0.5154639175257731,0.5650510204081632,0.6756410598754883,0.4839964607131114,0.0635285567991512,152,39,97,8,/share/home/yuan/SYX/eeg-mi-online/checkpoints/shu/session_multisource_v1/deepconvnet/multisource_sub-012_ses01ses02-to-ses-03_seed3.pt,ok,
multisource_0102_to_03,deepconvnet,3,sub-013,ses-01+ses-02,ses-03,0,0.87,0.87,0.8699869986998701,0.9064,0.415416806936264,0.2307426439651866,0.0968049383163452,155,39,100,5,/share/home/yuan/SYX/eeg-mi-online/checkpoints/shu/session_multisource_v1/deepconvnet/multisource_sub-013_ses01ses02-to-ses-03_seed3.pt,ok,
multisource_0102_to_03,deepconvnet,3,sub-014,ses-01+ses-02,ses-03,0,0.5434782608695652,0.5571903179876602,0.5292397660818714,0.6155671570953963,0.7158359289169312,0.5140739318017061,0.1466942759959594,156,39,92,4,/share/home/yuan/SYX/eeg-mi-online/checkpoints/shu/session_multisource_v1/deepconvnet/multisource_sub-014_ses01ses02-to-ses-03_seed3.pt,ok,
multisource_0102_to_03,deepconvnet,3,sub-015,ses-01+ses-02,ses-03,0,0.4235294117647059,0.4517837235228539,0.3640250419911436,0.4492753623188406,1.2565226554870603,0.8051262130097755,0.3912034420406117,156,39,85,11,/share/home/yuan/SYX/eeg-mi-online/checkpoints/shu/session_multisource_v1/deepconvnet/multisource_sub-015_ses01ses02-to-ses-03_seed3.pt,ok,
multisource_0102_to_03,deepconvnet,3,sub-016,ses-01+ses-02,ses-03,0,0.47,0.47,0.4542271650705386,0.53,1.0251665115356443,0.563146992229257,0.1713611322641373,160,40,100,1,/share/home/yuan/SYX/eeg-mi-online/checkpoints/shu/session_multisource_v1/deepconvnet/multisource_sub-016_ses01ses02-to-ses-03_seed3.pt,ok,
multisource_0102_to_03,deepconvnet,3,sub-017,ses-01+ses-02,ses-03,0,0.5,0.49,0.3333333333333333,0.52875,0.8861836791038513,0.6447904925005015,0.2711183325368531,160,40,98,1,/share/home/yuan/SYX/eeg-mi-online/checkpoints/shu/session_multisource_v1/deepconvnet/multisource_sub-017_ses01ses02-to-ses-03_seed3.pt,ok,
multisource_0102_to_03,deepconvnet,3,sub-018,ses-01+ses-02,ses-03,0,0.45,0.4499999999999999,0.4067522381620105,0.5092,0.8042188286781311,0.599080338119091,0.2440367776155472,155,39,100,4,/share/home/yuan/SYX/eeg-mi-online/checkpoints/shu/session_multisource_v1/deepconvnet/multisource_sub-018_ses01ses02-to-ses-03_seed3.pt,ok,
multisource_0102_to_03,deepconvnet,3,sub-019,ses-01+ses-02,ses-03,0,0.723404255319149,0.7183673469387755,0.7171296296296297,0.8054421768707483,0.6576425433158875,0.3999032385041773,0.1229380375527321,152,38,94,18,/share/home/yuan/SYX/eeg-mi-online/checkpoints/shu/session_multisource_v1/deepconvnet/multisource_sub-019_ses01ses02-to-ses-03_seed3.pt,ok,
multisource_0102_to_03,deepconvnet,3,sub-020,ses-01+ses-02,ses-03,0,0.48,0.48,0.48,0.4476,6.264982223510742,1.0364012916319791,0.5171315717697144,151,38,100,58,/share/home/yuan/SYX/eeg-mi-online/checkpoints/shu/session_multisource_v1/deepconvnet/multisource_sub-020_ses01ses02-to-ses-03_seed3.pt,ok,
multisource_0102_to_03,deepconvnet,3,sub-021,ses-01+ses-02,ses-03,0,0.7419354838709677,0.7400555041628122,0.7330143540669857,0.864477335800185,0.5167734622955322,0.346522262729385,0.0615023816785504,154,39,93,2,/share/home/yuan/SYX/eeg-mi-online/checkpoints/shu/session_multisource_v1/deepconvnet/multisource_sub-021_ses01ses02-to-ses-03_seed3.pt,ok,
multisource_0102_to_03,deepconvnet,3,sub-022,ses-01+ses-02,ses-03,0,0.45,0.45,0.4336319637524456,0.4796000000000001,1.141095757484436,0.7316630040252035,0.3533907890319824,149,38,100,9,/share/home/yuan/SYX/eeg-mi-online/checkpoints/shu/session_multisource_v1/deepconvnet/multisource_sub-022_ses01ses02-to-ses-03_seed3.pt,ok,
multisource_0102_to_03,deepconvnet,3,sub-023,ses-01+ses-02,ses-03,0,0.7676767676767676,0.7685714285714286,0.766149738112355,0.8367346938775511,0.5239785313606262,0.3209716841005008,0.1197761092523131,152,38,99,3,/share/home/yuan/SYX/eeg-mi-online/checkpoints/shu/session_multisource_v1/deepconvnet/multisource_sub-023_ses01ses02-to-ses-03_seed3.pt,ok,
multisource_0102_to_03,deepconvnet,3,sub-024,ses-01+ses-02,ses-03,0,0.5783132530120482,0.5843023255813954,0.5693106004447739,0.5686046511627907,0.7857472896575928,0.565746685887118,0.1949437756136239,124,32,83,1,/share/home/yuan/SYX/eeg-mi-online/checkpoints/shu/session_multisource_v1/deepconvnet/multisource_sub-024_ses01ses02-to-ses-03_seed3.pt,ok,
multisource_0102_to_03,deepconvnet,3,sub-025,ses-01+ses-02,ses-03,0,0.5425531914893617,0.5380434782608696,0.5185229303156641,0.541213768115942,0.7282928824424744,0.5271836594731057,0.122928703084905,144,36,94,3,/share/home/yuan/SYX/eeg-mi-online/checkpoints/shu/session_multisource_v1/deepconvnet/multisource_sub-025_ses01ses02-to-ses-03_seed3.pt,ok,
multisource_0102_to_03,deepconvnet,4,sub-001,ses-01+ses-02,ses-03,0,0.4848484848484848,0.4840816326530612,0.4814624627708739,0.4853061224489796,0.8148083090782166,0.5730326497726766,0.1501507126923763,160,40,99,2,/share/home/yuan/SYX/eeg-mi-online/checkpoints/shu/session_multisource_v1/deepconvnet/multisource_sub-001_ses01ses02-to-ses-03_seed4.pt,ok,
multisource_0102_to_03,deepconvnet,4,sub-002,ses-01+ses-02,ses-03,0,0.54,0.5154556403050984,0.4295634920634921,0.4761140104375752,0.6979058980941772,0.5045813003420763,0.0429512149095535,149,38,100,17,/share/home/yuan/SYX/eeg-mi-online/checkpoints/shu/session_multisource_v1/deepconvnet/multisource_sub-002_ses01ses02-to-ses-03_seed4.pt,ok,
multisource_0102_to_03,deepconvnet,4,sub-003,ses-01+ses-02,ses-03,0,0.4673913043478261,0.4763593380614657,0.3646229739252995,0.5924349881796691,1.1736401319503784,0.6961251890085056,0.3315483493649441,153,39,92,1,/share/home/yuan/SYX/eeg-mi-online/checkpoints/shu/session_multisource_v1/deepconvnet/multisource_sub-003_ses01ses02-to-ses-03_seed4.pt,ok,
multisource_0102_to_03,deepconvnet,4,sub-004,ses-01+ses-02,ses-03,0,0.5934065934065934,0.6048934108527132,0.5804361370716511,0.6545542635658915,0.6750390529632568,0.4821928530247684,0.041584544129424,147,37,91,19,/share/home/yuan/SYX/eeg-mi-online/checkpoints/shu/session_multisource_v1/deepconvnet/multisource_sub-004_ses01ses02-to-ses-03_seed4.pt,ok,
multisource_0102_to_03,deepconvnet,4,sub-005,ses-01+ses-02,ses-03,0,0.5483870967741935,0.5494912118408881,0.5441176470588236,0.5453283996299723,0.9142018556594848,0.6205608082585429,0.2385755290267288,155,39,93,30,/share/home/yuan/SYX/eeg-mi-online/checkpoints/shu/session_multisource_v1/deepconvnet/multisource_sub-005_ses01ses02-to-ses-03_seed4.pt,ok,
multisource_0102_to_03,deepconvnet,4,sub-006,ses-01+ses-02,ses-03,0,0.5157894736842106,0.5157358156028369,0.5157358156028369,0.4736258865248227,5.56637716293335,0.9347456515855092,0.4815276045548289,149,38,95,19,/share/home/yuan/SYX/eeg-mi-online/checkpoints/shu/session_multisource_v1/deepconvnet/multisource_sub-006_ses01ses02-to-ses-03_seed4.pt,ok,
multisource_0102_to_03,deepconvnet,4,sub-007,ses-01+ses-02,ses-03,0,0.5833333333333334,0.5833333333333334,0.5767195767195767,0.6145833333333333,0.7961798310279846,0.5472676020972034,0.1776675675064325,160,40,96,5,/share/home/yuan/SYX/eeg-mi-online/checkpoints/shu/session_multisource_v1/deepconvnet/multisource_sub-007_ses01ses02-to-ses-03_seed4.pt,ok,
multisource_0102_to_03,deepconvnet,4,sub-008,ses-01+ses-02,ses-03,0,0.550561797752809,0.5553030303030303,0.4566544566544567,0.7833333333333332,1.5243122577667236,0.7030660284347338,0.3657849564980925,155,39,89,70,/share/home/yuan/SYX/eeg-mi-online/checkpoints/shu/session_multisource_v1/deepconvnet/multisource_sub-008_ses01ses02-to-ses-03_seed4.pt,ok,
multisource_0102_to_03,deepconvnet,4,sub-009,ses-01+ses-02,ses-03,0,0.52,0.52,0.5182657567242072,0.49,1.2916139364242554,0.6653419796719879,0.2712553703784943,158,40,100,20,/share/home/yuan/SYX/eeg-mi-online/checkpoints/shu/session_multisource_v1/deepconvnet/multisource_sub-009_ses01ses02-to-ses-03_seed4.pt,ok,
multisource_0102_to_03,deepconvnet,4,sub-010,ses-01+ses-02,ses-03,0,0.58,0.5800000000000001,0.5793269230769231,0.5712,0.6961205005645752,0.5018214973602398,0.0845478188991546,146,37,100,5,/share/home/yuan/SYX/eeg-mi-online/checkpoints/shu/session_multisource_v1/deepconvnet/multisource_sub-010_ses01ses02-to-ses-03_seed4.pt,ok,
multisource_0102_to_03,deepconvnet,4,sub-011,ses-01+ses-02,ses-03,0,0.47,0.47,0.4695225703132819,0.482,2.0086381435394287,0.8859289965068318,0.4127776372432709,155,39,100,37,/share/home/yuan/SYX/eeg-mi-online/checkpoints/shu/session_multisource_v1/deepconvnet/multisource_sub-011_ses01ses02-to-ses-03_seed4.pt,ok,
multisource_0102_to_03,deepconvnet,4,sub-012,ses-01+ses-02,ses-03,0,0.5154639175257731,0.5159438775510204,0.5146385606302566,0.5293367346938775,0.6955747604370117,0.5019524739101361,0.0287489927921098,152,39,97,1,/share/home/yuan/SYX/eeg-mi-online/checkpoints/shu/session_multisource_v1/deepconvnet/multisource_sub-012_ses01ses02-to-ses-03_seed4.pt,ok,
multisource_0102_to_03,deepconvnet,4,sub-013,ses-01+ses-02,ses-03,0,0.8,0.8,0.797979797979798,0.876,0.4831718504428863,0.3049370016246673,0.1032037669420242,155,39,100,6,/share/home/yuan/SYX/eeg-mi-online/checkpoints/shu/session_multisource_v1/deepconvnet/multisource_sub-013_ses01ses02-to-ses-03_seed4.pt,ok,
multisource_0102_to_03,deepconvnet,4,sub-014,ses-01+ses-02,ses-03,0,0.4456521739130434,0.4639297579496915,0.408695652173913,0.377313716184148,0.8566232919692993,0.6387130590503183,0.2841004677440809,156,39,92,2,/share/home/yuan/SYX/eeg-mi-online/checkpoints/shu/session_multisource_v1/deepconvnet/multisource_sub-014_ses01ses02-to-ses-03_seed4.pt,ok,
multisource_0102_to_03,deepconvnet,4,sub-015,ses-01+ses-02,ses-03,0,0.4823529411764706,0.5178372352285395,0.3904823989569752,0.556298773690078,0.8740454316139221,0.6412170774852358,0.2718960292199078,156,39,85,1,/share/home/yuan/SYX/eeg-mi-online/checkpoints/shu/session_multisource_v1/deepconvnet/multisource_sub-015_ses01ses02-to-ses-03_seed4.pt,ok,
multisource_0102_to_03,deepconvnet,4,sub-016,ses-01+ses-02,ses-03,0,0.65,0.65,0.6439833180754755,0.6335999999999999,0.6775234341621399,0.4854777278967133,0.1503520095348358,160,40,100,1,/share/home/yuan/SYX/eeg-mi-online/checkpoints/shu/session_multisource_v1/deepconvnet/multisource_sub-016_ses01ses02-to-ses-03_seed4.pt,ok,
multisource_0102_to_03,deepconvnet,4,sub-017,ses-01+ses-02,ses-03,0,0.5816326530612245,0.5745833333333333,0.5204678362573099,0.6354166666666666,1.4175211191177368,0.6806462131881663,0.3094613527765079,160,40,98,7,/share/home/yuan/SYX/eeg-mi-online/checkpoints/shu/session_multisource_v1/deepconvnet/multisource_sub-017_ses01ses02-to-ses-03_seed4.pt,ok,
multisource_0102_to_03,deepconvnet,4,sub-018,ses-01+ses-02,ses-03,0,0.54,0.54,0.5279146141215106,0.5008,0.7536207437515259,0.5489482980622848,0.1274542319774627,155,39,100,1,/share/home/yuan/SYX/eeg-mi-online/checkpoints/shu/session_multisource_v1/deepconvnet/multisource_sub-018_ses01ses02-to-ses-03_seed4.pt,ok,
multisource_0102_to_03,deepconvnet,4,sub-019,ses-01+ses-02,ses-03,0,0.6382978723404256,0.635827664399093,0.6356589147286822,0.636734693877551,0.9355901479721068,0.557605779704768,0.2416741239263656,152,38,94,21,/share/home/yuan/SYX/eeg-mi-online/checkpoints/shu/session_multisource_v1/deepconvnet/multisource_sub-019_ses01ses02-to-ses-03_seed4.pt,ok,
multisource_0102_to_03,deepconvnet,4,sub-020,ses-01+ses-02,ses-03,0,0.45,0.45,0.4499449944994499,0.4755999999999999,3.258869409561157,1.0439501052340323,0.5335334062576294,151,38,100,7,/share/home/yuan/SYX/eeg-mi-online/checkpoints/shu/session_multisource_v1/deepconvnet/multisource_sub-020_ses01ses02-to-ses-03_seed4.pt,ok,
multisource_0102_to_03,deepconvnet,4,sub-021,ses-01+ses-02,ses-03,0,0.7741935483870968,0.7738205365402404,0.7737750492297,0.8746530989824236,0.486020565032959,0.2973431447219949,0.1373909384973587,154,39,93,14,/share/home/yuan/SYX/eeg-mi-online/checkpoints/shu/session_multisource_v1/deepconvnet/multisource_sub-021_ses01ses02-to-ses-03_seed4.pt,ok,
multisource_0102_to_03,deepconvnet,4,sub-022,ses-01+ses-02,ses-03,0,0.5,0.5,0.3799603174603174,0.5224,0.7781982421875,0.571330884450591,0.1842901360988617,149,38,100,1,/share/home/yuan/SYX/eeg-mi-online/checkpoints/shu/session_multisource_v1/deepconvnet/multisource_sub-022_ses01ses02-to-ses-03_seed4.pt,ok,
multisource_0102_to_03,deepconvnet,4,sub-023,ses-01+ses-02,ses-03,0,0.6565656565656566,0.656326530612245,0.65625,0.6853061224489796,0.7991626858711243,0.4821156647596627,0.1149947866044863,152,38,99,9,/share/home/yuan/SYX/eeg-mi-online/checkpoints/shu/session_multisource_v1/deepconvnet/multisource_sub-023_ses01ses02-to-ses-03_seed4.pt,ok,
multisource_0102_to_03,deepconvnet,4,sub-024,ses-01+ses-02,ses-03,0,0.4939759036144578,0.4976744186046511,0.4903508771929824,0.502906976744186,0.7690149545669556,0.569439335220043,0.1796649349741188,124,32,83,2,/share/home/yuan/SYX/eeg-mi-online/checkpoints/shu/session_multisource_v1/deepconvnet/multisource_sub-024_ses01ses02-to-ses-03_seed4.pt,ok,
multisource_0102_to_03,deepconvnet,4,sub-025,ses-01+ses-02,ses-03,0,0.4787234042553192,0.478713768115942,0.4786644029428409,0.5081521739130435,0.7377156019210815,0.5374142830502971,0.1441537674437178,144,36,94,1,/share/home/yuan/SYX/eeg-mi-online/checkpoints/shu/session_multisource_v1/deepconvnet/multisource_sub-025_ses01ses02-to-ses-03_seed4.pt,ok,
multisource_0102_to_03,eegnet,0,sub-001,ses-01+ses-02,ses-03,0,0.494949494949495,0.4975510204081632,0.4605492589363557,0.4877551020408164,1.8483991622924805,0.7498100601411558,0.3286414682263076,160,40,99,14,/share/home/yuan/SYX/eeg-mi-online/checkpoints/shu/session_multisource_v1/eegnet/multisource_sub-001_ses01ses02-to-ses-03_seed0.pt,ok,
multisource_0102_to_03,eegnet,0,sub-002,ses-01+ses-02,ses-03,0,0.53,0.5,0.3464052287581699,0.4239261340826977,0.6952061653137207,0.501992201865957,0.0591410267353058,149,38,100,10,/share/home/yuan/SYX/eeg-mi-online/checkpoints/shu/session_multisource_v1/eegnet/multisource_sub-002_ses01ses02-to-ses-03_seed0.pt,ok,
multisource_0102_to_03,eegnet,0,sub-003,ses-01+ses-02,ses-03,0,0.4782608695652174,0.4794326241134752,0.4772727272727273,0.4520094562647754,1.4692180156707764,0.6673935322844897,0.2427219009917715,153,39,92,4,/share/home/yuan/SYX/eeg-mi-online/checkpoints/shu/session_multisource_v1/eegnet/multisource_sub-003_ses01ses02-to-ses-03_seed0.pt,ok,
multisource_0102_to_03,eegnet,0,sub-004,ses-01+ses-02,ses-03,0,0.5384615384615384,0.5116279069767442,0.3705533596837944,0.6332364341085271,0.6911279559135437,0.4979812560145957,0.0312061034716092,147,37,91,1,/share/home/yuan/SYX/eeg-mi-online/checkpoints/shu/session_multisource_v1/eegnet/multisource_sub-004_ses01ses02-to-ses-03_seed0.pt,ok,
multisource_0102_to_03,eegnet,0,sub-005,ses-01+ses-02,ses-03,0,0.5161290322580645,0.5164199814986123,0.5159051474840948,0.5545790934320074,0.7677045464515686,0.5316176393363207,0.1366274792660949,155,39,93,26,/share/home/yuan/SYX/eeg-mi-online/checkpoints/shu/session_multisource_v1/eegnet/multisource_sub-005_ses01ses02-to-ses-03_seed0.pt,ok,
multisource_0102_to_03,eegnet,0,sub-006,ses-01+ses-02,ses-03,0,0.5684210526315789,0.5682624113475178,0.5682296862875512,0.5480939716312057,5.421952247619629,0.8304145984132474,0.412244020637713,149,38,95,65,/share/home/yuan/SYX/eeg-mi-online/checkpoints/shu/session_multisource_v1/eegnet/multisource_sub-006_ses01ses02-to-ses-03_seed0.pt,ok,
multisource_0102_to_03,eegnet,0,sub-007,ses-01+ses-02,ses-03,0,0.53125,0.53125,0.5287444092942075,0.54296875,0.7760702967643738,0.5575619551992966,0.1534941761444012,160,40,96,5,/share/home/yuan/SYX/eeg-mi-online/checkpoints/shu/session_multisource_v1/eegnet/multisource_sub-007_ses01ses02-to-ses-03_seed0.pt,ok,
multisource_0102_to_03,eegnet,0,sub-008,ses-01+ses-02,ses-03,0,0.5730337078651685,0.577020202020202,0.514080459770115,0.6661616161616162,1.339686155319214,0.6362139370231689,0.2809104912736442,155,39,89,73,/share/home/yuan/SYX/eeg-mi-online/checkpoints/shu/session_multisource_v1/eegnet/multisource_sub-008_ses01ses02-to-ses-03_seed0.pt,ok,
multisource_0102_to_03,eegnet,0,sub-009,ses-01+ses-02,ses-03,0,0.51,0.51,0.4826311899482631,0.5204,0.707012951374054,0.5130997371872162,0.0421308696269989,158,40,100,1,/share/home/yuan/SYX/eeg-mi-online/checkpoints/shu/session_multisource_v1/eegnet/multisource_sub-009_ses01ses02-to-ses-03_seed0.pt,ok,
multisource_0102_to_03,eegnet,0,sub-010,ses-01+ses-02,ses-03,0,0.55,0.55,0.5396419437340154,0.5740000000000001,0.6870324611663818,0.4938667377533437,0.0255979788303375,146,37,100,1,/share/home/yuan/SYX/eeg-mi-online/checkpoints/shu/session_multisource_v1/eegnet/multisource_sub-010_ses01ses02-to-ses-03_seed0.pt,ok,
multisource_0102_to_03,eegnet,0,sub-011,ses-01+ses-02,ses-03,0,0.54,0.54,0.5308037535699714,0.5428,0.6914629936218262,0.4983101627376109,0.0238438266515731,155,39,100,1,/share/home/yuan/SYX/eeg-mi-online/checkpoints/shu/session_multisource_v1/eegnet/multisource_sub-011_ses01ses02-to-ses-03_seed0.pt,ok,
multisource_0102_to_03,eegnet,0,sub-012,ses-01+ses-02,ses-03,0,0.5360824742268041,0.5316751700680272,0.4290385873119686,0.4808673469387755,0.6953762769699097,0.502199799384462,0.0274408760759018,152,39,97,1,/share/home/yuan/SYX/eeg-mi-online/checkpoints/shu/session_multisource_v1/eegnet/multisource_sub-012_ses01ses02-to-ses-03_seed0.pt,ok,
multisource_0102_to_03,eegnet,0,sub-013,ses-01+ses-02,ses-03,0,0.64,0.64,0.6394230769230769,0.7312,0.6060408353805542,0.4210455632984458,0.1424235332012176,155,39,100,8,/share/home/yuan/SYX/eeg-mi-online/checkpoints/shu/session_multisource_v1/eegnet/multisource_sub-013_ses01ses02-to-ses-03_seed0.pt,ok,
multisource_0102_to_03,eegnet,0,sub-014,ses-01+ses-02,ses-03,0,0.6413043478260869,0.6376364499288087,0.6378384826434451,0.6563834836260085,0.6585267782211304,0.4668178760698895,0.0984491291253463,156,39,92,2,/share/home/yuan/SYX/eeg-mi-online/checkpoints/shu/session_multisource_v1/eegnet/multisource_sub-014_ses01ses02-to-ses-03_seed0.pt,ok,
multisource_0102_to_03,eegnet,0,sub-015,ses-01+ses-02,ses-03,0,0.4588235294117647,0.4746376811594203,0.4458616780045351,0.5496098104793756,0.6973485946655273,0.5039893501081819,0.1130786531111773,156,39,85,2,/share/home/yuan/SYX/eeg-mi-online/checkpoints/shu/session_multisource_v1/eegnet/multisource_sub-015_ses01ses02-to-ses-03_seed0.pt,ok,
multisource_0102_to_03,eegnet,0,sub-016,ses-01+ses-02,ses-03,0,0.57,0.5700000000000001,0.557203171661003,0.5304,0.9259286522865297,0.6046069711824466,0.2072836321592331,160,40,100,15,/share/home/yuan/SYX/eeg-mi-online/checkpoints/shu/session_multisource_v1/eegnet/multisource_sub-016_ses01ses02-to-ses-03_seed0.pt,ok,
multisource_0102_to_03,eegnet,0,sub-017,ses-01+ses-02,ses-03,0,0.4693877551020408,0.4733333333333333,0.4508620689655172,0.4658333333333333,1.840659260749817,0.880747976033162,0.431740051629592,160,40,98,8,/share/home/yuan/SYX/eeg-mi-online/checkpoints/shu/session_multisource_v1/eegnet/multisource_sub-017_ses01ses02-to-ses-03_seed0.pt,ok,
multisource_0102_to_03,eegnet,0,sub-018,ses-01+ses-02,ses-03,0,0.51,0.51,0.50995099509951,0.538,0.971802532672882,0.6391927466843683,0.2510685074329376,155,39,100,16,/share/home/yuan/SYX/eeg-mi-online/checkpoints/shu/session_multisource_v1/eegnet/multisource_sub-018_ses01ses02-to-ses-03_seed0.pt,ok,
multisource_0102_to_03,eegnet,0,sub-019,ses-01+ses-02,ses-03,0,0.6276595744680851,0.6328798185941042,0.6242147344374643,0.7124716553287981,0.6407502889633179,0.4458868937017468,0.1360724530321486,152,38,94,13,/share/home/yuan/SYX/eeg-mi-online/checkpoints/shu/session_multisource_v1/eegnet/multisource_sub-019_ses01ses02-to-ses-03_seed0.pt,ok,
multisource_0102_to_03,eegnet,0,sub-020,ses-01+ses-02,ses-03,0,0.47,0.47,0.4699469946994699,0.476,2.2203638553619385,1.0070896038212138,0.5080901092290879,151,38,100,3,/share/home/yuan/SYX/eeg-mi-online/checkpoints/shu/session_multisource_v1/eegnet/multisource_sub-020_ses01ses02-to-ses-03_seed0.pt,ok,
multisource_0102_to_03,eegnet,0,sub-021,ses-01+ses-02,ses-03,0,0.7634408602150538,0.7622571692876966,0.7600844277673546,0.8663274745605921,0.5007911324501038,0.3259752796208081,0.113587285241773,154,39,93,6,/share/home/yuan/SYX/eeg-mi-online/checkpoints/shu/session_multisource_v1/eegnet/multisource_sub-021_ses01ses02-to-ses-03_seed0.pt,ok,
multisource_0102_to_03,eegnet,0,sub-022,ses-01+ses-02,ses-03,0,0.47,0.47,0.4635084522724972,0.4872,0.9396010041236876,0.665876074327592,0.2714630508422851,149,38,100,9,/share/home/yuan/SYX/eeg-mi-online/checkpoints/shu/session_multisource_v1/eegnet/multisource_sub-022_ses01ses02-to-ses-03_seed0.pt,ok,
multisource_0102_to_03,eegnet,0,sub-023,ses-01+ses-02,ses-03,0,0.7272727272727273,0.7279591836734693,0.7262672811059908,0.7722448979591836,0.6295397281646729,0.3981942630496167,0.1247923584899517,152,38,99,7,/share/home/yuan/SYX/eeg-mi-online/checkpoints/shu/session_multisource_v1/eegnet/multisource_sub-023_ses01ses02-to-ses-03_seed0.pt,ok,
multisource_0102_to_03,eegnet,0,sub-024,ses-01+ses-02,ses-03,0,0.5180722891566265,0.5209302325581395,0.5163170163170163,0.5401162790697674,0.692005455493927,0.4990091755155346,0.1024873048426157,124,32,83,2,/share/home/yuan/SYX/eeg-mi-online/checkpoints/shu/session_multisource_v1/eegnet/multisource_sub-024_ses01ses02-to-ses-03_seed0.pt,ok,
multisource_0102_to_03,eegnet,0,sub-025,ses-01+ses-02,ses-03,0,0.5106382978723404,0.5104166666666667,0.5104166666666667,0.5249094202898551,0.7307606935501099,0.5321838810490054,0.136231983595706,144,36,94,3,/share/home/yuan/SYX/eeg-mi-online/checkpoints/shu/session_multisource_v1/eegnet/multisource_sub-025_ses01ses02-to-ses-03_seed0.pt,ok,
multisource_0102_to_03,eegnet,1,sub-001,ses-01+ses-02,ses-03,0,0.5050505050505051,0.5044897959183674,0.5032258064516129,0.5155102040816326,1.098796248435974,0.6771663079093947,0.2676905140732274,160,40,99,8,/share/home/yuan/SYX/eeg-mi-online/checkpoints/shu/session_multisource_v1/eegnet/multisource_sub-001_ses01ses02-to-ses-03_seed1.pt,ok,
multisource_0102_to_03,eegnet,1,sub-002,ses-01+ses-02,ses-03,0,0.47,0.5,0.3197278911564626,0.5572059413890004,0.6946707963943481,0.5015232380039193,0.0416569399833679,149,38,100,1,/share/home/yuan/SYX/eeg-mi-online/checkpoints/shu/session_multisource_v1/eegnet/multisource_sub-002_ses01ses02-to-ses-03_seed1.pt,ok,
multisource_0102_to_03,eegnet,1,sub-003,ses-01+ses-02,ses-03,0,0.5217391304347826,0.5243498817966903,0.5160210425633668,0.5654846335697399,1.2112953662872314,0.6488535730483865,0.270426565538282,153,39,92,10,/share/home/yuan/SYX/eeg-mi-online/checkpoints/shu/session_multisource_v1/eegnet/multisource_sub-003_ses01ses02-to-ses-03_seed1.pt,ok,
multisource_0102_to_03,eegnet,1,sub-004,ses-01+ses-02,ses-03,0,0.5824175824175825,0.5738856589147286,0.5673173173173174,0.5993217054263565,0.6728541851043701,0.4800895790127544,0.0718121220777323,147,37,91,95,/share/home/yuan/SYX/eeg-mi-online/checkpoints/shu/session_multisource_v1/eegnet/multisource_sub-004_ses01ses02-to-ses-03_seed1.pt,ok,
multisource_0102_to_03,eegnet,1,sub-005,ses-01+ses-02,ses-03,0,0.6021505376344086,0.6031452358926919,0.5991846243447874,0.5888066604995376,0.8623640537261963,0.5616716844232259,0.1528045592769499,155,39,93,68,/share/home/yuan/SYX/eeg-mi-online/checkpoints/shu/session_multisource_v1/eegnet/multisource_sub-005_ses01ses02-to-ses-03_seed1.pt,ok,
multisource_0102_to_03,eegnet,1,sub-006,ses-01+ses-02,ses-03,0,0.4842105263157895,0.4851507092198581,0.4805267269277982,0.4530141843971632,2.444645404815674,0.8757522428261934,0.4130275023610968,149,38,95,12,/share/home/yuan/SYX/eeg-mi-online/checkpoints/shu/session_multisource_v1/eegnet/multisource_sub-006_ses01ses02-to-ses-03_seed1.pt,ok,
multisource_0102_to_03,eegnet,1,sub-007,ses-01+ses-02,ses-03,0,0.53125,0.53125,0.5250137438152831,0.5807291666666666,1.1539989709854126,0.6622703279564967,0.2959003498156865,160,40,96,22,/share/home/yuan/SYX/eeg-mi-online/checkpoints/shu/session_multisource_v1/eegnet/multisource_sub-007_ses01ses02-to-ses-03_seed1.pt,ok,
multisource_0102_to_03,eegnet,1,sub-008,ses-01+ses-02,ses-03,0,0.5955056179775281,0.5992424242424242,0.5474576271186441,0.7262626262626263,0.9796725511550904,0.5196681832938416,0.1541055072559399,155,39,89,99,/share/home/yuan/SYX/eeg-mi-online/checkpoints/shu/session_multisource_v1/eegnet/multisource_sub-008_ses01ses02-to-ses-03_seed1.pt,ok,
multisource_0102_to_03,eegnet,1,sub-009,ses-01+ses-02,ses-03,0,0.53,0.53,0.52995299529953,0.5232,0.7641568779945374,0.5477141268020997,0.1044066625833511,158,40,100,6,/share/home/yuan/SYX/eeg-mi-online/checkpoints/shu/session_multisource_v1/eegnet/multisource_sub-009_ses01ses02-to-ses-03_seed1.pt,ok,
multisource_0102_to_03,eegnet,1,sub-010,ses-01+ses-02,ses-03,0,0.37,0.37,0.3648553281580804,0.378,1.6778923273086548,0.894559494268773,0.4313699108362198,146,37,100,45,/share/home/yuan/SYX/eeg-mi-online/checkpoints/shu/session_multisource_v1/eegnet/multisource_sub-010_ses01ses02-to-ses-03_seed1.pt,ok,
multisource_0102_to_03,eegnet,1,sub-011,ses-01+ses-02,ses-03,0,0.39,0.39,0.3869962817807255,0.374,0.7222549319267273,0.5287567175229813,0.1561240249872207,155,39,100,5,/share/home/yuan/SYX/eeg-mi-online/checkpoints/shu/session_multisource_v1/eegnet/multisource_sub-011_ses01ses02-to-ses-03_seed1.pt,ok,
multisource_0102_to_03,eegnet,1,sub-012,ses-01+ses-02,ses-03,0,0.4536082474226804,0.4551445578231292,0.4419841528275263,0.540391156462585,0.6892918348312378,0.4961641810534722,0.1446811040652167,152,39,97,3,/share/home/yuan/SYX/eeg-mi-online/checkpoints/shu/session_multisource_v1/eegnet/multisource_sub-012_ses01ses02-to-ses-03_seed1.pt,ok,
multisource_0102_to_03,eegnet,1,sub-013,ses-01+ses-02,ses-03,0,0.71,0.71,0.7085720028137876,0.8119999999999999,0.543338418006897,0.359853800389269,0.1032184886932373,155,39,100,6,/share/home/yuan/SYX/eeg-mi-online/checkpoints/shu/session_multisource_v1/eegnet/multisource_sub-013_ses01ses02-to-ses-03_seed1.pt,ok,
multisource_0102_to_03,eegnet,1,sub-014,ses-01+ses-02,ses-03,0,0.5,0.516373991457048,0.4751984126984127,0.4883720930232558,0.7063613533973694,0.5125193233514708,0.0372769677120706,156,39,92,1,/share/home/yuan/SYX/eeg-mi-online/checkpoints/shu/session_multisource_v1/eegnet/multisource_sub-014_ses01ses02-to-ses-03_seed1.pt,ok,
multisource_0102_to_03,eegnet,1,sub-015,ses-01+ses-02,ses-03,0,0.5294117647058824,0.5222965440356745,0.5213963963963965,0.5011148272017838,0.6949278712272644,0.501766095193788,0.0574827446657068,156,39,85,1,/share/home/yuan/SYX/eeg-mi-online/checkpoints/shu/session_multisource_v1/eegnet/multisource_sub-015_ses01ses02-to-ses-03_seed1.pt,ok,
multisource_0102_to_03,eegnet,1,sub-016,ses-01+ses-02,ses-03,0,0.47,0.47,0.4695225703132819,0.5112,0.688524067401886,0.4958901257789278,0.0936057919263839,160,40,100,1,/share/home/yuan/SYX/eeg-mi-online/checkpoints/shu/session_multisource_v1/eegnet/multisource_sub-016_ses01ses02-to-ses-03_seed1.pt,ok,
multisource_0102_to_03,eegnet,1,sub-017,ses-01+ses-02,ses-03,0,0.5,0.5033333333333333,0.4880051178163983,0.4658333333333332,0.724195122718811,0.5299550681104309,0.1166208435078056,160,40,98,1,/share/home/yuan/SYX/eeg-mi-online/checkpoints/shu/session_multisource_v1/eegnet/multisource_sub-017_ses01ses02-to-ses-03_seed1.pt,ok,
multisource_0102_to_03,eegnet,1,sub-018,ses-01+ses-02,ses-03,0,0.66,0.66,0.6427070197562001,0.6904000000000001,0.737846314907074,0.4954155311354371,0.1528964155912399,155,39,100,8,/share/home/yuan/SYX/eeg-mi-online/checkpoints/shu/session_multisource_v1/eegnet/multisource_sub-018_ses01ses02-to-ses-03_seed1.pt,ok,
multisource_0102_to_03,eegnet,1,sub-019,ses-01+ses-02,ses-03,0,0.4787234042553192,0.4873015873015873,0.4610974610974611,0.5791383219954649,0.7085068821907043,0.5136634855865825,0.1501719273151235,152,38,94,4,/share/home/yuan/SYX/eeg-mi-online/checkpoints/shu/session_multisource_v1/eegnet/multisource_sub-019_ses01ses02-to-ses-03_seed1.pt,ok,
multisource_0102_to_03,eegnet,1,sub-020,ses-01+ses-02,ses-03,0,0.47,0.47,0.4699469946994699,0.4544,2.6404852867126465,1.0316154941221316,0.516725599169731,151,38,100,3,/share/home/yuan/SYX/eeg-mi-online/checkpoints/shu/session_multisource_v1/eegnet/multisource_sub-020_ses01ses02-to-ses-03_seed1.pt,ok,
multisource_0102_to_03,eegnet,1,sub-021,ses-01+ses-02,ses-03,0,0.6451612903225806,0.6426919518963923,0.6241273729332517,0.8580018501387604,0.530325710773468,0.367559983121982,0.1391863681936776,154,39,93,12,/share/home/yuan/SYX/eeg-mi-online/checkpoints/shu/session_multisource_v1/eegnet/multisource_sub-021_ses01ses02-to-ses-03_seed1.pt,ok,
multisource_0102_to_03,eegnet,1,sub-022,ses-01+ses-02,ses-03,0,0.55,0.55,0.5366079703429101,0.5252,1.1313700675964355,0.6870307995596059,0.2549475967884064,149,38,100,15,/share/home/yuan/SYX/eeg-mi-online/checkpoints/shu/session_multisource_v1/eegnet/multisource_sub-022_ses01ses02-to-ses-03_seed1.pt,ok,
multisource_0102_to_03,eegnet,1,sub-023,ses-01+ses-02,ses-03,0,0.6565656565656566,0.6577551020408163,0.6522727272727273,0.730204081632653,0.5990222096443176,0.4180457282830547,0.1103235597562308,152,38,99,7,/share/home/yuan/SYX/eeg-mi-online/checkpoints/shu/session_multisource_v1/eegnet/multisource_sub-023_ses01ses02-to-ses-03_seed1.pt,ok,
multisource_0102_to_03,eegnet,1,sub-024,ses-01+ses-02,ses-03,0,0.5542168674698795,0.5584302325581396,0.5500366300366301,0.5761627906976744,0.7388220429420471,0.53023808902405,0.1486114493335586,124,32,83,8,/share/home/yuan/SYX/eeg-mi-online/checkpoints/shu/session_multisource_v1/eegnet/multisource_sub-024_ses01ses02-to-ses-03_seed1.pt,ok,
multisource_0102_to_03,eegnet,1,sub-025,ses-01+ses-02,ses-03,0,0.5425531914893617,0.5394021739130435,0.5306003948438045,0.5471014492753624,0.6905752420425415,0.4974244584575674,0.0363218746286757,144,36,94,1,/share/home/yuan/SYX/eeg-mi-online/checkpoints/shu/session_multisource_v1/eegnet/multisource_sub-025_ses01ses02-to-ses-03_seed1.pt,ok,
multisource_0102_to_03,eegnet,2,sub-001,ses-01+ses-02,ses-03,0,0.5454545454545454,0.5459183673469388,0.5447112927950946,0.5836734693877551,0.6712005138397217,0.4807804167738709,0.0319413247734609,160,40,99,1,/share/home/yuan/SYX/eeg-mi-online/checkpoints/shu/session_multisource_v1/eegnet/multisource_sub-001_ses01ses02-to-ses-03_seed2.pt,ok,
multisource_0102_to_03,eegnet,2,sub-002,ses-01+ses-02,ses-03,0,0.46,0.4640706543556804,0.4591346153846154,0.4472099558410277,0.6965345740318298,0.503383956644122,0.0499577760696411,149,38,100,7,/share/home/yuan/SYX/eeg-mi-online/checkpoints/shu/session_multisource_v1/eegnet/multisource_sub-002_ses01ses02-to-ses-03_seed2.pt,ok,
multisource_0102_to_03,eegnet,2,sub-003,ses-01+ses-02,ses-03,0,0.4891304347826087,0.4881796690307328,0.4876170162341509,0.4557919621749409,1.8374621868133545,0.7062758066838386,0.2745656403510467,153,39,92,15,/share/home/yuan/SYX/eeg-mi-online/checkpoints/shu/session_multisource_v1/eegnet/multisource_sub-003_ses01ses02-to-ses-03_seed2.pt,ok,
multisource_0102_to_03,eegnet,2,sub-004,ses-01+ses-02,ses-03,0,0.4725274725274725,0.5,0.3208955223880597,0.5707364341085271,0.6957117915153503,0.5025633031075596,0.0486756877584771,147,37,91,1,/share/home/yuan/SYX/eeg-mi-online/checkpoints/shu/session_multisource_v1/eegnet/multisource_sub-004_ses01ses02-to-ses-03_seed2.pt,ok,
multisource_0102_to_03,eegnet,2,sub-005,ses-01+ses-02,ses-03,0,0.5053763440860215,0.5085568917668826,0.4598484848484848,0.4213691026827011,0.8148577213287354,0.6014162313057682,0.2278837798744119,155,39,93,12,/share/home/yuan/SYX/eeg-mi-online/checkpoints/shu/session_multisource_v1/eegnet/multisource_sub-005_ses01ses02-to-ses-03_seed2.pt,ok,
multisource_0102_to_03,eegnet,2,sub-006,ses-01+ses-02,ses-03,0,0.4842105263157895,0.4842641843971631,0.4842105263157895,0.4649822695035461,2.6578927040100098,0.8947057246052645,0.4503993567667509,149,38,95,12,/share/home/yuan/SYX/eeg-mi-online/checkpoints/shu/session_multisource_v1/eegnet/multisource_sub-006_ses01ses02-to-ses-03_seed2.pt,ok,
multisource_0102_to_03,eegnet,2,sub-007,ses-01+ses-02,ses-03,0,0.5416666666666666,0.5416666666666666,0.5398692810457516,0.5577256944444444,0.7751917839050293,0.5546751825870337,0.1396558421353499,160,40,96,5,/share/home/yuan/SYX/eeg-mi-online/checkpoints/shu/session_multisource_v1/eegnet/multisource_sub-007_ses01ses02-to-ses-03_seed2.pt,ok,
multisource_0102_to_03,eegnet,2,sub-008,ses-01+ses-02,ses-03,0,0.5393258426966292,0.543939393939394,0.4492075471698113,0.6833333333333332,0.721213161945343,0.5134026310280246,0.1590041076199392,155,39,89,31,/share/home/yuan/SYX/eeg-mi-online/checkpoints/shu/session_multisource_v1/eegnet/multisource_sub-008_ses01ses02-to-ses-03_seed2.pt,ok,
multisource_0102_to_03,eegnet,2,sub-009,ses-01+ses-02,ses-03,0,0.51,0.51,0.5087719298245614,0.5244,0.7050570845603943,0.5121547530226099,0.1119503778219222,158,40,100,5,/share/home/yuan/SYX/eeg-mi-online/checkpoints/shu/session_multisource_v1/eegnet/multisource_sub-009_ses01ses02-to-ses-03_seed2.pt,ok,
multisource_0102_to_03,eegnet,2,sub-010,ses-01+ses-02,ses-03,0,0.51,0.51,0.50995099509951,0.5167999999999999,0.6908858418464661,0.497754129297676,0.0318004417419433,146,37,100,1,/share/home/yuan/SYX/eeg-mi-online/checkpoints/shu/session_multisource_v1/eegnet/multisource_sub-010_ses01ses02-to-ses-03_seed2.pt,ok,
multisource_0102_to_03,eegnet,2,sub-011,ses-01+ses-02,ses-03,0,0.42,0.42,0.4141414141414141,0.4124,0.6997522115707397,0.5065958158943304,0.096814689040184,155,39,100,1,/share/home/yuan/SYX/eeg-mi-online/checkpoints/shu/session_multisource_v1/eegnet/multisource_sub-011_ses01ses02-to-ses-03_seed2.pt,ok,
multisource_0102_to_03,eegnet,2,sub-012,ses-01+ses-02,ses-03,0,0.4948453608247423,0.4997874149659864,0.3482791718085835,0.4846938775510204,0.6935707926750183,0.5004236896381348,0.0176555809286451,152,39,97,1,/share/home/yuan/SYX/eeg-mi-online/checkpoints/shu/session_multisource_v1/eegnet/multisource_sub-012_ses01ses02-to-ses-03_seed2.pt,ok,
multisource_0102_to_03,eegnet,2,sub-013,ses-01+ses-02,ses-03,0,0.81,0.81,0.8076728413807066,0.8956,0.4479475319385528,0.2818519528417137,0.0806552010774612,155,39,100,9,/share/home/yuan/SYX/eeg-mi-online/checkpoints/shu/session_multisource_v1/eegnet/multisource_sub-013_ses01ses02-to-ses-03_seed2.pt,ok,
multisource_0102_to_03,eegnet,2,sub-014,ses-01+ses-02,ses-03,0,0.6086956521739131,0.6013289036544851,0.5994194484760522,0.6663502610346465,0.6994959712028503,0.4693730693077874,0.1176807815613954,156,39,92,4,/share/home/yuan/SYX/eeg-mi-online/checkpoints/shu/session_multisource_v1/eegnet/multisource_sub-014_ses01ses02-to-ses-03_seed2.pt,ok,
multisource_0102_to_03,eegnet,2,sub-015,ses-01+ses-02,ses-03,0,0.5058823529411764,0.5103121516164995,0.5058139534883721,0.5852842809364548,0.6775648593902588,0.4849058063821975,0.0823787373654982,156,39,85,1,/share/home/yuan/SYX/eeg-mi-online/checkpoints/shu/session_multisource_v1/eegnet/multisource_sub-015_ses01ses02-to-ses-03_seed2.pt,ok,
multisource_0102_to_03,eegnet,2,sub-016,ses-01+ses-02,ses-03,0,0.41,0.41,0.3998575933272302,0.408,0.7144238948822021,0.5224585112467329,0.1437501460313797,160,40,100,1,/share/home/yuan/SYX/eeg-mi-online/checkpoints/shu/session_multisource_v1/eegnet/multisource_sub-016_ses01ses02-to-ses-03_seed2.pt,ok,
multisource_0102_to_03,eegnet,2,sub-017,ses-01+ses-02,ses-03,0,0.5102040816326531,0.5066666666666667,0.493103448275862,0.5683333333333334,0.7227600812911987,0.5225462209323836,0.122849808663738,160,40,98,1,/share/home/yuan/SYX/eeg-mi-online/checkpoints/shu/session_multisource_v1/eegnet/multisource_sub-017_ses01ses02-to-ses-03_seed2.pt,ok,
multisource_0102_to_03,eegnet,2,sub-018,ses-01+ses-02,ses-03,0,0.51,0.51,0.4873940788785438,0.5784,0.8424150347709656,0.5826006458774807,0.2135110962390899,155,39,100,11,/share/home/yuan/SYX/eeg-mi-online/checkpoints/shu/session_multisource_v1/eegnet/multisource_sub-018_ses01ses02-to-ses-03_seed2.pt,ok,
multisource_0102_to_03,eegnet,2,sub-019,ses-01+ses-02,ses-03,0,0.5319148936170213,0.5410430839002267,0.5140977443609023,0.4712018140589569,0.7093477249145508,0.5154431406159223,0.0396534959052471,152,38,94,2,/share/home/yuan/SYX/eeg-mi-online/checkpoints/shu/session_multisource_v1/eegnet/multisource_sub-019_ses01ses02-to-ses-03_seed2.pt,ok,
multisource_0102_to_03,eegnet,2,sub-020,ses-01+ses-02,ses-03,0,0.47,0.47,0.4699469946994699,0.4924,2.8764052391052246,1.0372840611311431,0.5246973729133606,151,38,100,4,/share/home/yuan/SYX/eeg-mi-online/checkpoints/shu/session_multisource_v1/eegnet/multisource_sub-020_ses01ses02-to-ses-03_seed2.pt,ok,
multisource_0102_to_03,eegnet,2,sub-021,ses-01+ses-02,ses-03,0,0.7634408602150538,0.7624884366327475,0.761204481792717,0.8857539315448659,0.459329217672348,0.3010325646144077,0.0989504982066411,154,39,93,7,/share/home/yuan/SYX/eeg-mi-online/checkpoints/shu/session_multisource_v1/eegnet/multisource_sub-021_ses01ses02-to-ses-03_seed2.pt,ok,
multisource_0102_to_03,eegnet,2,sub-022,ses-01+ses-02,ses-03,0,0.47,0.47,0.4699469946994699,0.4616,0.8863688111305237,0.6254973987580287,0.2219012647867203,149,38,100,3,/share/home/yuan/SYX/eeg-mi-online/checkpoints/shu/session_multisource_v1/eegnet/multisource_sub-022_ses01ses02-to-ses-03_seed2.pt,ok,
multisource_0102_to_03,eegnet,2,sub-023,ses-01+ses-02,ses-03,0,0.6464646464646465,0.6469387755102041,0.6458865610628512,0.7575510204081632,0.5888068079948425,0.4042588417576389,0.1101738961056025,152,38,99,5,/share/home/yuan/SYX/eeg-mi-online/checkpoints/shu/session_multisource_v1/eegnet/multisource_sub-023_ses01ses02-to-ses-03_seed2.pt,ok,
multisource_0102_to_03,eegnet,2,sub-024,ses-01+ses-02,ses-03,0,0.5662650602409639,0.5752906976744185,0.5422794117647058,0.572093023255814,0.7782610058784485,0.5486478260895105,0.1824934037334947,124,32,83,4,/share/home/yuan/SYX/eeg-mi-online/checkpoints/shu/session_multisource_v1/eegnet/multisource_sub-024_ses01ses02-to-ses-03_seed2.pt,ok,
multisource_0102_to_03,eegnet,2,sub-025,ses-01+ses-02,ses-03,0,0.4361702127659574,0.4447463768115942,0.3327976429623677,0.4556159420289855,0.7556093335151672,0.5591342380915327,0.1919496452554743,144,36,94,3,/share/home/yuan/SYX/eeg-mi-online/checkpoints/shu/session_multisource_v1/eegnet/multisource_sub-025_ses01ses02-to-ses-03_seed2.pt,ok,
multisource_0102_to_03,eegnet,3,sub-001,ses-01+ses-02,ses-03,0,0.4646464646464646,0.4653061224489796,0.4626728110599079,0.5191836734693878,0.706539511680603,0.5095708971864785,0.106880480592901,160,40,99,1,/share/home/yuan/SYX/eeg-mi-online/checkpoints/shu/session_multisource_v1/eegnet/multisource_sub-001_ses01ses02-to-ses-03_seed3.pt,ok,
multisource_0102_to_03,eegnet,3,sub-002,ses-01+ses-02,ses-03,0,0.47,0.5,0.3197278911564626,0.6282617422721799,0.6941592693328857,0.5010121174253863,0.040039746761322,149,38,100,1,/share/home/yuan/SYX/eeg-mi-online/checkpoints/shu/session_multisource_v1/eegnet/multisource_sub-002_ses01ses02-to-ses-03_seed3.pt,ok,
multisource_0102_to_03,eegnet,3,sub-003,ses-01+ses-02,ses-03,0,0.5,0.502127659574468,0.4961904761904762,0.4321513002364066,1.3076717853546145,0.7060963240863597,0.2779883483181828,153,39,92,5,/share/home/yuan/SYX/eeg-mi-online/checkpoints/shu/session_multisource_v1/eegnet/multisource_sub-003_ses01ses02-to-ses-03_seed3.pt,ok,
multisource_0102_to_03,eegnet,3,sub-004,ses-01+ses-02,ses-03,0,0.5934065934065934,0.5806686046511628,0.5630110317975341,0.5586240310077519,0.7003490328788757,0.5054766120386983,0.1317292903805827,147,37,91,70,/share/home/yuan/SYX/eeg-mi-online/checkpoints/shu/session_multisource_v1/eegnet/multisource_sub-004_ses01ses02-to-ses-03_seed3.pt,ok,
multisource_0102_to_03,eegnet,3,sub-005,ses-01+ses-02,ses-03,0,0.5483870967741935,0.5481036077705828,0.5479166666666666,0.6174838112858464,0.752694308757782,0.5182389360488718,0.1597342715468457,155,39,93,79,/share/home/yuan/SYX/eeg-mi-online/checkpoints/shu/session_multisource_v1/eegnet/multisource_sub-005_ses01ses02-to-ses-03_seed3.pt,ok,
multisource_0102_to_03,eegnet,3,sub-006,ses-01+ses-02,ses-03,0,0.5578947368421052,0.5582890070921986,0.5574534161490683,0.6356382978723404,1.2119858264923096,0.6171465234044532,0.2875083540615282,149,38,95,5,/share/home/yuan/SYX/eeg-mi-online/checkpoints/shu/session_multisource_v1/eegnet/multisource_sub-006_ses01ses02-to-ses-03_seed3.pt,ok,
multisource_0102_to_03,eegnet,3,sub-007,ses-01+ses-02,ses-03,0,0.53125,0.53125,0.5224936443019785,0.5134548611111112,0.6893291473388672,0.4977693516137598,0.0762269739061593,160,40,96,1,/share/home/yuan/SYX/eeg-mi-online/checkpoints/shu/session_multisource_v1/eegnet/multisource_sub-007_ses01ses02-to-ses-03_seed3.pt,ok,
multisource_0102_to_03,eegnet,3,sub-008,ses-01+ses-02,ses-03,0,0.5280898876404494,0.5323232323232323,0.4528688524590163,0.6858585858585858,1.1448500156402588,0.577217019875385,0.2361041140020563,155,39,89,90,/share/home/yuan/SYX/eeg-mi-online/checkpoints/shu/session_multisource_v1/eegnet/multisource_sub-008_ses01ses02-to-ses-03_seed3.pt,ok,
multisource_0102_to_03,eegnet,3,sub-009,ses-01+ses-02,ses-03,0,0.44,0.44,0.4115174443043295,0.4503999999999999,0.6886848211288452,0.4958102957188411,0.1026208359003067,158,40,100,1,/share/home/yuan/SYX/eeg-mi-online/checkpoints/shu/session_multisource_v1/eegnet/multisource_sub-009_ses01ses02-to-ses-03_seed3.pt,ok,
multisource_0102_to_03,eegnet,3,sub-010,ses-01+ses-02,ses-03,0,0.59,0.59,0.5805626598465473,0.5920000000000001,0.6922643184661865,0.4989434816538699,0.0918176013231277,146,37,100,1,/share/home/yuan/SYX/eeg-mi-online/checkpoints/shu/session_multisource_v1/eegnet/multisource_sub-010_ses01ses02-to-ses-03_seed3.pt,ok,
multisource_0102_to_03,eegnet,3,sub-011,ses-01+ses-02,ses-03,0,0.57,0.5700000000000001,0.568922305764411,0.5684,0.6892853379249573,0.4961445935982001,0.0530428767204285,155,39,100,2,/share/home/yuan/SYX/eeg-mi-online/checkpoints/shu/session_multisource_v1/eegnet/multisource_sub-011_ses01ses02-to-ses-03_seed3.pt,ok,
multisource_0102_to_03,eegnet,3,sub-012,ses-01+ses-02,ses-03,0,0.4948453608247423,0.4927721088435374,0.4724164724164724,0.4761904761904761,0.6963894963264465,0.5032473467189371,0.029857727055697,152,39,97,2,/share/home/yuan/SYX/eeg-mi-online/checkpoints/shu/session_multisource_v1/eegnet/multisource_sub-012_ses01ses02-to-ses-03_seed3.pt,ok,
multisource_0102_to_03,eegnet,3,sub-013,ses-01+ses-02,ses-03,0,0.71,0.71,0.7064480210547626,0.8,0.5651516914367676,0.3777206147791421,0.1091259723901748,155,39,100,6,/share/home/yuan/SYX/eeg-mi-online/checkpoints/shu/session_multisource_v1/eegnet/multisource_sub-013_ses01ses02-to-ses-03_seed3.pt,ok,
multisource_0102_to_03,eegnet,3,sub-014,ses-01+ses-02,ses-03,0,0.4456521739130434,0.4511153298528714,0.4440099537859936,0.4636924537256763,0.6934360265731812,0.5018326125851373,0.1264325548773226,156,39,92,1,/share/home/yuan/SYX/eeg-mi-online/checkpoints/shu/session_multisource_v1/eegnet/multisource_sub-014_ses01ses02-to-ses-03_seed3.pt,ok,
multisource_0102_to_03,eegnet,3,sub-015,ses-01+ses-02,ses-03,0,0.4588235294117647,0.4492753623188406,0.4458616780045351,0.386845039018952,0.7578524351119995,0.5601856896821367,0.160998315670911,156,39,85,3,/share/home/yuan/SYX/eeg-mi-online/checkpoints/shu/session_multisource_v1/eegnet/multisource_sub-015_ses01ses02-to-ses-03_seed3.pt,ok,
multisource_0102_to_03,eegnet,3,sub-016,ses-01+ses-02,ses-03,0,0.53,0.53,0.5288220551378446,0.4988,0.7086420655250549,0.5160559257797065,0.092669454216957,160,40,100,1,/share/home/yuan/SYX/eeg-mi-online/checkpoints/shu/session_multisource_v1/eegnet/multisource_sub-016_ses01ses02-to-ses-03_seed3.pt,ok,
multisource_0102_to_03,eegnet,3,sub-017,ses-01+ses-02,ses-03,0,0.5612244897959183,0.55625,0.5306827040873148,0.5479166666666666,0.8969716429710388,0.5948661632473745,0.2353490445078635,160,40,98,2,/share/home/yuan/SYX/eeg-mi-online/checkpoints/shu/session_multisource_v1/eegnet/multisource_sub-017_ses01ses02-to-ses-03_seed3.pt,ok,
multisource_0102_to_03,eegnet,3,sub-018,ses-01+ses-02,ses-03,0,0.61,0.61,0.5741893219783819,0.6032,0.7743393778800964,0.5394548645012768,0.1429546397924423,155,39,100,4,/share/home/yuan/SYX/eeg-mi-online/checkpoints/shu/session_multisource_v1/eegnet/multisource_sub-018_ses01ses02-to-ses-03_seed3.pt,ok,
multisource_0102_to_03,eegnet,3,sub-019,ses-01+ses-02,ses-03,0,0.4680851063829787,0.47437641723356,0.4592728946157386,0.4643990929705215,0.7012819051742554,0.5080577956610997,0.0649097460381528,152,38,94,1,/share/home/yuan/SYX/eeg-mi-online/checkpoints/shu/session_multisource_v1/eegnet/multisource_sub-019_ses01ses02-to-ses-03_seed3.pt,ok,
multisource_0102_to_03,eegnet,3,sub-020,ses-01+ses-02,ses-03,0,0.48,0.48,0.48,0.4579999999999999,6.371402740478516,1.040196500482006,0.5212821722030639,151,38,100,60,/share/home/yuan/SYX/eeg-mi-online/checkpoints/shu/session_multisource_v1/eegnet/multisource_sub-020_ses01ses02-to-ses-03_seed3.pt,ok,
multisource_0102_to_03,eegnet,3,sub-021,ses-01+ses-02,ses-03,0,0.7526881720430108,0.7511563367252544,0.7469537442328167,0.8654024051803886,0.5153079628944397,0.3382777531599499,0.0881422815784331,154,39,93,15,/share/home/yuan/SYX/eeg-mi-online/checkpoints/shu/session_multisource_v1/eegnet/multisource_sub-021_ses01ses02-to-ses-03_seed3.pt,ok,
multisource_0102_to_03,eegnet,3,sub-022,ses-01+ses-02,ses-03,0,0.54,0.54,0.5279146141215106,0.4784,0.7997250556945801,0.5771215197954566,0.1451038044691086,149,38,100,3,/share/home/yuan/SYX/eeg-mi-online/checkpoints/shu/session_multisource_v1/eegnet/multisource_sub-022_ses01ses02-to-ses-03_seed3.pt,ok,
multisource_0102_to_03,eegnet,3,sub-023,ses-01+ses-02,ses-03,0,0.6565656565656566,0.6577551020408163,0.6522727272727273,0.8114285714285714,0.6192024350166321,0.4289161606088936,0.1914208248408153,152,38,99,1,/share/home/yuan/SYX/eeg-mi-online/checkpoints/shu/session_multisource_v1/eegnet/multisource_sub-023_ses01ses02-to-ses-03_seed3.pt,ok,
multisource_0102_to_03,eegnet,3,sub-024,ses-01+ses-02,ses-03,0,0.5662650602409639,0.5665697674418604,0.5662020905923345,0.5656976744186046,0.687079131603241,0.4939848204463538,0.0326310927609362,124,32,83,1,/share/home/yuan/SYX/eeg-mi-online/checkpoints/shu/session_multisource_v1/eegnet/multisource_sub-024_ses01ses02-to-ses-03_seed3.pt,ok,
multisource_0102_to_03,eegnet,3,sub-025,ses-01+ses-02,ses-03,0,0.5106382978723404,0.5108695652173914,0.5106382978723404,0.5353260869565217,0.6958818435668945,0.5026370066226398,0.0573055370056882,144,36,94,2,/share/home/yuan/SYX/eeg-mi-online/checkpoints/shu/session_multisource_v1/eegnet/multisource_sub-025_ses01ses02-to-ses-03_seed3.pt,ok,
multisource_0102_to_03,eegnet,4,sub-001,ses-01+ses-02,ses-03,0,0.5353535353535354,0.5357142857142857,0.5349264705882353,0.5285714285714285,0.7132285237312317,0.5119957973109317,0.0871858199437459,160,40,99,1,/share/home/yuan/SYX/eeg-mi-online/checkpoints/shu/session_multisource_v1/eegnet/multisource_sub-001_ses01ses02-to-ses-03_seed4.pt,ok,
multisource_0102_to_03,eegnet,4,sub-002,ses-01+ses-02,ses-03,0,0.53,0.502408671216379,0.3814975654691407,0.4606583701324769,0.6929599046707153,0.4998126163937614,0.0278439807891845,149,38,100,1,/share/home/yuan/SYX/eeg-mi-online/checkpoints/shu/session_multisource_v1/eegnet/multisource_sub-002_ses01ses02-to-ses-03_seed4.pt,ok,
multisource_0102_to_03,eegnet,4,sub-003,ses-01+ses-02,ses-03,0,0.5,0.5035460992907801,0.4881470730527334,0.5054373522458628,1.034787893295288,0.5573063244523773,0.1176571528548779,153,39,92,2,/share/home/yuan/SYX/eeg-mi-online/checkpoints/shu/session_multisource_v1/eegnet/multisource_sub-003_ses01ses02-to-ses-03_seed4.pt,ok,
multisource_0102_to_03,eegnet,4,sub-004,ses-01+ses-02,ses-03,0,0.5274725274725275,0.5520833333333334,0.4276729559748428,0.5067829457364341,0.6931919455528259,0.5000445384064327,0.020946116892846,147,37,91,2,/share/home/yuan/SYX/eeg-mi-online/checkpoints/shu/session_multisource_v1/eegnet/multisource_sub-004_ses01ses02-to-ses-03_seed4.pt,ok,
multisource_0102_to_03,eegnet,4,sub-005,ses-01+ses-02,ses-03,0,0.5698924731182796,0.5696114708603145,0.5694444444444444,0.5698427382053655,0.9061906933784484,0.5894853673149203,0.1712906931036262,155,39,93,88,/share/home/yuan/SYX/eeg-mi-online/checkpoints/shu/session_multisource_v1/eegnet/multisource_sub-005_ses01ses02-to-ses-03_seed4.pt,ok,
multisource_0102_to_03,eegnet,4,sub-006,ses-01+ses-02,ses-03,0,0.5052631578947369,0.5048758865248226,0.5043845043845044,0.4609929078014184,6.082074165344238,0.9324124052613636,0.489280681233657,149,38,95,14,/share/home/yuan/SYX/eeg-mi-online/checkpoints/shu/session_multisource_v1/eegnet/multisource_sub-006_ses01ses02-to-ses-03_seed4.pt,ok,
multisource_0102_to_03,eegnet,4,sub-007,ses-01+ses-02,ses-03,0,0.6458333333333334,0.6458333333333333,0.6456795484151108,0.6332465277777777,0.8794236183166504,0.5418097686206417,0.1752473457405964,160,40,96,9,/share/home/yuan/SYX/eeg-mi-online/checkpoints/shu/session_multisource_v1/eegnet/multisource_sub-007_ses01ses02-to-ses-03_seed4.pt,ok,
multisource_0102_to_03,eegnet,4,sub-008,ses-01+ses-02,ses-03,0,0.5842696629213483,0.5878787878787879,0.5386016533557517,0.6525252525252525,1.1755341291427612,0.5662946812405961,0.2268869374575239,155,39,89,100,/share/home/yuan/SYX/eeg-mi-online/checkpoints/shu/session_multisource_v1/eegnet/multisource_sub-008_ses01ses02-to-ses-03_seed4.pt,ok,
multisource_0102_to_03,eegnet,4,sub-009,ses-01+ses-02,ses-03,0,0.54,0.54,0.54,0.5316000000000001,1.2747372388839722,0.6269141523900167,0.2223444145917892,158,40,100,19,/share/home/yuan/SYX/eeg-mi-online/checkpoints/shu/session_multisource_v1/eegnet/multisource_sub-009_ses01ses02-to-ses-03_seed4.pt,ok,
multisource_0102_to_03,eegnet,4,sub-010,ses-01+ses-02,ses-03,0,0.53,0.53,0.5242433444680635,0.5316000000000001,0.691917896270752,0.4987692945425808,0.0213553726673126,146,37,100,1,/share/home/yuan/SYX/eeg-mi-online/checkpoints/shu/session_multisource_v1/eegnet/multisource_sub-010_ses01ses02-to-ses-03_seed4.pt,ok,
multisource_0102_to_03,eegnet,4,sub-011,ses-01+ses-02,ses-03,0,0.49,0.49,0.4895405865278751,0.438,0.7232118248939514,0.5294248676934982,0.1193235212564468,155,39,100,5,/share/home/yuan/SYX/eeg-mi-online/checkpoints/shu/session_multisource_v1/eegnet/multisource_sub-011_ses01ses02-to-ses-03_seed4.pt,ok,
multisource_0102_to_03,eegnet,4,sub-012,ses-01+ses-02,ses-03,0,0.4845360824742268,0.483843537414966,0.4818376068376068,0.5038265306122448,0.6928867697715759,0.4997402349345171,0.0255604109813257,152,39,97,1,/share/home/yuan/SYX/eeg-mi-online/checkpoints/shu/session_multisource_v1/eegnet/multisource_sub-012_ses01ses02-to-ses-03_seed4.pt,ok,
multisource_0102_to_03,eegnet,4,sub-013,ses-01+ses-02,ses-03,0,0.85,0.85,0.8487750781328763,0.9132,0.455383837223053,0.2856448486161757,0.1447798353433609,155,39,100,4,/share/home/yuan/SYX/eeg-mi-online/checkpoints/shu/session_multisource_v1/eegnet/multisource_sub-013_ses01ses02-to-ses-03_seed4.pt,ok,
multisource_0102_to_03,eegnet,4,sub-014,ses-01+ses-02,ses-03,0,0.5543478260869565,0.5431893687707641,0.5344933975070961,0.5116279069767441,0.6889053583145142,0.4961025664904461,0.0307120428137157,156,39,92,1,/share/home/yuan/SYX/eeg-mi-online/checkpoints/shu/session_multisource_v1/eegnet/multisource_sub-014_ses01ses02-to-ses-03_seed4.pt,ok,
multisource_0102_to_03,eegnet,4,sub-015,ses-01+ses-02,ses-03,0,0.5294117647058824,0.524247491638796,0.5240761478163494,0.4888517279821627,0.698900043964386,0.5056827804471153,0.1093920476296368,156,39,85,1,/share/home/yuan/SYX/eeg-mi-online/checkpoints/shu/session_multisource_v1/eegnet/multisource_sub-015_ses01ses02-to-ses-03_seed4.pt,ok,
multisource_0102_to_03,eegnet,4,sub-016,ses-01+ses-02,ses-03,0,0.56,0.56,0.5592948717948718,0.6294,1.506467580795288,0.6616433170003501,0.3080867993831634,160,40,100,56,/share/home/yuan/SYX/eeg-mi-online/checkpoints/shu/session_multisource_v1/eegnet/multisource_sub-016_ses01ses02-to-ses-03_seed4.pt,ok,
multisource_0102_to_03,eegnet,4,sub-017,ses-01+ses-02,ses-03,0,0.4897959183673469,0.48625,0.4719827586206896,0.4608333333333332,0.7416345477104187,0.5435761009867651,0.1033924708561021,160,40,98,1,/share/home/yuan/SYX/eeg-mi-online/checkpoints/shu/session_multisource_v1/eegnet/multisource_sub-017_ses01ses02-to-ses-03_seed4.pt,ok,
multisource_0102_to_03,eegnet,4,sub-018,ses-01+ses-02,ses-03,0,0.59,0.59,0.5829518868884143,0.6228,0.6864209175109863,0.4900494857020595,0.0793610155582427,155,39,100,2,/share/home/yuan/SYX/eeg-mi-online/checkpoints/shu/session_multisource_v1/eegnet/multisource_sub-018_ses01ses02-to-ses-03_seed4.pt,ok,
multisource_0102_to_03,eegnet,4,sub-019,ses-01+ses-02,ses-03,0,0.7021276595744681,0.7024943310657596,0.7019927536231885,0.7342403628117914,0.715782880783081,0.4361344663937888,0.1488012506606731,152,38,94,14,/share/home/yuan/SYX/eeg-mi-online/checkpoints/shu/session_multisource_v1/eegnet/multisource_sub-019_ses01ses02-to-ses-03_seed4.pt,ok,
multisource_0102_to_03,eegnet,4,sub-020,ses-01+ses-02,ses-03,0,0.47,0.47,0.4699469946994699,0.4712,3.165694236755371,1.0431737905672471,0.5260229057073592,151,38,100,13,/share/home/yuan/SYX/eeg-mi-online/checkpoints/shu/session_multisource_v1/eegnet/multisource_sub-020_ses01ses02-to-ses-03_seed4.pt,ok,
multisource_0102_to_03,eegnet,4,sub-021,ses-01+ses-02,ses-03,0,0.7849462365591398,0.7846901017576318,0.7847222222222222,0.8297872340425532,0.5505800843238831,0.3582055056373982,0.1348673810241043,154,39,93,5,/share/home/yuan/SYX/eeg-mi-online/checkpoints/shu/session_multisource_v1/eegnet/multisource_sub-021_ses01ses02-to-ses-03_seed4.pt,ok,
multisource_0102_to_03,eegnet,4,sub-022,ses-01+ses-02,ses-03,0,0.45,0.45,0.4472917294744247,0.4712,0.7468703389167786,0.5505255655680834,0.1699369782209396,149,38,100,2,/share/home/yuan/SYX/eeg-mi-online/checkpoints/shu/session_multisource_v1/eegnet/multisource_sub-022_ses01ses02-to-ses-03_seed4.pt,ok,
multisource_0102_to_03,eegnet,4,sub-023,ses-01+ses-02,ses-03,0,0.7272727272727273,0.7273469387755103,0.7272727272727273,0.7612244897959184,0.8020448684692383,0.4091259726148837,0.1295319705298452,152,38,99,8,/share/home/yuan/SYX/eeg-mi-online/checkpoints/shu/session_multisource_v1/eegnet/multisource_sub-023_ses01ses02-to-ses-03_seed4.pt,ok,
multisource_0102_to_03,eegnet,4,sub-024,ses-01+ses-02,ses-03,0,0.5060240963855421,0.5136627906976744,0.4869591436755616,0.5151162790697674,0.6976186633110046,0.5043830053211649,0.0284694224955087,124,32,83,1,/share/home/yuan/SYX/eeg-mi-online/checkpoints/shu/session_multisource_v1/eegnet/multisource_sub-024_ses01ses02-to-ses-03_seed4.pt,ok,
multisource_0102_to_03,eegnet,4,sub-025,ses-01+ses-02,ses-03,0,0.4574468085106383,0.4583333333333333,0.4568936218420754,0.473731884057971,0.7141426801681519,0.5205870802098792,0.1219381696366249,144,36,94,2,/share/home/yuan/SYX/eeg-mi-online/checkpoints/shu/session_multisource_v1/eegnet/multisource_sub-025_ses01ses02-to-ses-03_seed4.pt,ok,
multisource_0102_to_03,fbcnet,0,sub-001,ses-01+ses-02,ses-03,0,0.5050505050505051,0.5083673469387755,0.4473054574455964,0.5526530612244898,0.9021645188331604,0.6332740415219984,0.2398955797908282,160,40,99,28,/share/home/yuan/SYX/eeg-mi-online/checkpoints/shu/session_multisource_v1/fbcnet/multisource_sub-001_ses01ses02-to-ses-03_seed0.pt,ok,
multisource_0102_to_03,fbcnet,0,sub-002,ses-01+ses-02,ses-03,0,0.53,0.5,0.3464052287581699,0.4989963869931754,0.9386806488037108,0.673365366172243,0.2955651634931564,149,38,100,6,/share/home/yuan/SYX/eeg-mi-online/checkpoints/shu/session_multisource_v1/fbcnet/multisource_sub-002_ses01ses02-to-ses-03_seed0.pt,ok,
multisource_0102_to_03,fbcnet,0,sub-003,ses-01+ses-02,ses-03,0,0.4565217391304347,0.4576832151300236,0.4554924242424242,0.4732860520094563,1.0450705289840698,0.6817469509663038,0.2883052968460581,153,39,92,38,/share/home/yuan/SYX/eeg-mi-online/checkpoints/shu/session_multisource_v1/fbcnet/multisource_sub-003_ses01ses02-to-ses-03_seed0.pt,ok,
multisource_0102_to_03,fbcnet,0,sub-004,ses-01+ses-02,ses-03,0,0.4505494505494505,0.468265503875969,0.397510593220339,0.565406976744186,0.7926920056343079,0.5879755041318508,0.2610864069435623,147,37,91,12,/share/home/yuan/SYX/eeg-mi-online/checkpoints/shu/session_multisource_v1/fbcnet/multisource_sub-004_ses01ses02-to-ses-03_seed0.pt,ok,
multisource_0102_to_03,fbcnet,0,sub-005,ses-01+ses-02,ses-03,0,0.4516129032258064,0.4558279370952821,0.3549571603427172,0.4468085106382978,1.583964705467224,0.8590608663870001,0.4140312312751688,155,39,93,39,/share/home/yuan/SYX/eeg-mi-online/checkpoints/shu/session_multisource_v1/fbcnet/multisource_sub-005_ses01ses02-to-ses-03_seed0.pt,ok,
multisource_0102_to_03,fbcnet,0,sub-006,ses-01+ses-02,ses-03,0,0.4631578947368421,0.4629875886524822,0.4629198536747588,0.5053191489361701,0.7530329823493958,0.5494975244465394,0.1730732397029274,149,38,95,33,/share/home/yuan/SYX/eeg-mi-online/checkpoints/shu/session_multisource_v1/fbcnet/multisource_sub-006_ses01ses02-to-ses-03_seed0.pt,ok,
multisource_0102_to_03,fbcnet,0,sub-007,ses-01+ses-02,ses-03,0,0.5416666666666666,0.5416666666666666,0.524966261808367,0.5238715277777777,0.7628896832466125,0.5582800928486535,0.1630658352126678,160,40,96,6,/share/home/yuan/SYX/eeg-mi-online/checkpoints/shu/session_multisource_v1/fbcnet/multisource_sub-007_ses01ses02-to-ses-03_seed0.pt,ok,
multisource_0102_to_03,fbcnet,0,sub-008,ses-01+ses-02,ses-03,0,0.5056179775280899,0.5063131313131313,0.5040526849037488,0.4797979797979798,0.7681248784065247,0.5660965330149541,0.1952695444728551,155,39,89,1,/share/home/yuan/SYX/eeg-mi-online/checkpoints/shu/session_multisource_v1/fbcnet/multisource_sub-008_ses01ses02-to-ses-03_seed0.pt,ok,
multisource_0102_to_03,fbcnet,0,sub-009,ses-01+ses-02,ses-03,0,0.57,0.5700000000000001,0.5305164319248826,0.5696,0.7860777378082275,0.5584375122752628,0.1554453915357589,158,40,100,21,/share/home/yuan/SYX/eeg-mi-online/checkpoints/shu/session_multisource_v1/fbcnet/multisource_sub-009_ses01ses02-to-ses-03_seed0.pt,ok,
multisource_0102_to_03,fbcnet,0,sub-010,ses-01+ses-02,ses-03,0,0.56,0.5599999999999999,0.5512035903712771,0.6384,0.6784798502922058,0.4826110620950926,0.1097019469738006,146,37,100,17,/share/home/yuan/SYX/eeg-mi-online/checkpoints/shu/session_multisource_v1/fbcnet/multisource_sub-010_ses01ses02-to-ses-03_seed0.pt,ok,
multisource_0102_to_03,fbcnet,0,sub-011,ses-01+ses-02,ses-03,0,0.49,0.49,0.3288590604026846,0.566,0.8101523518562317,0.5992977016217923,0.238388797044754,155,39,100,7,/share/home/yuan/SYX/eeg-mi-online/checkpoints/shu/session_multisource_v1/fbcnet/multisource_sub-011_ses01ses02-to-ses-03_seed0.pt,ok,
multisource_0102_to_03,fbcnet,0,sub-012,ses-01+ses-02,ses-03,0,0.5051546391752577,0.5087159863945578,0.4403846153846154,0.5590986394557823,0.7842360138893127,0.5720020675554583,0.1966471807243897,152,39,97,7,/share/home/yuan/SYX/eeg-mi-online/checkpoints/shu/session_multisource_v1/fbcnet/multisource_sub-012_ses01ses02-to-ses-03_seed0.pt,ok,
multisource_0102_to_03,fbcnet,0,sub-013,ses-01+ses-02,ses-03,0,0.5,0.5,0.3929091792132103,0.5475999999999999,0.8052359819412231,0.5877863400689687,0.2420365881919861,155,39,100,4,/share/home/yuan/SYX/eeg-mi-online/checkpoints/shu/session_multisource_v1/fbcnet/multisource_sub-013_ses01ses02-to-ses-03_seed0.pt,ok,
multisource_0102_to_03,fbcnet,0,sub-014,ses-01+ses-02,ses-03,0,0.4565217391304347,0.4812529663028002,0.3817204301075269,0.5225439012814428,0.8179812431335449,0.5980365023166094,0.2173848087372987,156,39,92,1,/share/home/yuan/SYX/eeg-mi-online/checkpoints/shu/session_multisource_v1/fbcnet/multisource_sub-014_ses01ses02-to-ses-03_seed0.pt,ok,
multisource_0102_to_03,fbcnet,0,sub-015,ses-01+ses-02,ses-03,0,0.5176470588235295,0.4938684503901895,0.4589349479894426,0.516164994425864,0.7295522689819336,0.5279261516970428,0.1556332805577446,156,39,85,5,/share/home/yuan/SYX/eeg-mi-online/checkpoints/shu/session_multisource_v1/fbcnet/multisource_sub-015_ses01ses02-to-ses-03_seed0.pt,ok,
multisource_0102_to_03,fbcnet,0,sub-016,ses-01+ses-02,ses-03,0,0.57,0.57,0.5017958521608157,0.6115999999999999,0.7923306822776794,0.5712182473777969,0.2209333455562591,160,40,100,5,/share/home/yuan/SYX/eeg-mi-online/checkpoints/shu/session_multisource_v1/fbcnet/multisource_sub-016_ses01ses02-to-ses-03_seed0.pt,ok,
multisource_0102_to_03,fbcnet,0,sub-017,ses-01+ses-02,ses-03,0,0.5714285714285714,0.5654166666666667,0.5271139705882353,0.5425,0.9887006282806396,0.6192377507346072,0.2029602545864727,160,40,98,21,/share/home/yuan/SYX/eeg-mi-online/checkpoints/shu/session_multisource_v1/fbcnet/multisource_sub-017_ses01ses02-to-ses-03_seed0.pt,ok,
multisource_0102_to_03,fbcnet,0,sub-018,ses-01+ses-02,ses-03,0,0.51,0.51,0.3551783129359126,0.5144,0.9656548500061036,0.695734213684301,0.3223663604259491,155,39,100,9,/share/home/yuan/SYX/eeg-mi-online/checkpoints/shu/session_multisource_v1/fbcnet/multisource_sub-018_ses01ses02-to-ses-03_seed0.pt,ok,
multisource_0102_to_03,fbcnet,0,sub-019,ses-01+ses-02,ses-03,0,0.574468085106383,0.5682539682539682,0.5617715617715617,0.6258503401360543,0.7202242612838745,0.5101170509468298,0.1284088587507288,152,38,94,41,/share/home/yuan/SYX/eeg-mi-online/checkpoints/shu/session_multisource_v1/fbcnet/multisource_sub-019_ses01ses02-to-ses-03_seed0.pt,ok,
multisource_0102_to_03,fbcnet,0,sub-020,ses-01+ses-02,ses-03,0,0.49,0.49,0.4899489948994899,0.4816,2.8832907676696777,0.9847319481724328,0.4992391252517699,151,38,100,65,/share/home/yuan/SYX/eeg-mi-online/checkpoints/shu/session_multisource_v1/fbcnet/multisource_sub-020_ses01ses02-to-ses-03_seed0.pt,ok,
multisource_0102_to_03,fbcnet,0,sub-021,ses-01+ses-02,ses-03,0,0.4838709677419355,0.4794172062904717,0.3737373737373737,0.391304347826087,0.8050789833068848,0.5964972656130196,0.193175277402324,154,39,93,1,/share/home/yuan/SYX/eeg-mi-online/checkpoints/shu/session_multisource_v1/fbcnet/multisource_sub-021_ses01ses02-to-ses-03_seed0.pt,ok,
multisource_0102_to_03,fbcnet,0,sub-022,ses-01+ses-02,ses-03,0,0.43,0.43,0.392,0.4836,0.7649050951004028,0.5693265002387161,0.2415585607290268,149,38,100,5,/share/home/yuan/SYX/eeg-mi-online/checkpoints/shu/session_multisource_v1/fbcnet/multisource_sub-022_ses01ses02-to-ses-03_seed0.pt,ok,
multisource_0102_to_03,fbcnet,0,sub-023,ses-01+ses-02,ses-03,0,0.5454545454545454,0.5438775510204081,0.5332634887375589,0.6040816326530611,0.8759954571723938,0.5190603766827832,0.1624418460961544,152,38,99,53,/share/home/yuan/SYX/eeg-mi-online/checkpoints/shu/session_multisource_v1/fbcnet/multisource_sub-023_ses01ses02-to-ses-03_seed0.pt,ok,
multisource_0102_to_03,fbcnet,0,sub-024,ses-01+ses-02,ses-03,0,0.5421686746987951,0.5485465116279069,0.5306547619047619,0.5680232558139535,0.6919863820075989,0.4983459261576844,0.0603618794176952,124,32,83,3,/share/home/yuan/SYX/eeg-mi-online/checkpoints/shu/session_multisource_v1/fbcnet/multisource_sub-024_ses01ses02-to-ses-03_seed0.pt,ok,
multisource_0102_to_03,fbcnet,0,sub-025,ses-01+ses-02,ses-03,0,0.5319148936170213,0.5348731884057971,0.52416014726185,0.5711050724637681,0.8041504621505737,0.5708706177282455,0.235821026436826,144,36,94,5,/share/home/yuan/SYX/eeg-mi-online/checkpoints/shu/session_multisource_v1/fbcnet/multisource_sub-025_ses01ses02-to-ses-03_seed0.pt,ok,
multisource_0102_to_03,fbcnet,1,sub-001,ses-01+ses-02,ses-03,0,0.5353535353535354,0.5389795918367347,0.4689832089552239,0.5240816326530613,0.9496716856956482,0.6545786384149964,0.248361693488227,160,40,99,32,/share/home/yuan/SYX/eeg-mi-online/checkpoints/shu/session_multisource_v1/fbcnet/multisource_sub-001_ses01ses02-to-ses-03_seed1.pt,ok,
multisource_0102_to_03,fbcnet,1,sub-002,ses-01+ses-02,ses-03,0,0.46,0.4785226816539542,0.4140625,0.5010036130068246,0.8870159983634949,0.6403087123510874,0.2365141922235488,149,38,100,22,/share/home/yuan/SYX/eeg-mi-online/checkpoints/shu/session_multisource_v1/fbcnet/multisource_sub-002_ses01ses02-to-ses-03_seed1.pt,ok,
multisource_0102_to_03,fbcnet,1,sub-003,ses-01+ses-02,ses-03,0,0.5217391304347826,0.5191489361702128,0.5134615384615384,0.4888888888888889,1.2958277463912964,0.7233834974981458,0.316747257243032,153,39,92,47,/share/home/yuan/SYX/eeg-mi-online/checkpoints/shu/session_multisource_v1/fbcnet/multisource_sub-003_ses01ses02-to-ses-03_seed1.pt,ok,
multisource_0102_to_03,fbcnet,1,sub-004,ses-01+ses-02,ses-03,0,0.4835164835164835,0.4813468992248062,0.4812613705275924,0.4874031007751938,0.8435744643211365,0.6077778142040697,0.2167587326123164,147,37,91,1,/share/home/yuan/SYX/eeg-mi-online/checkpoints/shu/session_multisource_v1/fbcnet/multisource_sub-004_ses01ses02-to-ses-03_seed1.pt,ok,
multisource_0102_to_03,fbcnet,1,sub-005,ses-01+ses-02,ses-03,0,0.4623655913978494,0.4666975023126734,0.3612637362637362,0.45790934320074,1.9004079103469849,0.9420968529042824,0.4630443267924811,155,39,93,43,/share/home/yuan/SYX/eeg-mi-online/checkpoints/shu/session_multisource_v1/fbcnet/multisource_sub-005_ses01ses02-to-ses-03_seed1.pt,ok,
multisource_0102_to_03,fbcnet,1,sub-006,ses-01+ses-02,ses-03,0,0.5789473684210527,0.5793439716312057,0.5785270629991126,0.612145390070922,0.7138521075248718,0.5133304507929861,0.1621733144709938,149,38,95,26,/share/home/yuan/SYX/eeg-mi-online/checkpoints/shu/session_multisource_v1/fbcnet/multisource_sub-006_ses01ses02-to-ses-03_seed1.pt,ok,
multisource_0102_to_03,fbcnet,1,sub-007,ses-01+ses-02,ses-03,0,0.5,0.5,0.4375,0.6137152777777777,0.8114962577819824,0.5800637820419812,0.2320283024261395,160,40,96,14,/share/home/yuan/SYX/eeg-mi-online/checkpoints/shu/session_multisource_v1/fbcnet/multisource_sub-007_ses01ses02-to-ses-03_seed1.pt,ok,
multisource_0102_to_03,fbcnet,1,sub-008,ses-01+ses-02,ses-03,0,0.4943820224719101,0.4994949494949495,0.3663977218794494,0.5964646464646465,0.7972243428230286,0.5854285093725223,0.2307909532879175,155,39,89,14,/share/home/yuan/SYX/eeg-mi-online/checkpoints/shu/session_multisource_v1/fbcnet/multisource_sub-008_ses01ses02-to-ses-03_seed1.pt,ok,
multisource_0102_to_03,fbcnet,1,sub-009,ses-01+ses-02,ses-03,0,0.49,0.49,0.4874886946035573,0.476,0.7734540700912476,0.5670500275873116,0.1434011089801788,158,40,100,1,/share/home/yuan/SYX/eeg-mi-online/checkpoints/shu/session_multisource_v1/fbcnet/multisource_sub-009_ses01ses02-to-ses-03_seed1.pt,ok,
multisource_0102_to_03,fbcnet,1,sub-010,ses-01+ses-02,ses-03,0,0.47,0.47,0.4578005115089514,0.4856,0.7316020727157593,0.5347759010437374,0.1321898221969604,146,37,100,8,/share/home/yuan/SYX/eeg-mi-online/checkpoints/shu/session_multisource_v1/fbcnet/multisource_sub-010_ses01ses02-to-ses-03_seed1.pt,ok,
multisource_0102_to_03,fbcnet,1,sub-011,ses-01+ses-02,ses-03,0,0.49,0.49,0.4899489948994899,0.5528,0.689689040184021,0.4974320034546675,0.1084382951259613,155,39,100,13,/share/home/yuan/SYX/eeg-mi-online/checkpoints/shu/session_multisource_v1/fbcnet/multisource_sub-011_ses01ses02-to-ses-03_seed1.pt,ok,
multisource_0102_to_03,fbcnet,1,sub-012,ses-01+ses-02,ses-03,0,0.5360824742268041,0.5335884353741497,0.5058304086946677,0.5250850340136054,0.7608861923217773,0.5522324036157713,0.1482040888255404,152,39,97,11,/share/home/yuan/SYX/eeg-mi-online/checkpoints/shu/session_multisource_v1/fbcnet/multisource_sub-012_ses01ses02-to-ses-03_seed1.pt,ok,
multisource_0102_to_03,fbcnet,1,sub-013,ses-01+ses-02,ses-03,0,0.51,0.51,0.4221016629319495,0.4508,0.7908892035484314,0.5768491318501742,0.1496717929840088,155,39,100,2,/share/home/yuan/SYX/eeg-mi-online/checkpoints/shu/session_multisource_v1/fbcnet/multisource_sub-013_ses01ses02-to-ses-03_seed1.pt,ok,
multisource_0102_to_03,fbcnet,1,sub-014,ses-01+ses-02,ses-03,0,0.4891304347826087,0.5204081632653061,0.3625239569512015,0.5054579971523493,0.8831409215927124,0.6466155892145444,0.2766059591718342,156,39,92,7,/share/home/yuan/SYX/eeg-mi-online/checkpoints/shu/session_multisource_v1/fbcnet/multisource_sub-014_ses01ses02-to-ses-03_seed1.pt,ok,
multisource_0102_to_03,fbcnet,1,sub-015,ses-01+ses-02,ses-03,0,0.4352941176470588,0.4646042363433668,0.3719211822660098,0.3901895206243032,0.9366930723190308,0.6867585819126498,0.2600199496044832,156,39,85,4,/share/home/yuan/SYX/eeg-mi-online/checkpoints/shu/session_multisource_v1/fbcnet/multisource_sub-015_ses01ses02-to-ses-03_seed1.pt,ok,
multisource_0102_to_03,fbcnet,1,sub-016,ses-01+ses-02,ses-03,0,0.57,0.57,0.5361881134721174,0.5968,0.9654443264007568,0.630584070383024,0.2660708063840866,160,40,100,46,/share/home/yuan/SYX/eeg-mi-online/checkpoints/shu/session_multisource_v1/fbcnet/multisource_sub-016_ses01ses02-to-ses-03_seed1.pt,ok,
multisource_0102_to_03,fbcnet,1,sub-017,ses-01+ses-02,ses-03,0,0.4591836734693877,0.4645833333333333,0.4215391468983183,0.5066666666666666,1.0688412189483645,0.7308759654847418,0.3347287731511252,160,40,98,28,/share/home/yuan/SYX/eeg-mi-online/checkpoints/shu/session_multisource_v1/fbcnet/multisource_sub-017_ses01ses02-to-ses-03_seed1.pt,ok,
multisource_0102_to_03,fbcnet,1,sub-018,ses-01+ses-02,ses-03,0,0.48,0.48,0.3551587301587301,0.5172,0.8069624304771423,0.5919906554398454,0.2171102064847946,155,39,100,7,/share/home/yuan/SYX/eeg-mi-online/checkpoints/shu/session_multisource_v1/fbcnet/multisource_sub-018_ses01ses02-to-ses-03_seed1.pt,ok,
multisource_0102_to_03,fbcnet,1,sub-019,ses-01+ses-02,ses-03,0,0.5212765957446809,0.5244897959183673,0.5199182839632277,0.4489795918367347,0.7458946704864502,0.5480162462660407,0.1403860024949337,152,38,94,2,/share/home/yuan/SYX/eeg-mi-online/checkpoints/shu/session_multisource_v1/fbcnet/multisource_sub-019_ses01ses02-to-ses-03_seed1.pt,ok,
multisource_0102_to_03,fbcnet,1,sub-020,ses-01+ses-02,ses-03,0,0.48,0.48,0.48,0.49,3.121065139770508,1.013694431970297,0.5143820458650588,151,38,100,93,/share/home/yuan/SYX/eeg-mi-online/checkpoints/shu/session_multisource_v1/fbcnet/multisource_sub-020_ses01ses02-to-ses-03_seed1.pt,ok,
multisource_0102_to_03,fbcnet,1,sub-021,ses-01+ses-02,ses-03,0,0.5053763440860215,0.5101757631822387,0.3860505166475316,0.540240518038853,1.7430089712142944,0.8475936656499624,0.4251267371639129,154,39,93,28,/share/home/yuan/SYX/eeg-mi-online/checkpoints/shu/session_multisource_v1/fbcnet/multisource_sub-021_ses01ses02-to-ses-03_seed1.pt,ok,
multisource_0102_to_03,fbcnet,1,sub-022,ses-01+ses-02,ses-03,0,0.54,0.54,0.4798733604703754,0.5535999999999999,0.8114673495292664,0.5888875013808353,0.2170997202396393,149,38,100,8,/share/home/yuan/SYX/eeg-mi-online/checkpoints/shu/session_multisource_v1/fbcnet/multisource_sub-022_ses01ses02-to-ses-03_seed1.pt,ok,
multisource_0102_to_03,fbcnet,1,sub-023,ses-01+ses-02,ses-03,0,0.4747474747474747,0.4795918367346938,0.3219178082191781,0.5546938775510204,0.9684908390045166,0.7042799044612533,0.3347587416870425,152,38,99,1,/share/home/yuan/SYX/eeg-mi-online/checkpoints/shu/session_multisource_v1/fbcnet/multisource_sub-023_ses01ses02-to-ses-03_seed1.pt,ok,
multisource_0102_to_03,fbcnet,1,sub-024,ses-01+ses-02,ses-03,0,0.5783132530120482,0.5694767441860465,0.5464480874316939,0.6273255813953489,0.6971352696418762,0.4933588081419344,0.1318123900746724,124,32,83,12,/share/home/yuan/SYX/eeg-mi-online/checkpoints/shu/session_multisource_v1/fbcnet/multisource_sub-024_ses01ses02-to-ses-03_seed1.pt,ok,
multisource_0102_to_03,fbcnet,1,sub-025,ses-01+ses-02,ses-03,0,0.5531914893617021,0.5606884057971014,0.4946236559139785,0.5914855072463768,0.7422045469284058,0.5414880954036495,0.1765568655856112,144,36,94,4,/share/home/yuan/SYX/eeg-mi-online/checkpoints/shu/session_multisource_v1/fbcnet/multisource_sub-025_ses01ses02-to-ses-03_seed1.pt,ok,
multisource_0102_to_03,fbcnet,2,sub-001,ses-01+ses-02,ses-03,0,0.5151515151515151,0.5114285714285715,0.4364326375711575,0.5391836734693878,1.0726238489151,0.6472901261292291,0.259752763040138,160,40,99,18,/share/home/yuan/SYX/eeg-mi-online/checkpoints/shu/session_multisource_v1/fbcnet/multisource_sub-001_ses01ses02-to-ses-03_seed2.pt,ok,
multisource_0102_to_03,fbcnet,2,sub-002,ses-01+ses-02,ses-03,0,0.49,0.4779205138498594,0.4615140956604371,0.4544359694901645,0.7562226057052612,0.5560618655466132,0.140631096959114,149,38,100,34,/share/home/yuan/SYX/eeg-mi-online/checkpoints/shu/session_multisource_v1/fbcnet/multisource_sub-002_ses01ses02-to-ses-03_seed2.pt,ok,
multisource_0102_to_03,fbcnet,2,sub-003,ses-01+ses-02,ses-03,0,0.4673913043478261,0.4735224586288415,0.4249266488072458,0.4638297872340425,0.8674414157867432,0.6333481385324339,0.2164554783831471,153,39,92,1,/share/home/yuan/SYX/eeg-mi-online/checkpoints/shu/session_multisource_v1/fbcnet/multisource_sub-003_ses01ses02-to-ses-03_seed2.pt,ok,
multisource_0102_to_03,fbcnet,2,sub-004,ses-01+ses-02,ses-03,0,0.5604395604395604,0.5373062015503877,0.4484848484848485,0.5552325581395349,0.8884268403053284,0.6155033735066068,0.2310750897114093,147,37,91,15,/share/home/yuan/SYX/eeg-mi-online/checkpoints/shu/session_multisource_v1/fbcnet/multisource_sub-004_ses01ses02-to-ses-03_seed2.pt,ok,
multisource_0102_to_03,fbcnet,2,sub-005,ses-01+ses-02,ses-03,0,0.4623655913978494,0.4666975023126734,0.3612637362637362,0.4546716003700277,1.548452854156494,0.8893422945847761,0.4366303490054223,155,39,93,40,/share/home/yuan/SYX/eeg-mi-online/checkpoints/shu/session_multisource_v1/fbcnet/multisource_sub-005_ses01ses02-to-ses-03_seed2.pt,ok,
multisource_0102_to_03,fbcnet,2,sub-006,ses-01+ses-02,ses-03,0,0.431578947368421,0.4335106382978723,0.4127747252747253,0.4973404255319149,1.026339769363403,0.7020738589364794,0.330778998450229,149,38,95,85,/share/home/yuan/SYX/eeg-mi-online/checkpoints/shu/session_multisource_v1/fbcnet/multisource_sub-006_ses01ses02-to-ses-03_seed2.pt,ok,
multisource_0102_to_03,fbcnet,2,sub-007,ses-01+ses-02,ses-03,0,0.6458333333333334,0.6458333333333333,0.6456795484151108,0.6775173611111112,0.6532878875732422,0.4583029654737933,0.0944217635939518,160,40,96,7,/share/home/yuan/SYX/eeg-mi-online/checkpoints/shu/session_multisource_v1/fbcnet/multisource_sub-007_ses01ses02-to-ses-03_seed2.pt,ok,
multisource_0102_to_03,fbcnet,2,sub-008,ses-01+ses-02,ses-03,0,0.5730337078651685,0.569949494949495,0.5364583333333333,0.6015151515151516,0.7033119797706604,0.5015068872392038,0.10422085242325,155,39,89,2,/share/home/yuan/SYX/eeg-mi-online/checkpoints/shu/session_multisource_v1/fbcnet/multisource_sub-008_ses01ses02-to-ses-03_seed2.pt,ok,
multisource_0102_to_03,fbcnet,2,sub-009,ses-01+ses-02,ses-03,0,0.47,0.47,0.4608890245142916,0.4692,0.8240368366241455,0.5906002358472126,0.1845287585258484,158,40,100,18,/share/home/yuan/SYX/eeg-mi-online/checkpoints/shu/session_multisource_v1/fbcnet/multisource_sub-009_ses01ses02-to-ses-03_seed2.pt,ok,
multisource_0102_to_03,fbcnet,2,sub-010,ses-01+ses-02,ses-03,0,0.62,0.62,0.5876736111111112,0.636,0.7055178880691528,0.5022774599345756,0.1252660465240478,146,37,100,10,/share/home/yuan/SYX/eeg-mi-online/checkpoints/shu/session_multisource_v1/fbcnet/multisource_sub-010_ses01ses02-to-ses-03_seed2.pt,ok,
multisource_0102_to_03,fbcnet,2,sub-011,ses-01+ses-02,ses-03,0,0.58,0.5800000000000001,0.5798319327731092,0.6164000000000001,0.6737155914306641,0.4809719055569214,0.0746163845062255,155,39,100,13,/share/home/yuan/SYX/eeg-mi-online/checkpoints/shu/session_multisource_v1/fbcnet/multisource_sub-011_ses01ses02-to-ses-03_seed2.pt,ok,
multisource_0102_to_03,fbcnet,2,sub-012,ses-01+ses-02,ses-03,0,0.4948453608247423,0.4951105442176871,0.4946305156831473,0.4965986394557823,0.769019365310669,0.5680237447844253,0.1822067296382078,152,39,97,21,/share/home/yuan/SYX/eeg-mi-online/checkpoints/shu/session_multisource_v1/fbcnet/multisource_sub-012_ses01ses02-to-ses-03_seed2.pt,ok,
multisource_0102_to_03,fbcnet,2,sub-013,ses-01+ses-02,ses-03,0,0.5,0.5,0.3333333333333333,0.5972000000000001,1.2623790502548218,0.7741842712180454,0.381461079120636,155,39,100,11,/share/home/yuan/SYX/eeg-mi-online/checkpoints/shu/session_multisource_v1/fbcnet/multisource_sub-013_ses01ses02-to-ses-03_seed2.pt,ok,
multisource_0102_to_03,fbcnet,2,sub-014,ses-01+ses-02,ses-03,0,0.4782608695652174,0.4632178452776459,0.4401622718052738,0.4907451352634077,0.7530270218849182,0.5536051043521818,0.215462503225907,156,39,92,5,/share/home/yuan/SYX/eeg-mi-online/checkpoints/shu/session_multisource_v1/fbcnet/multisource_sub-014_ses01ses02-to-ses-03_seed2.pt,ok,
multisource_0102_to_03,fbcnet,2,sub-015,ses-01+ses-02,ses-03,0,0.5176470588235295,0.5114269788182833,0.5108771929824562,0.5100334448160536,0.7358691692352295,0.5359292947217161,0.1729954838752746,156,39,85,1,/share/home/yuan/SYX/eeg-mi-online/checkpoints/shu/session_multisource_v1/fbcnet/multisource_sub-015_ses01ses02-to-ses-03_seed2.pt,ok,
multisource_0102_to_03,fbcnet,2,sub-016,ses-01+ses-02,ses-03,0,0.51,0.51,0.3551783129359126,0.6024,1.1741747856140137,0.7722033782827981,0.3763804817199707,160,40,100,4,/share/home/yuan/SYX/eeg-mi-online/checkpoints/shu/session_multisource_v1/fbcnet/multisource_sub-016_ses01ses02-to-ses-03_seed2.pt,ok,
multisource_0102_to_03,fbcnet,2,sub-017,ses-01+ses-02,ses-03,0,0.4897959183673469,0.4991666666666667,0.360980699008868,0.5554166666666667,1.2250171899795532,0.7976701288392027,0.3845266596395142,160,40,98,12,/share/home/yuan/SYX/eeg-mi-online/checkpoints/shu/session_multisource_v1/fbcnet/multisource_sub-017_ses01ses02-to-ses-03_seed2.pt,ok,
multisource_0102_to_03,fbcnet,2,sub-018,ses-01+ses-02,ses-03,0,0.46,0.46,0.458048976314733,0.4363999999999999,0.7737041711807251,0.5724831350550253,0.1789004546403884,155,39,100,10,/share/home/yuan/SYX/eeg-mi-online/checkpoints/shu/session_multisource_v1/fbcnet/multisource_sub-018_ses01ses02-to-ses-03_seed2.pt,ok,
multisource_0102_to_03,fbcnet,2,sub-019,ses-01+ses-02,ses-03,0,0.5531914893617021,0.5514739229024943,0.5513636363636363,0.5111111111111111,0.7314357161521912,0.5336813977468876,0.1113936901092529,152,38,94,1,/share/home/yuan/SYX/eeg-mi-online/checkpoints/shu/session_multisource_v1/fbcnet/multisource_sub-019_ses01ses02-to-ses-03_seed2.pt,ok,
multisource_0102_to_03,fbcnet,2,sub-020,ses-01+ses-02,ses-03,0,0.46,0.46,0.46,0.472,3.177882432937622,1.0050267174514544,0.5148448401689529,151,38,100,78,/share/home/yuan/SYX/eeg-mi-online/checkpoints/shu/session_multisource_v1/fbcnet/multisource_sub-020_ses01ses02-to-ses-03_seed2.pt,ok,
multisource_0102_to_03,fbcnet,2,sub-021,ses-01+ses-02,ses-03,0,0.5053763440860215,0.5106382978723404,0.3541666666666666,0.4680851063829787,1.6815887689590454,0.9078218355225984,0.4712283733070538,154,39,93,10,/share/home/yuan/SYX/eeg-mi-online/checkpoints/shu/session_multisource_v1/fbcnet/multisource_sub-021_ses01ses02-to-ses-03_seed2.pt,ok,
multisource_0102_to_03,fbcnet,2,sub-022,ses-01+ses-02,ses-03,0,0.55,0.55,0.508679986898133,0.4908,0.7659013271331787,0.5607322359461923,0.1904894709587097,149,38,100,3,/share/home/yuan/SYX/eeg-mi-online/checkpoints/shu/session_multisource_v1/fbcnet/multisource_sub-022_ses01ses02-to-ses-03_seed2.pt,ok,
multisource_0102_to_03,fbcnet,2,sub-023,ses-01+ses-02,ses-03,0,0.5858585858585859,0.5893877551020408,0.53048004626952,0.6546938775510204,0.7287979125976562,0.5083425361049363,0.0979326824949245,152,38,99,6,/share/home/yuan/SYX/eeg-mi-online/checkpoints/shu/session_multisource_v1/fbcnet/multisource_sub-023_ses01ses02-to-ses-03_seed2.pt,ok,
multisource_0102_to_03,fbcnet,2,sub-024,ses-01+ses-02,ses-03,0,0.5301204819277109,0.5281976744186047,0.5276521231577411,0.527906976744186,0.7175477743148804,0.5210022213684372,0.1218959926122642,124,32,83,1,/share/home/yuan/SYX/eeg-mi-online/checkpoints/shu/session_multisource_v1/fbcnet/multisource_sub-024_ses01ses02-to-ses-03_seed2.pt,ok,
multisource_0102_to_03,fbcnet,2,sub-025,ses-01+ses-02,ses-03,0,0.5851063829787234,0.5892210144927537,0.5710775710775711,0.6218297101449276,0.6762091517448425,0.484036753557042,0.0861921747948261,144,36,94,8,/share/home/yuan/SYX/eeg-mi-online/checkpoints/shu/session_multisource_v1/fbcnet/multisource_sub-025_ses01ses02-to-ses-03_seed2.pt,ok,
multisource_0102_to_03,fbcnet,3,sub-001,ses-01+ses-02,ses-03,0,0.5050505050505051,0.5008163265306123,0.3964165733482643,0.4583673469387755,1.2984565496444702,0.7690017451821635,0.3783949107834787,160,40,99,31,/share/home/yuan/SYX/eeg-mi-online/checkpoints/shu/session_multisource_v1/fbcnet/multisource_sub-001_ses01ses02-to-ses-03_seed3.pt,ok,
multisource_0102_to_03,fbcnet,3,sub-002,ses-01+ses-02,ses-03,0,0.46,0.460457647531112,0.4597839135654261,0.4484142914492172,0.7637180089950562,0.5644027087535224,0.1524890005588531,149,38,100,19,/share/home/yuan/SYX/eeg-mi-online/checkpoints/shu/session_multisource_v1/fbcnet/multisource_sub-002_ses01ses02-to-ses-03_seed3.pt,ok,
multisource_0102_to_03,fbcnet,3,sub-003,ses-01+ses-02,ses-03,0,0.5108695652173914,0.5141843971631206,0.5009041591320073,0.4728132387706855,0.8547359704971313,0.614504935618642,0.191738372263701,153,39,92,2,/share/home/yuan/SYX/eeg-mi-online/checkpoints/shu/session_multisource_v1/fbcnet/multisource_sub-003_ses01ses02-to-ses-03_seed3.pt,ok,
multisource_0102_to_03,fbcnet,3,sub-004,ses-01+ses-02,ses-03,0,0.4175824175824176,0.4345930232558139,0.3658119658119658,0.436531007751938,0.9487280249595642,0.6949316086157838,0.3083543430317889,147,37,91,19,/share/home/yuan/SYX/eeg-mi-online/checkpoints/shu/session_multisource_v1/fbcnet/multisource_sub-004_ses01ses02-to-ses-03_seed3.pt,ok,
multisource_0102_to_03,fbcnet,3,sub-005,ses-01+ses-02,ses-03,0,0.4516129032258064,0.456059204440333,0.341707147814018,0.4412580943570768,2.116748809814453,0.9345298379464624,0.474136003883936,155,39,93,24,/share/home/yuan/SYX/eeg-mi-online/checkpoints/shu/session_multisource_v1/fbcnet/multisource_sub-005_ses01ses02-to-ses-03_seed3.pt,ok,
multisource_0102_to_03,fbcnet,3,sub-006,ses-01+ses-02,ses-03,0,0.4842105263157895,0.4802748226950354,0.3977228619485056,0.4703014184397163,1.3924763202667236,0.7661745377379735,0.3453540908662896,149,38,95,43,/share/home/yuan/SYX/eeg-mi-online/checkpoints/shu/session_multisource_v1/fbcnet/multisource_sub-006_ses01ses02-to-ses-03_seed3.pt,ok,
multisource_0102_to_03,fbcnet,3,sub-007,ses-01+ses-02,ses-03,0,0.53125,0.53125,0.5076923076923077,0.5763888888888888,0.8618420958518982,0.5961453191462597,0.226161029189825,160,40,96,33,/share/home/yuan/SYX/eeg-mi-online/checkpoints/shu/session_multisource_v1/fbcnet/multisource_sub-007_ses01ses02-to-ses-03_seed3.pt,ok,
multisource_0102_to_03,fbcnet,3,sub-008,ses-01+ses-02,ses-03,0,0.4606741573033708,0.4585858585858586,0.440251572327044,0.4545454545454546,0.7473594546318054,0.5509216900072313,0.166237979792477,155,39,89,13,/share/home/yuan/SYX/eeg-mi-online/checkpoints/shu/session_multisource_v1/fbcnet/multisource_sub-008_ses01ses02-to-ses-03_seed3.pt,ok,
multisource_0102_to_03,fbcnet,3,sub-009,ses-01+ses-02,ses-03,0,0.5,0.5,0.4346449570330167,0.4983999999999999,0.7544768452644348,0.5544132030039981,0.1597548764944076,158,40,100,1,/share/home/yuan/SYX/eeg-mi-online/checkpoints/shu/session_multisource_v1/fbcnet/multisource_sub-009_ses01ses02-to-ses-03_seed3.pt,ok,
multisource_0102_to_03,fbcnet,3,sub-010,ses-01+ses-02,ses-03,0,0.5,0.5,0.3333333333333333,0.516,0.949601113796234,0.6648902082802944,0.2735028576850891,146,37,100,7,/share/home/yuan/SYX/eeg-mi-online/checkpoints/shu/session_multisource_v1/fbcnet/multisource_sub-010_ses01ses02-to-ses-03_seed3.pt,ok,
multisource_0102_to_03,fbcnet,3,sub-011,ses-01+ses-02,ses-03,0,0.53,0.53,0.52995299529953,0.5571999999999999,0.6947381496429443,0.5012478896497228,0.0590095376968384,155,39,100,1,/share/home/yuan/SYX/eeg-mi-online/checkpoints/shu/session_multisource_v1/fbcnet/multisource_sub-011_ses01ses02-to-ses-03_seed3.pt,ok,
multisource_0102_to_03,fbcnet,3,sub-012,ses-01+ses-02,ses-03,0,0.4536082474226804,0.4519557823129252,0.4383262318365563,0.5068027210884354,0.7208488583564758,0.5270636730900381,0.1679660561158484,152,39,97,4,/share/home/yuan/SYX/eeg-mi-online/checkpoints/shu/session_multisource_v1/fbcnet/multisource_sub-012_ses01ses02-to-ses-03_seed3.pt,ok,
multisource_0102_to_03,fbcnet,3,sub-013,ses-01+ses-02,ses-03,0,0.53,0.53,0.4233836339099497,0.542,1.2399065494537354,0.7236608270180079,0.3298463535308838,155,39,100,20,/share/home/yuan/SYX/eeg-mi-online/checkpoints/shu/session_multisource_v1/fbcnet/multisource_sub-013_ses01ses02-to-ses-03_seed3.pt,ok,
multisource_0102_to_03,fbcnet,3,sub-014,ses-01+ses-02,ses-03,0,0.5,0.5135263407688657,0.4844054580896686,0.5239677266255339,0.7414160966873169,0.5380862400459062,0.1121675832116085,156,39,92,2,/share/home/yuan/SYX/eeg-mi-online/checkpoints/shu/session_multisource_v1/fbcnet/multisource_sub-014_ses01ses02-to-ses-03_seed3.pt,ok,
multisource_0102_to_03,fbcnet,3,sub-015,ses-01+ses-02,ses-03,0,0.5294117647058824,0.4891304347826087,0.3461538461538461,0.4905239687848383,0.8693560361862183,0.631664722301984,0.2576337884454166,156,39,85,2,/share/home/yuan/SYX/eeg-mi-online/checkpoints/shu/session_multisource_v1/fbcnet/multisource_sub-015_ses01ses02-to-ses-03_seed3.pt,ok,
multisource_0102_to_03,fbcnet,3,sub-016,ses-01+ses-02,ses-03,0,0.54,0.54,0.4523809523809523,0.608,0.8591521382331848,0.6091290745396044,0.2347807043790817,160,40,100,10,/share/home/yuan/SYX/eeg-mi-online/checkpoints/shu/session_multisource_v1/fbcnet/multisource_sub-016_ses01ses02-to-ses-03_seed3.pt,ok,
multisource_0102_to_03,fbcnet,3,sub-017,ses-01+ses-02,ses-03,0,0.5204081632653061,0.5237499999999999,0.5089028681096066,0.5070833333333333,1.0159084796905518,0.6878010275995413,0.2655015922322565,160,40,98,31,/share/home/yuan/SYX/eeg-mi-online/checkpoints/shu/session_multisource_v1/fbcnet/multisource_sub-017_ses01ses02-to-ses-03_seed3.pt,ok,
multisource_0102_to_03,fbcnet,3,sub-018,ses-01+ses-02,ses-03,0,0.52,0.52,0.4851994851994852,0.4936,0.7599437236785889,0.555088090268439,0.1452315330505371,155,39,100,7,/share/home/yuan/SYX/eeg-mi-online/checkpoints/shu/session_multisource_v1/fbcnet/multisource_sub-018_ses01ses02-to-ses-03_seed3.pt,ok,
multisource_0102_to_03,fbcnet,3,sub-019,ses-01+ses-02,ses-03,0,0.5319148936170213,0.5192743764172336,0.4788306451612903,0.5111111111111111,0.7512871026992798,0.5475674280306283,0.1400737870246806,152,38,94,9,/share/home/yuan/SYX/eeg-mi-online/checkpoints/shu/session_multisource_v1/fbcnet/multisource_sub-019_ses01ses02-to-ses-03_seed3.pt,ok,
multisource_0102_to_03,fbcnet,3,sub-020,ses-01+ses-02,ses-03,0,0.48,0.48,0.48,0.474,2.9645678997039795,1.0230390507807114,0.5095865130424498,151,38,100,73,/share/home/yuan/SYX/eeg-mi-online/checkpoints/shu/session_multisource_v1/fbcnet/multisource_sub-020_ses01ses02-to-ses-03_seed3.pt,ok,
multisource_0102_to_03,fbcnet,3,sub-021,ses-01+ses-02,ses-03,0,0.4946236559139785,0.4995374653098982,0.3651416122004357,0.547641073080481,1.9297599792480469,0.9061698729014848,0.4419481401802391,154,39,93,31,/share/home/yuan/SYX/eeg-mi-online/checkpoints/shu/session_multisource_v1/fbcnet/multisource_sub-021_ses01ses02-to-ses-03_seed3.pt,ok,
multisource_0102_to_03,fbcnet,3,sub-022,ses-01+ses-02,ses-03,0,0.5,0.5,0.3333333333333333,0.472,1.3433403968811035,0.8421506202930489,0.4066425865888596,149,38,100,7,/share/home/yuan/SYX/eeg-mi-online/checkpoints/shu/session_multisource_v1/fbcnet/multisource_sub-022_ses01ses02-to-ses-03_seed3.pt,ok,
multisource_0102_to_03,fbcnet,3,sub-023,ses-01+ses-02,ses-03,0,0.5252525252525253,0.5242857142857142,0.5203587259045459,0.4559183673469388,0.7448430061340332,0.5481826993158897,0.1523945813227181,152,38,99,1,/share/home/yuan/SYX/eeg-mi-online/checkpoints/shu/session_multisource_v1/fbcnet/multisource_sub-023_ses01ses02-to-ses-03_seed3.pt,ok,
multisource_0102_to_03,fbcnet,3,sub-024,ses-01+ses-02,ses-03,0,0.5421686746987951,0.525,0.3943932411674347,0.5122093023255814,0.8567520380020142,0.6237964902153414,0.254375352198819,124,32,83,3,/share/home/yuan/SYX/eeg-mi-online/checkpoints/shu/session_multisource_v1/fbcnet/multisource_sub-024_ses01ses02-to-ses-03_seed3.pt,ok,
multisource_0102_to_03,fbcnet,3,sub-025,ses-01+ses-02,ses-03,0,0.5851063829787234,0.5792572463768115,0.5477981990872085,0.6168478260869565,0.7689214944839478,0.5537979321097577,0.1921584327170189,144,36,94,14,/share/home/yuan/SYX/eeg-mi-online/checkpoints/shu/session_multisource_v1/fbcnet/multisource_sub-025_ses01ses02-to-ses-03_seed3.pt,ok,
multisource_0102_to_03,fbcnet,4,sub-001,ses-01+ses-02,ses-03,0,0.4848484848484848,0.4895918367346938,0.3430058555627846,0.4681632653061224,1.190946102142334,0.7919906718415196,0.3819755851620375,160,40,99,19,/share/home/yuan/SYX/eeg-mi-online/checkpoints/shu/session_multisource_v1/fbcnet/multisource_sub-001_ses01ses02-to-ses-03_seed4.pt,ok,
multisource_0102_to_03,fbcnet,4,sub-002,ses-01+ses-02,ses-03,0,0.56,0.5331192292252107,0.4282744282744283,0.4949819349658771,0.8513741493225098,0.6053682828032092,0.1995055031776428,149,38,100,34,/share/home/yuan/SYX/eeg-mi-online/checkpoints/shu/session_multisource_v1/fbcnet/multisource_sub-002_ses01ses02-to-ses-03_seed4.pt,ok,
multisource_0102_to_03,fbcnet,4,sub-003,ses-01+ses-02,ses-03,0,0.4782608695652174,0.4888888888888889,0.3235294117647059,0.4572104018912529,1.1422210931777954,0.7642591770042726,0.3673264662856641,153,39,92,8,/share/home/yuan/SYX/eeg-mi-online/checkpoints/shu/session_multisource_v1/fbcnet/multisource_sub-003_ses01ses02-to-ses-03_seed4.pt,ok,
multisource_0102_to_03,fbcnet,4,sub-004,ses-01+ses-02,ses-03,0,0.5824175824175825,0.5811531007751938,0.5811531007751938,0.5813953488372093,0.7249370813369751,0.5192255914424271,0.1331597736903599,147,37,91,21,/share/home/yuan/SYX/eeg-mi-online/checkpoints/shu/session_multisource_v1/fbcnet/multisource_sub-004_ses01ses02-to-ses-03_seed4.pt,ok,
multisource_0102_to_03,fbcnet,4,sub-005,ses-01+ses-02,ses-03,0,0.4623655913978494,0.4664662349676226,0.3736530172413793,0.475023126734505,2.2866103649139404,0.9736341925021192,0.5025264889963212,155,39,93,51,/share/home/yuan/SYX/eeg-mi-online/checkpoints/shu/session_multisource_v1/fbcnet/multisource_sub-005_ses01ses02-to-ses-03_seed4.pt,ok,
multisource_0102_to_03,fbcnet,4,sub-006,ses-01+ses-02,ses-03,0,0.4947368421052631,0.5,0.3309859154929577,0.5704787234042553,3.142068862915039,0.9821045654359442,0.4933945975805584,149,38,95,97,/share/home/yuan/SYX/eeg-mi-online/checkpoints/shu/session_multisource_v1/fbcnet/multisource_sub-006_ses01ses02-to-ses-03_seed4.pt,ok,
multisource_0102_to_03,fbcnet,4,sub-007,ses-01+ses-02,ses-03,0,0.59375,0.59375,0.5937059142702116,0.6419270833333333,0.6625688076019287,0.4700762910910769,0.0818219147622584,160,40,96,5,/share/home/yuan/SYX/eeg-mi-online/checkpoints/shu/session_multisource_v1/fbcnet/multisource_sub-007_ses01ses02-to-ses-03_seed4.pt,ok,
multisource_0102_to_03,fbcnet,4,sub-008,ses-01+ses-02,ses-03,0,0.5168539325842697,0.5222222222222223,0.3784310540847815,0.5606060606060606,1.1105186939239502,0.7586469652098943,0.3573903501703497,155,39,89,18,/share/home/yuan/SYX/eeg-mi-online/checkpoints/shu/session_multisource_v1/fbcnet/multisource_sub-008_ses01ses02-to-ses-03_seed4.pt,ok,
multisource_0102_to_03,fbcnet,4,sub-009,ses-01+ses-02,ses-03,0,0.5,0.5,0.3333333333333333,0.5120000000000001,1.0428611040115356,0.7347428704318244,0.348502984046936,158,40,100,4,/share/home/yuan/SYX/eeg-mi-online/checkpoints/shu/session_multisource_v1/fbcnet/multisource_sub-009_ses01ses02-to-ses-03_seed4.pt,ok,
multisource_0102_to_03,fbcnet,4,sub-010,ses-01+ses-02,ses-03,0,0.52,0.52,0.4791666666666666,0.5724,0.745791494846344,0.5359277248525001,0.1769423830509186,146,37,100,11,/share/home/yuan/SYX/eeg-mi-online/checkpoints/shu/session_multisource_v1/fbcnet/multisource_sub-010_ses01ses02-to-ses-03_seed4.pt,ok,
multisource_0102_to_03,fbcnet,4,sub-011,ses-01+ses-02,ses-03,0,0.58,0.5800000000000001,0.5320855614973261,0.5811999999999999,0.7026207447052002,0.5068685124424428,0.0946632146835327,155,39,100,19,/share/home/yuan/SYX/eeg-mi-online/checkpoints/shu/session_multisource_v1/fbcnet/multisource_sub-011_ses01ses02-to-ses-03_seed4.pt,ok,
multisource_0102_to_03,fbcnet,4,sub-012,ses-01+ses-02,ses-03,0,0.5257731958762887,0.528061224489796,0.5024531668153435,0.5459183673469388,0.7991800904273987,0.5777037342716508,0.1851654372264429,152,39,97,22,/share/home/yuan/SYX/eeg-mi-online/checkpoints/shu/session_multisource_v1/fbcnet/multisource_sub-012_ses01ses02-to-ses-03_seed4.pt,ok,
multisource_0102_to_03,fbcnet,4,sub-013,ses-01+ses-02,ses-03,0,0.53,0.53,0.4800309768779732,0.5136000000000001,0.8137533664703369,0.5810226903378746,0.145254847407341,155,39,100,5,/share/home/yuan/SYX/eeg-mi-online/checkpoints/shu/session_multisource_v1/fbcnet/multisource_sub-013_ses01ses02-to-ses-03_seed4.pt,ok,
multisource_0102_to_03,fbcnet,4,sub-014,ses-01+ses-02,ses-03,0,0.4782608695652174,0.4945420028476507,0.4523809523809523,0.4774560987185571,0.878993570804596,0.6368723555303756,0.2288118769293246,156,39,92,18,/share/home/yuan/SYX/eeg-mi-online/checkpoints/shu/session_multisource_v1/fbcnet/multisource_sub-014_ses01ses02-to-ses-03_seed4.pt,ok,
multisource_0102_to_03,fbcnet,4,sub-015,ses-01+ses-02,ses-03,0,0.5176470588235295,0.5192307692307692,0.5173798642847252,0.4972129319955407,0.7598419189453125,0.5556612754617699,0.1785235440029817,156,39,85,6,/share/home/yuan/SYX/eeg-mi-online/checkpoints/shu/session_multisource_v1/fbcnet/multisource_sub-015_ses01ses02-to-ses-03_seed4.pt,ok,
multisource_0102_to_03,fbcnet,4,sub-016,ses-01+ses-02,ses-03,0,0.51,0.51,0.3551783129359126,0.6472,1.329084873199463,0.8227096986340109,0.4121747493743896,160,40,100,5,/share/home/yuan/SYX/eeg-mi-online/checkpoints/shu/session_multisource_v1/fbcnet/multisource_sub-016_ses01ses02-to-ses-03_seed4.pt,ok,
multisource_0102_to_03,fbcnet,4,sub-017,ses-01+ses-02,ses-03,0,0.4897959183673469,0.5,0.3287671232876712,0.5433333333333333,0.9516533017158508,0.6873748468808504,0.3077951852156192,160,40,98,1,/share/home/yuan/SYX/eeg-mi-online/checkpoints/shu/session_multisource_v1/fbcnet/multisource_sub-017_ses01ses02-to-ses-03_seed4.pt,ok,
multisource_0102_to_03,fbcnet,4,sub-018,ses-01+ses-02,ses-03,0,0.48,0.48,0.3404363267376966,0.5004000000000001,1.0621232986450195,0.7360674550336159,0.3538162165880203,155,39,100,35,/share/home/yuan/SYX/eeg-mi-online/checkpoints/shu/session_multisource_v1/fbcnet/multisource_sub-018_ses01ses02-to-ses-03_seed4.pt,ok,
multisource_0102_to_03,fbcnet,4,sub-019,ses-01+ses-02,ses-03,0,0.5319148936170213,0.528344671201814,0.5265567765567765,0.5596371882086167,0.7268649339675903,0.5269817896122925,0.1470891941100993,152,38,94,22,/share/home/yuan/SYX/eeg-mi-online/checkpoints/shu/session_multisource_v1/fbcnet/multisource_sub-019_ses01ses02-to-ses-03_seed4.pt,ok,
multisource_0102_to_03,fbcnet,4,sub-020,ses-01+ses-02,ses-03,0,0.45,0.45,0.4499449944994499,0.4648,3.1123807430267334,1.053540354344363,0.5322817593812943,151,38,100,80,/share/home/yuan/SYX/eeg-mi-online/checkpoints/shu/session_multisource_v1/fbcnet/multisource_sub-020_ses01ses02-to-ses-03_seed4.pt,ok,
multisource_0102_to_03,fbcnet,4,sub-021,ses-01+ses-02,ses-03,0,0.4946236559139785,0.4995374653098982,0.3651416122004357,0.5259019426456985,0.9053900837898254,0.6544524352839252,0.2889878916484054,154,39,93,6,/share/home/yuan/SYX/eeg-mi-online/checkpoints/shu/session_multisource_v1/fbcnet/multisource_sub-021_ses01ses02-to-ses-03_seed4.pt,ok,
multisource_0102_to_03,fbcnet,4,sub-022,ses-01+ses-02,ses-03,0,0.49,0.49,0.3985139757046821,0.5716,0.832714319229126,0.6064857320532603,0.2406665617227554,149,38,100,8,/share/home/yuan/SYX/eeg-mi-online/checkpoints/shu/session_multisource_v1/fbcnet/multisource_sub-022_ses01ses02-to-ses-03_seed4.pt,ok,
multisource_0102_to_03,fbcnet,4,sub-023,ses-01+ses-02,ses-03,0,0.5757575757575758,0.5728571428571428,0.5359375,0.6253061224489795,0.7140093445777893,0.5045394154793261,0.1219056953083385,152,38,99,5,/share/home/yuan/SYX/eeg-mi-online/checkpoints/shu/session_multisource_v1/fbcnet/multisource_sub-023_ses01ses02-to-ses-03_seed4.pt,ok,
multisource_0102_to_03,fbcnet,4,sub-024,ses-01+ses-02,ses-03,0,0.5542168674698795,0.5523255813953488,0.5518750912009338,0.5261627906976745,0.7129343152046204,0.5181717844517144,0.1367760056472686,124,32,83,10,/share/home/yuan/SYX/eeg-mi-online/checkpoints/shu/session_multisource_v1/fbcnet/multisource_sub-024_ses01ses02-to-ses-03_seed4.pt,ok,
multisource_0102_to_03,fbcnet,4,sub-025,ses-01+ses-02,ses-03,0,0.5425531914893617,0.5339673913043478,0.4474367737525632,0.5457427536231884,0.7611196637153625,0.5537542723109226,0.1651759946599919,144,36,94,3,/share/home/yuan/SYX/eeg-mi-online/checkpoints/shu/session_multisource_v1/fbcnet/multisource_sub-025_ses01ses02-to-ses-03_seed4.pt,ok,
