model,protocol,subject,session,train_session,test_session,seed,fold,n_train,n_val,n_test,best_epoch,accuracy,balanced_accuracy,macro_f1,auc,nll,brier,ece
deepconvnet,cross_session,sub-001,,ses-01,ses-02,0,,80,20,100,1,0.520000,0.520000,0.515152,0.483600,0.849883,0.594833,0.177487
deepconvnet,cross_session,sub-001,,ses-01,ses-03,0,,80,20,99,1,0.505051,0.509592,0.383217,0.485306,1.294238,0.674342,0.249776
deepconvnet,cross_session,sub-001,,ses-01,ses-04,0,,80,20,99,1,0.484848,0.480204,0.343006,0.482041,1.152508,0.672183,0.249180
deepconvnet,cross_session,sub-001,,ses-01,ses-05,0,,80,20,94,1,0.521277,0.510870,0.361702,0.523098,1.851128,0.737972,0.313497
deepconvnet,cross_session,sub-001,,ses-02,ses-01,0,,80,20,100,1,0.460000,0.460000,0.426995,0.453200,0.705208,0.511951,0.072144
deepconvnet,cross_session,sub-001,,ses-02,ses-03,0,,80,20,99,1,0.515152,0.519388,0.414778,0.575510,0.701381,0.507359,0.124658
deepconvnet,cross_session,sub-001,,ses-02,ses-04,0,,80,20,99,1,0.505051,0.502041,0.455005,0.472245,0.707998,0.515019,0.111036
deepconvnet,cross_session,sub-001,,ses-02,ses-05,0,,80,20,94,1,0.478723,0.471920,0.415111,0.482790,0.823484,0.573523,0.160786
deepconvnet,cross_session,sub-001,,ses-03,ses-01,0,,79,20,100,1,0.480000,0.480000,0.324324,0.545600,0.702524,0.509241,0.075543
deepconvnet,cross_session,sub-001,,ses-03,ses-02,0,,79,20,100,1,0.530000,0.530000,0.528822,0.563600,0.685479,0.492205,0.042009
deepconvnet,cross_session,sub-001,,ses-03,ses-04,0,,79,20,99,1,0.535354,0.538980,0.468983,0.525306,0.806726,0.562975,0.154782
deepconvnet,cross_session,sub-001,,ses-03,ses-05,0,,79,20,94,1,0.531915,0.541214,0.428413,0.487772,0.985578,0.621674,0.220226
deepconvnet,cross_session,sub-001,,ses-04,ses-01,0,,79,20,100,3,0.500000,0.500000,0.333333,0.490800,0.704759,0.511391,0.069158
deepconvnet,cross_session,sub-001,,ses-04,ses-02,0,,79,20,100,3,0.470000,0.470000,0.428325,0.455200,0.729811,0.535060,0.105828
deepconvnet,cross_session,sub-001,,ses-04,ses-03,0,,79,20,99,3,0.515152,0.515102,0.515102,0.499184,0.766072,0.551060,0.087956
deepconvnet,cross_session,sub-001,,ses-04,ses-05,0,,79,20,94,3,0.553191,0.548913,0.532006,0.527627,0.812051,0.545800,0.149437
deepconvnet,cross_session,sub-001,,ses-05,ses-01,0,,75,19,100,1,0.490000,0.490000,0.374310,0.488400,0.693368,0.500223,0.033035
deepconvnet,cross_session,sub-001,,ses-05,ses-02,0,,75,19,100,1,0.500000,0.500000,0.496779,0.473200,0.695463,0.502318,0.015814
deepconvnet,cross_session,sub-001,,ses-05,ses-03,0,,75,19,99,1,0.464646,0.464694,0.464646,0.451020,0.696480,0.503367,0.068022
deepconvnet,cross_session,sub-001,,ses-05,ses-04,0,,75,19,99,1,0.494949,0.494898,0.494898,0.522041,0.686554,0.493735,0.065012
deepconvnet,cross_session,sub-002,,ses-01,ses-02,0,,73,19,95,13,0.600000,0.598626,0.592367,0.626773,1.389883,0.613955,0.246600
deepconvnet,cross_session,sub-002,,ses-01,ses-03,0,,73,19,100,13,0.500000,0.496989,0.496779,0.498595,1.854557,0.816237,0.391545
deepconvnet,cross_session,sub-002,,ses-01,ses-04,0,,73,19,100,13,0.470000,0.470000,0.445549,0.460800,2.185457,0.902811,0.455930
deepconvnet,cross_session,sub-002,,ses-01,ses-05,0,,73,19,95,13,0.673684,0.671029,0.670028,0.688997,1.988098,0.574838,0.283046
deepconvnet,cross_session,sub-002,,ses-02,ses-01,0,,76,19,92,1,0.510870,0.510870,0.357043,0.577977,0.688112,0.497038,0.060354
deepconvnet,cross_session,sub-002,,ses-02,ses-03,0,,76,19,100,1,0.530000,0.500000,0.346405,0.464472,0.692160,0.499009,0.011136
deepconvnet,cross_session,sub-002,,ses-02,ses-04,0,,76,19,100,1,0.500000,0.500000,0.333333,0.565600,0.696467,0.503309,0.041748
deepconvnet,cross_session,sub-002,,ses-02,ses-05,0,,76,19,95,1,0.526316,0.510870,0.363934,0.569210,0.693703,0.500554,0.059433
deepconvnet,cross_session,sub-002,,ses-03,ses-01,0,,80,20,92,6,0.478261,0.478261,0.432974,0.497164,0.793509,0.564115,0.200681
deepconvnet,cross_session,sub-002,,ses-03,ses-02,0,,80,20,95,6,0.505263,0.507314,0.486841,0.451241,1.218490,0.651754,0.217697
deepconvnet,cross_session,sub-002,,ses-03,ses-04,0,,80,20,100,6,0.510000,0.510000,0.450118,0.571600,0.698125,0.504820,0.102110
deepconvnet,cross_session,sub-002,,ses-03,ses-05,0,,80,20,95,6,0.526316,0.529503,0.522933,0.541704,0.913379,0.589754,0.227103
deepconvnet,cross_session,sub-002,,ses-04,ses-01,0,,80,20,92,9,0.608696,0.608696,0.574730,0.700378,1.692229,0.691493,0.323957
deepconvnet,cross_session,sub-002,,ses-04,ses-02,0,,80,20,95,9,0.642105,0.640957,0.637242,0.667996,1.349267,0.603468,0.274571
deepconvnet,cross_session,sub-002,,ses-04,ses-03,0,,80,20,100,9,0.580000,0.576074,0.575758,0.543155,2.215275,0.764914,0.369407
deepconvnet,cross_session,sub-002,,ses-04,ses-05,0,,80,20,95,9,0.642105,0.640417,0.640152,0.648181,2.399887,0.642157,0.305850
deepconvnet,cross_session,sub-002,,ses-05,ses-01,0,,76,19,92,17,0.576087,0.576087,0.552786,0.629017,1.458847,0.651425,0.307388
deepconvnet,cross_session,sub-002,,ses-05,ses-02,0,,76,19,95,17,0.578947,0.579787,0.576649,0.624113,1.136306,0.579137,0.267740
deepconvnet,cross_session,sub-002,,ses-05,ses-03,0,,76,19,100,17,0.530000,0.528904,0.528822,0.549177,1.045685,0.632962,0.241891
deepconvnet,cross_session,sub-002,,ses-05,ses-04,0,,76,19,100,17,0.520000,0.520000,0.495586,0.559200,1.287081,0.741033,0.352429
deepconvnet,cross_session,sub-003,,ses-01,ses-02,0,,73,19,100,1,0.520000,0.520000,0.438990,0.510000,0.727439,0.532436,0.164313
deepconvnet,cross_session,sub-003,,ses-01,ses-03,0,,73,19,92,1,0.489130,0.495745,0.440983,0.539953,1.127821,0.611349,0.226461
deepconvnet,cross_session,sub-003,,ses-01,ses-04,0,,73,19,100,1,0.500000,0.500000,0.333333,0.466800,0.752333,0.555584,0.159962
deepconvnet,cross_session,sub-003,,ses-01,ses-05,0,,73,19,100,1,0.500000,0.500000,0.333333,0.490800,0.752064,0.555280,0.174535
deepconvnet,cross_session,sub-003,,ses-02,ses-01,0,,80,20,92,1,0.467391,0.485795,0.364623,0.421402,0.800293,0.578480,0.151861
deepconvnet,cross_session,sub-003,,ses-02,ses-03,0,,80,20,92,1,0.521739,0.511584,0.379902,0.422695,1.218790,0.634046,0.218696
deepconvnet,cross_session,sub-003,,ses-02,ses-04,0,,80,20,100,1,0.490000,0.490000,0.328859,0.596800,0.694906,0.501761,0.105678
deepconvnet,cross_session,sub-003,,ses-02,ses-05,0,,80,20,100,1,0.510000,0.510000,0.355178,0.552800,0.700148,0.506803,0.046544
deepconvnet,cross_session,sub-003,,ses-03,ses-01,0,,73,19,92,1,0.478261,0.500000,0.323529,0.455492,0.698867,0.505704,0.057870
deepconvnet,cross_session,sub-003,,ses-03,ses-02,0,,73,19,100,1,0.500000,0.500000,0.333333,0.453200,0.695881,0.502727,0.036557
deepconvnet,cross_session,sub-003,,ses-03,ses-04,0,,73,19,100,1,0.500000,0.500000,0.333333,0.506800,0.695794,0.502639,0.036341
deepconvnet,cross_session,sub-003,,ses-03,ses-05,0,,73,19,100,1,0.500000,0.500000,0.333333,0.489200,0.695944,0.502789,0.036315
deepconvnet,cross_session,sub-003,,ses-04,ses-01,0,,80,20,92,1,0.413043,0.399621,0.343205,0.417140,0.844630,0.605098,0.244796
deepconvnet,cross_session,sub-003,,ses-04,ses-02,0,,80,20,100,1,0.570000,0.570000,0.545982,0.583600,0.683987,0.491912,0.094028
deepconvnet,cross_session,sub-003,,ses-04,ses-03,0,,80,20,92,1,0.521739,0.527187,0.492732,0.608511,0.901383,0.576962,0.197181
deepconvnet,cross_session,sub-003,,ses-04,ses-05,0,,80,20,100,1,0.530000,0.530000,0.480031,0.576000,0.692759,0.498202,0.062544
deepconvnet,cross_session,sub-003,,ses-05,ses-01,0,,80,20,92,1,0.532609,0.517045,0.453516,0.540246,0.825742,0.579849,0.193230
deepconvnet,cross_session,sub-003,,ses-05,ses-02,0,,80,20,100,1,0.530000,0.530000,0.529577,0.544000,0.732543,0.526729,0.090659
deepconvnet,cross_session,sub-003,,ses-05,ses-03,0,,80,20,92,1,0.478261,0.488889,0.323529,0.592908,1.224042,0.745883,0.363690
deepconvnet,cross_session,sub-003,,ses-05,ses-04,0,,80,20,100,1,0.550000,0.550000,0.539642,0.571200,0.698811,0.503239,0.058106
deepconvnet,cross_session,sub-004,,ses-01,ses-02,0,,69,18,97,1,0.494845,0.500000,0.331034,0.502126,0.696099,0.502941,0.026103
deepconvnet,cross_session,sub-004,,ses-01,ses-03,0,,69,18,91,1,0.472527,0.500000,0.320896,0.457849,0.697267,0.504115,0.047362
deepconvnet,cross_session,sub-004,,ses-01,ses-04,0,,69,18,100,1,0.500000,0.500000,0.333333,0.523600,0.694111,0.500963,0.020459
deepconvnet,cross_session,sub-004,,ses-01,ses-05,0,,69,18,100,1,0.500000,0.500000,0.333333,0.598000,0.693814,0.500666,0.020248
deepconvnet,cross_session,sub-004,,ses-02,ses-01,0,,77,20,87,1,0.494253,0.497357,0.456250,0.544397,1.048808,0.553222,0.135208
deepconvnet,cross_session,sub-004,,ses-02,ses-03,0,,77,20,91,1,0.549451,0.565649,0.515769,0.638566,0.677646,0.486002,0.063891
deepconvnet,cross_session,sub-004,,ses-02,ses-04,0,,77,20,100,1,0.530000,0.530000,0.516013,0.522000,0.701285,0.507834,0.079470
deepconvnet,cross_session,sub-004,,ses-02,ses-05,0,,77,20,100,1,0.470000,0.470000,0.405229,0.501200,0.702017,0.508812,0.087488
deepconvnet,cross_session,sub-004,,ses-03,ses-01,0,,72,19,87,1,0.494253,0.495772,0.486037,0.532241,1.014760,0.528194,0.087087
deepconvnet,cross_session,sub-004,,ses-03,ses-02,0,,72,19,97,1,0.505155,0.509141,0.420896,0.556973,0.692693,0.499461,0.080089
deepconvnet,cross_session,sub-004,,ses-03,ses-04,0,,72,19,100,1,0.490000,0.490000,0.328859,0.507600,0.699282,0.506085,0.054604
deepconvnet,cross_session,sub-004,,ses-03,ses-05,0,,72,19,100,1,0.500000,0.500000,0.350312,0.478000,0.698044,0.504865,0.046081
deepconvnet,cross_session,sub-004,,ses-04,ses-01,0,,80,20,87,1,0.494253,0.500000,0.330769,0.561311,0.962060,0.672477,0.304094
deepconvnet,cross_session,sub-004,,ses-04,ses-02,0,,80,20,97,1,0.525773,0.529337,0.463702,0.554847,0.835240,0.566229,0.177961
deepconvnet,cross_session,sub-004,,ses-04,ses-03,0,,80,20,91,1,0.483516,0.510417,0.343716,0.552810,1.035661,0.694132,0.343974
deepconvnet,cross_session,sub-004,,ses-04,ses-05,0,,80,20,100,1,0.500000,0.500000,0.457465,0.454400,0.713407,0.519430,0.074258
deepconvnet,cross_session,sub-004,,ses-05,ses-01,0,,80,20,87,15,0.482759,0.478330,0.389521,0.422833,8.487127,1.003198,0.506639
deepconvnet,cross_session,sub-004,,ses-05,ses-02,0,,80,20,97,15,0.556701,0.553359,0.502564,0.555697,4.703398,0.819136,0.395594
deepconvnet,cross_session,sub-004,,ses-05,ses-03,0,,80,20,91,15,0.516484,0.492006,0.377488,0.532461,7.357059,0.947180,0.480883
deepconvnet,cross_session,sub-004,,ses-05,ses-04,0,,80,20,100,15,0.520000,0.520000,0.448529,0.552800,4.332853,0.881563,0.443399
deepconvnet,cross_session,sub-005,,ses-01,ses-02,0,,75,19,100,1,0.490000,0.490000,0.328859,0.474600,0.695526,0.502374,0.041939
deepconvnet,cross_session,sub-005,,ses-01,ses-03,0,,75,19,93,1,0.462366,0.466466,0.373653,0.518964,0.697941,0.504777,0.061403
deepconvnet,cross_session,sub-005,,ses-01,ses-04,0,,75,19,99,1,0.505051,0.500000,0.335570,0.445306,0.695166,0.502012,0.052118
deepconvnet,cross_session,sub-005,,ses-01,ses-05,0,,75,19,89,1,0.471910,0.460313,0.393504,0.495956,0.697045,0.503837,0.053596
deepconvnet,cross_session,sub-005,,ses-02,ses-01,0,,80,20,94,24,0.531915,0.519274,0.478831,0.489569,6.650771,0.910607,0.458450
deepconvnet,cross_session,sub-005,,ses-02,ses-03,0,,80,20,93,24,0.548387,0.548797,0.547917,0.598751,2.883368,0.831623,0.419825
deepconvnet,cross_session,sub-005,,ses-02,ses-04,0,,80,20,99,24,0.515152,0.516327,0.509091,0.480408,1.902942,0.831851,0.405699
deepconvnet,cross_session,sub-005,,ses-02,ses-05,0,,80,20,89,24,0.550562,0.550051,0.550051,0.528817,2.322047,0.771360,0.350554
deepconvnet,cross_session,sub-005,,ses-03,ses-01,0,,74,19,94,9,0.489362,0.499320,0.465149,0.554649,0.813708,0.516126,0.087433
deepconvnet,cross_session,sub-005,,ses-03,ses-02,0,,74,19,100,9,0.390000,0.390000,0.304843,0.361200,0.699359,0.506208,0.123807
deepconvnet,cross_session,sub-005,,ses-03,ses-04,0,,74,19,99,9,0.525253,0.528980,0.452910,0.506531,0.694360,0.501202,0.082679
deepconvnet,cross_session,sub-005,,ses-03,ses-05,0,,74,19,89,9,0.573034,0.585440,0.514080,0.600607,0.683687,0.490887,0.083404
deepconvnet,cross_session,sub-005,,ses-04,ses-01,0,,79,20,94,1,0.553191,0.543311,0.522034,0.486168,1.357469,0.653844,0.216156
deepconvnet,cross_session,sub-005,,ses-04,ses-02,0,,79,20,100,1,0.470000,0.470000,0.374926,0.594400,0.751942,0.555315,0.251025
deepconvnet,cross_session,sub-005,,ses-04,ses-03,0,,79,20,93,1,0.440860,0.440796,0.440796,0.446346,0.831301,0.606323,0.226601
deepconvnet,cross_session,sub-005,,ses-04,ses-05,0,,79,20,89,1,0.516854,0.507583,0.471774,0.518200,0.914151,0.589657,0.165994
deepconvnet,cross_session,sub-005,,ses-05,ses-01,0,,71,18,94,40,0.521277,0.518141,0.516848,0.531066,2.218419,0.827342,0.401593
deepconvnet,cross_session,sub-005,,ses-05,ses-02,0,,71,18,100,40,0.570000,0.570000,0.517450,0.669200,0.941299,0.577913,0.227720
deepconvnet,cross_session,sub-005,,ses-05,ses-03,0,,71,18,93,40,0.397849,0.396855,0.392157,0.398705,2.667004,0.999684,0.490145
deepconvnet,cross_session,sub-005,,ses-05,ses-04,0,,71,18,99,40,0.515152,0.514898,0.514706,0.497959,1.606851,0.811192,0.383745
deepconvnet,cross_session,sub-006,,ses-01,ses-02,0,,74,19,94,7,0.712766,0.713768,0.712473,0.778080,1.111020,0.452068,0.198457
deepconvnet,cross_session,sub-006,,ses-01,ses-03,0,,74,19,95,7,0.484211,0.484043,0.483982,0.441933,2.945999,0.905443,0.444406
deepconvnet,cross_session,sub-006,,ses-01,ses-04,0,,74,19,92,7,0.815217,0.812057,0.810171,0.879905,0.757058,0.333526,0.154634
deepconvnet,cross_session,sub-006,,ses-01,ses-05,0,,74,19,95,7,0.684211,0.681899,0.681351,0.688554,1.717873,0.555698,0.264867
deepconvnet,cross_session,sub-006,,ses-02,ses-01,0,,75,19,93,4,0.623656,0.624306,0.623656,0.680093,1.648260,0.608937,0.300636
deepconvnet,cross_session,sub-006,,ses-02,ses-03,0,,75,19,95,4,0.505263,0.505098,0.505044,0.481826,1.776457,0.825685,0.387509
deepconvnet,cross_session,sub-006,,ses-02,ses-04,0,,75,19,92,4,0.619565,0.613475,0.583710,0.715839,1.505362,0.624692,0.311846
deepconvnet,cross_session,sub-006,,ses-02,ses-05,0,,75,19,95,4,0.568421,0.567657,0.567655,0.554126,1.686888,0.707165,0.301437
deepconvnet,cross_session,sub-006,,ses-03,ses-01,0,,76,19,93,7,0.473118,0.472917,0.472874,0.518981,2.336980,0.890618,0.449935
deepconvnet,cross_session,sub-006,,ses-03,ses-02,0,,76,19,94,7,0.819149,0.817029,0.816638,0.895380,0.452606,0.272031,0.113443
deepconvnet,cross_session,sub-006,,ses-03,ses-04,0,,76,19,92,7,0.543478,0.548463,0.520833,0.616076,2.038998,0.788963,0.397600
deepconvnet,cross_session,sub-006,,ses-03,ses-05,0,,76,19,95,7,0.505263,0.503106,0.501730,0.467613,1.810134,0.798010,0.359323
deepconvnet,cross_session,sub-006,,ses-04,ses-01,0,,73,19,93,26,0.505376,0.508333,0.502558,0.532407,4.838007,0.970203,0.494752
deepconvnet,cross_session,sub-006,,ses-04,ses-02,0,,73,19,94,26,0.872340,0.874094,0.871818,0.966938,0.391643,0.200107,0.096059
deepconvnet,cross_session,sub-006,,ses-04,ses-03,0,,73,19,95,26,0.515789,0.517730,0.499771,0.495567,2.888417,0.845378,0.398204
deepconvnet,cross_session,sub-006,,ses-04,ses-05,0,,73,19,95,26,0.610526,0.615129,0.604211,0.629991,3.072650,0.718117,0.352974
deepconvnet,cross_session,sub-006,,ses-05,ses-01,0,,76,19,93,12,0.451613,0.454167,0.449321,0.460880,5.249888,1.041732,0.528095
deepconvnet,cross_session,sub-006,,ses-05,ses-02,0,,76,19,94,12,0.531915,0.533062,0.531066,0.481431,2.932856,0.875148,0.443390
deepconvnet,cross_session,sub-006,,ses-05,ses-03,0,,76,19,95,12,0.568421,0.569592,0.563585,0.576241,1.992820,0.755692,0.354059
deepconvnet,cross_session,sub-006,,ses-05,ses-04,0,,76,19,92,12,0.467391,0.461229,0.417195,0.436879,2.560943,0.931409,0.463051
deepconvnet,cross_session,sub-007,,ses-01,ses-02,0,,80,20,100,1,0.510000,0.510000,0.432279,0.494400,0.737205,0.531714,0.098329
deepconvnet,cross_session,sub-007,,ses-01,ses-03,0,,80,20,96,1,0.552083,0.552083,0.513609,0.566840,0.875201,0.551762,0.130782
deepconvnet,cross_session,sub-007,,ses-01,ses-04,0,,80,20,92,1,0.478261,0.478261,0.340896,0.385633,1.294284,0.774733,0.359467
deepconvnet,cross_session,sub-007,,ses-01,ses-05,0,,80,20,100,1,0.500000,0.500000,0.463749,0.572400,0.700935,0.506244,0.124530
deepconvnet,cross_session,sub-007,,ses-02,ses-01,0,,80,20,100,7,0.410000,0.410000,0.407095,0.426400,0.774534,0.576080,0.216498
deepconvnet,cross_session,sub-007,,ses-02,ses-03,0,,80,20,96,7,0.437500,0.437500,0.425277,0.463108,1.007768,0.694892,0.301603
deepconvnet,cross_session,sub-007,,ses-02,ses-04,0,,80,20,92,7,0.467391,0.467391,0.465813,0.463138,1.186470,0.750391,0.321922
deepconvnet,cross_session,sub-007,,ses-02,ses-05,0,,80,20,100,7,0.390000,0.390000,0.385019,0.420400,1.017604,0.722601,0.347990
deepconvnet,cross_session,sub-007,,ses-03,ses-01,0,,76,20,100,5,0.560000,0.560000,0.485741,0.635600,0.687480,0.493436,0.115559
deepconvnet,cross_session,sub-007,,ses-03,ses-02,0,,76,20,100,5,0.470000,0.470000,0.362904,0.424400,0.796327,0.589958,0.188244
deepconvnet,cross_session,sub-007,,ses-03,ses-04,0,,76,20,92,5,0.489130,0.489130,0.478722,0.510397,1.353655,0.731879,0.334875
deepconvnet,cross_session,sub-007,,ses-03,ses-05,0,,76,20,100,5,0.640000,0.640000,0.639423,0.716800,0.616536,0.428349,0.094223
deepconvnet,cross_session,sub-007,,ses-04,ses-01,0,,73,19,100,13,0.580000,0.580000,0.562500,0.552000,0.821943,0.572295,0.174725
deepconvnet,cross_session,sub-007,,ses-04,ses-02,0,,73,19,100,13,0.470000,0.470000,0.374926,0.427600,1.040817,0.696518,0.285256
deepconvnet,cross_session,sub-007,,ses-04,ses-03,0,,73,19,96,13,0.552083,0.552083,0.524807,0.572483,1.086393,0.637128,0.258609
deepconvnet,cross_session,sub-007,,ses-04,ses-05,0,,73,19,100,13,0.630000,0.630000,0.605333,0.750800,0.817158,0.530526,0.246011
deepconvnet,cross_session,sub-007,,ses-05,ses-01,0,,80,20,100,4,0.490000,0.490000,0.470899,0.479200,1.299202,0.749058,0.339833
deepconvnet,cross_session,sub-007,,ses-05,ses-02,0,,80,20,100,4,0.490000,0.490000,0.427674,0.504400,1.383320,0.786502,0.373840
deepconvnet,cross_session,sub-007,,ses-05,ses-03,0,,80,20,96,4,0.520833,0.520833,0.515577,0.525174,1.191701,0.684779,0.281170
deepconvnet,cross_session,sub-007,,ses-05,ses-04,0,,80,20,92,4,0.608696,0.608696,0.605714,0.620038,1.541044,0.639492,0.297882
deepconvnet,cross_session,sub-008,,ses-01,ses-02,0,,80,20,94,7,0.531915,0.531915,0.461458,0.506338,5.058438,0.869643,0.434240
deepconvnet,cross_session,sub-008,,ses-01,ses-03,0,,80,20,89,7,0.528090,0.533081,0.415938,0.829293,4.932583,0.885611,0.453988
deepconvnet,cross_session,sub-008,,ses-01,ses-04,0,,80,20,96,7,0.520833,0.520833,0.518954,0.598524,1.159284,0.696375,0.338937
deepconvnet,cross_session,sub-008,,ses-01,ses-05,0,,80,20,100,7,0.500000,0.500000,0.486864,0.488000,1.427376,0.786580,0.358194
deepconvnet,cross_session,sub-008,,ses-02,ses-01,0,,75,19,100,55,0.510000,0.510000,0.410987,0.640800,0.685513,0.492396,0.108922
deepconvnet,cross_session,sub-008,,ses-02,ses-03,0,,75,19,89,55,0.719101,0.719697,0.718533,0.738384,0.699170,0.447681,0.146987
deepconvnet,cross_session,sub-008,,ses-02,ses-04,0,,75,19,96,55,0.562500,0.562500,0.542650,0.500000,0.710628,0.515187,0.119444
deepconvnet,cross_session,sub-008,,ses-02,ses-05,0,,75,19,100,55,0.530000,0.530000,0.503748,0.498400,0.700854,0.506863,0.057128
deepconvnet,cross_session,sub-008,,ses-03,ses-01,0,,71,18,100,58,0.500000,0.500000,0.333333,0.694000,1.217683,0.819855,0.410069
deepconvnet,cross_session,sub-008,,ses-03,ses-02,0,,71,18,94,58,0.425532,0.425532,0.408392,0.490267,1.928100,0.830898,0.419204
deepconvnet,cross_session,sub-008,,ses-03,ses-04,0,,71,18,96,58,0.500000,0.500000,0.333333,0.479167,1.272099,0.821985,0.399825
deepconvnet,cross_session,sub-008,,ses-03,ses-05,0,,71,18,100,58,0.500000,0.500000,0.333333,0.532800,1.322321,0.851003,0.419715
deepconvnet,cross_session,sub-008,,ses-04,ses-01,0,,76,20,100,1,0.540000,0.540000,0.524597,0.600400,0.680044,0.487014,0.055460
deepconvnet,cross_session,sub-008,,ses-04,ses-02,0,,76,20,94,1,0.478723,0.478723,0.323741,0.483929,1.865840,0.765576,0.354311
deepconvnet,cross_session,sub-008,,ses-04,ses-03,0,,76,20,89,1,0.494382,0.499747,0.349521,0.527273,1.408550,0.758861,0.378202
deepconvnet,cross_session,sub-008,,ses-04,ses-05,0,,76,20,100,1,0.500000,0.500000,0.494949,0.513600,0.694582,0.501658,0.048401
deepconvnet,cross_session,sub-008,,ses-05,ses-01,0,,80,20,100,1,0.500000,0.500000,0.333333,0.509600,0.716916,0.523048,0.108506
deepconvnet,cross_session,sub-008,,ses-05,ses-02,0,,80,20,94,1,0.500000,0.500000,0.333333,0.569941,2.195614,0.891586,0.441275
deepconvnet,cross_session,sub-008,,ses-05,ses-03,0,,80,20,89,1,0.505618,0.500000,0.335821,0.467172,1.991784,0.882142,0.434648
deepconvnet,cross_session,sub-008,,ses-05,ses-04,0,,80,20,96,1,0.520833,0.520833,0.507143,0.524740,0.720750,0.522497,0.059856
deepconvnet,cross_session,sub-009,,ses-01,ses-02,0,,78,20,100,1,0.500000,0.500000,0.333333,0.496800,0.711749,0.518129,0.098830
deepconvnet,cross_session,sub-009,,ses-01,ses-03,0,,78,20,100,1,0.500000,0.500000,0.365804,0.361600,0.732579,0.536402,0.137193
deepconvnet,cross_session,sub-009,,ses-01,ses-04,0,,78,20,96,1,0.510417,0.516957,0.501271,0.485652,1.077719,0.558995,0.174487
deepconvnet,cross_session,sub-009,,ses-01,ses-05,0,,78,20,99,1,0.484848,0.488980,0.384343,0.490612,0.780865,0.570796,0.153092
deepconvnet,cross_session,sub-009,,ses-02,ses-01,0,,80,20,98,2,0.500000,0.509583,0.366407,0.457083,1.050254,0.690788,0.275223
deepconvnet,cross_session,sub-009,,ses-02,ses-03,0,,80,20,100,2,0.480000,0.480000,0.453552,0.489600,0.794986,0.572824,0.141169
deepconvnet,cross_session,sub-009,,ses-02,ses-04,0,,80,20,96,2,0.531250,0.541304,0.507692,0.530000,1.232811,0.641658,0.222262
deepconvnet,cross_session,sub-009,,ses-02,ses-05,0,,80,20,99,2,0.494949,0.490204,0.347998,0.465306,1.038996,0.709475,0.302519
deepconvnet,cross_session,sub-009,,ses-03,ses-01,0,,80,20,98,30,0.551020,0.551667,0.550833,0.528750,1.878447,0.770783,0.373542
deepconvnet,cross_session,sub-009,,ses-03,ses-02,0,,80,20,100,30,0.520000,0.520000,0.519231,0.546000,0.930788,0.626505,0.234283
deepconvnet,cross_session,sub-009,,ses-03,ses-04,0,,80,20,96,30,0.468750,0.466522,0.465910,0.440870,1.726995,0.761925,0.327264
deepconvnet,cross_session,sub-009,,ses-03,ses-05,0,,80,20,99,30,0.646465,0.645714,0.644141,0.643673,1.711254,0.630999,0.277978
deepconvnet,cross_session,sub-009,,ses-04,ses-01,0,,76,20,98,18,0.530612,0.537500,0.474592,0.543750,0.695737,0.502275,0.028477
deepconvnet,cross_session,sub-009,,ses-04,ses-02,0,,76,20,100,18,0.500000,0.500000,0.392909,0.577600,0.690742,0.497599,0.043220
deepconvnet,cross_session,sub-009,,ses-04,ses-03,0,,76,20,100,18,0.490000,0.490000,0.360502,0.392400,0.703049,0.509801,0.076886
deepconvnet,cross_session,sub-009,,ses-04,ses-05,0,,76,20,99,18,0.505051,0.500612,0.383217,0.486531,0.696150,0.502949,0.024328
deepconvnet,cross_session,sub-009,,ses-05,ses-01,0,,79,20,98,2,0.438776,0.440000,0.437311,0.466250,0.709683,0.516246,0.123538
deepconvnet,cross_session,sub-009,,ses-05,ses-02,0,,79,20,100,2,0.520000,0.520000,0.500000,0.499200,0.691507,0.498417,0.029897
deepconvnet,cross_session,sub-009,,ses-05,ses-03,0,,79,20,100,2,0.500000,0.500000,0.442959,0.586000,0.675628,0.484262,0.101690
deepconvnet,cross_session,sub-009,,ses-05,ses-04,0,,79,20,96,2,0.416667,0.415652,0.415652,0.351304,1.010223,0.550381,0.141230
deepconvnet,cross_session,sub-010,,ses-01,ses-02,0,,71,18,94,4,0.510638,0.510638,0.508636,0.524219,0.842770,0.557959,0.140190
deepconvnet,cross_session,sub-010,,ses-01,ses-03,0,,71,18,100,4,0.500000,0.500000,0.494949,0.506000,0.751707,0.549298,0.133404
deepconvnet,cross_session,sub-010,,ses-01,ses-04,0,,71,18,100,4,0.460000,0.460000,0.456522,0.469600,0.715209,0.521504,0.116292
deepconvnet,cross_session,sub-010,,ses-01,ses-05,0,,71,18,97,4,0.556701,0.555697,0.551939,0.519133,0.896126,0.587592,0.176510
deepconvnet,cross_session,sub-010,,ses-02,ses-01,0,,75,19,89,5,0.483146,0.487867,0.475128,0.457533,0.731719,0.537180,0.133958
deepconvnet,cross_session,sub-010,,ses-02,ses-03,0,,75,19,100,5,0.490000,0.490000,0.466471,0.484000,0.724288,0.529185,0.096187
deepconvnet,cross_session,sub-010,,ses-02,ses-04,0,,75,19,100,5,0.530000,0.530000,0.455451,0.580400,0.689441,0.496160,0.071789
deepconvnet,cross_session,sub-010,,ses-02,ses-05,0,,75,19,97,5,0.556701,0.555272,0.547270,0.497449,0.992325,0.531848,0.130030
deepconvnet,cross_session,sub-010,,ses-03,ses-01,0,,80,20,89,2,0.460674,0.453236,0.428877,0.405966,0.737187,0.542489,0.144140
deepconvnet,cross_session,sub-010,,ses-03,ses-02,0,,80,20,94,2,0.478723,0.478723,0.445528,0.482571,0.758234,0.558739,0.147955
deepconvnet,cross_session,sub-010,,ses-03,ses-04,0,,80,20,100,2,0.510000,0.510000,0.355178,0.557600,0.716695,0.522527,0.120405
deepconvnet,cross_session,sub-010,,ses-03,ses-05,0,,80,20,97,2,0.494845,0.498087,0.441415,0.510204,1.027863,0.560653,0.135937
deepconvnet,cross_session,sub-010,,ses-04,ses-01,0,,80,20,89,4,0.584270,0.583418,0.583428,0.578362,0.867178,0.590182,0.208388
deepconvnet,cross_session,sub-010,,ses-04,ses-02,0,,80,20,94,4,0.510638,0.510638,0.470098,0.588275,1.494345,0.724300,0.356908
deepconvnet,cross_session,sub-010,,ses-04,ses-03,0,,80,20,100,4,0.550000,0.550000,0.533147,0.568000,1.148774,0.652732,0.273697
deepconvnet,cross_session,sub-010,,ses-04,ses-05,0,,80,20,97,4,0.577320,0.577381,0.577320,0.607568,1.291780,0.597363,0.236120
deepconvnet,cross_session,sub-010,,ses-05,ses-01,0,,77,20,89,1,0.516854,0.500000,0.340741,0.595551,0.691756,0.498615,0.051152
deepconvnet,cross_session,sub-010,,ses-05,ses-02,0,,77,20,94,1,0.500000,0.500000,0.351343,0.435944,0.698360,0.505197,0.106311
deepconvnet,cross_session,sub-010,,ses-05,ses-03,0,,77,20,100,1,0.500000,0.500000,0.333333,0.503600,0.695584,0.502431,0.036099
deepconvnet,cross_session,sub-010,,ses-05,ses-04,0,,77,20,100,1,0.500000,0.500000,0.333333,0.472400,0.696376,0.503218,0.056480
deepconvnet,cross_session,sub-011,,ses-01,ses-02,0,,80,20,94,1,0.478723,0.499093,0.340776,0.458957,1.693125,0.804604,0.377690
deepconvnet,cross_session,sub-011,,ses-01,ses-03,0,,80,20,100,1,0.510000,0.510000,0.355178,0.688800,0.752748,0.536293,0.187325
deepconvnet,cross_session,sub-011,,ses-01,ses-04,0,,80,20,100,1,0.500000,0.500000,0.333333,0.423200,0.775203,0.573820,0.203776
deepconvnet,cross_session,sub-011,,ses-01,ses-05,0,,80,20,100,1,0.560000,0.560000,0.522569,0.568800,0.691094,0.497834,0.061840
deepconvnet,cross_session,sub-011,,ses-02,ses-01,0,,75,19,100,15,0.500000,0.500000,0.379960,0.562800,0.877317,0.625489,0.258841
deepconvnet,cross_session,sub-011,,ses-02,ses-03,0,,75,19,100,15,0.530000,0.530000,0.464387,0.552000,1.059718,0.683208,0.315219
deepconvnet,cross_session,sub-011,,ses-02,ses-04,0,,75,19,100,15,0.490000,0.490000,0.418803,0.474400,1.086830,0.736078,0.376539
deepconvnet,cross_session,sub-011,,ses-02,ses-05,0,,75,19,100,15,0.560000,0.560000,0.528100,0.532400,1.166743,0.691458,0.329299
deepconvnet,cross_session,sub-011,,ses-03,ses-01,0,,80,20,100,13,0.500000,0.500000,0.463749,0.519600,0.792555,0.563975,0.175321
deepconvnet,cross_session,sub-011,,ses-03,ses-02,0,,80,20,94,13,0.489362,0.487528,0.487273,0.473016,2.652492,0.881363,0.444047
deepconvnet,cross_session,sub-011,,ses-03,ses-04,0,,80,20,100,13,0.420000,0.420000,0.419071,0.378000,1.280473,0.799244,0.345391
deepconvnet,cross_session,sub-011,,ses-03,ses-05,0,,80,20,100,13,0.510000,0.510000,0.498721,0.497600,1.119867,0.701349,0.281192
deepconvnet,cross_session,sub-011,,ses-04,ses-01,0,,80,20,100,1,0.550000,0.550000,0.547784,0.538000,0.693380,0.500162,0.073698
deepconvnet,cross_session,sub-011,,ses-04,ses-02,0,,80,20,94,1,0.457447,0.475964,0.344634,0.389116,1.042745,0.714167,0.277746
deepconvnet,cross_session,sub-011,,ses-04,ses-03,0,,80,20,100,1,0.490000,0.490000,0.360502,0.459200,0.750043,0.551811,0.140371
deepconvnet,cross_session,sub-011,,ses-04,ses-05,0,,80,20,100,1,0.530000,0.530000,0.480031,0.551200,0.692510,0.499197,0.048224
deepconvnet,cross_session,sub-011,,ses-05,ses-01,0,,80,20,100,3,0.480000,0.480000,0.478121,0.512000,0.722328,0.528831,0.144232
deepconvnet,cross_session,sub-011,,ses-05,ses-02,0,,80,20,94,3,0.563830,0.558957,0.555325,0.541497,0.993211,0.625271,0.259934
deepconvnet,cross_session,sub-011,,ses-05,ses-03,0,,80,20,100,3,0.570000,0.570000,0.569957,0.610400,0.697962,0.501268,0.109988
deepconvnet,cross_session,sub-011,,ses-05,ses-04,0,,80,20,100,3,0.600000,0.600000,0.600000,0.621200,0.681350,0.487258,0.087890
deepconvnet,cross_session,sub-012,,ses-01,ses-02,0,,80,20,91,16,0.483516,0.483333,0.483267,0.479227,1.136784,0.718384,0.349307
deepconvnet,cross_session,sub-012,,ses-01,ses-03,0,,80,20,97,16,0.505155,0.502551,0.469945,0.531463,0.899217,0.603701,0.248930
deepconvnet,cross_session,sub-012,,ses-01,ses-04,0,,80,20,87,16,0.528736,0.522222,0.507660,0.493651,1.389471,0.685079,0.291847
deepconvnet,cross_session,sub-012,,ses-01,ses-05,0,,80,20,83,16,0.421687,0.469858,0.363985,0.482861,0.949096,0.707719,0.324939
deepconvnet,cross_session,sub-012,,ses-02,ses-01,0,,72,19,100,1,0.470000,0.470000,0.434667,0.523200,0.693234,0.500078,0.046744
deepconvnet,cross_session,sub-012,,ses-02,ses-03,0,,72,19,97,1,0.453608,0.454294,0.451510,0.434099,0.700802,0.507641,0.071268
deepconvnet,cross_session,sub-012,,ses-02,ses-04,0,,72,19,87,1,0.459770,0.472222,0.386865,0.495767,0.785178,0.526185,0.169895
deepconvnet,cross_session,sub-012,,ses-02,ses-05,0,,72,19,83,1,0.518072,0.548463,0.505952,0.491726,0.694219,0.501260,0.043426
deepconvnet,cross_session,sub-012,,ses-03,ses-01,0,,77,20,100,1,0.500000,0.500000,0.333333,0.465600,0.868029,0.639535,0.253107
deepconvnet,cross_session,sub-012,,ses-03,ses-02,0,,77,20,91,1,0.505495,0.510870,0.354610,0.539614,0.968495,0.655555,0.279087
deepconvnet,cross_session,sub-012,,ses-03,ses-04,0,,77,20,87,1,0.505747,0.488889,0.335878,0.541270,1.240214,0.690620,0.308779
deepconvnet,cross_session,sub-012,,ses-03,ses-05,0,,77,20,83,1,0.493976,0.536939,0.459367,0.490544,0.862843,0.605047,0.163256
deepconvnet,cross_session,sub-012,,ses-04,ses-01,0,,69,18,100,6,0.490000,0.490000,0.345399,0.452000,0.706132,0.512754,0.061293
deepconvnet,cross_session,sub-012,,ses-04,ses-02,0,,69,18,91,6,0.505495,0.501449,0.425263,0.491304,0.704256,0.510628,0.083782
deepconvnet,cross_session,sub-012,,ses-04,ses-03,0,,69,18,97,6,0.525773,0.529549,0.454790,0.517432,0.699951,0.506787,0.086365
deepconvnet,cross_session,sub-012,,ses-04,ses-05,0,,69,18,83,6,0.566265,0.506501,0.407143,0.560284,0.679880,0.487490,0.040079
deepconvnet,cross_session,sub-012,,ses-05,ses-01,0,,66,17,100,1,0.500000,0.500000,0.333333,0.529600,0.787789,0.583921,0.203863
deepconvnet,cross_session,sub-012,,ses-05,ses-02,0,,66,17,91,1,0.505495,0.500000,0.335766,0.489372,0.829512,0.615251,0.251970
deepconvnet,cross_session,sub-012,,ses-05,ses-03,0,,66,17,97,1,0.505155,0.510204,0.353333,0.591412,0.786220,0.579095,0.213843
deepconvnet,cross_session,sub-012,,ses-05,ses-04,0,,66,17,87,1,0.482759,0.500000,0.325581,0.376720,1.217532,0.683134,0.266680
deepconvnet,cross_session,sub-013,,ses-01,ses-02,0,,80,20,94,4,0.521277,0.525397,0.518607,0.613605,1.959342,0.735928,0.388161
deepconvnet,cross_session,sub-013,,ses-01,ses-03,0,,80,20,100,4,0.950000,0.950000,0.949955,0.967200,0.294307,0.108772,0.054771
deepconvnet,cross_session,sub-013,,ses-01,ses-04,0,,80,20,95,4,0.610526,0.610470,0.610354,0.630435,0.825244,0.532511,0.221127
deepconvnet,cross_session,sub-013,,ses-01,ses-05,0,,80,20,100,4,0.570000,0.570000,0.517450,0.745200,0.849794,0.583315,0.255284
deepconvnet,cross_session,sub-013,,ses-02,ses-01,0,,75,19,100,1,0.670000,0.670000,0.660179,0.724800,0.642697,0.451253,0.084954
deepconvnet,cross_session,sub-013,,ses-02,ses-03,0,,75,19,100,1,0.810000,0.810000,0.807673,0.897200,0.553670,0.365708,0.208165
deepconvnet,cross_session,sub-013,,ses-02,ses-04,0,,75,19,95,1,0.557895,0.546806,0.488462,0.598935,0.678822,0.486120,0.111585
deepconvnet,cross_session,sub-013,,ses-02,ses-05,0,,75,19,100,1,0.490000,0.490000,0.374310,0.508400,0.710624,0.517124,0.097133
deepconvnet,cross_session,sub-013,,ses-03,ses-01,0,,80,20,100,2,0.690000,0.690000,0.665624,0.880000,0.691796,0.439667,0.182604
deepconvnet,cross_session,sub-013,,ses-03,ses-02,0,,80,20,94,2,0.531915,0.531973,0.531703,0.584580,1.444888,0.709814,0.326455
deepconvnet,cross_session,sub-013,,ses-03,ses-04,0,,80,20,95,2,0.494737,0.480923,0.364548,0.689885,0.849955,0.597300,0.288676
deepconvnet,cross_session,sub-013,,ses-03,ses-05,0,,80,20,100,2,0.510000,0.510000,0.371069,0.703600,1.152899,0.755778,0.382837
deepconvnet,cross_session,sub-013,,ses-04,ses-01,0,,76,19,100,4,0.660000,0.660000,0.631076,0.826400,0.761433,0.473933,0.195854
deepconvnet,cross_session,sub-013,,ses-04,ses-02,0,,76,19,94,4,0.574468,0.570975,0.569597,0.584580,1.264263,0.665384,0.304875
deepconvnet,cross_session,sub-013,,ses-04,ses-03,0,,76,19,100,4,0.720000,0.720000,0.699700,0.954400,0.548859,0.366992,0.150290
deepconvnet,cross_session,sub-013,,ses-04,ses-05,0,,76,19,100,4,0.680000,0.680000,0.660441,0.863600,0.576564,0.406660,0.159494
deepconvnet,cross_session,sub-013,,ses-05,ses-01,0,,80,20,100,4,0.680000,0.680000,0.676768,0.788400,1.247294,0.493379,0.231906
deepconvnet,cross_session,sub-013,,ses-05,ses-02,0,,80,20,94,4,0.574468,0.578231,0.572727,0.613379,2.433984,0.780292,0.380205
deepconvnet,cross_session,sub-013,,ses-05,ses-03,0,,80,20,100,4,0.840000,0.840000,0.837662,0.929800,0.811320,0.274748,0.129083
deepconvnet,cross_session,sub-013,,ses-05,ses-04,0,,80,20,95,4,0.694737,0.698758,0.691317,0.748891,1.150668,0.487979,0.215122
deepconvnet,cross_session,sub-014,,ses-01,ses-02,0,,80,20,95,2,0.526316,0.530142,0.456729,0.466755,0.723932,0.528815,0.140225
deepconvnet,cross_session,sub-014,,ses-01,ses-03,0,,80,20,92,2,0.467391,0.484338,0.438115,0.424300,0.749411,0.553451,0.166517
deepconvnet,cross_session,sub-014,,ses-01,ses-04,0,,80,20,92,2,0.489130,0.500000,0.328467,0.514421,0.732116,0.537338,0.133202
deepconvnet,cross_session,sub-014,,ses-01,ses-05,0,,80,20,100,2,0.510000,0.510000,0.432279,0.496000,0.724067,0.528400,0.110456
deepconvnet,cross_session,sub-014,,ses-02,ses-01,0,,76,19,100,2,0.530000,0.530000,0.455451,0.538800,0.722513,0.525510,0.152004
deepconvnet,cross_session,sub-014,,ses-02,ses-03,0,,76,19,92,2,0.478261,0.491694,0.461988,0.503560,0.754666,0.553880,0.164178
deepconvnet,cross_session,sub-014,,ses-02,ses-04,0,,76,19,92,2,0.652174,0.656738,0.638329,0.709220,0.664631,0.471828,0.110245
deepconvnet,cross_session,sub-014,,ses-02,ses-05,0,,76,19,100,2,0.470000,0.470000,0.396011,0.448800,0.736991,0.540165,0.123541
deepconvnet,cross_session,sub-014,,ses-03,ses-01,0,,73,19,100,1,0.520000,0.520000,0.510404,0.498800,0.729090,0.530329,0.070699
deepconvnet,cross_session,sub-014,,ses-03,ses-02,0,,73,19,95,1,0.484211,0.481605,0.449047,0.437500,0.739921,0.543021,0.110533
deepconvnet,cross_session,sub-014,,ses-03,ses-04,0,,73,19,92,1,0.532609,0.522222,0.385619,0.644444,0.693903,0.500709,0.118009
deepconvnet,cross_session,sub-014,,ses-03,ses-05,0,,73,19,100,1,0.620000,0.620000,0.619848,0.692400,0.645638,0.453555,0.100843
deepconvnet,cross_session,sub-014,,ses-04,ses-01,0,,73,19,100,2,0.540000,0.540000,0.511885,0.626400,1.065776,0.655755,0.292006
deepconvnet,cross_session,sub-014,,ses-04,ses-02,0,,73,19,95,2,0.536842,0.538564,0.525000,0.548316,0.959174,0.641935,0.256384
deepconvnet,cross_session,sub-014,,ses-04,ses-03,0,,73,19,92,2,0.478261,0.488847,0.469231,0.525392,1.111578,0.729688,0.352272
deepconvnet,cross_session,sub-014,,ses-04,ses-05,0,,73,19,100,2,0.470000,0.470000,0.454227,0.506400,0.954689,0.674458,0.300818
deepconvnet,cross_session,sub-014,,ses-05,ses-01,0,,80,20,100,19,0.500000,0.500000,0.492695,0.525200,1.181946,0.690462,0.299950
deepconvnet,cross_session,sub-014,,ses-05,ses-02,0,,80,20,95,19,0.442105,0.442376,0.441858,0.423316,1.938899,0.922455,0.470949
deepconvnet,cross_session,sub-014,,ses-05,ses-03,0,,80,20,92,19,0.554348,0.547461,0.545268,0.625534,0.997397,0.608974,0.276132
deepconvnet,cross_session,sub-014,,ses-05,ses-04,0,,80,20,92,19,0.532609,0.525059,0.463593,0.496927,1.072554,0.710931,0.314494
deepconvnet,cross_session,sub-015,,ses-01,ses-02,0,,80,20,95,4,0.536842,0.539450,0.508004,0.556738,0.754160,0.544781,0.127930
deepconvnet,cross_session,sub-015,,ses-01,ses-03,0,,80,20,85,4,0.411765,0.448718,0.291667,0.443144,0.786961,0.587559,0.226654
deepconvnet,cross_session,sub-015,,ses-01,ses-04,0,,80,20,95,4,0.536842,0.539450,0.508004,0.556738,0.754160,0.544781,0.127930
deepconvnet,cross_session,sub-015,,ses-01,ses-05,0,,80,20,98,4,0.489796,0.492917,0.479167,0.495833,0.771934,0.568087,0.143875
deepconvnet,cross_session,sub-015,,ses-02,ses-01,0,,76,19,100,2,0.610000,0.610000,0.601023,0.622400,0.693389,0.497556,0.143747
deepconvnet,cross_session,sub-015,,ses-02,ses-03,0,,76,19,85,2,0.470588,0.505017,0.383164,0.403567,0.819596,0.612652,0.229962
deepconvnet,cross_session,sub-015,,ses-02,ses-04,0,,76,19,95,2,0.673684,0.675975,0.658551,0.815160,0.567822,0.388842,0.105018
deepconvnet,cross_session,sub-015,,ses-02,ses-05,0,,76,19,98,2,0.510204,0.510833,0.510000,0.531667,0.737823,0.535438,0.130478
deepconvnet,cross_session,sub-015,,ses-03,ses-01,0,,68,17,100,1,0.540000,0.540000,0.516604,0.555200,0.689906,0.497188,0.073769
deepconvnet,cross_session,sub-015,,ses-03,ses-02,0,,68,17,95,1,0.505263,0.501773,0.441945,0.541667,0.711322,0.516346,0.062384
deepconvnet,cross_session,sub-015,,ses-03,ses-04,0,,68,17,95,1,0.505263,0.501773,0.441945,0.541667,0.711322,0.516346,0.062384
deepconvnet,cross_session,sub-015,,ses-03,ses-05,0,,68,17,98,1,0.510204,0.500417,0.355616,0.512500,0.713468,0.519230,0.110824
deepconvnet,cross_session,sub-015,,ses-04,ses-01,0,,76,19,100,2,0.610000,0.610000,0.601023,0.622400,0.693389,0.497556,0.143747
deepconvnet,cross_session,sub-015,,ses-04,ses-02,0,,76,19,95,2,0.673684,0.675975,0.658551,0.815160,0.567822,0.388842,0.105018
deepconvnet,cross_session,sub-015,,ses-04,ses-03,0,,76,19,85,2,0.470588,0.505017,0.383164,0.403567,0.819596,0.612652,0.229962
deepconvnet,cross_session,sub-015,,ses-04,ses-05,0,,76,19,98,2,0.510204,0.510833,0.510000,0.531667,0.737823,0.535438,0.130478
deepconvnet,cross_session,sub-015,,ses-05,ses-01,0,,78,20,100,3,0.500000,0.500000,0.463749,0.424400,0.752011,0.553008,0.143311
deepconvnet,cross_session,sub-015,,ses-05,ses-02,0,,78,20,95,3,0.536842,0.540115,0.489247,0.496011,0.719692,0.523290,0.085970
deepconvnet,cross_session,sub-015,,ses-05,ses-03,0,,78,20,85,3,0.529412,0.551561,0.504662,0.505574,0.756690,0.554746,0.146230
deepconvnet,cross_session,sub-015,,ses-05,ses-04,0,,78,20,95,3,0.536842,0.540115,0.489247,0.496011,0.719692,0.523290,0.085970
deepconvnet,cross_session,sub-016,,ses-01,ses-02,0,,80,20,100,2,0.540000,0.540000,0.524597,0.575600,0.706035,0.503752,0.128787
deepconvnet,cross_session,sub-016,,ses-01,ses-03,0,,80,20,100,2,0.410000,0.410000,0.392442,0.380400,1.047630,0.589143,0.198128
deepconvnet,cross_session,sub-016,,ses-01,ses-04,0,,80,20,95,2,0.494737,0.496011,0.487871,0.466755,0.727964,0.531907,0.156675
deepconvnet,cross_session,sub-016,,ses-01,ses-05,0,,80,20,91,2,0.527473,0.512089,0.383294,0.523694,1.137628,0.688882,0.293114
deepconvnet,cross_session,sub-016,,ses-02,ses-01,0,,80,20,100,1,0.510000,0.510000,0.355178,0.603600,0.719447,0.523856,0.128038
deepconvnet,cross_session,sub-016,,ses-02,ses-03,0,,80,20,100,1,0.480000,0.480000,0.368626,0.525600,0.994223,0.546381,0.154883
deepconvnet,cross_session,sub-016,,ses-02,ses-04,0,,80,20,95,1,0.505263,0.500222,0.353741,0.535018,0.743155,0.543469,0.143766
deepconvnet,cross_session,sub-016,,ses-02,ses-05,0,,80,20,91,1,0.483516,0.499275,0.343716,0.631528,1.021911,0.716780,0.361728
deepconvnet,cross_session,sub-016,,ses-03,ses-01,0,,80,20,100,3,0.490000,0.490000,0.398514,0.530800,0.877580,0.639920,0.276832
deepconvnet,cross_session,sub-016,,ses-03,ses-02,0,,80,20,100,3,0.600000,0.600000,0.532492,0.723600,0.848653,0.574153,0.240268
deepconvnet,cross_session,sub-016,,ses-03,ses-04,0,,80,20,95,3,0.610526,0.613697,0.573474,0.619238,0.852568,0.576895,0.236094
deepconvnet,cross_session,sub-016,,ses-03,ses-05,0,,80,20,91,3,0.527473,0.538926,0.469855,0.638540,1.526465,0.687610,0.306200
deepconvnet,cross_session,sub-016,,ses-04,ses-01,0,,76,19,100,1,0.570000,0.570000,0.566489,0.553600,0.703671,0.509659,0.129378
deepconvnet,cross_session,sub-016,,ses-04,ses-02,0,,76,19,100,1,0.520000,0.520000,0.518266,0.528800,0.713981,0.517444,0.082389
deepconvnet,cross_session,sub-016,,ses-04,ses-03,0,,76,19,100,1,0.620000,0.620000,0.619391,0.664800,0.643864,0.455473,0.032559
deepconvnet,cross_session,sub-016,,ses-04,ses-05,0,,76,19,91,1,0.582418,0.593569,0.535215,0.724371,0.740803,0.502691,0.140058
deepconvnet,cross_session,sub-016,,ses-05,ses-01,0,,72,19,100,2,0.500000,0.500000,0.333333,0.557200,0.748920,0.550369,0.163551
deepconvnet,cross_session,sub-016,,ses-05,ses-02,0,,72,19,100,2,0.530000,0.530000,0.396740,0.550000,0.718219,0.522815,0.155631
deepconvnet,cross_session,sub-016,,ses-05,ses-03,0,,72,19,100,2,0.550000,0.550000,0.447921,0.678000,0.668954,0.477312,0.105884
deepconvnet,cross_session,sub-016,,ses-05,ses-04,0,,72,19,95,2,0.494737,0.499778,0.348571,0.612589,0.711500,0.517974,0.150314
deepconvnet,cross_session,sub-017,,ses-01,ses-02,0,,80,20,100,17,0.410000,0.410000,0.402774,0.330000,3.711131,1.076290,0.551098
deepconvnet,cross_session,sub-017,,ses-01,ses-03,0,,80,20,98,17,0.602041,0.594583,0.535883,0.592917,4.544315,0.783898,0.391696
deepconvnet,cross_session,sub-017,,ses-01,ses-04,0,,80,20,100,17,0.550000,0.550000,0.508680,0.532800,3.300174,0.792800,0.392449
deepconvnet,cross_session,sub-017,,ses-01,ses-05,0,,80,20,95,17,0.505263,0.505319,0.505263,0.477837,4.596741,0.940398,0.458770
deepconvnet,cross_session,sub-017,,ses-02,ses-01,0,,80,20,100,1,0.500000,0.500000,0.434645,0.416800,0.712458,0.518953,0.116150
deepconvnet,cross_session,sub-017,,ses-02,ses-03,0,,80,20,98,1,0.520408,0.512500,0.430162,0.560833,0.734185,0.534467,0.162596
deepconvnet,cross_session,sub-017,,ses-02,ses-04,0,,80,20,100,1,0.520000,0.520000,0.457259,0.561200,0.704990,0.510996,0.113260
deepconvnet,cross_session,sub-017,,ses-02,ses-05,0,,80,20,95,1,0.452632,0.453679,0.447674,0.429965,0.732761,0.532904,0.105405
deepconvnet,cross_session,sub-017,,ses-03,ses-01,0,,78,20,100,3,0.500000,0.500000,0.333333,0.411200,0.730559,0.536033,0.128210
deepconvnet,cross_session,sub-017,,ses-03,ses-02,0,,78,20,100,3,0.500000,0.500000,0.333333,0.540400,0.722327,0.528240,0.130786
deepconvnet,cross_session,sub-017,,ses-03,ses-04,0,,78,20,100,3,0.500000,0.500000,0.333333,0.483200,0.719973,0.526273,0.134532
deepconvnet,cross_session,sub-017,,ses-03,ses-05,0,,78,20,95,3,0.515789,0.520612,0.391026,0.555408,0.729169,0.532644,0.113785
deepconvnet,cross_session,sub-017,,ses-04,ses-01,0,,80,20,100,2,0.490000,0.490000,0.328859,0.516400,0.704646,0.511353,0.079999
deepconvnet,cross_session,sub-017,,ses-04,ses-02,0,,80,20,100,2,0.500000,0.500000,0.469440,0.545600,0.692362,0.499173,0.061507
deepconvnet,cross_session,sub-017,,ses-04,ses-03,0,,80,20,98,2,0.479592,0.485417,0.436845,0.464583,0.845798,0.613386,0.210901
deepconvnet,cross_session,sub-017,,ses-04,ses-05,0,,80,20,95,2,0.368421,0.367243,0.359838,0.335993,0.784195,0.560065,0.183208
deepconvnet,cross_session,sub-017,,ses-05,ses-01,0,,76,19,100,33,0.520000,0.520000,0.391172,0.420000,1.473666,0.833498,0.380732
deepconvnet,cross_session,sub-017,,ses-05,ses-02,0,,76,19,100,33,0.450000,0.450000,0.448622,0.504400,1.768370,0.839173,0.433707
deepconvnet,cross_session,sub-017,,ses-05,ses-03,0,,76,19,98,33,0.540816,0.537500,0.526570,0.509375,2.735176,0.828039,0.398287
deepconvnet,cross_session,sub-017,,ses-05,ses-04,0,,76,19,100,33,0.430000,0.430000,0.416880,0.405200,1.931734,0.918506,0.423770
deepconvnet,cross_session,sub-018,,ses-01,ses-02,0,,75,19,100,3,0.470000,0.470000,0.405229,0.516400,1.198825,0.733322,0.352603
deepconvnet,cross_session,sub-018,,ses-01,ses-03,0,,75,19,100,3,0.300000,0.300000,0.292929,0.291600,1.202284,0.868081,0.445049
deepconvnet,cross_session,sub-018,,ses-01,ses-04,0,,75,19,100,3,0.470000,0.470000,0.450150,0.348000,1.242107,0.789190,0.323364
deepconvnet,cross_session,sub-018,,ses-01,ses-05,0,,75,19,100,3,0.500000,0.500000,0.457465,0.450400,1.040671,0.666128,0.223681
deepconvnet,cross_session,sub-018,,ses-02,ses-01,0,,80,20,94,5,0.553191,0.557971,0.532006,0.584239,0.681872,0.490177,0.046231
deepconvnet,cross_session,sub-018,,ses-02,ses-03,0,,80,20,100,5,0.580000,0.580000,0.571603,0.595200,0.705350,0.502458,0.131413
deepconvnet,cross_session,sub-018,,ses-02,ses-04,0,,80,20,100,5,0.510000,0.510000,0.491649,0.538800,0.740498,0.533277,0.107780
deepconvnet,cross_session,sub-018,,ses-02,ses-05,0,,80,20,100,5,0.530000,0.530000,0.493043,0.700000,0.656887,0.473472,0.179844
deepconvnet,cross_session,sub-018,,ses-03,ses-01,0,,80,20,94,2,0.468085,0.469656,0.465909,0.438859,0.730669,0.535789,0.164424
deepconvnet,cross_session,sub-018,,ses-03,ses-02,0,,80,20,100,2,0.540000,0.540000,0.479873,0.626800,0.866141,0.593145,0.230391
deepconvnet,cross_session,sub-018,,ses-03,ses-04,0,,80,20,100,2,0.650000,0.650000,0.649965,0.710000,0.634450,0.441505,0.074660
deepconvnet,cross_session,sub-018,,ses-03,ses-05,0,,80,20,100,2,0.460000,0.460000,0.456522,0.467200,0.775264,0.572981,0.177373
deepconvnet,cross_session,sub-018,,ses-04,ses-01,0,,80,20,94,1,0.393617,0.398551,0.361763,0.330616,0.741476,0.547116,0.161124
deepconvnet,cross_session,sub-018,,ses-04,ses-02,0,,80,20,100,1,0.510000,0.510000,0.385580,0.442000,0.866162,0.632242,0.226790
deepconvnet,cross_session,sub-018,,ses-04,ses-03,0,,80,20,100,1,0.550000,0.550000,0.546325,0.609200,0.668222,0.476644,0.048097
deepconvnet,cross_session,sub-018,,ses-04,ses-05,0,,80,20,100,1,0.480000,0.480000,0.368626,0.525600,0.994223,0.546381,0.154883
deepconvnet,cross_session,sub-018,,ses-05,ses-01,0,,80,20,94,3,0.510638,0.500000,0.338028,0.446558,1.214619,0.800162,0.385407
deepconvnet,cross_session,sub-018,,ses-05,ses-02,0,,80,20,100,3,0.690000,0.690000,0.687468,0.734800,0.680488,0.434391,0.124950
deepconvnet,cross_session,sub-018,,ses-05,ses-03,0,,80,20,100,3,0.570000,0.570000,0.483111,0.728400,1.144742,0.683833,0.329462
deepconvnet,cross_session,sub-018,,ses-05,ses-04,0,,80,20,100,3,0.600000,0.600000,0.532492,0.723600,0.848653,0.574153,0.240268
deepconvnet,cross_session,sub-019,,ses-01,ses-02,0,,76,19,95,6,0.526316,0.526596,0.526106,0.564273,0.689997,0.497282,0.082710
deepconvnet,cross_session,sub-019,,ses-01,ses-03,0,,76,19,94,6,0.585106,0.576644,0.563311,0.663039,0.664785,0.473023,0.064795
deepconvnet,cross_session,sub-019,,ses-01,ses-04,0,,76,19,92,6,0.532609,0.529314,0.519845,0.500709,0.714768,0.520794,0.099805
deepconvnet,cross_session,sub-019,,ses-01,ses-05,0,,76,19,93,6,0.537634,0.547310,0.526914,0.577458,0.781217,0.557539,0.184054
deepconvnet,cross_session,sub-019,,ses-02,ses-01,0,,76,19,95,1,0.473684,0.470497,0.466532,0.494676,0.760961,0.561405,0.175756
deepconvnet,cross_session,sub-019,,ses-02,ses-03,0,,76,19,94,1,0.734043,0.734921,0.734012,0.756009,0.630021,0.438166,0.158983
deepconvnet,cross_session,sub-019,,ses-02,ses-04,0,,76,19,92,1,0.565217,0.572577,0.513485,0.591489,0.694740,0.499705,0.080925
deepconvnet,cross_session,sub-019,,ses-02,ses-05,0,,76,19,93,1,0.569892,0.561688,0.555024,0.605751,0.701010,0.507745,0.123136
deepconvnet,cross_session,sub-019,,ses-03,ses-01,0,,75,19,95,3,0.494737,0.488243,0.468779,0.571429,1.194698,0.696131,0.339138
deepconvnet,cross_session,sub-019,,ses-03,ses-02,0,,75,19,95,3,0.578947,0.578014,0.575134,0.638741,0.730321,0.511410,0.186326
deepconvnet,cross_session,sub-019,,ses-03,ses-04,0,,75,19,92,3,0.543478,0.546572,0.535577,0.623168,0.778463,0.532905,0.194180
deepconvnet,cross_session,sub-019,,ses-03,ses-05,0,,75,19,93,3,0.698925,0.701531,0.698890,0.806122,0.649444,0.414968,0.164771
deepconvnet,cross_session,sub-019,,ses-04,ses-01,0,,73,19,95,1,0.484211,0.500000,0.326241,0.543922,1.462549,0.872451,0.434317
deepconvnet,cross_session,sub-019,,ses-04,ses-02,0,,73,19,95,1,0.442105,0.446587,0.321886,0.455230,0.812739,0.600675,0.227654
deepconvnet,cross_session,sub-019,,ses-04,ses-03,0,,73,19,94,1,0.521277,0.500000,0.342657,0.541497,1.124258,0.735098,0.351327
deepconvnet,cross_session,sub-019,,ses-04,ses-05,0,,73,19,93,1,0.473118,0.500000,0.321168,0.595547,1.249355,0.792471,0.397655
deepconvnet,cross_session,sub-019,,ses-05,ses-01,0,,74,19,95,3,0.568421,0.571650,0.565339,0.526176,0.957294,0.620994,0.213562
deepconvnet,cross_session,sub-019,,ses-05,ses-02,0,,74,19,95,3,0.547368,0.551862,0.449832,0.630762,0.783073,0.573809,0.245980
deepconvnet,cross_session,sub-019,,ses-05,ses-03,0,,74,19,94,3,0.723404,0.713832,0.704116,0.873469,0.541113,0.366311,0.104782
deepconvnet,cross_session,sub-019,,ses-05,ses-04,0,,74,19,92,3,0.521739,0.530496,0.435268,0.641135,0.882450,0.624688,0.266581
deepconvnet,cross_session,sub-020,,ses-01,ses-02,0,,71,18,100,5,0.800000,0.800000,0.791667,0.984400,0.426430,0.262350,0.169180
deepconvnet,cross_session,sub-020,,ses-01,ses-03,0,,71,18,100,5,0.500000,0.500000,0.479167,0.468400,0.879263,0.641165,0.273306
deepconvnet,cross_session,sub-020,,ses-01,ses-04,0,,71,18,100,5,0.930000,0.930000,0.929655,0.997200,0.225273,0.112544,0.117555
deepconvnet,cross_session,sub-020,,ses-01,ses-05,0,,71,18,100,5,0.900000,0.900000,0.898990,0.976800,0.316339,0.179710,0.115656
deepconvnet,cross_session,sub-020,,ses-02,ses-01,0,,80,20,89,3,0.629213,0.626263,0.600136,0.774242,0.878373,0.503219,0.197690
deepconvnet,cross_session,sub-020,,ses-02,ses-03,0,,80,20,100,3,0.470000,0.470000,0.469947,0.486200,6.599823,1.051578,0.527293
deepconvnet,cross_session,sub-020,,ses-02,ses-04,0,,80,20,100,3,0.810000,0.810000,0.804346,0.981600,0.378155,0.251918,0.084527
deepconvnet,cross_session,sub-020,,ses-02,ses-05,0,,80,20,100,3,0.910000,0.910000,0.909557,0.982800,0.263163,0.161298,0.081966
deepconvnet,cross_session,sub-020,,ses-03,ses-01,0,,80,20,89,2,0.483146,0.481061,0.463574,0.513131,0.769552,0.550348,0.132161
deepconvnet,cross_session,sub-020,,ses-03,ses-02,0,,80,20,100,2,0.450000,0.450000,0.447292,0.455200,0.722570,0.527917,0.116105
deepconvnet,cross_session,sub-020,,ses-03,ses-04,0,,80,20,100,2,0.510000,0.510000,0.355178,0.836800,0.669506,0.478209,0.200436
deepconvnet,cross_session,sub-020,,ses-03,ses-05,0,,80,20,100,2,0.500000,0.500000,0.333333,0.854400,0.682252,0.491541,0.254163
deepconvnet,cross_session,sub-020,,ses-04,ses-01,0,,80,20,89,4,0.808989,0.808333,0.808117,0.926768,1.017234,0.321168,0.174734
deepconvnet,cross_session,sub-020,,ses-04,ses-02,0,,80,20,100,4,0.960000,0.960000,0.959984,0.993600,0.129435,0.067937,0.012958
deepconvnet,cross_session,sub-020,,ses-04,ses-03,0,,80,20,100,4,0.460000,0.460000,0.459784,0.480800,3.734844,1.004832,0.503610
deepconvnet,cross_session,sub-020,,ses-04,ses-05,0,,80,20,100,4,0.960000,0.960000,0.959936,0.999600,0.118492,0.065845,0.034722
deepconvnet,cross_session,sub-020,,ses-05,ses-01,0,,80,20,89,5,0.775281,0.776263,0.773882,0.868182,0.922774,0.395619,0.193180
deepconvnet,cross_session,sub-020,,ses-05,ses-02,0,,80,20,100,5,0.980000,0.980000,0.979992,0.982400,0.141774,0.030280,0.020670
deepconvnet,cross_session,sub-020,,ses-05,ses-03,0,,80,20,100,5,0.460000,0.460000,0.459784,0.472400,4.548020,1.052238,0.537096
deepconvnet,cross_session,sub-020,,ses-05,ses-04,0,,80,20,100,5,0.880000,0.880000,0.878247,0.998800,0.372799,0.209109,0.096546
deepconvnet,cross_session,sub-021,,ses-01,ses-02,0,,75,19,99,2,0.636364,0.637551,0.631818,0.643673,0.768164,0.531795,0.239862
deepconvnet,cross_session,sub-021,,ses-01,ses-03,0,,75,19,93,2,0.666667,0.663506,0.633439,0.867253,0.569502,0.391773,0.110099
deepconvnet,cross_session,sub-021,,ses-01,ses-04,0,,75,19,100,2,0.570000,0.570000,0.567883,0.610400,0.875290,0.576949,0.205569
deepconvnet,cross_session,sub-021,,ses-01,ses-05,0,,75,19,96,2,0.708333,0.703865,0.692167,0.798958,0.573580,0.386440,0.062991
deepconvnet,cross_session,sub-021,,ses-02,ses-01,0,,79,20,94,3,0.659574,0.659574,0.653935,0.798099,0.570201,0.388899,0.092354
deepconvnet,cross_session,sub-021,,ses-02,ses-03,0,,79,20,93,3,0.688172,0.685708,0.669688,0.785846,0.603440,0.414670,0.097091
deepconvnet,cross_session,sub-021,,ses-02,ses-04,0,,79,20,100,3,0.580000,0.580000,0.558638,0.635200,0.734026,0.515180,0.184237
deepconvnet,cross_session,sub-021,,ses-02,ses-05,0,,79,20,96,3,0.750000,0.748589,0.748252,0.808076,0.592858,0.402038,0.154313
deepconvnet,cross_session,sub-021,,ses-03,ses-01,0,,74,19,94,2,0.563830,0.563830,0.493628,0.725215,0.934155,0.584324,0.242351
deepconvnet,cross_session,sub-021,,ses-03,ses-02,0,,74,19,99,2,0.505051,0.510000,0.352941,0.613061,1.373598,0.759216,0.375610
deepconvnet,cross_session,sub-021,,ses-03,ses-04,0,,74,19,100,2,0.500000,0.500000,0.333333,0.702800,2.424905,0.959226,0.488814
deepconvnet,cross_session,sub-021,,ses-03,ses-05,0,,74,19,96,2,0.614583,0.613330,0.612523,0.714286,0.624839,0.432830,0.118325
deepconvnet,cross_session,sub-021,,ses-04,ses-01,0,,80,20,94,4,0.755319,0.755319,0.753055,0.837483,0.525796,0.339086,0.103111
deepconvnet,cross_session,sub-021,,ses-04,ses-02,0,,80,20,99,4,0.616162,0.616939,0.614233,0.675510,0.679119,0.482867,0.140082
deepconvnet,cross_session,sub-021,,ses-04,ses-03,0,,80,20,93,4,0.838710,0.838807,0.838710,0.906568,0.452190,0.276590,0.161379
deepconvnet,cross_session,sub-021,,ses-04,ses-05,0,,80,20,96,4,0.750000,0.751628,0.749020,0.873643,0.481819,0.312096,0.136733
deepconvnet,cross_session,sub-021,,ses-05,ses-01,0,,76,20,94,2,0.744681,0.744681,0.732575,0.847895,0.571079,0.371221,0.081807
deepconvnet,cross_session,sub-021,,ses-05,ses-02,0,,76,20,99,2,0.585859,0.588776,0.549850,0.657959,0.941781,0.600828,0.255408
deepconvnet,cross_session,sub-021,,ses-05,ses-03,0,,76,20,93,2,0.817204,0.818224,0.815842,0.872340,0.498318,0.318022,0.134962
deepconvnet,cross_session,sub-021,,ses-05,ses-04,0,,76,20,100,2,0.530000,0.530000,0.396740,0.783600,1.660883,0.832855,0.435474
deepconvnet,cross_session,sub-022,,ses-01,ses-02,0,,69,18,100,2,0.580000,0.580000,0.517463,0.654400,0.674805,0.481433,0.063794
deepconvnet,cross_session,sub-022,,ses-01,ses-03,0,,69,18,100,2,0.540000,0.540000,0.535354,0.501600,0.727448,0.529207,0.091856
deepconvnet,cross_session,sub-022,,ses-01,ses-04,0,,69,18,100,2,0.420000,0.420000,0.333640,0.313200,0.784943,0.586917,0.239704
deepconvnet,cross_session,sub-022,,ses-01,ses-05,0,,69,18,93,2,0.526882,0.527778,0.526827,0.545833,0.737390,0.529865,0.146728
deepconvnet,cross_session,sub-022,,ses-02,ses-01,0,,80,20,87,1,0.551724,0.550740,0.547901,0.544397,0.692939,0.499651,0.049404
deepconvnet,cross_session,sub-022,,ses-02,ses-03,0,,80,20,100,1,0.510000,0.510000,0.385580,0.507600,0.724297,0.529328,0.147380
deepconvnet,cross_session,sub-022,,ses-02,ses-04,0,,80,20,100,1,0.500000,0.500000,0.333333,0.794800,0.706851,0.514577,0.198780
deepconvnet,cross_session,sub-022,,ses-02,ses-05,0,,80,20,93,1,0.537634,0.532639,0.523532,0.613426,0.704288,0.501809,0.155044
deepconvnet,cross_session,sub-022,,ses-03,ses-01,0,,80,20,87,4,0.459770,0.458774,0.455163,0.416490,0.716397,0.522882,0.080320
deepconvnet,cross_session,sub-022,,ses-03,ses-02,0,,80,20,100,4,0.520000,0.520000,0.518266,0.574800,0.686169,0.492950,0.053676
deepconvnet,cross_session,sub-022,,ses-03,ses-04,0,,80,20,100,4,0.470000,0.470000,0.454227,0.481200,0.787078,0.580137,0.177794
deepconvnet,cross_session,sub-022,,ses-03,ses-05,0,,80,20,93,4,0.516129,0.509722,0.492666,0.517130,0.721972,0.522630,0.089962
deepconvnet,cross_session,sub-022,,ses-04,ses-01,0,,80,20,87,3,0.494253,0.500000,0.330769,0.552326,1.924610,0.948264,0.474880
deepconvnet,cross_session,sub-022,,ses-04,ses-02,0,,80,20,100,3,0.510000,0.510000,0.355178,0.754000,1.619088,0.836882,0.433974
deepconvnet,cross_session,sub-022,,ses-04,ses-03,0,,80,20,100,3,0.570000,0.570000,0.524284,0.603600,1.309118,0.685503,0.299213
deepconvnet,cross_session,sub-022,,ses-04,ses-05,0,,80,20,93,3,0.537634,0.543750,0.523532,0.600463,2.187415,0.808722,0.414039
deepconvnet,cross_session,sub-022,,ses-05,ses-01,0,,74,19,87,1,0.494253,0.500000,0.330769,0.582981,0.700275,0.506990,0.082236
deepconvnet,cross_session,sub-022,,ses-05,ses-02,0,,74,19,100,1,0.660000,0.660000,0.631076,0.801600,0.650502,0.457812,0.106055
deepconvnet,cross_session,sub-022,,ses-05,ses-03,0,,74,19,100,1,0.480000,0.480000,0.472403,0.484000,0.704176,0.510639,0.066241
deepconvnet,cross_session,sub-022,,ses-05,ses-04,0,,74,19,100,1,0.720000,0.720000,0.696181,0.892400,0.609797,0.418593,0.132637
deepconvnet,cross_session,sub-023,,ses-01,ses-02,0,,76,20,94,7,0.510638,0.500000,0.338028,0.668931,1.044747,0.732319,0.364236
deepconvnet,cross_session,sub-023,,ses-01,ses-03,0,,76,20,99,7,0.535354,0.539592,0.439163,0.787755,1.013872,0.650922,0.326994
deepconvnet,cross_session,sub-023,,ses-01,ses-04,0,,76,20,100,7,0.500000,0.500000,0.350312,0.887200,1.006302,0.714377,0.391544
deepconvnet,cross_session,sub-023,,ses-01,ses-05,0,,76,20,97,7,0.494845,0.500000,0.331034,0.836310,1.069559,0.744428,0.395177
deepconvnet,cross_session,sub-023,,ses-02,ses-01,0,,75,19,96,1,0.500000,0.500000,0.333333,0.495660,1.358667,0.835350,0.409582
deepconvnet,cross_session,sub-023,,ses-02,ses-03,0,,75,19,99,1,0.434343,0.434490,0.434286,0.421633,0.794994,0.580221,0.183706
deepconvnet,cross_session,sub-023,,ses-02,ses-04,0,,75,19,100,1,0.620000,0.620000,0.610016,0.747200,0.625977,0.437226,0.064674
deepconvnet,cross_session,sub-023,,ses-02,ses-05,0,,75,19,97,1,0.618557,0.620961,0.597871,0.731293,0.664489,0.465168,0.131740
deepconvnet,cross_session,sub-023,,ses-03,ses-01,0,,79,20,96,2,0.593750,0.593750,0.522875,0.780816,0.966229,0.603254,0.274468
deepconvnet,cross_session,sub-023,,ses-03,ses-02,0,,79,20,94,2,0.457447,0.458333,0.456894,0.462862,0.772302,0.566933,0.164498
deepconvnet,cross_session,sub-023,,ses-03,ses-04,0,,79,20,100,2,0.450000,0.450000,0.429401,0.412000,0.854075,0.628160,0.227042
deepconvnet,cross_session,sub-023,,ses-03,ses-05,0,,79,20,97,2,0.484536,0.487245,0.447860,0.537840,0.784845,0.564054,0.183955
deepconvnet,cross_session,sub-023,,ses-04,ses-01,0,,80,20,96,3,0.781250,0.781250,0.780655,0.838542,0.654002,0.346225,0.126862
deepconvnet,cross_session,sub-023,,ses-04,ses-02,0,,80,20,94,3,0.670213,0.674366,0.659062,0.728714,0.775524,0.499696,0.177431
deepconvnet,cross_session,sub-023,,ses-04,ses-03,0,,80,20,99,3,0.555556,0.552041,0.492071,0.735102,1.285475,0.716851,0.355786
deepconvnet,cross_session,sub-023,,ses-04,ses-05,0,,80,20,97,3,0.711340,0.711310,0.711310,0.706207,1.069654,0.484822,0.222977
deepconvnet,cross_session,sub-023,,ses-05,ses-01,0,,77,20,96,8,0.593750,0.593750,0.558855,0.605035,2.571175,0.731189,0.352972
deepconvnet,cross_session,sub-023,,ses-05,ses-02,0,,77,20,94,8,0.585106,0.590127,0.563311,0.749547,0.968240,0.579412,0.296496
deepconvnet,cross_session,sub-023,,ses-05,ses-03,0,,77,20,99,8,0.464646,0.461224,0.393060,0.554694,1.707801,0.802642,0.416456
deepconvnet,cross_session,sub-023,,ses-05,ses-04,0,,77,20,100,8,0.750000,0.750000,0.742560,0.860400,0.690819,0.383919,0.140754
deepconvnet,cross_session,sub-024,,ses-01,ses-02,0,,59,15,82,1,0.512195,0.486244,0.424561,0.542464,0.692860,0.499906,0.068404
deepconvnet,cross_session,sub-024,,ses-01,ses-03,0,,59,15,83,1,0.530120,0.546512,0.421241,0.534302,0.712844,0.518606,0.094294
deepconvnet,cross_session,sub-024,,ses-01,ses-04,0,,59,15,98,1,0.520408,0.510417,0.360544,0.490000,0.726867,0.530195,0.086644
deepconvnet,cross_session,sub-024,,ses-01,ses-05,0,,59,15,100,1,0.510000,0.510000,0.398847,0.496000,0.703011,0.509621,0.074148
deepconvnet,cross_session,sub-024,,ses-02,ses-01,0,,65,17,74,1,0.459459,0.453480,0.449405,0.424176,0.701564,0.508615,0.080372
deepconvnet,cross_session,sub-024,,ses-02,ses-03,0,,65,17,83,1,0.481928,0.498256,0.361881,0.499419,0.756852,0.560005,0.198481
deepconvnet,cross_session,sub-024,,ses-02,ses-04,0,,65,17,98,1,0.520408,0.510417,0.360544,0.470417,0.751852,0.550241,0.127082
deepconvnet,cross_session,sub-024,,ses-02,ses-05,0,,65,17,100,1,0.500000,0.500000,0.463749,0.555200,0.689893,0.496645,0.092839
deepconvnet,cross_session,sub-024,,ses-03,ses-01,0,,66,17,74,1,0.540541,0.514286,0.375992,0.370696,0.730850,0.534705,0.129743
deepconvnet,cross_session,sub-024,,ses-03,ses-02,0,,66,17,82,1,0.500000,0.528708,0.428523,0.636364,0.716230,0.520529,0.125210
deepconvnet,cross_session,sub-024,,ses-03,ses-04,0,,66,17,98,1,0.500000,0.504167,0.480472,0.487500,0.728317,0.532285,0.097747
deepconvnet,cross_session,sub-024,,ses-03,ses-05,0,,66,17,100,1,0.490000,0.490000,0.328859,0.572800,0.709595,0.516112,0.115732
deepconvnet,cross_session,sub-024,,ses-04,ses-01,0,,78,20,74,2,0.405405,0.425641,0.321667,0.422711,0.731553,0.537983,0.177254
deepconvnet,cross_session,sub-024,,ses-04,ses-02,0,,78,20,82,2,0.475610,0.453947,0.411843,0.553230,0.718783,0.517607,0.157042
deepconvnet,cross_session,sub-024,,ses-04,ses-03,0,,78,20,83,2,0.421687,0.429651,0.396364,0.427326,0.776940,0.578282,0.194049
deepconvnet,cross_session,sub-024,,ses-04,ses-05,0,,78,20,100,2,0.540000,0.540000,0.511885,0.538800,0.692688,0.499617,0.066123
deepconvnet,cross_session,sub-024,,ses-05,ses-01,0,,80,20,74,1,0.432432,0.423443,0.411364,0.441758,0.718707,0.523959,0.114413
deepconvnet,cross_session,sub-024,,ses-05,ses-02,0,,80,20,82,1,0.585366,0.583134,0.583134,0.587321,0.675734,0.483501,0.072890
deepconvnet,cross_session,sub-024,,ses-05,ses-03,0,,80,20,83,1,0.506024,0.502326,0.498748,0.483140,0.724187,0.527264,0.085253
deepconvnet,cross_session,sub-024,,ses-05,ses-04,0,,80,20,98,1,0.530612,0.525417,0.495072,0.550000,0.701452,0.506768,0.070259
deepconvnet,cross_session,sub-025,,ses-01,ses-02,0,,70,18,92,2,0.597826,0.599764,0.595484,0.597163,0.684075,0.490035,0.074769
deepconvnet,cross_session,sub-025,,ses-01,ses-03,0,,70,18,94,2,0.563830,0.568841,0.540917,0.606884,0.754577,0.537309,0.164636
deepconvnet,cross_session,sub-025,,ses-01,ses-04,0,,70,18,88,2,0.443182,0.435401,0.364293,0.470801,0.940945,0.651072,0.297437
deepconvnet,cross_session,sub-025,,ses-01,ses-05,0,,70,18,100,2,0.610000,0.610000,0.584000,0.556400,0.705155,0.508809,0.100058
deepconvnet,cross_session,sub-025,,ses-02,ses-01,0,,73,19,88,24,0.500000,0.511111,0.352508,0.557106,2.689545,0.926703,0.472941
deepconvnet,cross_session,sub-025,,ses-02,ses-03,0,,73,19,94,24,0.521277,0.527627,0.478229,0.485054,2.348804,0.869946,0.446918
deepconvnet,cross_session,sub-025,,ses-02,ses-04,0,,73,19,88,24,0.545455,0.537984,0.485681,0.608786,2.060503,0.838636,0.431134
deepconvnet,cross_session,sub-025,,ses-02,ses-05,0,,73,19,100,24,0.500000,0.500000,0.333333,0.502000,3.233012,0.994554,0.497491
deepconvnet,cross_session,sub-025,,ses-03,ses-01,0,,75,19,88,3,0.522727,0.514729,0.450000,0.498191,0.722465,0.527741,0.130767
deepconvnet,cross_session,sub-025,,ses-03,ses-02,0,,75,19,92,3,0.565217,0.558865,0.520833,0.600946,0.696084,0.501403,0.080206
deepconvnet,cross_session,sub-025,,ses-03,ses-04,0,,75,19,88,3,0.500000,0.505426,0.472767,0.482687,0.794279,0.575441,0.157694
deepconvnet,cross_session,sub-025,,ses-03,ses-05,0,,75,19,100,3,0.520000,0.520000,0.417193,0.590000,0.698846,0.505099,0.076793
deepconvnet,cross_session,sub-025,,ses-04,ses-01,0,,70,18,88,2,0.465909,0.465891,0.465840,0.491990,0.720726,0.526638,0.135519
deepconvnet,cross_session,sub-025,,ses-04,ses-02,0,,70,18,92,2,0.445652,0.450827,0.415181,0.444444,0.746522,0.551046,0.159320
deepconvnet,cross_session,sub-025,,ses-04,ses-03,0,,70,18,94,2,0.521277,0.525362,0.505090,0.545290,0.766207,0.548262,0.126879
deepconvnet,cross_session,sub-025,,ses-04,ses-05,0,,70,18,100,2,0.500000,0.500000,0.333333,0.506400,0.740921,0.544657,0.143600
deepconvnet,cross_session,sub-025,,ses-05,ses-01,0,,80,20,88,1,0.477273,0.472868,0.454447,0.469767,0.702509,0.509327,0.086914
deepconvnet,cross_session,sub-025,,ses-05,ses-02,0,,80,20,92,1,0.554348,0.558629,0.538593,0.555556,0.694734,0.501348,0.066121
deepconvnet,cross_session,sub-025,,ses-05,ses-03,0,,80,20,94,1,0.510638,0.514040,0.499537,0.519475,0.699288,0.506575,0.066001
deepconvnet,cross_session,sub-025,,ses-05,ses-04,0,,80,20,88,1,0.488636,0.486563,0.483231,0.527649,0.737379,0.522727,0.118215
deepconvnet,cross_session,sub-001,,ses-01,ses-02,1,,80,20,100,1,0.470000,0.470000,0.465672,0.475200,0.937718,0.622278,0.212537
deepconvnet,cross_session,sub-001,,ses-01,ses-03,1,,80,20,99,1,0.464646,0.467347,0.424986,0.465714,1.216397,0.678363,0.258134
deepconvnet,cross_session,sub-001,,ses-01,ses-04,1,,80,20,99,1,0.484848,0.480816,0.384343,0.521224,1.135302,0.649067,0.247544
deepconvnet,cross_session,sub-001,,ses-01,ses-05,1,,80,20,94,1,0.478723,0.469203,0.340776,0.474411,1.651423,0.741885,0.325943
deepconvnet,cross_session,sub-001,,ses-02,ses-01,1,,80,20,100,6,0.500000,0.500000,0.434645,0.472400,0.751720,0.549303,0.136669
deepconvnet,cross_session,sub-001,,ses-02,ses-03,1,,80,20,99,6,0.515152,0.515714,0.513912,0.557551,0.781252,0.557298,0.190811
deepconvnet,cross_session,sub-001,,ses-02,ses-04,1,,80,20,99,6,0.505051,0.504490,0.503226,0.464490,0.810343,0.589450,0.225051
deepconvnet,cross_session,sub-001,,ses-02,ses-05,1,,80,20,94,6,0.478723,0.475996,0.468559,0.550725,0.907281,0.580775,0.231528
deepconvnet,cross_session,sub-001,,ses-03,ses-01,1,,79,20,100,2,0.460000,0.460000,0.344342,0.571200,0.700894,0.507157,0.103172
deepconvnet,cross_session,sub-001,,ses-03,ses-02,1,,79,20,100,2,0.560000,0.560000,0.528100,0.623600,0.668787,0.477534,0.120154
deepconvnet,cross_session,sub-001,,ses-03,ses-04,1,,79,20,99,2,0.474747,0.471837,0.425446,0.471837,0.743254,0.544059,0.120021
deepconvnet,cross_session,sub-001,,ses-03,ses-05,1,,79,20,94,2,0.457447,0.454257,0.443270,0.447917,0.828626,0.608258,0.196386
deepconvnet,cross_session,sub-001,,ses-04,ses-01,1,,79,20,100,1,0.490000,0.490000,0.328859,0.446000,0.708938,0.515574,0.080591
deepconvnet,cross_session,sub-001,,ses-04,ses-02,1,,79,20,100,1,0.470000,0.470000,0.421334,0.466400,0.705638,0.512519,0.118740
deepconvnet,cross_session,sub-001,,ses-04,ses-03,1,,79,20,99,1,0.525253,0.527959,0.490082,0.571020,0.700561,0.501284,0.088366
deepconvnet,cross_session,sub-001,,ses-04,ses-05,1,,79,20,94,1,0.500000,0.497736,0.493058,0.489583,0.711444,0.517558,0.130497
deepconvnet,cross_session,sub-001,,ses-05,ses-01,1,,75,19,100,18,0.460000,0.460000,0.344342,0.484800,0.761315,0.561036,0.217710
deepconvnet,cross_session,sub-001,,ses-05,ses-02,1,,75,19,100,18,0.450000,0.450000,0.440545,0.470400,0.933323,0.663812,0.283218
deepconvnet,cross_session,sub-001,,ses-05,ses-03,1,,75,19,99,18,0.525253,0.527755,0.495610,0.549388,0.799882,0.577382,0.189481
deepconvnet,cross_session,sub-001,,ses-05,ses-04,1,,75,19,99,18,0.515152,0.513265,0.496610,0.463265,1.113056,0.683213,0.229532
deepconvnet,cross_session,sub-002,,ses-01,ses-02,1,,73,19,95,2,0.473684,0.478723,0.321429,0.621454,1.097000,0.538803,0.096993
deepconvnet,cross_session,sub-002,,ses-01,ses-03,1,,73,19,100,2,0.470000,0.500000,0.319728,0.567242,0.708589,0.515338,0.095251
deepconvnet,cross_session,sub-002,,ses-01,ses-04,1,,73,19,100,2,0.500000,0.500000,0.333333,0.487600,0.701559,0.508342,0.064436
deepconvnet,cross_session,sub-002,,ses-01,ses-05,1,,73,19,95,2,0.484211,0.499335,0.343349,0.612245,0.702401,0.509123,0.076647
deepconvnet,cross_session,sub-002,,ses-02,ses-01,1,,76,19,92,98,0.554348,0.554348,0.553873,0.566635,1.099719,0.585653,0.224125
deepconvnet,cross_session,sub-002,,ses-02,ses-03,1,,76,19,100,98,0.520000,0.515857,0.515152,0.562826,0.818218,0.561237,0.160075
deepconvnet,cross_session,sub-002,,ses-02,ses-04,1,,76,19,100,98,0.520000,0.520000,0.465241,0.593600,0.888480,0.619284,0.249586
deepconvnet,cross_session,sub-002,,ses-02,ses-05,1,,76,19,95,98,0.494737,0.486912,0.457143,0.518634,1.478138,0.710821,0.324494
deepconvnet,cross_session,sub-002,,ses-03,ses-01,1,,80,20,92,1,0.467391,0.467391,0.448563,0.500000,0.713985,0.521165,0.093967
deepconvnet,cross_session,sub-002,,ses-03,ses-02,1,,80,20,95,1,0.536842,0.535683,0.530548,0.545213,0.978142,0.518839,0.081718
deepconvnet,cross_session,sub-002,,ses-03,ses-04,1,,80,20,100,1,0.520000,0.520000,0.485199,0.628800,0.680334,0.487340,0.089403
deepconvnet,cross_session,sub-002,,ses-03,ses-05,1,,80,20,95,1,0.336842,0.335847,0.335664,0.377107,0.751262,0.555488,0.242221
deepconvnet,cross_session,sub-002,,ses-04,ses-01,1,,80,20,92,1,0.543478,0.543478,0.496875,0.588374,0.695290,0.503043,0.055780
deepconvnet,cross_session,sub-002,,ses-04,ses-02,1,,80,20,95,1,0.526316,0.524823,0.515800,0.506649,0.726637,0.517927,0.058091
deepconvnet,cross_session,sub-002,,ses-04,ses-03,1,,80,20,100,1,0.560000,0.547571,0.533107,0.531915,0.697158,0.503300,0.091008
deepconvnet,cross_session,sub-002,,ses-04,ses-05,1,,80,20,95,1,0.515789,0.507986,0.479762,0.531500,0.716885,0.520768,0.130894
deepconvnet,cross_session,sub-002,,ses-05,ses-01,1,,76,19,92,14,0.543478,0.543478,0.529240,0.614367,1.413523,0.643834,0.266230
deepconvnet,cross_session,sub-002,,ses-05,ses-02,1,,76,19,95,14,0.642105,0.643174,0.638864,0.682624,1.032660,0.515854,0.195274
deepconvnet,cross_session,sub-002,,ses-05,ses-03,1,,76,19,100,14,0.510000,0.514853,0.508772,0.557607,0.972195,0.636437,0.256093
deepconvnet,cross_session,sub-002,,ses-05,ses-04,1,,76,19,100,14,0.540000,0.540000,0.506650,0.548000,1.465790,0.764664,0.355982
deepconvnet,cross_session,sub-003,,ses-01,ses-02,1,,73,19,100,14,0.590000,0.590000,0.589959,0.584000,0.710477,0.511772,0.105322
deepconvnet,cross_session,sub-003,,ses-01,ses-03,1,,73,19,92,14,0.521739,0.518203,0.506823,0.524823,1.370290,0.692905,0.267423
deepconvnet,cross_session,sub-003,,ses-01,ses-04,1,,73,19,100,14,0.500000,0.500000,0.499199,0.535600,0.724102,0.523093,0.126311
deepconvnet,cross_session,sub-003,,ses-01,ses-05,1,,73,19,100,14,0.490000,0.490000,0.485835,0.498400,0.702764,0.508883,0.074813
deepconvnet,cross_session,sub-003,,ses-02,ses-01,1,,80,20,92,1,0.478261,0.474432,0.472023,0.434186,0.730814,0.536225,0.111951
deepconvnet,cross_session,sub-003,,ses-02,ses-03,1,,80,20,92,1,0.478261,0.480851,0.472023,0.556974,0.739611,0.527237,0.166512
deepconvnet,cross_session,sub-003,,ses-02,ses-04,1,,80,20,100,1,0.500000,0.500000,0.379960,0.646800,0.687436,0.494536,0.079058
deepconvnet,cross_session,sub-003,,ses-02,ses-05,1,,80,20,100,1,0.500000,0.500000,0.350312,0.486800,0.701185,0.507955,0.078235
deepconvnet,cross_session,sub-003,,ses-03,ses-01,1,,73,19,92,12,0.489130,0.510417,0.346334,0.455492,0.709072,0.515729,0.076518
deepconvnet,cross_session,sub-003,,ses-03,ses-02,1,,73,19,100,12,0.500000,0.500000,0.333333,0.585200,0.696770,0.503661,0.080285
deepconvnet,cross_session,sub-003,,ses-03,ses-04,1,,73,19,100,12,0.500000,0.500000,0.333333,0.522000,0.700784,0.507578,0.063435
deepconvnet,cross_session,sub-003,,ses-03,ses-05,1,,73,19,100,12,0.500000,0.500000,0.333333,0.473200,0.701937,0.508708,0.064053
deepconvnet,cross_session,sub-003,,ses-04,ses-01,1,,80,20,92,3,0.402174,0.397727,0.393504,0.413826,1.111501,0.705850,0.320691
deepconvnet,cross_session,sub-003,,ses-04,ses-02,1,,80,20,100,3,0.600000,0.600000,0.579655,0.638800,0.711668,0.502117,0.144561
deepconvnet,cross_session,sub-003,,ses-04,ses-03,1,,80,20,92,3,0.630435,0.635461,0.612103,0.672340,1.230465,0.602499,0.218527
deepconvnet,cross_session,sub-003,,ses-04,ses-05,1,,80,20,100,3,0.520000,0.520000,0.376299,0.618400,0.736962,0.534426,0.147655
deepconvnet,cross_session,sub-003,,ses-05,ses-01,1,,80,20,92,5,0.565217,0.563447,0.563360,0.598485,0.873084,0.594487,0.288467
deepconvnet,cross_session,sub-003,,ses-05,ses-02,1,,80,20,100,5,0.460000,0.460000,0.441918,0.395200,0.911399,0.667807,0.252155
deepconvnet,cross_session,sub-003,,ses-05,ses-03,1,,80,20,92,5,0.489130,0.496217,0.432769,0.584397,2.054363,0.824129,0.397564
deepconvnet,cross_session,sub-003,,ses-05,ses-04,1,,80,20,100,5,0.580000,0.580000,0.554329,0.596800,0.720284,0.513971,0.149291
deepconvnet,cross_session,sub-004,,ses-01,ses-02,1,,69,18,97,2,0.505155,0.500000,0.335616,0.484269,0.696438,0.503284,0.046494
deepconvnet,cross_session,sub-004,,ses-01,ses-03,1,,69,18,91,2,0.527473,0.500000,0.345324,0.568314,0.690249,0.497117,0.027283
deepconvnet,cross_session,sub-004,,ses-01,ses-04,1,,69,18,100,2,0.500000,0.500000,0.333333,0.463200,0.698540,0.505364,0.051140
deepconvnet,cross_session,sub-004,,ses-01,ses-05,1,,69,18,100,2,0.500000,0.500000,0.333333,0.467200,0.698478,0.505303,0.051197
deepconvnet,cross_session,sub-004,,ses-02,ses-01,1,,77,20,87,15,0.494253,0.494186,0.494186,0.433932,3.001690,0.913449,0.438892
deepconvnet,cross_session,sub-004,,ses-02,ses-03,1,,77,20,91,15,0.505495,0.516715,0.489720,0.528585,1.976907,0.817292,0.403384
deepconvnet,cross_session,sub-004,,ses-02,ses-04,1,,77,20,100,15,0.520000,0.520000,0.519808,0.550000,1.320889,0.752881,0.349892
deepconvnet,cross_session,sub-004,,ses-02,ses-05,1,,77,20,100,15,0.550000,0.550000,0.546325,0.568400,0.820250,0.577722,0.205836
deepconvnet,cross_session,sub-004,,ses-03,ses-01,1,,72,19,87,14,0.586207,0.584831,0.579484,0.592495,1.238240,0.666213,0.275063
deepconvnet,cross_session,sub-004,,ses-03,ses-02,1,,72,19,97,14,0.577320,0.575468,0.562245,0.636480,0.964195,0.577899,0.232677
deepconvnet,cross_session,sub-004,,ses-03,ses-04,1,,72,19,100,14,0.530000,0.530000,0.521920,0.526800,0.804052,0.582844,0.177441
deepconvnet,cross_session,sub-004,,ses-03,ses-05,1,,72,19,100,14,0.510000,0.510000,0.355178,0.624000,0.751981,0.551225,0.183349
deepconvnet,cross_session,sub-004,,ses-04,ses-01,1,,80,20,87,1,0.425287,0.425211,0.425211,0.463002,0.718008,0.525498,0.158212
deepconvnet,cross_session,sub-004,,ses-04,ses-02,1,,80,20,97,1,0.443299,0.439626,0.359971,0.532738,0.721411,0.527294,0.155750
deepconvnet,cross_session,sub-004,,ses-04,ses-03,1,,80,20,91,1,0.505495,0.498547,0.493506,0.481589,0.748889,0.544925,0.164780
deepconvnet,cross_session,sub-004,,ses-04,ses-05,1,,80,20,100,1,0.500000,0.500000,0.333333,0.527200,0.704340,0.511005,0.069315
deepconvnet,cross_session,sub-004,,ses-05,ses-01,1,,80,20,87,6,0.390805,0.389006,0.374610,0.352008,3.681034,1.073313,0.542001
deepconvnet,cross_session,sub-004,,ses-05,ses-02,1,,80,20,97,6,0.453608,0.451531,0.429348,0.465986,1.457589,0.802112,0.377156
deepconvnet,cross_session,sub-004,,ses-05,ses-03,1,,80,20,91,6,0.417582,0.414002,0.413046,0.432655,2.186967,0.924222,0.468693
deepconvnet,cross_session,sub-004,,ses-05,ses-04,1,,80,20,100,6,0.450000,0.450000,0.443263,0.490000,1.238467,0.763686,0.360746
deepconvnet,cross_session,sub-005,,ses-01,ses-02,1,,75,19,100,4,0.500000,0.500000,0.333333,0.442400,0.695013,0.501862,0.035619
deepconvnet,cross_session,sub-005,,ses-01,ses-03,1,,75,19,93,4,0.494624,0.500000,0.330935,0.537928,0.693337,0.500196,0.031245
deepconvnet,cross_session,sub-005,,ses-01,ses-04,1,,75,19,99,4,0.505051,0.500000,0.335570,0.552653,0.693381,0.500233,0.054554
deepconvnet,cross_session,sub-005,,ses-01,ses-05,1,,75,19,89,4,0.505618,0.489130,0.335821,0.576845,0.691320,0.498176,0.067482
deepconvnet,cross_session,sub-005,,ses-02,ses-01,1,,80,20,94,6,0.531915,0.521088,0.493137,0.533333,5.048233,0.880684,0.450206
deepconvnet,cross_session,sub-005,,ses-02,ses-03,1,,80,20,93,6,0.602151,0.602220,0.602151,0.646623,1.240719,0.605899,0.261059
deepconvnet,cross_session,sub-005,,ses-02,ses-04,1,,80,20,99,6,0.484848,0.485714,0.481462,0.501633,2.105866,0.827847,0.387455
deepconvnet,cross_session,sub-005,,ses-02,ses-05,1,,80,20,89,6,0.528090,0.535895,0.505556,0.605662,2.041975,0.781211,0.397579
deepconvnet,cross_session,sub-005,,ses-03,ses-01,1,,74,19,94,9,0.521277,0.520862,0.520788,0.543311,0.834349,0.588479,0.190465
deepconvnet,cross_session,sub-005,,ses-03,ses-02,1,,74,19,100,9,0.490000,0.490000,0.360502,0.514000,0.709400,0.515728,0.097280
deepconvnet,cross_session,sub-005,,ses-03,ses-04,1,,74,19,99,9,0.535354,0.532653,0.498016,0.489388,0.735971,0.538868,0.164937
deepconvnet,cross_session,sub-005,,ses-03,ses-05,1,,74,19,89,9,0.550562,0.543984,0.529101,0.583923,0.716196,0.513865,0.106058
deepconvnet,cross_session,sub-005,,ses-04,ses-01,1,,79,20,94,1,0.563830,0.548073,0.483862,0.484354,0.897331,0.598272,0.157817
deepconvnet,cross_session,sub-005,,ses-04,ses-02,1,,79,20,100,1,0.480000,0.480000,0.420677,0.531600,0.709985,0.516694,0.122410
deepconvnet,cross_session,sub-005,,ses-04,ses-03,1,,79,20,93,1,0.473118,0.476411,0.420598,0.472248,0.769948,0.560769,0.140826
deepconvnet,cross_session,sub-005,,ses-04,ses-05,1,,79,20,89,1,0.471910,0.463347,0.430497,0.462588,0.790843,0.574790,0.162457
deepconvnet,cross_session,sub-005,,ses-05,ses-01,1,,71,18,94,3,0.468085,0.472562,0.464204,0.510204,0.733868,0.536854,0.150601
deepconvnet,cross_session,sub-005,,ses-05,ses-02,1,,71,18,100,3,0.470000,0.470000,0.319728,0.232000,0.747416,0.552455,0.138002
deepconvnet,cross_session,sub-005,,ses-05,ses-03,1,,71,18,93,3,0.473118,0.470167,0.428446,0.432470,0.699233,0.506389,0.102838
deepconvnet,cross_session,sub-005,,ses-05,ses-04,1,,71,18,99,3,0.464646,0.468163,0.393060,0.486531,0.708988,0.515517,0.091799
deepconvnet,cross_session,sub-006,,ses-01,ses-02,1,,74,19,94,2,0.680851,0.677989,0.673611,0.756341,0.763672,0.465788,0.198818
deepconvnet,cross_session,sub-006,,ses-01,ses-03,1,,74,19,95,2,0.294737,0.293440,0.283301,0.230053,1.722531,1.054655,0.532067
deepconvnet,cross_session,sub-006,,ses-01,ses-04,1,,74,19,92,2,0.652174,0.652009,0.652009,0.717730,0.796830,0.472051,0.161433
deepconvnet,cross_session,sub-006,,ses-01,ses-05,1,,74,19,95,2,0.631579,0.626886,0.620823,0.653949,0.967306,0.542450,0.190619
deepconvnet,cross_session,sub-006,,ses-02,ses-01,1,,75,19,93,18,0.763441,0.762500,0.762755,0.792593,2.065942,0.454172,0.231763
deepconvnet,cross_session,sub-006,,ses-02,ses-03,1,,75,19,95,18,0.515789,0.514849,0.511404,0.531915,4.969081,0.914721,0.460834
deepconvnet,cross_session,sub-006,,ses-02,ses-04,1,,75,19,92,18,0.576087,0.569504,0.529319,0.645390,3.208330,0.779923,0.399458
deepconvnet,cross_session,sub-006,,ses-02,ses-05,1,,75,19,95,18,0.589474,0.587400,0.586542,0.550577,3.800847,0.741502,0.350395
deepconvnet,cross_session,sub-006,,ses-03,ses-01,1,,76,19,93,2,0.505376,0.504861,0.504861,0.504167,0.966284,0.665641,0.277652
deepconvnet,cross_session,sub-006,,ses-03,ses-02,1,,76,19,94,2,0.670213,0.670743,0.670175,0.751812,0.599005,0.409662,0.097097
deepconvnet,cross_session,sub-006,,ses-03,ses-04,1,,76,19,92,2,0.510870,0.506147,0.483984,0.601418,0.750016,0.530955,0.181000
deepconvnet,cross_session,sub-006,,ses-03,ses-05,1,,76,19,95,2,0.484211,0.475377,0.435141,0.476930,0.931771,0.626633,0.224753
deepconvnet,cross_session,sub-006,,ses-04,ses-01,1,,73,19,93,17,0.462366,0.463889,0.461806,0.507407,1.729599,0.857458,0.412046
deepconvnet,cross_session,sub-006,,ses-04,ses-02,1,,73,19,94,17,0.808511,0.811594,0.805338,0.930254,0.396916,0.256393,0.087326
deepconvnet,cross_session,sub-006,,ses-04,ses-03,1,,73,19,95,17,0.736842,0.737589,0.735788,0.732270,0.740493,0.449180,0.211101
deepconvnet,cross_session,sub-006,,ses-04,ses-05,1,,73,19,95,17,0.578947,0.582520,0.575134,0.645519,0.952751,0.560926,0.205231
deepconvnet,cross_session,sub-006,,ses-05,ses-01,1,,76,19,93,4,0.451613,0.453472,0.450597,0.497685,3.132107,0.998324,0.498300
deepconvnet,cross_session,sub-006,,ses-05,ses-02,1,,76,19,94,4,0.500000,0.497283,0.490250,0.482337,2.293298,0.912630,0.456468
deepconvnet,cross_session,sub-006,,ses-05,ses-03,1,,76,19,95,4,0.347368,0.347296,0.347296,0.294326,1.583067,0.926193,0.437479
deepconvnet,cross_session,sub-006,,ses-05,ses-04,1,,76,19,92,4,0.478261,0.475177,0.465893,0.442553,1.660462,0.811617,0.351167
deepconvnet,cross_session,sub-007,,ses-01,ses-02,1,,80,20,100,1,0.470000,0.470000,0.445549,0.445600,0.755980,0.544779,0.118301
deepconvnet,cross_session,sub-007,,ses-01,ses-03,1,,80,20,96,1,0.510417,0.510417,0.413645,0.526910,0.904544,0.621384,0.222297
deepconvnet,cross_session,sub-007,,ses-01,ses-04,1,,80,20,92,1,0.445652,0.445652,0.393407,0.501418,1.001741,0.663849,0.294356
deepconvnet,cross_session,sub-007,,ses-01,ses-05,1,,80,20,100,1,0.550000,0.550000,0.514615,0.602000,0.697083,0.501065,0.057931
deepconvnet,cross_session,sub-007,,ses-02,ses-01,1,,80,20,100,3,0.520000,0.520000,0.490662,0.521600,0.718860,0.523458,0.087812
deepconvnet,cross_session,sub-007,,ses-02,ses-03,1,,80,20,96,3,0.468750,0.468750,0.415403,0.475260,0.941638,0.605791,0.217592
deepconvnet,cross_session,sub-007,,ses-02,ses-04,1,,80,20,92,3,0.467391,0.467391,0.443663,0.488185,0.827428,0.604254,0.215795
deepconvnet,cross_session,sub-007,,ses-02,ses-05,1,,80,20,100,3,0.480000,0.480000,0.420677,0.476000,0.812432,0.596065,0.206993
deepconvnet,cross_session,sub-007,,ses-03,ses-01,1,,76,20,100,3,0.560000,0.560000,0.559295,0.615600,0.681490,0.488359,0.061925
deepconvnet,cross_session,sub-007,,ses-03,ses-02,1,,76,20,100,3,0.490000,0.490000,0.481233,0.487200,0.706184,0.512499,0.086461
deepconvnet,cross_session,sub-007,,ses-03,ses-04,1,,76,20,92,3,0.521739,0.521739,0.521739,0.508034,0.723195,0.526876,0.100221
deepconvnet,cross_session,sub-007,,ses-03,ses-05,1,,76,20,100,3,0.640000,0.640000,0.639856,0.642000,0.672314,0.479348,0.090736
deepconvnet,cross_session,sub-007,,ses-04,ses-01,1,,73,19,100,8,0.560000,0.560000,0.454365,0.449200,0.823243,0.599014,0.201556
deepconvnet,cross_session,sub-007,,ses-04,ses-02,1,,73,19,100,8,0.500000,0.500000,0.333333,0.416800,0.852287,0.631923,0.267767
deepconvnet,cross_session,sub-007,,ses-04,ses-03,1,,73,19,96,8,0.520833,0.520833,0.460938,0.452257,0.877370,0.627024,0.207877
deepconvnet,cross_session,sub-007,,ses-04,ses-05,1,,73,19,100,8,0.690000,0.690000,0.669333,0.812000,0.620442,0.426927,0.097012
deepconvnet,cross_session,sub-007,,ses-05,ses-01,1,,80,20,100,14,0.470000,0.470000,0.457801,0.514000,1.178994,0.750197,0.347867
deepconvnet,cross_session,sub-007,,ses-05,ses-02,1,,80,20,100,14,0.470000,0.470000,0.457801,0.454800,1.573370,0.766039,0.325573
deepconvnet,cross_session,sub-007,,ses-05,ses-03,1,,80,20,96,14,0.572917,0.572917,0.571755,0.548611,1.795646,0.730390,0.343567
deepconvnet,cross_session,sub-007,,ses-05,ses-04,1,,80,20,92,14,0.586957,0.586957,0.586174,0.607750,2.879571,0.694923,0.340876
deepconvnet,cross_session,sub-008,,ses-01,ses-02,1,,80,20,94,3,0.510638,0.510638,0.373333,0.512223,4.996493,0.926941,0.470802
deepconvnet,cross_session,sub-008,,ses-01,ses-03,1,,80,20,89,3,0.539326,0.544444,0.422718,0.617172,4.659769,0.886994,0.451210
deepconvnet,cross_session,sub-008,,ses-01,ses-04,1,,80,20,96,3,0.520833,0.520833,0.499093,0.523438,0.999364,0.684955,0.324409
deepconvnet,cross_session,sub-008,,ses-01,ses-05,1,,80,20,100,3,0.510000,0.510000,0.505999,0.490000,0.903671,0.632344,0.211399
deepconvnet,cross_session,sub-008,,ses-02,ses-01,1,,75,19,100,98,0.570000,0.570000,0.501796,0.742800,0.661651,0.469251,0.075948
deepconvnet,cross_session,sub-008,,ses-02,ses-03,1,,75,19,89,98,0.707865,0.709848,0.699324,0.708081,1.111175,0.499217,0.209146
deepconvnet,cross_session,sub-008,,ses-02,ses-04,1,,75,19,96,98,0.479167,0.479167,0.450298,0.523872,0.738786,0.536848,0.148735
deepconvnet,cross_session,sub-008,,ses-02,ses-05,1,,75,19,100,98,0.510000,0.510000,0.477333,0.480000,0.722025,0.524096,0.087536
deepconvnet,cross_session,sub-008,,ses-03,ses-01,1,,71,18,100,17,0.500000,0.500000,0.333333,0.773600,1.176461,0.808890,0.398811
deepconvnet,cross_session,sub-008,,ses-03,ses-02,1,,71,18,94,17,0.531915,0.531915,0.470558,0.476234,1.672624,0.774735,0.351160
deepconvnet,cross_session,sub-008,,ses-03,ses-04,1,,71,18,96,17,0.500000,0.500000,0.333333,0.572049,1.209137,0.815136,0.398152
deepconvnet,cross_session,sub-008,,ses-03,ses-05,1,,71,18,100,17,0.500000,0.500000,0.333333,0.530000,1.227100,0.827142,0.404434
deepconvnet,cross_session,sub-008,,ses-04,ses-01,1,,76,20,100,1,0.490000,0.490000,0.345399,0.587600,0.690636,0.497503,0.078140
deepconvnet,cross_session,sub-008,,ses-04,ses-02,1,,76,20,94,1,0.500000,0.500000,0.396036,0.417836,1.753913,0.750393,0.359200
deepconvnet,cross_session,sub-008,,ses-04,ses-03,1,,76,20,89,1,0.505618,0.511111,0.355072,0.502020,1.011308,0.685687,0.287931
deepconvnet,cross_session,sub-008,,ses-04,ses-05,1,,76,20,100,1,0.450000,0.450000,0.382785,0.479600,0.699511,0.506462,0.122051
deepconvnet,cross_session,sub-008,,ses-05,ses-01,1,,80,20,100,1,0.480000,0.480000,0.402574,0.497200,0.701983,0.508687,0.072846
deepconvnet,cross_session,sub-008,,ses-05,ses-02,1,,80,20,94,1,0.468085,0.468085,0.376658,0.434586,1.616986,0.699739,0.276428
deepconvnet,cross_session,sub-008,,ses-05,ses-03,1,,80,20,89,1,0.516854,0.522222,0.378431,0.639899,1.010765,0.663509,0.306021
deepconvnet,cross_session,sub-008,,ses-05,ses-04,1,,80,20,96,1,0.572917,0.572917,0.536232,0.557726,0.699352,0.504800,0.082038
deepconvnet,cross_session,sub-009,,ses-01,ses-02,1,,78,20,100,13,0.570000,0.570000,0.492865,0.640400,0.719663,0.520590,0.142379
deepconvnet,cross_session,sub-009,,ses-01,ses-03,1,,78,20,100,13,0.500000,0.500000,0.415615,0.456800,1.178369,0.646895,0.229499
deepconvnet,cross_session,sub-009,,ses-01,ses-04,1,,78,20,96,13,0.458333,0.460870,0.457391,0.452609,2.354792,0.834237,0.387752
deepconvnet,cross_session,sub-009,,ses-01,ses-05,1,,78,20,99,13,0.515152,0.513673,0.503759,0.574286,1.139530,0.687530,0.300720
deepconvnet,cross_session,sub-009,,ses-02,ses-01,1,,80,20,98,1,0.479592,0.475417,0.454545,0.502083,0.745314,0.543242,0.140721
deepconvnet,cross_session,sub-009,,ses-02,ses-03,1,,80,20,100,1,0.490000,0.490000,0.398514,0.546800,0.724394,0.526569,0.124476
deepconvnet,cross_session,sub-009,,ses-02,ses-04,1,,80,20,96,1,0.541667,0.541739,0.541468,0.532391,1.062852,0.544754,0.152120
deepconvnet,cross_session,sub-009,,ses-02,ses-05,1,,80,20,99,1,0.464646,0.468367,0.383069,0.358367,0.879772,0.639046,0.207278
deepconvnet,cross_session,sub-009,,ses-03,ses-01,1,,80,20,98,15,0.500000,0.501667,0.497436,0.530000,0.904005,0.598043,0.203543
deepconvnet,cross_session,sub-009,,ses-03,ses-02,1,,80,20,100,15,0.470000,0.470000,0.468672,0.487600,0.798397,0.587633,0.197697
deepconvnet,cross_session,sub-009,,ses-03,ses-04,1,,80,20,96,15,0.427083,0.434348,0.412746,0.504783,0.834304,0.604316,0.268843
deepconvnet,cross_session,sub-009,,ses-03,ses-05,1,,80,20,99,15,0.525253,0.524286,0.520359,0.563265,0.817910,0.577633,0.206321
deepconvnet,cross_session,sub-009,,ses-04,ses-01,1,,76,20,98,3,0.510204,0.500000,0.337838,0.479167,0.693138,0.499990,0.005931
deepconvnet,cross_session,sub-009,,ses-04,ses-02,1,,76,20,100,3,0.500000,0.500000,0.333333,0.472000,0.693796,0.500649,0.015808
deepconvnet,cross_session,sub-009,,ses-04,ses-03,1,,76,20,100,3,0.500000,0.500000,0.333333,0.458000,0.694438,0.501288,0.016728
deepconvnet,cross_session,sub-009,,ses-04,ses-05,1,,76,20,99,3,0.494949,0.500000,0.331081,0.515102,0.694223,0.501075,0.020597
deepconvnet,cross_session,sub-009,,ses-05,ses-01,1,,79,20,98,1,0.459184,0.463750,0.433155,0.460833,0.736453,0.534618,0.115176
deepconvnet,cross_session,sub-009,,ses-05,ses-02,1,,79,20,100,1,0.500000,0.500000,0.333333,0.551600,0.693396,0.500266,0.038653
deepconvnet,cross_session,sub-009,,ses-05,ses-03,1,,79,20,100,1,0.530000,0.530000,0.410658,0.531200,0.700344,0.506825,0.060623
deepconvnet,cross_session,sub-009,,ses-05,ses-04,1,,79,20,96,1,0.447917,0.440435,0.425409,0.490870,1.044880,0.561700,0.147509
deepconvnet,cross_session,sub-010,,ses-01,ses-02,1,,71,18,94,1,0.510638,0.510638,0.496037,0.533273,0.746946,0.530862,0.134705
deepconvnet,cross_session,sub-010,,ses-01,ses-03,1,,71,18,100,1,0.410000,0.410000,0.392442,0.362400,0.744962,0.550723,0.192292
deepconvnet,cross_session,sub-010,,ses-01,ses-04,1,,71,18,100,1,0.490000,0.490000,0.328859,0.470800,0.711182,0.517616,0.098245
deepconvnet,cross_session,sub-010,,ses-01,ses-05,1,,71,18,97,1,0.546392,0.545918,0.545183,0.537840,0.731536,0.523788,0.148988
deepconvnet,cross_session,sub-010,,ses-02,ses-01,1,,75,19,89,11,0.550562,0.548534,0.547764,0.505056,0.758824,0.556345,0.163188
deepconvnet,cross_session,sub-010,,ses-02,ses-03,1,,75,19,100,11,0.620000,0.620000,0.616162,0.684000,0.633073,0.442982,0.076121
deepconvnet,cross_session,sub-010,,ses-02,ses-04,1,,75,19,100,11,0.630000,0.630000,0.621483,0.726800,0.650875,0.458573,0.096801
deepconvnet,cross_session,sub-010,,ses-02,ses-05,1,,75,19,97,11,0.412371,0.412415,0.412371,0.396684,1.166312,0.623064,0.208586
deepconvnet,cross_session,sub-010,,ses-03,ses-01,1,,80,20,89,5,0.426966,0.428210,0.426677,0.408493,0.886677,0.655909,0.255940
deepconvnet,cross_session,sub-010,,ses-03,ses-02,1,,80,20,94,5,0.500000,0.500000,0.486935,0.499321,0.923640,0.601719,0.169803
deepconvnet,cross_session,sub-010,,ses-03,ses-04,1,,80,20,100,5,0.560000,0.560000,0.548440,0.596000,0.686868,0.494396,0.090336
deepconvnet,cross_session,sub-010,,ses-03,ses-05,1,,80,20,97,5,0.443299,0.443027,0.442766,0.452806,1.191785,0.650082,0.251774
deepconvnet,cross_session,sub-010,,ses-04,ses-01,1,,80,20,89,1,0.460674,0.450961,0.406007,0.479272,0.744024,0.546714,0.168443
deepconvnet,cross_session,sub-010,,ses-04,ses-02,1,,80,20,94,1,0.478723,0.478723,0.477244,0.493889,1.047210,0.635070,0.254286
deepconvnet,cross_session,sub-010,,ses-04,ses-03,1,,80,20,100,1,0.460000,0.460000,0.437500,0.502800,0.768738,0.556364,0.182422
deepconvnet,cross_session,sub-010,,ses-04,ses-05,1,,80,20,97,1,0.484536,0.485332,0.481838,0.541241,1.093142,0.581417,0.223929
deepconvnet,cross_session,sub-010,,ses-05,ses-01,1,,77,20,89,21,0.528090,0.542720,0.429487,0.584934,0.697427,0.504238,0.052040
deepconvnet,cross_session,sub-010,,ses-05,ses-02,1,,77,20,94,21,0.468085,0.468085,0.350470,0.550475,0.706922,0.513483,0.112585
deepconvnet,cross_session,sub-010,,ses-05,ses-03,1,,77,20,100,21,0.540000,0.540000,0.416540,0.678400,0.682019,0.488900,0.111246
deepconvnet,cross_session,sub-010,,ses-05,ses-04,1,,77,20,100,21,0.560000,0.560000,0.476190,0.665600,0.678251,0.485296,0.027067
deepconvnet,cross_session,sub-011,,ses-01,ses-02,1,,80,20,94,5,0.457447,0.453288,0.449914,0.400454,2.096889,0.903065,0.418596
deepconvnet,cross_session,sub-011,,ses-01,ses-03,1,,80,20,100,5,0.550000,0.550000,0.529239,0.544400,0.878424,0.612345,0.223112
deepconvnet,cross_session,sub-011,,ses-01,ses-04,1,,80,20,100,5,0.570000,0.570000,0.560102,0.527600,0.944908,0.645686,0.257382
deepconvnet,cross_session,sub-011,,ses-01,ses-05,1,,80,20,100,5,0.420000,0.420000,0.400579,0.484400,0.977845,0.693824,0.340403
deepconvnet,cross_session,sub-011,,ses-02,ses-01,1,,75,19,100,16,0.530000,0.530000,0.519182,0.489600,0.870612,0.620518,0.246129
deepconvnet,cross_session,sub-011,,ses-02,ses-03,1,,75,19,100,16,0.560000,0.560000,0.545267,0.570000,0.808574,0.578531,0.200402
deepconvnet,cross_session,sub-011,,ses-02,ses-04,1,,75,19,100,16,0.420000,0.420000,0.404762,0.457600,1.001145,0.695457,0.319288
deepconvnet,cross_session,sub-011,,ses-02,ses-05,1,,75,19,100,16,0.510000,0.510000,0.505999,0.485200,1.300732,0.744694,0.314641
deepconvnet,cross_session,sub-011,,ses-03,ses-01,1,,80,20,100,1,0.450000,0.450000,0.406752,0.394400,0.703369,0.510173,0.073360
deepconvnet,cross_session,sub-011,,ses-03,ses-02,1,,80,20,94,1,0.489362,0.479365,0.453753,0.417687,1.112278,0.692071,0.272015
deepconvnet,cross_session,sub-011,,ses-03,ses-04,1,,80,20,100,1,0.450000,0.450000,0.413333,0.433600,0.717069,0.523267,0.104872
deepconvnet,cross_session,sub-011,,ses-03,ses-05,1,,80,20,100,1,0.410000,0.410000,0.407095,0.384400,0.724295,0.530473,0.139067
deepconvnet,cross_session,sub-011,,ses-04,ses-01,1,,80,20,100,1,0.540000,0.540000,0.527915,0.506800,0.696834,0.503676,0.058639
deepconvnet,cross_session,sub-011,,ses-04,ses-02,1,,80,20,94,1,0.563830,0.551701,0.517949,0.517914,0.878905,0.592942,0.188360
deepconvnet,cross_session,sub-011,,ses-04,ses-03,1,,80,20,100,1,0.430000,0.430000,0.392000,0.375200,0.753728,0.557171,0.182812
deepconvnet,cross_session,sub-011,,ses-04,ses-05,1,,80,20,100,1,0.570000,0.570000,0.564733,0.572000,0.684840,0.491809,0.050810
deepconvnet,cross_session,sub-011,,ses-05,ses-01,1,,80,20,100,1,0.530000,0.530000,0.480031,0.563600,0.699232,0.505376,0.192315
deepconvnet,cross_session,sub-011,,ses-05,ses-02,1,,80,20,94,1,0.489362,0.490249,0.489362,0.448526,0.945048,0.641739,0.210106
deepconvnet,cross_session,sub-011,,ses-05,ses-03,1,,80,20,100,1,0.480000,0.480000,0.458333,0.489600,0.716355,0.521897,0.112809
deepconvnet,cross_session,sub-011,,ses-05,ses-04,1,,80,20,100,1,0.560000,0.560000,0.555556,0.567200,0.689266,0.495979,0.031709
deepconvnet,cross_session,sub-012,,ses-01,ses-02,1,,80,20,91,1,0.494505,0.489372,0.349192,0.472947,0.955090,0.654608,0.250949
deepconvnet,cross_session,sub-012,,ses-01,ses-03,1,,80,20,97,1,0.453608,0.456845,0.395816,0.507228,0.772722,0.564108,0.183196
deepconvnet,cross_session,sub-012,,ses-01,ses-04,1,,80,20,87,1,0.494253,0.508730,0.396595,0.421693,1.171711,0.640174,0.210270
deepconvnet,cross_session,sub-012,,ses-01,ses-05,1,,80,20,83,1,0.445783,0.465130,0.441813,0.466903,0.726359,0.535355,0.166718
deepconvnet,cross_session,sub-012,,ses-02,ses-01,1,,72,19,100,6,0.530000,0.530000,0.498667,0.604800,0.700413,0.503348,0.077885
deepconvnet,cross_session,sub-012,,ses-02,ses-03,1,,72,19,97,6,0.525773,0.524872,0.521655,0.530187,0.693215,0.501228,0.069274
deepconvnet,cross_session,sub-012,,ses-02,ses-04,1,,72,19,87,6,0.540230,0.545238,0.532760,0.512169,0.952945,0.530319,0.088317
deepconvnet,cross_session,sub-012,,ses-02,ses-05,1,,72,19,83,6,0.445783,0.426123,0.421515,0.421395,0.739818,0.538043,0.138509
deepconvnet,cross_session,sub-012,,ses-03,ses-01,1,,77,20,100,1,0.490000,0.490000,0.487489,0.499600,0.698016,0.505219,0.076585
deepconvnet,cross_session,sub-012,,ses-03,ses-02,1,,77,20,91,1,0.450549,0.447826,0.413055,0.477295,0.760260,0.546943,0.160385
deepconvnet,cross_session,sub-012,,ses-03,ses-04,1,,77,20,87,1,0.528736,0.531746,0.526483,0.522751,1.030524,0.540545,0.118726
deepconvnet,cross_session,sub-012,,ses-03,ses-05,1,,77,20,83,1,0.506024,0.528073,0.501392,0.475768,0.706177,0.514158,0.078215
deepconvnet,cross_session,sub-012,,ses-04,ses-01,1,,69,18,100,12,0.490000,0.490000,0.360502,0.400400,0.744623,0.547751,0.119524
deepconvnet,cross_session,sub-012,,ses-04,ses-02,1,,69,18,91,12,0.483516,0.478986,0.374433,0.482609,0.731861,0.536376,0.132514
deepconvnet,cross_session,sub-012,,ses-04,ses-03,1,,69,18,97,12,0.484536,0.488733,0.385142,0.501701,0.730597,0.535441,0.125068
deepconvnet,cross_session,sub-012,,ses-04,ses-05,1,,69,18,83,12,0.566265,0.503251,0.385691,0.512411,0.687767,0.495133,0.056013
deepconvnet,cross_session,sub-012,,ses-05,ses-01,1,,66,17,100,3,0.490000,0.490000,0.443171,0.472000,0.724544,0.529588,0.134140
deepconvnet,cross_session,sub-012,,ses-05,ses-02,1,,66,17,91,3,0.483516,0.483816,0.483267,0.498068,0.755739,0.554034,0.153033
deepconvnet,cross_session,sub-012,,ses-05,ses-03,1,,66,17,97,3,0.577320,0.575680,0.565498,0.571003,0.692365,0.498694,0.083450
deepconvnet,cross_session,sub-012,,ses-05,ses-04,1,,66,17,87,3,0.494253,0.483333,0.431034,0.454497,0.751103,0.553166,0.129223
deepconvnet,cross_session,sub-013,,ses-01,ses-02,1,,80,20,94,6,0.553191,0.554195,0.553191,0.636735,1.796473,0.642354,0.309707
deepconvnet,cross_session,sub-013,,ses-01,ses-03,1,,80,20,100,6,0.930000,0.930000,0.929993,0.943600,0.377279,0.125532,0.046849
deepconvnet,cross_session,sub-013,,ses-01,ses-04,1,,80,20,95,6,0.505263,0.492458,0.398653,0.550133,1.110599,0.711958,0.314197
deepconvnet,cross_session,sub-013,,ses-01,ses-05,1,,80,20,100,6,0.480000,0.480000,0.324324,0.492400,1.193343,0.796300,0.395608
deepconvnet,cross_session,sub-013,,ses-02,ses-01,1,,75,19,100,1,0.620000,0.620000,0.619391,0.692800,0.643434,0.452013,0.070795
deepconvnet,cross_session,sub-013,,ses-02,ses-03,1,,75,19,100,1,0.700000,0.700000,0.694002,0.730000,0.636546,0.444524,0.119709
deepconvnet,cross_session,sub-013,,ses-02,ses-04,1,,75,19,95,1,0.484211,0.470053,0.343349,0.546584,0.692589,0.500090,0.126389
deepconvnet,cross_session,sub-013,,ses-02,ses-05,1,,75,19,100,1,0.510000,0.510000,0.371069,0.487200,0.709991,0.516396,0.118557
deepconvnet,cross_session,sub-013,,ses-03,ses-01,1,,80,20,100,4,0.740000,0.740000,0.724109,0.898800,0.820369,0.430793,0.207488
deepconvnet,cross_session,sub-013,,ses-03,ses-02,1,,80,20,94,4,0.574468,0.570068,0.567418,0.610884,2.496257,0.772961,0.389373
deepconvnet,cross_session,sub-013,,ses-03,ses-04,1,,80,20,95,4,0.515789,0.500000,0.340278,0.594055,2.134224,0.926384,0.467937
deepconvnet,cross_session,sub-013,,ses-03,ses-05,1,,80,20,100,4,0.500000,0.500000,0.333333,0.519600,2.622834,0.973355,0.493990
deepconvnet,cross_session,sub-013,,ses-04,ses-01,1,,76,19,100,1,0.410000,0.410000,0.399858,0.386400,0.732690,0.539229,0.165369
deepconvnet,cross_session,sub-013,,ses-04,ses-02,1,,76,19,94,1,0.489362,0.481179,0.465149,0.503401,0.697499,0.504074,0.072174
deepconvnet,cross_session,sub-013,,ses-04,ses-03,1,,76,19,100,1,0.480000,0.480000,0.324324,0.381200,0.846923,0.628332,0.225382
deepconvnet,cross_session,sub-013,,ses-04,ses-05,1,,76,19,100,1,0.800000,0.800000,0.797078,0.872800,0.610638,0.418558,0.235404
deepconvnet,cross_session,sub-013,,ses-05,ses-01,1,,80,20,100,2,0.610000,0.610000,0.579333,0.661200,1.424856,0.696511,0.328857
deepconvnet,cross_session,sub-013,,ses-05,ses-02,1,,80,20,94,2,0.542553,0.538549,0.536202,0.598639,1.371684,0.682130,0.317450
deepconvnet,cross_session,sub-013,,ses-05,ses-03,1,,80,20,100,2,0.640000,0.640000,0.592944,0.913200,1.032389,0.584197,0.291811
deepconvnet,cross_session,sub-013,,ses-05,ses-04,1,,80,20,95,2,0.610526,0.614463,0.606162,0.682786,0.938530,0.545213,0.230708
deepconvnet,cross_session,sub-014,,ses-01,ses-02,1,,80,20,95,1,0.515789,0.511303,0.404956,0.507979,0.705345,0.511809,0.076047
deepconvnet,cross_session,sub-014,,ses-01,ses-03,1,,80,20,92,1,0.510870,0.489559,0.438644,0.535358,0.703623,0.509510,0.096582
deepconvnet,cross_session,sub-014,,ses-01,ses-04,1,,80,20,92,1,0.510870,0.502364,0.416490,0.536643,0.696483,0.503251,0.060086
deepconvnet,cross_session,sub-014,,ses-01,ses-05,1,,80,20,100,1,0.500000,0.500000,0.434645,0.458000,0.741148,0.543074,0.104139
deepconvnet,cross_session,sub-014,,ses-02,ses-01,1,,76,19,100,1,0.570000,0.570000,0.560102,0.557200,0.695409,0.501735,0.066142
deepconvnet,cross_session,sub-014,,ses-02,ses-03,1,,76,19,92,1,0.608696,0.591362,0.568750,0.599905,0.682230,0.489125,0.084809
deepconvnet,cross_session,sub-014,,ses-02,ses-04,1,,76,19,92,1,0.434783,0.427423,0.356989,0.406619,0.703384,0.510203,0.099081
deepconvnet,cross_session,sub-014,,ses-02,ses-05,1,,76,19,100,1,0.570000,0.570000,0.550162,0.581200,0.683740,0.490801,0.063007
deepconvnet,cross_session,sub-014,,ses-03,ses-01,1,,73,19,100,1,0.450000,0.450000,0.437340,0.417600,0.723561,0.529649,0.122791
deepconvnet,cross_session,sub-014,,ses-03,ses-02,1,,73,19,95,1,0.526316,0.528590,0.504348,0.577128,0.690963,0.497822,0.071142
deepconvnet,cross_session,sub-014,,ses-03,ses-04,1,,73,19,92,1,0.619565,0.621513,0.617350,0.643499,0.672849,0.479903,0.083114
deepconvnet,cross_session,sub-014,,ses-03,ses-05,1,,73,19,100,1,0.560000,0.560000,0.522569,0.590800,0.693679,0.499651,0.141495
deepconvnet,cross_session,sub-014,,ses-04,ses-01,1,,73,19,100,9,0.520000,0.520000,0.512987,0.570000,2.011216,0.795270,0.393566
deepconvnet,cross_session,sub-014,,ses-04,ses-02,1,,73,19,95,9,0.515789,0.515071,0.513146,0.493351,2.545489,0.876003,0.405986
deepconvnet,cross_session,sub-014,,ses-04,ses-03,1,,73,19,92,9,0.510870,0.515187,0.510349,0.475558,3.304979,0.905605,0.422362
deepconvnet,cross_session,sub-014,,ses-04,ses-05,1,,73,19,100,9,0.510000,0.510000,0.487394,0.467600,2.091278,0.850119,0.383926
deepconvnet,cross_session,sub-014,,ses-05,ses-01,1,,80,20,100,2,0.540000,0.540000,0.487522,0.584000,0.723701,0.522135,0.114591
deepconvnet,cross_session,sub-014,,ses-05,ses-02,1,,80,20,95,2,0.526316,0.529699,0.473846,0.503546,0.733216,0.536743,0.148037
deepconvnet,cross_session,sub-014,,ses-05,ses-03,1,,80,20,92,2,0.489130,0.501898,0.475179,0.613194,0.700485,0.507867,0.162682
deepconvnet,cross_session,sub-014,,ses-05,ses-04,1,,80,20,92,2,0.434783,0.440662,0.393509,0.473286,0.715818,0.521727,0.125907
deepconvnet,cross_session,sub-015,,ses-01,ses-02,1,,80,20,95,1,0.547368,0.551640,0.461153,0.660018,0.674476,0.482394,0.060509
deepconvnet,cross_session,sub-015,,ses-01,ses-03,1,,80,20,85,1,0.447059,0.481327,0.355749,0.468785,0.749528,0.553827,0.166389
deepconvnet,cross_session,sub-015,,ses-01,ses-04,1,,80,20,95,1,0.547368,0.551640,0.461153,0.660018,0.674476,0.482394,0.060509
deepconvnet,cross_session,sub-015,,ses-01,ses-05,1,,80,20,98,1,0.448980,0.449583,0.448750,0.429583,0.731887,0.536552,0.124398
deepconvnet,cross_session,sub-015,,ses-02,ses-01,1,,76,19,100,1,0.530000,0.530000,0.512398,0.532800,0.709394,0.514918,0.076810
deepconvnet,cross_session,sub-015,,ses-02,ses-03,1,,76,19,85,1,0.423529,0.442029,0.402353,0.448161,0.736610,0.542076,0.163272
deepconvnet,cross_session,sub-015,,ses-02,ses-04,1,,76,19,95,1,0.621053,0.622562,0.613821,0.742021,0.622103,0.431817,0.107147
deepconvnet,cross_session,sub-015,,ses-02,ses-05,1,,76,19,98,1,0.561224,0.556667,0.535647,0.499583,0.715227,0.520228,0.127589
deepconvnet,cross_session,sub-015,,ses-03,ses-01,1,,68,17,100,1,0.600000,0.600000,0.599359,0.623200,0.678844,0.485789,0.058936
deepconvnet,cross_session,sub-015,,ses-03,ses-02,1,,68,17,95,1,0.515789,0.514184,0.503409,0.518617,0.691980,0.498864,0.019043
deepconvnet,cross_session,sub-015,,ses-03,ses-04,1,,68,17,95,1,0.515789,0.514184,0.503409,0.518617,0.691980,0.498864,0.019043
deepconvnet,cross_session,sub-015,,ses-03,ses-05,1,,68,17,98,1,0.520408,0.515000,0.481014,0.558750,0.687802,0.494699,0.045430
deepconvnet,cross_session,sub-015,,ses-04,ses-01,1,,76,19,100,1,0.530000,0.530000,0.512398,0.532800,0.709394,0.514918,0.076810
deepconvnet,cross_session,sub-015,,ses-04,ses-02,1,,76,19,95,1,0.621053,0.622562,0.613821,0.742021,0.622103,0.431817,0.107147
deepconvnet,cross_session,sub-015,,ses-04,ses-03,1,,76,19,85,1,0.423529,0.442029,0.402353,0.448161,0.736610,0.542076,0.163272
deepconvnet,cross_session,sub-015,,ses-04,ses-05,1,,76,19,98,1,0.561224,0.556667,0.535647,0.499583,0.715227,0.520228,0.127589
deepconvnet,cross_session,sub-015,,ses-05,ses-01,1,,78,20,100,1,0.520000,0.520000,0.515152,0.533600,0.703400,0.509582,0.096210
deepconvnet,cross_session,sub-015,,ses-05,ses-02,1,,78,20,95,1,0.568421,0.568484,0.568421,0.585993,0.688527,0.492749,0.025307
deepconvnet,cross_session,sub-015,,ses-05,ses-03,1,,78,20,85,1,0.517647,0.503623,0.495001,0.514493,0.692340,0.499256,0.057244
deepconvnet,cross_session,sub-015,,ses-05,ses-04,1,,78,20,95,1,0.568421,0.568484,0.568421,0.585993,0.688527,0.492749,0.025307
deepconvnet,cross_session,sub-016,,ses-01,ses-02,1,,80,20,100,1,0.520000,0.520000,0.438990,0.468000,0.716607,0.522066,0.075036
deepconvnet,cross_session,sub-016,,ses-01,ses-03,1,,80,20,100,1,0.530000,0.530000,0.503748,0.574800,0.757302,0.508311,0.072868
deepconvnet,cross_session,sub-016,,ses-01,ses-04,1,,80,20,95,1,0.463158,0.467199,0.373140,0.531915,0.716388,0.522230,0.128020
deepconvnet,cross_session,sub-016,,ses-01,ses-05,1,,80,20,91,1,0.549451,0.544971,0.538528,0.558027,0.699296,0.504801,0.064146
deepconvnet,cross_session,sub-016,,ses-02,ses-01,1,,80,20,100,2,0.440000,0.440000,0.428805,0.511200,0.724310,0.530127,0.196499
deepconvnet,cross_session,sub-016,,ses-02,ses-03,1,,80,20,100,2,0.520000,0.520000,0.465241,0.534400,0.871564,0.560160,0.173162
deepconvnet,cross_session,sub-016,,ses-02,ses-04,1,,80,20,95,2,0.536842,0.540559,0.473286,0.531472,0.735281,0.534379,0.098065
deepconvnet,cross_session,sub-016,,ses-02,ses-05,1,,80,20,91,2,0.516484,0.515232,0.515019,0.491779,0.870375,0.619597,0.214759
deepconvnet,cross_session,sub-016,,ses-03,ses-01,1,,80,20,100,17,0.460000,0.460000,0.426995,0.506400,2.374275,0.947257,0.457567
deepconvnet,cross_session,sub-016,,ses-03,ses-02,1,,80,20,100,17,0.610000,0.610000,0.555556,0.731200,1.516696,0.679893,0.337083
deepconvnet,cross_session,sub-016,,ses-03,ses-04,1,,80,20,95,17,0.600000,0.601950,0.586767,0.631649,1.518337,0.677656,0.298574
deepconvnet,cross_session,sub-016,,ses-03,ses-05,1,,80,20,91,17,0.582418,0.587041,0.576225,0.629836,2.897306,0.738227,0.376345
deepconvnet,cross_session,sub-016,,ses-04,ses-01,1,,76,19,100,6,0.480000,0.480000,0.412031,0.454000,0.971749,0.680790,0.256645
deepconvnet,cross_session,sub-016,,ses-04,ses-02,1,,76,19,100,6,0.480000,0.480000,0.466338,0.499200,0.837839,0.585588,0.224657
deepconvnet,cross_session,sub-016,,ses-04,ses-03,1,,76,19,100,6,0.670000,0.670000,0.669703,0.739200,0.757237,0.421069,0.050854
deepconvnet,cross_session,sub-016,,ses-04,ses-05,1,,76,19,91,6,0.505495,0.495164,0.445197,0.491779,1.511215,0.744194,0.356117
deepconvnet,cross_session,sub-016,,ses-05,ses-01,1,,72,19,100,14,0.500000,0.500000,0.333333,0.565600,1.020020,0.707610,0.335896
deepconvnet,cross_session,sub-016,,ses-05,ses-02,1,,72,19,100,14,0.500000,0.500000,0.350312,0.482000,1.035426,0.725463,0.321463
deepconvnet,cross_session,sub-016,,ses-05,ses-03,1,,72,19,100,14,0.530000,0.530000,0.423384,0.596400,0.910176,0.628857,0.270951
deepconvnet,cross_session,sub-016,,ses-05,ses-04,1,,72,19,95,14,0.505263,0.510195,0.370151,0.543440,0.953544,0.676315,0.286536
deepconvnet,cross_session,sub-017,,ses-01,ses-02,1,,80,20,100,5,0.460000,0.460000,0.379596,0.376800,1.718716,0.892413,0.432978
deepconvnet,cross_session,sub-017,,ses-01,ses-03,1,,80,20,98,5,0.500000,0.490000,0.333333,0.621458,4.407271,0.954340,0.482885
deepconvnet,cross_session,sub-017,,ses-01,ses-04,1,,80,20,100,5,0.500000,0.500000,0.415615,0.463200,1.901623,0.865360,0.417369
deepconvnet,cross_session,sub-017,,ses-01,ses-05,1,,80,20,95,5,0.547368,0.548759,0.540029,0.571809,1.989409,0.789897,0.394535
deepconvnet,cross_session,sub-017,,ses-02,ses-01,1,,80,20,100,1,0.500000,0.500000,0.333333,0.343600,0.723536,0.529614,0.132319
deepconvnet,cross_session,sub-017,,ses-02,ses-03,1,,80,20,98,1,0.510204,0.502917,0.433799,0.517917,0.720252,0.524492,0.095347
deepconvnet,cross_session,sub-017,,ses-02,ses-04,1,,80,20,100,1,0.490000,0.490000,0.461514,0.491600,0.708723,0.514770,0.097622
deepconvnet,cross_session,sub-017,,ses-02,ses-05,1,,80,20,95,1,0.568421,0.572030,0.513186,0.569592,0.692469,0.498689,0.072988
deepconvnet,cross_session,sub-017,,ses-03,ses-01,1,,78,20,100,1,0.500000,0.500000,0.333333,0.421200,0.714132,0.520577,0.088534
deepconvnet,cross_session,sub-017,,ses-03,ses-02,1,,78,20,100,1,0.500000,0.500000,0.333333,0.478800,0.717603,0.523758,0.103487
deepconvnet,cross_session,sub-017,,ses-03,ses-04,1,,78,20,100,1,0.500000,0.500000,0.404762,0.387200,0.712260,0.518929,0.146119
deepconvnet,cross_session,sub-017,,ses-03,ses-05,1,,78,20,95,1,0.505263,0.501108,0.411028,0.534574,0.716162,0.518928,0.087283
deepconvnet,cross_session,sub-017,,ses-04,ses-01,1,,80,20,100,1,0.510000,0.510000,0.385580,0.527200,0.710867,0.516964,0.091824
deepconvnet,cross_session,sub-017,,ses-04,ses-02,1,,80,20,100,1,0.500000,0.500000,0.379960,0.478000,0.724168,0.529367,0.113573
deepconvnet,cross_session,sub-017,,ses-04,ses-03,1,,80,20,98,1,0.520408,0.527500,0.459072,0.534167,0.706943,0.512634,0.119417
deepconvnet,cross_session,sub-017,,ses-04,ses-05,1,,80,20,95,1,0.505263,0.510195,0.370151,0.438387,0.720671,0.526527,0.094738
deepconvnet,cross_session,sub-017,,ses-05,ses-01,1,,76,19,100,1,0.500000,0.500000,0.333333,0.392800,0.718662,0.524849,0.110826
deepconvnet,cross_session,sub-017,,ses-05,ses-02,1,,76,19,100,1,0.440000,0.440000,0.345489,0.461600,0.711962,0.518479,0.118360
deepconvnet,cross_session,sub-017,,ses-05,ses-03,1,,76,19,98,1,0.510204,0.504583,0.466667,0.402500,0.742832,0.546626,0.135486
deepconvnet,cross_session,sub-017,,ses-05,ses-04,1,,76,19,100,1,0.420000,0.420000,0.408405,0.408000,0.720310,0.526758,0.126057
deepconvnet,cross_session,sub-018,,ses-01,ses-02,1,,75,19,100,3,0.610000,0.610000,0.606815,0.594400,1.012329,0.612001,0.234251
deepconvnet,cross_session,sub-018,,ses-01,ses-03,1,,75,19,100,3,0.490000,0.490000,0.443171,0.427600,0.904232,0.651570,0.263562
deepconvnet,cross_session,sub-018,,ses-01,ses-04,1,,75,19,100,3,0.420000,0.420000,0.417904,0.408000,1.101373,0.751631,0.357559
deepconvnet,cross_session,sub-018,,ses-01,ses-05,1,,75,19,100,3,0.330000,0.330000,0.324529,0.298000,1.419265,0.817608,0.388233
deepconvnet,cross_session,sub-018,,ses-02,ses-01,1,,80,20,94,1,0.500000,0.510417,0.351343,0.600996,0.716691,0.523178,0.140003
deepconvnet,cross_session,sub-018,,ses-02,ses-03,1,,80,20,100,1,0.560000,0.560000,0.559824,0.608800,0.666656,0.474723,0.094965
deepconvnet,cross_session,sub-018,,ses-02,ses-04,1,,80,20,100,1,0.480000,0.480000,0.355159,0.446800,0.730786,0.536070,0.119503
deepconvnet,cross_session,sub-018,,ses-02,ses-05,1,,80,20,100,1,0.530000,0.530000,0.423384,0.656000,0.880700,0.509448,0.111026
deepconvnet,cross_session,sub-018,,ses-03,ses-01,1,,80,20,94,1,0.500000,0.492754,0.429715,0.451540,0.705942,0.512552,0.083507
deepconvnet,cross_session,sub-018,,ses-03,ses-02,1,,80,20,100,1,0.520000,0.520000,0.465241,0.566400,0.692201,0.500121,0.107063
deepconvnet,cross_session,sub-018,,ses-03,ses-04,1,,80,20,100,1,0.630000,0.630000,0.623640,0.758000,0.638073,0.446268,0.108007
deepconvnet,cross_session,sub-018,,ses-03,ses-05,1,,80,20,100,1,0.510000,0.510000,0.509951,0.519600,0.688731,0.497993,0.083797
deepconvnet,cross_session,sub-018,,ses-04,ses-01,1,,80,20,94,2,0.521277,0.512681,0.421736,0.382699,0.753369,0.556347,0.231270
deepconvnet,cross_session,sub-018,,ses-04,ses-02,1,,80,20,100,2,0.490000,0.490000,0.470899,0.539600,0.793191,0.577782,0.246236
deepconvnet,cross_session,sub-018,,ses-04,ses-03,1,,80,20,100,2,0.580000,0.580000,0.525102,0.713200,0.694024,0.497284,0.153743
deepconvnet,cross_session,sub-018,,ses-04,ses-05,1,,80,20,100,2,0.520000,0.520000,0.465241,0.534400,0.871564,0.560160,0.173162
deepconvnet,cross_session,sub-018,,ses-05,ses-01,1,,80,20,94,17,0.563830,0.557065,0.510603,0.575181,1.826329,0.732648,0.340317
deepconvnet,cross_session,sub-018,,ses-05,ses-02,1,,80,20,100,17,0.580000,0.580000,0.579832,0.605600,1.780567,0.741761,0.354333
deepconvnet,cross_session,sub-018,,ses-05,ses-03,1,,80,20,100,17,0.650000,0.650000,0.630451,0.697600,2.295850,0.631243,0.310805
deepconvnet,cross_session,sub-018,,ses-05,ses-04,1,,80,20,100,17,0.610000,0.610000,0.555556,0.731200,1.516696,0.679893,0.337083
deepconvnet,cross_session,sub-019,,ses-01,ses-02,1,,76,19,95,3,0.557895,0.554078,0.488462,0.581560,0.683518,0.491017,0.094351
deepconvnet,cross_session,sub-019,,ses-01,ses-03,1,,76,19,94,3,0.574468,0.583673,0.558271,0.536961,0.711998,0.516240,0.074453
deepconvnet,cross_session,sub-019,,ses-01,ses-04,1,,76,19,92,3,0.500000,0.490780,0.383450,0.504019,0.708848,0.515068,0.073939
deepconvnet,cross_session,sub-019,,ses-01,ses-05,1,,76,19,93,3,0.537634,0.538033,0.537420,0.551020,0.697104,0.502107,0.063420
deepconvnet,cross_session,sub-019,,ses-02,ses-01,1,,76,19,95,6,0.505263,0.517746,0.422306,0.472937,1.063405,0.704053,0.272470
deepconvnet,cross_session,sub-019,,ses-02,ses-03,1,,76,19,94,6,0.659574,0.649887,0.635835,0.758277,0.646933,0.434089,0.101318
deepconvnet,cross_session,sub-019,,ses-02,ses-04,1,,76,19,92,6,0.619565,0.624350,0.602616,0.642553,0.708376,0.497174,0.130692
deepconvnet,cross_session,sub-019,,ses-02,ses-05,1,,76,19,93,6,0.666667,0.676716,0.658938,0.685065,0.795552,0.518490,0.189425
deepconvnet,cross_session,sub-019,,ses-03,ses-01,1,,75,19,95,36,0.536842,0.523070,0.417503,0.585182,3.730300,0.899416,0.449686
deepconvnet,cross_session,sub-019,,ses-03,ses-02,1,,75,19,95,36,0.515789,0.515957,0.515736,0.573582,1.358576,0.727751,0.344376
deepconvnet,cross_session,sub-019,,ses-03,ses-04,1,,75,19,92,36,0.663043,0.666430,0.656178,0.657210,1.044147,0.580862,0.244252
deepconvnet,cross_session,sub-019,,ses-03,ses-05,1,,75,19,93,36,0.645161,0.636596,0.631351,0.739332,1.308020,0.554570,0.269960
deepconvnet,cross_session,sub-019,,ses-04,ses-01,1,,73,19,95,1,0.515789,0.500000,0.340278,0.531943,1.515013,0.850470,0.416431
deepconvnet,cross_session,sub-019,,ses-04,ses-02,1,,73,19,95,1,0.505263,0.500665,0.385071,0.613475,0.826975,0.573722,0.225347
deepconvnet,cross_session,sub-019,,ses-04,ses-03,1,,73,19,94,1,0.478723,0.500000,0.323741,0.760998,1.170467,0.803952,0.423975
deepconvnet,cross_session,sub-019,,ses-04,ses-05,1,,73,19,93,1,0.537634,0.511364,0.369740,0.691095,1.244245,0.655772,0.330081
deepconvnet,cross_session,sub-019,,ses-05,ses-01,1,,74,19,95,1,0.526316,0.540151,0.424242,0.499113,0.748326,0.549941,0.130514
deepconvnet,cross_session,sub-019,,ses-05,ses-02,1,,74,19,95,1,0.494737,0.499778,0.348571,0.493794,0.709968,0.516525,0.087600
deepconvnet,cross_session,sub-019,,ses-05,ses-03,1,,74,19,94,1,0.500000,0.479592,0.333333,0.620862,0.690891,0.497947,0.114065
deepconvnet,cross_session,sub-019,,ses-05,ses-04,1,,74,19,92,1,0.489130,0.500000,0.328467,0.638771,0.698858,0.505710,0.092021
deepconvnet,cross_session,sub-020,,ses-01,ses-02,1,,71,18,100,1,0.630000,0.630000,0.571313,0.901200,0.604876,0.416620,0.176972
deepconvnet,cross_session,sub-020,,ses-01,ses-03,1,,71,18,100,1,0.510000,0.510000,0.432279,0.467200,0.752546,0.555197,0.183028
deepconvnet,cross_session,sub-020,,ses-01,ses-04,1,,71,18,100,1,0.910000,0.910000,0.909265,0.997600,0.359573,0.202695,0.187161
deepconvnet,cross_session,sub-020,,ses-01,ses-05,1,,71,18,100,1,0.860000,0.860000,0.857201,0.993200,0.405674,0.242519,0.150831
deepconvnet,cross_session,sub-020,,ses-02,ses-01,1,,80,20,89,4,0.685393,0.687121,0.678535,0.680303,1.046576,0.516052,0.232586
deepconvnet,cross_session,sub-020,,ses-02,ses-03,1,,80,20,100,4,0.470000,0.470000,0.469947,0.487400,5.315871,1.048803,0.525662
deepconvnet,cross_session,sub-020,,ses-02,ses-04,1,,80,20,100,4,0.550000,0.550000,0.435737,0.925600,0.911083,0.624200,0.325001
deepconvnet,cross_session,sub-020,,ses-02,ses-05,1,,80,20,100,4,0.730000,0.730000,0.714919,0.931200,0.478831,0.338698,0.125717
deepconvnet,cross_session,sub-020,,ses-03,ses-01,1,,80,20,89,5,0.561798,0.557071,0.464104,0.651515,0.719724,0.521337,0.137857
deepconvnet,cross_session,sub-020,,ses-03,ses-02,1,,80,20,100,5,0.530000,0.530000,0.516013,0.665600,0.663498,0.474277,0.132159
deepconvnet,cross_session,sub-020,,ses-03,ses-04,1,,80,20,100,5,0.560000,0.560000,0.528100,0.703600,0.656572,0.465091,0.102295
deepconvnet,cross_session,sub-020,,ses-03,ses-05,1,,80,20,100,5,0.500000,0.500000,0.379960,0.709200,0.681805,0.489415,0.116797
deepconvnet,cross_session,sub-020,,ses-04,ses-01,1,,80,20,89,16,0.797753,0.796970,0.796494,0.917172,0.808581,0.353165,0.174682
deepconvnet,cross_session,sub-020,,ses-04,ses-02,1,,80,20,100,16,0.870000,0.870000,0.869883,0.958000,0.294576,0.191472,0.070525
deepconvnet,cross_session,sub-020,,ses-04,ses-03,1,,80,20,100,16,0.450000,0.450000,0.449505,0.474000,2.754301,0.913410,0.450772
deepconvnet,cross_session,sub-020,,ses-04,ses-05,1,,80,20,100,16,0.990000,0.990000,0.989999,0.999600,0.029429,0.019212,0.015331
deepconvnet,cross_session,sub-020,,ses-05,ses-01,1,,80,20,89,43,0.786517,0.786869,0.786409,0.872222,0.915588,0.357999,0.172470
deepconvnet,cross_session,sub-020,,ses-05,ses-02,1,,80,20,100,43,0.960000,0.960000,0.959984,0.978400,0.162290,0.061879,0.025328
deepconvnet,cross_session,sub-020,,ses-05,ses-03,1,,80,20,100,43,0.480000,0.480000,0.479792,0.483600,3.381788,1.015606,0.521818
deepconvnet,cross_session,sub-020,,ses-05,ses-04,1,,80,20,100,43,0.970000,0.970000,0.969973,1.000000,0.060710,0.038406,0.026038
deepconvnet,cross_session,sub-021,,ses-01,ses-02,1,,75,19,99,4,0.626263,0.629388,0.588473,0.715102,0.983518,0.592591,0.265639
deepconvnet,cross_session,sub-021,,ses-01,ses-03,1,,75,19,93,4,0.698925,0.696577,0.682749,0.880204,0.600850,0.400412,0.158466
deepconvnet,cross_session,sub-021,,ses-01,ses-04,1,,75,19,100,4,0.690000,0.690000,0.669333,0.778000,0.950008,0.499552,0.207625
deepconvnet,cross_session,sub-021,,ses-01,ses-05,1,,75,19,96,4,0.791667,0.789405,0.788360,0.859314,0.523014,0.329694,0.100585
deepconvnet,cross_session,sub-021,,ses-02,ses-01,1,,79,20,94,7,0.734043,0.734043,0.734012,0.816659,0.571628,0.360532,0.172419
deepconvnet,cross_session,sub-021,,ses-02,ses-03,1,,79,20,93,7,0.580645,0.577012,0.524328,0.673451,0.679271,0.484902,0.128679
deepconvnet,cross_session,sub-021,,ses-02,ses-04,1,,79,20,100,7,0.680000,0.680000,0.663724,0.721200,0.650712,0.457987,0.127285
deepconvnet,cross_session,sub-021,,ses-02,ses-05,1,,79,20,96,7,0.718750,0.714069,0.701623,0.805037,0.590299,0.402405,0.076979
deepconvnet,cross_session,sub-021,,ses-03,ses-01,1,,74,19,94,1,0.680851,0.680851,0.673611,0.751471,0.654740,0.461930,0.136739
deepconvnet,cross_session,sub-021,,ses-03,ses-02,1,,74,19,99,1,0.585859,0.585510,0.585181,0.597959,0.679558,0.486584,0.060640
deepconvnet,cross_session,sub-021,,ses-03,ses-04,1,,74,19,100,1,0.560000,0.560000,0.560000,0.633200,0.668104,0.475508,0.054709
deepconvnet,cross_session,sub-021,,ses-03,ses-05,1,,74,19,96,1,0.604167,0.610508,0.567362,0.637429,0.679968,0.486754,0.084530
deepconvnet,cross_session,sub-021,,ses-04,ses-01,1,,80,20,94,9,0.702128,0.702128,0.693240,0.781802,0.857685,0.470920,0.213095
deepconvnet,cross_session,sub-021,,ses-04,ses-02,1,,80,20,99,9,0.626263,0.625102,0.620690,0.640408,1.229308,0.649071,0.277957
deepconvnet,cross_session,sub-021,,ses-04,ses-03,1,,80,20,93,9,0.774194,0.773821,0.773775,0.843201,0.540537,0.316617,0.088407
deepconvnet,cross_session,sub-021,,ses-04,ses-05,1,,80,20,96,9,0.739583,0.740556,0.739329,0.830221,0.526313,0.353381,0.118973
deepconvnet,cross_session,sub-021,,ses-05,ses-01,1,,76,20,94,2,0.712766,0.712766,0.712473,0.822997,0.526328,0.367463,0.137563
deepconvnet,cross_session,sub-021,,ses-05,ses-02,1,,76,20,99,2,0.595960,0.596939,0.592593,0.622857,0.823743,0.566618,0.237108
deepconvnet,cross_session,sub-021,,ses-05,ses-03,1,,76,20,93,2,0.817204,0.817761,0.816866,0.857539,0.504630,0.325711,0.128719
deepconvnet,cross_session,sub-021,,ses-05,ses-04,1,,76,20,100,2,0.540000,0.540000,0.429563,0.768800,1.327043,0.741928,0.378803
deepconvnet,cross_session,sub-022,,ses-01,ses-02,1,,69,18,100,1,0.470000,0.470000,0.319728,0.314800,0.724113,0.530289,0.101226
deepconvnet,cross_session,sub-022,,ses-01,ses-03,1,,69,18,100,1,0.500000,0.500000,0.442959,0.510800,0.695695,0.502517,0.039457
deepconvnet,cross_session,sub-022,,ses-01,ses-04,1,,69,18,100,1,0.520000,0.520000,0.518266,0.503200,0.695150,0.501967,0.018795
deepconvnet,cross_session,sub-022,,ses-01,ses-05,1,,69,18,93,1,0.462366,0.470833,0.427340,0.443056,0.708423,0.515183,0.097624
deepconvnet,cross_session,sub-022,,ses-02,ses-01,1,,80,20,87,29,0.505747,0.508457,0.478170,0.604651,2.234478,0.819071,0.419435
deepconvnet,cross_session,sub-022,,ses-02,ses-03,1,,80,20,100,29,0.520000,0.520000,0.519231,0.526000,2.617703,0.820793,0.413883
deepconvnet,cross_session,sub-022,,ses-02,ses-04,1,,80,20,100,29,0.770000,0.770000,0.769424,0.838400,1.173064,0.410406,0.206791
deepconvnet,cross_session,sub-022,,ses-02,ses-05,1,,80,20,93,29,0.602151,0.604167,0.601413,0.602546,4.068235,0.762474,0.382625
deepconvnet,cross_session,sub-022,,ses-03,ses-01,1,,80,20,87,1,0.448276,0.453488,0.309524,0.426004,0.705026,0.511782,0.087503
deepconvnet,cross_session,sub-022,,ses-03,ses-02,1,,80,20,100,1,0.570000,0.570000,0.524284,0.593600,0.689986,0.496790,0.051123
deepconvnet,cross_session,sub-022,,ses-03,ses-04,1,,80,20,100,1,0.550000,0.550000,0.533147,0.566400,0.686905,0.493944,0.064908
deepconvnet,cross_session,sub-022,,ses-03,ses-05,1,,80,20,93,1,0.505376,0.509028,0.500700,0.536574,0.691239,0.498272,0.052251
deepconvnet,cross_session,sub-022,,ses-04,ses-01,1,,80,20,87,12,0.517241,0.516913,0.516667,0.537526,1.082352,0.690079,0.300855
deepconvnet,cross_session,sub-022,,ses-04,ses-02,1,,80,20,100,12,0.680000,0.680000,0.679487,0.747200,0.934712,0.472043,0.188561
deepconvnet,cross_session,sub-022,,ses-04,ses-03,1,,80,20,100,12,0.560000,0.560000,0.557166,0.567200,1.425492,0.729811,0.304988
deepconvnet,cross_session,sub-022,,ses-04,ses-05,1,,80,20,93,12,0.526882,0.531250,0.520169,0.595833,2.669093,0.837902,0.417880
deepconvnet,cross_session,sub-022,,ses-05,ses-01,1,,74,19,87,1,0.494253,0.489429,0.382581,0.392178,0.708723,0.515336,0.058656
deepconvnet,cross_session,sub-022,,ses-05,ses-02,1,,74,19,100,1,0.450000,0.450000,0.399498,0.496000,0.697505,0.504346,0.089676
deepconvnet,cross_session,sub-022,,ses-05,ses-03,1,,74,19,100,1,0.540000,0.540000,0.530804,0.563200,0.688532,0.495436,0.061326
deepconvnet,cross_session,sub-022,,ses-05,ses-04,1,,74,19,100,1,0.550000,0.550000,0.478624,0.578000,0.691965,0.498699,0.043320
deepconvnet,cross_session,sub-023,,ses-01,ses-02,1,,76,20,94,3,0.638298,0.638587,0.638298,0.673913,0.654050,0.461306,0.069852
deepconvnet,cross_session,sub-023,,ses-01,ses-03,1,,76,20,99,3,0.757576,0.757551,0.757551,0.851837,0.529717,0.348620,0.126395
deepconvnet,cross_session,sub-023,,ses-01,ses-04,1,,76,20,100,3,0.790000,0.790000,0.787428,0.858800,0.571429,0.381489,0.195573
deepconvnet,cross_session,sub-023,,ses-01,ses-05,1,,76,20,97,3,0.742268,0.743410,0.739499,0.802296,0.588182,0.399361,0.145079
deepconvnet,cross_session,sub-023,,ses-02,ses-01,1,,75,19,96,2,0.510417,0.510417,0.474799,0.510417,1.019639,0.694704,0.319904
deepconvnet,cross_session,sub-023,,ses-02,ses-03,1,,75,19,99,2,0.525253,0.523265,0.505053,0.552653,0.895441,0.627845,0.259786
deepconvnet,cross_session,sub-023,,ses-02,ses-04,1,,75,19,100,2,0.610000,0.610000,0.584000,0.776000,0.616244,0.432523,0.099809
deepconvnet,cross_session,sub-023,,ses-02,ses-05,1,,75,19,97,2,0.752577,0.753189,0.751918,0.770408,0.635657,0.398573,0.144901
deepconvnet,cross_session,sub-023,,ses-03,ses-01,1,,79,20,96,1,0.531250,0.531250,0.399249,0.765625,0.710354,0.514992,0.197951
deepconvnet,cross_session,sub-023,,ses-03,ses-02,1,,79,20,94,1,0.478723,0.487772,0.370335,0.488678,0.714210,0.520439,0.095950
deepconvnet,cross_session,sub-023,,ses-03,ses-04,1,,79,20,100,1,0.500000,0.500000,0.434645,0.430400,0.725176,0.530169,0.085767
deepconvnet,cross_session,sub-023,,ses-03,ses-05,1,,79,20,97,1,0.484536,0.481080,0.417067,0.412840,0.714736,0.521458,0.109597
deepconvnet,cross_session,sub-023,,ses-04,ses-01,1,,80,20,96,3,0.583333,0.583333,0.505919,0.678385,2.053755,0.724789,0.362946
deepconvnet,cross_session,sub-023,,ses-04,ses-02,1,,80,20,94,3,0.648936,0.653080,0.637066,0.752264,0.766278,0.485314,0.193918
deepconvnet,cross_session,sub-023,,ses-04,ses-03,1,,80,20,99,3,0.565657,0.562041,0.499471,0.727755,1.133918,0.691241,0.350251
deepconvnet,cross_session,sub-023,,ses-04,ses-05,1,,80,20,97,3,0.731959,0.731505,0.731245,0.727891,0.956544,0.462450,0.166814
deepconvnet,cross_session,sub-023,,ses-05,ses-01,1,,77,20,96,1,0.500000,0.500000,0.445887,0.501302,0.865176,0.616613,0.203657
deepconvnet,cross_session,sub-023,,ses-05,ses-02,1,,77,20,94,1,0.521277,0.528986,0.453982,0.666214,0.674690,0.482483,0.092692
deepconvnet,cross_session,sub-023,,ses-05,ses-03,1,,77,20,99,1,0.525253,0.521633,0.452910,0.595510,0.825249,0.495610,0.104066
deepconvnet,cross_session,sub-023,,ses-05,ses-04,1,,77,20,100,1,0.530000,0.530000,0.493043,0.682400,0.662501,0.469980,0.159178
deepconvnet,cross_session,sub-024,,ses-01,ses-02,1,,59,15,82,1,0.487805,0.467105,0.430556,0.567584,0.685579,0.492845,0.095177
deepconvnet,cross_session,sub-024,,ses-01,ses-03,1,,59,15,83,1,0.433735,0.443023,0.398829,0.380233,0.726769,0.532755,0.122116
deepconvnet,cross_session,sub-024,,ses-01,ses-04,1,,59,15,98,1,0.500000,0.493333,0.436054,0.509583,0.740171,0.537599,0.123113
deepconvnet,cross_session,sub-024,,ses-01,ses-05,1,,59,15,100,1,0.480000,0.480000,0.474747,0.459200,0.701996,0.508762,0.058837
deepconvnet,cross_session,sub-024,,ses-02,ses-01,1,,65,17,74,1,0.513514,0.512088,0.512088,0.499634,0.694039,0.500874,0.010236
deepconvnet,cross_session,sub-024,,ses-02,ses-03,1,,65,17,83,1,0.433735,0.447384,0.348639,0.442442,0.729145,0.534579,0.142553
deepconvnet,cross_session,sub-024,,ses-02,ses-04,1,,65,17,98,1,0.479592,0.470833,0.355513,0.567083,0.703601,0.509239,0.120413
deepconvnet,cross_session,sub-024,,ses-02,ses-05,1,,65,17,100,1,0.480000,0.480000,0.476651,0.517200,0.694654,0.501473,0.042793
deepconvnet,cross_session,sub-024,,ses-03,ses-01,1,,66,17,74,5,0.500000,0.483150,0.435580,0.522344,0.711258,0.518085,0.114632
deepconvnet,cross_session,sub-024,,ses-03,ses-02,1,,66,17,82,5,0.475610,0.497010,0.438803,0.415670,0.850324,0.624954,0.193669
deepconvnet,cross_session,sub-024,,ses-03,ses-04,1,,66,17,98,5,0.561224,0.565417,0.544087,0.603333,0.734317,0.530671,0.144510
deepconvnet,cross_session,sub-024,,ses-03,ses-05,1,,66,17,100,5,0.530000,0.530000,0.486844,0.590000,0.696842,0.501651,0.066087
deepconvnet,cross_session,sub-024,,ses-04,ses-01,1,,78,20,74,2,0.459459,0.459341,0.459064,0.465201,0.708592,0.515068,0.104318
deepconvnet,cross_session,sub-024,,ses-04,ses-02,1,,78,20,82,2,0.512195,0.505981,0.504831,0.514354,0.699163,0.506162,0.093713
deepconvnet,cross_session,sub-024,,ses-04,ses-03,1,,78,20,83,2,0.481928,0.493023,0.434659,0.431977,0.769603,0.570639,0.220092
deepconvnet,cross_session,sub-024,,ses-04,ses-05,1,,78,20,100,2,0.470000,0.470000,0.465672,0.480400,0.701542,0.508347,0.071723
deepconvnet,cross_session,sub-024,,ses-05,ses-01,1,,80,20,74,5,0.391892,0.409890,0.326865,0.370696,0.785765,0.582497,0.213984
deepconvnet,cross_session,sub-024,,ses-05,ses-02,1,,80,20,82,5,0.500000,0.485646,0.471633,0.541268,0.719966,0.525405,0.152383
deepconvnet,cross_session,sub-024,,ses-05,ses-03,1,,80,20,83,5,0.493976,0.502035,0.471818,0.473256,0.826557,0.605893,0.190146
deepconvnet,cross_session,sub-024,,ses-05,ses-04,1,,80,20,98,5,0.510204,0.510417,0.510204,0.587083,0.701473,0.504801,0.140440
deepconvnet,cross_session,sub-025,,ses-01,ses-02,1,,70,18,92,1,0.532609,0.529787,0.523086,0.559338,0.680262,0.487571,0.041922
deepconvnet,cross_session,sub-025,,ses-01,ses-03,1,,70,18,94,1,0.574468,0.575634,0.573696,0.601902,0.684039,0.490694,0.079505
deepconvnet,cross_session,sub-025,,ses-01,ses-04,1,,70,18,88,1,0.534091,0.535659,0.532582,0.549871,0.718313,0.518113,0.104086
deepconvnet,cross_session,sub-025,,ses-01,ses-05,1,,70,18,100,1,0.500000,0.500000,0.333333,0.471600,0.743374,0.547501,0.150416
deepconvnet,cross_session,sub-025,,ses-02,ses-01,1,,73,19,88,1,0.602273,0.605426,0.595960,0.614470,0.677373,0.484605,0.075775
deepconvnet,cross_session,sub-025,,ses-02,ses-03,1,,73,19,94,1,0.489362,0.482790,0.431452,0.459239,0.738929,0.539915,0.109722
deepconvnet,cross_session,sub-025,,ses-02,ses-04,1,,73,19,88,1,0.352273,0.351680,0.351519,0.397933,0.741523,0.547274,0.236031
deepconvnet,cross_session,sub-025,,ses-02,ses-05,1,,73,19,100,1,0.510000,0.510000,0.355178,0.490000,0.704325,0.510978,0.080289
deepconvnet,cross_session,sub-025,,ses-03,ses-01,1,,75,19,88,8,0.534091,0.524806,0.434039,0.612403,0.770124,0.553364,0.181588
deepconvnet,cross_session,sub-025,,ses-03,ses-02,1,,75,19,92,8,0.478261,0.471395,0.416182,0.491726,0.842263,0.616445,0.248385
deepconvnet,cross_session,sub-025,,ses-03,ses-04,1,,75,19,88,8,0.500000,0.506460,0.459821,0.515762,0.820085,0.598560,0.231049
deepconvnet,cross_session,sub-025,,ses-03,ses-05,1,,75,19,100,8,0.500000,0.500000,0.333333,0.534000,0.856675,0.633970,0.265948
deepconvnet,cross_session,sub-025,,ses-04,ses-01,1,,70,18,88,1,0.488636,0.494315,0.457757,0.518346,0.705604,0.512227,0.101384
deepconvnet,cross_session,sub-025,,ses-04,ses-02,1,,70,18,92,1,0.434783,0.443972,0.318519,0.530969,0.710330,0.516996,0.146044
deepconvnet,cross_session,sub-025,,ses-04,ses-03,1,,70,18,94,1,0.563830,0.571105,0.510603,0.576993,0.705888,0.510939,0.112929
deepconvnet,cross_session,sub-025,,ses-04,ses-05,1,,70,18,100,1,0.490000,0.490000,0.466471,0.525600,0.690491,0.497368,0.041577
deepconvnet,cross_session,sub-025,,ses-05,ses-01,1,,80,20,88,5,0.500000,0.498191,0.495833,0.499742,0.845108,0.609286,0.213967
deepconvnet,cross_session,sub-025,,ses-05,ses-02,1,,80,20,92,5,0.532609,0.530260,0.525830,0.503546,0.818433,0.591952,0.191271
deepconvnet,cross_session,sub-025,,ses-05,ses-03,1,,80,20,94,5,0.531915,0.533062,0.531066,0.518116,0.971176,0.661043,0.246140
deepconvnet,cross_session,sub-025,,ses-05,ses-04,1,,80,20,88,5,0.534091,0.536176,0.531124,0.550904,0.946474,0.606185,0.258488
deepconvnet,cross_session,sub-001,,ses-01,ses-02,2,,80,20,100,1,0.450000,0.450000,0.447292,0.454800,0.785933,0.580459,0.192544
deepconvnet,cross_session,sub-001,,ses-01,ses-03,2,,80,20,99,1,0.424242,0.423265,0.418307,0.428980,0.784122,0.583955,0.216757
deepconvnet,cross_session,sub-001,,ses-01,ses-04,2,,80,20,99,1,0.525253,0.524082,0.518173,0.516735,0.712117,0.520386,0.090520
deepconvnet,cross_session,sub-001,,ses-01,ses-05,2,,80,20,94,1,0.500000,0.500906,0.499490,0.485960,0.867582,0.605986,0.176245
deepconvnet,cross_session,sub-001,,ses-02,ses-01,2,,80,20,100,1,0.480000,0.480000,0.324324,0.468400,0.734834,0.540142,0.146749
deepconvnet,cross_session,sub-001,,ses-02,ses-03,2,,80,20,99,1,0.545455,0.545918,0.544711,0.575510,0.777267,0.528623,0.137363
deepconvnet,cross_session,sub-001,,ses-02,ses-04,2,,80,20,99,1,0.525253,0.523673,0.512520,0.543265,0.733824,0.532101,0.077771
deepconvnet,cross_session,sub-001,,ses-02,ses-05,2,,80,20,94,1,0.468085,0.470109,0.464204,0.451540,0.999905,0.613701,0.255896
deepconvnet,cross_session,sub-001,,ses-03,ses-01,2,,79,20,100,1,0.490000,0.490000,0.328859,0.472400,0.699868,0.506670,0.063011
deepconvnet,cross_session,sub-001,,ses-03,ses-02,2,,79,20,100,1,0.540000,0.540000,0.429563,0.495600,0.695271,0.502097,0.021413
deepconvnet,cross_session,sub-001,,ses-03,ses-04,2,,79,20,99,1,0.515152,0.516939,0.500421,0.462857,0.699237,0.506143,0.104885
deepconvnet,cross_session,sub-001,,ses-03,ses-05,2,,79,20,94,1,0.510638,0.514040,0.499537,0.497736,0.700395,0.507059,0.043352
deepconvnet,cross_session,sub-001,,ses-04,ses-01,2,,79,20,100,1,0.500000,0.500000,0.333333,0.359200,0.709614,0.516181,0.076665
deepconvnet,cross_session,sub-001,,ses-04,ses-02,2,,79,20,100,1,0.500000,0.500000,0.333333,0.490800,0.717107,0.523111,0.105305
deepconvnet,cross_session,sub-001,,ses-04,ses-03,2,,79,20,99,1,0.505051,0.500000,0.335570,0.396735,0.752249,0.544918,0.116669
deepconvnet,cross_session,sub-001,,ses-04,ses-05,2,,79,20,94,1,0.478723,0.489130,0.323741,0.456522,0.767409,0.564651,0.161651
deepconvnet,cross_session,sub-001,,ses-05,ses-01,2,,75,19,100,2,0.500000,0.500000,0.333333,0.473200,0.698410,0.505236,0.066000
deepconvnet,cross_session,sub-001,,ses-05,ses-02,2,,75,19,100,2,0.480000,0.480000,0.324324,0.550400,0.697643,0.504512,0.074708
deepconvnet,cross_session,sub-001,,ses-05,ses-03,2,,75,19,99,2,0.484848,0.489184,0.371781,0.437959,0.704819,0.511993,0.078601
deepconvnet,cross_session,sub-001,,ses-05,ses-04,2,,75,19,99,2,0.484848,0.480408,0.358042,0.468163,0.711966,0.518359,0.086489
deepconvnet,cross_session,sub-002,,ses-01,ses-02,2,,73,19,95,32,0.568421,0.568706,0.568230,0.577571,1.366469,0.643586,0.247833
deepconvnet,cross_session,sub-002,,ses-01,ses-03,2,,73,19,100,32,0.450000,0.447411,0.447292,0.412686,1.523461,0.833345,0.395572
deepconvnet,cross_session,sub-002,,ses-01,ses-04,2,,73,19,100,32,0.510000,0.510000,0.477333,0.512800,1.205664,0.729206,0.338085
deepconvnet,cross_session,sub-002,,ses-01,ses-05,2,,73,19,95,32,0.673684,0.674357,0.673684,0.703416,1.137974,0.515601,0.187879
deepconvnet,cross_session,sub-002,,ses-02,ses-01,2,,76,19,92,4,0.500000,0.500000,0.333333,0.473535,0.694808,0.501657,0.029066
deepconvnet,cross_session,sub-002,,ses-02,ses-03,2,,76,19,100,4,0.530000,0.500000,0.346405,0.609795,0.690539,0.497394,0.035217
deepconvnet,cross_session,sub-002,,ses-02,ses-04,2,,76,19,100,4,0.500000,0.500000,0.333333,0.596400,0.694690,0.501541,0.030269
deepconvnet,cross_session,sub-002,,ses-02,ses-05,2,,76,19,95,4,0.526316,0.510870,0.363934,0.558119,0.692223,0.499077,0.027792
deepconvnet,cross_session,sub-002,,ses-03,ses-01,2,,80,20,92,2,0.413043,0.413043,0.399129,0.388941,0.774618,0.570365,0.181927
deepconvnet,cross_session,sub-002,,ses-03,ses-02,2,,80,20,95,2,0.536842,0.537234,0.536380,0.536348,0.739949,0.530782,0.089475
deepconvnet,cross_session,sub-002,,ses-03,ses-04,2,,80,20,100,2,0.550000,0.550000,0.536608,0.593200,0.681264,0.488119,0.043614
deepconvnet,cross_session,sub-002,,ses-03,ses-05,2,,80,20,95,2,0.484211,0.489352,0.472760,0.500000,0.798345,0.571059,0.169125
deepconvnet,cross_session,sub-002,,ses-04,ses-01,2,,80,20,92,33,0.576087,0.576087,0.557201,0.687854,2.706154,0.770147,0.372442
deepconvnet,cross_session,sub-002,,ses-04,ses-02,2,,80,20,95,33,0.631579,0.631871,0.631416,0.708777,2.539048,0.643428,0.314297
deepconvnet,cross_session,sub-002,,ses-04,ses-03,2,,80,20,100,33,0.520000,0.526696,0.516908,0.512646,3.767713,0.873741,0.415980
deepconvnet,cross_session,sub-002,,ses-04,ses-05,2,,80,20,95,33,0.536842,0.537045,0.536791,0.529281,4.443533,0.845597,0.414770
deepconvnet,cross_session,sub-002,,ses-05,ses-01,2,,76,19,92,4,0.500000,0.500000,0.409598,0.532136,0.795630,0.582534,0.247284
deepconvnet,cross_session,sub-002,,ses-05,ses-02,2,,76,19,95,4,0.505263,0.509530,0.411028,0.613032,1.294840,0.562275,0.161884
deepconvnet,cross_session,sub-002,,ses-05,ses-03,2,,76,19,100,4,0.510000,0.534123,0.432279,0.490566,0.765058,0.561407,0.152991
deepconvnet,cross_session,sub-002,,ses-05,ses-04,2,,76,19,100,4,0.560000,0.560000,0.465760,0.625200,0.699701,0.504458,0.075708
deepconvnet,cross_session,sub-003,,ses-01,ses-02,2,,73,19,100,3,0.470000,0.470000,0.413652,0.411600,0.764701,0.562209,0.119945
deepconvnet,cross_session,sub-003,,ses-01,ses-03,2,,73,19,92,3,0.456522,0.455319,0.454200,0.467139,1.092311,0.607378,0.244879
deepconvnet,cross_session,sub-003,,ses-01,ses-04,2,,73,19,100,3,0.420000,0.420000,0.395833,0.420000,0.718995,0.525346,0.142287
deepconvnet,cross_session,sub-003,,ses-01,ses-05,2,,73,19,100,3,0.470000,0.470000,0.385934,0.506000,0.706439,0.512350,0.099613
deepconvnet,cross_session,sub-003,,ses-02,ses-01,2,,80,20,92,4,0.478261,0.479167,0.478261,0.507102,0.843539,0.586791,0.209595
deepconvnet,cross_session,sub-003,,ses-02,ses-03,2,,80,20,92,4,0.478261,0.482270,0.461988,0.494090,1.423971,0.642422,0.232498
deepconvnet,cross_session,sub-003,,ses-02,ses-04,2,,80,20,100,4,0.470000,0.470000,0.428325,0.574000,0.702463,0.508470,0.180083
deepconvnet,cross_session,sub-003,,ses-02,ses-05,2,,80,20,100,4,0.470000,0.470000,0.396011,0.524800,0.718279,0.524411,0.143346
deepconvnet,cross_session,sub-003,,ses-03,ses-01,2,,73,19,92,4,0.489130,0.510417,0.346334,0.510890,0.710259,0.516831,0.097699
deepconvnet,cross_session,sub-003,,ses-03,ses-02,2,,73,19,100,4,0.500000,0.500000,0.333333,0.484800,0.708075,0.514709,0.097279
deepconvnet,cross_session,sub-003,,ses-03,ses-04,2,,73,19,100,4,0.500000,0.500000,0.333333,0.592400,0.706009,0.512690,0.085096
deepconvnet,cross_session,sub-003,,ses-03,ses-05,2,,73,19,100,4,0.500000,0.500000,0.333333,0.470800,0.707950,0.514582,0.093844
deepconvnet,cross_session,sub-003,,ses-04,ses-01,2,,80,20,92,1,0.467391,0.471591,0.464290,0.440814,0.800368,0.577494,0.173696
deepconvnet,cross_session,sub-003,,ses-04,ses-02,2,,80,20,100,1,0.560000,0.560000,0.553571,0.545200,0.699515,0.504326,0.089380
deepconvnet,cross_session,sub-003,,ses-04,ses-03,2,,80,20,92,1,0.489130,0.495272,0.448399,0.476123,1.373307,0.670932,0.230279
deepconvnet,cross_session,sub-003,,ses-04,ses-05,2,,80,20,100,1,0.540000,0.540000,0.416540,0.561200,0.696237,0.503002,0.054899
deepconvnet,cross_session,sub-003,,ses-05,ses-01,2,,80,20,92,2,0.521739,0.516098,0.510402,0.526515,0.812685,0.572855,0.164447
deepconvnet,cross_session,sub-003,,ses-05,ses-02,2,,80,20,100,2,0.550000,0.550000,0.546325,0.540000,0.769063,0.548050,0.124414
deepconvnet,cross_session,sub-003,,ses-05,ses-03,2,,80,20,92,2,0.510870,0.518440,0.448221,0.509693,1.469672,0.724892,0.309794
deepconvnet,cross_session,sub-003,,ses-05,ses-04,2,,80,20,100,2,0.590000,0.590000,0.588972,0.623600,0.693269,0.493503,0.077481
deepconvnet,cross_session,sub-004,,ses-01,ses-02,2,,69,18,97,26,0.484536,0.486607,0.463970,0.464286,0.693383,0.500285,0.042417
deepconvnet,cross_session,sub-004,,ses-01,ses-03,2,,69,18,91,26,0.571429,0.575581,0.570599,0.662306,0.660188,0.470080,0.177939
deepconvnet,cross_session,sub-004,,ses-01,ses-04,2,,69,18,100,26,0.410000,0.410000,0.396419,0.421200,0.700373,0.507287,0.123836
deepconvnet,cross_session,sub-004,,ses-01,ses-05,2,,69,18,100,26,0.550000,0.550000,0.495006,0.581200,0.690425,0.497279,0.038911
deepconvnet,cross_session,sub-004,,ses-02,ses-01,2,,77,20,87,7,0.517241,0.517442,0.517178,0.501057,1.927144,0.735638,0.304002
deepconvnet,cross_session,sub-004,,ses-02,ses-03,2,,77,20,91,7,0.549451,0.553537,0.548578,0.616279,1.128750,0.665380,0.288945
deepconvnet,cross_session,sub-004,,ses-02,ses-04,2,,77,20,100,7,0.570000,0.570000,0.541333,0.581600,0.930910,0.611954,0.231559
deepconvnet,cross_session,sub-004,,ses-02,ses-05,2,,77,20,100,7,0.510000,0.510000,0.477333,0.529600,0.852559,0.611416,0.230811
deepconvnet,cross_session,sub-004,,ses-03,ses-01,2,,72,19,87,1,0.528736,0.526691,0.512238,0.504757,0.699723,0.507955,0.101387
deepconvnet,cross_session,sub-004,,ses-03,ses-02,2,,72,19,97,1,0.432990,0.430910,0.407814,0.395833,0.700654,0.507485,0.086365
deepconvnet,cross_session,sub-004,,ses-03,ses-04,2,,72,19,100,1,0.460000,0.460000,0.459784,0.482400,0.693884,0.500746,0.084808
deepconvnet,cross_session,sub-004,,ses-03,ses-05,2,,72,19,100,1,0.530000,0.530000,0.455451,0.518000,0.692828,0.499681,0.022220
deepconvnet,cross_session,sub-004,,ses-04,ses-01,2,,80,20,87,11,0.574713,0.574524,0.574488,0.535412,1.301818,0.642426,0.196519
deepconvnet,cross_session,sub-004,,ses-04,ses-02,2,,80,20,97,11,0.577320,0.574830,0.549757,0.634779,0.823053,0.551031,0.188695
deepconvnet,cross_session,sub-004,,ses-04,ses-03,2,,80,20,91,11,0.538462,0.543120,0.537064,0.492248,1.531704,0.732343,0.305488
deepconvnet,cross_session,sub-004,,ses-04,ses-05,2,,80,20,100,11,0.500000,0.500000,0.365804,0.512400,0.830021,0.607982,0.221798
deepconvnet,cross_session,sub-004,,ses-05,ses-01,2,,80,20,87,1,0.540230,0.543076,0.511785,0.520613,0.799195,0.574983,0.188509
deepconvnet,cross_session,sub-004,,ses-05,ses-02,2,,80,20,97,1,0.474227,0.475128,0.470626,0.456633,0.740334,0.539573,0.103661
deepconvnet,cross_session,sub-004,,ses-05,ses-03,2,,80,20,91,1,0.472527,0.475775,0.471954,0.481589,0.838778,0.582994,0.223019
deepconvnet,cross_session,sub-004,,ses-05,ses-04,2,,80,20,100,1,0.530000,0.530000,0.519182,0.488000,0.710958,0.517316,0.127117
deepconvnet,cross_session,sub-005,,ses-01,ses-02,2,,75,19,100,1,0.520000,0.520000,0.428571,0.647200,0.691568,0.498421,0.009594
deepconvnet,cross_session,sub-005,,ses-01,ses-03,2,,75,19,93,1,0.559140,0.561748,0.533007,0.598982,0.691988,0.498841,0.052501
deepconvnet,cross_session,sub-005,,ses-01,ses-04,2,,75,19,99,1,0.505051,0.500000,0.335570,0.515918,0.693013,0.499866,0.003910
deepconvnet,cross_session,sub-005,,ses-01,ses-05,2,,75,19,89,1,0.505618,0.503539,0.502541,0.508089,0.692013,0.498877,0.021431
deepconvnet,cross_session,sub-005,,ses-02,ses-01,2,,80,20,94,40,0.510638,0.497052,0.446493,0.507937,6.247440,0.915540,0.459709
deepconvnet,cross_session,sub-005,,ses-02,ses-03,2,,80,20,93,40,0.612903,0.613552,0.611781,0.645005,2.181057,0.677081,0.329926
deepconvnet,cross_session,sub-005,,ses-02,ses-04,2,,80,20,99,40,0.505051,0.503878,0.497670,0.493469,2.212028,0.850763,0.422974
deepconvnet,cross_session,sub-005,,ses-02,ses-05,2,,80,20,89,40,0.561798,0.563195,0.561576,0.580384,2.399369,0.757925,0.352034
deepconvnet,cross_session,sub-005,,ses-03,ses-01,2,,74,19,94,12,0.521277,0.519955,0.519918,0.543311,0.699818,0.501285,0.083436
deepconvnet,cross_session,sub-005,,ses-03,ses-02,2,,74,19,100,12,0.520000,0.520000,0.515152,0.485200,0.695173,0.502019,0.033367
deepconvnet,cross_session,sub-005,,ses-03,ses-04,2,,74,19,99,12,0.494949,0.495918,0.490741,0.464082,0.698628,0.505462,0.076044
deepconvnet,cross_session,sub-005,,ses-03,ses-05,2,,74,19,89,12,0.539326,0.536906,0.535573,0.516178,0.691763,0.498715,0.029486
deepconvnet,cross_session,sub-005,,ses-04,ses-01,2,,79,20,94,2,0.510638,0.510658,0.510417,0.477551,1.165660,0.690781,0.249250
deepconvnet,cross_session,sub-005,,ses-04,ses-02,2,,79,20,100,2,0.480000,0.480000,0.368626,0.257200,1.155921,0.802700,0.384816
deepconvnet,cross_session,sub-005,,ses-04,ses-03,2,,79,20,93,2,0.483871,0.481036,0.443669,0.489362,0.941684,0.676244,0.287699
deepconvnet,cross_session,sub-005,,ses-04,ses-05,2,,79,20,89,2,0.494382,0.491911,0.490263,0.476744,1.253155,0.700635,0.279098
deepconvnet,cross_session,sub-005,,ses-05,ses-01,2,,71,18,94,1,0.510638,0.497959,0.455141,0.465306,0.759462,0.543408,0.132845
deepconvnet,cross_session,sub-005,,ses-05,ses-02,2,,71,18,100,1,0.510000,0.510000,0.355178,0.278400,0.730851,0.536494,0.123973
deepconvnet,cross_session,sub-005,,ses-05,ses-03,2,,71,18,93,1,0.494624,0.499537,0.365142,0.392692,0.729922,0.536108,0.133943
deepconvnet,cross_session,sub-005,,ses-05,ses-04,2,,71,18,99,1,0.505051,0.500000,0.335570,0.463673,0.715854,0.522296,0.113977
deepconvnet,cross_session,sub-006,,ses-01,ses-02,2,,74,19,94,15,0.670213,0.665761,0.652889,0.713768,2.109160,0.598405,0.290830
deepconvnet,cross_session,sub-006,,ses-01,ses-03,2,,74,19,95,15,0.410526,0.410239,0.409938,0.363697,4.660645,1.030271,0.508025
deepconvnet,cross_session,sub-006,,ses-01,ses-04,2,,74,19,92,15,0.782609,0.780142,0.778846,0.871868,1.019598,0.405184,0.203644
deepconvnet,cross_session,sub-006,,ses-01,ses-05,2,,74,19,95,15,0.726316,0.722715,0.721093,0.734694,1.629379,0.505485,0.229241
deepconvnet,cross_session,sub-006,,ses-02,ses-01,2,,75,19,93,4,0.634409,0.634722,0.634366,0.665972,1.779198,0.634280,0.320319
deepconvnet,cross_session,sub-006,,ses-02,ses-03,2,,75,19,95,4,0.494737,0.494238,0.493333,0.468528,2.087423,0.844504,0.391871
deepconvnet,cross_session,sub-006,,ses-02,ses-04,2,,75,19,92,4,0.619565,0.613475,0.583710,0.695981,1.647247,0.651395,0.314740
deepconvnet,cross_session,sub-006,,ses-02,ses-05,2,,75,19,95,4,0.621053,0.620009,0.620000,0.585626,1.597493,0.650032,0.303353
deepconvnet,cross_session,sub-006,,ses-03,ses-01,2,,76,19,93,6,0.430108,0.429861,0.429844,0.502778,1.947466,0.912309,0.464611
deepconvnet,cross_session,sub-006,,ses-03,ses-02,2,,76,19,94,6,0.638298,0.638134,0.638134,0.763134,0.651698,0.445731,0.235326
deepconvnet,cross_session,sub-006,,ses-03,ses-04,2,,76,19,92,6,0.586957,0.591962,0.566468,0.722459,1.187215,0.639350,0.321772
deepconvnet,cross_session,sub-006,,ses-03,ses-05,2,,76,19,95,6,0.473684,0.466504,0.440913,0.445874,1.681737,0.805141,0.369682
deepconvnet,cross_session,sub-006,,ses-04,ses-01,2,,73,19,93,6,0.548387,0.553472,0.539387,0.490741,1.405400,0.786778,0.368436
deepconvnet,cross_session,sub-006,,ses-04,ses-02,2,,73,19,94,6,0.638298,0.642663,0.624530,0.716938,0.816876,0.538208,0.242747
deepconvnet,cross_session,sub-006,,ses-04,ses-03,2,,73,19,95,6,0.494737,0.496676,0.478022,0.512411,1.075209,0.660655,0.250799
deepconvnet,cross_session,sub-006,,ses-04,ses-05,2,,73,19,95,6,0.505263,0.514419,0.465205,0.657498,0.892458,0.579512,0.252343
deepconvnet,cross_session,sub-006,,ses-05,ses-01,2,,76,19,93,56,0.526882,0.527778,0.526827,0.504398,6.815395,0.912641,0.453052
deepconvnet,cross_session,sub-006,,ses-05,ses-02,2,,76,19,94,56,0.425532,0.423460,0.418956,0.366395,3.644017,1.060364,0.530229
deepconvnet,cross_session,sub-006,,ses-05,ses-03,2,,76,19,95,56,0.515789,0.515293,0.514444,0.510195,1.773028,0.759568,0.344579
deepconvnet,cross_session,sub-006,,ses-05,ses-04,2,,76,19,92,56,0.347826,0.344208,0.327485,0.339716,4.042697,1.229522,0.615729
deepconvnet,cross_session,sub-007,,ses-01,ses-02,2,,80,20,100,1,0.490000,0.490000,0.435778,0.467200,0.715623,0.521409,0.075479
deepconvnet,cross_session,sub-007,,ses-01,ses-03,2,,80,20,96,1,0.520833,0.520833,0.476281,0.603733,0.698576,0.503452,0.138451
deepconvnet,cross_session,sub-007,,ses-01,ses-04,2,,80,20,92,1,0.489130,0.489130,0.481721,0.497637,0.716810,0.522121,0.098122
deepconvnet,cross_session,sub-007,,ses-01,ses-05,2,,80,20,100,1,0.490000,0.490000,0.443171,0.437200,0.727449,0.532761,0.153962
deepconvnet,cross_session,sub-007,,ses-02,ses-01,2,,80,20,100,2,0.450000,0.450000,0.399498,0.438400,0.747080,0.550373,0.157453
deepconvnet,cross_session,sub-007,,ses-02,ses-03,2,,80,20,96,2,0.427083,0.427083,0.360388,0.521701,0.930223,0.601254,0.269822
deepconvnet,cross_session,sub-007,,ses-02,ses-04,2,,80,20,92,2,0.478261,0.478261,0.370940,0.375236,1.215754,0.766974,0.341471
deepconvnet,cross_session,sub-007,,ses-02,ses-05,2,,80,20,100,2,0.440000,0.440000,0.399399,0.428800,0.824870,0.604328,0.242171
deepconvnet,cross_session,sub-007,,ses-03,ses-01,2,,76,20,100,16,0.590000,0.590000,0.588972,0.676400,0.634456,0.447076,0.089576
deepconvnet,cross_session,sub-007,,ses-03,ses-02,2,,76,20,100,16,0.480000,0.480000,0.476651,0.495600,1.035860,0.601917,0.191800
deepconvnet,cross_session,sub-007,,ses-03,ses-04,2,,76,20,92,16,0.554348,0.554348,0.553873,0.541824,2.055203,0.747028,0.350487
deepconvnet,cross_session,sub-007,,ses-03,ses-05,2,,76,20,100,16,0.730000,0.730000,0.729323,0.824400,0.533331,0.351667,0.057864
deepconvnet,cross_session,sub-007,,ses-04,ses-01,2,,73,19,100,10,0.550000,0.550000,0.459070,0.535600,0.771666,0.562127,0.167165
deepconvnet,cross_session,sub-007,,ses-04,ses-02,2,,73,19,100,10,0.490000,0.490000,0.345399,0.427200,0.883273,0.619287,0.220687
deepconvnet,cross_session,sub-007,,ses-04,ses-03,2,,73,19,96,10,0.552083,0.552083,0.499939,0.537326,0.883616,0.619859,0.229438
deepconvnet,cross_session,sub-007,,ses-04,ses-05,2,,73,19,100,10,0.640000,0.640000,0.604396,0.806800,0.629042,0.444387,0.107715
deepconvnet,cross_session,sub-007,,ses-05,ses-01,2,,80,20,100,7,0.480000,0.480000,0.480000,0.489600,1.287072,0.771639,0.342537
deepconvnet,cross_session,sub-007,,ses-05,ses-02,2,,80,20,100,7,0.520000,0.520000,0.510404,0.492800,1.353339,0.724465,0.310560
deepconvnet,cross_session,sub-007,,ses-05,ses-03,2,,80,20,96,7,0.510417,0.510417,0.510364,0.529514,1.399404,0.731082,0.317961
deepconvnet,cross_session,sub-007,,ses-05,ses-04,2,,80,20,92,7,0.543478,0.543478,0.543478,0.577505,2.433250,0.774747,0.378961
deepconvnet,cross_session,sub-008,,ses-01,ses-02,2,,80,20,94,8,0.563830,0.563830,0.563780,0.576958,4.151129,0.786851,0.407695
deepconvnet,cross_session,sub-008,,ses-01,ses-03,2,,80,20,89,8,0.550562,0.554798,0.478923,0.688636,5.479196,0.855306,0.432051
deepconvnet,cross_session,sub-008,,ses-01,ses-04,2,,80,20,96,8,0.520833,0.520833,0.520625,0.537326,1.458371,0.779462,0.361084
deepconvnet,cross_session,sub-008,,ses-01,ses-05,2,,80,20,100,8,0.500000,0.500000,0.494949,0.480400,1.482411,0.794485,0.378936
deepconvnet,cross_session,sub-008,,ses-02,ses-01,2,,75,19,100,3,0.500000,0.500000,0.333333,0.635200,0.707761,0.514402,0.085076
deepconvnet,cross_session,sub-008,,ses-02,ses-03,2,,75,19,89,3,0.494382,0.500000,0.330827,0.483333,0.709545,0.516160,0.088674
deepconvnet,cross_session,sub-008,,ses-02,ses-04,2,,75,19,96,3,0.500000,0.500000,0.333333,0.461806,0.707972,0.514607,0.085154
deepconvnet,cross_session,sub-008,,ses-02,ses-05,2,,75,19,100,3,0.500000,0.500000,0.333333,0.438800,0.707932,0.514569,0.085063
deepconvnet,cross_session,sub-008,,ses-03,ses-01,2,,71,18,100,4,0.500000,0.500000,0.333333,0.718000,0.899804,0.669261,0.292593
deepconvnet,cross_session,sub-008,,ses-03,ses-02,2,,71,18,94,4,0.489362,0.489362,0.346087,0.482119,1.439307,0.704985,0.328887
deepconvnet,cross_session,sub-008,,ses-03,ses-04,2,,71,18,96,4,0.500000,0.500000,0.333333,0.521701,0.898424,0.668146,0.290898
deepconvnet,cross_session,sub-008,,ses-03,ses-05,2,,71,18,100,4,0.500000,0.500000,0.333333,0.537200,0.902736,0.671191,0.292734
deepconvnet,cross_session,sub-008,,ses-04,ses-01,2,,76,20,100,3,0.500000,0.500000,0.486864,0.471200,0.792754,0.581825,0.192998
deepconvnet,cross_session,sub-008,,ses-04,ses-02,2,,76,20,94,3,0.542553,0.542553,0.501419,0.538253,2.263631,0.798389,0.372261
deepconvnet,cross_session,sub-008,,ses-04,ses-03,2,,76,20,89,3,0.516854,0.517172,0.516610,0.489899,1.464392,0.760972,0.340767
deepconvnet,cross_session,sub-008,,ses-04,ses-05,2,,76,20,100,3,0.490000,0.490000,0.489949,0.564800,0.689235,0.496720,0.109978
deepconvnet,cross_session,sub-008,,ses-05,ses-01,2,,80,20,100,1,0.470000,0.470000,0.319728,0.514400,0.712618,0.519231,0.126207
deepconvnet,cross_session,sub-008,,ses-05,ses-02,2,,80,20,94,1,0.510638,0.510638,0.373333,0.579448,1.415906,0.717936,0.353029
deepconvnet,cross_session,sub-008,,ses-05,ses-03,2,,80,20,89,1,0.494382,0.488889,0.330827,0.467677,1.535275,0.823038,0.380598
deepconvnet,cross_session,sub-008,,ses-05,ses-04,2,,80,20,96,1,0.510417,0.510417,0.468363,0.532552,0.694289,0.501205,0.046950
deepconvnet,cross_session,sub-009,,ses-01,ses-02,2,,78,20,100,1,0.500000,0.500000,0.333333,0.619600,0.695686,0.502633,0.080753
deepconvnet,cross_session,sub-009,,ses-01,ses-03,2,,78,20,100,1,0.500000,0.500000,0.365804,0.488800,0.713805,0.519028,0.069039
deepconvnet,cross_session,sub-009,,ses-01,ses-04,2,,78,20,96,1,0.479167,0.500000,0.323944,0.503043,1.108812,0.603504,0.203279
deepconvnet,cross_session,sub-009,,ses-01,ses-05,2,,78,20,99,1,0.505051,0.500000,0.335570,0.457551,0.785446,0.580639,0.196936
deepconvnet,cross_session,sub-009,,ses-02,ses-01,2,,80,20,98,4,0.459184,0.457500,0.454584,0.479167,1.255863,0.744341,0.330780
deepconvnet,cross_session,sub-009,,ses-02,ses-03,2,,80,20,100,4,0.510000,0.510000,0.477333,0.524000,0.977090,0.642564,0.263886
deepconvnet,cross_session,sub-009,,ses-02,ses-04,2,,80,20,96,4,0.416667,0.408696,0.390200,0.463043,1.402602,0.722979,0.343090
deepconvnet,cross_session,sub-009,,ses-02,ses-05,2,,80,20,99,4,0.414141,0.414286,0.414082,0.415510,1.089209,0.732606,0.319697
deepconvnet,cross_session,sub-009,,ses-03,ses-01,2,,80,20,98,10,0.469388,0.466667,0.458333,0.452083,0.801118,0.582243,0.165978
deepconvnet,cross_session,sub-009,,ses-03,ses-02,2,,80,20,100,10,0.540000,0.540000,0.535354,0.544000,0.714677,0.517894,0.142439
deepconvnet,cross_session,sub-009,,ses-03,ses-04,2,,80,20,96,10,0.427083,0.423913,0.422003,0.405217,0.773896,0.576266,0.188855
deepconvnet,cross_session,sub-009,,ses-03,ses-05,2,,80,20,99,10,0.555556,0.556531,0.551852,0.537959,0.851943,0.595933,0.201320
deepconvnet,cross_session,sub-009,,ses-04,ses-01,2,,76,20,98,1,0.500000,0.510000,0.350642,0.553750,0.693444,0.500297,0.009687
deepconvnet,cross_session,sub-009,,ses-04,ses-02,2,,76,20,100,1,0.500000,0.500000,0.333333,0.487200,0.693385,0.500238,0.011315
deepconvnet,cross_session,sub-009,,ses-04,ses-03,2,,76,20,100,1,0.500000,0.500000,0.333333,0.379600,0.693815,0.500668,0.011587
deepconvnet,cross_session,sub-009,,ses-04,ses-05,2,,76,20,99,1,0.484848,0.480000,0.326531,0.455918,0.693346,0.500199,0.023698
deepconvnet,cross_session,sub-009,,ses-05,ses-01,2,,79,20,98,22,0.530612,0.535000,0.510213,0.518333,1.464604,0.768472,0.344706
deepconvnet,cross_session,sub-009,,ses-05,ses-02,2,,79,20,100,22,0.520000,0.520000,0.417193,0.564000,0.955339,0.664414,0.283132
deepconvnet,cross_session,sub-009,,ses-05,ses-03,2,,79,20,100,22,0.520000,0.520000,0.376299,0.527600,1.082973,0.701553,0.327020
deepconvnet,cross_session,sub-009,,ses-05,ses-04,2,,79,20,96,22,0.489583,0.499565,0.463932,0.490435,1.589731,0.728621,0.325135
deepconvnet,cross_session,sub-010,,ses-01,ses-02,2,,71,18,94,1,0.489362,0.489362,0.489362,0.508375,0.886263,0.569784,0.147767
deepconvnet,cross_session,sub-010,,ses-01,ses-03,2,,71,18,100,1,0.470000,0.470000,0.421334,0.476800,0.728641,0.533339,0.190585
deepconvnet,cross_session,sub-010,,ses-01,ses-04,2,,71,18,100,1,0.540000,0.540000,0.535354,0.548400,0.685907,0.492928,0.023562
deepconvnet,cross_session,sub-010,,ses-01,ses-05,2,,71,18,97,1,0.536082,0.533588,0.505830,0.500425,0.936869,0.569898,0.174603
deepconvnet,cross_session,sub-010,,ses-02,ses-01,2,,75,19,89,12,0.471910,0.470172,0.469499,0.438322,0.841596,0.622972,0.231594
deepconvnet,cross_session,sub-010,,ses-02,ses-03,2,,75,19,100,12,0.630000,0.630000,0.626979,0.639200,0.699249,0.493104,0.114138
deepconvnet,cross_session,sub-010,,ses-02,ses-04,2,,75,19,100,12,0.620000,0.620000,0.612403,0.658800,0.657761,0.466744,0.077641
deepconvnet,cross_session,sub-010,,ses-02,ses-05,2,,75,19,97,12,0.505155,0.506590,0.496104,0.459609,1.104486,0.605107,0.161119
deepconvnet,cross_session,sub-010,,ses-03,ses-01,2,,80,20,89,2,0.471910,0.466380,0.454273,0.474216,0.726361,0.531498,0.133007
deepconvnet,cross_session,sub-010,,ses-03,ses-02,2,,80,20,94,2,0.531915,0.531915,0.486339,0.555002,0.742626,0.522624,0.056855
deepconvnet,cross_session,sub-010,,ses-03,ses-04,2,,80,20,100,2,0.490000,0.490000,0.386946,0.522800,0.723803,0.528661,0.121353
deepconvnet,cross_session,sub-010,,ses-03,ses-05,2,,80,20,97,2,0.556701,0.559736,0.516406,0.641156,0.986915,0.516716,0.087602
deepconvnet,cross_session,sub-010,,ses-04,ses-01,2,,80,20,89,2,0.404494,0.398888,0.384605,0.373610,0.837914,0.618387,0.221808
deepconvnet,cross_session,sub-010,,ses-04,ses-02,2,,80,20,94,2,0.500000,0.500000,0.490250,0.566546,1.331589,0.672095,0.320204
deepconvnet,cross_session,sub-010,,ses-04,ses-03,2,,80,20,100,2,0.490000,0.490000,0.386946,0.556400,1.240940,0.709416,0.334852
deepconvnet,cross_session,sub-010,,ses-04,ses-05,2,,80,20,97,2,0.577320,0.579294,0.562245,0.571003,1.535334,0.615707,0.183333
deepconvnet,cross_session,sub-010,,ses-05,ses-01,2,,77,20,89,5,0.483146,0.500000,0.325758,0.588473,0.698439,0.505282,0.062431
deepconvnet,cross_session,sub-010,,ses-05,ses-02,2,,77,20,94,5,0.500000,0.500000,0.367683,0.534631,0.701799,0.508485,0.064013
deepconvnet,cross_session,sub-010,,ses-05,ses-03,2,,77,20,100,5,0.500000,0.500000,0.333333,0.614400,0.694529,0.501386,0.046055
deepconvnet,cross_session,sub-010,,ses-05,ses-04,2,,77,20,100,5,0.500000,0.500000,0.333333,0.579200,0.696209,0.503052,0.045445
deepconvnet,cross_session,sub-011,,ses-01,ses-02,2,,80,20,94,1,0.563830,0.562585,0.562592,0.582766,0.776960,0.536087,0.125628
deepconvnet,cross_session,sub-011,,ses-01,ses-03,2,,80,20,100,1,0.510000,0.510000,0.508772,0.538800,0.706022,0.511377,0.104362
deepconvnet,cross_session,sub-011,,ses-01,ses-04,2,,80,20,100,1,0.490000,0.490000,0.478261,0.497600,0.709459,0.515718,0.126428
deepconvnet,cross_session,sub-011,,ses-01,ses-05,2,,80,20,100,1,0.520000,0.520000,0.457259,0.442400,0.720130,0.526080,0.111416
deepconvnet,cross_session,sub-011,,ses-02,ses-01,2,,75,19,100,2,0.500000,0.500000,0.333333,0.506800,0.697051,0.503894,0.052889
deepconvnet,cross_session,sub-011,,ses-02,ses-03,2,,75,19,100,2,0.470000,0.470000,0.396011,0.427600,0.711138,0.517703,0.076649
deepconvnet,cross_session,sub-011,,ses-02,ses-04,2,,75,19,100,2,0.470000,0.470000,0.319728,0.574800,0.694035,0.500924,0.077449
deepconvnet,cross_session,sub-011,,ses-02,ses-05,2,,75,19,100,2,0.520000,0.520000,0.391172,0.588400,0.688468,0.495364,0.037315
deepconvnet,cross_session,sub-011,,ses-03,ses-01,2,,80,20,100,3,0.490000,0.490000,0.418803,0.498000,0.715129,0.521131,0.109606
deepconvnet,cross_session,sub-011,,ses-03,ses-02,2,,80,20,94,3,0.393617,0.388435,0.381793,0.384127,1.648685,0.871216,0.420824
deepconvnet,cross_session,sub-011,,ses-03,ses-04,2,,80,20,100,3,0.390000,0.390000,0.371846,0.367200,0.830577,0.621447,0.254310
deepconvnet,cross_session,sub-011,,ses-03,ses-05,2,,80,20,100,3,0.460000,0.460000,0.432535,0.433600,0.743663,0.546977,0.141916
deepconvnet,cross_session,sub-011,,ses-04,ses-01,2,,80,20,100,2,0.410000,0.410000,0.396419,0.416800,0.723591,0.529983,0.145564
deepconvnet,cross_session,sub-011,,ses-04,ses-02,2,,80,20,94,2,0.521277,0.529932,0.505090,0.506122,0.899355,0.635042,0.256889
deepconvnet,cross_session,sub-011,,ses-04,ses-03,2,,80,20,100,2,0.410000,0.410000,0.399858,0.407600,0.771247,0.572727,0.198727
deepconvnet,cross_session,sub-011,,ses-04,ses-05,2,,80,20,100,2,0.540000,0.540000,0.540000,0.531600,0.701037,0.507690,0.112097
deepconvnet,cross_session,sub-011,,ses-05,ses-01,2,,80,20,100,10,0.510000,0.510000,0.398847,0.549200,0.794591,0.583635,0.198816
deepconvnet,cross_session,sub-011,,ses-05,ses-02,2,,80,20,94,10,0.574468,0.574603,0.574275,0.585488,1.264589,0.686270,0.308809
deepconvnet,cross_session,sub-011,,ses-05,ses-03,2,,80,20,100,10,0.420000,0.420000,0.370660,0.422800,1.019784,0.714893,0.326563
deepconvnet,cross_session,sub-011,,ses-05,ses-04,2,,80,20,100,10,0.540000,0.540000,0.535354,0.571600,0.785901,0.555605,0.151362
deepconvnet,cross_session,sub-012,,ses-01,ses-02,2,,80,20,91,1,0.516484,0.512077,0.420718,0.489855,0.872241,0.614940,0.233743
deepconvnet,cross_session,sub-012,,ses-01,ses-03,2,,80,20,97,1,0.515464,0.518707,0.464214,0.544643,0.710752,0.514301,0.110592
deepconvnet,cross_session,sub-012,,ses-01,ses-04,2,,80,20,87,1,0.471264,0.485714,0.369168,0.417989,1.211930,0.670255,0.235714
deepconvnet,cross_session,sub-012,,ses-01,ses-05,2,,80,20,83,1,0.493976,0.514184,0.490351,0.513593,0.705718,0.515638,0.127819
deepconvnet,cross_session,sub-012,,ses-02,ses-01,2,,72,19,100,2,0.510000,0.510000,0.482631,0.508000,0.701780,0.508134,0.040427
deepconvnet,cross_session,sub-012,,ses-02,ses-03,2,,72,19,97,2,0.505155,0.508078,0.463594,0.582483,0.682764,0.491687,0.097273
deepconvnet,cross_session,sub-012,,ses-02,ses-04,2,,72,19,87,2,0.494253,0.507937,0.409259,0.476190,0.919477,0.589299,0.189622
deepconvnet,cross_session,sub-012,,ses-02,ses-05,2,,72,19,83,2,0.469880,0.427896,0.383941,0.450355,0.709162,0.515444,0.101169
deepconvnet,cross_session,sub-012,,ses-03,ses-01,2,,77,20,100,4,0.510000,0.510000,0.410987,0.499200,0.770524,0.568893,0.176408
deepconvnet,cross_session,sub-012,,ses-03,ses-02,2,,77,20,91,4,0.560440,0.560386,0.560386,0.579710,0.796954,0.534276,0.146085
deepconvnet,cross_session,sub-012,,ses-03,ses-04,2,,77,20,87,4,0.390805,0.382540,0.349188,0.391005,1.304644,0.682103,0.291956
deepconvnet,cross_session,sub-012,,ses-03,ses-05,2,,77,20,83,4,0.481928,0.532801,0.425559,0.533688,0.822058,0.612346,0.231303
deepconvnet,cross_session,sub-012,,ses-04,ses-01,2,,69,18,100,2,0.500000,0.500000,0.333333,0.432000,0.703611,0.510344,0.071247
deepconvnet,cross_session,sub-012,,ses-04,ses-02,2,,69,18,91,2,0.483516,0.478502,0.343716,0.440580,0.704105,0.510842,0.079219
deepconvnet,cross_session,sub-012,,ses-04,ses-03,2,,69,18,97,2,0.474227,0.478954,0.338017,0.518282,0.700065,0.506941,0.081101
deepconvnet,cross_session,sub-012,,ses-04,ses-05,2,,69,18,83,2,0.542169,0.478723,0.351562,0.414303,0.686644,0.493791,0.036641
deepconvnet,cross_session,sub-012,,ses-05,ses-01,2,,66,17,100,5,0.460000,0.460000,0.445813,0.439200,0.746270,0.549512,0.134635
deepconvnet,cross_session,sub-012,,ses-05,ses-02,2,,66,17,91,5,0.472527,0.471739,0.469388,0.466184,0.880438,0.642510,0.236702
deepconvnet,cross_session,sub-012,,ses-05,ses-03,2,,66,17,97,5,0.577320,0.576743,0.575696,0.586735,0.696528,0.501594,0.125351
deepconvnet,cross_session,sub-012,,ses-05,ses-04,2,,66,17,87,5,0.482759,0.476190,0.459627,0.465608,0.837169,0.602665,0.198376
deepconvnet,cross_session,sub-013,,ses-01,ses-02,2,,80,20,94,22,0.553191,0.554195,0.553191,0.612472,2.560359,0.725199,0.364706
deepconvnet,cross_session,sub-013,,ses-01,ses-03,2,,80,20,100,22,0.870000,0.870000,0.868938,0.920800,0.781551,0.226800,0.109952
deepconvnet,cross_session,sub-013,,ses-01,ses-04,2,,80,20,95,22,0.463158,0.452307,0.384293,0.550133,1.233322,0.741115,0.364656
deepconvnet,cross_session,sub-013,,ses-01,ses-05,2,,80,20,100,22,0.650000,0.650000,0.622479,0.773600,0.879706,0.522685,0.199680
deepconvnet,cross_session,sub-013,,ses-02,ses-01,2,,75,19,100,1,0.580000,0.580000,0.558638,0.661200,0.664128,0.471886,0.049677
deepconvnet,cross_session,sub-013,,ses-02,ses-03,2,,75,19,100,1,0.640000,0.640000,0.586397,0.857200,0.627869,0.427285,0.116348
deepconvnet,cross_session,sub-013,,ses-02,ses-04,2,,75,19,95,1,0.515789,0.528616,0.429206,0.564774,0.694937,0.501791,0.051052
deepconvnet,cross_session,sub-013,,ses-02,ses-05,2,,75,19,100,1,0.540000,0.540000,0.535354,0.548800,0.688044,0.494907,0.039458
deepconvnet,cross_session,sub-013,,ses-03,ses-01,2,,80,20,100,24,0.610000,0.610000,0.540040,0.882600,1.732214,0.653587,0.340213
deepconvnet,cross_session,sub-013,,ses-03,ses-02,2,,80,20,94,24,0.563830,0.554422,0.536054,0.572562,3.279850,0.817798,0.411099
deepconvnet,cross_session,sub-013,,ses-03,ses-04,2,,80,20,95,24,0.505263,0.489796,0.335664,0.665040,3.501458,0.979421,0.494959
deepconvnet,cross_session,sub-013,,ses-03,ses-05,2,,80,20,100,24,0.500000,0.500000,0.333333,0.533600,4.670856,0.998528,0.500435
deepconvnet,cross_session,sub-013,,ses-04,ses-01,2,,76,19,100,1,0.500000,0.500000,0.350312,0.462000,0.868896,0.625126,0.203070
deepconvnet,cross_session,sub-013,,ses-04,ses-02,2,,76,19,94,1,0.521277,0.500000,0.342657,0.545578,0.753532,0.554066,0.190520
deepconvnet,cross_session,sub-013,,ses-04,ses-03,2,,76,19,100,1,0.500000,0.500000,0.333333,0.554000,1.253703,0.818443,0.401271
deepconvnet,cross_session,sub-013,,ses-04,ses-05,2,,76,19,100,1,0.500000,0.500000,0.498193,0.498800,0.701046,0.508125,0.054319
deepconvnet,cross_session,sub-013,,ses-05,ses-01,2,,80,20,100,13,0.700000,0.700000,0.699519,0.724400,1.481791,0.534459,0.241180
deepconvnet,cross_session,sub-013,,ses-05,ses-02,2,,80,20,94,13,0.531915,0.541950,0.509720,0.626304,3.229220,0.824469,0.417309
deepconvnet,cross_session,sub-013,,ses-05,ses-03,2,,80,20,100,13,0.820000,0.820000,0.816401,0.950400,0.703360,0.293977,0.148263
deepconvnet,cross_session,sub-013,,ses-05,ses-04,2,,80,20,95,13,0.631579,0.631544,0.631416,0.673026,1.673111,0.604585,0.290609
deepconvnet,cross_session,sub-014,,ses-01,ses-02,2,,80,20,95,1,0.473684,0.470966,0.434524,0.507979,0.701557,0.508424,0.100261
deepconvnet,cross_session,sub-014,,ses-01,ses-03,2,,80,20,92,1,0.489130,0.467727,0.413695,0.505458,0.705314,0.512721,0.134871
deepconvnet,cross_session,sub-014,,ses-01,ses-04,2,,80,20,92,1,0.500000,0.493617,0.448958,0.575414,0.687888,0.494783,0.054624
deepconvnet,cross_session,sub-014,,ses-01,ses-05,2,,80,20,100,1,0.490000,0.490000,0.398514,0.506000,0.727931,0.531974,0.114831
deepconvnet,cross_session,sub-014,,ses-02,ses-01,2,,76,19,100,1,0.530000,0.530000,0.521920,0.577200,0.685257,0.492901,0.081490
deepconvnet,cross_session,sub-014,,ses-02,ses-03,2,,76,19,92,1,0.521739,0.536782,0.502703,0.628382,0.671272,0.480365,0.061634
deepconvnet,cross_session,sub-014,,ses-02,ses-04,2,,76,19,92,1,0.478261,0.488889,0.323529,0.505437,0.706841,0.513495,0.096910
deepconvnet,cross_session,sub-014,,ses-02,ses-05,2,,76,19,100,1,0.580000,0.580000,0.517463,0.613200,0.682109,0.489384,0.100996
deepconvnet,cross_session,sub-014,,ses-03,ses-01,2,,73,19,100,12,0.650000,0.650000,0.641944,0.629600,0.789672,0.525215,0.192220
deepconvnet,cross_session,sub-014,,ses-03,ses-02,2,,73,19,95,12,0.494737,0.494681,0.494681,0.527482,1.211364,0.671991,0.298454
deepconvnet,cross_session,sub-014,,ses-03,ses-04,2,,73,19,92,12,0.630435,0.625532,0.608020,0.693617,0.649067,0.457282,0.055540
deepconvnet,cross_session,sub-014,,ses-03,ses-05,2,,73,19,100,12,0.500000,0.500000,0.500000,0.510400,0.872787,0.599078,0.194627
deepconvnet,cross_session,sub-014,,ses-04,ses-01,2,,73,19,100,5,0.490000,0.490000,0.461514,0.496000,1.242952,0.726526,0.333185
deepconvnet,cross_session,sub-014,,ses-04,ses-02,2,,73,19,95,5,0.515789,0.515736,0.515736,0.548316,1.146766,0.661444,0.286658
deepconvnet,cross_session,sub-014,,ses-04,ses-03,2,,73,19,92,5,0.608696,0.614143,0.607955,0.638823,1.100649,0.611927,0.262272
deepconvnet,cross_session,sub-014,,ses-04,ses-05,2,,73,19,100,5,0.460000,0.460000,0.459784,0.490000,1.281601,0.753786,0.351345
deepconvnet,cross_session,sub-014,,ses-05,ses-01,2,,80,20,100,1,0.520000,0.520000,0.448529,0.564000,0.706249,0.510828,0.094426
deepconvnet,cross_session,sub-014,,ses-05,ses-02,2,,80,20,95,1,0.557895,0.554743,0.512463,0.514628,0.705823,0.511797,0.068455
deepconvnet,cross_session,sub-014,,ses-05,ses-03,2,,80,20,92,1,0.554348,0.537494,0.512346,0.554817,0.683318,0.490558,0.040838
deepconvnet,cross_session,sub-014,,ses-05,ses-04,2,,80,20,92,1,0.565217,0.562648,0.557692,0.478960,0.697280,0.504116,0.141677
deepconvnet,cross_session,sub-015,,ses-01,ses-02,2,,80,20,95,1,0.536842,0.538342,0.528004,0.627660,0.673263,0.480359,0.066384
deepconvnet,cross_session,sub-015,,ses-01,ses-03,2,,80,20,85,1,0.458824,0.486343,0.407576,0.478818,0.711095,0.517676,0.094148
deepconvnet,cross_session,sub-015,,ses-01,ses-04,2,,80,20,95,1,0.536842,0.538342,0.528004,0.627660,0.673263,0.480359,0.066384
deepconvnet,cross_session,sub-015,,ses-01,ses-05,2,,80,20,98,1,0.459184,0.461667,0.452283,0.462500,0.710823,0.517442,0.086599
deepconvnet,cross_session,sub-015,,ses-02,ses-01,2,,76,19,100,1,0.530000,0.530000,0.516013,0.545200,0.698867,0.506729,0.133030
deepconvnet,cross_session,sub-015,,ses-02,ses-03,2,,76,19,85,1,0.458824,0.476589,0.441429,0.483278,0.719750,0.525623,0.114024
deepconvnet,cross_session,sub-015,,ses-02,ses-04,2,,76,19,95,1,0.684211,0.685062,0.682487,0.745124,0.611946,0.424523,0.111935
deepconvnet,cross_session,sub-015,,ses-02,ses-05,2,,76,19,98,1,0.489796,0.491667,0.486373,0.518333,0.701726,0.508118,0.073328
deepconvnet,cross_session,sub-015,,ses-03,ses-01,2,,68,17,100,1,0.470000,0.470000,0.469947,0.494000,0.720029,0.526144,0.125388
deepconvnet,cross_session,sub-015,,ses-03,ses-02,2,,68,17,95,1,0.484211,0.486037,0.469153,0.550532,0.694966,0.502512,0.107537
deepconvnet,cross_session,sub-015,,ses-03,ses-04,2,,68,17,95,1,0.484211,0.486037,0.469153,0.550532,0.694966,0.502512,0.107537
deepconvnet,cross_session,sub-015,,ses-03,ses-05,2,,68,17,98,1,0.520408,0.522500,0.516329,0.506667,0.708266,0.514477,0.064837
deepconvnet,cross_session,sub-015,,ses-04,ses-01,2,,76,19,100,1,0.530000,0.530000,0.516013,0.545200,0.698867,0.506729,0.133030
deepconvnet,cross_session,sub-015,,ses-04,ses-02,2,,76,19,95,1,0.684211,0.685062,0.682487,0.745124,0.611946,0.424523,0.111935
deepconvnet,cross_session,sub-015,,ses-04,ses-03,2,,76,19,85,1,0.458824,0.476589,0.441429,0.483278,0.719750,0.525623,0.114024
deepconvnet,cross_session,sub-015,,ses-04,ses-05,2,,76,19,98,1,0.489796,0.491667,0.486373,0.518333,0.701726,0.508118,0.073328
deepconvnet,cross_session,sub-015,,ses-05,ses-01,2,,78,20,100,1,0.470000,0.470000,0.465672,0.496000,0.697353,0.505475,0.109068
deepconvnet,cross_session,sub-015,,ses-05,ses-02,2,,78,20,95,1,0.505263,0.507979,0.471535,0.497340,0.705865,0.512411,0.075530
deepconvnet,cross_session,sub-015,,ses-05,ses-03,2,,78,20,85,1,0.423529,0.442029,0.402353,0.425864,0.734453,0.540071,0.146724
deepconvnet,cross_session,sub-015,,ses-05,ses-04,2,,78,20,95,1,0.505263,0.507979,0.471535,0.497340,0.705865,0.512411,0.075530
deepconvnet,cross_session,sub-016,,ses-01,ses-02,2,,80,20,100,1,0.480000,0.480000,0.448217,0.520800,0.699954,0.506268,0.099720
deepconvnet,cross_session,sub-016,,ses-01,ses-03,2,,80,20,100,1,0.540000,0.540000,0.506650,0.553200,0.971209,0.522696,0.108316
deepconvnet,cross_session,sub-016,,ses-01,ses-04,2,,80,20,95,1,0.536842,0.535904,0.532648,0.578014,0.683259,0.490277,0.060800
deepconvnet,cross_session,sub-016,,ses-01,ses-05,2,,80,20,91,1,0.560440,0.545455,0.434080,0.533849,0.930877,0.599797,0.226447
deepconvnet,cross_session,sub-016,,ses-02,ses-01,2,,80,20,100,15,0.480000,0.480000,0.479792,0.485600,1.090537,0.686146,0.288617
deepconvnet,cross_session,sub-016,,ses-02,ses-03,2,,80,20,100,15,0.680000,0.680000,0.677939,0.734400,0.705757,0.453246,0.172172
deepconvnet,cross_session,sub-016,,ses-02,ses-04,2,,80,20,95,15,0.547368,0.548094,0.545556,0.574025,1.103861,0.650695,0.263045
deepconvnet,cross_session,sub-016,,ses-02,ses-05,2,,80,20,91,15,0.472527,0.484284,0.403279,0.584623,3.128126,0.883056,0.455355
deepconvnet,cross_session,sub-016,,ses-03,ses-01,2,,80,20,100,1,0.500000,0.500000,0.333333,0.522000,0.714478,0.520907,0.110425
deepconvnet,cross_session,sub-016,,ses-03,ses-02,2,,80,20,100,1,0.500000,0.500000,0.333333,0.690000,0.707832,0.514455,0.112485
deepconvnet,cross_session,sub-016,,ses-03,ses-04,2,,80,20,95,1,0.484211,0.489362,0.326241,0.616578,0.716501,0.522942,0.120841
deepconvnet,cross_session,sub-016,,ses-03,ses-05,2,,80,20,91,1,0.582418,0.584139,0.581963,0.606867,0.683865,0.490618,0.074918
deepconvnet,cross_session,sub-016,,ses-04,ses-01,2,,76,19,100,1,0.580000,0.580000,0.554329,0.549200,0.687333,0.494389,0.064120
deepconvnet,cross_session,sub-016,,ses-04,ses-02,2,,76,19,100,1,0.550000,0.550000,0.502157,0.512800,0.690565,0.497483,0.052001
deepconvnet,cross_session,sub-016,,ses-04,ses-03,2,,76,19,100,1,0.580000,0.580000,0.538462,0.643600,0.669569,0.478975,0.028149
deepconvnet,cross_session,sub-016,,ses-04,ses-05,2,,76,19,91,1,0.538462,0.535783,0.533902,0.568182,0.701982,0.506966,0.141343
deepconvnet,cross_session,sub-016,,ses-05,ses-01,2,,72,19,100,4,0.510000,0.510000,0.355178,0.599200,0.722772,0.527781,0.142561
deepconvnet,cross_session,sub-016,,ses-05,ses-02,2,,72,19,100,4,0.570000,0.570000,0.509972,0.528000,0.719205,0.522213,0.130220
deepconvnet,cross_session,sub-016,,ses-05,ses-03,2,,72,19,100,4,0.640000,0.640000,0.604396,0.676000,0.652894,0.462678,0.049767
deepconvnet,cross_session,sub-016,,ses-05,ses-04,2,,72,19,95,4,0.589474,0.592642,0.550419,0.598404,0.686163,0.492687,0.087553
deepconvnet,cross_session,sub-017,,ses-01,ses-02,2,,80,20,100,3,0.470000,0.470000,0.469947,0.414400,0.966930,0.686673,0.275246
deepconvnet,cross_session,sub-017,,ses-01,ses-03,2,,80,20,98,3,0.520408,0.513333,0.450292,0.621250,1.289481,0.707626,0.344209
deepconvnet,cross_session,sub-017,,ses-01,ses-04,2,,80,20,100,3,0.470000,0.470000,0.450150,0.448800,1.003186,0.710559,0.306175
deepconvnet,cross_session,sub-017,,ses-01,ses-05,2,,80,20,95,3,0.600000,0.601729,0.589773,0.600621,1.207262,0.649303,0.295136
deepconvnet,cross_session,sub-017,,ses-02,ses-01,2,,80,20,100,2,0.460000,0.460000,0.330357,0.543200,0.711982,0.518228,0.137420
deepconvnet,cross_session,sub-017,,ses-02,ses-03,2,,80,20,98,2,0.428571,0.426667,0.422559,0.448333,0.722615,0.529332,0.178857
deepconvnet,cross_session,sub-017,,ses-02,ses-04,2,,80,20,100,2,0.550000,0.550000,0.469277,0.532400,0.737378,0.537183,0.129298
deepconvnet,cross_session,sub-017,,ses-02,ses-05,2,,80,20,95,2,0.442105,0.437722,0.321886,0.419770,0.749858,0.553352,0.167302
deepconvnet,cross_session,sub-017,,ses-03,ses-01,2,,78,20,100,1,0.500000,0.500000,0.333333,0.521200,0.711139,0.517630,0.098335
deepconvnet,cross_session,sub-017,,ses-03,ses-02,2,,78,20,100,1,0.500000,0.500000,0.333333,0.501200,0.706839,0.513501,0.086665
deepconvnet,cross_session,sub-017,,ses-03,ses-04,2,,78,20,100,1,0.500000,0.500000,0.350312,0.611600,0.692696,0.499643,0.069800
deepconvnet,cross_session,sub-017,,ses-03,ses-05,2,,78,20,95,1,0.494737,0.499778,0.348571,0.492465,0.710965,0.517323,0.107252
deepconvnet,cross_session,sub-017,,ses-04,ses-01,2,,80,20,100,1,0.500000,0.500000,0.333333,0.640000,0.699634,0.506324,0.094524
deepconvnet,cross_session,sub-017,,ses-04,ses-02,2,,80,20,100,1,0.510000,0.510000,0.410987,0.520800,0.701071,0.507683,0.056545
deepconvnet,cross_session,sub-017,,ses-04,ses-03,2,,80,20,98,1,0.540816,0.547917,0.482090,0.425417,0.772191,0.570776,0.253167
deepconvnet,cross_session,sub-017,,ses-04,ses-05,2,,80,20,95,1,0.484211,0.480718,0.418198,0.392287,0.745507,0.550409,0.158736
deepconvnet,cross_session,sub-017,,ses-05,ses-01,2,,76,19,100,11,0.510000,0.510000,0.355178,0.457600,1.188535,0.800714,0.393318
deepconvnet,cross_session,sub-017,,ses-05,ses-02,2,,76,19,100,11,0.490000,0.490000,0.328859,0.501600,1.310993,0.810629,0.398183
deepconvnet,cross_session,sub-017,,ses-05,ses-03,2,,76,19,98,11,0.510204,0.517917,0.433799,0.506667,1.534951,0.799491,0.378757
deepconvnet,cross_session,sub-017,,ses-05,ses-04,2,,76,19,100,11,0.490000,0.490000,0.345399,0.500000,1.285924,0.808931,0.407465
deepconvnet,cross_session,sub-018,,ses-01,ses-02,2,,75,19,100,7,0.520000,0.520000,0.503927,0.582400,1.243547,0.699841,0.321617
deepconvnet,cross_session,sub-018,,ses-01,ses-03,2,,75,19,100,7,0.390000,0.390000,0.349333,0.355200,1.434768,0.905109,0.467593
deepconvnet,cross_session,sub-018,,ses-01,ses-04,2,,75,19,100,7,0.520000,0.520000,0.519808,0.495200,1.097922,0.698767,0.288261
deepconvnet,cross_session,sub-018,,ses-01,ses-05,2,,75,19,100,7,0.440000,0.440000,0.434343,0.380400,1.302384,0.794589,0.343031
deepconvnet,cross_session,sub-018,,ses-02,ses-01,2,,80,20,94,10,0.489362,0.497736,0.401592,0.532156,0.786996,0.582471,0.214522
deepconvnet,cross_session,sub-018,,ses-02,ses-03,2,,80,20,100,10,0.490000,0.490000,0.461514,0.549600,0.908105,0.641050,0.265723
deepconvnet,cross_session,sub-018,,ses-02,ses-04,2,,80,20,100,10,0.490000,0.490000,0.386946,0.467200,1.053196,0.705955,0.292819
deepconvnet,cross_session,sub-018,,ses-02,ses-05,2,,80,20,100,10,0.560000,0.560000,0.502488,0.606400,1.030262,0.667758,0.309301
deepconvnet,cross_session,sub-018,,ses-03,ses-01,2,,80,20,94,1,0.446809,0.454257,0.374296,0.363678,0.720673,0.527095,0.119599
deepconvnet,cross_session,sub-018,,ses-03,ses-02,2,,80,20,100,1,0.560000,0.560000,0.494485,0.639200,0.747903,0.533180,0.147449
deepconvnet,cross_session,sub-018,,ses-03,ses-04,2,,80,20,100,1,0.520000,0.520000,0.417193,0.675600,0.668446,0.476812,0.118153
deepconvnet,cross_session,sub-018,,ses-03,ses-05,2,,80,20,100,1,0.560000,0.560000,0.494485,0.710000,0.736185,0.488915,0.115182
deepconvnet,cross_session,sub-018,,ses-04,ses-01,2,,80,20,94,15,0.510638,0.500906,0.373333,0.461051,1.142698,0.748208,0.341157
deepconvnet,cross_session,sub-018,,ses-04,ses-02,2,,80,20,100,15,0.640000,0.640000,0.637681,0.688800,1.380713,0.603802,0.296669
deepconvnet,cross_session,sub-018,,ses-04,ses-03,2,,80,20,100,15,0.610000,0.610000,0.592008,0.674800,1.327933,0.648219,0.292266
deepconvnet,cross_session,sub-018,,ses-04,ses-05,2,,80,20,100,15,0.680000,0.680000,0.677939,0.734400,0.705757,0.453246,0.172172
deepconvnet,cross_session,sub-018,,ses-05,ses-01,2,,80,20,94,1,0.510638,0.500000,0.338028,0.456975,0.724060,0.529727,0.119861
deepconvnet,cross_session,sub-018,,ses-05,ses-02,2,,80,20,100,1,0.500000,0.500000,0.333333,0.630800,0.697953,0.504837,0.103910
deepconvnet,cross_session,sub-018,,ses-05,ses-03,2,,80,20,100,1,0.500000,0.500000,0.333333,0.664000,0.713085,0.519491,0.141007
deepconvnet,cross_session,sub-018,,ses-05,ses-04,2,,80,20,100,1,0.500000,0.500000,0.333333,0.690000,0.707832,0.514455,0.112485
deepconvnet,cross_session,sub-019,,ses-01,ses-02,2,,76,19,95,40,0.536842,0.535461,0.528004,0.553191,1.428737,0.754739,0.396148
deepconvnet,cross_session,sub-019,,ses-01,ses-03,2,,76,19,94,40,0.670213,0.660998,0.649212,0.731973,1.001043,0.525801,0.198868
deepconvnet,cross_session,sub-019,,ses-01,ses-04,2,,76,19,92,40,0.543478,0.538061,0.510142,0.531915,1.426428,0.740022,0.346095
deepconvnet,cross_session,sub-019,,ses-01,ses-05,2,,76,19,93,40,0.505376,0.509740,0.503942,0.595547,2.780129,0.894787,0.468376
deepconvnet,cross_session,sub-019,,ses-02,ses-01,2,,76,19,95,1,0.421053,0.428128,0.394203,0.417036,0.749340,0.553075,0.155958
deepconvnet,cross_session,sub-019,,ses-02,ses-03,2,,76,19,94,1,0.659574,0.655329,0.653935,0.701587,0.654200,0.461366,0.109691
deepconvnet,cross_session,sub-019,,ses-02,ses-04,2,,76,19,92,1,0.510870,0.519385,0.428098,0.642080,0.687675,0.494565,0.115290
deepconvnet,cross_session,sub-019,,ses-02,ses-05,2,,76,19,93,1,0.569892,0.577922,0.563790,0.664193,0.681948,0.485868,0.107954
deepconvnet,cross_session,sub-019,,ses-03,ses-01,2,,75,19,95,5,0.536842,0.533052,0.528004,0.537267,1.312813,0.699619,0.313224
deepconvnet,cross_session,sub-019,,ses-03,ses-02,2,,75,19,95,5,0.494737,0.497562,0.457143,0.566933,0.813793,0.590174,0.244805
deepconvnet,cross_session,sub-019,,ses-03,ses-04,2,,75,19,92,5,0.586957,0.591962,0.566468,0.603783,0.844501,0.577991,0.217214
deepconvnet,cross_session,sub-019,,ses-03,ses-05,2,,75,19,93,5,0.645161,0.650510,0.643678,0.756957,0.930369,0.544804,0.238122
deepconvnet,cross_session,sub-019,,ses-04,ses-01,2,,73,19,95,1,0.515789,0.500000,0.340278,0.473824,1.278898,0.797161,0.374760
deepconvnet,cross_session,sub-019,,ses-04,ses-02,2,,73,19,95,1,0.568421,0.565824,0.538999,0.527926,0.743666,0.535942,0.156406
deepconvnet,cross_session,sub-019,,ses-04,ses-03,2,,73,19,94,1,0.478723,0.500000,0.323741,0.656236,0.920017,0.639048,0.300652
deepconvnet,cross_session,sub-019,,ses-04,ses-05,2,,73,19,93,1,0.548387,0.522727,0.393478,0.598794,1.008301,0.644456,0.280662
deepconvnet,cross_session,sub-019,,ses-05,ses-01,2,,74,19,95,1,0.463158,0.473602,0.403692,0.511979,0.722312,0.528261,0.135864
deepconvnet,cross_session,sub-019,,ses-05,ses-02,2,,74,19,95,1,0.515789,0.520612,0.391026,0.669326,0.683813,0.491003,0.075289
deepconvnet,cross_session,sub-019,,ses-05,ses-03,2,,74,19,94,1,0.585106,0.570295,0.518329,0.757823,0.640581,0.449893,0.107467
deepconvnet,cross_session,sub-019,,ses-05,ses-04,2,,74,19,92,1,0.489130,0.499527,0.346334,0.489362,0.710491,0.517003,0.089346
deepconvnet,cross_session,sub-020,,ses-01,ses-02,2,,71,18,100,10,0.520000,0.520000,0.376299,0.967600,0.980516,0.700658,0.388223
deepconvnet,cross_session,sub-020,,ses-01,ses-03,2,,71,18,100,10,0.480000,0.480000,0.324324,0.457200,1.648818,0.884727,0.429986
deepconvnet,cross_session,sub-020,,ses-01,ses-04,2,,71,18,100,10,0.660000,0.660000,0.615559,0.996400,0.554991,0.405016,0.213572
deepconvnet,cross_session,sub-020,,ses-01,ses-05,2,,71,18,100,10,0.560000,0.560000,0.454365,0.962400,0.755772,0.537771,0.297936
deepconvnet,cross_session,sub-020,,ses-02,ses-01,2,,80,20,89,14,0.662921,0.666414,0.628754,0.816162,0.872196,0.497323,0.220167
deepconvnet,cross_session,sub-020,,ses-02,ses-03,2,,80,20,100,14,0.470000,0.470000,0.469947,0.478600,5.158227,1.053073,0.527799
deepconvnet,cross_session,sub-020,,ses-02,ses-04,2,,80,20,100,14,0.900000,0.900000,0.899960,0.970400,0.245583,0.136074,0.085991
deepconvnet,cross_session,sub-020,,ses-02,ses-05,2,,80,20,100,14,0.880000,0.880000,0.878247,0.969200,0.328206,0.201339,0.068033
deepconvnet,cross_session,sub-020,,ses-03,ses-01,2,,80,20,89,3,0.404494,0.408333,0.328158,0.310101,0.869829,0.626868,0.223097
deepconvnet,cross_session,sub-020,,ses-03,ses-02,2,,80,20,100,3,0.070000,0.070000,0.069907,0.034400,1.145214,0.912862,0.623272
deepconvnet,cross_session,sub-020,,ses-03,ses-04,2,,80,20,100,3,0.110000,0.110000,0.109198,0.050400,0.836520,0.640775,0.460390
deepconvnet,cross_session,sub-020,,ses-03,ses-05,2,,80,20,100,3,0.120000,0.120000,0.107143,0.042400,0.824408,0.628871,0.448297
deepconvnet,cross_session,sub-020,,ses-04,ses-01,2,,80,20,89,3,0.775281,0.773990,0.771795,0.911364,1.116335,0.382249,0.196810
deepconvnet,cross_session,sub-020,,ses-04,ses-02,2,,80,20,100,3,0.970000,0.970000,0.969997,0.996400,0.093373,0.049676,0.018108
deepconvnet,cross_session,sub-020,,ses-04,ses-03,2,,80,20,100,3,0.470000,0.470000,0.469947,0.489600,4.866832,1.047365,0.527603
deepconvnet,cross_session,sub-020,,ses-04,ses-05,2,,80,20,100,3,0.960000,0.960000,0.959936,0.998800,0.164599,0.075078,0.035629
deepconvnet,cross_session,sub-020,,ses-05,ses-01,2,,80,20,89,88,0.786517,0.786364,0.786409,0.876768,0.850816,0.347693,0.176548
deepconvnet,cross_session,sub-020,,ses-05,ses-02,2,,80,20,100,88,0.970000,0.970000,0.969997,0.979600,0.178037,0.044277,0.024552
deepconvnet,cross_session,sub-020,,ses-05,ses-03,2,,80,20,100,88,0.470000,0.470000,0.469947,0.465200,3.562250,1.010175,0.502915
deepconvnet,cross_session,sub-020,,ses-05,ses-04,2,,80,20,100,88,0.970000,0.970000,0.969973,1.000000,0.126602,0.060735,0.034017
deepconvnet,cross_session,sub-021,,ses-01,ses-02,2,,75,19,99,19,0.656566,0.655918,0.654840,0.723265,1.241197,0.548338,0.263097
deepconvnet,cross_session,sub-021,,ses-01,ses-03,2,,75,19,93,19,0.784946,0.786772,0.779202,0.901480,0.553240,0.315906,0.127942
deepconvnet,cross_session,sub-021,,ses-01,ses-04,2,,75,19,100,19,0.590000,0.590000,0.539895,0.693200,2.723176,0.719098,0.356230
deepconvnet,cross_session,sub-021,,ses-01,ses-05,2,,75,19,96,19,0.739583,0.741424,0.738191,0.881459,0.662432,0.375509,0.167873
deepconvnet,cross_session,sub-021,,ses-02,ses-01,2,,79,20,94,36,0.680851,0.680851,0.677198,0.759620,1.185929,0.529002,0.251818
deepconvnet,cross_session,sub-021,,ses-02,ses-03,2,,79,20,93,36,0.688172,0.687327,0.685847,0.792784,0.649108,0.388339,0.147745
deepconvnet,cross_session,sub-021,,ses-02,ses-04,2,,79,20,100,36,0.570000,0.570000,0.566489,0.633400,2.279744,0.746684,0.349910
deepconvnet,cross_session,sub-021,,ses-02,ses-05,2,,79,20,96,36,0.708333,0.709075,0.708207,0.762050,0.951390,0.503160,0.256773
deepconvnet,cross_session,sub-021,,ses-03,ses-01,2,,74,19,94,10,0.755319,0.755319,0.748926,0.819375,1.152565,0.430789,0.187347
deepconvnet,cross_session,sub-021,,ses-03,ses-02,2,,74,19,99,10,0.595960,0.596939,0.592593,0.636735,2.043850,0.697170,0.337644
deepconvnet,cross_session,sub-021,,ses-03,ses-04,2,,74,19,100,10,0.600000,0.600000,0.554367,0.764400,2.101960,0.683811,0.334422
deepconvnet,cross_session,sub-021,,ses-03,ses-05,2,,74,19,96,10,0.781250,0.784846,0.775776,0.844551,0.732094,0.392693,0.177045
deepconvnet,cross_session,sub-021,,ses-04,ses-01,2,,80,20,94,9,0.734043,0.734043,0.732559,0.808058,0.699864,0.413562,0.180440
deepconvnet,cross_session,sub-021,,ses-04,ses-02,2,,80,20,99,9,0.656566,0.656531,0.656531,0.689796,1.140031,0.594865,0.269990
deepconvnet,cross_session,sub-021,,ses-04,ses-03,2,,80,20,93,9,0.870968,0.870953,0.870953,0.915819,0.437053,0.210650,0.071141
deepconvnet,cross_session,sub-021,,ses-04,ses-05,2,,80,20,96,9,0.718750,0.719279,0.718719,0.836735,0.547580,0.372541,0.139920
deepconvnet,cross_session,sub-021,,ses-05,ses-01,2,,76,20,94,3,0.691489,0.691489,0.671843,0.836125,0.582912,0.392240,0.128645
deepconvnet,cross_session,sub-021,,ses-05,ses-02,2,,76,20,99,3,0.686869,0.686531,0.686357,0.754694,0.698167,0.435989,0.136070
deepconvnet,cross_session,sub-021,,ses-05,ses-03,2,,76,20,93,3,0.516129,0.521277,0.376583,0.897317,1.081991,0.713033,0.389563
deepconvnet,cross_session,sub-021,,ses-05,ses-04,2,,76,20,100,3,0.500000,0.500000,0.365804,0.607400,3.517061,0.941859,0.472546
deepconvnet,cross_session,sub-022,,ses-01,ses-02,2,,69,18,100,1,0.490000,0.490000,0.470899,0.456400,0.713051,0.519375,0.064119
deepconvnet,cross_session,sub-022,,ses-01,ses-03,2,,69,18,100,1,0.480000,0.480000,0.472403,0.529600,0.694614,0.501166,0.059704
deepconvnet,cross_session,sub-022,,ses-01,ses-04,2,,69,18,100,1,0.600000,0.600000,0.583333,0.678400,0.671848,0.478856,0.062735
deepconvnet,cross_session,sub-022,,ses-01,ses-05,2,,69,18,93,1,0.462366,0.460417,0.459302,0.438889,0.740328,0.544552,0.119704
deepconvnet,cross_session,sub-022,,ses-02,ses-01,2,,80,20,87,8,0.505747,0.509249,0.457275,0.549154,0.991752,0.658440,0.274189
deepconvnet,cross_session,sub-022,,ses-02,ses-03,2,,80,20,100,8,0.490000,0.490000,0.478261,0.476400,1.020677,0.679739,0.284055
deepconvnet,cross_session,sub-022,,ses-02,ses-04,2,,80,20,100,8,0.800000,0.800000,0.796002,0.941600,0.457129,0.263379,0.096211
deepconvnet,cross_session,sub-022,,ses-02,ses-05,2,,80,20,93,8,0.612903,0.614583,0.612500,0.646759,1.844859,0.654437,0.317769
deepconvnet,cross_session,sub-022,,ses-03,ses-01,2,,80,20,87,1,0.540230,0.534884,0.408967,0.586152,0.688759,0.495633,0.019686
deepconvnet,cross_session,sub-022,,ses-03,ses-02,2,,80,20,100,1,0.530000,0.530000,0.521920,0.557200,0.691006,0.497862,0.034254
deepconvnet,cross_session,sub-022,,ses-03,ses-04,2,,80,20,100,1,0.390000,0.390000,0.361858,0.338800,0.726798,0.533150,0.153848
deepconvnet,cross_session,sub-022,,ses-03,ses-05,2,,80,20,93,1,0.526882,0.522222,0.514245,0.545833,0.690545,0.497369,0.022253
deepconvnet,cross_session,sub-022,,ses-04,ses-01,2,,80,20,87,4,0.494253,0.500000,0.330769,0.538584,3.098775,0.999778,0.500582
deepconvnet,cross_session,sub-022,,ses-04,ses-02,2,,80,20,100,4,0.500000,0.500000,0.333333,0.740800,2.644452,0.970125,0.489356
deepconvnet,cross_session,sub-022,,ses-04,ses-03,2,,80,20,100,4,0.520000,0.520000,0.376299,0.526400,2.212788,0.875850,0.426005
deepconvnet,cross_session,sub-022,,ses-04,ses-05,2,,80,20,93,4,0.505376,0.513889,0.473153,0.578704,2.984054,0.896132,0.450757
deepconvnet,cross_session,sub-022,,ses-05,ses-01,2,,74,19,87,1,0.482759,0.485465,0.453899,0.452431,0.703423,0.510188,0.053343
deepconvnet,cross_session,sub-022,,ses-05,ses-02,2,,74,19,100,1,0.550000,0.550000,0.520000,0.628000,0.678060,0.485042,0.075548
deepconvnet,cross_session,sub-022,,ses-05,ses-03,2,,74,19,100,1,0.530000,0.530000,0.410658,0.552800,0.692610,0.499408,0.048032
deepconvnet,cross_session,sub-022,,ses-05,ses-04,2,,74,19,100,1,0.520000,0.520000,0.376299,0.644800,0.685138,0.492193,0.062288
deepconvnet,cross_session,sub-023,,ses-01,ses-02,2,,76,20,94,3,0.542553,0.533062,0.421497,0.644928,0.729387,0.522730,0.129730
deepconvnet,cross_session,sub-023,,ses-01,ses-03,2,,76,20,99,3,0.666667,0.670000,0.627777,0.870204,0.582710,0.395969,0.093457
deepconvnet,cross_session,sub-023,,ses-01,ses-04,2,,76,20,100,3,0.630000,0.630000,0.578348,0.846400,0.623483,0.435169,0.115072
deepconvnet,cross_session,sub-023,,ses-01,ses-05,2,,76,20,97,3,0.536082,0.540604,0.429039,0.808673,0.682721,0.491517,0.247159
deepconvnet,cross_session,sub-023,,ses-02,ses-01,2,,75,19,96,3,0.614583,0.614583,0.569715,0.640191,1.337798,0.660676,0.322548
deepconvnet,cross_session,sub-023,,ses-02,ses-03,2,,75,19,99,3,0.424242,0.423265,0.418307,0.471020,1.330835,0.756556,0.373705
deepconvnet,cross_session,sub-023,,ses-02,ses-04,2,,75,19,100,3,0.640000,0.640000,0.639856,0.651200,0.764748,0.516735,0.148744
deepconvnet,cross_session,sub-023,,ses-02,ses-05,2,,75,19,97,3,0.711340,0.711947,0.710571,0.728316,0.728415,0.460451,0.167145
deepconvnet,cross_session,sub-023,,ses-03,ses-01,2,,79,20,96,5,0.718750,0.718750,0.709645,0.748698,0.966749,0.470972,0.189272
deepconvnet,cross_session,sub-023,,ses-03,ses-02,2,,79,20,94,5,0.595745,0.594203,0.592795,0.624094,0.831225,0.539895,0.179974
deepconvnet,cross_session,sub-023,,ses-03,ses-04,2,,79,20,100,5,0.480000,0.480000,0.466338,0.390000,1.209981,0.781704,0.337300
deepconvnet,cross_session,sub-023,,ses-03,ses-05,2,,79,20,97,5,0.597938,0.599702,0.586693,0.546769,1.063008,0.646373,0.304179
deepconvnet,cross_session,sub-023,,ses-04,ses-01,2,,80,20,96,2,0.552083,0.552083,0.452157,0.652344,1.566376,0.763559,0.365889
deepconvnet,cross_session,sub-023,,ses-04,ses-02,2,,80,20,94,2,0.670213,0.672554,0.667162,0.752717,0.632209,0.425693,0.101729
deepconvnet,cross_session,sub-023,,ses-04,ses-03,2,,80,20,99,2,0.515152,0.511429,0.436433,0.634286,1.132732,0.688270,0.319900
deepconvnet,cross_session,sub-023,,ses-04,ses-05,2,,80,20,97,2,0.731959,0.731505,0.731245,0.725340,0.831495,0.445241,0.184778
deepconvnet,cross_session,sub-023,,ses-05,ses-01,2,,77,20,96,1,0.500000,0.500000,0.350986,0.514323,0.986518,0.695591,0.317383
deepconvnet,cross_session,sub-023,,ses-05,ses-02,2,,77,20,94,1,0.563830,0.556159,0.493628,0.595109,0.692564,0.498121,0.075433
deepconvnet,cross_session,sub-023,,ses-05,ses-03,2,,77,20,99,1,0.353535,0.354694,0.345455,0.291837,0.831239,0.632416,0.341331
deepconvnet,cross_session,sub-023,,ses-05,ses-04,2,,77,20,100,1,0.670000,0.670000,0.664327,0.732400,0.623336,0.434333,0.079952
deepconvnet,cross_session,sub-024,,ses-01,ses-02,2,,59,15,82,4,0.524390,0.538876,0.512128,0.477871,0.802651,0.591259,0.201906
deepconvnet,cross_session,sub-024,,ses-01,ses-03,2,,59,15,83,4,0.554217,0.554070,0.553958,0.584884,0.703585,0.505774,0.125291
deepconvnet,cross_session,sub-024,,ses-01,ses-04,2,,59,15,98,4,0.387755,0.392083,0.361147,0.350833,0.850255,0.636336,0.256569
deepconvnet,cross_session,sub-024,,ses-01,ses-05,2,,59,15,100,4,0.510000,0.510000,0.398847,0.461200,0.799063,0.589505,0.167703
deepconvnet,cross_session,sub-024,,ses-02,ses-01,2,,65,17,74,1,0.540541,0.515751,0.398086,0.482784,0.702180,0.508470,0.048676
deepconvnet,cross_session,sub-024,,ses-02,ses-03,2,,65,17,83,1,0.530120,0.524709,0.516360,0.572674,0.683063,0.490247,0.060926
deepconvnet,cross_session,sub-024,,ses-02,ses-04,2,,65,17,98,1,0.479592,0.478750,0.478234,0.469583,0.725809,0.529750,0.089951
deepconvnet,cross_session,sub-024,,ses-02,ses-05,2,,65,17,100,1,0.490000,0.490000,0.328859,0.561200,0.707270,0.513893,0.100564
deepconvnet,cross_session,sub-024,,ses-03,ses-01,2,,66,17,74,2,0.540541,0.524542,0.486531,0.597802,0.683577,0.490056,0.062258
deepconvnet,cross_session,sub-024,,ses-03,ses-02,2,,66,17,82,2,0.463415,0.487440,0.413142,0.494019,0.732503,0.536947,0.144873
deepconvnet,cross_session,sub-024,,ses-03,ses-04,2,,66,17,98,2,0.551020,0.554167,0.541667,0.543333,0.722878,0.523241,0.133451
deepconvnet,cross_session,sub-024,,ses-03,ses-05,2,,66,17,100,2,0.490000,0.490000,0.345399,0.424800,0.723629,0.529363,0.097868
deepconvnet,cross_session,sub-024,,ses-04,ses-01,2,,78,20,74,3,0.486486,0.476190,0.461303,0.374359,0.729647,0.535478,0.125692
deepconvnet,cross_session,sub-024,,ses-04,ses-02,2,,78,20,82,3,0.487805,0.490431,0.487805,0.481459,0.731660,0.534247,0.099474
deepconvnet,cross_session,sub-024,,ses-04,ses-03,2,,78,20,83,3,0.578313,0.586919,0.557502,0.603488,0.704432,0.507054,0.105612
deepconvnet,cross_session,sub-024,,ses-04,ses-05,2,,78,20,100,3,0.570000,0.570000,0.536188,0.553600,0.692928,0.499638,0.061340
deepconvnet,cross_session,sub-024,,ses-05,ses-01,2,,80,20,74,1,0.445946,0.436264,0.422205,0.432967,0.701594,0.508409,0.076559
deepconvnet,cross_session,sub-024,,ses-05,ses-02,2,,80,20,82,1,0.536585,0.537679,0.536310,0.538278,0.685390,0.492484,0.061257
deepconvnet,cross_session,sub-024,,ses-05,ses-03,2,,80,20,83,1,0.530120,0.531686,0.529847,0.543023,0.693037,0.499809,0.017524
deepconvnet,cross_session,sub-024,,ses-05,ses-04,2,,80,20,98,1,0.520408,0.512083,0.418655,0.520000,0.718745,0.520809,0.125439
deepconvnet,cross_session,sub-025,,ses-01,ses-02,2,,70,18,92,1,0.467391,0.466430,0.465813,0.500709,0.694358,0.501267,0.071260
deepconvnet,cross_session,sub-025,,ses-01,ses-03,2,,70,18,94,1,0.563830,0.562953,0.562592,0.623188,0.670801,0.478074,0.096242
deepconvnet,cross_session,sub-025,,ses-01,ses-04,2,,70,18,88,1,0.511364,0.510336,0.509781,0.496124,0.719030,0.522526,0.056569
deepconvnet,cross_session,sub-025,,ses-01,ses-05,2,,70,18,100,1,0.500000,0.500000,0.333333,0.493600,0.708262,0.514735,0.082063
deepconvnet,cross_session,sub-025,,ses-02,ses-01,2,,73,19,88,9,0.522727,0.525581,0.516484,0.562274,0.791968,0.578058,0.208020
deepconvnet,cross_session,sub-025,,ses-02,ses-03,2,,73,19,94,9,0.457447,0.459239,0.454421,0.480072,0.839641,0.610630,0.214174
deepconvnet,cross_session,sub-025,,ses-02,ses-04,2,,73,19,88,9,0.500000,0.493540,0.452179,0.510078,0.829384,0.599260,0.214741
deepconvnet,cross_session,sub-025,,ses-02,ses-05,2,,73,19,100,9,0.460000,0.460000,0.452110,0.474800,0.780692,0.573490,0.173429
deepconvnet,cross_session,sub-025,,ses-03,ses-01,2,,75,19,88,3,0.511364,0.500000,0.338346,0.641344,0.832010,0.615168,0.257551
deepconvnet,cross_session,sub-025,,ses-03,ses-02,2,,75,19,92,3,0.510870,0.500000,0.338129,0.493617,0.837115,0.618682,0.238631
deepconvnet,cross_session,sub-025,,ses-03,ses-04,2,,75,19,88,3,0.500000,0.509044,0.412265,0.428424,0.870574,0.639482,0.272434
deepconvnet,cross_session,sub-025,,ses-03,ses-05,2,,75,19,100,3,0.500000,0.500000,0.333333,0.472000,0.887046,0.659704,0.279220
deepconvnet,cross_session,sub-025,,ses-04,ses-01,2,,70,18,88,3,0.500000,0.502326,0.495833,0.514212,0.697560,0.504631,0.082472
deepconvnet,cross_session,sub-025,,ses-04,ses-02,2,,70,18,92,3,0.521739,0.522931,0.520833,0.483688,0.705376,0.512561,0.132137
deepconvnet,cross_session,sub-025,,ses-04,ses-03,2,,70,18,94,3,0.489362,0.489130,0.489130,0.492754,0.725441,0.527409,0.102383
deepconvnet,cross_session,sub-025,,ses-04,ses-05,2,,70,18,100,3,0.520000,0.520000,0.479167,0.520400,0.705653,0.511689,0.054200
deepconvnet,cross_session,sub-025,,ses-05,ses-01,2,,80,20,88,3,0.545455,0.546770,0.544513,0.544186,0.761708,0.547820,0.132916
deepconvnet,cross_session,sub-025,,ses-05,ses-02,2,,80,20,92,3,0.500000,0.504019,0.484405,0.538061,0.758385,0.546960,0.148508
deepconvnet,cross_session,sub-025,,ses-05,ses-03,2,,80,20,94,3,0.468085,0.474185,0.424020,0.508152,0.875640,0.629677,0.242802
deepconvnet,cross_session,sub-025,,ses-05,ses-04,2,,80,20,88,3,0.477273,0.470284,0.418391,0.489406,0.911051,0.622141,0.247776
deepconvnet,cross_session,sub-001,,ses-01,ses-02,3,,80,20,100,1,0.470000,0.470000,0.460889,0.469200,0.934268,0.619040,0.200186
deepconvnet,cross_session,sub-001,,ses-01,ses-03,3,,80,20,99,1,0.444444,0.448163,0.359788,0.439184,1.559639,0.751612,0.329530
deepconvnet,cross_session,sub-001,,ses-01,ses-04,3,,80,20,99,1,0.515152,0.510816,0.402414,0.455510,1.356853,0.713888,0.319678
deepconvnet,cross_session,sub-001,,ses-01,ses-05,3,,80,20,94,1,0.500000,0.489583,0.333333,0.521739,1.626521,0.723082,0.310940
deepconvnet,cross_session,sub-001,,ses-02,ses-01,3,,80,20,100,3,0.450000,0.450000,0.429401,0.447200,0.737593,0.541730,0.133843
deepconvnet,cross_session,sub-001,,ses-02,ses-03,3,,80,20,99,3,0.545455,0.548571,0.499494,0.522449,0.863998,0.594951,0.154225
deepconvnet,cross_session,sub-001,,ses-02,ses-04,3,,80,20,99,3,0.444444,0.441224,0.379629,0.404898,0.936617,0.664447,0.246039
deepconvnet,cross_session,sub-001,,ses-02,ses-05,3,,80,20,94,3,0.531915,0.524909,0.470558,0.562953,0.868379,0.576045,0.211467
deepconvnet,cross_session,sub-001,,ses-03,ses-01,3,,79,20,100,1,0.500000,0.500000,0.333333,0.601600,0.717610,0.523839,0.113031
deepconvnet,cross_session,sub-001,,ses-03,ses-02,3,,79,20,100,1,0.500000,0.500000,0.333333,0.532000,0.713560,0.519678,0.106533
deepconvnet,cross_session,sub-001,,ses-03,ses-04,3,,79,20,99,1,0.515152,0.519184,0.426087,0.467755,0.725544,0.529936,0.113781
deepconvnet,cross_session,sub-001,,ses-03,ses-05,3,,79,20,94,1,0.521277,0.528986,0.453982,0.475996,0.755998,0.554530,0.117966
deepconvnet,cross_session,sub-001,,ses-04,ses-01,3,,79,20,100,1,0.560000,0.560000,0.509804,0.513600,0.691358,0.498214,0.061690
deepconvnet,cross_session,sub-001,,ses-04,ses-02,3,,79,20,100,1,0.560000,0.560000,0.494485,0.545600,0.710621,0.515653,0.120215
deepconvnet,cross_session,sub-001,,ses-04,ses-03,3,,79,20,99,1,0.484848,0.489592,0.343006,0.490612,0.746493,0.543517,0.120567
deepconvnet,cross_session,sub-001,,ses-04,ses-05,3,,79,20,94,1,0.510638,0.500000,0.338028,0.530797,0.746820,0.539573,0.144627
deepconvnet,cross_session,sub-001,,ses-05,ses-01,3,,75,19,100,1,0.480000,0.480000,0.476651,0.464400,0.692876,0.499742,0.054025
deepconvnet,cross_session,sub-001,,ses-05,ses-02,3,,75,19,100,1,0.440000,0.440000,0.434343,0.474000,0.704024,0.509967,0.118551
deepconvnet,cross_session,sub-001,,ses-05,ses-03,3,,75,19,99,1,0.535354,0.538571,0.484842,0.623673,0.685732,0.492534,0.033246
deepconvnet,cross_session,sub-001,,ses-05,ses-04,3,,75,19,99,1,0.424242,0.423061,0.415657,0.418367,0.712371,0.519562,0.133973
deepconvnet,cross_session,sub-002,,ses-01,ses-02,3,,73,19,95,1,0.505263,0.500000,0.335664,0.556294,1.038103,0.529678,0.064373
deepconvnet,cross_session,sub-002,,ses-01,ses-03,3,,73,19,100,1,0.530000,0.500000,0.346405,0.441590,0.692238,0.499089,0.040741
deepconvnet,cross_session,sub-002,,ses-01,ses-04,3,,73,19,100,1,0.500000,0.500000,0.333333,0.576400,0.694283,0.501135,0.027023
deepconvnet,cross_session,sub-002,,ses-01,ses-05,3,,73,19,95,1,0.515789,0.500000,0.340278,0.536380,0.693689,0.500521,0.045002
deepconvnet,cross_session,sub-002,,ses-02,ses-01,3,,76,19,92,7,0.500000,0.500000,0.333333,0.501890,0.728700,0.534700,0.142220
deepconvnet,cross_session,sub-002,,ses-02,ses-03,3,,76,19,100,7,0.470000,0.500000,0.319728,0.439984,0.743747,0.549027,0.162979
deepconvnet,cross_session,sub-002,,ses-02,ses-04,3,,76,19,100,7,0.500000,0.500000,0.333333,0.441600,0.724582,0.530431,0.122405
deepconvnet,cross_session,sub-002,,ses-02,ses-05,3,,76,19,95,7,0.484211,0.500000,0.326241,0.513753,0.734628,0.540147,0.142807
deepconvnet,cross_session,sub-002,,ses-03,ses-01,3,,80,20,92,2,0.565217,0.565217,0.565012,0.541588,0.707082,0.513618,0.114098
deepconvnet,cross_session,sub-002,,ses-03,ses-02,3,,80,20,95,2,0.473684,0.474512,0.470811,0.436170,1.055658,0.578982,0.159991
deepconvnet,cross_session,sub-002,,ses-03,ses-04,3,,80,20,100,2,0.660000,0.660000,0.655032,0.707200,0.663944,0.471005,0.120003
deepconvnet,cross_session,sub-002,,ses-03,ses-05,3,,80,20,95,2,0.452632,0.452751,0.452571,0.484472,0.710497,0.517400,0.131899
deepconvnet,cross_session,sub-002,,ses-04,ses-01,3,,80,20,92,30,0.510870,0.510870,0.509421,0.500945,6.429652,0.932562,0.474590
deepconvnet,cross_session,sub-002,,ses-04,ses-02,3,,80,20,95,30,0.600000,0.597074,0.564851,0.703457,2.705171,0.722189,0.380953
deepconvnet,cross_session,sub-002,,ses-04,ses-03,3,,80,20,100,30,0.500000,0.501807,0.500000,0.500803,4.407553,0.896832,0.442671
deepconvnet,cross_session,sub-002,,ses-04,ses-05,3,,80,20,95,30,0.547368,0.553239,0.534154,0.616460,5.791885,0.815558,0.422958
deepconvnet,cross_session,sub-002,,ses-05,ses-01,3,,76,19,92,18,0.543478,0.543478,0.529240,0.581758,1.797931,0.702996,0.312533
deepconvnet,cross_session,sub-002,,ses-05,ses-02,3,,76,19,95,18,0.547368,0.550975,0.489439,0.681738,1.261592,0.657206,0.306815
deepconvnet,cross_session,sub-002,,ses-05,ses-03,3,,76,19,100,18,0.530000,0.548173,0.493043,0.511040,1.248982,0.754648,0.367888
deepconvnet,cross_session,sub-002,,ses-05,ses-04,3,,76,19,100,18,0.520000,0.520000,0.500000,0.580400,1.377679,0.725970,0.352961
deepconvnet,cross_session,sub-003,,ses-01,ses-02,3,,73,19,100,9,0.490000,0.490000,0.470899,0.461600,0.794373,0.586077,0.200730
deepconvnet,cross_session,sub-003,,ses-01,ses-03,3,,73,19,92,9,0.402174,0.400236,0.396397,0.398109,1.616260,0.846899,0.433630
deepconvnet,cross_session,sub-003,,ses-01,ses-04,3,,73,19,100,9,0.490000,0.490000,0.489949,0.443600,0.798814,0.588315,0.158524
deepconvnet,cross_session,sub-003,,ses-01,ses-05,3,,73,19,100,9,0.540000,0.540000,0.524597,0.538800,0.695202,0.501462,0.052078
deepconvnet,cross_session,sub-003,,ses-02,ses-01,3,,80,20,92,4,0.532609,0.536932,0.529887,0.571970,1.044289,0.610370,0.236831
deepconvnet,cross_session,sub-003,,ses-02,ses-03,3,,80,20,92,4,0.456522,0.455792,0.455492,0.437352,1.140249,0.757093,0.317731
deepconvnet,cross_session,sub-003,,ses-02,ses-04,3,,80,20,100,4,0.510000,0.510000,0.477333,0.563600,0.722802,0.528803,0.162112
deepconvnet,cross_session,sub-003,,ses-02,ses-05,3,,80,20,100,4,0.480000,0.480000,0.448217,0.459200,0.738480,0.542220,0.138145
deepconvnet,cross_session,sub-003,,ses-03,ses-01,3,,73,19,92,5,0.478261,0.500000,0.323529,0.471117,0.729565,0.535503,0.134099
deepconvnet,cross_session,sub-003,,ses-03,ses-02,3,,73,19,100,5,0.500000,0.500000,0.333333,0.418000,0.719448,0.525639,0.112863
deepconvnet,cross_session,sub-003,,ses-03,ses-04,3,,73,19,100,5,0.500000,0.500000,0.333333,0.513600,0.719957,0.526092,0.137775
deepconvnet,cross_session,sub-003,,ses-03,ses-05,3,,73,19,100,5,0.500000,0.500000,0.333333,0.464800,0.720109,0.526247,0.113939
deepconvnet,cross_session,sub-003,,ses-04,ses-01,3,,80,20,92,1,0.510870,0.498106,0.456907,0.563447,0.892143,0.554224,0.222503
deepconvnet,cross_session,sub-003,,ses-04,ses-02,3,,80,20,100,1,0.600000,0.600000,0.579655,0.619200,0.730875,0.516271,0.095332
deepconvnet,cross_session,sub-003,,ses-04,ses-03,3,,80,20,92,1,0.500000,0.510638,0.351716,0.576832,1.618717,0.828044,0.408003
deepconvnet,cross_session,sub-003,,ses-04,ses-05,3,,80,20,100,1,0.560000,0.560000,0.476190,0.508000,0.714821,0.519300,0.131420
deepconvnet,cross_session,sub-003,,ses-05,ses-01,3,,80,20,92,1,0.652174,0.647727,0.646154,0.652462,0.815128,0.507464,0.162146
deepconvnet,cross_session,sub-003,,ses-05,ses-02,3,,80,20,100,1,0.530000,0.530000,0.512398,0.521200,0.761154,0.552353,0.151380
deepconvnet,cross_session,sub-003,,ses-05,ses-03,3,,80,20,92,1,0.456522,0.466194,0.329837,0.530496,1.543477,0.835914,0.417559
deepconvnet,cross_session,sub-003,,ses-05,ses-04,3,,80,20,100,1,0.530000,0.530000,0.486844,0.599600,0.694584,0.500656,0.081630
deepconvnet,cross_session,sub-004,,ses-01,ses-02,3,,69,18,97,2,0.484536,0.480017,0.358466,0.437075,0.698349,0.505188,0.039849
deepconvnet,cross_session,sub-004,,ses-01,ses-03,3,,69,18,91,2,0.527473,0.507267,0.439800,0.509205,0.683486,0.490572,0.037490
deepconvnet,cross_session,sub-004,,ses-01,ses-04,3,,69,18,100,2,0.500000,0.500000,0.425551,0.410000,0.701590,0.508384,0.068493
deepconvnet,cross_session,sub-004,,ses-01,ses-05,3,,69,18,100,2,0.500000,0.500000,0.333333,0.506800,0.694442,0.501293,0.025917
deepconvnet,cross_session,sub-004,,ses-02,ses-01,3,,77,20,87,1,0.574713,0.575317,0.573812,0.523256,1.108626,0.569451,0.165516
deepconvnet,cross_session,sub-004,,ses-02,ses-03,3,,77,20,91,1,0.538462,0.546754,0.531618,0.578004,0.706324,0.509636,0.066986
deepconvnet,cross_session,sub-004,,ses-02,ses-04,3,,77,20,100,1,0.560000,0.560000,0.502488,0.506000,0.708667,0.514437,0.133051
deepconvnet,cross_session,sub-004,,ses-02,ses-05,3,,77,20,100,1,0.520000,0.520000,0.417193,0.480000,0.710869,0.517137,0.099454
deepconvnet,cross_session,sub-004,,ses-03,ses-01,3,,72,19,87,8,0.505747,0.503964,0.492608,0.485729,0.981365,0.654664,0.255789
deepconvnet,cross_session,sub-004,,ses-03,ses-02,3,,72,19,97,8,0.597938,0.596301,0.586693,0.620748,0.767455,0.525741,0.105729
deepconvnet,cross_session,sub-004,,ses-03,ses-04,3,,72,19,100,8,0.560000,0.560000,0.541667,0.540800,0.784069,0.562299,0.151795
deepconvnet,cross_session,sub-004,,ses-03,ses-05,3,,72,19,100,8,0.520000,0.520000,0.428571,0.510000,0.725571,0.529518,0.108063
deepconvnet,cross_session,sub-004,,ses-04,ses-01,3,,80,20,87,2,0.459770,0.457452,0.435611,0.411734,1.154814,0.641453,0.246183
deepconvnet,cross_session,sub-004,,ses-04,ses-02,3,,80,20,97,2,0.453608,0.449405,0.341657,0.505527,0.956800,0.691377,0.309521
deepconvnet,cross_session,sub-004,,ses-04,ses-03,3,,80,20,91,2,0.538462,0.532219,0.528846,0.545543,0.960399,0.595793,0.212219
deepconvnet,cross_session,sub-004,,ses-04,ses-05,3,,80,20,100,2,0.500000,0.500000,0.333333,0.443600,0.934791,0.690329,0.306484
deepconvnet,cross_session,sub-004,,ses-05,ses-01,3,,80,20,87,3,0.425287,0.422833,0.396504,0.371036,2.275864,0.963704,0.464702
deepconvnet,cross_session,sub-004,,ses-05,ses-02,3,,80,20,97,3,0.453608,0.451743,0.434122,0.443452,1.072889,0.728355,0.301013
deepconvnet,cross_session,sub-004,,ses-05,ses-03,3,,80,20,91,3,0.538462,0.527374,0.512500,0.582849,1.459457,0.682693,0.317322
deepconvnet,cross_session,sub-004,,ses-05,ses-04,3,,80,20,100,3,0.470000,0.470000,0.421334,0.499200,1.201684,0.754425,0.352256
deepconvnet,cross_session,sub-005,,ses-01,ses-02,3,,75,19,100,1,0.540000,0.540000,0.471507,0.629600,0.692639,0.499492,0.037376
deepconvnet,cross_session,sub-005,,ses-01,ses-03,3,,75,19,93,1,0.548387,0.552035,0.491935,0.598982,0.692083,0.498936,0.044812
deepconvnet,cross_session,sub-005,,ses-01,ses-04,3,,75,19,99,1,0.464646,0.460816,0.372143,0.443265,0.693877,0.500730,0.038637
deepconvnet,cross_session,sub-005,,ses-01,ses-05,3,,75,19,89,1,0.539326,0.531598,0.509345,0.565217,0.693195,0.500041,0.047405
deepconvnet,cross_session,sub-005,,ses-02,ses-01,3,,80,20,94,4,0.553191,0.543311,0.522034,0.535374,4.423337,0.860543,0.432477
deepconvnet,cross_session,sub-005,,ses-02,ses-03,3,,80,20,93,4,0.645161,0.646161,0.642516,0.683164,1.099778,0.584549,0.295459
deepconvnet,cross_session,sub-005,,ses-02,ses-04,3,,80,20,99,4,0.535354,0.533061,0.508844,0.511020,2.020792,0.840941,0.412334
deepconvnet,cross_session,sub-005,,ses-02,ses-05,3,,80,20,89,4,0.550562,0.555359,0.543590,0.516684,1.827429,0.819294,0.406305
deepconvnet,cross_session,sub-005,,ses-03,ses-01,3,,74,19,94,28,0.457447,0.468707,0.422896,0.513832,1.371783,0.727496,0.322879
deepconvnet,cross_session,sub-005,,ses-03,ses-02,3,,74,19,100,28,0.310000,0.310000,0.309931,0.237200,0.770021,0.575308,0.246656
deepconvnet,cross_session,sub-005,,ses-03,ses-04,3,,74,19,99,28,0.595960,0.594286,0.583684,0.597551,0.720531,0.511431,0.116772
deepconvnet,cross_session,sub-005,,ses-03,ses-05,3,,74,19,89,28,0.528090,0.529070,0.528030,0.467139,0.838764,0.605631,0.238599
deepconvnet,cross_session,sub-005,,ses-04,ses-01,3,,79,20,94,1,0.531915,0.512925,0.400580,0.489796,1.404746,0.698686,0.302428
deepconvnet,cross_session,sub-005,,ses-04,ses-02,3,,79,20,100,1,0.480000,0.480000,0.402574,0.642800,0.698707,0.506029,0.153386
deepconvnet,cross_session,sub-005,,ses-04,ses-03,3,,79,20,93,1,0.516129,0.518733,0.487446,0.482886,0.786017,0.573575,0.163215
deepconvnet,cross_session,sub-005,,ses-04,ses-05,3,,79,20,89,1,0.539326,0.528564,0.480273,0.477755,0.968421,0.619054,0.209009
deepconvnet,cross_session,sub-005,,ses-05,ses-01,3,,71,18,94,9,0.574468,0.570068,0.567418,0.518367,1.020110,0.666432,0.312405
deepconvnet,cross_session,sub-005,,ses-05,ses-02,3,,71,18,100,9,0.580000,0.580000,0.558638,0.636400,0.670052,0.478446,0.038231
deepconvnet,cross_session,sub-005,,ses-05,ses-03,3,,71,18,93,9,0.462366,0.464385,0.443780,0.420444,0.868088,0.582176,0.165346
deepconvnet,cross_session,sub-005,,ses-05,ses-04,3,,71,18,99,9,0.515152,0.512857,0.487489,0.515102,0.753965,0.547550,0.118756
deepconvnet,cross_session,sub-006,,ses-01,ses-02,3,,74,19,94,2,0.712766,0.711504,0.711164,0.730978,0.703813,0.454318,0.182709
deepconvnet,cross_session,sub-006,,ses-01,ses-03,3,,74,19,95,2,0.421053,0.422651,0.408200,0.364362,1.053871,0.716370,0.320291
deepconvnet,cross_session,sub-006,,ses-01,ses-04,3,,74,19,92,2,0.619565,0.614894,0.598654,0.626478,1.007933,0.570508,0.233262
deepconvnet,cross_session,sub-006,,ses-01,ses-05,3,,74,19,95,2,0.642105,0.641083,0.641111,0.700976,0.687058,0.462888,0.134112
deepconvnet,cross_session,sub-006,,ses-02,ses-01,3,,75,19,93,66,0.731183,0.729861,0.730059,0.762963,3.481128,0.518483,0.272581
deepconvnet,cross_session,sub-006,,ses-02,ses-03,3,,75,19,95,66,0.494737,0.494016,0.491979,0.483599,7.975547,0.954915,0.476700
deepconvnet,cross_session,sub-006,,ses-02,ses-04,3,,75,19,92,66,0.565217,0.558392,0.513485,0.663830,5.560343,0.824840,0.413325
deepconvnet,cross_session,sub-006,,ses-02,ses-05,3,,75,19,95,66,0.526316,0.523514,0.521008,0.507764,6.534821,0.907825,0.453317
deepconvnet,cross_session,sub-006,,ses-03,ses-01,3,,76,19,93,24,0.591398,0.595833,0.585600,0.616204,3.064453,0.771041,0.371332
deepconvnet,cross_session,sub-006,,ses-03,ses-02,3,,76,19,94,24,0.787234,0.785779,0.785682,0.854167,0.888469,0.355290,0.156897
deepconvnet,cross_session,sub-006,,ses-03,ses-04,3,,76,19,92,24,0.630435,0.633570,0.624038,0.699764,2.207309,0.679437,0.328058
deepconvnet,cross_session,sub-006,,ses-03,ses-05,3,,76,19,95,24,0.452632,0.448092,0.438636,0.424135,3.344757,0.979696,0.459555
deepconvnet,cross_session,sub-006,,ses-04,ses-01,3,,73,19,93,13,0.430108,0.428472,0.427726,0.503704,2.050191,0.926234,0.479614
deepconvnet,cross_session,sub-006,,ses-04,ses-02,3,,73,19,94,13,0.882979,0.880435,0.880697,0.960145,0.313279,0.181690,0.090343
deepconvnet,cross_session,sub-006,,ses-04,ses-03,3,,73,19,95,13,0.536842,0.534796,0.517544,0.625000,1.118975,0.623649,0.276568
deepconvnet,cross_session,sub-006,,ses-04,ses-05,3,,73,19,95,13,0.600000,0.595608,0.589773,0.632653,1.172384,0.579848,0.211806
deepconvnet,cross_session,sub-006,,ses-05,ses-01,3,,76,19,93,18,0.451613,0.454167,0.449321,0.474074,4.853868,1.031190,0.511532
deepconvnet,cross_session,sub-006,,ses-05,ses-02,3,,76,19,94,18,0.446809,0.445199,0.442772,0.438859,1.735396,0.893184,0.422531
deepconvnet,cross_session,sub-006,,ses-05,ses-03,3,,76,19,95,18,0.568421,0.566933,0.558840,0.527039,2.877918,0.816598,0.392477
deepconvnet,cross_session,sub-006,,ses-05,ses-04,3,,76,19,92,18,0.478261,0.472813,0.440162,0.505437,2.975749,0.926741,0.460860
deepconvnet,cross_session,sub-007,,ses-01,ses-02,3,,80,20,100,4,0.450000,0.450000,0.448622,0.422400,1.194746,0.763558,0.325087
deepconvnet,cross_session,sub-007,,ses-01,ses-03,3,,80,20,96,4,0.562500,0.562500,0.557701,0.605035,0.985698,0.633641,0.260568
deepconvnet,cross_session,sub-007,,ses-01,ses-04,3,,80,20,92,4,0.619565,0.619565,0.609176,0.638469,2.140153,0.670643,0.327676
deepconvnet,cross_session,sub-007,,ses-01,ses-05,3,,80,20,100,4,0.560000,0.560000,0.557166,0.618800,0.975414,0.600755,0.259290
deepconvnet,cross_session,sub-007,,ses-02,ses-01,3,,80,20,100,3,0.500000,0.500000,0.333333,0.452800,0.862279,0.633983,0.256169
deepconvnet,cross_session,sub-007,,ses-02,ses-03,3,,80,20,96,3,0.447917,0.447917,0.373939,0.465278,1.093886,0.672986,0.282300
deepconvnet,cross_session,sub-007,,ses-02,ses-04,3,,80,20,92,3,0.423913,0.423913,0.398248,0.406427,1.201445,0.794407,0.380576
deepconvnet,cross_session,sub-007,,ses-02,ses-05,3,,80,20,100,3,0.490000,0.490000,0.374310,0.487200,0.966359,0.683732,0.297307
deepconvnet,cross_session,sub-007,,ses-03,ses-01,3,,76,20,100,1,0.530000,0.530000,0.445689,0.605200,0.687405,0.494371,0.033941
deepconvnet,cross_session,sub-007,,ses-03,ses-02,3,,76,20,100,1,0.480000,0.480000,0.392239,0.400400,0.711454,0.518457,0.070366
deepconvnet,cross_session,sub-007,,ses-03,ses-04,3,,76,20,92,1,0.554348,0.554348,0.551753,0.552930,0.771470,0.551992,0.172353
deepconvnet,cross_session,sub-007,,ses-03,ses-05,3,,76,20,100,1,0.640000,0.640000,0.627945,0.744400,0.638231,0.446686,0.070150
deepconvnet,cross_session,sub-007,,ses-04,ses-01,3,,73,19,100,5,0.600000,0.600000,0.597424,0.591600,0.671500,0.479832,0.076832
deepconvnet,cross_session,sub-007,,ses-04,ses-02,3,,73,19,100,5,0.430000,0.430000,0.427193,0.440000,0.746523,0.540371,0.168126
deepconvnet,cross_session,sub-007,,ses-04,ses-03,3,,73,19,96,5,0.520833,0.520833,0.518954,0.541233,0.753495,0.543607,0.166531
deepconvnet,cross_session,sub-007,,ses-04,ses-05,3,,73,19,100,5,0.630000,0.630000,0.626979,0.704800,0.636565,0.445417,0.097670
deepconvnet,cross_session,sub-007,,ses-05,ses-01,3,,80,20,100,2,0.520000,0.520000,0.457259,0.520800,1.064093,0.689362,0.305453
deepconvnet,cross_session,sub-007,,ses-05,ses-02,3,,80,20,100,2,0.510000,0.510000,0.410987,0.518800,1.273419,0.769289,0.365661
deepconvnet,cross_session,sub-007,,ses-05,ses-03,3,,80,20,96,2,0.552083,0.552083,0.537583,0.546007,0.919223,0.622787,0.240448
deepconvnet,cross_session,sub-007,,ses-05,ses-04,3,,80,20,92,2,0.565217,0.565217,0.564394,0.638469,1.019022,0.597275,0.273262
deepconvnet,cross_session,sub-008,,ses-01,ses-02,3,,80,20,94,2,0.489362,0.489362,0.422427,0.457673,3.009310,0.843583,0.391154
deepconvnet,cross_session,sub-008,,ses-01,ses-03,3,,80,20,89,2,0.483146,0.488636,0.325758,0.619444,4.029604,1.011742,0.512820
deepconvnet,cross_session,sub-008,,ses-01,ses-04,3,,80,20,96,2,0.541667,0.541667,0.531707,0.555990,0.881436,0.617257,0.282608
deepconvnet,cross_session,sub-008,,ses-01,ses-05,3,,80,20,100,2,0.480000,0.480000,0.476651,0.552800,0.769534,0.556492,0.198533
deepconvnet,cross_session,sub-008,,ses-02,ses-01,3,,75,19,100,1,0.500000,0.500000,0.333333,0.469200,0.728154,0.533809,0.129937
deepconvnet,cross_session,sub-008,,ses-02,ses-03,3,,75,19,89,1,0.494382,0.500000,0.330827,0.390909,0.724610,0.530582,0.116587
deepconvnet,cross_session,sub-008,,ses-02,ses-04,3,,75,19,96,1,0.500000,0.500000,0.333333,0.536458,0.727599,0.533292,0.129636
deepconvnet,cross_session,sub-008,,ses-02,ses-05,3,,75,19,100,1,0.500000,0.500000,0.333333,0.511600,0.728083,0.533743,0.129935
deepconvnet,cross_session,sub-008,,ses-03,ses-01,3,,71,18,100,6,0.500000,0.500000,0.333333,0.772000,1.506008,0.901220,0.449997
deepconvnet,cross_session,sub-008,,ses-03,ses-02,3,,71,18,94,6,0.457447,0.457447,0.381180,0.489814,1.819705,0.862442,0.445140
deepconvnet,cross_session,sub-008,,ses-03,ses-04,3,,71,18,96,6,0.500000,0.500000,0.333333,0.542101,1.512888,0.901666,0.448127
deepconvnet,cross_session,sub-008,,ses-03,ses-05,3,,71,18,100,6,0.500000,0.500000,0.333333,0.532800,1.548211,0.909345,0.452535
deepconvnet,cross_session,sub-008,,ses-04,ses-01,3,,76,20,100,2,0.510000,0.510000,0.487394,0.471200,0.762351,0.560014,0.160877
deepconvnet,cross_session,sub-008,,ses-04,ses-02,3,,76,20,94,2,0.510638,0.510638,0.502531,0.531462,1.135001,0.685955,0.328517
deepconvnet,cross_session,sub-008,,ses-04,ses-03,3,,76,20,89,2,0.528090,0.523485,0.429487,0.474242,1.333611,0.789469,0.369918
deepconvnet,cross_session,sub-008,,ses-04,ses-05,3,,76,20,100,2,0.520000,0.520000,0.518266,0.528000,0.768444,0.561179,0.144126
deepconvnet,cross_session,sub-008,,ses-05,ses-01,3,,80,20,100,4,0.500000,0.500000,0.379960,0.664800,0.701462,0.508520,0.152616
deepconvnet,cross_session,sub-008,,ses-05,ses-02,3,,80,20,94,4,0.510638,0.510638,0.446493,0.546401,1.926017,0.797062,0.396247
deepconvnet,cross_session,sub-008,,ses-05,ses-03,3,,80,20,89,4,0.539326,0.534848,0.449208,0.522222,1.919587,0.810723,0.389353
deepconvnet,cross_session,sub-008,,ses-05,ses-04,3,,80,20,96,4,0.510417,0.510417,0.480603,0.465712,0.819089,0.600985,0.214973
deepconvnet,cross_session,sub-009,,ses-01,ses-02,3,,78,20,100,1,0.490000,0.490000,0.386946,0.520400,0.695189,0.502091,0.080712
deepconvnet,cross_session,sub-009,,ses-01,ses-03,3,,78,20,100,1,0.500000,0.500000,0.379960,0.404400,0.719662,0.524828,0.059979
deepconvnet,cross_session,sub-009,,ses-01,ses-04,3,,78,20,96,1,0.468750,0.483043,0.406905,0.424783,1.280132,0.554617,0.119646
deepconvnet,cross_session,sub-009,,ses-01,ses-05,3,,78,20,99,1,0.515152,0.514082,0.509091,0.543265,0.696956,0.503568,0.050968
deepconvnet,cross_session,sub-009,,ses-02,ses-01,3,,80,20,98,1,0.479592,0.489583,0.324138,0.514167,1.278683,0.719279,0.319521
deepconvnet,cross_session,sub-009,,ses-02,ses-03,3,,80,20,100,1,0.460000,0.460000,0.420849,0.470800,0.812886,0.564296,0.165335
deepconvnet,cross_session,sub-009,,ses-02,ses-04,3,,80,20,96,1,0.531250,0.542174,0.502705,0.528478,1.671348,0.651491,0.210131
deepconvnet,cross_session,sub-009,,ses-02,ses-05,3,,80,20,99,1,0.505051,0.500000,0.335570,0.506939,1.425841,0.840066,0.410221
deepconvnet,cross_session,sub-009,,ses-03,ses-01,3,,80,20,98,27,0.500000,0.504583,0.475936,0.477500,2.939067,0.888155,0.422779
deepconvnet,cross_session,sub-009,,ses-03,ses-02,3,,80,20,100,27,0.540000,0.540000,0.535354,0.556400,0.914950,0.622542,0.272305
deepconvnet,cross_session,sub-009,,ses-03,ses-04,3,,80,20,96,27,0.510417,0.516087,0.503903,0.501522,2.022228,0.772286,0.336687
deepconvnet,cross_session,sub-009,,ses-03,ses-05,3,,80,20,99,27,0.585859,0.584286,0.574751,0.576327,1.856399,0.728544,0.326385
deepconvnet,cross_session,sub-009,,ses-04,ses-01,3,,76,20,98,51,0.500000,0.502083,0.495747,0.551250,0.709315,0.505909,0.081975
deepconvnet,cross_session,sub-009,,ses-04,ses-02,3,,76,20,100,51,0.580000,0.580000,0.578483,0.580000,0.686180,0.492921,0.031788
deepconvnet,cross_session,sub-009,,ses-04,ses-03,3,,76,20,100,51,0.450000,0.450000,0.445509,0.455600,0.712171,0.517712,0.110752
deepconvnet,cross_session,sub-009,,ses-04,ses-05,3,,76,20,99,51,0.525253,0.524694,0.523502,0.560408,0.713334,0.511359,0.071884
deepconvnet,cross_session,sub-009,,ses-05,ses-01,3,,79,20,98,1,0.438776,0.434583,0.411765,0.439583,0.732525,0.537102,0.126118
deepconvnet,cross_session,sub-009,,ses-05,ses-02,3,,79,20,100,1,0.500000,0.500000,0.333333,0.496400,0.710649,0.517066,0.092620
deepconvnet,cross_session,sub-009,,ses-05,ses-03,3,,79,20,100,1,0.510000,0.510000,0.371069,0.554400,0.709168,0.515949,0.132281
deepconvnet,cross_session,sub-009,,ses-05,ses-04,3,,79,20,96,1,0.458333,0.448696,0.422222,0.476087,1.037825,0.564332,0.163839
deepconvnet,cross_session,sub-010,,ses-01,ses-02,3,,71,18,94,6,0.500000,0.500000,0.333333,0.489362,0.914953,0.620997,0.259793
deepconvnet,cross_session,sub-010,,ses-01,ses-03,3,,71,18,100,6,0.480000,0.480000,0.392239,0.449200,0.935432,0.666936,0.286036
deepconvnet,cross_session,sub-010,,ses-01,ses-04,3,,71,18,100,6,0.510000,0.510000,0.432279,0.565200,0.740101,0.540476,0.151227
deepconvnet,cross_session,sub-010,,ses-01,ses-05,3,,71,18,97,6,0.515464,0.511692,0.438062,0.528486,1.182710,0.619539,0.232931
deepconvnet,cross_session,sub-010,,ses-02,ses-01,3,,75,19,89,2,0.494382,0.506320,0.429568,0.576845,0.692557,0.499423,0.093691
deepconvnet,cross_session,sub-010,,ses-02,ses-03,3,,75,19,100,2,0.550000,0.550000,0.536608,0.579600,0.685839,0.492679,0.046968
deepconvnet,cross_session,sub-010,,ses-02,ses-04,3,,75,19,100,2,0.500000,0.500000,0.333333,0.658000,0.689505,0.496562,0.126657
deepconvnet,cross_session,sub-010,,ses-02,ses-05,3,,75,19,97,2,0.546392,0.544005,0.519369,0.580357,0.975819,0.517442,0.056484
deepconvnet,cross_session,sub-010,,ses-03,ses-01,3,,80,20,89,16,0.505618,0.507331,0.505056,0.544489,1.399666,0.746477,0.329523
deepconvnet,cross_session,sub-010,,ses-03,ses-02,3,,80,20,94,16,0.478723,0.478723,0.477244,0.515844,1.814299,0.765665,0.369594
deepconvnet,cross_session,sub-010,,ses-03,ses-04,3,,80,20,100,16,0.640000,0.640000,0.625000,0.736000,0.697551,0.476605,0.162366
deepconvnet,cross_session,sub-010,,ses-03,ses-05,3,,80,20,97,16,0.525773,0.526361,0.524510,0.481080,2.105766,0.831472,0.380618
deepconvnet,cross_session,sub-010,,ses-04,ses-01,3,,80,20,89,5,0.573034,0.574065,0.572980,0.589484,0.969966,0.602264,0.236445
deepconvnet,cross_session,sub-010,,ses-04,ses-02,3,,80,20,94,5,0.553191,0.553191,0.522034,0.515844,1.719099,0.753145,0.362971
deepconvnet,cross_session,sub-010,,ses-04,ses-03,3,,80,20,100,5,0.570000,0.570000,0.557203,0.587600,1.266765,0.677874,0.309326
deepconvnet,cross_session,sub-010,,ses-04,ses-05,3,,80,20,97,5,0.567010,0.567389,0.566596,0.633929,1.259700,0.584293,0.264367
deepconvnet,cross_session,sub-010,,ses-05,ses-01,3,,77,20,89,28,0.505618,0.514914,0.470238,0.443883,0.758331,0.557718,0.131103
deepconvnet,cross_session,sub-010,,ses-05,ses-02,3,,77,20,94,28,0.457447,0.457447,0.454421,0.466727,0.723754,0.529648,0.128554
deepconvnet,cross_session,sub-010,,ses-05,ses-03,3,,77,20,100,28,0.580000,0.580000,0.571603,0.657600,0.673728,0.475530,0.120643
deepconvnet,cross_session,sub-010,,ses-05,ses-04,3,,77,20,100,28,0.640000,0.640000,0.640000,0.658400,0.663247,0.469892,0.088784
deepconvnet,cross_session,sub-011,,ses-01,ses-02,3,,80,20,94,12,0.563830,0.563492,0.563385,0.548299,4.155654,0.801745,0.396276
deepconvnet,cross_session,sub-011,,ses-01,ses-03,3,,80,20,100,12,0.610000,0.610000,0.606815,0.580400,2.022880,0.730487,0.370863
deepconvnet,cross_session,sub-011,,ses-01,ses-04,3,,80,20,100,12,0.550000,0.550000,0.547784,0.533600,1.880025,0.773709,0.350398
deepconvnet,cross_session,sub-011,,ses-01,ses-05,3,,80,20,100,12,0.540000,0.540000,0.527915,0.520400,1.464941,0.768593,0.341876
deepconvnet,cross_session,sub-011,,ses-02,ses-01,3,,75,19,100,2,0.560000,0.560000,0.559295,0.584000,0.688877,0.495731,0.044847
deepconvnet,cross_session,sub-011,,ses-02,ses-03,3,,75,19,100,2,0.530000,0.530000,0.527686,0.472400,0.700931,0.507876,0.108164
deepconvnet,cross_session,sub-011,,ses-02,ses-04,3,,75,19,100,2,0.450000,0.450000,0.445509,0.522800,0.691816,0.498718,0.100021
deepconvnet,cross_session,sub-011,,ses-02,ses-05,3,,75,19,100,2,0.520000,0.520000,0.519808,0.487600,0.697256,0.504085,0.078971
deepconvnet,cross_session,sub-011,,ses-03,ses-01,3,,80,20,100,2,0.510000,0.510000,0.371069,0.550000,0.716297,0.521676,0.134876
deepconvnet,cross_session,sub-011,,ses-03,ses-02,3,,80,20,94,2,0.489362,0.487528,0.487273,0.441270,1.163340,0.711864,0.267244
deepconvnet,cross_session,sub-011,,ses-03,ses-04,3,,80,20,100,2,0.480000,0.480000,0.478121,0.482400,0.740211,0.541122,0.126782
deepconvnet,cross_session,sub-011,,ses-03,ses-05,3,,80,20,100,2,0.530000,0.530000,0.498667,0.520000,0.732605,0.535135,0.152470
deepconvnet,cross_session,sub-011,,ses-04,ses-01,3,,80,20,100,1,0.460000,0.460000,0.432535,0.510000,0.691670,0.498602,0.089759
deepconvnet,cross_session,sub-011,,ses-04,ses-02,3,,80,20,94,1,0.500000,0.479592,0.333333,0.544671,1.049830,0.645803,0.291531
deepconvnet,cross_session,sub-011,,ses-04,ses-03,3,,80,20,100,1,0.400000,0.400000,0.321574,0.364000,0.791349,0.588436,0.210319
deepconvnet,cross_session,sub-011,,ses-04,ses-05,3,,80,20,100,1,0.490000,0.490000,0.483753,0.528000,0.705190,0.510499,0.076511
deepconvnet,cross_session,sub-011,,ses-05,ses-01,3,,80,20,100,12,0.500000,0.500000,0.499199,0.514400,0.779557,0.569938,0.218712
deepconvnet,cross_session,sub-011,,ses-05,ses-02,3,,80,20,94,12,0.521277,0.524490,0.519918,0.523810,1.471333,0.762428,0.333925
deepconvnet,cross_session,sub-011,,ses-05,ses-03,3,,80,20,100,12,0.450000,0.450000,0.445509,0.443600,1.166291,0.750374,0.337872
deepconvnet,cross_session,sub-011,,ses-05,ses-04,3,,80,20,100,12,0.560000,0.560000,0.558410,0.564800,0.910156,0.606257,0.225326
deepconvnet,cross_session,sub-012,,ses-01,ses-02,3,,80,20,91,1,0.571429,0.571981,0.570599,0.592271,0.700537,0.503810,0.063174
deepconvnet,cross_session,sub-012,,ses-01,ses-03,3,,80,20,97,1,0.587629,0.586310,0.580087,0.642857,0.673966,0.477538,0.102420
deepconvnet,cross_session,sub-012,,ses-01,ses-04,3,,80,20,87,1,0.436782,0.426984,0.381546,0.382540,1.109851,0.616241,0.223201
deepconvnet,cross_session,sub-012,,ses-01,ses-05,3,,80,20,83,1,0.542169,0.589243,0.504088,0.460402,0.756945,0.555097,0.238748
deepconvnet,cross_session,sub-012,,ses-02,ses-01,3,,72,19,100,8,0.490000,0.490000,0.345399,0.532000,0.754534,0.554671,0.170570
deepconvnet,cross_session,sub-012,,ses-02,ses-03,3,,72,19,97,8,0.556701,0.552721,0.476334,0.628401,0.693081,0.498457,0.103524
deepconvnet,cross_session,sub-012,,ses-02,ses-04,3,,72,19,87,8,0.402299,0.391270,0.327586,0.324339,1.151677,0.644079,0.300125
deepconvnet,cross_session,sub-012,,ses-02,ses-05,3,,72,19,83,8,0.457831,0.508274,0.398841,0.474586,0.842578,0.610525,0.203229
deepconvnet,cross_session,sub-012,,ses-03,ses-01,3,,77,20,100,1,0.520000,0.520000,0.376299,0.582000,0.730721,0.532996,0.134384
deepconvnet,cross_session,sub-012,,ses-03,ses-02,3,,77,20,91,1,0.549451,0.551208,0.538528,0.542029,0.713454,0.519867,0.132691
deepconvnet,cross_session,sub-012,,ses-03,ses-04,3,,77,20,87,1,0.390805,0.379365,0.308592,0.404762,1.083124,0.592874,0.234106
deepconvnet,cross_session,sub-012,,ses-03,ses-05,3,,77,20,83,1,0.457831,0.514775,0.376357,0.434988,0.810854,0.608808,0.254614
deepconvnet,cross_session,sub-012,,ses-04,ses-01,3,,69,18,100,4,0.490000,0.490000,0.360502,0.445600,0.711959,0.518213,0.068579
deepconvnet,cross_session,sub-012,,ses-04,ses-02,3,,69,18,91,4,0.505495,0.501449,0.425263,0.487923,0.707397,0.513527,0.090804
deepconvnet,cross_session,sub-012,,ses-04,ses-03,3,,69,18,97,4,0.484536,0.488520,0.396766,0.519133,0.704419,0.511267,0.078395
deepconvnet,cross_session,sub-012,,ses-04,ses-05,3,,69,18,83,4,0.554217,0.499113,0.419361,0.474586,0.684740,0.492691,0.061952
deepconvnet,cross_session,sub-012,,ses-05,ses-01,3,,66,17,100,1,0.490000,0.490000,0.328859,0.506000,0.724666,0.529991,0.128171
deepconvnet,cross_session,sub-012,,ses-05,ses-02,3,,66,17,91,1,0.483516,0.478744,0.359826,0.479710,0.764051,0.560585,0.175157
deepconvnet,cross_session,sub-012,,ses-05,ses-03,3,,66,17,97,1,0.484536,0.488733,0.385142,0.517857,0.741499,0.540888,0.123990
deepconvnet,cross_session,sub-012,,ses-05,ses-04,3,,66,17,87,1,0.482759,0.498413,0.360816,0.453439,1.087728,0.589645,0.197451
deepconvnet,cross_session,sub-013,,ses-01,ses-02,3,,80,20,94,2,0.585106,0.586621,0.585059,0.630385,1.373889,0.655547,0.322595
deepconvnet,cross_session,sub-013,,ses-01,ses-03,3,,80,20,100,2,0.930000,0.930000,0.929993,0.967200,0.214065,0.114304,0.060230
deepconvnet,cross_session,sub-013,,ses-01,ses-04,3,,80,20,95,2,0.621053,0.616016,0.608516,0.623336,0.759953,0.520047,0.199108
deepconvnet,cross_session,sub-013,,ses-01,ses-05,3,,80,20,100,2,0.780000,0.780000,0.778583,0.862800,0.473505,0.315151,0.071269
deepconvnet,cross_session,sub-013,,ses-02,ses-01,3,,75,19,100,1,0.560000,0.560000,0.537621,0.662800,0.662905,0.472700,0.137876
deepconvnet,cross_session,sub-013,,ses-02,ses-03,3,,75,19,100,1,0.560000,0.560000,0.476190,0.673600,0.748980,0.512199,0.153083
deepconvnet,cross_session,sub-013,,ses-02,ses-04,3,,75,19,95,1,0.568421,0.578971,0.520615,0.605590,0.691711,0.499557,0.115696
deepconvnet,cross_session,sub-013,,ses-02,ses-05,3,,75,19,100,1,0.670000,0.670000,0.651568,0.742400,0.639013,0.446862,0.115430
deepconvnet,cross_session,sub-013,,ses-03,ses-01,3,,80,20,100,1,0.690000,0.690000,0.682864,0.780000,0.618019,0.424444,0.137131
deepconvnet,cross_session,sub-013,,ses-03,ses-02,3,,80,20,94,1,0.510638,0.513379,0.509751,0.549206,0.990975,0.660405,0.273495
deepconvnet,cross_session,sub-013,,ses-03,ses-04,3,,80,20,95,1,0.652632,0.657941,0.644920,0.641970,0.701105,0.492734,0.182528
deepconvnet,cross_session,sub-013,,ses-03,ses-05,3,,80,20,100,1,0.500000,0.500000,0.483258,0.503200,0.739751,0.539427,0.117930
deepconvnet,cross_session,sub-013,,ses-04,ses-01,3,,76,19,100,1,0.620000,0.620000,0.576649,0.720400,0.676587,0.476421,0.092539
deepconvnet,cross_session,sub-013,,ses-04,ses-02,3,,76,19,94,1,0.446809,0.430385,0.338745,0.492971,0.826772,0.599450,0.226911
deepconvnet,cross_session,sub-013,,ses-04,ses-03,3,,76,19,100,1,0.500000,0.500000,0.333333,0.799600,0.815253,0.603115,0.297384
deepconvnet,cross_session,sub-013,,ses-04,ses-05,3,,76,19,100,1,0.850000,0.850000,0.849624,0.940400,0.526983,0.340326,0.234587
deepconvnet,cross_session,sub-013,,ses-05,ses-01,3,,80,20,100,5,0.730000,0.730000,0.726693,0.802800,1.252519,0.493655,0.246942
deepconvnet,cross_session,sub-013,,ses-05,ses-02,3,,80,20,94,5,0.510638,0.513379,0.509751,0.628118,2.437360,0.796482,0.399654
deepconvnet,cross_session,sub-013,,ses-05,ses-03,3,,80,20,100,5,0.900000,0.900000,0.899840,0.953600,0.492307,0.155014,0.071444
deepconvnet,cross_session,sub-013,,ses-05,ses-04,3,,80,20,95,5,0.673684,0.673691,0.673540,0.689885,1.469185,0.549306,0.233405
deepconvnet,cross_session,sub-014,,ses-01,ses-02,3,,80,20,95,1,0.473684,0.477172,0.410962,0.406915,0.721841,0.528182,0.118032
deepconvnet,cross_session,sub-014,,ses-01,ses-03,3,,80,20,92,1,0.510870,0.529426,0.478261,0.520645,0.711588,0.518185,0.078056
deepconvnet,cross_session,sub-014,,ses-01,ses-04,3,,80,20,92,1,0.478261,0.488889,0.323529,0.556028,0.724139,0.529359,0.141232
deepconvnet,cross_session,sub-014,,ses-01,ses-05,3,,80,20,100,1,0.500000,0.500000,0.490004,0.514400,0.711696,0.517677,0.146251
deepconvnet,cross_session,sub-014,,ses-02,ses-01,3,,76,19,100,1,0.460000,0.460000,0.389417,0.406400,0.787904,0.584878,0.190890
deepconvnet,cross_session,sub-014,,ses-02,ses-03,3,,76,19,92,1,0.543478,0.528714,0.510142,0.548173,0.695686,0.501426,0.062696
deepconvnet,cross_session,sub-014,,ses-02,ses-04,3,,76,19,92,1,0.565217,0.569740,0.547912,0.569267,0.683807,0.491030,0.046076
deepconvnet,cross_session,sub-014,,ses-02,ses-05,3,,76,19,100,1,0.490000,0.490000,0.485835,0.505600,0.718867,0.524056,0.105563
deepconvnet,cross_session,sub-014,,ses-03,ses-01,3,,73,19,100,3,0.490000,0.490000,0.456000,0.522400,0.852574,0.610853,0.214944
deepconvnet,cross_session,sub-014,,ses-03,ses-02,3,,73,19,95,3,0.484211,0.482713,0.472760,0.505319,0.840126,0.608626,0.223349
deepconvnet,cross_session,sub-014,,ses-03,ses-04,3,,73,19,92,3,0.521739,0.513948,0.446086,0.625059,0.709670,0.509094,0.152437
deepconvnet,cross_session,sub-014,,ses-03,ses-05,3,,73,19,100,3,0.700000,0.700000,0.698068,0.703600,0.742397,0.474045,0.156343
deepconvnet,cross_session,sub-014,,ses-04,ses-01,3,,73,19,100,4,0.530000,0.530000,0.516013,0.568400,1.329076,0.744394,0.358424
deepconvnet,cross_session,sub-014,,ses-04,ses-02,3,,73,19,95,4,0.515789,0.516622,0.513146,0.570479,1.309839,0.709968,0.332097
deepconvnet,cross_session,sub-014,,ses-04,ses-03,3,,73,19,92,4,0.510870,0.518035,0.508021,0.497390,2.072719,0.887129,0.442313
deepconvnet,cross_session,sub-014,,ses-04,ses-05,3,,73,19,100,4,0.410000,0.410000,0.407095,0.431600,1.703308,0.900682,0.443427
deepconvnet,cross_session,sub-014,,ses-05,ses-01,3,,80,20,100,1,0.640000,0.640000,0.639856,0.612400,0.685974,0.490273,0.180085
deepconvnet,cross_session,sub-014,,ses-05,ses-02,3,,80,20,95,1,0.526316,0.527482,0.521008,0.536791,0.720399,0.522165,0.086019
deepconvnet,cross_session,sub-014,,ses-05,ses-03,3,,80,20,92,1,0.576087,0.574988,0.574831,0.696251,0.610790,0.427295,0.115645
deepconvnet,cross_session,sub-014,,ses-05,ses-04,3,,80,20,92,1,0.521739,0.528605,0.472917,0.616548,0.684948,0.491894,0.085653
deepconvnet,cross_session,sub-015,,ses-01,ses-02,3,,80,20,95,1,0.515789,0.516622,0.513146,0.553635,0.683763,0.491323,0.066519
deepconvnet,cross_session,sub-015,,ses-01,ses-03,3,,80,20,85,1,0.447059,0.487179,0.308943,0.497770,0.727937,0.534173,0.154130
deepconvnet,cross_session,sub-015,,ses-01,ses-04,3,,80,20,95,1,0.515789,0.516622,0.513146,0.553635,0.683763,0.491323,0.066519
deepconvnet,cross_session,sub-015,,ses-01,ses-05,3,,80,20,98,1,0.459184,0.460417,0.457772,0.468333,0.712151,0.518125,0.099497
deepconvnet,cross_session,sub-015,,ses-02,ses-01,3,,76,19,100,1,0.490000,0.490000,0.483753,0.467600,0.711123,0.517668,0.098266
deepconvnet,cross_session,sub-015,,ses-02,ses-03,3,,76,19,85,1,0.494118,0.520903,0.450293,0.580825,0.698471,0.505192,0.081078
deepconvnet,cross_session,sub-015,,ses-02,ses-04,3,,76,19,95,1,0.621053,0.622562,0.613821,0.718085,0.623015,0.434986,0.081118
deepconvnet,cross_session,sub-015,,ses-02,ses-05,3,,76,19,98,1,0.469388,0.474167,0.441228,0.434167,0.716514,0.522803,0.099269
deepconvnet,cross_session,sub-015,,ses-03,ses-01,3,,68,17,100,1,0.510000,0.510000,0.465007,0.450400,0.803457,0.584738,0.167452
deepconvnet,cross_session,sub-015,,ses-03,ses-02,3,,68,17,95,1,0.463158,0.464982,0.447485,0.424645,0.771532,0.563895,0.125707
deepconvnet,cross_session,sub-015,,ses-03,ses-04,3,,68,17,95,1,0.463158,0.464982,0.447485,0.424645,0.771532,0.563895,0.125707
deepconvnet,cross_session,sub-015,,ses-03,ses-05,3,,68,17,98,1,0.408163,0.410833,0.399154,0.448333,0.719474,0.525798,0.170489
deepconvnet,cross_session,sub-015,,ses-04,ses-01,3,,76,19,100,1,0.490000,0.490000,0.483753,0.467600,0.711123,0.517668,0.098266
deepconvnet,cross_session,sub-015,,ses-04,ses-02,3,,76,19,95,1,0.621053,0.622562,0.613821,0.718085,0.623015,0.434986,0.081118
deepconvnet,cross_session,sub-015,,ses-04,ses-03,3,,76,19,85,1,0.494118,0.520903,0.450293,0.580825,0.698471,0.505192,0.081078
deepconvnet,cross_session,sub-015,,ses-04,ses-05,3,,76,19,98,1,0.469388,0.474167,0.441228,0.434167,0.716514,0.522803,0.099269
deepconvnet,cross_session,sub-015,,ses-05,ses-01,3,,78,20,100,4,0.430000,0.430000,0.428571,0.433600,0.758575,0.560631,0.177910
deepconvnet,cross_session,sub-015,,ses-05,ses-02,3,,78,20,95,4,0.526316,0.530807,0.424242,0.513741,0.720059,0.525190,0.091961
deepconvnet,cross_session,sub-015,,ses-05,ses-03,3,,78,20,85,4,0.470588,0.495262,0.432577,0.410814,0.783080,0.579462,0.184515
deepconvnet,cross_session,sub-015,,ses-05,ses-04,3,,78,20,95,4,0.526316,0.530807,0.424242,0.513741,0.720059,0.525190,0.091961
deepconvnet,cross_session,sub-016,,ses-01,ses-02,3,,80,20,100,14,0.550000,0.550000,0.547784,0.589200,0.994994,0.614881,0.251825
deepconvnet,cross_session,sub-016,,ses-01,ses-03,3,,80,20,100,14,0.430000,0.430000,0.429943,0.418000,1.554192,0.801285,0.364138
deepconvnet,cross_session,sub-016,,ses-01,ses-04,3,,80,20,95,14,0.547368,0.547207,0.547168,0.583333,0.971322,0.607151,0.228455
deepconvnet,cross_session,sub-016,,ses-01,ses-05,3,,80,20,91,14,0.505495,0.501692,0.496743,0.525145,2.151685,0.798581,0.380718
deepconvnet,cross_session,sub-016,,ses-02,ses-01,3,,80,20,100,3,0.470000,0.470000,0.434667,0.512000,0.861085,0.613973,0.236942
deepconvnet,cross_session,sub-016,,ses-02,ses-03,3,,80,20,100,3,0.520000,0.520000,0.519808,0.530800,0.795123,0.577930,0.177636
deepconvnet,cross_session,sub-016,,ses-02,ses-04,3,,80,20,95,3,0.505263,0.504876,0.504385,0.542996,0.768267,0.554261,0.195654
deepconvnet,cross_session,sub-016,,ses-02,ses-05,3,,80,20,91,3,0.494505,0.496857,0.492975,0.503868,0.988113,0.652670,0.250896
deepconvnet,cross_session,sub-016,,ses-03,ses-01,3,,80,20,100,1,0.500000,0.500000,0.333333,0.485200,0.793833,0.591380,0.220569
deepconvnet,cross_session,sub-016,,ses-03,ses-02,3,,80,20,100,1,0.500000,0.500000,0.333333,0.597600,0.775259,0.574499,0.208488
deepconvnet,cross_session,sub-016,,ses-03,ses-04,3,,80,20,95,1,0.484211,0.489362,0.326241,0.558511,0.781073,0.580798,0.214828
deepconvnet,cross_session,sub-016,,ses-03,ses-05,3,,80,20,91,1,0.593407,0.583172,0.543829,0.591393,0.696750,0.494161,0.104326
deepconvnet,cross_session,sub-016,,ses-04,ses-01,3,,76,19,100,3,0.470000,0.470000,0.434667,0.475200,0.872581,0.622909,0.214505
deepconvnet,cross_session,sub-016,,ses-04,ses-02,3,,76,19,100,3,0.500000,0.500000,0.498193,0.507600,0.800230,0.578802,0.172981
deepconvnet,cross_session,sub-016,,ses-04,ses-03,3,,76,19,100,3,0.630000,0.630000,0.629073,0.706000,0.672458,0.449858,0.098289
deepconvnet,cross_session,sub-016,,ses-04,ses-05,3,,76,19,91,3,0.593407,0.601306,0.572770,0.664410,0.754709,0.508209,0.140201
deepconvnet,cross_session,sub-016,,ses-05,ses-01,3,,72,19,100,6,0.480000,0.480000,0.402574,0.548000,0.747561,0.544305,0.161908
deepconvnet,cross_session,sub-016,,ses-05,ses-02,3,,72,19,100,6,0.530000,0.530000,0.512398,0.521600,0.717168,0.522320,0.153307
deepconvnet,cross_session,sub-016,,ses-05,ses-03,3,,72,19,100,6,0.630000,0.630000,0.629963,0.688800,0.623116,0.436738,0.073476
deepconvnet,cross_session,sub-016,,ses-05,ses-04,3,,72,19,95,6,0.536842,0.538121,0.530548,0.621897,0.654289,0.465438,0.128038
deepconvnet,cross_session,sub-017,,ses-01,ses-02,3,,80,20,100,1,0.520000,0.520000,0.495586,0.531200,0.706553,0.512685,0.071051
deepconvnet,cross_session,sub-017,,ses-01,ses-03,3,,80,20,98,1,0.500000,0.496250,0.480472,0.488333,0.772277,0.562416,0.177180
deepconvnet,cross_session,sub-017,,ses-01,ses-04,3,,80,20,100,1,0.520000,0.520000,0.519808,0.543600,0.715660,0.517968,0.090067
deepconvnet,cross_session,sub-017,,ses-01,ses-05,3,,80,20,95,1,0.505263,0.509087,0.432584,0.423759,0.761789,0.562333,0.159469
deepconvnet,cross_session,sub-017,,ses-02,ses-01,3,,80,20,100,43,0.380000,0.380000,0.373737,0.345200,1.801970,0.992357,0.474126
deepconvnet,cross_session,sub-017,,ses-02,ses-03,3,,80,20,98,43,0.479592,0.477917,0.475165,0.425417,4.993568,0.986955,0.471419
deepconvnet,cross_session,sub-017,,ses-02,ses-04,3,,80,20,100,43,0.500000,0.500000,0.469440,0.522400,2.080485,0.860463,0.420444
deepconvnet,cross_session,sub-017,,ses-02,ses-05,3,,80,20,95,43,0.463158,0.462323,0.459324,0.515957,3.209666,0.942623,0.482708
deepconvnet,cross_session,sub-017,,ses-03,ses-01,3,,78,20,100,4,0.500000,0.500000,0.333333,0.665200,0.714169,0.520585,0.123208
deepconvnet,cross_session,sub-017,,ses-03,ses-02,3,,78,20,100,4,0.500000,0.500000,0.350312,0.423200,0.730195,0.535740,0.144998
deepconvnet,cross_session,sub-017,,ses-03,ses-04,3,,78,20,100,4,0.480000,0.480000,0.324324,0.502400,0.727859,0.533804,0.149664
deepconvnet,cross_session,sub-017,,ses-03,ses-05,3,,78,20,95,4,0.505263,0.509752,0.398653,0.421986,0.774027,0.566144,0.135088
deepconvnet,cross_session,sub-017,,ses-04,ses-01,3,,80,20,100,14,0.550000,0.550000,0.459070,0.597200,0.807732,0.568778,0.179612
deepconvnet,cross_session,sub-017,,ses-04,ses-02,3,,80,20,100,14,0.580000,0.580000,0.554329,0.574800,0.833662,0.571810,0.205973
deepconvnet,cross_session,sub-017,,ses-04,ses-03,3,,80,20,98,14,0.540816,0.541250,0.540769,0.547917,1.118505,0.660647,0.265218
deepconvnet,cross_session,sub-017,,ses-04,ses-05,3,,80,20,95,14,0.389474,0.389184,0.388864,0.328014,1.143783,0.795972,0.330091
deepconvnet,cross_session,sub-017,,ses-05,ses-01,3,,76,19,100,1,0.510000,0.510000,0.355178,0.565200,0.717379,0.523543,0.140160
deepconvnet,cross_session,sub-017,,ses-05,ses-02,3,,76,19,100,1,0.510000,0.510000,0.508772,0.525600,0.696471,0.503059,0.041640
deepconvnet,cross_session,sub-017,,ses-05,ses-03,3,,76,19,98,1,0.520408,0.510833,0.377147,0.527500,0.806534,0.588235,0.208858
deepconvnet,cross_session,sub-017,,ses-05,ses-04,3,,76,19,100,1,0.450000,0.450000,0.338863,0.436800,0.743202,0.544419,0.145233
deepconvnet,cross_session,sub-018,,ses-01,ses-02,3,,75,19,100,2,0.580000,0.580000,0.532086,0.619200,0.901298,0.576711,0.190565
deepconvnet,cross_session,sub-018,,ses-01,ses-03,3,,75,19,100,2,0.400000,0.400000,0.393939,0.374000,0.924704,0.677736,0.269852
deepconvnet,cross_session,sub-018,,ses-01,ses-04,3,,75,19,100,2,0.440000,0.440000,0.439103,0.489600,0.809709,0.581798,0.225693
deepconvnet,cross_session,sub-018,,ses-01,ses-05,3,,75,19,100,2,0.540000,0.540000,0.506650,0.554800,1.060019,0.578541,0.181660
deepconvnet,cross_session,sub-018,,ses-02,ses-01,3,,80,20,94,3,0.489362,0.500000,0.328571,0.572917,0.808909,0.603395,0.240397
deepconvnet,cross_session,sub-018,,ses-02,ses-03,3,,80,20,100,3,0.590000,0.590000,0.577798,0.647600,0.679109,0.485888,0.096830
deepconvnet,cross_session,sub-018,,ses-02,ses-04,3,,80,20,100,3,0.500000,0.500000,0.365804,0.569600,0.802355,0.591610,0.229666
deepconvnet,cross_session,sub-018,,ses-02,ses-05,3,,80,20,100,3,0.500000,0.500000,0.350312,0.719600,1.032177,0.582088,0.263496
deepconvnet,cross_session,sub-018,,ses-03,ses-01,3,,80,20,94,19,0.510638,0.518116,0.446493,0.552083,1.096081,0.702582,0.325757
deepconvnet,cross_session,sub-018,,ses-03,ses-02,3,,80,20,100,19,0.460000,0.460000,0.414062,0.416400,2.436712,0.963128,0.477127
deepconvnet,cross_session,sub-018,,ses-03,ses-04,3,,80,20,100,19,0.490000,0.490000,0.461514,0.533600,0.957271,0.626248,0.247341
deepconvnet,cross_session,sub-018,,ses-03,ses-05,3,,80,20,100,19,0.590000,0.590000,0.580563,0.610800,1.195943,0.594831,0.257124
deepconvnet,cross_session,sub-018,,ses-04,ses-01,3,,80,20,94,3,0.361702,0.364130,0.354396,0.346467,0.913320,0.671604,0.300764
deepconvnet,cross_session,sub-018,,ses-04,ses-02,3,,80,20,100,3,0.540000,0.540000,0.527915,0.583200,0.820921,0.575737,0.227663
deepconvnet,cross_session,sub-018,,ses-04,ses-03,3,,80,20,100,3,0.680000,0.680000,0.671593,0.726800,0.659717,0.445356,0.128497
deepconvnet,cross_session,sub-018,,ses-04,ses-05,3,,80,20,100,3,0.520000,0.520000,0.519808,0.530800,0.795123,0.577930,0.177636
deepconvnet,cross_session,sub-018,,ses-05,ses-01,3,,80,20,94,1,0.510638,0.500000,0.338028,0.577446,0.806266,0.599579,0.227023
deepconvnet,cross_session,sub-018,,ses-05,ses-02,3,,80,20,100,1,0.540000,0.540000,0.452381,0.678000,0.693471,0.497769,0.107283
deepconvnet,cross_session,sub-018,,ses-05,ses-03,3,,80,20,100,1,0.500000,0.500000,0.333333,0.708400,0.794406,0.590735,0.234534
deepconvnet,cross_session,sub-018,,ses-05,ses-04,3,,80,20,100,1,0.500000,0.500000,0.333333,0.597600,0.775259,0.574499,0.208488
deepconvnet,cross_session,sub-019,,ses-01,ses-02,3,,76,19,95,1,0.442105,0.440603,0.429720,0.390514,0.727954,0.533896,0.109917
deepconvnet,cross_session,sub-019,,ses-01,ses-03,3,,76,19,94,1,0.563830,0.557143,0.549082,0.522449,0.695414,0.502656,0.116769
deepconvnet,cross_session,sub-019,,ses-01,ses-04,3,,76,19,92,1,0.489130,0.482506,0.432769,0.437825,0.708537,0.515106,0.059669
deepconvnet,cross_session,sub-019,,ses-01,ses-05,3,,76,19,93,1,0.505376,0.513219,0.498358,0.433673,0.789723,0.580394,0.198095
deepconvnet,cross_session,sub-019,,ses-02,ses-01,3,,76,19,95,3,0.473684,0.473824,0.473626,0.445430,0.925276,0.670155,0.270270
deepconvnet,cross_session,sub-019,,ses-02,ses-03,3,,76,19,94,3,0.851064,0.851701,0.850996,0.913832,0.423256,0.259184,0.159176
deepconvnet,cross_session,sub-019,,ses-02,ses-04,3,,76,19,92,3,0.608696,0.616076,0.562136,0.668085,0.718249,0.508745,0.097229
deepconvnet,cross_session,sub-019,,ses-02,ses-05,3,,76,19,93,3,0.677419,0.679963,0.677382,0.701299,0.696203,0.457458,0.138495
deepconvnet,cross_session,sub-019,,ses-03,ses-01,3,,75,19,95,4,0.484211,0.483363,0.483294,0.492902,1.138294,0.728087,0.308190
deepconvnet,cross_session,sub-019,,ses-03,ses-02,3,,75,19,95,4,0.568421,0.568706,0.568230,0.620124,0.752699,0.520536,0.141503
deepconvnet,cross_session,sub-019,,ses-03,ses-04,3,,75,19,92,4,0.608696,0.612766,0.596491,0.670922,0.695425,0.470836,0.119529
deepconvnet,cross_session,sub-019,,ses-03,ses-05,3,,75,19,93,4,0.655914,0.666512,0.646724,0.731911,0.841225,0.481665,0.216392
deepconvnet,cross_session,sub-019,,ses-04,ses-01,3,,73,19,95,1,0.505263,0.489796,0.335664,0.450311,1.514544,0.859905,0.429087
deepconvnet,cross_session,sub-019,,ses-04,ses-02,3,,73,19,95,1,0.526316,0.521498,0.396953,0.573138,1.000896,0.666857,0.304021
deepconvnet,cross_session,sub-019,,ses-04,ses-03,3,,73,19,94,1,0.489362,0.510204,0.346087,0.746939,1.110366,0.724124,0.370621
deepconvnet,cross_session,sub-019,,ses-04,ses-05,3,,73,19,93,1,0.537634,0.511364,0.369740,0.681354,1.060142,0.676526,0.330647
deepconvnet,cross_session,sub-019,,ses-05,ses-01,3,,74,19,95,4,0.547368,0.550577,0.544136,0.558119,0.903340,0.589811,0.199770
deepconvnet,cross_session,sub-019,,ses-05,ses-02,3,,74,19,95,4,0.610526,0.614140,0.560680,0.643617,0.779467,0.551655,0.255413
deepconvnet,cross_session,sub-019,,ses-05,ses-03,3,,74,19,94,4,0.829787,0.828571,0.829091,0.882540,0.430613,0.272385,0.086584
deepconvnet,cross_session,sub-019,,ses-05,ses-04,3,,74,19,92,4,0.510870,0.520331,0.403716,0.635461,0.966161,0.676326,0.309067
deepconvnet,cross_session,sub-020,,ses-01,ses-02,3,,71,18,100,1,0.880000,0.880000,0.879227,0.944000,0.496375,0.312149,0.242668
deepconvnet,cross_session,sub-020,,ses-01,ses-03,3,,71,18,100,1,0.480000,0.480000,0.476651,0.457200,0.771353,0.570796,0.183933
deepconvnet,cross_session,sub-020,,ses-01,ses-04,3,,71,18,100,1,0.980000,0.980000,0.980000,0.997200,0.366917,0.197574,0.277953
deepconvnet,cross_session,sub-020,,ses-01,ses-05,3,,71,18,100,1,0.930000,0.930000,0.929655,0.976800,0.402006,0.230646,0.233672
deepconvnet,cross_session,sub-020,,ses-02,ses-01,3,,80,20,89,3,0.696629,0.698232,0.691012,0.719697,1.169524,0.537966,0.276641
deepconvnet,cross_session,sub-020,,ses-02,ses-03,3,,80,20,100,3,0.470000,0.470000,0.469947,0.475800,6.782208,1.057467,0.529250
deepconvnet,cross_session,sub-020,,ses-02,ses-04,3,,80,20,100,3,0.740000,0.740000,0.724109,0.973600,0.507802,0.346533,0.135795
deepconvnet,cross_session,sub-020,,ses-02,ses-05,3,,80,20,100,3,0.920000,0.920000,0.919872,0.980800,0.203070,0.121711,0.069883
deepconvnet,cross_session,sub-020,,ses-03,ses-01,3,,80,20,89,4,0.314607,0.313131,0.301916,0.252525,1.018712,0.760332,0.376070
deepconvnet,cross_session,sub-020,,ses-03,ses-02,3,,80,20,100,4,0.350000,0.350000,0.349414,0.321200,0.836601,0.628407,0.272339
deepconvnet,cross_session,sub-020,,ses-03,ses-04,3,,80,20,100,4,0.340000,0.340000,0.330357,0.237200,0.767984,0.572003,0.256599
deepconvnet,cross_session,sub-020,,ses-03,ses-05,3,,80,20,100,4,0.460000,0.460000,0.458049,0.420000,0.715928,0.522387,0.108116
deepconvnet,cross_session,sub-020,,ses-04,ses-01,3,,80,20,89,2,0.820225,0.819444,0.819106,0.925758,0.809523,0.324497,0.149216
deepconvnet,cross_session,sub-020,,ses-04,ses-02,3,,80,20,100,2,0.980000,0.980000,0.980000,0.994400,0.074112,0.037225,0.018786
deepconvnet,cross_session,sub-020,,ses-04,ses-03,3,,80,20,100,2,0.460000,0.460000,0.460000,0.496000,3.919988,1.065360,0.537345
deepconvnet,cross_session,sub-020,,ses-04,ses-05,3,,80,20,100,2,0.970000,0.970000,0.969973,1.000000,0.059100,0.043661,0.030749
deepconvnet,cross_session,sub-020,,ses-05,ses-01,3,,80,20,89,4,0.775281,0.775505,0.775253,0.880303,0.940197,0.361294,0.174931
deepconvnet,cross_session,sub-020,,ses-05,ses-02,3,,80,20,100,4,0.940000,0.940000,0.939783,0.984400,0.247735,0.096659,0.059366
deepconvnet,cross_session,sub-020,,ses-05,ses-03,3,,80,20,100,4,0.480000,0.480000,0.478121,0.477600,3.738545,0.969066,0.488466
deepconvnet,cross_session,sub-020,,ses-05,ses-04,3,,80,20,100,4,0.950000,0.950000,0.949875,1.000000,0.089025,0.060744,0.049419
deepconvnet,cross_session,sub-021,,ses-01,ses-02,3,,75,19,99,15,0.626263,0.626327,0.626263,0.641633,1.746719,0.638232,0.292746
deepconvnet,cross_session,sub-021,,ses-01,ses-03,3,,75,19,93,15,0.720430,0.722479,0.710766,0.827937,0.734602,0.435967,0.196438
deepconvnet,cross_session,sub-021,,ses-01,ses-04,3,,75,19,100,15,0.610000,0.610000,0.609961,0.678800,1.874331,0.694785,0.336669
deepconvnet,cross_session,sub-021,,ses-01,ses-05,3,,75,19,96,15,0.708333,0.711680,0.701996,0.840208,0.811078,0.447489,0.211669
deepconvnet,cross_session,sub-021,,ses-02,ses-01,3,,79,20,94,45,0.861702,0.861702,0.860931,0.941603,0.402933,0.234749,0.097753
deepconvnet,cross_session,sub-021,,ses-02,ses-03,3,,79,20,93,45,0.677419,0.675994,0.670991,0.721092,0.996281,0.533187,0.244952
deepconvnet,cross_session,sub-021,,ses-02,ses-04,3,,79,20,100,45,0.600000,0.600000,0.595960,0.652000,1.884727,0.673026,0.323581
deepconvnet,cross_session,sub-021,,ses-02,ses-05,3,,79,20,96,45,0.635417,0.636344,0.635060,0.708207,1.182067,0.534762,0.250936
deepconvnet,cross_session,sub-021,,ses-03,ses-01,3,,74,19,94,3,0.638298,0.638298,0.617337,0.775011,1.151482,0.553274,0.254965
deepconvnet,cross_session,sub-021,,ses-03,ses-02,3,,74,19,99,3,0.585859,0.590000,0.505060,0.675510,1.966207,0.716585,0.330849
deepconvnet,cross_session,sub-021,,ses-03,ses-04,3,,74,19,100,3,0.500000,0.500000,0.350312,0.683600,2.979072,0.940435,0.476327
deepconvnet,cross_session,sub-021,,ses-03,ses-05,3,,74,19,96,3,0.802083,0.803517,0.801545,0.895354,0.451392,0.274643,0.051004
deepconvnet,cross_session,sub-021,,ses-04,ses-01,3,,80,20,94,4,0.670213,0.670213,0.645110,0.849706,0.613716,0.421653,0.135778
deepconvnet,cross_session,sub-021,,ses-04,ses-02,3,,80,20,99,4,0.565657,0.563673,0.547176,0.625306,0.936335,0.617553,0.259100
deepconvnet,cross_session,sub-021,,ses-04,ses-03,3,,80,20,93,4,0.817204,0.818686,0.814109,0.895005,0.496010,0.303034,0.093602
deepconvnet,cross_session,sub-021,,ses-04,ses-05,3,,80,20,96,4,0.677083,0.683239,0.649346,0.843248,0.595487,0.400558,0.116409
deepconvnet,cross_session,sub-021,,ses-05,ses-01,3,,76,20,94,2,0.755319,0.755319,0.755070,0.834767,0.520323,0.341450,0.112988
deepconvnet,cross_session,sub-021,,ses-05,ses-02,3,,76,20,99,2,0.636364,0.638980,0.611595,0.691429,0.801898,0.516665,0.165669
deepconvnet,cross_session,sub-021,,ses-05,ses-03,3,,76,20,93,2,0.709677,0.711610,0.700822,0.804348,0.612146,0.388985,0.158891
deepconvnet,cross_session,sub-021,,ses-05,ses-04,3,,76,20,100,2,0.560000,0.560000,0.465760,0.697200,1.636829,0.773462,0.398441
deepconvnet,cross_session,sub-022,,ses-01,ses-02,3,,69,18,100,3,0.440000,0.440000,0.411517,0.437200,0.783994,0.581863,0.192573
deepconvnet,cross_session,sub-022,,ses-01,ses-03,3,,69,18,100,3,0.510000,0.510000,0.471470,0.461600,0.768222,0.564223,0.139487
deepconvnet,cross_session,sub-022,,ses-01,ses-04,3,,69,18,100,3,0.490000,0.490000,0.328859,0.140400,1.198274,0.820928,0.409853
deepconvnet,cross_session,sub-022,,ses-01,ses-05,3,,69,18,93,3,0.419355,0.424306,0.407783,0.384722,0.926212,0.677919,0.306702
deepconvnet,cross_session,sub-022,,ses-02,ses-01,3,,80,20,87,2,0.540230,0.540962,0.538706,0.504757,0.894028,0.628766,0.272101
deepconvnet,cross_session,sub-022,,ses-02,ses-03,3,,80,20,100,2,0.490000,0.490000,0.481233,0.508000,0.979237,0.662004,0.258235
deepconvnet,cross_session,sub-022,,ses-02,ses-04,3,,80,20,100,2,0.870000,0.870000,0.869883,0.940400,0.364986,0.194237,0.116196
deepconvnet,cross_session,sub-022,,ses-02,ses-05,3,,80,20,93,2,0.612903,0.615278,0.611781,0.655556,1.479419,0.613407,0.272595
deepconvnet,cross_session,sub-022,,ses-03,ses-01,3,,80,20,87,1,0.494253,0.500000,0.330769,0.516913,0.751977,0.555530,0.174320
deepconvnet,cross_session,sub-022,,ses-03,ses-02,3,,80,20,100,1,0.500000,0.500000,0.333333,0.342400,0.802581,0.598251,0.215001
deepconvnet,cross_session,sub-022,,ses-03,ses-04,3,,80,20,100,1,0.490000,0.490000,0.345399,0.339200,0.760740,0.563722,0.174561
deepconvnet,cross_session,sub-022,,ses-03,ses-05,3,,80,20,93,1,0.483871,0.499306,0.343529,0.471296,0.774862,0.574740,0.199561
deepconvnet,cross_session,sub-022,,ses-04,ses-01,3,,80,20,87,3,0.494253,0.500000,0.330769,0.450846,2.341626,0.974238,0.490640
deepconvnet,cross_session,sub-022,,ses-04,ses-02,3,,80,20,100,3,0.540000,0.540000,0.441476,0.759200,1.190408,0.674809,0.343137
deepconvnet,cross_session,sub-022,,ses-04,ses-03,3,,80,20,100,3,0.520000,0.520000,0.448529,0.570000,1.636215,0.757254,0.361349
deepconvnet,cross_session,sub-022,,ses-04,ses-05,3,,80,20,93,3,0.537634,0.542361,0.529806,0.614352,2.625234,0.834488,0.424937
deepconvnet,cross_session,sub-022,,ses-05,ses-01,3,,74,19,87,1,0.436782,0.440539,0.371702,0.475687,0.709039,0.515824,0.117452
deepconvnet,cross_session,sub-022,,ses-05,ses-02,3,,74,19,100,1,0.540000,0.540000,0.416540,0.538000,0.704099,0.510251,0.078539
deepconvnet,cross_session,sub-022,,ses-05,ses-03,3,,74,19,100,1,0.490000,0.490000,0.481233,0.494400,0.701843,0.508771,0.111929
deepconvnet,cross_session,sub-022,,ses-05,ses-04,3,,74,19,100,1,0.670000,0.670000,0.657641,0.759600,0.628061,0.436865,0.096402
deepconvnet,cross_session,sub-023,,ses-01,ses-02,3,,76,20,94,3,0.510638,0.500000,0.338028,0.607790,0.821792,0.602484,0.245123
deepconvnet,cross_session,sub-023,,ses-01,ses-03,3,,76,20,99,3,0.666667,0.670000,0.627777,0.875918,0.607736,0.412810,0.131957
deepconvnet,cross_session,sub-023,,ses-01,ses-04,3,,76,20,100,3,0.570000,0.570000,0.472457,0.896000,0.668896,0.483468,0.188202
deepconvnet,cross_session,sub-023,,ses-01,ses-05,3,,76,20,97,3,0.505155,0.509991,0.369447,0.787840,0.823511,0.590675,0.306472
deepconvnet,cross_session,sub-023,,ses-02,ses-01,3,,75,19,96,2,0.541667,0.541667,0.433172,0.601997,0.973601,0.640850,0.247962
deepconvnet,cross_session,sub-023,,ses-02,ses-03,3,,75,19,99,2,0.464646,0.463469,0.456664,0.514286,0.899933,0.606511,0.236935
deepconvnet,cross_session,sub-023,,ses-02,ses-04,3,,75,19,100,2,0.720000,0.720000,0.719551,0.797600,0.551481,0.365850,0.076459
deepconvnet,cross_session,sub-023,,ses-02,ses-05,3,,75,19,97,2,0.731959,0.732568,0.731245,0.767857,0.629578,0.414960,0.148882
deepconvnet,cross_session,sub-023,,ses-03,ses-01,3,,79,20,96,3,0.541667,0.541667,0.541667,0.587674,1.419692,0.730258,0.333411
deepconvnet,cross_session,sub-023,,ses-03,ses-02,3,,79,20,94,3,0.500000,0.492301,0.419524,0.538496,1.145282,0.719816,0.333613
deepconvnet,cross_session,sub-023,,ses-03,ses-04,3,,79,20,100,3,0.410000,0.410000,0.382781,0.432000,1.119821,0.758666,0.356979
deepconvnet,cross_session,sub-023,,ses-03,ses-05,3,,79,20,97,3,0.505155,0.508929,0.431085,0.611820,0.993209,0.668084,0.320422
deepconvnet,cross_session,sub-023,,ses-04,ses-01,3,,80,20,96,28,0.510417,0.510417,0.506076,0.581380,3.980927,0.872664,0.445577
deepconvnet,cross_session,sub-023,,ses-04,ses-02,3,,80,20,94,28,0.489362,0.495924,0.439642,0.503170,2.593451,0.912663,0.453511
deepconvnet,cross_session,sub-023,,ses-04,ses-03,3,,80,20,99,28,0.525253,0.521224,0.432630,0.700408,3.252852,0.905138,0.460922
deepconvnet,cross_session,sub-023,,ses-04,ses-05,3,,80,20,97,28,0.690722,0.689413,0.685065,0.766582,1.434221,0.544342,0.264927
deepconvnet,cross_session,sub-023,,ses-05,ses-01,3,,77,20,96,9,0.541667,0.541667,0.540870,0.580512,2.027124,0.774135,0.382548
deepconvnet,cross_session,sub-023,,ses-05,ses-02,3,,77,20,94,9,0.606383,0.609149,0.600918,0.640851,1.136555,0.644977,0.288637
deepconvnet,cross_session,sub-023,,ses-05,ses-03,3,,77,20,99,9,0.545455,0.542653,0.505933,0.594286,1.531885,0.741207,0.338371
deepconvnet,cross_session,sub-023,,ses-05,ses-04,3,,77,20,100,9,0.740000,0.740000,0.738325,0.814800,0.654545,0.378722,0.127418
deepconvnet,cross_session,sub-024,,ses-01,ses-02,3,,59,15,82,1,0.426829,0.426435,0.426061,0.432416,0.737050,0.539446,0.149794
deepconvnet,cross_session,sub-024,,ses-01,ses-03,3,,59,15,83,1,0.578313,0.575581,0.574359,0.579651,0.689544,0.493942,0.056250
deepconvnet,cross_session,sub-024,,ses-01,ses-04,3,,59,15,98,1,0.510204,0.510833,0.510000,0.488750,0.720222,0.526216,0.161759
deepconvnet,cross_session,sub-024,,ses-01,ses-05,3,,59,15,100,1,0.490000,0.490000,0.487489,0.506400,0.718500,0.523310,0.149688
deepconvnet,cross_session,sub-024,,ses-02,ses-01,3,,65,17,74,6,0.554054,0.535897,0.485570,0.424176,0.886007,0.624377,0.273199
deepconvnet,cross_session,sub-024,,ses-02,ses-03,3,,65,17,83,6,0.518072,0.516570,0.516317,0.515698,0.815734,0.589674,0.193792
deepconvnet,cross_session,sub-024,,ses-02,ses-04,3,,65,17,98,6,0.510204,0.513333,0.500000,0.491667,0.908490,0.645076,0.223469
deepconvnet,cross_session,sub-024,,ses-02,ses-05,3,,65,17,100,6,0.560000,0.560000,0.485741,0.574000,0.782638,0.572128,0.221771
deepconvnet,cross_session,sub-024,,ses-03,ses-01,3,,66,17,74,12,0.594595,0.586081,0.579545,0.572161,0.921598,0.575544,0.198387
deepconvnet,cross_session,sub-024,,ses-03,ses-02,3,,66,17,82,12,0.487805,0.502990,0.472426,0.506579,1.182426,0.732835,0.332090
deepconvnet,cross_session,sub-024,,ses-03,ses-04,3,,66,17,98,12,0.500000,0.507083,0.436054,0.591667,1.221695,0.745424,0.364324
deepconvnet,cross_session,sub-024,,ses-03,ses-05,3,,66,17,100,12,0.600000,0.600000,0.592003,0.572800,0.989904,0.623457,0.221122
deepconvnet,cross_session,sub-024,,ses-04,ses-01,3,,78,20,74,1,0.472973,0.483883,0.456190,0.553846,0.695328,0.502146,0.060162
deepconvnet,cross_session,sub-024,,ses-04,ses-02,3,,78,20,82,1,0.487805,0.485048,0.485048,0.439593,0.707052,0.513728,0.093383
deepconvnet,cross_session,sub-024,,ses-04,ses-03,3,,78,20,83,1,0.554217,0.557558,0.551875,0.602326,0.676435,0.483471,0.032829
deepconvnet,cross_session,sub-024,,ses-04,ses-05,3,,78,20,100,1,0.480000,0.480000,0.478121,0.471200,0.710383,0.516803,0.072683
deepconvnet,cross_session,sub-024,,ses-05,ses-01,3,,80,20,74,2,0.500000,0.475824,0.355916,0.384615,0.824536,0.609744,0.226720
deepconvnet,cross_session,sub-024,,ses-05,ses-02,3,,80,20,82,2,0.609756,0.627392,0.594310,0.681818,0.675291,0.478719,0.140909
deepconvnet,cross_session,sub-024,,ses-05,ses-03,3,,80,20,83,2,0.493976,0.497674,0.490351,0.509884,0.830184,0.590748,0.180864
deepconvnet,cross_session,sub-024,,ses-05,ses-04,3,,80,20,98,2,0.510204,0.503333,0.443182,0.514583,0.951746,0.606163,0.190431
deepconvnet,cross_session,sub-025,,ses-01,ses-02,3,,70,18,92,1,0.500000,0.509220,0.397151,0.453901,0.755234,0.557249,0.158779
deepconvnet,cross_session,sub-025,,ses-01,ses-03,3,,70,18,94,1,0.446809,0.454710,0.363542,0.513587,0.758131,0.559042,0.199970
deepconvnet,cross_session,sub-025,,ses-01,ses-04,3,,70,18,88,1,0.500000,0.490439,0.385397,0.497158,0.743674,0.544509,0.140817
deepconvnet,cross_session,sub-025,,ses-01,ses-05,3,,70,18,100,1,0.490000,0.490000,0.360502,0.600400,0.693101,0.500175,0.094529
deepconvnet,cross_session,sub-025,,ses-02,ses-01,3,,73,19,88,1,0.488636,0.496382,0.426336,0.496124,0.707444,0.513983,0.080765
deepconvnet,cross_session,sub-025,,ses-02,ses-03,3,,73,19,94,1,0.425532,0.425272,0.425272,0.491848,0.713042,0.516999,0.169767
deepconvnet,cross_session,sub-025,,ses-02,ses-04,3,,73,19,88,1,0.534091,0.528424,0.499931,0.565891,0.688152,0.495270,0.093436
deepconvnet,cross_session,sub-025,,ses-02,ses-05,3,,73,19,100,1,0.500000,0.500000,0.333333,0.398000,0.715481,0.521925,0.110322
deepconvnet,cross_session,sub-025,,ses-03,ses-01,3,,75,19,88,3,0.511364,0.503618,0.442135,0.494574,0.709379,0.515730,0.097374
deepconvnet,cross_session,sub-025,,ses-03,ses-02,3,,75,19,92,3,0.532609,0.528842,0.516086,0.562175,0.704656,0.507166,0.076480
deepconvnet,cross_session,sub-025,,ses-03,ses-04,3,,75,19,88,3,0.397727,0.403876,0.353569,0.350388,0.796545,0.590339,0.229060
deepconvnet,cross_session,sub-025,,ses-03,ses-05,3,,75,19,100,3,0.580000,0.580000,0.544271,0.590800,0.689852,0.496536,0.049018
deepconvnet,cross_session,sub-025,,ses-04,ses-01,3,,70,18,88,3,0.443182,0.443669,0.443110,0.423256,0.794477,0.589630,0.192558
deepconvnet,cross_session,sub-025,,ses-04,ses-02,3,,70,18,92,3,0.532609,0.534515,0.529887,0.556028,0.719375,0.521704,0.101893
deepconvnet,cross_session,sub-025,,ses-04,ses-03,3,,70,18,94,3,0.542553,0.540308,0.536202,0.551630,0.733447,0.530266,0.128483
deepconvnet,cross_session,sub-025,,ses-04,ses-05,3,,70,18,100,3,0.450000,0.450000,0.445509,0.476000,0.722754,0.528206,0.129344
deepconvnet,cross_session,sub-025,,ses-05,ses-01,3,,80,20,88,1,0.534091,0.541860,0.477329,0.586047,0.728755,0.531262,0.131623
deepconvnet,cross_session,sub-025,,ses-05,ses-02,3,,80,20,92,1,0.500000,0.510638,0.351716,0.553664,0.915203,0.655067,0.270343
deepconvnet,cross_session,sub-025,,ses-05,ses-03,3,,80,20,94,1,0.489362,0.500000,0.328571,0.533062,1.032974,0.724808,0.336671
deepconvnet,cross_session,sub-025,,ses-05,ses-04,3,,80,20,88,1,0.522727,0.512145,0.381940,0.525581,0.999640,0.644877,0.246626
deepconvnet,cross_session,sub-001,,ses-01,ses-02,4,,80,20,100,2,0.450000,0.450000,0.429401,0.473600,0.968511,0.640707,0.251434
deepconvnet,cross_session,sub-001,,ses-01,ses-03,4,,80,20,99,2,0.535354,0.538571,0.484842,0.475102,1.429664,0.711908,0.265472
deepconvnet,cross_session,sub-001,,ses-01,ses-04,4,,80,20,99,2,0.434343,0.432041,0.402071,0.424490,1.365229,0.779473,0.347798
deepconvnet,cross_session,sub-001,,ses-01,ses-05,4,,80,20,94,2,0.521277,0.515399,0.478229,0.519928,1.182417,0.661874,0.269866
deepconvnet,cross_session,sub-001,,ses-02,ses-01,4,,80,20,100,1,0.490000,0.490000,0.328859,0.542000,0.710427,0.516675,0.098648
deepconvnet,cross_session,sub-001,,ses-02,ses-03,4,,80,20,99,1,0.484848,0.488571,0.406349,0.553878,0.731541,0.533115,0.147647
deepconvnet,cross_session,sub-001,,ses-02,ses-04,4,,80,20,99,1,0.494949,0.490204,0.347998,0.448571,0.761997,0.562315,0.149818
deepconvnet,cross_session,sub-001,,ses-02,ses-05,4,,80,20,94,1,0.531915,0.523551,0.440476,0.541214,0.753043,0.550576,0.152640
deepconvnet,cross_session,sub-001,,ses-03,ses-01,4,,79,20,100,1,0.460000,0.460000,0.389417,0.517600,0.697347,0.504151,0.058350
deepconvnet,cross_session,sub-001,,ses-03,ses-02,4,,79,20,100,1,0.540000,0.540000,0.516604,0.576000,0.680233,0.487275,0.093913
deepconvnet,cross_session,sub-001,,ses-03,ses-04,4,,79,20,99,1,0.494949,0.497959,0.447545,0.470612,0.715686,0.520585,0.073188
deepconvnet,cross_session,sub-001,,ses-03,ses-05,4,,79,20,94,1,0.436170,0.441576,0.400265,0.447917,0.769499,0.550109,0.139914
deepconvnet,cross_session,sub-001,,ses-04,ses-01,4,,79,20,100,2,0.500000,0.500000,0.333333,0.600800,0.751599,0.554718,0.176975
deepconvnet,cross_session,sub-001,,ses-04,ses-02,4,,79,20,100,2,0.480000,0.480000,0.368626,0.440800,0.748470,0.552507,0.152204
deepconvnet,cross_session,sub-001,,ses-04,ses-03,4,,79,20,99,2,0.494949,0.491837,0.440045,0.505306,0.756172,0.549048,0.142520
deepconvnet,cross_session,sub-001,,ses-04,ses-05,4,,79,20,94,2,0.553191,0.552989,0.552989,0.553895,0.821687,0.530169,0.167002
deepconvnet,cross_session,sub-001,,ses-05,ses-01,4,,75,19,100,1,0.500000,0.500000,0.365804,0.510000,0.693758,0.500612,0.031806
deepconvnet,cross_session,sub-001,,ses-05,ses-02,4,,75,19,100,1,0.520000,0.520000,0.512987,0.458800,0.700674,0.507517,0.106421
deepconvnet,cross_session,sub-001,,ses-05,ses-03,4,,75,19,99,1,0.545455,0.546531,0.540769,0.510612,0.703109,0.508164,0.116699
deepconvnet,cross_session,sub-001,,ses-05,ses-04,4,,75,19,99,1,0.494949,0.494082,0.490741,0.513061,0.711416,0.515896,0.051569
deepconvnet,cross_session,sub-002,,ses-01,ses-02,4,,73,19,95,3,0.505263,0.500222,0.353741,0.521277,1.141078,0.530450,0.057358
deepconvnet,cross_session,sub-002,,ses-01,ses-03,4,,73,19,100,3,0.530000,0.500000,0.346405,0.494179,0.691892,0.498745,0.005966
deepconvnet,cross_session,sub-002,,ses-01,ses-04,4,,73,19,100,3,0.500000,0.500000,0.333333,0.517200,0.695670,0.502517,0.059041
deepconvnet,cross_session,sub-002,,ses-01,ses-05,4,,73,19,95,3,0.526316,0.512201,0.396953,0.645075,0.687548,0.494428,0.114796
deepconvnet,cross_session,sub-002,,ses-02,ses-01,4,,76,19,92,2,0.467391,0.467391,0.318519,0.422023,0.743865,0.517579,0.044158
deepconvnet,cross_session,sub-002,,ses-02,ses-03,4,,76,19,100,2,0.540000,0.510638,0.369518,0.463669,0.692711,0.499564,0.034536
deepconvnet,cross_session,sub-002,,ses-02,ses-04,4,,76,19,100,2,0.500000,0.500000,0.333333,0.323200,0.693911,0.500764,0.006105
deepconvnet,cross_session,sub-002,,ses-02,ses-05,4,,76,19,95,2,0.505263,0.491127,0.370151,0.603372,0.692162,0.499015,0.000036
deepconvnet,cross_session,sub-002,,ses-03,ses-01,4,,80,20,92,1,0.467391,0.467391,0.466824,0.473062,1.146979,0.598539,0.178513
deepconvnet,cross_session,sub-002,,ses-03,ses-02,4,,80,20,95,1,0.536842,0.532580,0.442964,0.602837,1.275164,0.536475,0.139244
deepconvnet,cross_session,sub-002,,ses-03,ses-04,4,,80,20,100,1,0.450000,0.450000,0.448622,0.464000,0.702842,0.509614,0.083836
deepconvnet,cross_session,sub-002,,ses-03,ses-05,4,,80,20,95,1,0.494737,0.480257,0.348571,0.544809,0.835864,0.585294,0.223293
deepconvnet,cross_session,sub-002,,ses-04,ses-01,4,,80,20,92,21,0.543478,0.543478,0.542614,0.520321,4.248401,0.802314,0.374929
deepconvnet,cross_session,sub-002,,ses-04,ses-02,4,,80,20,95,21,0.652632,0.651596,0.648739,0.725177,1.671114,0.569115,0.270129
deepconvnet,cross_session,sub-002,,ses-04,ses-03,4,,80,20,100,21,0.570000,0.561823,0.557203,0.562826,2.706514,0.779469,0.373809
deepconvnet,cross_session,sub-002,,ses-04,ses-05,4,,80,20,95,21,0.600000,0.596273,0.592367,0.682786,3.096619,0.744695,0.367573
deepconvnet,cross_session,sub-002,,ses-05,ses-01,4,,76,19,92,17,0.532609,0.532609,0.532111,0.525520,1.849230,0.729271,0.305208
deepconvnet,cross_session,sub-002,,ses-05,ses-02,4,,76,19,95,17,0.568421,0.571365,0.533477,0.645833,1.337401,0.639808,0.261604
deepconvnet,cross_session,sub-002,,ses-05,ses-03,4,,76,19,100,17,0.520000,0.523083,0.519808,0.544761,1.037857,0.651437,0.260962
deepconvnet,cross_session,sub-002,,ses-05,ses-04,4,,76,19,100,17,0.540000,0.540000,0.516604,0.560000,1.018167,0.649825,0.257755
deepconvnet,cross_session,sub-003,,ses-01,ses-02,4,,73,19,100,15,0.490000,0.490000,0.483753,0.543200,0.962024,0.640593,0.263905
deepconvnet,cross_session,sub-003,,ses-01,ses-03,4,,73,19,92,15,0.510870,0.510875,0.510812,0.504965,1.850438,0.722317,0.329590
deepconvnet,cross_session,sub-003,,ses-01,ses-04,4,,73,19,100,15,0.560000,0.560000,0.476190,0.563600,0.850082,0.595241,0.216197
deepconvnet,cross_session,sub-003,,ses-01,ses-05,4,,73,19,100,15,0.520000,0.520000,0.376299,0.541200,0.910185,0.660434,0.290019
deepconvnet,cross_session,sub-003,,ses-02,ses-01,4,,80,20,92,6,0.445652,0.454545,0.426055,0.433239,1.568126,0.825826,0.372828
deepconvnet,cross_session,sub-003,,ses-02,ses-03,4,,80,20,92,6,0.510870,0.504255,0.456907,0.498345,1.908666,0.828929,0.405020
deepconvnet,cross_session,sub-003,,ses-02,ses-04,4,,80,20,100,6,0.540000,0.540000,0.539816,0.592400,0.742447,0.529529,0.159022
deepconvnet,cross_session,sub-003,,ses-02,ses-05,4,,80,20,100,6,0.610000,0.610000,0.603296,0.585600,0.805296,0.547151,0.158583
deepconvnet,cross_session,sub-003,,ses-03,ses-01,4,,73,19,92,1,0.489130,0.507576,0.390557,0.404830,0.695389,0.502241,0.020586
deepconvnet,cross_session,sub-003,,ses-03,ses-02,4,,73,19,100,1,0.500000,0.500000,0.333333,0.593600,0.692719,0.499572,0.007214
deepconvnet,cross_session,sub-003,,ses-03,ses-04,4,,73,19,100,1,0.500000,0.500000,0.333333,0.524000,0.693152,0.500005,0.007110
deepconvnet,cross_session,sub-003,,ses-03,ses-05,4,,73,19,100,1,0.500000,0.500000,0.333333,0.447200,0.693240,0.500093,0.007203
deepconvnet,cross_session,sub-003,,ses-04,ses-01,4,,80,20,92,2,0.456522,0.447917,0.429563,0.449811,1.131905,0.688836,0.306071
deepconvnet,cross_session,sub-003,,ses-04,ses-02,4,,80,20,100,2,0.550000,0.550000,0.544488,0.585200,0.722228,0.515792,0.102678
deepconvnet,cross_session,sub-003,,ses-04,ses-03,4,,80,20,92,2,0.500000,0.509220,0.397151,0.559811,1.409634,0.767943,0.400383
deepconvnet,cross_session,sub-003,,ses-04,ses-05,4,,80,20,100,2,0.510000,0.510000,0.465007,0.523200,0.716501,0.521093,0.089016
deepconvnet,cross_session,sub-003,,ses-05,ses-01,4,,80,20,92,1,0.521739,0.501894,0.379902,0.569602,0.988409,0.603565,0.225233
deepconvnet,cross_session,sub-003,,ses-05,ses-02,4,,80,20,100,1,0.510000,0.510000,0.495418,0.521200,0.830372,0.580548,0.160398
deepconvnet,cross_session,sub-003,,ses-05,ses-03,4,,80,20,92,1,0.489130,0.500000,0.328467,0.532388,2.105730,0.911503,0.448745
deepconvnet,cross_session,sub-003,,ses-05,ses-04,4,,80,20,100,1,0.510000,0.510000,0.495418,0.571200,0.683155,0.490583,0.054167
deepconvnet,cross_session,sub-004,,ses-01,ses-02,4,,69,18,97,78,0.505155,0.506803,0.493031,0.501276,0.706899,0.510805,0.072345
deepconvnet,cross_session,sub-004,,ses-01,ses-03,4,,69,18,91,78,0.549451,0.549903,0.549233,0.622093,0.682029,0.484653,0.136616
deepconvnet,cross_session,sub-004,,ses-01,ses-04,4,,69,18,100,78,0.440000,0.440000,0.405772,0.429600,0.811972,0.602742,0.208780
deepconvnet,cross_session,sub-004,,ses-01,ses-05,4,,69,18,100,78,0.440000,0.440000,0.428805,0.493600,0.693630,0.500671,0.112017
deepconvnet,cross_session,sub-004,,ses-02,ses-01,4,,77,20,87,2,0.448276,0.452167,0.379310,0.494715,1.209125,0.672821,0.266724
deepconvnet,cross_session,sub-004,,ses-02,ses-03,4,,77,20,91,2,0.560440,0.580911,0.502732,0.612403,0.770067,0.558737,0.200562
deepconvnet,cross_session,sub-004,,ses-02,ses-04,4,,77,20,100,2,0.550000,0.550000,0.495006,0.548800,0.723132,0.525437,0.125627
deepconvnet,cross_session,sub-004,,ses-02,ses-05,4,,77,20,100,2,0.500000,0.500000,0.333333,0.506000,0.724582,0.530187,0.127591
deepconvnet,cross_session,sub-004,,ses-03,ses-01,4,,72,19,87,1,0.528736,0.532770,0.465137,0.452960,0.720950,0.527657,0.167333
deepconvnet,cross_session,sub-004,,ses-03,ses-02,4,,72,19,97,1,0.556701,0.560374,0.494608,0.576531,0.712222,0.515828,0.131093
deepconvnet,cross_session,sub-004,,ses-03,ses-04,4,,72,19,100,1,0.500000,0.500000,0.365804,0.507600,0.698182,0.504943,0.044446
deepconvnet,cross_session,sub-004,,ses-03,ses-05,4,,72,19,100,1,0.500000,0.500000,0.479167,0.491600,0.694109,0.500962,0.018685
deepconvnet,cross_session,sub-004,,ses-04,ses-01,4,,80,20,87,14,0.551724,0.551797,0.551724,0.542283,1.218287,0.612838,0.188042
deepconvnet,cross_session,sub-004,,ses-04,ses-02,4,,80,20,97,14,0.494845,0.492560,0.467451,0.542942,0.871835,0.616188,0.233523
deepconvnet,cross_session,sub-004,,ses-04,ses-03,4,,80,20,91,14,0.483516,0.487403,0.482517,0.515019,1.100541,0.676436,0.299473
deepconvnet,cross_session,sub-004,,ses-04,ses-05,4,,80,20,100,14,0.530000,0.530000,0.435028,0.592800,0.777511,0.567514,0.190466
deepconvnet,cross_session,sub-004,,ses-05,ses-01,4,,80,20,87,7,0.459770,0.456660,0.415272,0.392178,5.987084,1.028412,0.511900
deepconvnet,cross_session,sub-004,,ses-05,ses-02,4,,80,20,97,7,0.474227,0.473427,0.470626,0.519133,1.907062,0.852703,0.405727
deepconvnet,cross_session,sub-004,,ses-05,ses-03,4,,80,20,91,7,0.483516,0.471657,0.451456,0.469477,4.072889,0.906440,0.466145
deepconvnet,cross_session,sub-004,,ses-05,ses-04,4,,80,20,100,7,0.480000,0.480000,0.368626,0.484400,2.260403,0.941104,0.473491
deepconvnet,cross_session,sub-005,,ses-01,ses-02,4,,75,19,100,3,0.560000,0.560000,0.555556,0.586800,0.688838,0.495476,0.042235
deepconvnet,cross_session,sub-005,,ses-01,ses-03,4,,75,19,93,3,0.462366,0.462997,0.460807,0.429232,0.718133,0.525365,0.157340
deepconvnet,cross_session,sub-005,,ses-01,ses-04,4,,75,19,99,3,0.606061,0.606531,0.605416,0.577143,0.688852,0.495586,0.106436
deepconvnet,cross_session,sub-005,,ses-01,ses-05,4,,75,19,89,3,0.494382,0.491911,0.490263,0.461577,0.773763,0.558186,0.162775
deepconvnet,cross_session,sub-005,,ses-02,ses-01,4,,80,20,94,2,0.531915,0.516553,0.451459,0.517687,5.621331,0.893191,0.436723
deepconvnet,cross_session,sub-005,,ses-02,ses-03,4,,80,20,93,2,0.580645,0.582562,0.567854,0.577243,1.139196,0.648342,0.239736
deepconvnet,cross_session,sub-005,,ses-02,ses-04,4,,80,20,99,2,0.535354,0.535102,0.534926,0.527755,1.083668,0.677953,0.297766
deepconvnet,cross_session,sub-005,,ses-02,ses-05,4,,80,20,89,2,0.438202,0.431496,0.411376,0.491911,1.492157,0.783581,0.391483
deepconvnet,cross_session,sub-005,,ses-03,ses-01,4,,74,19,94,4,0.531915,0.527438,0.524160,0.560544,1.041947,0.549914,0.158588
deepconvnet,cross_session,sub-005,,ses-03,ses-02,4,,74,19,100,4,0.420000,0.420000,0.362637,0.300400,0.769082,0.571824,0.164740
deepconvnet,cross_session,sub-005,,ses-03,ses-04,4,,74,19,99,4,0.494949,0.491224,0.412951,0.573061,0.717105,0.518374,0.136789
deepconvnet,cross_session,sub-005,,ses-03,ses-05,4,,74,19,89,4,0.528090,0.522245,0.510220,0.538928,0.733831,0.533401,0.175372
deepconvnet,cross_session,sub-005,,ses-04,ses-01,4,,79,20,94,1,0.585106,0.573923,0.547798,0.560091,0.979554,0.583473,0.195937
deepconvnet,cross_session,sub-005,,ses-04,ses-02,4,,79,20,100,1,0.430000,0.430000,0.360341,0.449600,0.766507,0.567241,0.193818
deepconvnet,cross_session,sub-005,,ses-04,ses-03,4,,79,20,93,1,0.505376,0.506244,0.502558,0.479648,0.762521,0.554928,0.159740
deepconvnet,cross_session,sub-005,,ses-04,ses-05,4,,79,20,89,1,0.494382,0.487361,0.467491,0.434277,0.872313,0.615204,0.234844
deepconvnet,cross_session,sub-005,,ses-05,ses-01,4,,71,18,94,14,0.436170,0.436508,0.436106,0.456236,1.283522,0.787436,0.370799
deepconvnet,cross_session,sub-005,,ses-05,ses-02,4,,71,18,100,14,0.430000,0.430000,0.385180,0.323600,0.797744,0.593755,0.187683
deepconvnet,cross_session,sub-005,,ses-05,ses-03,4,,71,18,93,14,0.634409,0.634598,0.634366,0.601295,0.721478,0.513180,0.200133
deepconvnet,cross_session,sub-005,,ses-05,ses-04,4,,71,18,99,14,0.414141,0.414490,0.413603,0.454694,0.770448,0.571592,0.221470
deepconvnet,cross_session,sub-006,,ses-01,ses-02,4,,74,19,94,23,0.670213,0.669837,0.669877,0.709013,2.472841,0.629958,0.312009
deepconvnet,cross_session,sub-006,,ses-01,ses-03,4,,74,19,95,23,0.452632,0.453457,0.449643,0.442154,4.797701,1.024622,0.515921
deepconvnet,cross_session,sub-006,,ses-01,ses-04,4,,74,19,92,23,0.597826,0.589362,0.520226,0.857447,2.452573,0.715246,0.352719
deepconvnet,cross_session,sub-006,,ses-01,ses-05,4,,74,19,95,23,0.621053,0.621340,0.621011,0.667258,2.607183,0.658268,0.321630
deepconvnet,cross_session,sub-006,,ses-02,ses-01,4,,75,19,93,99,0.763441,0.761806,0.762093,0.804861,3.101613,0.455923,0.229759
deepconvnet,cross_session,sub-006,,ses-02,ses-03,4,,75,19,95,99,0.515789,0.514849,0.511404,0.552970,7.127643,0.904051,0.468898
deepconvnet,cross_session,sub-006,,ses-02,ses-04,4,,75,19,92,99,0.565217,0.558392,0.513485,0.617967,4.600940,0.839137,0.427823
deepconvnet,cross_session,sub-006,,ses-02,ses-05,4,,75,19,95,99,0.515789,0.515972,0.515736,0.511091,6.463190,0.879224,0.438073
deepconvnet,cross_session,sub-006,,ses-03,ses-01,4,,76,19,93,2,0.537634,0.532639,0.523532,0.561111,0.986040,0.619661,0.251233
deepconvnet,cross_session,sub-006,,ses-03,ses-02,4,,76,19,94,2,0.606383,0.607337,0.605982,0.717844,0.645301,0.455643,0.140216
deepconvnet,cross_session,sub-006,,ses-03,ses-04,4,,76,19,92,2,0.543478,0.549409,0.510142,0.694090,0.768969,0.518639,0.202932
deepconvnet,cross_session,sub-006,,ses-03,ses-05,4,,76,19,95,2,0.494737,0.486912,0.457143,0.486247,1.139411,0.694765,0.295165
deepconvnet,cross_session,sub-006,,ses-04,ses-01,4,,73,19,93,27,0.462366,0.464583,0.460807,0.500694,3.345377,0.979129,0.497584
deepconvnet,cross_session,sub-006,,ses-04,ses-02,4,,73,19,94,27,0.797872,0.801630,0.792591,0.951087,0.411543,0.259013,0.056631
deepconvnet,cross_session,sub-006,,ses-04,ses-03,4,,73,19,95,27,0.400000,0.402039,0.377658,0.315160,2.481825,1.003253,0.455862
deepconvnet,cross_session,sub-006,,ses-04,ses-05,4,,73,19,95,27,0.568421,0.575643,0.548406,0.628217,1.957610,0.706675,0.317468
deepconvnet,cross_session,sub-006,,ses-05,ses-01,4,,76,19,93,4,0.462366,0.465278,0.459302,0.503704,2.700898,0.974105,0.488099
deepconvnet,cross_session,sub-006,,ses-05,ses-02,4,,76,19,94,4,0.500000,0.498641,0.497212,0.468297,1.767534,0.867418,0.408390
deepconvnet,cross_session,sub-006,,ses-05,ses-03,4,,76,19,95,4,0.273684,0.275044,0.261907,0.255762,1.490896,0.975105,0.523109
deepconvnet,cross_session,sub-006,,ses-05,ses-04,4,,76,19,92,4,0.521739,0.520567,0.519696,0.531915,1.213469,0.680593,0.287991
deepconvnet,cross_session,sub-007,,ses-01,ses-02,4,,80,20,100,1,0.480000,0.480000,0.453552,0.444400,0.737088,0.539831,0.138699
deepconvnet,cross_session,sub-007,,ses-01,ses-03,4,,80,20,96,1,0.510417,0.510417,0.510364,0.485677,0.884338,0.539408,0.111915
deepconvnet,cross_session,sub-007,,ses-01,ses-04,4,,80,20,92,1,0.467391,0.467391,0.459667,0.425331,0.955806,0.642140,0.204634
deepconvnet,cross_session,sub-007,,ses-01,ses-05,4,,80,20,100,1,0.620000,0.620000,0.607276,0.702000,0.655909,0.463425,0.103072
deepconvnet,cross_session,sub-007,,ses-02,ses-01,4,,80,20,100,3,0.550000,0.550000,0.520000,0.478400,0.793645,0.576221,0.164109
deepconvnet,cross_session,sub-007,,ses-02,ses-03,4,,80,20,96,3,0.458333,0.458333,0.357694,0.422309,1.282379,0.791839,0.371879
deepconvnet,cross_session,sub-007,,ses-02,ses-04,4,,80,20,92,3,0.500000,0.500000,0.351716,0.502836,1.700198,0.833183,0.415788
deepconvnet,cross_session,sub-007,,ses-02,ses-05,4,,80,20,100,3,0.460000,0.460000,0.344342,0.342000,1.121139,0.769453,0.375569
deepconvnet,cross_session,sub-007,,ses-03,ses-01,4,,76,20,100,1,0.510000,0.510000,0.355178,0.619200,0.693406,0.500272,0.042066
deepconvnet,cross_session,sub-007,,ses-03,ses-02,4,,76,20,100,1,0.490000,0.490000,0.328859,0.519200,0.700035,0.506907,0.075307
deepconvnet,cross_session,sub-007,,ses-03,ses-04,4,,76,20,92,1,0.456522,0.456522,0.401042,0.463611,0.718770,0.525253,0.164227
deepconvnet,cross_session,sub-007,,ses-03,ses-05,4,,76,20,100,1,0.490000,0.490000,0.328859,0.405600,0.711150,0.517766,0.119386
deepconvnet,cross_session,sub-007,,ses-04,ses-01,4,,73,19,100,15,0.530000,0.530000,0.472562,0.529600,0.985055,0.657811,0.281697
deepconvnet,cross_session,sub-007,,ses-04,ses-02,4,,73,19,100,15,0.480000,0.480000,0.368626,0.449200,1.166168,0.761473,0.364871
deepconvnet,cross_session,sub-007,,ses-04,ses-03,4,,73,19,96,15,0.572917,0.572917,0.546909,0.571181,1.114444,0.652595,0.267935
deepconvnet,cross_session,sub-007,,ses-04,ses-05,4,,73,19,100,15,0.670000,0.670000,0.648000,0.811600,0.675546,0.440848,0.162164
deepconvnet,cross_session,sub-007,,ses-05,ses-01,4,,80,20,100,7,0.500000,0.500000,0.486864,0.511200,1.052175,0.714603,0.319698
deepconvnet,cross_session,sub-007,,ses-05,ses-02,4,,80,20,100,7,0.450000,0.450000,0.437340,0.448800,1.452846,0.754419,0.327511
deepconvnet,cross_session,sub-007,,ses-05,ses-03,4,,80,20,96,7,0.562500,0.562500,0.552993,0.585503,1.380848,0.686202,0.298544
deepconvnet,cross_session,sub-007,,ses-05,ses-04,4,,80,20,92,7,0.543478,0.543478,0.543478,0.570888,2.324120,0.785294,0.379681
deepconvnet,cross_session,sub-008,,ses-01,ses-02,4,,80,20,94,8,0.531915,0.531915,0.514098,0.488456,7.320657,0.926275,0.460797
deepconvnet,cross_session,sub-008,,ses-01,ses-03,4,,80,20,89,8,0.516854,0.521970,0.394558,0.611111,9.722582,0.958571,0.482414
deepconvnet,cross_session,sub-008,,ses-01,ses-04,4,,80,20,96,8,0.552083,0.552083,0.549689,0.575087,1.322276,0.696783,0.311387
deepconvnet,cross_session,sub-008,,ses-01,ses-05,4,,80,20,100,8,0.490000,0.490000,0.481233,0.465600,1.444636,0.814147,0.373897
deepconvnet,cross_session,sub-008,,ses-02,ses-01,4,,75,19,100,89,0.660000,0.660000,0.635350,0.717600,0.664968,0.471574,0.121065
deepconvnet,cross_session,sub-008,,ses-02,ses-03,4,,75,19,89,89,0.707865,0.706313,0.701496,0.779293,0.738318,0.411128,0.193986
deepconvnet,cross_session,sub-008,,ses-02,ses-04,4,,75,19,96,89,0.552083,0.552083,0.548112,0.534722,0.722714,0.523586,0.110718
deepconvnet,cross_session,sub-008,,ses-02,ses-05,4,,75,19,100,89,0.470000,0.470000,0.362904,0.487600,0.720778,0.521547,0.110329
deepconvnet,cross_session,sub-008,,ses-03,ses-01,4,,71,18,100,23,0.500000,0.500000,0.333333,0.714400,0.817032,0.608532,0.252260
deepconvnet,cross_session,sub-008,,ses-03,ses-02,4,,71,18,94,23,0.500000,0.500000,0.468159,0.514260,1.208614,0.675533,0.346706
deepconvnet,cross_session,sub-008,,ses-03,ses-04,4,,71,18,96,23,0.500000,0.500000,0.333333,0.533854,0.845764,0.627254,0.247838
deepconvnet,cross_session,sub-008,,ses-03,ses-05,4,,71,18,100,23,0.500000,0.500000,0.333333,0.550000,0.859999,0.640667,0.265912
deepconvnet,cross_session,sub-008,,ses-04,ses-01,4,,76,20,100,17,0.520000,0.520000,0.516908,0.484800,1.061456,0.683408,0.252739
deepconvnet,cross_session,sub-008,,ses-04,ses-02,4,,76,20,94,17,0.489362,0.489362,0.453753,0.425079,4.788620,0.939196,0.467696
deepconvnet,cross_session,sub-008,,ses-04,ses-03,4,,76,20,89,17,0.516854,0.521465,0.422340,0.560859,4.953445,0.886751,0.443520
deepconvnet,cross_session,sub-008,,ses-04,ses-05,4,,76,20,100,17,0.540000,0.540000,0.527915,0.542000,0.953193,0.634501,0.241069
deepconvnet,cross_session,sub-008,,ses-05,ses-01,4,,80,20,100,1,0.500000,0.500000,0.333333,0.575200,0.703195,0.509627,0.091766
deepconvnet,cross_session,sub-008,,ses-05,ses-02,4,,80,20,94,1,0.521277,0.521277,0.496129,0.566320,0.871576,0.600083,0.247115
deepconvnet,cross_session,sub-008,,ses-05,ses-03,4,,80,20,89,1,0.550562,0.549747,0.547764,0.523737,0.797809,0.564305,0.141420
deepconvnet,cross_session,sub-008,,ses-05,ses-04,4,,80,20,96,1,0.500000,0.500000,0.407102,0.520833,0.703710,0.510534,0.085472
deepconvnet,cross_session,sub-009,,ses-01,ses-02,4,,78,20,100,1,0.480000,0.480000,0.340436,0.559200,0.692658,0.499513,0.049428
deepconvnet,cross_session,sub-009,,ses-01,ses-03,4,,78,20,100,1,0.490000,0.490000,0.374310,0.409600,0.697432,0.504461,0.063610
deepconvnet,cross_session,sub-009,,ses-01,ses-04,4,,78,20,96,1,0.520833,0.526087,0.515577,0.517391,0.964686,0.531801,0.086308
deepconvnet,cross_session,sub-009,,ses-01,ses-05,4,,78,20,99,1,0.474747,0.476939,0.450000,0.496735,0.713924,0.519653,0.090919
deepconvnet,cross_session,sub-009,,ses-02,ses-01,4,,80,20,98,4,0.520408,0.513750,0.459072,0.533750,1.479955,0.740188,0.330937
deepconvnet,cross_session,sub-009,,ses-02,ses-03,4,,80,20,100,4,0.530000,0.530000,0.516013,0.553200,0.918125,0.579954,0.174516
deepconvnet,cross_session,sub-009,,ses-02,ses-04,4,,80,20,96,4,0.520833,0.512174,0.494274,0.494783,1.580127,0.732460,0.302002
deepconvnet,cross_session,sub-009,,ses-02,ses-05,4,,80,20,99,4,0.464646,0.469184,0.332867,0.477959,1.464382,0.825796,0.410641
deepconvnet,cross_session,sub-009,,ses-03,ses-01,4,,80,20,98,53,0.530612,0.531250,0.530417,0.533750,2.533508,0.813037,0.391655
deepconvnet,cross_session,sub-009,,ses-03,ses-02,4,,80,20,100,53,0.520000,0.520000,0.520000,0.504400,1.140179,0.695126,0.276110
deepconvnet,cross_session,sub-009,,ses-03,ses-04,4,,80,20,96,53,0.437500,0.440000,0.436522,0.392609,2.693497,0.926985,0.440721
deepconvnet,cross_session,sub-009,,ses-03,ses-05,4,,80,20,99,53,0.575758,0.574898,0.572222,0.574694,2.020672,0.702485,0.349846
deepconvnet,cross_session,sub-009,,ses-04,ses-01,4,,76,20,98,1,0.489796,0.500000,0.328767,0.592917,0.693968,0.500821,0.027632
deepconvnet,cross_session,sub-009,,ses-04,ses-02,4,,76,20,100,1,0.500000,0.500000,0.333333,0.679600,0.693276,0.500129,0.019388
deepconvnet,cross_session,sub-009,,ses-04,ses-03,4,,76,20,100,1,0.490000,0.490000,0.328859,0.360400,0.694769,0.501620,0.029188
deepconvnet,cross_session,sub-009,,ses-04,ses-05,4,,76,20,99,1,0.505051,0.500000,0.335570,0.444082,0.693968,0.500820,0.011465
deepconvnet,cross_session,sub-009,,ses-05,ses-01,4,,79,20,98,2,0.448980,0.441250,0.351471,0.361667,0.768671,0.568937,0.172501
deepconvnet,cross_session,sub-009,,ses-05,ses-02,4,,79,20,100,2,0.490000,0.490000,0.345399,0.430800,0.727178,0.532480,0.117293
deepconvnet,cross_session,sub-009,,ses-05,ses-03,4,,79,20,100,2,0.510000,0.510000,0.385580,0.506000,0.730690,0.531494,0.120243
deepconvnet,cross_session,sub-009,,ses-05,ses-04,4,,79,20,96,2,0.479167,0.461739,0.355878,0.491739,1.020601,0.556833,0.161348
deepconvnet,cross_session,sub-010,,ses-01,ses-02,4,,71,18,94,1,0.542553,0.542553,0.530600,0.531010,0.830565,0.560766,0.154022
deepconvnet,cross_session,sub-010,,ses-01,ses-03,4,,71,18,100,1,0.510000,0.510000,0.432279,0.477200,0.723025,0.528213,0.111040
deepconvnet,cross_session,sub-010,,ses-01,ses-04,4,,71,18,100,1,0.540000,0.540000,0.494505,0.518000,0.697788,0.504415,0.053625
deepconvnet,cross_session,sub-010,,ses-01,ses-05,4,,71,18,97,1,0.515464,0.514243,0.507933,0.549745,0.829369,0.553546,0.143322
deepconvnet,cross_session,sub-010,,ses-02,ses-01,4,,75,19,89,3,0.505618,0.496714,0.463268,0.420121,0.761605,0.562128,0.149895
deepconvnet,cross_session,sub-010,,ses-02,ses-03,4,,75,19,100,3,0.520000,0.520000,0.495586,0.540000,0.721569,0.523966,0.099373
deepconvnet,cross_session,sub-010,,ses-02,ses-04,4,,75,19,100,3,0.490000,0.490000,0.398514,0.558800,0.702041,0.508088,0.112086
deepconvnet,cross_session,sub-010,,ses-02,ses-05,4,,75,19,97,3,0.463918,0.465561,0.450784,0.442602,1.071147,0.571777,0.127955
deepconvnet,cross_session,sub-010,,ses-03,ses-01,4,,80,20,89,1,0.483146,0.468908,0.360312,0.495450,0.712742,0.519000,0.111098
deepconvnet,cross_session,sub-010,,ses-03,ses-02,4,,80,20,94,1,0.531915,0.531915,0.509720,0.527388,0.712643,0.515482,0.052434
deepconvnet,cross_session,sub-010,,ses-03,ses-04,4,,80,20,100,1,0.520000,0.520000,0.391172,0.574800,0.701412,0.508195,0.076676
deepconvnet,cross_session,sub-010,,ses-03,ses-05,4,,80,20,97,1,0.494845,0.498299,0.433154,0.523384,0.974585,0.539395,0.104519
deepconvnet,cross_session,sub-010,,ses-04,ses-01,4,,80,20,89,2,0.438202,0.439080,0.438131,0.459050,0.842782,0.611078,0.224401
deepconvnet,cross_session,sub-010,,ses-04,ses-02,4,,80,20,94,2,0.542553,0.542553,0.530600,0.515165,1.233926,0.653809,0.292652
deepconvnet,cross_session,sub-010,,ses-04,ses-03,4,,80,20,100,2,0.530000,0.530000,0.503748,0.583600,0.935737,0.600546,0.216392
deepconvnet,cross_session,sub-010,,ses-04,ses-05,4,,80,20,97,2,0.515464,0.515944,0.514639,0.535714,1.252738,0.655929,0.247426
deepconvnet,cross_session,sub-010,,ses-05,ses-01,4,,77,20,89,16,0.528090,0.542720,0.429487,0.555612,0.704294,0.510798,0.121157
deepconvnet,cross_session,sub-010,,ses-05,ses-02,4,,77,20,94,16,0.489362,0.489362,0.361991,0.545043,0.723174,0.527330,0.107635
deepconvnet,cross_session,sub-010,,ses-05,ses-03,4,,77,20,100,16,0.550000,0.550000,0.459070,0.664000,0.675419,0.482723,0.098445
deepconvnet,cross_session,sub-010,,ses-05,ses-04,4,,77,20,100,16,0.530000,0.530000,0.455451,0.656800,0.677474,0.484486,0.067492
deepconvnet,cross_session,sub-011,,ses-01,ses-02,4,,80,20,94,3,0.521277,0.532653,0.490791,0.510204,2.614264,0.824306,0.420328
deepconvnet,cross_session,sub-011,,ses-01,ses-03,4,,80,20,100,3,0.550000,0.550000,0.502157,0.516000,1.266990,0.719571,0.318132
deepconvnet,cross_session,sub-011,,ses-01,ses-04,4,,80,20,100,3,0.520000,0.520000,0.465241,0.552800,0.978816,0.634335,0.241659
deepconvnet,cross_session,sub-011,,ses-01,ses-05,4,,80,20,100,3,0.510000,0.510000,0.471470,0.549600,0.825840,0.593545,0.199700
deepconvnet,cross_session,sub-011,,ses-02,ses-01,4,,75,19,100,22,0.580000,0.580000,0.573864,0.534000,1.021329,0.659184,0.283054
deepconvnet,cross_session,sub-011,,ses-02,ses-03,4,,75,19,100,22,0.490000,0.490000,0.474822,0.485600,1.264830,0.772392,0.341536
deepconvnet,cross_session,sub-011,,ses-02,ses-04,4,,75,19,100,22,0.510000,0.510000,0.501577,0.485600,1.449813,0.784539,0.350517
deepconvnet,cross_session,sub-011,,ses-02,ses-05,4,,75,19,100,22,0.560000,0.560000,0.558410,0.521200,1.721365,0.767701,0.381388
deepconvnet,cross_session,sub-011,,ses-03,ses-01,4,,80,20,100,10,0.500000,0.500000,0.457465,0.550800,0.862518,0.611721,0.230893
deepconvnet,cross_session,sub-011,,ses-03,ses-02,4,,80,20,94,10,0.595745,0.591383,0.589047,0.588662,1.565273,0.649599,0.280429
deepconvnet,cross_session,sub-011,,ses-03,ses-04,4,,80,20,100,10,0.500000,0.500000,0.499199,0.442800,1.214766,0.776102,0.345256
deepconvnet,cross_session,sub-011,,ses-03,ses-05,4,,80,20,100,10,0.490000,0.490000,0.487489,0.469200,1.481242,0.815912,0.368646
deepconvnet,cross_session,sub-011,,ses-04,ses-01,4,,80,20,100,15,0.480000,0.480000,0.462588,0.446000,1.100774,0.725952,0.280182
deepconvnet,cross_session,sub-011,,ses-04,ses-02,4,,80,20,94,15,0.478723,0.470975,0.456519,0.455556,4.050992,0.941259,0.479252
deepconvnet,cross_session,sub-011,,ses-04,ses-03,4,,80,20,100,15,0.400000,0.400000,0.399038,0.374000,1.736413,0.930277,0.451586
deepconvnet,cross_session,sub-011,,ses-04,ses-05,4,,80,20,100,15,0.600000,0.600000,0.597424,0.585200,0.994103,0.613832,0.213202
deepconvnet,cross_session,sub-011,,ses-05,ses-01,4,,80,20,100,1,0.500000,0.500000,0.365804,0.642400,0.690785,0.497631,0.095491
deepconvnet,cross_session,sub-011,,ses-05,ses-02,4,,80,20,94,1,0.500000,0.512245,0.461941,0.527891,0.993330,0.635804,0.229584
deepconvnet,cross_session,sub-011,,ses-05,ses-03,4,,80,20,100,1,0.560000,0.560000,0.555556,0.588400,0.701303,0.505109,0.091772
deepconvnet,cross_session,sub-011,,ses-05,ses-04,4,,80,20,100,1,0.480000,0.480000,0.428571,0.469200,0.740109,0.542934,0.129978
deepconvnet,cross_session,sub-012,,ses-01,ses-02,4,,80,20,91,1,0.516484,0.511111,0.359974,0.554589,0.923093,0.653234,0.271123
deepconvnet,cross_session,sub-012,,ses-01,ses-03,4,,80,20,97,1,0.567010,0.569303,0.545718,0.593112,0.710327,0.508227,0.108192
deepconvnet,cross_session,sub-012,,ses-01,ses-04,4,,80,20,87,1,0.505747,0.520635,0.403635,0.470899,1.550742,0.773361,0.357888
deepconvnet,cross_session,sub-012,,ses-01,ses-05,4,,80,20,83,1,0.493976,0.517435,0.487955,0.497045,0.779043,0.577771,0.198998
deepconvnet,cross_session,sub-012,,ses-02,ses-01,4,,72,19,100,7,0.490000,0.490000,0.374310,0.537200,0.812342,0.600579,0.225629
deepconvnet,cross_session,sub-012,,ses-02,ses-03,4,,72,19,97,7,0.484536,0.480017,0.358466,0.556973,0.784302,0.570800,0.208382
deepconvnet,cross_session,sub-012,,ses-02,ses-04,4,,72,19,87,7,0.459770,0.449206,0.397347,0.467196,0.797170,0.588498,0.209657
deepconvnet,cross_session,sub-012,,ses-02,ses-05,4,,72,19,83,7,0.445783,0.494385,0.390485,0.424941,0.927058,0.660223,0.254979
deepconvnet,cross_session,sub-012,,ses-03,ses-01,4,,77,20,100,5,0.520000,0.520000,0.465241,0.508000,0.805512,0.587079,0.179522
deepconvnet,cross_session,sub-012,,ses-03,ses-02,4,,77,20,91,5,0.516484,0.519082,0.489286,0.471014,0.838102,0.607924,0.212881
deepconvnet,cross_session,sub-012,,ses-03,ses-04,4,,77,20,87,5,0.517241,0.507937,0.473790,0.515873,1.147016,0.612986,0.201918
deepconvnet,cross_session,sub-012,,ses-03,ses-05,4,,77,20,83,5,0.493976,0.543440,0.443487,0.552009,0.784076,0.582240,0.240340
deepconvnet,cross_session,sub-012,,ses-04,ses-01,4,,69,18,100,1,0.500000,0.500000,0.333333,0.471200,0.777084,0.577414,0.206231
deepconvnet,cross_session,sub-012,,ses-04,ses-02,4,,69,18,91,1,0.549451,0.546135,0.502334,0.522705,0.705075,0.512763,0.094726
deepconvnet,cross_session,sub-012,,ses-04,ses-03,4,,69,18,97,1,0.494845,0.499575,0.363977,0.565051,0.749615,0.552672,0.188097
deepconvnet,cross_session,sub-012,,ses-04,ses-05,4,,69,18,83,1,0.554217,0.502364,0.435996,0.537825,0.729732,0.526651,0.139353
deepconvnet,cross_session,sub-012,,ses-05,ses-01,4,,66,17,100,2,0.500000,0.500000,0.333333,0.480800,0.900725,0.656721,0.263467
deepconvnet,cross_session,sub-012,,ses-05,ses-02,4,,66,17,91,2,0.516484,0.511594,0.393333,0.448309,0.969563,0.672202,0.293172
deepconvnet,cross_session,sub-012,,ses-05,ses-03,4,,66,17,97,2,0.515464,0.520196,0.389937,0.612670,0.867563,0.626215,0.273657
deepconvnet,cross_session,sub-012,,ses-05,ses-04,4,,66,17,87,2,0.494253,0.510317,0.367063,0.534921,0.909490,0.646505,0.267618
deepconvnet,cross_session,sub-013,,ses-01,ses-02,4,,80,20,94,11,0.574468,0.574603,0.574275,0.631746,1.917587,0.681126,0.342046
deepconvnet,cross_session,sub-013,,ses-01,ses-03,4,,80,20,100,11,0.920000,0.920000,0.919872,0.945200,0.411914,0.140180,0.077161
deepconvnet,cross_session,sub-013,,ses-01,ses-04,4,,80,20,95,11,0.526316,0.512201,0.396953,0.579858,1.170964,0.739913,0.361948
deepconvnet,cross_session,sub-013,,ses-01,ses-05,4,,80,20,100,11,0.650000,0.650000,0.612789,0.862000,0.756206,0.481772,0.220098
deepconvnet,cross_session,sub-013,,ses-02,ses-01,4,,75,19,100,1,0.620000,0.620000,0.607276,0.647200,0.659312,0.468352,0.046906
deepconvnet,cross_session,sub-013,,ses-02,ses-03,4,,75,19,100,1,0.580000,0.580000,0.517463,0.638400,0.694492,0.496039,0.093464
deepconvnet,cross_session,sub-013,,ses-02,ses-04,4,,75,19,95,1,0.484211,0.499335,0.343349,0.519077,0.713740,0.519280,0.115153
deepconvnet,cross_session,sub-013,,ses-02,ses-05,4,,75,19,100,1,0.540000,0.540000,0.452381,0.737200,0.667216,0.475135,0.106185
deepconvnet,cross_session,sub-013,,ses-03,ses-01,4,,80,20,100,19,0.790000,0.790000,0.783750,0.894400,0.957125,0.365849,0.164773
deepconvnet,cross_session,sub-013,,ses-03,ses-02,4,,80,20,94,19,0.531915,0.529252,0.528500,0.554875,3.012624,0.843418,0.426978
deepconvnet,cross_session,sub-013,,ses-03,ses-04,4,,80,20,95,19,0.557895,0.550133,0.525000,0.673469,1.140926,0.623462,0.285364
deepconvnet,cross_session,sub-013,,ses-03,ses-05,4,,80,20,100,19,0.530000,0.530000,0.423384,0.677600,2.186404,0.821051,0.401133
deepconvnet,cross_session,sub-013,,ses-04,ses-01,4,,76,19,100,35,0.690000,0.690000,0.669333,0.762600,2.268392,0.560967,0.260340
deepconvnet,cross_session,sub-013,,ses-04,ses-02,4,,76,19,94,35,0.574468,0.570068,0.567418,0.579592,2.871832,0.764795,0.370008
deepconvnet,cross_session,sub-013,,ses-04,ses-03,4,,76,19,100,35,0.570000,0.570000,0.536188,0.652200,2.763048,0.791292,0.403501
deepconvnet,cross_session,sub-013,,ses-04,ses-05,4,,76,19,100,35,0.780000,0.780000,0.776786,0.930800,0.494645,0.313663,0.135175
deepconvnet,cross_session,sub-013,,ses-05,ses-01,4,,80,20,100,5,0.690000,0.690000,0.682864,0.756800,1.386517,0.529503,0.243546
deepconvnet,cross_session,sub-013,,ses-05,ses-02,4,,80,20,94,5,0.510638,0.513379,0.509751,0.619955,2.363420,0.823219,0.416359
deepconvnet,cross_session,sub-013,,ses-05,ses-03,4,,80,20,100,5,0.830000,0.830000,0.829983,0.934200,0.657095,0.261190,0.134111
deepconvnet,cross_session,sub-013,,ses-05,ses-04,4,,80,20,95,5,0.631579,0.640195,0.606462,0.744011,1.087625,0.562191,0.246125
deepconvnet,cross_session,sub-014,,ses-01,ses-02,4,,80,20,95,1,0.557895,0.560727,0.525000,0.539894,0.692890,0.499809,0.079480
deepconvnet,cross_session,sub-014,,ses-01,ses-03,4,,80,20,92,1,0.478261,0.497390,0.440162,0.439013,0.730740,0.536556,0.165716
deepconvnet,cross_session,sub-014,,ses-01,ses-04,4,,80,20,92,1,0.500000,0.510638,0.351716,0.645390,0.711077,0.517653,0.149152
deepconvnet,cross_session,sub-014,,ses-01,ses-05,4,,80,20,100,1,0.420000,0.420000,0.353832,0.378400,0.731957,0.537842,0.145450
deepconvnet,cross_session,sub-014,,ses-02,ses-01,4,,76,19,100,1,0.510000,0.510000,0.422102,0.495600,0.717893,0.522441,0.075179
deepconvnet,cross_session,sub-014,,ses-02,ses-03,4,,76,19,92,1,0.358696,0.379449,0.298255,0.384907,0.755484,0.559783,0.243498
deepconvnet,cross_session,sub-014,,ses-02,ses-04,4,,76,19,92,1,0.489130,0.498582,0.377214,0.538534,0.695550,0.502446,0.075793
deepconvnet,cross_session,sub-014,,ses-02,ses-05,4,,76,19,100,1,0.470000,0.470000,0.405229,0.408400,0.727403,0.532991,0.113162
deepconvnet,cross_session,sub-014,,ses-03,ses-01,4,,73,19,100,1,0.460000,0.460000,0.459135,0.518400,0.699807,0.506660,0.114349
deepconvnet,cross_session,sub-014,,ses-03,ses-02,4,,73,19,95,1,0.452632,0.455230,0.418550,0.447252,0.729426,0.533717,0.132351
deepconvnet,cross_session,sub-014,,ses-03,ses-04,4,,73,19,92,1,0.489130,0.500000,0.328467,0.564539,0.732527,0.537818,0.151890
deepconvnet,cross_session,sub-014,,ses-03,ses-05,4,,73,19,100,1,0.530000,0.530000,0.445689,0.623600,0.685085,0.492610,0.083243
deepconvnet,cross_session,sub-014,,ses-04,ses-01,4,,73,19,100,3,0.500000,0.500000,0.469440,0.595600,1.342449,0.747648,0.374153
deepconvnet,cross_session,sub-014,,ses-04,ses-02,4,,73,19,95,3,0.568421,0.568484,0.568421,0.596188,1.049151,0.652309,0.281211
deepconvnet,cross_session,sub-014,,ses-04,ses-03,4,,73,19,92,3,0.565217,0.571903,0.563360,0.558140,1.688883,0.773502,0.363541
deepconvnet,cross_session,sub-014,,ses-04,ses-05,4,,73,19,100,3,0.530000,0.530000,0.524243,0.520000,1.278049,0.747406,0.325121
deepconvnet,cross_session,sub-014,,ses-05,ses-01,4,,80,20,100,3,0.590000,0.590000,0.587981,0.630800,0.794080,0.524954,0.150071
deepconvnet,cross_session,sub-014,,ses-05,ses-02,4,,80,20,95,3,0.494737,0.495346,0.493333,0.463209,0.906919,0.639689,0.203556
deepconvnet,cross_session,sub-014,,ses-05,ses-03,4,,80,20,92,3,0.576087,0.579260,0.576037,0.658757,0.737816,0.513433,0.162330
deepconvnet,cross_session,sub-014,,ses-05,ses-04,4,,80,20,92,3,0.576087,0.571395,0.552786,0.565957,0.718173,0.517912,0.108898
deepconvnet,cross_session,sub-015,,ses-01,ses-02,4,,80,20,95,1,0.589474,0.587101,0.566210,0.647163,0.661194,0.470453,0.052188
deepconvnet,cross_session,sub-015,,ses-01,ses-03,4,,80,20,85,1,0.470588,0.471851,0.470295,0.497213,0.700138,0.507677,0.133062
deepconvnet,cross_session,sub-015,,ses-01,ses-04,4,,80,20,95,1,0.589474,0.587101,0.566210,0.647163,0.661194,0.470453,0.052188
deepconvnet,cross_session,sub-015,,ses-01,ses-05,4,,80,20,98,1,0.428571,0.425417,0.412923,0.459583,0.723153,0.528212,0.145519
deepconvnet,cross_session,sub-015,,ses-02,ses-01,4,,76,19,100,1,0.560000,0.560000,0.537621,0.616000,0.667163,0.476447,0.063512
deepconvnet,cross_session,sub-015,,ses-02,ses-03,4,,76,19,85,1,0.517647,0.546544,0.467858,0.542363,0.715544,0.521393,0.102857
deepconvnet,cross_session,sub-015,,ses-02,ses-04,4,,76,19,95,1,0.621053,0.622562,0.613821,0.752216,0.603634,0.416827,0.122463
deepconvnet,cross_session,sub-015,,ses-02,ses-05,4,,76,19,98,1,0.530612,0.533750,0.520833,0.510833,0.704301,0.510794,0.082519
deepconvnet,cross_session,sub-015,,ses-03,ses-01,4,,68,17,100,1,0.530000,0.530000,0.516013,0.596800,0.682316,0.491197,0.092516
deepconvnet,cross_session,sub-015,,ses-03,ses-02,4,,68,17,95,1,0.589474,0.590647,0.584874,0.609486,0.667432,0.476241,0.050353
deepconvnet,cross_session,sub-015,,ses-03,ses-04,4,,68,17,95,1,0.589474,0.590647,0.584874,0.609486,0.667432,0.476241,0.050353
deepconvnet,cross_session,sub-015,,ses-03,ses-05,4,,68,17,98,1,0.591837,0.592083,0.591837,0.601250,0.688033,0.494121,0.063637
deepconvnet,cross_session,sub-015,,ses-04,ses-01,4,,76,19,100,1,0.560000,0.560000,0.537621,0.616000,0.667163,0.476447,0.063512
deepconvnet,cross_session,sub-015,,ses-04,ses-02,4,,76,19,95,1,0.621053,0.622562,0.613821,0.752216,0.603634,0.416827,0.122463
deepconvnet,cross_session,sub-015,,ses-04,ses-03,4,,76,19,85,1,0.517647,0.546544,0.467858,0.542363,0.715544,0.521393,0.102857
deepconvnet,cross_session,sub-015,,ses-04,ses-05,4,,76,19,98,1,0.530612,0.533750,0.520833,0.510833,0.704301,0.510794,0.082519
deepconvnet,cross_session,sub-015,,ses-05,ses-01,4,,78,20,100,2,0.390000,0.390000,0.349333,0.443200,0.746799,0.551618,0.206166
deepconvnet,cross_session,sub-015,,ses-05,ses-02,4,,78,20,95,2,0.526316,0.523493,0.487963,0.519060,0.708326,0.515485,0.114644
deepconvnet,cross_session,sub-015,,ses-05,ses-03,4,,78,20,85,2,0.494118,0.477982,0.464469,0.495541,0.731719,0.533510,0.128688
deepconvnet,cross_session,sub-015,,ses-05,ses-04,4,,78,20,95,2,0.526316,0.523493,0.487963,0.519060,0.708326,0.515485,0.114644
deepconvnet,cross_session,sub-016,,ses-01,ses-02,4,,80,20,100,1,0.500000,0.500000,0.469440,0.508400,0.705273,0.510802,0.052072
deepconvnet,cross_session,sub-016,,ses-01,ses-03,4,,80,20,100,1,0.440000,0.440000,0.439103,0.438400,0.986636,0.540146,0.110329
deepconvnet,cross_session,sub-016,,ses-01,ses-04,4,,80,20,95,1,0.547368,0.546543,0.544136,0.562500,0.682639,0.489666,0.033177
deepconvnet,cross_session,sub-016,,ses-01,ses-05,4,,80,20,91,1,0.483516,0.473162,0.420539,0.440039,0.846039,0.602483,0.205255
deepconvnet,cross_session,sub-016,,ses-02,ses-01,4,,80,20,100,3,0.520000,0.520000,0.518266,0.546000,0.710444,0.516697,0.131423
deepconvnet,cross_session,sub-016,,ses-02,ses-03,4,,80,20,100,3,0.520000,0.520000,0.510404,0.546400,0.727403,0.529820,0.125659
deepconvnet,cross_session,sub-016,,ses-02,ses-04,4,,80,20,95,3,0.578947,0.579566,0.577778,0.589982,0.718769,0.515407,0.137993
deepconvnet,cross_session,sub-016,,ses-02,ses-05,4,,80,20,91,3,0.494505,0.496857,0.492975,0.502901,1.106784,0.683472,0.289228
deepconvnet,cross_session,sub-016,,ses-03,ses-01,4,,80,20,100,19,0.470000,0.470000,0.374926,0.463600,0.886206,0.657832,0.282218
deepconvnet,cross_session,sub-016,,ses-03,ses-02,4,,80,20,100,19,0.620000,0.620000,0.576649,0.635200,0.757579,0.523219,0.196767
deepconvnet,cross_session,sub-016,,ses-03,ses-04,4,,80,20,95,19,0.578947,0.582890,0.512821,0.700798,0.748313,0.539802,0.212319
deepconvnet,cross_session,sub-016,,ses-03,ses-05,4,,80,20,91,19,0.626374,0.623791,0.622683,0.663926,0.894474,0.503744,0.172020
deepconvnet,cross_session,sub-016,,ses-04,ses-01,4,,76,19,100,2,0.550000,0.550000,0.536608,0.497200,0.724956,0.528163,0.143019
deepconvnet,cross_session,sub-016,,ses-04,ses-02,4,,76,19,100,2,0.530000,0.530000,0.464387,0.540400,0.711576,0.515932,0.125036
deepconvnet,cross_session,sub-016,,ses-04,ses-03,4,,76,19,100,2,0.570000,0.570000,0.501796,0.625600,0.721810,0.503708,0.074532
deepconvnet,cross_session,sub-016,,ses-04,ses-05,4,,76,19,91,2,0.538462,0.530706,0.506966,0.537234,0.943993,0.596060,0.228015
deepconvnet,cross_session,sub-016,,ses-05,ses-01,4,,72,19,100,2,0.500000,0.500000,0.333333,0.584000,0.806154,0.601041,0.240776
deepconvnet,cross_session,sub-016,,ses-05,ses-02,4,,72,19,100,2,0.500000,0.500000,0.333333,0.627600,0.807901,0.601105,0.239347
deepconvnet,cross_session,sub-016,,ses-05,ses-03,4,,72,19,100,2,0.510000,0.510000,0.355178,0.616000,0.792824,0.588300,0.227104
deepconvnet,cross_session,sub-016,,ses-05,ses-04,4,,72,19,95,2,0.494737,0.500000,0.330986,0.594415,0.818195,0.610478,0.251451
deepconvnet,cross_session,sub-017,,ses-01,ses-02,4,,80,20,100,29,0.440000,0.440000,0.392361,0.395400,4.867623,1.046208,0.517740
deepconvnet,cross_session,sub-017,,ses-01,ses-03,4,,80,20,98,29,0.561224,0.552500,0.456609,0.635000,6.054592,0.840022,0.425631
deepconvnet,cross_session,sub-017,,ses-01,ses-04,4,,80,20,100,29,0.590000,0.590000,0.532764,0.569800,3.943383,0.793927,0.399470
deepconvnet,cross_session,sub-017,,ses-01,ses-05,4,,80,20,95,29,0.473684,0.474956,0.466532,0.517287,3.921161,0.969297,0.494524
deepconvnet,cross_session,sub-017,,ses-02,ses-01,4,,80,20,100,2,0.550000,0.550000,0.548872,0.547200,0.707898,0.511969,0.053095
deepconvnet,cross_session,sub-017,,ses-02,ses-03,4,,80,20,98,2,0.469388,0.473333,0.450862,0.470833,0.823037,0.606056,0.206607
deepconvnet,cross_session,sub-017,,ses-02,ses-04,4,,80,20,100,2,0.470000,0.470000,0.457801,0.444400,0.765221,0.565825,0.158916
deepconvnet,cross_session,sub-017,,ses-02,ses-05,4,,80,20,95,2,0.600000,0.603059,0.564851,0.567376,0.770531,0.540230,0.115975
deepconvnet,cross_session,sub-017,,ses-03,ses-01,4,,78,20,100,2,0.480000,0.480000,0.412031,0.510400,0.693953,0.500804,0.034363
deepconvnet,cross_session,sub-017,,ses-03,ses-02,4,,78,20,100,2,0.490000,0.490000,0.474822,0.463600,0.696700,0.503592,0.048271
deepconvnet,cross_session,sub-017,,ses-03,ses-04,4,,78,20,100,2,0.470000,0.470000,0.405229,0.438000,0.706419,0.513095,0.082382
deepconvnet,cross_session,sub-017,,ses-03,ses-05,4,,78,20,95,2,0.431579,0.432181,0.430000,0.427305,0.713778,0.518455,0.106779
deepconvnet,cross_session,sub-017,,ses-04,ses-01,4,,80,20,100,1,0.480000,0.480000,0.340436,0.514400,0.698666,0.505504,0.065676
deepconvnet,cross_session,sub-017,,ses-04,ses-02,4,,80,20,100,1,0.470000,0.470000,0.396011,0.523200,0.699343,0.506224,0.083046
deepconvnet,cross_session,sub-017,,ses-04,ses-03,4,,80,20,98,1,0.479592,0.482083,0.472952,0.464167,0.723011,0.528626,0.116772
deepconvnet,cross_session,sub-017,,ses-04,ses-05,4,,80,20,95,1,0.347368,0.346410,0.341458,0.324911,0.738242,0.544191,0.201409
deepconvnet,cross_session,sub-017,,ses-05,ses-01,4,,76,19,100,1,0.460000,0.460000,0.389417,0.480800,0.693844,0.500713,0.058589
deepconvnet,cross_session,sub-017,,ses-05,ses-02,4,,76,19,100,1,0.470000,0.470000,0.465672,0.468400,0.700489,0.507212,0.059176
deepconvnet,cross_session,sub-017,,ses-05,ses-03,4,,76,19,98,1,0.469388,0.471250,0.465828,0.462917,0.712661,0.519332,0.133761
deepconvnet,cross_session,sub-017,,ses-05,ses-04,4,,76,19,100,1,0.500000,0.500000,0.498193,0.454000,0.715022,0.521209,0.068109
deepconvnet,cross_session,sub-018,,ses-01,ses-02,4,,75,19,100,1,0.500000,0.500000,0.379960,0.410400,0.902471,0.658370,0.261558
deepconvnet,cross_session,sub-018,,ses-01,ses-03,4,,75,19,100,1,0.410000,0.410000,0.363607,0.334400,0.832074,0.628028,0.240963
deepconvnet,cross_session,sub-018,,ses-01,ses-04,4,,75,19,100,1,0.350000,0.350000,0.348371,0.330800,0.786406,0.584297,0.231185
deepconvnet,cross_session,sub-018,,ses-01,ses-05,4,,75,19,100,1,0.480000,0.480000,0.448217,0.438000,1.053403,0.585128,0.161360
deepconvnet,cross_session,sub-018,,ses-02,ses-01,4,,80,20,94,2,0.489362,0.500000,0.328571,0.628170,0.757075,0.560305,0.217257
deepconvnet,cross_session,sub-018,,ses-02,ses-03,4,,80,20,100,2,0.500000,0.500000,0.500000,0.556000,0.687997,0.497395,0.145719
deepconvnet,cross_session,sub-018,,ses-02,ses-04,4,,80,20,100,2,0.480000,0.480000,0.340436,0.520800,0.776778,0.575561,0.219347
deepconvnet,cross_session,sub-018,,ses-02,ses-05,4,,80,20,100,2,0.470000,0.470000,0.349773,0.607600,0.939938,0.567765,0.226764
deepconvnet,cross_session,sub-018,,ses-03,ses-01,4,,80,20,94,1,0.553191,0.547554,0.516176,0.514493,0.700310,0.506558,0.067797
deepconvnet,cross_session,sub-018,,ses-03,ses-02,4,,80,20,100,1,0.620000,0.620000,0.604167,0.663200,0.674064,0.478035,0.117836
deepconvnet,cross_session,sub-018,,ses-03,ses-04,4,,80,20,100,1,0.540000,0.540000,0.471507,0.508000,0.710925,0.516493,0.091066
deepconvnet,cross_session,sub-018,,ses-03,ses-05,4,,80,20,100,1,0.620000,0.620000,0.604167,0.663600,0.692400,0.485448,0.096430
deepconvnet,cross_session,sub-018,,ses-04,ses-01,4,,80,20,94,3,0.393617,0.391304,0.385198,0.381341,0.766303,0.568176,0.194404
deepconvnet,cross_session,sub-018,,ses-04,ses-02,4,,80,20,100,3,0.560000,0.560000,0.548440,0.645200,0.696117,0.495768,0.135223
deepconvnet,cross_session,sub-018,,ses-04,ses-03,4,,80,20,100,3,0.560000,0.560000,0.522569,0.685200,0.681305,0.487332,0.135800
deepconvnet,cross_session,sub-018,,ses-04,ses-05,4,,80,20,100,3,0.520000,0.520000,0.510404,0.546400,0.727403,0.529820,0.125659
deepconvnet,cross_session,sub-018,,ses-05,ses-01,4,,80,20,94,19,0.521277,0.510870,0.361702,0.482337,0.921079,0.659601,0.286577
deepconvnet,cross_session,sub-018,,ses-05,ses-02,4,,80,20,100,19,0.650000,0.650000,0.645713,0.713200,0.838739,0.489832,0.184071
deepconvnet,cross_session,sub-018,,ses-05,ses-03,4,,80,20,100,19,0.610000,0.610000,0.579333,0.699600,1.002684,0.599962,0.267552
deepconvnet,cross_session,sub-018,,ses-05,ses-04,4,,80,20,100,19,0.620000,0.620000,0.576649,0.635200,0.757579,0.523219,0.196767
deepconvnet,cross_session,sub-019,,ses-01,ses-02,4,,76,19,95,1,0.494737,0.498227,0.434524,0.544770,0.693472,0.500353,0.074519
deepconvnet,cross_session,sub-019,,ses-01,ses-03,4,,76,19,94,1,0.680851,0.683900,0.680272,0.751020,0.645683,0.452943,0.131836
deepconvnet,cross_session,sub-019,,ses-01,ses-04,4,,76,19,92,1,0.478261,0.487943,0.356643,0.529551,0.699552,0.506361,0.068899
deepconvnet,cross_session,sub-019,,ses-01,ses-05,4,,76,19,93,1,0.623656,0.617347,0.614930,0.617347,0.679287,0.485438,0.077474
deepconvnet,cross_session,sub-019,,ses-02,ses-01,4,,76,19,95,2,0.473684,0.477152,0.468918,0.490240,0.784445,0.569869,0.166249
deepconvnet,cross_session,sub-019,,ses-02,ses-03,4,,76,19,94,2,0.585106,0.597506,0.553526,0.644444,0.682652,0.490716,0.084426
deepconvnet,cross_session,sub-019,,ses-02,ses-04,4,,76,19,92,2,0.576087,0.568558,0.513492,0.619385,0.679688,0.487010,0.094847
deepconvnet,cross_session,sub-019,,ses-02,ses-05,4,,76,19,93,2,0.580645,0.596243,0.550725,0.728200,0.672044,0.475540,0.148409
deepconvnet,cross_session,sub-019,,ses-03,ses-01,4,,75,19,95,1,0.547368,0.533940,0.437405,0.535492,0.818838,0.591801,0.219765
deepconvnet,cross_session,sub-019,,ses-03,ses-02,4,,75,19,95,1,0.494737,0.494902,0.494681,0.566046,0.679851,0.487676,0.097811
deepconvnet,cross_session,sub-019,,ses-03,ses-04,4,,75,19,92,1,0.576087,0.583688,0.521791,0.589598,0.693620,0.499817,0.102330
deepconvnet,cross_session,sub-019,,ses-03,ses-05,4,,75,19,93,1,0.709677,0.694341,0.675958,0.749072,0.636937,0.435585,0.131459
deepconvnet,cross_session,sub-019,,ses-04,ses-01,4,,73,19,95,1,0.526316,0.511535,0.381242,0.472937,0.919519,0.652825,0.244027
deepconvnet,cross_session,sub-019,,ses-04,ses-02,4,,73,19,95,1,0.463158,0.461215,0.443167,0.445479,0.728671,0.533767,0.127150
deepconvnet,cross_session,sub-019,,ses-04,ses-03,4,,73,19,94,1,0.500000,0.520408,0.367683,0.721995,0.809229,0.585801,0.246845
deepconvnet,cross_session,sub-019,,ses-04,ses-05,4,,73,19,93,1,0.612903,0.593228,0.540110,0.594620,0.743876,0.527449,0.132883
deepconvnet,cross_session,sub-019,,ses-05,ses-01,4,,74,19,95,1,0.515789,0.501996,0.391026,0.468057,0.803572,0.590957,0.192348
deepconvnet,cross_session,sub-019,,ses-05,ses-02,4,,74,19,95,1,0.578947,0.576020,0.541948,0.555851,0.687024,0.494302,0.084258
deepconvnet,cross_session,sub-019,,ses-05,ses-03,4,,74,19,94,1,0.680851,0.692971,0.658596,0.839002,0.599349,0.412020,0.052877
deepconvnet,cross_session,sub-019,,ses-05,ses-04,4,,74,19,92,1,0.532609,0.533570,0.532111,0.597636,0.675507,0.482707,0.100533
deepconvnet,cross_session,sub-020,,ses-01,ses-02,4,,71,18,100,49,0.720000,0.720000,0.699700,0.940800,1.375011,0.479685,0.237823
deepconvnet,cross_session,sub-020,,ses-01,ses-03,4,,71,18,100,49,0.500000,0.500000,0.463749,0.490000,4.339842,0.922719,0.457823
deepconvnet,cross_session,sub-020,,ses-01,ses-04,4,,71,18,100,49,0.750000,0.750000,0.733333,0.944800,0.770484,0.380217,0.179281
deepconvnet,cross_session,sub-020,,ses-01,ses-05,4,,71,18,100,49,0.550000,0.550000,0.529239,0.584400,1.788046,0.739487,0.363156
deepconvnet,cross_session,sub-020,,ses-02,ses-01,4,,80,20,89,3,0.764045,0.763636,0.763567,0.830303,0.653489,0.335890,0.125333
deepconvnet,cross_session,sub-020,,ses-02,ses-03,4,,80,20,100,3,0.470000,0.470000,0.469947,0.480200,6.724260,1.055877,0.528777
deepconvnet,cross_session,sub-020,,ses-02,ses-04,4,,80,20,100,3,0.900000,0.900000,0.899356,0.975200,0.271226,0.161167,0.071808
deepconvnet,cross_session,sub-020,,ses-02,ses-05,4,,80,20,100,3,0.820000,0.820000,0.819928,0.904400,0.397487,0.260070,0.084577
deepconvnet,cross_session,sub-020,,ses-03,ses-01,4,,80,20,89,2,0.449438,0.447475,0.431050,0.450505,0.760356,0.559292,0.151523
deepconvnet,cross_session,sub-020,,ses-03,ses-02,4,,80,20,100,2,0.480000,0.480000,0.448217,0.495600,0.717175,0.523188,0.102220
deepconvnet,cross_session,sub-020,,ses-03,ses-04,4,,80,20,100,2,0.470000,0.470000,0.319728,0.402000,0.749267,0.553393,0.185980
deepconvnet,cross_session,sub-020,,ses-03,ses-05,4,,80,20,100,2,0.500000,0.500000,0.350312,0.398400,0.735168,0.540452,0.214606
deepconvnet,cross_session,sub-020,,ses-04,ses-01,4,,80,20,89,4,0.820225,0.819444,0.819106,0.936869,0.914546,0.325105,0.174282
deepconvnet,cross_session,sub-020,,ses-04,ses-02,4,,80,20,100,4,0.780000,0.780000,0.770833,0.976000,0.680026,0.332432,0.172232
deepconvnet,cross_session,sub-020,,ses-04,ses-03,4,,80,20,100,4,0.500000,0.500000,0.479167,0.479200,4.094580,0.877234,0.434673
deepconvnet,cross_session,sub-020,,ses-04,ses-05,4,,80,20,100,4,0.960000,0.960000,0.959936,0.999600,0.166873,0.073177,0.037279
deepconvnet,cross_session,sub-020,,ses-05,ses-01,4,,80,20,89,94,0.775281,0.774747,0.774569,0.880556,1.303007,0.390313,0.204969
deepconvnet,cross_session,sub-020,,ses-05,ses-02,4,,80,20,100,94,0.980000,0.980000,0.980000,0.980400,0.200684,0.038720,0.027737
deepconvnet,cross_session,sub-020,,ses-05,ses-03,4,,80,20,100,94,0.480000,0.480000,0.480000,0.496400,6.073017,1.034114,0.525940
deepconvnet,cross_session,sub-020,,ses-05,ses-04,4,,80,20,100,94,0.990000,0.990000,0.989999,1.000000,0.037548,0.021396,0.013860
deepconvnet,cross_session,sub-021,,ses-01,ses-02,4,,75,19,99,17,0.585859,0.585510,0.585181,0.661224,1.788003,0.683386,0.337766
deepconvnet,cross_session,sub-021,,ses-01,ses-03,4,,75,19,93,17,0.763441,0.765264,0.757123,0.900093,0.676929,0.360095,0.145980
deepconvnet,cross_session,sub-021,,ses-01,ses-04,4,,75,19,100,17,0.610000,0.610000,0.601023,0.665400,2.257117,0.682035,0.341064
deepconvnet,cross_session,sub-021,,ses-01,ses-05,4,,75,19,96,17,0.739583,0.743595,0.731153,0.889709,0.748060,0.408403,0.189466
deepconvnet,cross_session,sub-021,,ses-02,ses-01,4,,79,20,94,1,0.595745,0.595745,0.594091,0.640561,0.672724,0.479655,0.058816
deepconvnet,cross_session,sub-021,,ses-02,ses-03,4,,79,20,93,1,0.494624,0.500000,0.330935,0.699815,0.705848,0.512661,0.124145
deepconvnet,cross_session,sub-021,,ses-02,ses-04,4,,79,20,100,1,0.540000,0.540000,0.462366,0.542000,0.736297,0.536585,0.161582
deepconvnet,cross_session,sub-021,,ses-02,ses-05,4,,79,20,96,1,0.510417,0.519974,0.387539,0.709944,0.688682,0.495917,0.102229
deepconvnet,cross_session,sub-021,,ses-03,ses-01,4,,74,19,94,3,0.744681,0.744681,0.732575,0.872793,1.062368,0.440096,0.199744
deepconvnet,cross_session,sub-021,,ses-03,ses-02,4,,74,19,99,3,0.575758,0.579796,0.497826,0.705306,2.204644,0.791809,0.393290
deepconvnet,cross_session,sub-021,,ses-03,ses-04,4,,74,19,100,3,0.500000,0.500000,0.333333,0.783400,5.634541,0.998929,0.499284
deepconvnet,cross_session,sub-021,,ses-03,ses-05,4,,74,19,96,3,0.812500,0.811984,0.812174,0.897091,0.476273,0.280124,0.116095
deepconvnet,cross_session,sub-021,,ses-04,ses-01,4,,80,20,94,10,0.606383,0.606383,0.602741,0.659574,1.176956,0.628766,0.286465
deepconvnet,cross_session,sub-021,,ses-04,ses-02,4,,80,20,99,10,0.575758,0.576327,0.574673,0.613061,1.845912,0.717294,0.361660
deepconvnet,cross_session,sub-021,,ses-04,ses-03,4,,80,20,93,10,0.784946,0.783534,0.780660,0.895005,0.564364,0.312006,0.099412
deepconvnet,cross_session,sub-021,,ses-04,ses-05,4,,80,20,96,10,0.708333,0.705167,0.700000,0.809379,0.708459,0.436826,0.187858
deepconvnet,cross_session,sub-021,,ses-05,ses-01,4,,76,20,94,19,0.712766,0.712766,0.697677,0.886374,1.334650,0.473662,0.240165
deepconvnet,cross_session,sub-021,,ses-05,ses-02,4,,76,20,99,19,0.616162,0.614694,0.607143,0.750612,1.176686,0.562973,0.304238
deepconvnet,cross_session,sub-021,,ses-05,ses-03,4,,76,20,93,19,0.752688,0.754163,0.748501,0.875116,0.741555,0.357042,0.164920
deepconvnet,cross_session,sub-021,,ses-05,ses-04,4,,76,20,100,19,0.650000,0.650000,0.645713,0.708800,2.002226,0.622080,0.320090
deepconvnet,cross_session,sub-022,,ses-01,ses-02,4,,69,18,100,1,0.490000,0.490000,0.345399,0.608400,0.698966,0.505795,0.106459
deepconvnet,cross_session,sub-022,,ses-01,ses-03,4,,69,18,100,1,0.510000,0.510000,0.482631,0.594000,0.689153,0.495502,0.141594
deepconvnet,cross_session,sub-022,,ses-01,ses-04,4,,69,18,100,1,0.500000,0.500000,0.365804,0.706000,0.683267,0.490419,0.159712
deepconvnet,cross_session,sub-022,,ses-01,ses-05,4,,69,18,93,1,0.494624,0.500694,0.479209,0.523611,0.691634,0.498958,0.089756
deepconvnet,cross_session,sub-022,,ses-02,ses-01,4,,80,20,87,2,0.459770,0.463002,0.415272,0.477801,0.845495,0.619222,0.229455
deepconvnet,cross_session,sub-022,,ses-02,ses-03,4,,80,20,100,2,0.540000,0.540000,0.506650,0.562000,0.793092,0.569401,0.163279
deepconvnet,cross_session,sub-022,,ses-02,ses-04,4,,80,20,100,2,0.770000,0.770000,0.761386,0.908000,0.480191,0.312200,0.067710
deepconvnet,cross_session,sub-022,,ses-02,ses-05,4,,80,20,93,2,0.645161,0.646528,0.644997,0.665741,1.036788,0.566987,0.231616
deepconvnet,cross_session,sub-022,,ses-03,ses-01,4,,80,20,87,1,0.505747,0.500000,0.335878,0.396406,0.710808,0.517338,0.068773
deepconvnet,cross_session,sub-022,,ses-03,ses-02,4,,80,20,100,1,0.510000,0.510000,0.398847,0.604000,0.694836,0.501222,0.052386
deepconvnet,cross_session,sub-022,,ses-03,ses-04,4,,80,20,100,1,0.580000,0.580000,0.579832,0.628800,0.662858,0.471171,0.031354
deepconvnet,cross_session,sub-022,,ses-03,ses-05,4,,80,20,93,1,0.559140,0.547917,0.491125,0.537500,0.686894,0.493929,0.029346
deepconvnet,cross_session,sub-022,,ses-04,ses-01,4,,80,20,87,7,0.597701,0.596987,0.595779,0.570825,1.017829,0.633553,0.251383
deepconvnet,cross_session,sub-022,,ses-04,ses-02,4,,80,20,100,7,0.690000,0.690000,0.689969,0.729600,0.908107,0.470897,0.166757
deepconvnet,cross_session,sub-022,,ses-04,ses-03,4,,80,20,100,7,0.480000,0.480000,0.469604,0.565200,1.374780,0.760774,0.375179
deepconvnet,cross_session,sub-022,,ses-04,ses-05,4,,80,20,93,7,0.580645,0.581944,0.580451,0.619444,2.118413,0.740094,0.359379
deepconvnet,cross_session,sub-022,,ses-05,ses-01,4,,74,19,87,1,0.494253,0.491015,0.448733,0.513214,0.696375,0.503197,0.033757
deepconvnet,cross_session,sub-022,,ses-05,ses-02,4,,74,19,100,1,0.740000,0.740000,0.736201,0.796000,0.650820,0.457964,0.197965
deepconvnet,cross_session,sub-022,,ses-05,ses-03,4,,74,19,100,1,0.530000,0.530000,0.529953,0.561200,0.688482,0.495376,0.025517
deepconvnet,cross_session,sub-022,,ses-05,ses-04,4,,74,19,100,1,0.900000,0.900000,0.899960,0.940400,0.572692,0.381364,0.323285
deepconvnet,cross_session,sub-023,,ses-01,ses-02,4,,76,20,94,2,0.521277,0.516304,0.490791,0.608243,0.675678,0.484255,0.085354
deepconvnet,cross_session,sub-023,,ses-01,ses-03,4,,76,20,99,2,0.737374,0.739592,0.725000,0.827347,0.585193,0.393326,0.159540
deepconvnet,cross_session,sub-023,,ses-01,ses-04,4,,76,20,100,2,0.770000,0.770000,0.759389,0.906800,0.564438,0.376895,0.149236
deepconvnet,cross_session,sub-023,,ses-01,ses-05,4,,76,20,97,2,0.670103,0.672406,0.653880,0.835034,0.600048,0.411356,0.089616
deepconvnet,cross_session,sub-023,,ses-02,ses-01,4,,75,19,96,1,0.739583,0.739583,0.739329,0.739149,0.604743,0.417658,0.094994
deepconvnet,cross_session,sub-023,,ses-02,ses-03,4,,75,19,99,1,0.444444,0.442449,0.420806,0.458367,0.845834,0.601662,0.230336
deepconvnet,cross_session,sub-023,,ses-02,ses-04,4,,75,19,100,1,0.700000,0.700000,0.687500,0.818000,0.592762,0.405111,0.101673
deepconvnet,cross_session,sub-023,,ses-02,ses-05,4,,75,19,97,1,0.773196,0.773172,0.773172,0.768707,0.607926,0.403049,0.194745
deepconvnet,cross_session,sub-023,,ses-03,ses-01,4,,79,20,96,3,0.541667,0.541667,0.520871,0.645399,0.916646,0.595125,0.256039
deepconvnet,cross_session,sub-023,,ses-03,ses-02,4,,79,20,94,3,0.553191,0.549819,0.539860,0.529438,0.733309,0.533596,0.122022
deepconvnet,cross_session,sub-023,,ses-03,ses-04,4,,79,20,100,3,0.450000,0.450000,0.447292,0.407200,0.827761,0.615684,0.214698
deepconvnet,cross_session,sub-023,,ses-03,ses-05,4,,79,20,97,3,0.505155,0.508291,0.456583,0.556122,0.767228,0.557341,0.177467
deepconvnet,cross_session,sub-023,,ses-04,ses-01,4,,80,20,96,3,0.520833,0.520833,0.420168,0.592882,4.057555,0.879505,0.444893
deepconvnet,cross_session,sub-023,,ses-04,ses-02,4,,80,20,94,3,0.638298,0.637681,0.637642,0.741395,0.956083,0.503130,0.258737
deepconvnet,cross_session,sub-023,,ses-04,ses-03,4,,80,20,99,3,0.535354,0.532449,0.491741,0.673878,1.614152,0.726218,0.349209
deepconvnet,cross_session,sub-023,,ses-04,ses-05,4,,80,20,97,3,0.721649,0.722151,0.721175,0.741071,1.299163,0.498920,0.231950
deepconvnet,cross_session,sub-023,,ses-05,ses-01,4,,77,20,96,3,0.552083,0.552083,0.483419,0.508681,1.776816,0.795594,0.366080
deepconvnet,cross_session,sub-023,,ses-05,ses-02,4,,77,20,94,3,0.606383,0.611413,0.585706,0.731431,0.660965,0.466466,0.079399
deepconvnet,cross_session,sub-023,,ses-05,ses-03,4,,77,20,99,3,0.484848,0.481224,0.406349,0.586939,1.048575,0.642188,0.298914
deepconvnet,cross_session,sub-023,,ses-05,ses-04,4,,77,20,100,3,0.780000,0.780000,0.774220,0.896800,0.475534,0.310150,0.081449
deepconvnet,cross_session,sub-024,,ses-01,ses-02,4,,59,15,82,1,0.487805,0.483254,0.482883,0.504187,0.689522,0.497629,0.107976
deepconvnet,cross_session,sub-024,,ses-01,ses-03,4,,59,15,83,1,0.469880,0.473547,0.466082,0.437209,0.728440,0.534133,0.092355
deepconvnet,cross_session,sub-024,,ses-01,ses-04,4,,59,15,98,1,0.500000,0.493750,0.444406,0.513333,0.744449,0.535763,0.154680
deepconvnet,cross_session,sub-024,,ses-01,ses-05,4,,59,15,100,1,0.550000,0.550000,0.548872,0.530000,0.696287,0.502973,0.054165
deepconvnet,cross_session,sub-024,,ses-02,ses-01,4,,65,17,74,12,0.513514,0.494505,0.432225,0.507692,0.800782,0.583231,0.224457
deepconvnet,cross_session,sub-024,,ses-02,ses-03,4,,65,17,83,12,0.493976,0.498547,0.487955,0.488953,0.941392,0.646064,0.253037
deepconvnet,cross_session,sub-024,,ses-02,ses-04,4,,65,17,98,12,0.510204,0.505000,0.473118,0.549167,0.919129,0.599862,0.205741
deepconvnet,cross_session,sub-024,,ses-02,ses-05,4,,65,17,100,12,0.520000,0.520000,0.490662,0.506800,0.758940,0.553319,0.125335
deepconvnet,cross_session,sub-024,,ses-03,ses-01,4,,66,17,74,1,0.486486,0.471795,0.436699,0.504029,0.692283,0.499154,0.085079
deepconvnet,cross_session,sub-024,,ses-03,ses-02,4,,66,17,82,1,0.451220,0.456340,0.450484,0.476675,0.703263,0.509931,0.095181
deepconvnet,cross_session,sub-024,,ses-03,ses-04,4,,66,17,98,1,0.469388,0.467917,0.465828,0.537500,0.718819,0.517501,0.109613
deepconvnet,cross_session,sub-024,,ses-03,ses-05,4,,66,17,100,1,0.550000,0.550000,0.529239,0.598800,0.683428,0.490392,0.012627
deepconvnet,cross_session,sub-024,,ses-04,ses-01,4,,78,20,74,4,0.500000,0.510989,0.484078,0.451282,0.773543,0.571507,0.191806
deepconvnet,cross_session,sub-024,,ses-04,ses-02,4,,78,20,82,4,0.560976,0.540670,0.511905,0.533493,0.732535,0.535587,0.174519
deepconvnet,cross_session,sub-024,,ses-04,ses-03,4,,78,20,83,4,0.530120,0.541279,0.487249,0.570349,0.810089,0.568083,0.180523
deepconvnet,cross_session,sub-024,,ses-04,ses-05,4,,78,20,100,4,0.540000,0.540000,0.511885,0.564400,0.713832,0.519470,0.086952
deepconvnet,cross_session,sub-024,,ses-05,ses-01,4,,80,20,74,1,0.527027,0.511722,0.476450,0.452747,0.702568,0.509250,0.142212
deepconvnet,cross_session,sub-024,,ses-05,ses-02,4,,80,20,82,1,0.536585,0.535885,0.535480,0.586124,0.672810,0.480247,0.079964
deepconvnet,cross_session,sub-024,,ses-05,ses-03,4,,80,20,83,1,0.421687,0.422674,0.421603,0.420930,0.722058,0.528649,0.147480
deepconvnet,cross_session,sub-024,,ses-05,ses-04,4,,80,20,98,1,0.510204,0.509167,0.508361,0.504583,0.727729,0.526842,0.106254
deepconvnet,cross_session,sub-025,,ses-01,ses-02,4,,70,18,92,1,0.500000,0.493144,0.440508,0.525768,0.701830,0.508067,0.078215
deepconvnet,cross_session,sub-025,,ses-01,ses-03,4,,70,18,94,1,0.457447,0.451540,0.408659,0.477808,0.729470,0.533281,0.135058
deepconvnet,cross_session,sub-025,,ses-01,ses-04,4,,70,18,88,1,0.500000,0.505426,0.472767,0.514212,0.712693,0.518256,0.071191
deepconvnet,cross_session,sub-025,,ses-01,ses-05,4,,70,18,100,1,0.520000,0.520000,0.520000,0.515200,0.694627,0.501460,0.063509
deepconvnet,cross_session,sub-025,,ses-02,ses-01,4,,73,19,88,2,0.556818,0.547545,0.461647,0.547287,0.715252,0.519081,0.094405
deepconvnet,cross_session,sub-025,,ses-02,ses-03,4,,73,19,94,2,0.542553,0.540308,0.536202,0.538043,0.707524,0.512814,0.133913
deepconvnet,cross_session,sub-025,,ses-02,ses-04,4,,73,19,88,2,0.500000,0.503876,0.487016,0.506460,0.737367,0.538873,0.126947
deepconvnet,cross_session,sub-025,,ses-02,ses-05,4,,73,19,100,2,0.500000,0.500000,0.333333,0.514800,0.748425,0.551760,0.156306
deepconvnet,cross_session,sub-025,,ses-03,ses-01,4,,75,19,88,1,0.511364,0.500000,0.338346,0.511628,0.732317,0.536653,0.142208
deepconvnet,cross_session,sub-025,,ses-03,ses-02,4,,75,19,92,1,0.510870,0.500000,0.338129,0.609456,0.715264,0.521003,0.131458
deepconvnet,cross_session,sub-025,,ses-03,ses-04,4,,75,19,88,1,0.477273,0.487339,0.357460,0.425323,0.765435,0.567067,0.162730
deepconvnet,cross_session,sub-025,,ses-03,ses-05,4,,75,19,100,1,0.500000,0.500000,0.333333,0.600800,0.748369,0.552223,0.168750
deepconvnet,cross_session,sub-025,,ses-04,ses-01,4,,70,18,88,1,0.500000,0.500258,0.500000,0.527649,0.690830,0.497705,0.038911
deepconvnet,cross_session,sub-025,,ses-04,ses-02,4,,70,18,92,1,0.521739,0.525768,0.506823,0.588180,0.685876,0.492784,0.033641
deepconvnet,cross_session,sub-025,,ses-04,ses-03,4,,70,18,94,1,0.478723,0.482790,0.461097,0.490036,0.708630,0.515280,0.085901
deepconvnet,cross_session,sub-025,,ses-04,ses-05,4,,70,18,100,1,0.530000,0.530000,0.423384,0.609200,0.687967,0.494838,0.054782
deepconvnet,cross_session,sub-025,,ses-05,ses-01,4,,80,20,88,1,0.431818,0.432041,0.431818,0.402584,0.748290,0.553509,0.161884
deepconvnet,cross_session,sub-025,,ses-05,ses-02,4,,80,20,92,1,0.565217,0.568322,0.557692,0.588180,0.684829,0.491736,0.020510
deepconvnet,cross_session,sub-025,,ses-05,ses-03,4,,80,20,94,1,0.595745,0.599638,0.583683,0.575181,0.689621,0.496704,0.101544
deepconvnet,cross_session,sub-025,,ses-05,ses-04,4,,80,20,88,1,0.579545,0.575452,0.563246,0.503359,0.752757,0.541419,0.188866
eegnet,cross_session,sub-001,,ses-01,ses-02,0,,80,20,100,1,0.530000,0.530000,0.524243,0.530000,0.732745,0.525394,0.059403
eegnet,cross_session,sub-001,,ses-01,ses-03,0,,80,20,99,1,0.545455,0.548980,0.484673,0.537143,0.790071,0.554751,0.129617
eegnet,cross_session,sub-001,,ses-01,ses-04,0,,80,20,99,1,0.484848,0.482653,0.458087,0.475918,0.749173,0.538100,0.119393
eegnet,cross_session,sub-001,,ses-01,ses-05,0,,80,20,94,1,0.478723,0.472373,0.423890,0.549366,0.889193,0.569266,0.181614
eegnet,cross_session,sub-001,,ses-02,ses-01,0,,80,20,100,1,0.470000,0.470000,0.450150,0.457200,0.700258,0.507080,0.049477
eegnet,cross_session,sub-001,,ses-02,ses-03,0,,80,20,99,1,0.525253,0.526327,0.520359,0.540408,0.720335,0.517997,0.057898
eegnet,cross_session,sub-001,,ses-02,ses-04,0,,80,20,99,1,0.505051,0.505510,0.504241,0.497143,0.698148,0.505491,0.048771
eegnet,cross_session,sub-001,,ses-02,ses-05,0,,80,20,94,1,0.542553,0.540308,0.536202,0.543025,0.762121,0.535275,0.082404
eegnet,cross_session,sub-001,,ses-03,ses-01,0,,79,20,100,1,0.450000,0.450000,0.362762,0.410800,0.694747,0.501600,0.055447
eegnet,cross_session,sub-001,,ses-03,ses-02,0,,79,20,100,1,0.500000,0.500000,0.494949,0.480800,0.697616,0.504412,0.015493
eegnet,cross_session,sub-001,,ses-03,ses-04,0,,79,20,99,1,0.494949,0.494898,0.494898,0.509388,0.687483,0.494521,0.054607
eegnet,cross_session,sub-001,,ses-03,ses-05,0,,79,20,94,1,0.531915,0.530344,0.528500,0.550725,0.696263,0.502431,0.091468
eegnet,cross_session,sub-001,,ses-04,ses-01,0,,79,20,100,1,0.460000,0.460000,0.344342,0.420400,0.695919,0.502769,0.049114
eegnet,cross_session,sub-001,,ses-04,ses-02,0,,79,20,100,1,0.470000,0.470000,0.465672,0.497200,0.700685,0.507341,0.049780
eegnet,cross_session,sub-001,,ses-04,ses-03,0,,79,20,99,1,0.484848,0.485714,0.481462,0.500408,0.704623,0.508649,0.113626
eegnet,cross_session,sub-001,,ses-04,ses-05,0,,79,20,94,1,0.542553,0.538496,0.523068,0.538496,0.730148,0.516888,0.118339
eegnet,cross_session,sub-001,,ses-05,ses-01,0,,75,19,100,1,0.490000,0.490000,0.386946,0.408000,0.694533,0.501386,0.015054
eegnet,cross_session,sub-001,,ses-05,ses-02,0,,75,19,100,1,0.440000,0.440000,0.425287,0.445200,0.697314,0.504147,0.072161
eegnet,cross_session,sub-001,,ses-05,ses-03,0,,75,19,99,1,0.444444,0.444490,0.444444,0.497143,0.690245,0.498019,0.115054
eegnet,cross_session,sub-001,,ses-05,ses-04,0,,75,19,99,1,0.515152,0.514898,0.514706,0.499184,0.694531,0.501375,0.020487
eegnet,cross_session,sub-002,,ses-01,ses-02,0,,73,19,95,37,0.526316,0.528590,0.504348,0.552748,3.757270,0.884198,0.441155
eegnet,cross_session,sub-002,,ses-01,ses-03,0,,73,19,100,37,0.500000,0.509033,0.492695,0.514251,2.387500,0.885154,0.432087
eegnet,cross_session,sub-002,,ses-01,ses-04,0,,73,19,100,37,0.470000,0.470000,0.428325,0.459600,4.227650,0.988461,0.491452
eegnet,cross_session,sub-002,,ses-01,ses-05,0,,73,19,95,37,0.652632,0.650621,0.650151,0.716948,2.870377,0.626410,0.332160
eegnet,cross_session,sub-002,,ses-02,ses-01,0,,76,19,92,1,0.521739,0.521739,0.464833,0.546314,0.689029,0.496130,0.016472
eegnet,cross_session,sub-002,,ses-02,ses-03,0,,76,19,100,1,0.490000,0.464673,0.360502,0.340024,0.693627,0.500479,0.011958
eegnet,cross_session,sub-002,,ses-02,ses-04,0,,76,19,100,1,0.500000,0.500000,0.404762,0.456800,0.693413,0.500266,0.001919
eegnet,cross_session,sub-002,,ses-02,ses-05,0,,76,19,95,1,0.473684,0.467835,0.451754,0.472493,0.693786,0.500639,0.030229
eegnet,cross_session,sub-002,,ses-03,ses-01,0,,80,20,92,4,0.402174,0.402174,0.385848,0.447070,0.782390,0.571743,0.230169
eegnet,cross_session,sub-002,,ses-03,ses-02,0,,80,20,95,4,0.473684,0.471631,0.451754,0.464096,0.729731,0.535622,0.141325
eegnet,cross_session,sub-002,,ses-03,ses-04,0,,80,20,100,4,0.540000,0.540000,0.539816,0.540000,0.706617,0.511410,0.164166
eegnet,cross_session,sub-002,,ses-03,ses-05,0,,80,20,95,4,0.536842,0.538376,0.536380,0.530169,0.812523,0.572780,0.142879
eegnet,cross_session,sub-002,,ses-04,ses-01,0,,80,20,92,1,0.478261,0.478261,0.452381,0.491966,0.759260,0.552807,0.143306
eegnet,cross_session,sub-002,,ses-04,ses-02,0,,80,20,95,1,0.547368,0.547872,0.546565,0.563387,0.962600,0.503924,0.034808
eegnet,cross_session,sub-002,,ses-04,ses-03,0,,80,20,100,1,0.410000,0.420514,0.396419,0.401445,0.714981,0.521323,0.126059
eegnet,cross_session,sub-002,,ses-04,ses-05,0,,80,20,95,1,0.568421,0.576309,0.543964,0.537711,0.778044,0.556592,0.176583
eegnet,cross_session,sub-002,,ses-05,ses-01,0,,76,19,92,21,0.510870,0.510870,0.489078,0.537807,1.599105,0.730859,0.319955
eegnet,cross_session,sub-002,,ses-05,ses-02,0,,76,19,95,21,0.663158,0.663785,0.662222,0.714096,1.028240,0.500371,0.205876
eegnet,cross_session,sub-002,,ses-05,ses-03,0,,76,19,100,21,0.520000,0.525492,0.518266,0.533119,1.051307,0.653753,0.247840
eegnet,cross_session,sub-002,,ses-05,ses-04,0,,76,19,100,21,0.550000,0.550000,0.533147,0.578800,1.028055,0.630236,0.264161
eegnet,cross_session,sub-003,,ses-01,ses-02,0,,73,19,100,1,0.520000,0.520000,0.519231,0.533600,0.693758,0.500541,0.017240
eegnet,cross_session,sub-003,,ses-01,ses-03,0,,73,19,92,1,0.434783,0.438771,0.417154,0.475650,1.003573,0.535505,0.152636
eegnet,cross_session,sub-003,,ses-01,ses-04,0,,73,19,100,1,0.460000,0.460000,0.456522,0.447200,0.696100,0.502952,0.058031
eegnet,cross_session,sub-003,,ses-01,ses-05,0,,73,19,100,1,0.430000,0.430000,0.413037,0.434000,0.699583,0.506393,0.081175
eegnet,cross_session,sub-003,,ses-02,ses-01,0,,80,20,92,3,0.467391,0.468750,0.467328,0.436080,0.732199,0.538039,0.121868
eegnet,cross_session,sub-003,,ses-02,ses-03,0,,80,20,92,3,0.500000,0.503073,0.491346,0.514421,1.105303,0.576501,0.161301
eegnet,cross_session,sub-003,,ses-02,ses-04,0,,80,20,100,3,0.490000,0.490000,0.474822,0.508800,0.696188,0.502981,0.049613
eegnet,cross_session,sub-003,,ses-02,ses-05,0,,80,20,100,3,0.440000,0.440000,0.411517,0.442000,0.705633,0.511973,0.089587
eegnet,cross_session,sub-003,,ses-03,ses-01,0,,73,19,92,1,0.445652,0.437500,0.420955,0.463542,0.693373,0.500225,0.056258
eegnet,cross_session,sub-003,,ses-03,ses-02,0,,73,19,100,1,0.530000,0.530000,0.503748,0.512800,0.693281,0.500134,0.028870
eegnet,cross_session,sub-003,,ses-03,ses-04,0,,73,19,100,1,0.500000,0.500000,0.392909,0.466800,0.693225,0.500078,0.000742
eegnet,cross_session,sub-003,,ses-03,ses-05,0,,73,19,100,1,0.510000,0.510000,0.371069,0.456000,0.693170,0.500022,0.009298
eegnet,cross_session,sub-003,,ses-04,ses-01,0,,80,20,92,3,0.521739,0.506629,0.446086,0.509943,0.812728,0.571751,0.171979
eegnet,cross_session,sub-003,,ses-04,ses-02,0,,80,20,100,3,0.560000,0.560000,0.528100,0.550400,0.759836,0.546794,0.145001
eegnet,cross_session,sub-003,,ses-04,ses-03,0,,80,20,92,3,0.500000,0.508747,0.409598,0.515366,1.536998,0.727669,0.295416
eegnet,cross_session,sub-003,,ses-04,ses-05,0,,80,20,100,3,0.450000,0.450000,0.433632,0.426400,0.716568,0.522594,0.092195
eegnet,cross_session,sub-003,,ses-05,ses-01,0,,80,20,92,6,0.478261,0.465909,0.425000,0.468750,1.862703,0.826144,0.395297
eegnet,cross_session,sub-003,,ses-05,ses-02,0,,80,20,100,6,0.490000,0.490000,0.418803,0.536000,1.347000,0.708265,0.312903
eegnet,cross_session,sub-003,,ses-05,ses-03,0,,80,20,92,6,0.489130,0.499527,0.346334,0.505437,4.192400,0.960718,0.474373
eegnet,cross_session,sub-003,,ses-05,ses-04,0,,80,20,100,6,0.530000,0.530000,0.503748,0.544800,0.810041,0.577164,0.180243
eegnet,cross_session,sub-004,,ses-01,ses-02,0,,69,18,97,87,0.484536,0.479592,0.326389,0.500000,0.699952,0.506883,0.080712
eegnet,cross_session,sub-004,,ses-01,ses-03,0,,69,18,91,87,0.648352,0.633963,0.614407,0.715116,0.645439,0.453673,0.117067
eegnet,cross_session,sub-004,,ses-01,ses-04,0,,69,18,100,87,0.480000,0.480000,0.340436,0.492400,0.703437,0.510173,0.079369
eegnet,cross_session,sub-004,,ses-01,ses-05,0,,69,18,100,87,0.500000,0.500000,0.333333,0.520000,0.697223,0.504061,0.049371
eegnet,cross_session,sub-004,,ses-02,ses-01,0,,77,20,87,1,0.609195,0.609408,0.609144,0.617865,0.988275,0.501742,0.105670
eegnet,cross_session,sub-004,,ses-02,ses-03,0,,77,20,91,1,0.516484,0.508963,0.502979,0.558624,0.691046,0.497864,0.065994
eegnet,cross_session,sub-004,,ses-02,ses-04,0,,77,20,100,1,0.440000,0.440000,0.431818,0.436800,0.704650,0.511409,0.094352
eegnet,cross_session,sub-004,,ses-02,ses-05,0,,77,20,100,1,0.430000,0.430000,0.403703,0.490000,0.692947,0.499801,0.077704
eegnet,cross_session,sub-004,,ses-03,ses-01,0,,72,19,87,1,0.620690,0.622093,0.615611,0.639535,0.971482,0.489779,0.095916
eegnet,cross_session,sub-004,,ses-03,ses-02,0,,72,19,97,1,0.505155,0.504677,0.503836,0.488946,0.718693,0.521117,0.033787
eegnet,cross_session,sub-004,,ses-03,ses-04,0,,72,19,100,1,0.470000,0.470000,0.460889,0.442400,0.702147,0.508927,0.057385
eegnet,cross_session,sub-004,,ses-03,ses-05,0,,72,19,100,1,0.540000,0.540000,0.511885,0.492000,0.693718,0.500569,0.052184
eegnet,cross_session,sub-004,,ses-04,ses-01,0,,80,20,87,1,0.540230,0.543869,0.491228,0.556025,1.015940,0.528652,0.086644
eegnet,cross_session,sub-004,,ses-04,ses-02,0,,80,20,97,1,0.556701,0.556548,0.556512,0.562075,0.779659,0.538387,0.115142
eegnet,cross_session,sub-004,,ses-04,ses-03,0,,80,20,91,1,0.549451,0.557171,0.543943,0.546027,0.719293,0.519990,0.083148
eegnet,cross_session,sub-004,,ses-04,ses-05,0,,80,20,100,1,0.570000,0.570000,0.536188,0.520400,0.692399,0.499249,0.057881
eegnet,cross_session,sub-004,,ses-05,ses-01,0,,80,20,87,4,0.448276,0.451903,0.389474,0.456131,1.806352,0.794268,0.348658
eegnet,cross_session,sub-004,,ses-05,ses-02,0,,80,20,97,4,0.463918,0.464711,0.461111,0.441752,1.451266,0.706347,0.259370
eegnet,cross_session,sub-004,,ses-05,ses-03,0,,80,20,91,4,0.538462,0.539486,0.538406,0.511143,1.538209,0.690317,0.246456
eegnet,cross_session,sub-004,,ses-05,ses-04,0,,80,20,100,4,0.560000,0.560000,0.545267,0.493200,0.803819,0.582375,0.212254
eegnet,cross_session,sub-005,,ses-01,ses-02,0,,75,19,100,15,0.570000,0.570000,0.569957,0.585600,0.686699,0.493645,0.048694
eegnet,cross_session,sub-005,,ses-01,ses-03,0,,75,19,93,15,0.526882,0.524514,0.501462,0.484274,0.720218,0.523062,0.068853
eegnet,cross_session,sub-005,,ses-01,ses-04,0,,75,19,99,15,0.535354,0.534694,0.533019,0.505714,0.694542,0.501348,0.045104
eegnet,cross_session,sub-005,,ses-01,ses-05,0,,75,19,89,15,0.505618,0.507331,0.505056,0.467139,0.713851,0.520507,0.148246
eegnet,cross_session,sub-005,,ses-02,ses-01,0,,80,20,94,10,0.574468,0.561905,0.526210,0.541043,5.896344,0.827438,0.421288
eegnet,cross_session,sub-005,,ses-02,ses-03,0,,80,20,93,10,0.505376,0.505319,0.505319,0.495375,1.068761,0.631650,0.260455
eegnet,cross_session,sub-005,,ses-02,ses-04,0,,80,20,99,10,0.484848,0.485510,0.482949,0.478367,1.207697,0.747011,0.330897
eegnet,cross_session,sub-005,,ses-02,ses-05,0,,80,20,89,10,0.449438,0.445399,0.439244,0.465116,1.366858,0.761164,0.359261
eegnet,cross_session,sub-005,,ses-03,ses-01,0,,74,19,94,100,0.510638,0.509751,0.509751,0.576644,1.612463,0.728375,0.365471
eegnet,cross_session,sub-005,,ses-03,ses-02,0,,74,19,100,100,0.620000,0.620000,0.619848,0.679200,0.672403,0.468603,0.104878
eegnet,cross_session,sub-005,,ses-03,ses-04,0,,74,19,99,100,0.383838,0.383469,0.382831,0.380000,1.209771,0.783436,0.367202
eegnet,cross_session,sub-005,,ses-03,ses-05,0,,74,19,89,100,0.528090,0.532103,0.523214,0.526795,1.296643,0.681192,0.272371
eegnet,cross_session,sub-005,,ses-04,ses-01,0,,79,20,94,1,0.553191,0.533333,0.412500,0.458957,1.043949,0.661214,0.248451
eegnet,cross_session,sub-005,,ses-04,ses-02,0,,79,20,100,1,0.340000,0.340000,0.333333,0.250000,0.734381,0.539923,0.190299
eegnet,cross_session,sub-005,,ses-04,ses-03,0,,79,20,93,1,0.505376,0.506938,0.495519,0.512488,0.708927,0.515910,0.111229
eegnet,cross_session,sub-005,,ses-04,ses-05,0,,79,20,89,1,0.471910,0.461830,0.413899,0.458038,0.838149,0.582322,0.160883
eegnet,cross_session,sub-005,,ses-05,ses-01,0,,71,18,94,8,0.489362,0.486621,0.485636,0.477098,1.020974,0.564100,0.151824
eegnet,cross_session,sub-005,,ses-05,ses-02,0,,71,18,100,8,0.390000,0.390000,0.315453,0.288400,0.751519,0.556703,0.174930
eegnet,cross_session,sub-005,,ses-05,ses-03,0,,71,18,93,8,0.462366,0.462535,0.462303,0.478723,0.791029,0.541917,0.135549
eegnet,cross_session,sub-005,,ses-05,ses-04,0,,71,18,99,8,0.464646,0.461633,0.410516,0.546531,0.692343,0.499259,0.124496
eegnet,cross_session,sub-006,,ses-01,ses-02,0,,74,19,94,21,0.712766,0.711957,0.711951,0.734149,1.276429,0.511659,0.252334
eegnet,cross_session,sub-006,,ses-01,ses-03,0,,74,19,95,21,0.715789,0.716312,0.715285,0.718528,1.013205,0.466849,0.193838
eegnet,cross_session,sub-006,,ses-01,ses-04,0,,74,19,92,21,0.652174,0.655319,0.646154,0.722931,1.309652,0.605784,0.319511
eegnet,cross_session,sub-006,,ses-01,ses-05,0,,74,19,95,21,0.663158,0.664818,0.662822,0.698314,1.550136,0.563229,0.260627
eegnet,cross_session,sub-006,,ses-02,ses-01,0,,75,19,93,63,0.752688,0.749306,0.748501,0.799074,2.403920,0.467562,0.244139
eegnet,cross_session,sub-006,,ses-02,ses-03,0,,75,19,95,63,0.505263,0.504654,0.503282,0.473404,7.399375,0.933521,0.473294
eegnet,cross_session,sub-006,,ses-02,ses-04,0,,75,19,92,63,0.728261,0.725532,0.722725,0.852009,1.955034,0.494091,0.245123
eegnet,cross_session,sub-006,,ses-02,ses-05,0,,75,19,95,63,0.547368,0.545253,0.544136,0.582964,5.469477,0.835570,0.435585
eegnet,cross_session,sub-006,,ses-03,ses-01,0,,76,19,93,15,0.473118,0.471528,0.470916,0.505093,0.919422,0.630025,0.268549
eegnet,cross_session,sub-006,,ses-03,ses-02,0,,76,19,94,15,0.585106,0.580616,0.563311,0.560688,0.812343,0.565708,0.208388
eegnet,cross_session,sub-006,,ses-03,ses-04,0,,76,19,92,15,0.445652,0.450827,0.415181,0.449173,1.527658,0.796257,0.384632
eegnet,cross_session,sub-006,,ses-03,ses-05,0,,76,19,95,15,0.473684,0.468500,0.456273,0.421917,1.080032,0.722162,0.299373
eegnet,cross_session,sub-006,,ses-04,ses-01,0,,73,19,93,1,0.397849,0.405556,0.365497,0.369907,0.711430,0.518306,0.139824
eegnet,cross_session,sub-006,,ses-04,ses-02,0,,73,19,94,1,0.414894,0.418478,0.399605,0.338315,0.717051,0.523799,0.117006
eegnet,cross_session,sub-006,,ses-04,ses-03,0,,73,19,95,1,0.452632,0.453901,0.445193,0.453457,0.703622,0.510278,0.098291
eegnet,cross_session,sub-006,,ses-04,ses-05,0,,73,19,95,1,0.410526,0.410603,0.410461,0.390417,0.713764,0.520469,0.125891
eegnet,cross_session,sub-006,,ses-05,ses-01,0,,76,19,93,11,0.559140,0.561111,0.558323,0.582870,1.453933,0.694099,0.335800
eegnet,cross_session,sub-006,,ses-05,ses-02,0,,76,19,94,11,0.457447,0.454710,0.446867,0.521286,1.203827,0.700376,0.339468
eegnet,cross_session,sub-006,,ses-05,ses-03,0,,76,19,95,11,0.578947,0.578236,0.576649,0.553191,1.400261,0.709704,0.346452
eegnet,cross_session,sub-006,,ses-05,ses-04,0,,76,19,92,11,0.532609,0.526005,0.481044,0.613712,0.952645,0.625196,0.273152
eegnet,cross_session,sub-007,,ses-01,ses-02,0,,80,20,100,3,0.500000,0.500000,0.496779,0.463600,0.752890,0.547506,0.106218
eegnet,cross_session,sub-007,,ses-01,ses-03,0,,80,20,96,3,0.541667,0.541667,0.541468,0.545573,0.740538,0.520994,0.061643
eegnet,cross_session,sub-007,,ses-01,ses-04,0,,80,20,92,3,0.543478,0.543478,0.541528,0.540170,0.841043,0.570159,0.167933
eegnet,cross_session,sub-007,,ses-01,ses-05,0,,80,20,100,3,0.540000,0.540000,0.539816,0.534800,0.700473,0.506865,0.093283
eegnet,cross_session,sub-007,,ses-02,ses-01,0,,80,20,100,1,0.500000,0.500000,0.498193,0.470400,0.695594,0.502447,0.015235
eegnet,cross_session,sub-007,,ses-02,ses-03,0,,80,20,96,1,0.520833,0.520833,0.518954,0.512587,0.711086,0.512648,0.073339
eegnet,cross_session,sub-007,,ses-02,ses-04,0,,80,20,92,1,0.543478,0.543478,0.542614,0.590737,0.678700,0.486571,0.078098
eegnet,cross_session,sub-007,,ses-02,ses-05,0,,80,20,100,1,0.590000,0.590000,0.588972,0.618800,0.682500,0.489372,0.073384
eegnet,cross_session,sub-007,,ses-03,ses-01,0,,76,20,100,2,0.480000,0.480000,0.402574,0.520000,0.691921,0.498826,0.063313
eegnet,cross_session,sub-007,,ses-03,ses-02,0,,76,20,100,2,0.520000,0.520000,0.485199,0.512000,0.707435,0.513159,0.064976
eegnet,cross_session,sub-007,,ses-03,ses-04,0,,76,20,92,2,0.565217,0.565217,0.557692,0.575142,0.730864,0.520796,0.104023
eegnet,cross_session,sub-007,,ses-03,ses-05,0,,76,20,100,2,0.540000,0.540000,0.535354,0.556000,0.686281,0.493245,0.037829
eegnet,cross_session,sub-007,,ses-04,ses-01,0,,73,19,100,1,0.520000,0.520000,0.391172,0.470400,0.693779,0.500631,0.009445
eegnet,cross_session,sub-007,,ses-04,ses-02,0,,73,19,100,1,0.490000,0.490000,0.386946,0.478400,0.693550,0.500422,0.030908
eegnet,cross_session,sub-007,,ses-04,ses-03,0,,73,19,96,1,0.541667,0.541667,0.528571,0.595052,0.689156,0.496023,0.027730
eegnet,cross_session,sub-007,,ses-04,ses-05,0,,73,19,100,1,0.600000,0.600000,0.579655,0.706800,0.685286,0.492144,0.090010
eegnet,cross_session,sub-007,,ses-05,ses-01,0,,80,20,100,17,0.530000,0.530000,0.529953,0.524000,0.973575,0.651926,0.236216
eegnet,cross_session,sub-007,,ses-05,ses-02,0,,80,20,100,17,0.540000,0.540000,0.530804,0.540400,0.912242,0.617316,0.238003
eegnet,cross_session,sub-007,,ses-05,ses-03,0,,80,20,96,17,0.531250,0.531250,0.529975,0.579427,1.446459,0.643436,0.280584
eegnet,cross_session,sub-007,,ses-05,ses-04,0,,80,20,92,17,0.586957,0.586957,0.582018,0.598771,1.669945,0.680182,0.308103
eegnet,cross_session,sub-008,,ses-01,ses-02,0,,80,20,94,12,0.574468,0.574468,0.569597,0.559303,5.983238,0.826220,0.411376
eegnet,cross_session,sub-008,,ses-01,ses-03,0,,80,20,89,12,0.516854,0.521212,0.434294,0.654293,8.701002,0.953511,0.482794
eegnet,cross_session,sub-008,,ses-01,ses-04,0,,80,20,96,12,0.479167,0.479167,0.478941,0.523872,1.466005,0.759973,0.354014
eegnet,cross_session,sub-008,,ses-01,ses-05,0,,80,20,100,12,0.450000,0.450000,0.447292,0.470000,1.027256,0.712195,0.314436
eegnet,cross_session,sub-008,,ses-02,ses-01,0,,75,19,100,1,0.540000,0.540000,0.527915,0.550800,0.693142,0.499995,0.039952
eegnet,cross_session,sub-008,,ses-02,ses-03,0,,75,19,89,1,0.606742,0.609091,0.589970,0.578283,0.694091,0.500941,0.116167
eegnet,cross_session,sub-008,,ses-02,ses-04,0,,75,19,96,1,0.552083,0.552083,0.550865,0.520833,0.693134,0.499987,0.051984
eegnet,cross_session,sub-008,,ses-02,ses-05,0,,75,19,100,1,0.400000,0.400000,0.399760,0.436400,0.693177,0.500030,0.100096
eegnet,cross_session,sub-008,,ses-03,ses-01,0,,71,18,100,27,0.590000,0.590000,0.589631,0.624800,0.673363,0.480458,0.041120
eegnet,cross_session,sub-008,,ses-03,ses-02,0,,71,18,94,27,0.425532,0.425532,0.425272,0.410593,1.674412,0.791777,0.345602
eegnet,cross_session,sub-008,,ses-03,ses-04,0,,71,18,96,27,0.479167,0.479167,0.444444,0.482639,0.747596,0.541831,0.119091
eegnet,cross_session,sub-008,,ses-03,ses-05,0,,71,18,100,27,0.430000,0.430000,0.425345,0.389600,0.733500,0.539382,0.130244
eegnet,cross_session,sub-008,,ses-04,ses-01,0,,76,20,100,1,0.580000,0.580000,0.573864,0.528400,0.693065,0.499909,0.113042
eegnet,cross_session,sub-008,,ses-04,ses-02,0,,76,20,94,1,0.542553,0.542553,0.486730,0.560208,1.096208,0.575602,0.162484
eegnet,cross_session,sub-008,,ses-04,ses-03,0,,76,20,89,1,0.516854,0.521717,0.409140,0.587879,1.621953,0.674804,0.306983
eegnet,cross_session,sub-008,,ses-04,ses-05,0,,76,20,100,1,0.420000,0.420000,0.419071,0.445600,0.700694,0.507503,0.102235
eegnet,cross_session,sub-008,,ses-05,ses-01,0,,80,20,100,1,0.480000,0.480000,0.480000,0.520400,0.693248,0.500108,0.046954
eegnet,cross_session,sub-008,,ses-05,ses-02,0,,80,20,94,1,0.446809,0.446809,0.400980,0.451109,1.183883,0.646023,0.258210
eegnet,cross_session,sub-008,,ses-05,ses-03,0,,80,20,89,1,0.505618,0.510101,0.415173,0.557071,1.474163,0.628550,0.247733
eegnet,cross_session,sub-008,,ses-05,ses-04,0,,80,20,96,1,0.520833,0.520833,0.510421,0.588976,0.692712,0.495647,0.073180
eegnet,cross_session,sub-009,,ses-01,ses-02,0,,78,20,100,1,0.440000,0.440000,0.428805,0.442800,0.698045,0.504888,0.073567
eegnet,cross_session,sub-009,,ses-01,ses-03,0,,78,20,100,1,0.510000,0.510000,0.509559,0.468400,0.702854,0.509516,0.048187
eegnet,cross_session,sub-009,,ses-01,ses-04,0,,78,20,96,1,0.479167,0.477391,0.477124,0.486522,0.700980,0.508110,0.075740
eegnet,cross_session,sub-009,,ses-01,ses-05,0,,78,20,99,1,0.464646,0.464898,0.464428,0.436327,0.714592,0.521048,0.101861
eegnet,cross_session,sub-009,,ses-02,ses-01,0,,80,20,98,5,0.469388,0.461250,0.363318,0.532500,1.367481,0.718131,0.342214
eegnet,cross_session,sub-009,,ses-02,ses-03,0,,80,20,100,5,0.560000,0.560000,0.559295,0.542800,0.852533,0.554574,0.140061
eegnet,cross_session,sub-009,,ses-02,ses-04,0,,80,20,96,5,0.479167,0.474783,0.470899,0.513913,1.402947,0.680010,0.292912
eegnet,cross_session,sub-009,,ses-02,ses-05,0,,80,20,99,5,0.454545,0.458367,0.365987,0.419184,1.467707,0.808155,0.370623
eegnet,cross_session,sub-009,,ses-03,ses-01,0,,80,20,98,20,0.438776,0.443333,0.411765,0.373333,2.407903,0.942764,0.458439
eegnet,cross_session,sub-009,,ses-03,ses-02,0,,80,20,100,20,0.590000,0.590000,0.587981,0.581600,0.792449,0.550369,0.213030
eegnet,cross_session,sub-009,,ses-03,ses-04,0,,80,20,96,20,0.458333,0.461739,0.456209,0.460000,1.657627,0.754195,0.323467
eegnet,cross_session,sub-009,,ses-03,ses-05,0,,80,20,99,20,0.525253,0.522857,0.495610,0.537551,2.028173,0.819876,0.398333
eegnet,cross_session,sub-009,,ses-04,ses-01,0,,76,20,98,20,0.591837,0.593750,0.589099,0.609583,0.683327,0.490228,0.066296
eegnet,cross_session,sub-009,,ses-04,ses-02,0,,76,20,100,20,0.460000,0.460000,0.420849,0.500000,0.698705,0.505402,0.061624
eegnet,cross_session,sub-009,,ses-04,ses-03,0,,76,20,100,20,0.570000,0.570000,0.557203,0.559200,0.698568,0.503521,0.077544
eegnet,cross_session,sub-009,,ses-04,ses-05,0,,76,20,99,20,0.494949,0.493878,0.488636,0.521224,0.701772,0.508211,0.087839
eegnet,cross_session,sub-009,,ses-05,ses-01,0,,79,20,98,6,0.500000,0.499583,0.499531,0.495000,0.808676,0.587828,0.189377
eegnet,cross_session,sub-009,,ses-05,ses-02,0,,79,20,100,6,0.400000,0.400000,0.363328,0.419600,0.718106,0.524439,0.146972
eegnet,cross_session,sub-009,,ses-05,ses-03,0,,79,20,100,6,0.520000,0.520000,0.507389,0.534000,0.696872,0.503530,0.053147
eegnet,cross_session,sub-009,,ses-05,ses-04,0,,79,20,96,6,0.427083,0.428261,0.427021,0.443043,1.313289,0.575191,0.168681
eegnet,cross_session,sub-010,,ses-01,ses-02,0,,71,18,94,1,0.531915,0.531915,0.528500,0.522408,0.780693,0.533299,0.080951
eegnet,cross_session,sub-010,,ses-01,ses-03,0,,71,18,100,1,0.530000,0.530000,0.529953,0.514000,0.700763,0.507324,0.100264
eegnet,cross_session,sub-010,,ses-01,ses-04,0,,71,18,100,1,0.470000,0.470000,0.465672,0.482800,0.697218,0.504056,0.049170
eegnet,cross_session,sub-010,,ses-01,ses-05,0,,71,18,97,1,0.587629,0.587585,0.587585,0.574830,0.773498,0.511510,0.105550
eegnet,cross_session,sub-010,,ses-02,ses-01,0,,75,19,89,1,0.516854,0.518200,0.516610,0.540445,0.690776,0.497633,0.015271
eegnet,cross_session,sub-010,,ses-02,ses-03,0,,75,19,100,1,0.580000,0.580000,0.565936,0.525200,0.692541,0.499396,0.061799
eegnet,cross_session,sub-010,,ses-02,ses-04,0,,75,19,100,1,0.520000,0.520000,0.472527,0.530000,0.692518,0.499370,0.009356
eegnet,cross_session,sub-010,,ses-02,ses-05,0,,75,19,97,1,0.577320,0.576531,0.574425,0.590986,0.685454,0.493515,0.067142
eegnet,cross_session,sub-010,,ses-03,ses-01,0,,80,20,89,1,0.516854,0.512892,0.507908,0.540950,0.690770,0.497583,0.062983
eegnet,cross_session,sub-010,,ses-03,ses-02,0,,80,20,94,1,0.521277,0.521277,0.505090,0.551381,0.730775,0.520079,0.072649
eegnet,cross_session,sub-010,,ses-03,ses-04,0,,80,20,100,1,0.580000,0.580000,0.579327,0.575600,0.690068,0.496917,0.095610
eegnet,cross_session,sub-010,,ses-03,ses-05,0,,80,20,97,1,0.587629,0.587372,0.587234,0.605017,0.729651,0.497136,0.077477
eegnet,cross_session,sub-010,,ses-04,ses-01,0,,80,20,89,6,0.584270,0.583418,0.583428,0.607685,0.778563,0.529739,0.163283
eegnet,cross_session,sub-010,,ses-04,ses-02,0,,80,20,94,6,0.606383,0.606383,0.605266,0.622001,0.918296,0.524676,0.137576
eegnet,cross_session,sub-010,,ses-04,ses-03,0,,80,20,100,6,0.650000,0.650000,0.647142,0.647600,0.985495,0.564731,0.208134
eegnet,cross_session,sub-010,,ses-04,ses-05,0,,80,20,97,6,0.587629,0.589498,0.574561,0.652849,1.037587,0.552098,0.186959
eegnet,cross_session,sub-010,,ses-05,ses-01,0,,77,20,89,3,0.483146,0.500000,0.325758,0.477250,0.694916,0.501768,0.033130
eegnet,cross_session,sub-010,,ses-05,ses-02,0,,77,20,94,3,0.500000,0.500000,0.333333,0.525124,0.694388,0.501239,0.016956
eegnet,cross_session,sub-010,,ses-05,ses-03,0,,77,20,100,3,0.500000,0.500000,0.333333,0.653200,0.691754,0.498609,0.015459
eegnet,cross_session,sub-010,,ses-05,ses-04,0,,77,20,100,3,0.500000,0.500000,0.333333,0.684400,0.692735,0.499589,0.015387
eegnet,cross_session,sub-011,,ses-01,ses-02,0,,80,20,94,13,0.393617,0.394785,0.393548,0.356916,7.027949,1.148119,0.582407
eegnet,cross_session,sub-011,,ses-01,ses-03,0,,80,20,100,13,0.590000,0.590000,0.586652,0.648000,1.830523,0.676257,0.343267
eegnet,cross_session,sub-011,,ses-01,ses-04,0,,80,20,100,13,0.500000,0.500000,0.490004,0.486400,1.333068,0.773654,0.329737
eegnet,cross_session,sub-011,,ses-01,ses-05,0,,80,20,100,13,0.510000,0.510000,0.487394,0.534000,1.139213,0.696787,0.295584
eegnet,cross_session,sub-011,,ses-02,ses-01,0,,75,19,100,76,0.550000,0.550000,0.549955,0.578000,0.977559,0.631782,0.237788
eegnet,cross_session,sub-011,,ses-02,ses-03,0,,75,19,100,76,0.620000,0.620000,0.604167,0.593200,1.234092,0.652213,0.296094
eegnet,cross_session,sub-011,,ses-02,ses-04,0,,75,19,100,76,0.480000,0.480000,0.474747,0.461200,1.668132,0.833969,0.385460
eegnet,cross_session,sub-011,,ses-02,ses-05,0,,75,19,100,76,0.480000,0.480000,0.474747,0.533200,1.966525,0.847167,0.436410
eegnet,cross_session,sub-011,,ses-03,ses-01,0,,80,20,100,23,0.500000,0.500000,0.463749,0.566400,0.709097,0.513508,0.140717
eegnet,cross_session,sub-011,,ses-03,ses-02,0,,80,20,94,23,0.542553,0.543084,0.542501,0.483673,2.658054,0.827375,0.403423
eegnet,cross_session,sub-011,,ses-03,ses-04,0,,80,20,100,23,0.510000,0.510000,0.495418,0.458800,1.021611,0.689558,0.259534
eegnet,cross_session,sub-011,,ses-03,ses-05,0,,80,20,100,23,0.530000,0.530000,0.529577,0.532400,0.770539,0.554601,0.133880
eegnet,cross_session,sub-011,,ses-04,ses-01,0,,80,20,100,2,0.480000,0.480000,0.402574,0.421200,0.697662,0.504529,0.042738
eegnet,cross_session,sub-011,,ses-04,ses-02,0,,80,20,94,2,0.446809,0.453061,0.437644,0.444444,0.821531,0.595524,0.207000
eegnet,cross_session,sub-011,,ses-04,ses-03,0,,80,20,100,2,0.630000,0.630000,0.625468,0.650000,0.664542,0.471841,0.075323
eegnet,cross_session,sub-011,,ses-04,ses-05,0,,80,20,100,2,0.440000,0.440000,0.437977,0.498400,0.696335,0.503174,0.097328
eegnet,cross_session,sub-011,,ses-05,ses-01,0,,80,20,100,7,0.410000,0.410000,0.408521,0.398400,0.750526,0.554854,0.179845
eegnet,cross_session,sub-011,,ses-05,ses-02,0,,80,20,94,7,0.489362,0.502041,0.447059,0.481179,2.608476,0.871088,0.406559
eegnet,cross_session,sub-011,,ses-05,ses-03,0,,80,20,100,7,0.510000,0.510000,0.503998,0.487200,0.914311,0.645245,0.250459
eegnet,cross_session,sub-011,,ses-05,ses-04,0,,80,20,100,7,0.570000,0.570000,0.557203,0.539200,0.778571,0.560221,0.176864
eegnet,cross_session,sub-012,,ses-01,ses-02,0,,80,20,91,2,0.384615,0.382850,0.367428,0.395169,0.852782,0.561713,0.218321
eegnet,cross_session,sub-012,,ses-01,ses-03,0,,80,20,97,2,0.443299,0.445366,0.421088,0.463861,0.718803,0.523383,0.125008
eegnet,cross_session,sub-012,,ses-01,ses-04,0,,80,20,87,2,0.413793,0.414286,0.413793,0.384127,1.105065,0.593908,0.171187
eegnet,cross_session,sub-012,,ses-01,ses-05,0,,80,20,83,2,0.554217,0.567376,0.553958,0.583924,0.664814,0.474529,0.032741
eegnet,cross_session,sub-012,,ses-02,ses-01,0,,72,19,100,1,0.580000,0.580000,0.525102,0.576400,0.692698,0.499546,0.092195
eegnet,cross_session,sub-012,,ses-02,ses-03,0,,72,19,97,1,0.505155,0.501913,0.448864,0.472364,0.694460,0.501312,0.004531
eegnet,cross_session,sub-012,,ses-02,ses-04,0,,72,19,87,1,0.505747,0.496825,0.465036,0.485714,0.737981,0.519545,0.037730
eegnet,cross_session,sub-012,,ses-02,ses-05,0,,72,19,83,1,0.469880,0.518913,0.416986,0.593381,0.692091,0.498970,0.045632
eegnet,cross_session,sub-012,,ses-03,ses-01,0,,77,20,100,1,0.540000,0.540000,0.520833,0.538400,0.691724,0.498564,0.027261
eegnet,cross_session,sub-012,,ses-03,ses-02,0,,77,20,91,1,0.461538,0.459179,0.434209,0.355072,0.825414,0.544154,0.171314
eegnet,cross_session,sub-012,,ses-03,ses-04,0,,77,20,87,1,0.413793,0.415079,0.413483,0.382011,0.839803,0.546168,0.131329
eegnet,cross_session,sub-012,,ses-03,ses-05,0,,77,20,83,1,0.626506,0.637707,0.626506,0.638889,0.672228,0.479837,0.098671
eegnet,cross_session,sub-012,,ses-04,ses-01,0,,69,18,100,7,0.500000,0.500000,0.333333,0.381200,0.732268,0.537724,0.146526
eegnet,cross_session,sub-012,,ses-04,ses-02,0,,69,18,91,7,0.516484,0.511111,0.359974,0.489372,0.715262,0.521164,0.094678
eegnet,cross_session,sub-012,,ses-04,ses-03,0,,69,18,97,7,0.484536,0.489583,0.326389,0.528061,0.723818,0.529876,0.126374
eegnet,cross_session,sub-012,,ses-04,ses-05,0,,69,18,83,7,0.554217,0.492612,0.379972,0.637116,0.681852,0.489092,0.064428
eegnet,cross_session,sub-012,,ses-05,ses-01,0,,66,17,100,1,0.510000,0.510000,0.487394,0.585200,0.687144,0.494058,0.030233
eegnet,cross_session,sub-012,,ses-05,ses-02,0,,66,17,91,1,0.439560,0.436715,0.397664,0.400483,0.822163,0.539330,0.131924
eegnet,cross_session,sub-012,,ses-05,ses-03,0,,66,17,97,1,0.505155,0.507866,0.469945,0.483844,0.702564,0.509290,0.088499
eegnet,cross_session,sub-012,,ses-05,ses-04,0,,66,17,87,1,0.436782,0.440476,0.431979,0.434392,0.890973,0.544605,0.120136
eegnet,cross_session,sub-013,,ses-01,ses-02,0,,80,20,94,20,0.585106,0.586621,0.585059,0.591383,1.432694,0.645308,0.275191
eegnet,cross_session,sub-013,,ses-01,ses-03,0,,80,20,100,20,0.870000,0.870000,0.869883,0.929600,0.351688,0.212330,0.058023
eegnet,cross_session,sub-013,,ses-01,ses-04,0,,80,20,95,20,0.589474,0.590062,0.589474,0.615794,1.020000,0.544061,0.176423
eegnet,cross_session,sub-013,,ses-01,ses-05,0,,80,20,100,20,0.600000,0.600000,0.571000,0.708400,0.818461,0.534188,0.200156
eegnet,cross_session,sub-013,,ses-02,ses-01,0,,75,19,100,1,0.620000,0.620000,0.587674,0.628400,0.677071,0.484072,0.097630
eegnet,cross_session,sub-013,,ses-02,ses-03,0,,75,19,100,1,0.620000,0.620000,0.616162,0.716000,0.648869,0.456263,0.119072
eegnet,cross_session,sub-013,,ses-02,ses-04,0,,75,19,95,1,0.547368,0.547915,0.547368,0.539485,0.690232,0.497142,0.047639
eegnet,cross_session,sub-013,,ses-02,ses-05,0,,75,19,100,1,0.750000,0.750000,0.747958,0.831200,0.657813,0.464813,0.222893
eegnet,cross_session,sub-013,,ses-03,ses-01,0,,80,20,100,8,0.740000,0.740000,0.736201,0.850000,0.541181,0.354835,0.101305
eegnet,cross_session,sub-013,,ses-03,ses-02,0,,80,20,94,8,0.563830,0.567120,0.562592,0.613152,1.451500,0.675260,0.323212
eegnet,cross_session,sub-013,,ses-03,ses-04,0,,80,20,95,8,0.631579,0.630878,0.630925,0.701420,0.655005,0.445449,0.051725
eegnet,cross_session,sub-013,,ses-03,ses-05,0,,80,20,100,8,0.570000,0.570000,0.536188,0.716000,0.722303,0.507051,0.216708
eegnet,cross_session,sub-013,,ses-04,ses-01,0,,76,19,100,2,0.590000,0.590000,0.539895,0.717600,0.641165,0.451867,0.084234
eegnet,cross_session,sub-013,,ses-04,ses-02,0,,76,19,94,2,0.638298,0.631293,0.624530,0.631293,0.665104,0.473684,0.099752
eegnet,cross_session,sub-013,,ses-04,ses-03,0,,76,19,100,2,0.640000,0.640000,0.613900,0.773200,0.631106,0.440221,0.070292
eegnet,cross_session,sub-013,,ses-04,ses-05,0,,76,19,100,2,0.730000,0.730000,0.728670,0.797600,0.632187,0.440157,0.173272
eegnet,cross_session,sub-013,,ses-05,ses-01,0,,80,20,100,9,0.560000,0.560000,0.509804,0.653200,1.227276,0.668704,0.318141
eegnet,cross_session,sub-013,,ses-05,ses-02,0,,80,20,94,9,0.627660,0.626531,0.626603,0.651247,1.247697,0.630192,0.318440
eegnet,cross_session,sub-013,,ses-05,ses-03,0,,80,20,100,9,0.670000,0.670000,0.639699,0.840000,1.035824,0.525776,0.260796
eegnet,cross_session,sub-013,,ses-05,ses-04,0,,80,20,95,9,0.589474,0.592059,0.587830,0.640639,0.934404,0.567530,0.203496
eegnet,cross_session,sub-014,,ses-01,ses-02,0,,80,20,95,3,0.473684,0.473183,0.472222,0.465426,0.730373,0.534699,0.100173
eegnet,cross_session,sub-014,,ses-01,ses-03,0,,80,20,92,3,0.521739,0.518272,0.518095,0.493118,0.714161,0.519946,0.102461
eegnet,cross_session,sub-014,,ses-01,ses-04,0,,80,20,92,3,0.510870,0.506619,0.489078,0.549882,0.694919,0.501627,0.031100
eegnet,cross_session,sub-014,,ses-01,ses-05,0,,80,20,100,3,0.520000,0.520000,0.507389,0.522000,0.698240,0.506057,0.059782
eegnet,cross_session,sub-014,,ses-02,ses-01,0,,76,19,100,5,0.540000,0.540000,0.538338,0.539200,0.762886,0.552252,0.183631
eegnet,cross_session,sub-014,,ses-02,ses-03,0,,76,19,92,5,0.554348,0.554580,0.553873,0.579022,0.692403,0.498549,0.112012
eegnet,cross_session,sub-014,,ses-02,ses-04,0,,76,19,92,5,0.554348,0.556265,0.551753,0.546572,0.686659,0.494151,0.039469
eegnet,cross_session,sub-014,,ses-02,ses-05,0,,76,19,100,5,0.530000,0.530000,0.528822,0.539600,0.738972,0.536755,0.117083
eegnet,cross_session,sub-014,,ses-03,ses-01,0,,73,19,100,4,0.500000,0.500000,0.494949,0.493600,0.718022,0.524844,0.123690
eegnet,cross_session,sub-014,,ses-03,ses-02,0,,73,19,95,4,0.547368,0.548759,0.540029,0.535904,0.728323,0.527250,0.104160
eegnet,cross_session,sub-014,,ses-03,ses-04,0,,73,19,92,4,0.630435,0.626478,0.615725,0.590071,0.684143,0.491053,0.108288
eegnet,cross_session,sub-014,,ses-03,ses-05,0,,73,19,100,4,0.650000,0.650000,0.649685,0.678800,0.655718,0.455058,0.084465
eegnet,cross_session,sub-014,,ses-04,ses-01,0,,73,19,100,1,0.540000,0.540000,0.524597,0.550800,0.689013,0.497363,0.056319
eegnet,cross_session,sub-014,,ses-04,ses-02,0,,73,19,95,1,0.536842,0.539894,0.496143,0.507979,0.741646,0.531074,0.086094
eegnet,cross_session,sub-014,,ses-04,ses-03,0,,73,19,92,1,0.456522,0.467015,0.447115,0.517323,0.714787,0.520245,0.125887
eegnet,cross_session,sub-014,,ses-04,ses-05,0,,73,19,100,1,0.450000,0.450000,0.449945,0.450800,0.726718,0.529338,0.110199
eegnet,cross_session,sub-014,,ses-05,ses-01,0,,80,20,100,12,0.580000,0.580000,0.577295,0.594000,0.764687,0.548881,0.153415
eegnet,cross_session,sub-014,,ses-05,ses-02,0,,80,20,95,12,0.484211,0.484929,0.482145,0.464982,0.948522,0.668348,0.281054
eegnet,cross_session,sub-014,,ses-05,ses-03,0,,80,20,92,12,0.619565,0.617228,0.617350,0.665401,0.779198,0.507296,0.166701
eegnet,cross_session,sub-014,,ses-05,ses-04,0,,80,20,92,12,0.521739,0.519622,0.516021,0.482742,0.775440,0.562799,0.131968
eegnet,cross_session,sub-015,,ses-01,ses-02,0,,80,20,95,5,0.515789,0.516844,0.511404,0.474734,0.726522,0.531659,0.137125
eegnet,cross_session,sub-015,,ses-01,ses-03,0,,80,20,85,5,0.494118,0.511148,0.480011,0.534002,0.698996,0.505940,0.083115
eegnet,cross_session,sub-015,,ses-01,ses-04,0,,80,20,95,5,0.515789,0.516844,0.511404,0.474734,0.726522,0.531659,0.137125
eegnet,cross_session,sub-015,,ses-01,ses-05,0,,80,20,98,5,0.489796,0.487083,0.479167,0.452500,0.735007,0.537801,0.103419
eegnet,cross_session,sub-015,,ses-02,ses-01,0,,76,19,100,6,0.530000,0.530000,0.503748,0.556400,0.803781,0.567993,0.165196
eegnet,cross_session,sub-015,,ses-02,ses-03,0,,76,19,85,6,0.447059,0.434504,0.426747,0.425864,0.764479,0.565481,0.177698
eegnet,cross_session,sub-015,,ses-02,ses-04,0,,76,19,95,6,0.768421,0.768617,0.768395,0.857270,0.505926,0.330024,0.135358
eegnet,cross_session,sub-015,,ses-02,ses-05,0,,76,19,98,6,0.438776,0.432083,0.366999,0.492500,0.799014,0.569858,0.228815
eegnet,cross_session,sub-015,,ses-03,ses-01,0,,68,17,100,1,0.520000,0.520000,0.500000,0.559600,0.691863,0.498616,0.027640
eegnet,cross_session,sub-015,,ses-03,ses-02,0,,68,17,95,1,0.421053,0.421099,0.421053,0.362589,0.722958,0.529410,0.117840
eegnet,cross_session,sub-015,,ses-03,ses-04,0,,68,17,95,1,0.421053,0.421099,0.421053,0.362589,0.722958,0.529410,0.117840
eegnet,cross_session,sub-015,,ses-03,ses-05,0,,68,17,98,1,0.479592,0.474583,0.443368,0.484167,0.697870,0.504710,0.061085
eegnet,cross_session,sub-015,,ses-04,ses-01,0,,76,19,100,6,0.530000,0.530000,0.503748,0.556400,0.803781,0.567993,0.165196
eegnet,cross_session,sub-015,,ses-04,ses-02,0,,76,19,95,6,0.768421,0.768617,0.768395,0.857270,0.505926,0.330024,0.135358
eegnet,cross_session,sub-015,,ses-04,ses-03,0,,76,19,85,6,0.447059,0.434504,0.426747,0.425864,0.764479,0.565481,0.177698
eegnet,cross_session,sub-015,,ses-04,ses-05,0,,76,19,98,6,0.438776,0.432083,0.366999,0.492500,0.799014,0.569858,0.228815
eegnet,cross_session,sub-015,,ses-05,ses-01,0,,78,20,100,2,0.530000,0.530000,0.527686,0.530000,0.691425,0.498480,0.125269
eegnet,cross_session,sub-015,,ses-05,ses-02,0,,78,20,95,2,0.389474,0.389406,0.389406,0.328901,0.748898,0.554793,0.193144
eegnet,cross_session,sub-015,,ses-05,ses-03,0,,78,20,85,2,0.541176,0.548774,0.540158,0.590301,0.684970,0.491667,0.051087
eegnet,cross_session,sub-015,,ses-05,ses-04,0,,78,20,95,2,0.389474,0.389406,0.389406,0.328901,0.748898,0.554793,0.193144
eegnet,cross_session,sub-016,,ses-01,ses-02,0,,80,20,100,1,0.460000,0.460000,0.441918,0.466800,0.699068,0.505888,0.069123
eegnet,cross_session,sub-016,,ses-01,ses-03,0,,80,20,100,1,0.550000,0.550000,0.547784,0.596000,0.672893,0.481963,0.031800
eegnet,cross_session,sub-016,,ses-01,ses-04,0,,80,20,95,1,0.557895,0.557624,0.557453,0.590426,0.684901,0.491807,0.032784
eegnet,cross_session,sub-016,,ses-01,ses-05,0,,80,20,91,1,0.461538,0.469294,0.434209,0.468569,0.807518,0.587012,0.175260
eegnet,cross_session,sub-016,,ses-02,ses-01,0,,80,20,100,2,0.470000,0.470000,0.460889,0.475200,0.720507,0.526633,0.131406
eegnet,cross_session,sub-016,,ses-02,ses-03,0,,80,20,100,2,0.520000,0.520000,0.507389,0.493200,0.706376,0.513975,0.120990
eegnet,cross_session,sub-016,,ses-02,ses-04,0,,80,20,95,2,0.515789,0.514184,0.503409,0.544770,0.695236,0.501809,0.094166
eegnet,cross_session,sub-016,,ses-02,ses-05,0,,80,20,91,2,0.461538,0.467118,0.448485,0.487427,0.826916,0.588068,0.190375
eegnet,cross_session,sub-016,,ses-03,ses-01,0,,80,20,100,6,0.480000,0.480000,0.476651,0.510000,0.778597,0.555097,0.157407
eegnet,cross_session,sub-016,,ses-03,ses-02,0,,80,20,100,6,0.510000,0.510000,0.503998,0.570400,0.705692,0.508428,0.113179
eegnet,cross_session,sub-016,,ses-03,ses-04,0,,80,20,95,6,0.557895,0.558954,0.553891,0.641844,0.688819,0.481549,0.124515
eegnet,cross_session,sub-016,,ses-03,ses-05,0,,80,20,91,6,0.505495,0.519101,0.413744,0.548598,1.763625,0.784358,0.359728
eegnet,cross_session,sub-016,,ses-04,ses-01,0,,76,19,100,4,0.560000,0.560000,0.555556,0.578400,0.688554,0.495344,0.067879
eegnet,cross_session,sub-016,,ses-04,ses-02,0,,76,19,100,4,0.510000,0.510000,0.508772,0.495200,0.721027,0.522505,0.118601
eegnet,cross_session,sub-016,,ses-04,ses-03,0,,76,19,100,4,0.560000,0.560000,0.553571,0.666000,0.643491,0.454825,0.077679
eegnet,cross_session,sub-016,,ses-04,ses-05,0,,76,19,91,4,0.461538,0.462041,0.461538,0.481141,0.902781,0.603405,0.247811
eegnet,cross_session,sub-016,,ses-05,ses-01,0,,72,19,100,1,0.450000,0.450000,0.406752,0.428800,0.697658,0.504501,0.061014
eegnet,cross_session,sub-016,,ses-05,ses-02,0,,72,19,100,1,0.480000,0.480000,0.474747,0.503600,0.694180,0.501028,0.028034
eegnet,cross_session,sub-016,,ses-05,ses-03,0,,72,19,100,1,0.550000,0.550000,0.536608,0.622400,0.681303,0.489972,0.035169
eegnet,cross_session,sub-016,,ses-05,ses-04,0,,72,19,95,1,0.568421,0.568706,0.568230,0.555408,0.691438,0.498292,0.058484
eegnet,cross_session,sub-017,,ses-01,ses-02,0,,80,20,100,39,0.460000,0.460000,0.441918,0.440000,2.970502,0.919158,0.450480
eegnet,cross_session,sub-017,,ses-01,ses-03,0,,80,20,98,39,0.561224,0.554167,0.497076,0.550208,6.569503,0.849867,0.432711
eegnet,cross_session,sub-017,,ses-01,ses-04,0,,80,20,100,39,0.490000,0.490000,0.485835,0.458000,3.515286,0.912941,0.452321
eegnet,cross_session,sub-017,,ses-01,ses-05,0,,80,20,95,39,0.452632,0.452571,0.452571,0.439051,7.566826,1.060947,0.522788
eegnet,cross_session,sub-017,,ses-02,ses-01,0,,80,20,100,1,0.490000,0.490000,0.483753,0.503200,0.695903,0.502718,0.029797
eegnet,cross_session,sub-017,,ses-02,ses-03,0,,80,20,98,1,0.500000,0.493750,0.444406,0.512083,0.728082,0.529597,0.112021
eegnet,cross_session,sub-017,,ses-02,ses-04,0,,80,20,100,1,0.450000,0.450000,0.443263,0.412800,0.721250,0.527381,0.094711
eegnet,cross_session,sub-017,,ses-02,ses-05,0,,80,20,95,1,0.515789,0.512855,0.473240,0.587323,0.691449,0.499141,0.106888
eegnet,cross_session,sub-017,,ses-03,ses-01,0,,78,20,100,2,0.490000,0.490000,0.360502,0.558800,0.691659,0.498517,0.062462
eegnet,cross_session,sub-017,,ses-03,ses-02,0,,78,20,100,2,0.480000,0.480000,0.420677,0.493200,0.695811,0.502692,0.054546
eegnet,cross_session,sub-017,,ses-03,ses-04,0,,78,20,100,2,0.470000,0.470000,0.396011,0.446400,0.709879,0.516463,0.074870
eegnet,cross_session,sub-017,,ses-03,ses-05,0,,78,20,95,2,0.568421,0.567154,0.561423,0.536348,0.687111,0.494302,0.062984
eegnet,cross_session,sub-017,,ses-04,ses-01,0,,80,20,100,1,0.560000,0.560000,0.551204,0.626000,0.687413,0.494269,0.047498
eegnet,cross_session,sub-017,,ses-04,ses-02,0,,80,20,100,1,0.450000,0.450000,0.440545,0.452400,0.701101,0.507925,0.084527
eegnet,cross_session,sub-017,,ses-04,ses-03,0,,80,20,98,1,0.540816,0.535000,0.496748,0.501667,0.707912,0.513946,0.071691
eegnet,cross_session,sub-017,,ses-04,ses-05,0,,80,20,95,1,0.536842,0.534353,0.508004,0.551418,0.689863,0.497612,0.094075
eegnet,cross_session,sub-017,,ses-05,ses-01,0,,76,19,100,7,0.500000,0.500000,0.333333,0.528000,0.725476,0.530098,0.118159
eegnet,cross_session,sub-017,,ses-05,ses-02,0,,76,19,100,7,0.490000,0.490000,0.409107,0.439600,0.732227,0.537337,0.124532
eegnet,cross_session,sub-017,,ses-05,ses-03,0,,76,19,98,7,0.540816,0.536250,0.514050,0.474167,0.842938,0.611556,0.232954
eegnet,cross_session,sub-017,,ses-05,ses-04,0,,76,19,100,7,0.460000,0.460000,0.458049,0.430000,0.763723,0.565197,0.167881
eegnet,cross_session,sub-018,,ses-01,ses-02,0,,75,19,100,1,0.480000,0.480000,0.453552,0.491200,0.720533,0.525723,0.120292
eegnet,cross_session,sub-018,,ses-01,ses-03,0,,75,19,100,1,0.540000,0.540000,0.441476,0.429600,0.733913,0.538570,0.195617
eegnet,cross_session,sub-018,,ses-01,ses-04,0,,75,19,100,1,0.550000,0.550000,0.495006,0.494400,0.703286,0.509185,0.070500
eegnet,cross_session,sub-018,,ses-01,ses-05,0,,75,19,100,1,0.520000,0.520000,0.503927,0.552000,0.683393,0.492606,0.060478
eegnet,cross_session,sub-018,,ses-02,ses-01,0,,80,20,94,7,0.521277,0.515851,0.484837,0.569293,0.685627,0.493128,0.059277
eegnet,cross_session,sub-018,,ses-02,ses-03,0,,80,20,100,7,0.490000,0.490000,0.489541,0.483200,0.763108,0.562415,0.156430
eegnet,cross_session,sub-018,,ses-02,ses-04,0,,80,20,100,7,0.540000,0.540000,0.539263,0.558000,0.723206,0.512167,0.067886
eegnet,cross_session,sub-018,,ses-02,ses-05,0,,80,20,100,7,0.610000,0.610000,0.609961,0.606000,0.686135,0.491451,0.084949
eegnet,cross_session,sub-018,,ses-03,ses-01,0,,80,20,94,13,0.500000,0.501812,0.497212,0.502717,0.798300,0.582763,0.164728
eegnet,cross_session,sub-018,,ses-03,ses-02,0,,80,20,100,13,0.540000,0.540000,0.530804,0.578000,1.141309,0.657134,0.283312
eegnet,cross_session,sub-018,,ses-03,ses-04,0,,80,20,100,13,0.580000,0.580000,0.575758,0.581200,0.880795,0.572465,0.158386
eegnet,cross_session,sub-018,,ses-03,ses-05,0,,80,20,100,13,0.450000,0.450000,0.424626,0.378400,1.704513,0.833414,0.369505
eegnet,cross_session,sub-018,,ses-04,ses-01,0,,80,20,94,2,0.404255,0.403533,0.403175,0.417572,0.708685,0.515643,0.155080
eegnet,cross_session,sub-018,,ses-04,ses-02,0,,80,20,100,2,0.590000,0.590000,0.562667,0.675600,0.657502,0.465650,0.064037
eegnet,cross_session,sub-018,,ses-04,ses-03,0,,80,20,100,2,0.580000,0.580000,0.578483,0.645200,0.662366,0.470636,0.059603
eegnet,cross_session,sub-018,,ses-04,ses-05,0,,80,20,100,2,0.520000,0.520000,0.507389,0.493200,0.706376,0.513975,0.120990
eegnet,cross_session,sub-018,,ses-05,ses-01,0,,80,20,94,6,0.531915,0.522645,0.415158,0.498188,0.733948,0.536982,0.124713
eegnet,cross_session,sub-018,,ses-05,ses-02,0,,80,20,100,6,0.620000,0.620000,0.592450,0.631200,0.763193,0.526305,0.165366
eegnet,cross_session,sub-018,,ses-05,ses-03,0,,80,20,100,6,0.510000,0.510000,0.491649,0.474400,0.821432,0.597990,0.206981
eegnet,cross_session,sub-018,,ses-05,ses-04,0,,80,20,100,6,0.510000,0.510000,0.503998,0.570400,0.705692,0.508428,0.113179
eegnet,cross_session,sub-019,,ses-01,ses-02,0,,76,19,95,2,0.547368,0.549202,0.534154,0.507535,0.694810,0.501652,0.065677
eegnet,cross_session,sub-019,,ses-01,ses-03,0,,76,19,94,2,0.478723,0.482766,0.475817,0.501134,0.700917,0.507672,0.080768
eegnet,cross_session,sub-019,,ses-01,ses-04,0,,76,19,92,2,0.543478,0.551300,0.480645,0.552246,0.689422,0.496285,0.025543
eegnet,cross_session,sub-019,,ses-01,ses-05,0,,76,19,93,2,0.559140,0.549165,0.537762,0.518089,0.697295,0.503860,0.115224
eegnet,cross_session,sub-019,,ses-02,ses-01,0,,76,19,95,4,0.410526,0.411269,0.410461,0.447205,0.816168,0.591476,0.224670
eegnet,cross_session,sub-019,,ses-02,ses-03,0,,76,19,94,4,0.531915,0.534694,0.531066,0.532426,0.764805,0.551756,0.138047
eegnet,cross_session,sub-019,,ses-02,ses-04,0,,76,19,92,4,0.532609,0.536407,0.519845,0.587234,0.686230,0.492936,0.049160
eegnet,cross_session,sub-019,,ses-02,ses-05,0,,76,19,93,4,0.537634,0.527597,0.515214,0.533859,0.761978,0.550058,0.161797
eegnet,cross_session,sub-019,,ses-03,ses-01,0,,75,19,95,11,0.547368,0.547915,0.547368,0.593168,0.881323,0.556966,0.176967
eegnet,cross_session,sub-019,,ses-03,ses-02,0,,75,19,95,11,0.515789,0.516179,0.515306,0.558067,0.768480,0.550609,0.166568
eegnet,cross_session,sub-019,,ses-03,ses-04,0,,75,19,92,11,0.532609,0.533097,0.532553,0.547045,0.750383,0.540110,0.139834
eegnet,cross_session,sub-019,,ses-03,ses-05,0,,75,19,93,11,0.655914,0.663033,0.652661,0.781076,0.671847,0.437482,0.150021
eegnet,cross_session,sub-019,,ses-04,ses-01,0,,73,19,95,1,0.526316,0.514197,0.436090,0.521739,0.750854,0.546581,0.137090
eegnet,cross_session,sub-019,,ses-04,ses-02,0,,73,19,95,1,0.494737,0.492686,0.473684,0.493351,0.699013,0.506072,0.073252
eegnet,cross_session,sub-019,,ses-04,ses-03,0,,73,19,94,1,0.521277,0.530839,0.500885,0.453515,0.774115,0.562633,0.177104
eegnet,cross_session,sub-019,,ses-04,ses-05,0,,73,19,93,1,0.516129,0.490955,0.359406,0.472635,0.904812,0.652691,0.272946
eegnet,cross_session,sub-019,,ses-05,ses-01,0,,74,19,95,15,0.536842,0.535714,0.535556,0.602484,0.745230,0.535500,0.215149
eegnet,cross_session,sub-019,,ses-05,ses-02,0,,74,19,95,15,0.578947,0.581339,0.557316,0.631649,0.727444,0.519895,0.124414
eegnet,cross_session,sub-019,,ses-05,ses-03,0,,74,19,94,15,0.872340,0.873016,0.872283,0.884807,0.445196,0.274840,0.142858
eegnet,cross_session,sub-019,,ses-05,ses-04,0,,74,19,92,15,0.565217,0.573050,0.505376,0.615603,0.776818,0.547720,0.207867
eegnet,cross_session,sub-020,,ses-01,ses-02,0,,71,18,100,19,0.320000,0.320000,0.313131,0.312800,1.088853,0.764764,0.385836
eegnet,cross_session,sub-020,,ses-01,ses-03,0,,71,18,100,19,0.520000,0.520000,0.515152,0.508800,0.854825,0.599561,0.185836
eegnet,cross_session,sub-020,,ses-01,ses-04,0,,71,18,100,19,0.960000,0.960000,0.959984,0.996000,0.199971,0.090576,0.123518
eegnet,cross_session,sub-020,,ses-01,ses-05,0,,71,18,100,19,0.560000,0.560000,0.465760,0.667600,1.101375,0.700211,0.335151
eegnet,cross_session,sub-020,,ses-02,ses-01,0,,80,20,89,98,0.157303,0.157071,0.156878,0.075758,3.624779,1.464792,0.729946
eegnet,cross_session,sub-020,,ses-02,ses-03,0,,80,20,100,98,0.480000,0.480000,0.480000,0.470800,5.829895,1.039774,0.519745
eegnet,cross_session,sub-020,,ses-02,ses-04,0,,80,20,100,98,0.500000,0.500000,0.333333,0.480800,2.108773,0.945970,0.472378
eegnet,cross_session,sub-020,,ses-02,ses-05,0,,80,20,100,98,0.420000,0.420000,0.322113,0.146800,1.523680,0.937927,0.420106
eegnet,cross_session,sub-020,,ses-03,ses-01,0,,80,20,89,1,0.460674,0.458586,0.440252,0.401010,0.719487,0.526444,0.100920
eegnet,cross_session,sub-020,,ses-03,ses-02,0,,80,20,100,1,0.330000,0.330000,0.328321,0.294400,0.723837,0.530459,0.221699
eegnet,cross_session,sub-020,,ses-03,ses-04,0,,80,20,100,1,0.530000,0.530000,0.524243,0.530800,0.692438,0.499283,0.019529
eegnet,cross_session,sub-020,,ses-03,ses-05,0,,80,20,100,1,0.480000,0.480000,0.355159,0.417200,0.706063,0.512811,0.105512
eegnet,cross_session,sub-020,,ses-04,ses-01,0,,80,20,89,99,0.741573,0.742424,0.740393,0.836364,1.327355,0.431270,0.227362
eegnet,cross_session,sub-020,,ses-04,ses-02,0,,80,20,100,99,0.970000,0.970000,0.969997,0.999200,0.064724,0.038409,0.022855
eegnet,cross_session,sub-020,,ses-04,ses-03,0,,80,20,100,99,0.450000,0.450000,0.449945,0.469800,8.115122,1.077329,0.542855
eegnet,cross_session,sub-020,,ses-04,ses-05,0,,80,20,100,99,1.000000,1.000000,1.000000,1.000000,0.009436,0.002779,0.008601
eegnet,cross_session,sub-020,,ses-05,ses-01,0,,80,20,89,11,0.674157,0.672980,0.669991,0.734848,0.853993,0.464269,0.185515
eegnet,cross_session,sub-020,,ses-05,ses-02,0,,80,20,100,11,0.990000,0.990000,0.989999,0.996400,0.069685,0.021662,0.010638
eegnet,cross_session,sub-020,,ses-05,ses-03,0,,80,20,100,11,0.470000,0.470000,0.469947,0.477600,3.592102,1.042776,0.524508
eegnet,cross_session,sub-020,,ses-05,ses-04,0,,80,20,100,11,0.950000,0.950000,0.949875,1.000000,0.137062,0.073815,0.064068
eegnet,cross_session,sub-021,,ses-01,ses-02,0,,75,19,99,5,0.595960,0.596122,0.595918,0.620000,0.838062,0.562291,0.218858
eegnet,cross_session,sub-021,,ses-01,ses-03,0,,75,19,93,5,0.666667,0.666512,0.666512,0.721092,0.615152,0.426788,0.100924
eegnet,cross_session,sub-021,,ses-01,ses-04,0,,75,19,100,5,0.590000,0.590000,0.552353,0.710800,0.786531,0.495594,0.175885
eegnet,cross_session,sub-021,,ses-01,ses-05,0,,75,19,96,5,0.572917,0.575554,0.567235,0.666956,0.702923,0.482921,0.127800
eegnet,cross_session,sub-021,,ses-02,ses-01,0,,79,20,94,5,0.659574,0.659574,0.658182,0.691263,0.651128,0.454265,0.124663
eegnet,cross_session,sub-021,,ses-02,ses-03,0,,79,20,93,5,0.602151,0.601295,0.599185,0.647549,0.670194,0.477283,0.088806
eegnet,cross_session,sub-021,,ses-02,ses-04,0,,79,20,100,5,0.610000,0.610000,0.609961,0.582400,0.761950,0.535662,0.158209
eegnet,cross_session,sub-021,,ses-02,ses-05,0,,79,20,96,5,0.520833,0.521494,0.520625,0.547981,0.691577,0.498386,0.044239
eegnet,cross_session,sub-021,,ses-03,ses-01,0,,74,19,94,13,0.638298,0.638298,0.634158,0.638298,1.456005,0.649721,0.293798
eegnet,cross_session,sub-021,,ses-03,ses-02,0,,74,19,99,13,0.616162,0.616939,0.614233,0.643673,1.603135,0.624932,0.283601
eegnet,cross_session,sub-021,,ses-03,ses-04,0,,74,19,100,13,0.490000,0.490000,0.435778,0.573600,4.748960,0.916315,0.458210
eegnet,cross_session,sub-021,,ses-03,ses-05,0,,74,19,96,13,0.656250,0.656752,0.656213,0.680851,1.053849,0.579867,0.258098
eegnet,cross_session,sub-021,,ses-04,ses-01,0,,80,20,94,9,0.776596,0.776596,0.773494,0.877320,0.527616,0.305552,0.123070
eegnet,cross_session,sub-021,,ses-04,ses-02,0,,80,20,99,9,0.616162,0.615306,0.612963,0.681633,0.902783,0.529152,0.202531
eegnet,cross_session,sub-021,,ses-04,ses-03,0,,80,20,93,9,0.763441,0.762488,0.761204,0.866790,0.513356,0.332935,0.070712
eegnet,cross_session,sub-021,,ses-04,ses-05,0,,80,20,96,9,0.854167,0.855406,0.853913,0.931828,0.351960,0.223604,0.102823
eegnet,cross_session,sub-021,,ses-05,ses-01,0,,76,20,94,6,0.648936,0.648936,0.644062,0.690358,0.927732,0.531314,0.221689
eegnet,cross_session,sub-021,,ses-05,ses-02,0,,76,20,99,6,0.555556,0.555918,0.555147,0.576735,0.963650,0.626086,0.277733
eegnet,cross_session,sub-021,,ses-05,ses-03,0,,76,20,93,6,0.795699,0.794866,0.794176,0.875116,0.467630,0.306278,0.099964
eegnet,cross_session,sub-021,,ses-05,ses-04,0,,76,20,100,6,0.490000,0.490000,0.328859,0.604000,2.752522,0.908737,0.455892
eegnet,cross_session,sub-022,,ses-01,ses-02,0,,69,18,100,1,0.480000,0.480000,0.428571,0.505200,0.696529,0.503357,0.044351
eegnet,cross_session,sub-022,,ses-01,ses-03,0,,69,18,100,1,0.510000,0.510000,0.508772,0.538400,0.689462,0.496343,0.061943
eegnet,cross_session,sub-022,,ses-01,ses-04,0,,69,18,100,1,0.410000,0.410000,0.337897,0.476000,0.701282,0.508039,0.126625
eegnet,cross_session,sub-022,,ses-01,ses-05,0,,69,18,93,1,0.559140,0.562500,0.555853,0.587500,0.688654,0.495429,0.048234
eegnet,cross_session,sub-022,,ses-02,ses-01,0,,80,20,87,4,0.574713,0.574524,0.574488,0.605180,0.678274,0.484796,0.071981
eegnet,cross_session,sub-022,,ses-02,ses-03,0,,80,20,100,4,0.540000,0.540000,0.527915,0.577600,0.710797,0.512938,0.075692
eegnet,cross_session,sub-022,,ses-02,ses-04,0,,80,20,100,4,0.650000,0.650000,0.639584,0.688800,0.660530,0.462743,0.072663
eegnet,cross_session,sub-022,,ses-02,ses-05,0,,80,20,93,4,0.623656,0.625000,0.623482,0.650926,0.738931,0.505919,0.146788
eegnet,cross_session,sub-022,,ses-03,ses-01,0,,80,20,87,1,0.413793,0.417019,0.365508,0.428647,0.698998,0.505821,0.108224
eegnet,cross_session,sub-022,,ses-03,ses-02,0,,80,20,100,1,0.450000,0.450000,0.351339,0.360000,0.710099,0.516830,0.086534
eegnet,cross_session,sub-022,,ses-03,ses-04,0,,80,20,100,1,0.590000,0.590000,0.562667,0.631200,0.680233,0.487133,0.040747
eegnet,cross_session,sub-022,,ses-03,ses-05,0,,80,20,93,1,0.494624,0.499306,0.486067,0.505093,0.694781,0.501783,0.057207
eegnet,cross_session,sub-022,,ses-04,ses-01,0,,80,20,87,36,0.551724,0.553911,0.536032,0.553383,1.334366,0.709308,0.311094
eegnet,cross_session,sub-022,,ses-04,ses-02,0,,80,20,100,36,0.540000,0.540000,0.500868,0.638000,2.249393,0.816667,0.403083
eegnet,cross_session,sub-022,,ses-04,ses-03,0,,80,20,100,36,0.630000,0.630000,0.625468,0.623200,1.269458,0.597170,0.269533
eegnet,cross_session,sub-022,,ses-04,ses-05,0,,80,20,93,36,0.483871,0.488889,0.473585,0.570370,2.649629,0.858607,0.429202
eegnet,cross_session,sub-022,,ses-05,ses-01,0,,74,19,87,1,0.459770,0.462738,0.422865,0.521142,0.693352,0.500205,0.052457
eegnet,cross_session,sub-022,,ses-05,ses-02,0,,74,19,100,1,0.480000,0.480000,0.435764,0.459200,0.699130,0.505960,0.042943
eegnet,cross_session,sub-022,,ses-05,ses-03,0,,74,19,100,1,0.500000,0.500000,0.498193,0.500400,0.692943,0.499804,0.022900
eegnet,cross_session,sub-022,,ses-05,ses-04,0,,74,19,100,1,0.480000,0.480000,0.402574,0.628800,0.686562,0.493428,0.091437
eegnet,cross_session,sub-023,,ses-01,ses-02,0,,76,20,94,18,0.563830,0.557971,0.524608,0.700181,0.686316,0.487795,0.146074
eegnet,cross_session,sub-023,,ses-01,ses-03,0,,76,20,99,18,0.737374,0.738980,0.731203,0.788980,0.730846,0.412159,0.144652
eegnet,cross_session,sub-023,,ses-01,ses-04,0,,76,20,100,18,0.690000,0.690000,0.669333,0.828800,0.616362,0.420265,0.076673
eegnet,cross_session,sub-023,,ses-01,ses-05,0,,76,20,97,18,0.618557,0.620748,0.601621,0.743197,0.768028,0.490183,0.165843
eegnet,cross_session,sub-023,,ses-02,ses-01,0,,75,19,96,4,0.416667,0.416667,0.416413,0.540799,0.928052,0.658537,0.355513
eegnet,cross_session,sub-023,,ses-02,ses-03,0,,75,19,99,4,0.424242,0.423265,0.418307,0.492653,1.082291,0.693724,0.346089
eegnet,cross_session,sub-023,,ses-02,ses-04,0,,75,19,100,4,0.710000,0.710000,0.709273,0.799600,0.565209,0.380562,0.097889
eegnet,cross_session,sub-023,,ses-02,ses-05,0,,75,19,97,4,0.628866,0.629464,0.627877,0.648810,0.674927,0.477281,0.048405
eegnet,cross_session,sub-023,,ses-03,ses-01,0,,79,20,96,4,0.604167,0.604167,0.602614,0.649740,0.668116,0.476756,0.118631
eegnet,cross_session,sub-023,,ses-03,ses-02,0,,79,20,94,4,0.446809,0.451993,0.414751,0.386775,0.756180,0.559547,0.149091
eegnet,cross_session,sub-023,,ses-03,ses-04,0,,79,20,100,4,0.520000,0.520000,0.465241,0.614400,0.691874,0.496681,0.095693
eegnet,cross_session,sub-023,,ses-03,ses-05,0,,79,20,97,4,0.567010,0.566539,0.565857,0.577806,0.680102,0.489457,0.066955
eegnet,cross_session,sub-023,,ses-04,ses-01,0,,80,20,96,4,0.520833,0.520833,0.476281,0.590278,1.011172,0.632080,0.264376
eegnet,cross_session,sub-023,,ses-04,ses-02,0,,80,20,94,4,0.627660,0.629076,0.626603,0.679348,0.652391,0.456511,0.101556
eegnet,cross_session,sub-023,,ses-04,ses-03,0,,80,20,99,4,0.555556,0.554082,0.545113,0.649796,0.698750,0.498864,0.148166
eegnet,cross_session,sub-023,,ses-04,ses-05,0,,80,20,97,4,0.649485,0.650085,0.648551,0.605442,0.766009,0.528643,0.155693
eegnet,cross_session,sub-023,,ses-05,ses-01,0,,77,20,96,14,0.520833,0.520833,0.513228,0.550564,2.025047,0.798757,0.413054
eegnet,cross_session,sub-023,,ses-05,ses-02,0,,77,20,94,14,0.691489,0.692482,0.691175,0.729620,0.770604,0.472104,0.189451
eegnet,cross_session,sub-023,,ses-05,ses-03,0,,77,20,99,14,0.555556,0.554694,0.551852,0.583265,1.001782,0.614865,0.275385
eegnet,cross_session,sub-023,,ses-05,ses-04,0,,77,20,100,14,0.750000,0.750000,0.749975,0.826800,0.564111,0.354408,0.120899
eegnet,cross_session,sub-024,,ses-01,ses-02,0,,59,15,82,1,0.548780,0.549043,0.548176,0.556818,0.698315,0.504833,0.050627
eegnet,cross_session,sub-024,,ses-01,ses-03,0,,59,15,83,1,0.493976,0.493314,0.493314,0.475581,0.694185,0.501180,0.066306
eegnet,cross_session,sub-024,,ses-01,ses-04,0,,59,15,98,1,0.408163,0.412500,0.382442,0.419167,0.713748,0.520300,0.136127
eegnet,cross_session,sub-024,,ses-01,ses-05,0,,59,15,100,1,0.470000,0.470000,0.468672,0.439600,0.702089,0.508905,0.054063
eegnet,cross_session,sub-024,,ses-02,ses-01,0,,65,17,74,1,0.445946,0.456777,0.428302,0.456410,0.709044,0.515396,0.088036
eegnet,cross_session,sub-024,,ses-02,ses-03,0,,65,17,83,1,0.469880,0.474419,0.463572,0.531977,0.691129,0.498103,0.078901
eegnet,cross_session,sub-024,,ses-02,ses-04,0,,65,17,98,1,0.459184,0.461667,0.452283,0.451667,0.704195,0.510896,0.081232
eegnet,cross_session,sub-024,,ses-02,ses-05,0,,65,17,100,1,0.500000,0.500000,0.498193,0.489200,0.696374,0.503226,0.042121
eegnet,cross_session,sub-024,,ses-03,ses-01,0,,66,17,74,1,0.405405,0.408059,0.404971,0.402930,0.707065,0.513619,0.119071
eegnet,cross_session,sub-024,,ses-03,ses-02,0,,66,17,82,1,0.475610,0.470096,0.469216,0.459330,0.698641,0.505463,0.046168
eegnet,cross_session,sub-024,,ses-03,ses-04,0,,66,17,98,1,0.489796,0.493333,0.475824,0.477917,0.702785,0.509592,0.096374
eegnet,cross_session,sub-024,,ses-03,ses-05,0,,66,17,100,1,0.510000,0.510000,0.477333,0.507200,0.693926,0.500773,0.012832
eegnet,cross_session,sub-024,,ses-04,ses-01,0,,78,20,74,3,0.513514,0.517949,0.512088,0.440293,0.745543,0.545928,0.159947
eegnet,cross_session,sub-024,,ses-04,ses-02,0,,78,20,82,3,0.524390,0.504785,0.475652,0.558612,0.697611,0.503850,0.074259
eegnet,cross_session,sub-024,,ses-04,ses-03,0,,78,20,83,3,0.469880,0.477907,0.446667,0.543023,0.714605,0.520000,0.103284
eegnet,cross_session,sub-024,,ses-04,ses-05,0,,78,20,100,3,0.440000,0.440000,0.440000,0.391200,0.735510,0.541629,0.170573
eegnet,cross_session,sub-024,,ses-05,ses-01,0,,80,20,74,1,0.459459,0.465201,0.455882,0.419780,0.717133,0.523368,0.070432
eegnet,cross_session,sub-024,,ses-05,ses-02,0,,80,20,82,1,0.500000,0.492823,0.490837,0.527512,0.691179,0.498049,0.024480
eegnet,cross_session,sub-024,,ses-05,ses-03,0,,80,20,83,1,0.506024,0.511047,0.498748,0.536047,0.693471,0.500084,0.068251
eegnet,cross_session,sub-024,,ses-05,ses-04,0,,80,20,98,1,0.479592,0.482083,0.472952,0.455833,0.703414,0.510116,0.079535
eegnet,cross_session,sub-025,,ses-01,ses-02,0,,70,18,92,1,0.619565,0.617258,0.614048,0.600946,0.679974,0.486913,0.124832
eegnet,cross_session,sub-025,,ses-01,ses-03,0,,70,18,94,1,0.468085,0.465580,0.459273,0.494565,0.697517,0.504361,0.070780
eegnet,cross_session,sub-025,,ses-01,ses-04,0,,70,18,88,1,0.556818,0.562532,0.530056,0.545736,0.694221,0.500679,0.068612
eegnet,cross_session,sub-025,,ses-01,ses-05,0,,70,18,100,1,0.490000,0.490000,0.489949,0.492400,0.695155,0.502001,0.024843
eegnet,cross_session,sub-025,,ses-02,ses-01,0,,73,19,88,6,0.500000,0.504393,0.482906,0.500258,0.753387,0.550700,0.140218
eegnet,cross_session,sub-025,,ses-02,ses-03,0,,73,19,94,6,0.563830,0.564764,0.563385,0.552536,0.815677,0.574334,0.160117
eegnet,cross_session,sub-025,,ses-02,ses-04,0,,73,19,88,6,0.534091,0.536176,0.531124,0.532817,0.818372,0.577294,0.179391
eegnet,cross_session,sub-025,,ses-02,ses-05,0,,73,19,100,6,0.490000,0.490000,0.470899,0.487600,0.731802,0.535278,0.105333
eegnet,cross_session,sub-025,,ses-03,ses-01,0,,75,19,88,1,0.465909,0.464858,0.464179,0.504910,0.693123,0.499923,0.119648
eegnet,cross_session,sub-025,,ses-03,ses-02,0,,75,19,92,1,0.543478,0.543735,0.543478,0.605674,0.683194,0.490082,0.015111
eegnet,cross_session,sub-025,,ses-03,ses-04,0,,75,19,88,1,0.511364,0.514470,0.503608,0.517313,0.698671,0.505229,0.029847
eegnet,cross_session,sub-025,,ses-03,ses-05,0,,75,19,100,1,0.430000,0.430000,0.429487,0.394800,0.698057,0.504907,0.080259
eegnet,cross_session,sub-025,,ses-04,ses-01,0,,70,18,88,1,0.511364,0.512920,0.509781,0.501292,0.694964,0.501791,0.028724
eegnet,cross_session,sub-025,,ses-04,ses-02,0,,70,18,92,1,0.586957,0.587234,0.586957,0.603783,0.684717,0.491602,0.068268
eegnet,cross_session,sub-025,,ses-04,ses-03,0,,70,18,94,1,0.500000,0.499547,0.499490,0.514493,0.697051,0.503809,0.030137
eegnet,cross_session,sub-025,,ses-04,ses-05,0,,70,18,100,1,0.520000,0.520000,0.479167,0.476000,0.694539,0.501386,0.029408
eegnet,cross_session,sub-025,,ses-05,ses-01,0,,80,20,88,1,0.545455,0.544186,0.543332,0.551421,0.692393,0.499001,0.031778
eegnet,cross_session,sub-025,,ses-05,ses-02,0,,80,20,92,1,0.554348,0.550591,0.538593,0.567849,0.685174,0.492063,0.030688
eegnet,cross_session,sub-025,,ses-05,ses-03,0,,80,20,94,1,0.510638,0.507699,0.499537,0.511322,0.698719,0.505297,0.070626
eegnet,cross_session,sub-025,,ses-05,ses-04,0,,80,20,88,1,0.579545,0.583721,0.566964,0.522481,0.695994,0.502702,0.152141
eegnet,cross_session,sub-001,,ses-01,ses-02,1,,80,20,100,1,0.570000,0.570000,0.568922,0.590400,0.684885,0.491755,0.044747
eegnet,cross_session,sub-001,,ses-01,ses-03,1,,80,20,99,1,0.515152,0.515510,0.514706,0.504490,0.715175,0.513416,0.048502
eegnet,cross_session,sub-001,,ses-01,ses-04,1,,80,20,99,1,0.474747,0.475306,0.473404,0.433469,0.738554,0.541022,0.079826
eegnet,cross_session,sub-001,,ses-01,ses-05,1,,80,20,94,1,0.446809,0.445652,0.444545,0.477808,0.735754,0.534763,0.153616
eegnet,cross_session,sub-001,,ses-02,ses-01,1,,80,20,100,1,0.530000,0.530000,0.480031,0.452400,0.697510,0.504339,0.054751
eegnet,cross_session,sub-001,,ses-02,ses-03,1,,80,20,99,1,0.474747,0.474898,0.474694,0.500000,0.712543,0.511660,0.092406
eegnet,cross_session,sub-001,,ses-02,ses-04,1,,80,20,99,1,0.474747,0.474898,0.474694,0.485306,0.733082,0.533850,0.082279
eegnet,cross_session,sub-001,,ses-02,ses-05,1,,80,20,94,1,0.478723,0.478714,0.478664,0.536232,0.761824,0.527021,0.125277
eegnet,cross_session,sub-001,,ses-03,ses-01,1,,79,20,100,10,0.470000,0.470000,0.450150,0.484400,0.710612,0.516939,0.088080
eegnet,cross_session,sub-001,,ses-03,ses-02,1,,79,20,100,10,0.550000,0.550000,0.544488,0.598000,0.675592,0.483437,0.054815
eegnet,cross_session,sub-001,,ses-03,ses-04,1,,79,20,99,10,0.494949,0.494082,0.490741,0.541633,0.838984,0.539570,0.160729
eegnet,cross_session,sub-001,,ses-03,ses-05,1,,79,20,94,10,0.468085,0.465127,0.456019,0.458786,1.128933,0.640939,0.207266
eegnet,cross_session,sub-001,,ses-04,ses-01,1,,79,20,100,1,0.470000,0.470000,0.319728,0.441600,0.694912,0.501763,0.038246
eegnet,cross_session,sub-001,,ses-04,ses-02,1,,79,20,100,1,0.560000,0.560000,0.541667,0.598800,0.688730,0.495588,0.048630
eegnet,cross_session,sub-001,,ses-04,ses-03,1,,79,20,99,1,0.515152,0.515918,0.512715,0.510204,0.697730,0.504344,0.023001
eegnet,cross_session,sub-001,,ses-04,ses-05,1,,79,20,94,1,0.531915,0.528986,0.521296,0.557518,0.685351,0.492809,0.037567
eegnet,cross_session,sub-001,,ses-05,ses-01,1,,75,19,100,7,0.450000,0.450000,0.440545,0.396000,0.701337,0.508176,0.068028
eegnet,cross_session,sub-001,,ses-05,ses-02,1,,75,19,100,7,0.630000,0.630000,0.629073,0.644400,0.657054,0.466369,0.100541
eegnet,cross_session,sub-001,,ses-05,ses-03,1,,75,19,99,7,0.454545,0.454898,0.454044,0.480408,0.706152,0.512330,0.098011
eegnet,cross_session,sub-001,,ses-05,ses-04,1,,75,19,99,7,0.606061,0.605918,0.605900,0.618367,0.689802,0.493324,0.082818
eegnet,cross_session,sub-002,,ses-01,ses-02,1,,73,19,95,72,0.536842,0.536348,0.535556,0.504433,0.973629,0.642822,0.244961
eegnet,cross_session,sub-002,,ses-01,ses-03,1,,73,19,100,72,0.460000,0.456845,0.456522,0.464071,1.556210,0.806376,0.370906
eegnet,cross_session,sub-002,,ses-01,ses-04,1,,73,19,100,72,0.470000,0.470000,0.440397,0.494000,1.526276,0.790797,0.381241
eegnet,cross_session,sub-002,,ses-01,ses-05,1,,73,19,95,72,0.600000,0.601597,0.599601,0.613132,1.640285,0.671957,0.298085
eegnet,cross_session,sub-002,,ses-02,ses-01,1,,76,19,92,6,0.510870,0.510870,0.448221,0.483459,0.686536,0.495124,0.003018
eegnet,cross_session,sub-002,,ses-02,ses-03,1,,76,19,100,6,0.480000,0.494982,0.453552,0.519872,0.693302,0.500155,0.022638
eegnet,cross_session,sub-002,,ses-02,ses-04,1,,76,19,100,6,0.500000,0.500000,0.404762,0.486000,0.693388,0.500241,0.002912
eegnet,cross_session,sub-002,,ses-02,ses-05,1,,76,19,95,6,0.568421,0.574978,0.552350,0.600266,0.691592,0.498445,0.064047
eegnet,cross_session,sub-002,,ses-03,ses-01,1,,80,20,92,25,0.402174,0.402174,0.396397,0.445652,1.861667,0.799180,0.401306
eegnet,cross_session,sub-002,,ses-03,ses-02,1,,80,20,95,25,0.410526,0.410461,0.410461,0.418440,2.242677,0.825628,0.382620
eegnet,cross_session,sub-002,,ses-03,ses-04,1,,80,20,100,25,0.590000,0.590000,0.589959,0.558800,1.226513,0.681177,0.277447
eegnet,cross_session,sub-002,,ses-03,ses-05,1,,80,20,95,25,0.442105,0.443878,0.441114,0.443212,1.673787,0.829135,0.390875
eegnet,cross_session,sub-002,,ses-04,ses-01,1,,80,20,92,12,0.630435,0.630435,0.624038,0.597353,1.258015,0.600641,0.212664
eegnet,cross_session,sub-002,,ses-04,ses-02,1,,80,20,95,12,0.463158,0.462544,0.461008,0.419326,1.638013,0.823593,0.364597
eegnet,cross_session,sub-002,,ses-04,ses-03,1,,80,20,100,12,0.540000,0.532316,0.527915,0.622240,0.845834,0.586534,0.241397
eegnet,cross_session,sub-002,,ses-04,ses-05,1,,80,20,95,12,0.568421,0.569654,0.568230,0.600710,1.101407,0.663652,0.320793
eegnet,cross_session,sub-002,,ses-05,ses-01,1,,76,19,92,37,0.489130,0.489130,0.484194,0.467155,2.429615,0.806864,0.370070
eegnet,cross_session,sub-002,,ses-05,ses-02,1,,76,19,95,37,0.473684,0.473626,0.473626,0.493794,1.685435,0.769463,0.372032
eegnet,cross_session,sub-002,,ses-05,ses-03,1,,76,19,100,37,0.600000,0.598555,0.598555,0.628663,0.958381,0.588027,0.227274
eegnet,cross_session,sub-002,,ses-05,ses-04,1,,76,19,100,37,0.560000,0.560000,0.548440,0.562800,1.237368,0.659308,0.289729
eegnet,cross_session,sub-003,,ses-01,ses-02,1,,73,19,100,5,0.470000,0.470000,0.454227,0.516000,0.693948,0.500784,0.070083
eegnet,cross_session,sub-003,,ses-01,ses-03,1,,73,19,92,5,0.521739,0.523877,0.518095,0.556028,1.007914,0.525926,0.147121
eegnet,cross_session,sub-003,,ses-01,ses-04,1,,73,19,100,5,0.570000,0.570000,0.545982,0.562400,0.689380,0.496218,0.071622
eegnet,cross_session,sub-003,,ses-01,ses-05,1,,73,19,100,5,0.460000,0.460000,0.357143,0.429600,0.698381,0.505222,0.063040
eegnet,cross_session,sub-003,,ses-02,ses-01,1,,80,20,92,4,0.510870,0.513258,0.510349,0.473011,0.786777,0.556747,0.129934
eegnet,cross_session,sub-003,,ses-02,ses-03,1,,80,20,92,4,0.576087,0.572813,0.564510,0.541371,1.411951,0.581136,0.136738
eegnet,cross_session,sub-003,,ses-02,ses-04,1,,80,20,100,4,0.630000,0.630000,0.629667,0.656400,0.664124,0.471456,0.072641
eegnet,cross_session,sub-003,,ses-02,ses-05,1,,80,20,100,4,0.520000,0.520000,0.515152,0.521600,0.694341,0.501194,0.029855
eegnet,cross_session,sub-003,,ses-03,ses-01,1,,73,19,92,48,0.521739,0.526515,0.518095,0.580492,0.671764,0.480605,0.061931
eegnet,cross_session,sub-003,,ses-03,ses-02,1,,73,19,100,48,0.530000,0.530000,0.498667,0.525600,0.705761,0.511354,0.041578
eegnet,cross_session,sub-003,,ses-03,ses-04,1,,73,19,100,48,0.530000,0.530000,0.498667,0.660400,0.677369,0.484341,0.081863
eegnet,cross_session,sub-003,,ses-03,ses-05,1,,73,19,100,48,0.550000,0.550000,0.478624,0.570400,0.688536,0.495408,0.043354
eegnet,cross_session,sub-003,,ses-04,ses-01,1,,80,20,92,16,0.489130,0.486742,0.486156,0.511837,1.578614,0.740637,0.335791
eegnet,cross_session,sub-003,,ses-04,ses-02,1,,80,20,100,16,0.500000,0.500000,0.469440,0.532000,1.236800,0.721919,0.337500
eegnet,cross_session,sub-003,,ses-04,ses-03,1,,80,20,92,16,0.521739,0.524350,0.516021,0.505674,3.215414,0.862182,0.396275
eegnet,cross_session,sub-003,,ses-04,ses-05,1,,80,20,100,16,0.590000,0.590000,0.589959,0.641200,0.694730,0.486400,0.134159
eegnet,cross_session,sub-003,,ses-05,ses-01,1,,80,20,92,68,0.489130,0.489583,0.489070,0.432292,7.975630,1.034222,0.536519
eegnet,cross_session,sub-003,,ses-05,ses-02,1,,80,20,100,68,0.620000,0.620000,0.617552,0.567200,3.049451,0.718192,0.370806
eegnet,cross_session,sub-003,,ses-05,ses-03,1,,80,20,92,68,0.510870,0.512766,0.508021,0.543262,8.060080,0.960959,0.487336
eegnet,cross_session,sub-003,,ses-05,ses-04,1,,80,20,100,68,0.570000,0.570000,0.569957,0.575600,1.834264,0.732635,0.336331
eegnet,cross_session,sub-004,,ses-01,ses-02,1,,69,18,97,4,0.443299,0.438776,0.307143,0.439201,0.693474,0.500327,0.058161
eegnet,cross_session,sub-004,,ses-01,ses-03,1,,69,18,91,4,0.505495,0.490068,0.453782,0.471899,0.693103,0.499956,0.003590
eegnet,cross_session,sub-004,,ses-01,ses-04,1,,69,18,100,4,0.510000,0.510000,0.385580,0.467200,0.693257,0.500110,0.008590
eegnet,cross_session,sub-004,,ses-01,ses-05,1,,69,18,100,4,0.500000,0.500000,0.333333,0.470400,0.693176,0.500028,0.001186
eegnet,cross_session,sub-004,,ses-02,ses-01,1,,77,20,87,1,0.551724,0.549154,0.526712,0.503700,1.225018,0.551396,0.094201
eegnet,cross_session,sub-004,,ses-02,ses-03,1,,77,20,91,1,0.461538,0.455669,0.452009,0.442345,0.693235,0.502073,0.088990
eegnet,cross_session,sub-004,,ses-02,ses-04,1,,77,20,100,1,0.480000,0.480000,0.476651,0.440800,0.701771,0.508552,0.037503
eegnet,cross_session,sub-004,,ses-02,ses-05,1,,77,20,100,1,0.510000,0.510000,0.432279,0.527200,0.692606,0.499459,0.000521
eegnet,cross_session,sub-004,,ses-03,ses-01,1,,72,19,87,1,0.551724,0.552326,0.550775,0.497886,0.775448,0.520425,0.110363
eegnet,cross_session,sub-004,,ses-03,ses-02,1,,72,19,97,1,0.505155,0.508503,0.448864,0.484269,0.691890,0.498771,0.010450
eegnet,cross_session,sub-004,,ses-03,ses-04,1,,72,19,100,1,0.480000,0.480000,0.428571,0.442400,0.696845,0.503683,0.033819
eegnet,cross_session,sub-004,,ses-03,ses-05,1,,72,19,100,1,0.500000,0.500000,0.350312,0.548800,0.692446,0.499299,0.009761
eegnet,cross_session,sub-004,,ses-04,ses-01,1,,80,20,87,3,0.494253,0.493393,0.490957,0.513214,1.029402,0.532606,0.101258
eegnet,cross_session,sub-004,,ses-04,ses-02,1,,80,20,97,3,0.453608,0.454294,0.451510,0.400085,0.718276,0.524595,0.110325
eegnet,cross_session,sub-004,,ses-04,ses-03,1,,80,20,91,3,0.439560,0.439680,0.439290,0.418120,0.767886,0.567155,0.153770
eegnet,cross_session,sub-004,,ses-04,ses-05,1,,80,20,100,3,0.470000,0.470000,0.445549,0.442400,0.699382,0.506212,0.051546
eegnet,cross_session,sub-004,,ses-05,ses-01,1,,80,20,87,26,0.425287,0.421776,0.364035,0.394292,9.808769,1.095144,0.555706
eegnet,cross_session,sub-004,,ses-05,ses-02,1,,80,20,97,26,0.597938,0.596939,0.593619,0.620323,2.858720,0.755874,0.397134
eegnet,cross_session,sub-004,,ses-05,ses-03,1,,80,20,91,26,0.593407,0.581880,0.568167,0.554748,5.894928,0.775921,0.375121
eegnet,cross_session,sub-004,,ses-05,ses-04,1,,80,20,100,26,0.510000,0.510000,0.471470,0.477600,4.448516,0.932225,0.459405
eegnet,cross_session,sub-005,,ses-01,ses-02,1,,75,19,100,2,0.500000,0.500000,0.333333,0.510800,0.693797,0.500650,0.018158
eegnet,cross_session,sub-005,,ses-01,ses-03,1,,75,19,93,2,0.483871,0.489130,0.326087,0.465310,0.696265,0.503102,0.035229
eegnet,cross_session,sub-005,,ses-01,ses-04,1,,75,19,99,2,0.505051,0.500000,0.335570,0.536735,0.693349,0.500202,0.012926
eegnet,cross_session,sub-005,,ses-01,ses-05,1,,75,19,89,2,0.516854,0.500000,0.340741,0.535895,0.692259,0.499112,0.001108
eegnet,cross_session,sub-005,,ses-02,ses-01,1,,80,20,94,8,0.531915,0.520181,0.486339,0.492517,3.642798,0.848385,0.415430
eegnet,cross_session,sub-005,,ses-02,ses-03,1,,80,20,93,8,0.548387,0.549029,0.547078,0.569843,1.830115,0.696043,0.303785
eegnet,cross_session,sub-005,,ses-02,ses-04,1,,80,20,99,8,0.555556,0.556327,0.553322,0.535918,1.089922,0.654410,0.249602
eegnet,cross_session,sub-005,,ses-02,ses-05,1,,80,20,89,8,0.528090,0.531345,0.525152,0.523256,1.169574,0.717664,0.303814
eegnet,cross_session,sub-005,,ses-03,ses-01,1,,74,19,94,1,0.478723,0.477324,0.477244,0.452154,0.778582,0.529126,0.071427
eegnet,cross_session,sub-005,,ses-03,ses-02,1,,74,19,100,1,0.490000,0.490000,0.418803,0.483200,0.695454,0.502297,0.028548
eegnet,cross_session,sub-005,,ses-03,ses-04,1,,74,19,99,1,0.484848,0.484694,0.484638,0.460000,0.697779,0.504619,0.043660
eegnet,cross_session,sub-005,,ses-03,ses-05,1,,74,19,89,1,0.550562,0.549292,0.549139,0.542973,0.691084,0.498052,0.034236
eegnet,cross_session,sub-005,,ses-04,ses-01,1,,79,20,94,1,0.500000,0.501361,0.499943,0.496145,0.885540,0.525545,0.127361
eegnet,cross_session,sub-005,,ses-04,ses-02,1,,79,20,100,1,0.570000,0.570000,0.566489,0.510800,0.695289,0.502119,0.093859
eegnet,cross_session,sub-005,,ses-04,ses-03,1,,79,20,93,1,0.430108,0.429232,0.425859,0.433858,0.963779,0.533603,0.137530
eegnet,cross_session,sub-005,,ses-04,ses-05,1,,79,20,89,1,0.505618,0.512639,0.486897,0.510617,0.710646,0.516238,0.071963
eegnet,cross_session,sub-005,,ses-05,ses-01,1,,71,18,94,1,0.468085,0.462585,0.456019,0.478912,0.700885,0.507582,0.065333
eegnet,cross_session,sub-005,,ses-05,ses-02,1,,71,18,100,1,0.490000,0.490000,0.398514,0.477600,0.694459,0.501310,0.018930
eegnet,cross_session,sub-005,,ses-05,ses-03,1,,71,18,93,1,0.451613,0.453053,0.442328,0.438020,0.766207,0.520131,0.078957
eegnet,cross_session,sub-005,,ses-05,ses-04,1,,71,18,99,1,0.434343,0.434286,0.434286,0.469388,0.694894,0.501746,0.078398
eegnet,cross_session,sub-006,,ses-01,ses-02,1,,74,19,94,13,0.659574,0.659420,0.659420,0.678895,1.769805,0.613678,0.290879
eegnet,cross_session,sub-006,,ses-01,ses-03,1,,74,19,95,13,0.473684,0.475399,0.460227,0.468528,1.687664,0.845368,0.379042
eegnet,cross_session,sub-006,,ses-01,ses-04,1,,74,19,92,13,0.532609,0.526005,0.481044,0.568794,2.451846,0.841135,0.434594
eegnet,cross_session,sub-006,,ses-01,ses-05,1,,74,19,95,13,0.705263,0.704303,0.704444,0.777728,0.926080,0.419021,0.178140
eegnet,cross_session,sub-006,,ses-02,ses-01,1,,75,19,93,17,0.774194,0.772917,0.773250,0.829630,0.890780,0.373709,0.177407
eegnet,cross_session,sub-006,,ses-02,ses-03,1,,75,19,95,17,0.642105,0.641622,0.641111,0.686613,0.986632,0.523603,0.214978
eegnet,cross_session,sub-006,,ses-02,ses-04,1,,75,19,92,17,0.521739,0.515839,0.480226,0.527896,3.084964,0.889261,0.447319
eegnet,cross_session,sub-006,,ses-02,ses-05,1,,75,19,95,17,0.600000,0.597604,0.596377,0.594055,2.490153,0.729042,0.373421
eegnet,cross_session,sub-006,,ses-03,ses-01,1,,76,19,93,3,0.559140,0.568750,0.521761,0.554167,0.693685,0.500847,0.111381
eegnet,cross_session,sub-006,,ses-03,ses-02,1,,76,19,94,3,0.446809,0.448822,0.442772,0.392663,0.819739,0.607185,0.170488
eegnet,cross_session,sub-006,,ses-03,ses-04,1,,76,19,92,3,0.380435,0.374232,0.322043,0.297872,0.820591,0.609908,0.224298
eegnet,cross_session,sub-006,,ses-03,ses-05,1,,76,19,95,3,0.557895,0.560115,0.556667,0.608696,0.730749,0.507182,0.107657
eegnet,cross_session,sub-006,,ses-04,ses-01,1,,73,19,93,24,0.602151,0.607639,0.592926,0.587037,1.186049,0.667242,0.308384
eegnet,cross_session,sub-006,,ses-04,ses-02,1,,73,19,94,24,0.712766,0.717844,0.697677,0.908514,0.515998,0.354990,0.112393
eegnet,cross_session,sub-006,,ses-04,ses-03,1,,73,19,95,24,0.463158,0.463874,0.461008,0.459663,1.383881,0.752859,0.323748
eegnet,cross_session,sub-006,,ses-04,ses-05,1,,73,19,95,24,0.547368,0.547249,0.547168,0.604703,1.216002,0.605967,0.258348
eegnet,cross_session,sub-006,,ses-05,ses-01,1,,76,19,93,28,0.537634,0.538194,0.537634,0.528241,3.407486,0.844483,0.409010
eegnet,cross_session,sub-006,,ses-05,ses-02,1,,76,19,94,28,0.372340,0.370018,0.363626,0.383152,1.416873,0.874066,0.453722
eegnet,cross_session,sub-006,,ses-05,ses-03,1,,76,19,95,28,0.168421,0.168883,0.166944,0.101064,2.317744,1.312880,0.682376
eegnet,cross_session,sub-006,,ses-05,ses-04,1,,76,19,92,28,0.576087,0.569504,0.529319,0.512057,2.446231,0.785120,0.379303
eegnet,cross_session,sub-007,,ses-01,ses-02,1,,80,20,100,1,0.580000,0.580000,0.562500,0.564000,0.695105,0.501492,0.081691
eegnet,cross_session,sub-007,,ses-01,ses-03,1,,80,20,96,1,0.520833,0.520833,0.513228,0.513021,0.715889,0.516108,0.028477
eegnet,cross_session,sub-007,,ses-01,ses-04,1,,80,20,92,1,0.510870,0.510870,0.497512,0.494802,0.779182,0.566547,0.137659
eegnet,cross_session,sub-007,,ses-01,ses-05,1,,80,20,100,1,0.430000,0.430000,0.428571,0.444800,0.701509,0.508323,0.101482
eegnet,cross_session,sub-007,,ses-02,ses-01,1,,80,20,100,7,0.460000,0.460000,0.458049,0.415200,0.731519,0.536618,0.100161
eegnet,cross_session,sub-007,,ses-02,ses-03,1,,80,20,96,7,0.531250,0.531250,0.516075,0.539062,0.731122,0.530458,0.173412
eegnet,cross_session,sub-007,,ses-02,ses-04,1,,80,20,92,7,0.456522,0.456522,0.454200,0.478733,0.897159,0.635522,0.249282
eegnet,cross_session,sub-007,,ses-02,ses-05,1,,80,20,100,7,0.440000,0.440000,0.411517,0.412400,0.824686,0.614139,0.221215
eegnet,cross_session,sub-007,,ses-03,ses-01,1,,76,20,100,42,0.590000,0.590000,0.584978,0.613200,0.680309,0.486068,0.105780
eegnet,cross_session,sub-007,,ses-03,ses-02,1,,76,20,100,42,0.520000,0.520000,0.516908,0.493600,0.815387,0.574877,0.132548
eegnet,cross_session,sub-007,,ses-03,ses-04,1,,76,20,92,42,0.532609,0.532609,0.532111,0.517958,0.938236,0.611838,0.209401
eegnet,cross_session,sub-007,,ses-03,ses-05,1,,76,20,100,42,0.590000,0.590000,0.588972,0.640400,0.673628,0.484283,0.101074
eegnet,cross_session,sub-007,,ses-04,ses-01,1,,73,19,100,1,0.500000,0.500000,0.350312,0.408800,0.694988,0.501840,0.009304
eegnet,cross_session,sub-007,,ses-04,ses-02,1,,73,19,100,1,0.500000,0.500000,0.392909,0.512000,0.694179,0.501022,0.011759
eegnet,cross_session,sub-007,,ses-04,ses-03,1,,73,19,96,1,0.520833,0.520833,0.507143,0.544271,0.688927,0.496298,0.020436
eegnet,cross_session,sub-007,,ses-04,ses-05,1,,73,19,100,1,0.500000,0.500000,0.415615,0.495200,0.693747,0.500598,0.012418
eegnet,cross_session,sub-007,,ses-05,ses-01,1,,80,20,100,33,0.550000,0.550000,0.548872,0.620000,0.922981,0.587203,0.254800
eegnet,cross_session,sub-007,,ses-05,ses-02,1,,80,20,100,33,0.480000,0.480000,0.458333,0.433600,1.279356,0.746337,0.287037
eegnet,cross_session,sub-007,,ses-05,ses-03,1,,80,20,96,33,0.552083,0.552083,0.551645,0.585069,1.551048,0.695611,0.312489
eegnet,cross_session,sub-007,,ses-05,ses-04,1,,80,20,92,33,0.619565,0.619565,0.619160,0.684783,1.725739,0.579239,0.279304
eegnet,cross_session,sub-008,,ses-01,ses-02,1,,80,20,94,19,0.510638,0.510638,0.446493,0.480308,9.120552,0.967158,0.493158
eegnet,cross_session,sub-008,,ses-01,ses-03,1,,80,20,89,19,0.617978,0.621717,0.572599,0.734091,5.414241,0.733440,0.358246
eegnet,cross_session,sub-008,,ses-01,ses-04,1,,80,20,96,19,0.531250,0.531250,0.516075,0.563802,1.525005,0.716365,0.315443
eegnet,cross_session,sub-008,,ses-01,ses-05,1,,80,20,100,19,0.510000,0.510000,0.465007,0.478400,1.439624,0.734296,0.305166
eegnet,cross_session,sub-008,,ses-02,ses-01,1,,75,19,100,97,0.500000,0.500000,0.333333,0.636000,0.692735,0.499591,0.023840
eegnet,cross_session,sub-008,,ses-02,ses-03,1,,75,19,89,97,0.550562,0.554293,0.497175,0.577273,0.699706,0.505781,0.081042
eegnet,cross_session,sub-008,,ses-02,ses-04,1,,75,19,96,97,0.500000,0.500000,0.350986,0.519097,0.694560,0.501410,0.024490
eegnet,cross_session,sub-008,,ses-02,ses-05,1,,75,19,100,97,0.490000,0.490000,0.328859,0.442000,0.695752,0.502600,0.033884
eegnet,cross_session,sub-008,,ses-03,ses-01,1,,71,18,100,71,0.500000,0.500000,0.333333,0.710000,0.824991,0.610549,0.269822
eegnet,cross_session,sub-008,,ses-03,ses-02,1,,71,18,94,71,0.446809,0.446809,0.446558,0.437755,2.325045,0.890541,0.424785
eegnet,cross_session,sub-008,,ses-03,ses-04,1,,71,18,96,71,0.468750,0.468750,0.376067,0.496094,0.877520,0.637993,0.267846
eegnet,cross_session,sub-008,,ses-03,ses-05,1,,71,18,100,71,0.500000,0.500000,0.333333,0.479200,0.904771,0.667726,0.281760
eegnet,cross_session,sub-008,,ses-04,ses-01,1,,76,20,100,7,0.520000,0.520000,0.515152,0.528400,0.691391,0.498408,0.076685
eegnet,cross_session,sub-008,,ses-04,ses-02,1,,76,20,94,7,0.414894,0.414894,0.414297,0.402897,2.030986,0.841949,0.398931
eegnet,cross_session,sub-008,,ses-04,ses-03,1,,76,20,89,7,0.640449,0.639899,0.639311,0.635354,0.987328,0.568392,0.230783
eegnet,cross_session,sub-008,,ses-04,ses-05,1,,76,20,100,7,0.540000,0.540000,0.539263,0.548000,0.701409,0.506893,0.054525
eegnet,cross_session,sub-008,,ses-05,ses-01,1,,80,20,100,1,0.650000,0.650000,0.648277,0.660800,0.682930,0.489789,0.131582
eegnet,cross_session,sub-008,,ses-05,ses-02,1,,80,20,94,1,0.457447,0.457447,0.416149,0.492531,1.099218,0.607511,0.221510
eegnet,cross_session,sub-008,,ses-05,ses-03,1,,80,20,89,1,0.539326,0.534343,0.422718,0.599495,0.866595,0.578126,0.177388
eegnet,cross_session,sub-008,,ses-05,ses-04,1,,80,20,96,1,0.510417,0.510417,0.510364,0.546441,0.685062,0.492266,0.043106
eegnet,cross_session,sub-009,,ses-01,ses-02,1,,78,20,100,3,0.470000,0.470000,0.396011,0.388800,0.699929,0.506769,0.048647
eegnet,cross_session,sub-009,,ses-01,ses-03,1,,78,20,100,3,0.510000,0.510000,0.422102,0.482000,0.686871,0.495180,0.022995
eegnet,cross_session,sub-009,,ses-01,ses-04,1,,78,20,96,3,0.416667,0.406957,0.377778,0.400000,0.996889,0.539590,0.129451
eegnet,cross_session,sub-009,,ses-01,ses-05,1,,78,20,99,3,0.393939,0.395306,0.383306,0.379184,0.724518,0.530606,0.147792
eegnet,cross_session,sub-009,,ses-02,ses-01,1,,80,20,98,2,0.428571,0.426667,0.422559,0.418750,0.828776,0.583094,0.175397
eegnet,cross_session,sub-009,,ses-02,ses-03,1,,80,20,100,2,0.540000,0.540000,0.520833,0.527600,0.778517,0.538192,0.078389
eegnet,cross_session,sub-009,,ses-02,ses-04,1,,80,20,96,2,0.541667,0.544348,0.540870,0.514783,0.769463,0.549033,0.117745
eegnet,cross_session,sub-009,,ses-02,ses-05,1,,80,20,99,2,0.494949,0.493878,0.488636,0.514694,0.726681,0.525986,0.107916
eegnet,cross_session,sub-009,,ses-03,ses-01,1,,80,20,98,1,0.500000,0.496667,0.484487,0.480000,0.724385,0.526250,0.058796
eegnet,cross_session,sub-009,,ses-03,ses-02,1,,80,20,100,1,0.500000,0.500000,0.469440,0.492400,0.693783,0.500640,0.020565
eegnet,cross_session,sub-009,,ses-03,ses-04,1,,80,20,96,1,0.500000,0.490435,0.466667,0.443043,0.713909,0.522066,0.134642
eegnet,cross_session,sub-009,,ses-03,ses-05,1,,80,20,99,1,0.505051,0.506735,0.491776,0.484082,0.708578,0.514410,0.078649
eegnet,cross_session,sub-009,,ses-04,ses-01,1,,76,20,98,1,0.510204,0.500000,0.337838,0.463333,0.693230,0.500083,0.001251
eegnet,cross_session,sub-009,,ses-04,ses-02,1,,76,20,100,1,0.500000,0.500000,0.333333,0.466600,0.693419,0.500272,0.011451
eegnet,cross_session,sub-009,,ses-04,ses-03,1,,76,20,100,1,0.500000,0.500000,0.333333,0.480400,0.693373,0.500226,0.011411
eegnet,cross_session,sub-009,,ses-04,ses-05,1,,76,20,99,1,0.494949,0.500000,0.331081,0.429388,0.693878,0.500731,0.016692
eegnet,cross_session,sub-009,,ses-05,ses-01,1,,79,20,98,1,0.479592,0.477500,0.472952,0.410000,0.715750,0.521162,0.099850
eegnet,cross_session,sub-009,,ses-05,ses-02,1,,79,20,100,1,0.500000,0.500000,0.434645,0.459200,0.695566,0.502416,0.011305
eegnet,cross_session,sub-009,,ses-05,ses-03,1,,79,20,100,1,0.460000,0.460000,0.389417,0.477600,0.698982,0.505803,0.067546
eegnet,cross_session,sub-009,,ses-05,ses-04,1,,79,20,96,1,0.510417,0.506522,0.503903,0.467391,0.818491,0.531643,0.096459
eegnet,cross_session,sub-010,,ses-01,ses-02,1,,71,18,94,11,0.478723,0.478723,0.461097,0.525577,1.347347,0.637746,0.267165
eegnet,cross_session,sub-010,,ses-01,ses-03,1,,71,18,100,11,0.440000,0.440000,0.428805,0.450400,0.894550,0.625676,0.238089
eegnet,cross_session,sub-010,,ses-01,ses-04,1,,71,18,100,11,0.530000,0.530000,0.516013,0.461600,0.767464,0.565220,0.157301
eegnet,cross_session,sub-010,,ses-01,ses-05,1,,71,18,97,11,0.608247,0.607355,0.604846,0.613095,1.203350,0.553676,0.178072
eegnet,cross_session,sub-010,,ses-02,ses-01,1,,75,19,89,1,0.460674,0.452477,0.422078,0.447422,0.696398,0.503242,0.057504
eegnet,cross_session,sub-010,,ses-02,ses-03,1,,75,19,100,1,0.560000,0.560000,0.553571,0.512800,0.692630,0.499488,0.048385
eegnet,cross_session,sub-010,,ses-02,ses-04,1,,75,19,100,1,0.430000,0.430000,0.369399,0.457200,0.694830,0.501684,0.100242
eegnet,cross_session,sub-010,,ses-02,ses-05,1,,75,19,97,1,0.556701,0.557611,0.553665,0.580357,0.676491,0.485482,0.031086
eegnet,cross_session,sub-010,,ses-03,ses-01,1,,80,20,89,9,0.449438,0.445399,0.439244,0.496461,0.774798,0.569376,0.201695
eegnet,cross_session,sub-010,,ses-03,ses-02,1,,80,20,94,9,0.351064,0.351064,0.350402,0.408330,0.929597,0.624669,0.307717
eegnet,cross_session,sub-010,,ses-03,ses-04,1,,80,20,100,9,0.550000,0.550000,0.529239,0.530800,0.743594,0.538619,0.162462
eegnet,cross_session,sub-010,,ses-03,ses-05,1,,80,20,97,9,0.556701,0.556122,0.554998,0.535289,0.771270,0.559274,0.181896
eegnet,cross_session,sub-010,,ses-04,ses-01,1,,80,20,89,15,0.528090,0.531345,0.525152,0.519211,1.030542,0.678175,0.266922
eegnet,cross_session,sub-010,,ses-04,ses-02,1,,80,20,94,15,0.563830,0.563830,0.563780,0.594839,1.167352,0.577403,0.189335
eegnet,cross_session,sub-010,,ses-04,ses-03,1,,80,20,100,15,0.540000,0.540000,0.535354,0.610000,0.812541,0.541149,0.225456
eegnet,cross_session,sub-010,,ses-04,ses-05,1,,80,20,97,15,0.515464,0.514881,0.513603,0.546981,1.727066,0.650652,0.273941
eegnet,cross_session,sub-010,,ses-05,ses-01,1,,77,20,89,79,0.516854,0.525784,0.485411,0.492417,1.115868,0.701356,0.278502
eegnet,cross_session,sub-010,,ses-05,ses-02,1,,77,20,94,79,0.531915,0.531915,0.461458,0.549570,0.831062,0.592260,0.204685
eegnet,cross_session,sub-010,,ses-05,ses-03,1,,77,20,100,79,0.610000,0.610000,0.595394,0.667600,0.746646,0.522636,0.197235
eegnet,cross_session,sub-010,,ses-05,ses-04,1,,77,20,100,79,0.590000,0.590000,0.589959,0.612000,0.754850,0.539372,0.188855
eegnet,cross_session,sub-011,,ses-01,ses-02,1,,80,20,94,16,0.617021,0.606349,0.585294,0.554875,4.971209,0.737393,0.351315
eegnet,cross_session,sub-011,,ses-01,ses-03,1,,80,20,100,16,0.530000,0.530000,0.503748,0.577200,1.561912,0.728150,0.358343
eegnet,cross_session,sub-011,,ses-01,ses-04,1,,80,20,100,16,0.570000,0.570000,0.562608,0.600400,1.334790,0.642487,0.277619
eegnet,cross_session,sub-011,,ses-01,ses-05,1,,80,20,100,16,0.550000,0.550000,0.549595,0.532000,1.074666,0.666231,0.273472
eegnet,cross_session,sub-011,,ses-02,ses-01,1,,75,19,100,1,0.500000,0.500000,0.333333,0.446400,0.693771,0.500624,0.011323
eegnet,cross_session,sub-011,,ses-02,ses-03,1,,75,19,100,1,0.500000,0.500000,0.425551,0.358400,0.696968,0.503819,0.010928
eegnet,cross_session,sub-011,,ses-02,ses-04,1,,75,19,100,1,0.450000,0.450000,0.362762,0.406400,0.696190,0.503041,0.061588
eegnet,cross_session,sub-011,,ses-02,ses-05,1,,75,19,100,1,0.500000,0.500000,0.350312,0.464000,0.694066,0.500919,0.010790
eegnet,cross_session,sub-011,,ses-03,ses-01,1,,80,20,100,5,0.560000,0.560000,0.522569,0.509200,0.699138,0.505714,0.067706
eegnet,cross_session,sub-011,,ses-03,ses-02,1,,80,20,94,5,0.531915,0.530159,0.530000,0.476644,1.390254,0.712545,0.311131
eegnet,cross_session,sub-011,,ses-03,ses-04,1,,80,20,100,5,0.450000,0.450000,0.448622,0.401600,0.803311,0.595410,0.179473
eegnet,cross_session,sub-011,,ses-03,ses-05,1,,80,20,100,5,0.500000,0.500000,0.499199,0.471200,0.709037,0.515626,0.115746
eegnet,cross_session,sub-011,,ses-04,ses-01,1,,80,20,100,1,0.450000,0.450000,0.382785,0.474400,0.694928,0.501787,0.069042
eegnet,cross_session,sub-011,,ses-04,ses-02,1,,80,20,94,1,0.574468,0.570975,0.569597,0.605896,0.684996,0.489603,0.106954
eegnet,cross_session,sub-011,,ses-04,ses-03,1,,80,20,100,1,0.410000,0.410000,0.408521,0.401200,0.712062,0.518605,0.122366
eegnet,cross_session,sub-011,,ses-04,ses-05,1,,80,20,100,1,0.450000,0.450000,0.429401,0.484800,0.696672,0.503524,0.070705
eegnet,cross_session,sub-011,,ses-05,ses-01,1,,80,20,100,17,0.530000,0.530000,0.529577,0.526400,0.811830,0.584820,0.184922
eegnet,cross_session,sub-011,,ses-05,ses-02,1,,80,20,94,17,0.468085,0.475283,0.456019,0.470295,4.288429,0.880575,0.458162
eegnet,cross_session,sub-011,,ses-05,ses-03,1,,80,20,100,17,0.430000,0.430000,0.427193,0.360000,1.459832,0.882423,0.420190
eegnet,cross_session,sub-011,,ses-05,ses-04,1,,80,20,100,17,0.520000,0.520000,0.495586,0.496800,1.238410,0.740116,0.304318
eegnet,cross_session,sub-012,,ses-01,ses-02,1,,80,20,91,1,0.516484,0.515700,0.513605,0.468599,0.704665,0.513028,0.181572
eegnet,cross_session,sub-012,,ses-01,ses-03,1,,80,20,97,1,0.494845,0.495323,0.493985,0.491922,0.701349,0.507805,0.038025
eegnet,cross_session,sub-012,,ses-01,ses-04,1,,80,20,87,1,0.551724,0.552381,0.551724,0.551323,0.991126,0.505938,0.081482
eegnet,cross_session,sub-012,,ses-01,ses-05,1,,80,20,83,1,0.554217,0.538121,0.537012,0.526005,0.693110,0.500612,0.059563
eegnet,cross_session,sub-012,,ses-02,ses-01,1,,72,19,100,3,0.420000,0.420000,0.370660,0.412000,0.697245,0.504094,0.091461
eegnet,cross_session,sub-012,,ses-02,ses-03,1,,72,19,97,3,0.494845,0.498512,0.424088,0.525085,0.692727,0.499582,0.025660
eegnet,cross_session,sub-012,,ses-02,ses-04,1,,72,19,87,3,0.517241,0.528571,0.465789,0.493122,0.747669,0.521004,0.041716
eegnet,cross_session,sub-012,,ses-02,ses-05,1,,72,19,83,3,0.530120,0.481087,0.421241,0.544326,0.690476,0.497332,0.018611
eegnet,cross_session,sub-012,,ses-03,ses-01,1,,77,20,100,1,0.460000,0.460000,0.454545,0.414800,0.705463,0.512265,0.078678
eegnet,cross_session,sub-012,,ses-03,ses-02,1,,77,20,91,1,0.516484,0.515700,0.513605,0.514493,0.691741,0.499358,0.026110
eegnet,cross_session,sub-012,,ses-03,ses-04,1,,77,20,87,1,0.563218,0.565079,0.562698,0.598942,0.853964,0.506839,0.056073
eegnet,cross_session,sub-012,,ses-03,ses-05,1,,77,20,83,1,0.518072,0.496454,0.491422,0.496454,0.692075,0.499003,0.015857
eegnet,cross_session,sub-012,,ses-04,ses-01,1,,69,18,100,1,0.500000,0.500000,0.333333,0.394800,0.694205,0.501057,0.011805
eegnet,cross_session,sub-012,,ses-04,ses-02,1,,69,18,91,1,0.505495,0.500242,0.354610,0.470048,0.693133,0.499987,0.016205
eegnet,cross_session,sub-012,,ses-04,ses-03,1,,69,18,97,1,0.484536,0.489583,0.326389,0.499575,0.693805,0.500658,0.026559
eegnet,cross_session,sub-012,,ses-04,ses-05,1,,69,18,83,1,0.554217,0.489362,0.356589,0.552600,0.690630,0.497483,0.042625
eegnet,cross_session,sub-012,,ses-05,ses-01,1,,66,17,100,2,0.460000,0.460000,0.437500,0.447600,0.702471,0.509311,0.077336
eegnet,cross_session,sub-012,,ses-05,ses-02,1,,66,17,91,2,0.483516,0.480918,0.451456,0.527053,0.696304,0.503201,0.076661
eegnet,cross_session,sub-012,,ses-05,ses-03,1,,66,17,97,2,0.525773,0.527849,0.506852,0.577806,0.685851,0.492856,0.048796
eegnet,cross_session,sub-012,,ses-05,ses-04,1,,66,17,87,2,0.471264,0.483333,0.405172,0.501587,1.018779,0.531087,0.091448
eegnet,cross_session,sub-013,,ses-01,ses-02,1,,80,20,94,14,0.606383,0.607029,0.606338,0.621315,1.291828,0.609498,0.274660
eegnet,cross_session,sub-013,,ses-01,ses-03,1,,80,20,100,14,0.880000,0.880000,0.879808,0.922400,0.426162,0.223115,0.114644
eegnet,cross_session,sub-013,,ses-01,ses-04,1,,80,20,95,14,0.600000,0.597604,0.596377,0.592280,0.800126,0.543987,0.182136
eegnet,cross_session,sub-013,,ses-01,ses-05,1,,80,20,100,14,0.600000,0.600000,0.560440,0.747200,0.688727,0.482485,0.163668
eegnet,cross_session,sub-013,,ses-02,ses-01,1,,75,19,100,4,0.620000,0.620000,0.617552,0.668000,0.652730,0.461039,0.036655
eegnet,cross_session,sub-013,,ses-02,ses-03,1,,75,19,100,4,0.500000,0.500000,0.463749,0.623600,0.682394,0.490079,0.166095
eegnet,cross_session,sub-013,,ses-02,ses-04,1,,75,19,95,4,0.473684,0.473159,0.473159,0.484916,0.698826,0.507144,0.079857
eegnet,cross_session,sub-013,,ses-02,ses-05,1,,75,19,100,4,0.680000,0.680000,0.677939,0.778000,0.621530,0.430620,0.103960
eegnet,cross_session,sub-013,,ses-03,ses-01,1,,80,20,100,16,0.810000,0.810000,0.809524,0.897200,0.464365,0.293148,0.110547
eegnet,cross_session,sub-013,,ses-03,ses-02,1,,80,20,94,16,0.553191,0.556916,0.551364,0.606803,1.712837,0.680944,0.301089
eegnet,cross_session,sub-013,,ses-03,ses-04,1,,80,20,95,16,0.642105,0.638421,0.635276,0.732476,0.612332,0.426393,0.079076
eegnet,cross_session,sub-013,,ses-03,ses-05,1,,80,20,100,16,0.540000,0.540000,0.471507,0.751600,0.901611,0.605583,0.281107
eegnet,cross_session,sub-013,,ses-04,ses-01,1,,76,19,100,1,0.580000,0.580000,0.579832,0.591600,0.679018,0.486018,0.052961
eegnet,cross_session,sub-013,,ses-04,ses-02,1,,76,19,94,1,0.627660,0.627438,0.627280,0.658050,0.677440,0.484351,0.101680
eegnet,cross_session,sub-013,,ses-04,ses-03,1,,76,19,100,1,0.610000,0.610000,0.592008,0.629600,0.675373,0.482397,0.066817
eegnet,cross_session,sub-013,,ses-04,ses-05,1,,76,19,100,1,0.640000,0.640000,0.630542,0.653200,0.679546,0.486446,0.126814
eegnet,cross_session,sub-013,,ses-05,ses-01,1,,80,20,100,7,0.520000,0.520000,0.516908,0.500000,1.402822,0.734670,0.308166
eegnet,cross_session,sub-013,,ses-05,ses-02,1,,80,20,94,7,0.574468,0.569161,0.564815,0.597279,0.973270,0.620996,0.266943
eegnet,cross_session,sub-013,,ses-05,ses-03,1,,80,20,100,7,0.540000,0.540000,0.441476,0.546000,1.912691,0.830627,0.432117
eegnet,cross_session,sub-013,,ses-05,ses-04,1,,80,20,95,7,0.578947,0.577862,0.577778,0.572760,1.633329,0.720778,0.348140
eegnet,cross_session,sub-014,,ses-01,ses-02,1,,80,20,95,7,0.610526,0.610151,0.609835,0.586436,0.714641,0.509874,0.112342
eegnet,cross_session,sub-014,,ses-01,ses-03,1,,80,20,92,7,0.532609,0.528477,0.528093,0.571429,0.705279,0.507279,0.118868
eegnet,cross_session,sub-014,,ses-01,ses-04,1,,80,20,92,7,0.521739,0.524350,0.516021,0.524823,0.702928,0.509044,0.117016
eegnet,cross_session,sub-014,,ses-01,ses-05,1,,80,20,100,7,0.440000,0.440000,0.439776,0.440000,0.770858,0.563480,0.174131
eegnet,cross_session,sub-014,,ses-02,ses-01,1,,76,19,100,6,0.460000,0.460000,0.459135,0.421200,0.782000,0.579291,0.156484
eegnet,cross_session,sub-014,,ses-02,ses-03,1,,76,19,92,6,0.456522,0.468439,0.443638,0.459896,0.753905,0.555952,0.168394
eegnet,cross_session,sub-014,,ses-02,ses-04,1,,76,19,92,6,0.532609,0.537352,0.511786,0.502128,0.697231,0.504234,0.095577
eegnet,cross_session,sub-014,,ses-02,ses-05,1,,76,19,100,6,0.510000,0.510000,0.503998,0.479600,0.742892,0.542971,0.109756
eegnet,cross_session,sub-014,,ses-03,ses-01,1,,73,19,100,1,0.530000,0.530000,0.528822,0.493600,0.700956,0.507574,0.036024
eegnet,cross_session,sub-014,,ses-03,ses-02,1,,73,19,95,1,0.557895,0.559176,0.551887,0.571809,0.688225,0.495087,0.027121
eegnet,cross_session,sub-014,,ses-03,ses-04,1,,73,19,92,1,0.521739,0.531915,0.395821,0.554610,0.691636,0.498490,0.006978
eegnet,cross_session,sub-014,,ses-03,ses-05,1,,73,19,100,1,0.610000,0.610000,0.601023,0.588000,0.682140,0.489069,0.088053
eegnet,cross_session,sub-014,,ses-04,ses-01,1,,73,19,100,2,0.530000,0.530000,0.524243,0.542000,0.717950,0.513876,0.077268
eegnet,cross_session,sub-014,,ses-04,ses-02,1,,73,19,95,2,0.589474,0.589096,0.588745,0.599291,0.684153,0.490133,0.075680
eegnet,cross_session,sub-014,,ses-04,ses-03,1,,73,19,92,2,0.402174,0.401756,0.401538,0.402943,0.737143,0.542447,0.160765
eegnet,cross_session,sub-014,,ses-04,ses-05,1,,73,19,100,2,0.550000,0.550000,0.549955,0.566400,0.683481,0.490797,0.024309
eegnet,cross_session,sub-014,,ses-05,ses-01,1,,80,20,100,7,0.420000,0.420000,0.395833,0.435600,0.806632,0.591921,0.219441
eegnet,cross_session,sub-014,,ses-05,ses-02,1,,80,20,95,7,0.589474,0.589317,0.589292,0.543883,0.730355,0.529499,0.170491
eegnet,cross_session,sub-014,,ses-05,ses-03,1,,80,20,92,7,0.576087,0.565021,0.557201,0.664452,0.649525,0.457507,0.080879
eegnet,cross_session,sub-014,,ses-05,ses-04,1,,80,20,92,7,0.554348,0.555792,0.553028,0.594326,0.678628,0.485813,0.048025
eegnet,cross_session,sub-015,,ses-01,ses-02,1,,80,20,95,1,0.400000,0.398493,0.386680,0.416223,0.706839,0.513541,0.128748
eegnet,cross_session,sub-015,,ses-01,ses-03,1,,80,20,85,1,0.505882,0.492754,0.485294,0.489967,0.695486,0.502326,0.024807
eegnet,cross_session,sub-015,,ses-01,ses-04,1,,80,20,95,1,0.400000,0.398493,0.386680,0.416223,0.706839,0.513541,0.128748
eegnet,cross_session,sub-015,,ses-01,ses-05,1,,80,20,98,1,0.438776,0.437083,0.434002,0.438333,0.697504,0.504378,0.082103
eegnet,cross_session,sub-015,,ses-02,ses-01,1,,76,19,100,5,0.590000,0.590000,0.577798,0.538800,0.739602,0.535925,0.122845
eegnet,cross_session,sub-015,,ses-02,ses-03,1,,76,19,85,5,0.517647,0.517280,0.516577,0.552397,0.691405,0.498663,0.073692
eegnet,cross_session,sub-015,,ses-02,ses-04,1,,76,19,95,5,0.789474,0.789672,0.789450,0.878989,0.557203,0.370277,0.221682
eegnet,cross_session,sub-015,,ses-02,ses-05,1,,76,19,98,5,0.448980,0.447917,0.446906,0.442917,0.728873,0.534777,0.140961
eegnet,cross_session,sub-015,,ses-03,ses-01,1,,68,17,100,1,0.540000,0.540000,0.530804,0.554000,0.687859,0.494815,0.032557
eegnet,cross_session,sub-015,,ses-03,ses-02,1,,68,17,95,1,0.421053,0.419326,0.404151,0.357713,0.723698,0.530084,0.142073
eegnet,cross_session,sub-015,,ses-03,ses-04,1,,68,17,95,1,0.421053,0.419326,0.404151,0.357713,0.723698,0.530084,0.142073
eegnet,cross_session,sub-015,,ses-03,ses-05,1,,68,17,98,1,0.459184,0.457500,0.454584,0.460000,0.700694,0.507514,0.074096
eegnet,cross_session,sub-015,,ses-04,ses-01,1,,76,19,100,5,0.590000,0.590000,0.577798,0.538800,0.739602,0.535925,0.122845
eegnet,cross_session,sub-015,,ses-04,ses-02,1,,76,19,95,5,0.789474,0.789672,0.789450,0.878989,0.557203,0.370277,0.221682
eegnet,cross_session,sub-015,,ses-04,ses-03,1,,76,19,85,5,0.517647,0.517280,0.516577,0.552397,0.691405,0.498663,0.073692
eegnet,cross_session,sub-015,,ses-04,ses-05,1,,76,19,98,5,0.448980,0.447917,0.446906,0.442917,0.728873,0.534777,0.140961
eegnet,cross_session,sub-015,,ses-05,ses-01,1,,78,20,100,2,0.510000,0.510000,0.508772,0.533200,0.708892,0.513724,0.117353
eegnet,cross_session,sub-015,,ses-05,ses-02,1,,78,20,95,2,0.431579,0.431738,0.431516,0.398493,0.734386,0.540000,0.135914
eegnet,cross_session,sub-015,,ses-05,ses-03,1,,78,20,85,2,0.494118,0.481884,0.475535,0.450390,0.700728,0.507531,0.064437
eegnet,cross_session,sub-015,,ses-05,ses-04,1,,78,20,95,2,0.431579,0.431738,0.431516,0.398493,0.734386,0.540000,0.135914
eegnet,cross_session,sub-016,,ses-01,ses-02,1,,80,20,100,38,0.450000,0.450000,0.449505,0.485600,1.138666,0.729534,0.333852
eegnet,cross_session,sub-016,,ses-01,ses-03,1,,80,20,100,38,0.510000,0.510000,0.509559,0.538800,1.302914,0.672095,0.292299
eegnet,cross_session,sub-016,,ses-01,ses-04,1,,80,20,95,38,0.631579,0.632535,0.628948,0.654255,1.082128,0.587685,0.262530
eegnet,cross_session,sub-016,,ses-01,ses-05,1,,80,20,91,38,0.626374,0.625242,0.625242,0.640716,2.099089,0.608029,0.271734
eegnet,cross_session,sub-016,,ses-02,ses-01,1,,80,20,100,7,0.410000,0.410000,0.396419,0.440000,1.102991,0.683931,0.304649
eegnet,cross_session,sub-016,,ses-02,ses-03,1,,80,20,100,7,0.620000,0.620000,0.612403,0.701200,0.647839,0.453847,0.089807
eegnet,cross_session,sub-016,,ses-02,ses-04,1,,80,20,95,7,0.515789,0.514184,0.503409,0.476064,0.857791,0.614161,0.198783
eegnet,cross_session,sub-016,,ses-02,ses-05,1,,80,20,91,7,0.527473,0.542553,0.414309,0.584139,1.715130,0.757124,0.336202
eegnet,cross_session,sub-016,,ses-03,ses-01,1,,80,20,100,29,0.600000,0.600000,0.579655,0.563200,1.483687,0.671625,0.311942
eegnet,cross_session,sub-016,,ses-03,ses-02,1,,80,20,100,29,0.640000,0.640000,0.639423,0.712800,0.934988,0.489162,0.173895
eegnet,cross_session,sub-016,,ses-03,ses-04,1,,80,20,95,29,0.494737,0.492021,0.457143,0.528812,1.524873,0.740819,0.336020
eegnet,cross_session,sub-016,,ses-03,ses-05,1,,80,20,91,29,0.505495,0.520551,0.387068,0.632495,5.382723,0.944692,0.473734
eegnet,cross_session,sub-016,,ses-04,ses-01,1,,76,19,100,4,0.530000,0.530000,0.528822,0.575600,0.676731,0.484392,0.061814
eegnet,cross_session,sub-016,,ses-04,ses-02,1,,76,19,100,4,0.440000,0.440000,0.425287,0.449200,0.709741,0.516307,0.106324
eegnet,cross_session,sub-016,,ses-04,ses-03,1,,76,19,100,4,0.500000,0.500000,0.498193,0.512800,0.969659,0.522012,0.062691
eegnet,cross_session,sub-016,,ses-04,ses-05,1,,76,19,91,4,0.571429,0.566248,0.557757,0.593327,0.708377,0.505778,0.155797
eegnet,cross_session,sub-016,,ses-05,ses-01,1,,72,19,100,24,0.480000,0.480000,0.448217,0.548800,0.732550,0.531360,0.187048
eegnet,cross_session,sub-016,,ses-05,ses-02,1,,72,19,100,24,0.610000,0.610000,0.584000,0.621600,0.671284,0.478658,0.071236
eegnet,cross_session,sub-016,,ses-05,ses-03,1,,72,19,100,24,0.600000,0.600000,0.592003,0.654800,0.662529,0.468558,0.105761
eegnet,cross_session,sub-016,,ses-05,ses-04,1,,72,19,95,24,0.589474,0.591312,0.577489,0.546099,0.754281,0.535302,0.129069
eegnet,cross_session,sub-017,,ses-01,ses-02,1,,80,20,100,2,0.480000,0.480000,0.478121,0.508000,0.702700,0.509102,0.074350
eegnet,cross_session,sub-017,,ses-01,ses-03,1,,80,20,98,2,0.459184,0.459167,0.459127,0.428750,0.753758,0.557577,0.152883
eegnet,cross_session,sub-017,,ses-01,ses-04,1,,80,20,100,2,0.580000,0.580000,0.575758,0.642400,0.665643,0.473986,0.065613
eegnet,cross_session,sub-017,,ses-01,ses-05,1,,80,20,95,2,0.515789,0.517066,0.509209,0.490248,0.714618,0.521278,0.130026
eegnet,cross_session,sub-017,,ses-02,ses-01,1,,80,20,100,12,0.460000,0.460000,0.459135,0.440000,0.776797,0.571172,0.182747
eegnet,cross_session,sub-017,,ses-02,ses-03,1,,80,20,98,12,0.469388,0.470417,0.468502,0.465417,1.267645,0.753927,0.351846
eegnet,cross_session,sub-017,,ses-02,ses-04,1,,80,20,100,12,0.570000,0.570000,0.569957,0.554000,0.800859,0.560387,0.192171
eegnet,cross_session,sub-017,,ses-02,ses-05,1,,80,20,95,12,0.484211,0.486924,0.449047,0.437500,1.451990,0.749706,0.318290
eegnet,cross_session,sub-017,,ses-03,ses-01,1,,78,20,100,2,0.490000,0.490000,0.374310,0.463200,0.697132,0.503973,0.037554
eegnet,cross_session,sub-017,,ses-03,ses-02,1,,78,20,100,2,0.510000,0.510000,0.498721,0.453200,0.700488,0.507299,0.077496
eegnet,cross_session,sub-017,,ses-03,ses-04,1,,78,20,100,2,0.540000,0.540000,0.520833,0.544800,0.692161,0.498996,0.025542
eegnet,cross_session,sub-017,,ses-03,ses-05,1,,78,20,95,2,0.547368,0.548316,0.544136,0.578014,0.684616,0.491541,0.018851
eegnet,cross_session,sub-017,,ses-04,ses-01,1,,80,20,100,38,0.580000,0.580000,0.577295,0.572800,0.755947,0.540959,0.138255
eegnet,cross_session,sub-017,,ses-04,ses-02,1,,80,20,100,38,0.530000,0.530000,0.526162,0.551200,1.081333,0.685417,0.322289
eegnet,cross_session,sub-017,,ses-04,ses-03,1,,80,20,98,38,0.479592,0.479583,0.479538,0.492917,3.042838,0.891590,0.443259
eegnet,cross_session,sub-017,,ses-04,ses-05,1,,80,20,95,38,0.484211,0.485151,0.480527,0.435284,1.620150,0.854618,0.443966
eegnet,cross_session,sub-017,,ses-05,ses-01,1,,76,19,100,3,0.400000,0.400000,0.399760,0.383200,0.701116,0.507967,0.117162
eegnet,cross_session,sub-017,,ses-05,ses-02,1,,76,19,100,3,0.420000,0.420000,0.417904,0.384000,0.717337,0.523905,0.119742
eegnet,cross_session,sub-017,,ses-05,ses-03,1,,76,19,98,3,0.397959,0.392083,0.340180,0.421667,0.738934,0.545095,0.196391
eegnet,cross_session,sub-017,,ses-05,ses-04,1,,76,19,100,3,0.540000,0.540000,0.524597,0.506000,0.720290,0.519785,0.072700
eegnet,cross_session,sub-018,,ses-01,ses-02,1,,75,19,100,1,0.470000,0.470000,0.454227,0.501600,0.705648,0.512701,0.112046
eegnet,cross_session,sub-018,,ses-01,ses-03,1,,75,19,100,1,0.560000,0.560000,0.548440,0.619200,0.674347,0.481685,0.040633
eegnet,cross_session,sub-018,,ses-01,ses-04,1,,75,19,100,1,0.450000,0.450000,0.433632,0.474000,0.704285,0.510744,0.082111
eegnet,cross_session,sub-018,,ses-01,ses-05,1,,75,19,100,1,0.480000,0.480000,0.442299,0.450400,0.833658,0.536100,0.110755
eegnet,cross_session,sub-018,,ses-02,ses-01,1,,80,20,94,14,0.500000,0.505435,0.468159,0.497283,0.710801,0.518664,0.102214
eegnet,cross_session,sub-018,,ses-02,ses-03,1,,80,20,100,14,0.660000,0.660000,0.642707,0.675200,0.774268,0.509661,0.171281
eegnet,cross_session,sub-018,,ses-02,ses-04,1,,80,20,100,14,0.510000,0.510000,0.507587,0.523600,0.743620,0.531238,0.101724
eegnet,cross_session,sub-018,,ses-02,ses-05,1,,80,20,100,14,0.490000,0.490000,0.481233,0.450400,0.926849,0.619935,0.169423
eegnet,cross_session,sub-018,,ses-03,ses-01,1,,80,20,94,2,0.457447,0.461957,0.434336,0.464674,0.699954,0.506792,0.079267
eegnet,cross_session,sub-018,,ses-03,ses-02,1,,80,20,100,2,0.620000,0.620000,0.616162,0.665600,0.645348,0.455952,0.074913
eegnet,cross_session,sub-018,,ses-03,ses-04,1,,80,20,100,2,0.600000,0.600000,0.600000,0.622800,0.678789,0.485732,0.061407
eegnet,cross_session,sub-018,,ses-03,ses-05,1,,80,20,100,2,0.440000,0.440000,0.434343,0.427600,0.717140,0.525029,0.125153
eegnet,cross_session,sub-018,,ses-04,ses-01,1,,80,20,94,7,0.436170,0.436141,0.436106,0.396286,0.801070,0.599071,0.203891
eegnet,cross_session,sub-018,,ses-04,ses-02,1,,80,20,100,7,0.570000,0.570000,0.536188,0.659600,1.065895,0.615621,0.248740
eegnet,cross_session,sub-018,,ses-04,ses-03,1,,80,20,100,7,0.650000,0.650000,0.648277,0.750000,0.724966,0.465287,0.185682
eegnet,cross_session,sub-018,,ses-04,ses-05,1,,80,20,100,7,0.620000,0.620000,0.612403,0.701200,0.647839,0.453847,0.089807
eegnet,cross_session,sub-018,,ses-05,ses-01,1,,80,20,94,29,0.489362,0.485960,0.474126,0.485507,1.056116,0.713558,0.321807
eegnet,cross_session,sub-018,,ses-05,ses-02,1,,80,20,100,29,0.520000,0.520000,0.428571,0.589400,3.884220,0.907016,0.458408
eegnet,cross_session,sub-018,,ses-05,ses-03,1,,80,20,100,29,0.570000,0.570000,0.569957,0.651800,1.831210,0.743790,0.372774
eegnet,cross_session,sub-018,,ses-05,ses-04,1,,80,20,100,29,0.640000,0.640000,0.639423,0.712800,0.934988,0.489162,0.173895
eegnet,cross_session,sub-019,,ses-01,ses-02,1,,76,19,95,2,0.515789,0.513741,0.495614,0.500443,0.695804,0.502560,0.032767
eegnet,cross_session,sub-019,,ses-01,ses-03,1,,76,19,94,2,0.521277,0.528118,0.511942,0.571882,0.685416,0.492319,0.053424
eegnet,cross_session,sub-019,,ses-01,ses-04,1,,76,19,92,2,0.500000,0.491253,0.397151,0.563593,0.691807,0.498662,0.053977
eegnet,cross_session,sub-019,,ses-01,ses-05,1,,76,19,93,2,0.569892,0.564007,0.561321,0.560761,0.689258,0.495970,0.065432
eegnet,cross_session,sub-019,,ses-02,ses-01,1,,76,19,95,4,0.536842,0.535049,0.534314,0.549246,0.696554,0.503877,0.067681
eegnet,cross_session,sub-019,,ses-02,ses-03,1,,76,19,94,4,0.595745,0.600454,0.592795,0.639002,0.660981,0.469089,0.035229
eegnet,cross_session,sub-019,,ses-02,ses-04,1,,76,19,92,4,0.532609,0.526478,0.488559,0.672340,0.676110,0.483227,0.108381
eegnet,cross_session,sub-019,,ses-02,ses-05,1,,76,19,93,4,0.580645,0.585807,0.578892,0.621521,0.691518,0.492117,0.122911
eegnet,cross_session,sub-019,,ses-03,ses-01,1,,75,19,95,24,0.547368,0.545918,0.545556,0.575421,1.194278,0.655637,0.270911
eegnet,cross_session,sub-019,,ses-03,ses-02,1,,75,19,95,24,0.547368,0.544991,0.521719,0.617465,0.822216,0.557439,0.194517
eegnet,cross_session,sub-019,,ses-03,ses-04,1,,75,19,92,24,0.554348,0.550118,0.534493,0.617021,0.751365,0.532028,0.179893
eegnet,cross_session,sub-019,,ses-03,ses-05,1,,75,19,93,24,0.655914,0.660714,0.654917,0.641002,1.837350,0.610814,0.289670
eegnet,cross_session,sub-019,,ses-04,ses-01,1,,73,19,95,19,0.484211,0.481366,0.478431,0.494232,1.368111,0.792378,0.355896
eegnet,cross_session,sub-019,,ses-04,ses-02,1,,73,19,95,19,0.578947,0.578236,0.576649,0.558511,1.090675,0.644375,0.282696
eegnet,cross_session,sub-019,,ses-04,ses-03,1,,73,19,94,19,0.500000,0.501361,0.499943,0.547846,1.111763,0.700605,0.330213
eegnet,cross_session,sub-019,,ses-04,ses-05,1,,73,19,93,19,0.602151,0.598098,0.597497,0.632421,1.335693,0.631010,0.285879
eegnet,cross_session,sub-019,,ses-05,ses-01,1,,74,19,95,5,0.557895,0.558119,0.557846,0.532831,0.706594,0.511798,0.091896
eegnet,cross_session,sub-019,,ses-05,ses-02,1,,74,19,95,5,0.526316,0.525488,0.522933,0.574911,0.668431,0.478254,0.120955
eegnet,cross_session,sub-019,,ses-05,ses-03,1,,74,19,94,5,0.734043,0.742177,0.727093,0.831293,0.562871,0.378564,0.085708
eegnet,cross_session,sub-019,,ses-05,ses-04,1,,74,19,92,5,0.597826,0.597872,0.597779,0.608983,0.669405,0.477077,0.065177
eegnet,cross_session,sub-020,,ses-01,ses-02,1,,71,18,100,6,0.990000,0.990000,0.989999,0.996800,0.126086,0.050518,0.083611
eegnet,cross_session,sub-020,,ses-01,ses-03,1,,71,18,100,6,0.470000,0.470000,0.469947,0.446400,1.582865,0.900389,0.446267
eegnet,cross_session,sub-020,,ses-01,ses-04,1,,71,18,100,6,0.970000,0.970000,0.969997,0.999200,0.157618,0.058870,0.129739
eegnet,cross_session,sub-020,,ses-01,ses-05,1,,71,18,100,6,0.960000,0.960000,0.959984,0.992800,0.173470,0.088309,0.092154
eegnet,cross_session,sub-020,,ses-02,ses-01,1,,80,20,89,94,0.820225,0.820960,0.819656,0.885859,0.609042,0.277918,0.120340
eegnet,cross_session,sub-020,,ses-02,ses-03,1,,80,20,100,94,0.480000,0.480000,0.480000,0.440200,6.183609,1.039896,0.519869
eegnet,cross_session,sub-020,,ses-02,ses-04,1,,80,20,100,94,0.970000,0.970000,0.969973,1.000000,0.058036,0.027875,0.038992
eegnet,cross_session,sub-020,,ses-02,ses-05,1,,80,20,100,94,0.580000,0.580000,0.490044,0.958000,1.185608,0.654368,0.347582
eegnet,cross_session,sub-020,,ses-03,ses-01,1,,80,20,89,1,0.426966,0.427778,0.424350,0.437374,0.713545,0.519786,0.104070
eegnet,cross_session,sub-020,,ses-03,ses-02,1,,80,20,100,1,0.540000,0.540000,0.530804,0.549200,0.687825,0.494709,0.020316
eegnet,cross_session,sub-020,,ses-03,ses-04,1,,80,20,100,1,0.560000,0.560000,0.541667,0.582400,0.690132,0.496985,0.052567
eegnet,cross_session,sub-020,,ses-03,ses-05,1,,80,20,100,1,0.730000,0.730000,0.728670,0.809200,0.672977,0.479866,0.212410
eegnet,cross_session,sub-020,,ses-04,ses-01,1,,80,20,89,99,0.853933,0.853283,0.853266,0.945455,0.495519,0.248102,0.139050
eegnet,cross_session,sub-020,,ses-04,ses-02,1,,80,20,100,99,0.990000,0.990000,0.989999,0.994400,0.081654,0.020208,0.009131
eegnet,cross_session,sub-020,,ses-04,ses-03,1,,80,20,100,99,0.470000,0.470000,0.469947,0.443800,5.530935,1.058892,0.529131
eegnet,cross_session,sub-020,,ses-04,ses-05,1,,80,20,100,99,0.920000,0.920000,0.919485,0.998400,0.291183,0.147373,0.078092
eegnet,cross_session,sub-020,,ses-05,ses-01,1,,80,20,89,100,0.808989,0.808586,0.808602,0.884848,0.569132,0.311376,0.137426
eegnet,cross_session,sub-020,,ses-05,ses-02,1,,80,20,100,100,0.980000,0.980000,0.980000,0.984000,0.132478,0.033694,0.013129
eegnet,cross_session,sub-020,,ses-05,ses-03,1,,80,20,100,100,0.480000,0.480000,0.480000,0.472400,3.864073,1.027781,0.523925
eegnet,cross_session,sub-020,,ses-05,ses-04,1,,80,20,100,100,0.970000,0.970000,0.969973,0.999600,0.077984,0.041516,0.034167
eegnet,cross_session,sub-021,,ses-01,ses-02,1,,75,19,99,47,0.626263,0.627347,0.622410,0.694490,1.379930,0.589665,0.292603
eegnet,cross_session,sub-021,,ses-01,ses-03,1,,75,19,93,47,0.591398,0.589500,0.577273,0.685939,1.085190,0.579504,0.250564
eegnet,cross_session,sub-021,,ses-01,ses-04,1,,75,19,100,47,0.610000,0.610000,0.598394,0.624000,1.587954,0.646364,0.299999
eegnet,cross_session,sub-021,,ses-01,ses-05,1,,75,19,96,47,0.895833,0.895788,0.895788,0.927920,0.351308,0.204447,0.113801
eegnet,cross_session,sub-021,,ses-02,ses-01,1,,79,20,94,10,0.585106,0.585106,0.584683,0.655500,0.678710,0.474617,0.132862
eegnet,cross_session,sub-021,,ses-02,ses-03,1,,79,20,93,10,0.698925,0.697502,0.692925,0.801573,0.585406,0.399653,0.086574
eegnet,cross_session,sub-021,,ses-02,ses-04,1,,79,20,100,10,0.490000,0.490000,0.489949,0.473600,0.893894,0.645453,0.239578
eegnet,cross_session,sub-021,,ses-02,ses-05,1,,79,20,96,10,0.604167,0.600955,0.592857,0.709509,0.635168,0.444885,0.083002
eegnet,cross_session,sub-021,,ses-03,ses-01,1,,74,19,94,5,0.563830,0.563830,0.559794,0.651426,0.700456,0.482309,0.168765
eegnet,cross_session,sub-021,,ses-03,ses-02,1,,74,19,99,5,0.575758,0.574898,0.572222,0.603265,1.004384,0.596368,0.221797
eegnet,cross_session,sub-021,,ses-03,ses-04,1,,74,19,100,5,0.500000,0.500000,0.479167,0.530000,1.042529,0.662312,0.274997
eegnet,cross_session,sub-021,,ses-03,ses-05,1,,74,19,96,5,0.593750,0.592488,0.591578,0.664785,0.700375,0.483293,0.087804
eegnet,cross_session,sub-021,,ses-04,ses-01,1,,80,20,94,93,0.808511,0.808511,0.807114,0.881394,0.998217,0.332162,0.157123
eegnet,cross_session,sub-021,,ses-04,ses-02,1,,80,20,99,93,0.626263,0.625510,0.623806,0.709388,1.570186,0.611664,0.298211
eegnet,cross_session,sub-021,,ses-04,ses-03,1,,80,20,93,93,0.774194,0.773127,0.771552,0.848289,1.221645,0.394371,0.191152
eegnet,cross_session,sub-021,,ses-04,ses-05,1,,80,20,96,93,0.781250,0.782241,0.781036,0.903604,0.642950,0.297729,0.156860
eegnet,cross_session,sub-021,,ses-05,ses-01,1,,76,20,94,10,0.744681,0.744681,0.741758,0.829335,0.640997,0.383867,0.157753
eegnet,cross_session,sub-021,,ses-05,ses-02,1,,76,20,99,10,0.575758,0.577959,0.555769,0.601633,1.673415,0.689473,0.290604
eegnet,cross_session,sub-021,,ses-05,ses-03,1,,76,20,93,10,0.645161,0.643154,0.631351,0.753006,0.793563,0.474597,0.150021
eegnet,cross_session,sub-021,,ses-05,ses-04,1,,76,20,100,10,0.490000,0.490000,0.398514,0.549400,3.629388,0.941057,0.471822
eegnet,cross_session,sub-022,,ses-01,ses-02,1,,69,18,100,3,0.570000,0.570000,0.568922,0.607200,0.679831,0.486800,0.033841
eegnet,cross_session,sub-022,,ses-01,ses-03,1,,69,18,100,3,0.470000,0.470000,0.463508,0.472800,0.712352,0.518563,0.104556
eegnet,cross_session,sub-022,,ses-01,ses-04,1,,69,18,100,3,0.450000,0.450000,0.440545,0.446400,0.712317,0.518734,0.102647
eegnet,cross_session,sub-022,,ses-01,ses-05,1,,69,18,93,3,0.526882,0.527083,0.526827,0.541667,0.692506,0.499258,0.019589
eegnet,cross_session,sub-022,,ses-02,ses-01,1,,80,20,87,10,0.505747,0.505285,0.504700,0.458774,0.886989,0.643710,0.263936
eegnet,cross_session,sub-022,,ses-02,ses-03,1,,80,20,100,10,0.460000,0.460000,0.458049,0.435600,0.891002,0.655599,0.265475
eegnet,cross_session,sub-022,,ses-02,ses-04,1,,80,20,100,10,0.600000,0.600000,0.532492,0.713200,1.032893,0.627263,0.270292
eegnet,cross_session,sub-022,,ses-02,ses-05,1,,80,20,93,10,0.602151,0.603472,0.601966,0.609722,1.355608,0.656580,0.323853
eegnet,cross_session,sub-022,,ses-03,ses-01,1,,80,20,87,1,0.505747,0.504493,0.499130,0.441332,0.697496,0.504342,0.017330
eegnet,cross_session,sub-022,,ses-03,ses-02,1,,80,20,100,1,0.570000,0.570000,0.569613,0.626800,0.684935,0.491800,0.053963
eegnet,cross_session,sub-022,,ses-03,ses-04,1,,80,20,100,1,0.480000,0.480000,0.412031,0.503200,0.698838,0.505645,0.053994
eegnet,cross_session,sub-022,,ses-03,ses-05,1,,80,20,93,1,0.516129,0.515278,0.515232,0.590278,0.682196,0.489115,0.112296
eegnet,cross_session,sub-022,,ses-04,ses-01,1,,80,20,87,100,0.471264,0.471987,0.469512,0.530127,1.157917,0.686520,0.338911
eegnet,cross_session,sub-022,,ses-04,ses-02,1,,80,20,100,100,0.760000,0.760000,0.757576,0.804800,0.906648,0.401018,0.205605
eegnet,cross_session,sub-022,,ses-04,ses-03,1,,80,20,100,100,0.530000,0.530000,0.529953,0.561600,2.083691,0.785833,0.376175
eegnet,cross_session,sub-022,,ses-04,ses-05,1,,80,20,93,100,0.580645,0.581250,0.580645,0.633333,3.849117,0.727146,0.363668
eegnet,cross_session,sub-022,,ses-05,ses-01,1,,74,19,87,3,0.402299,0.401163,0.395833,0.387421,0.712159,0.518784,0.126693
eegnet,cross_session,sub-022,,ses-05,ses-02,1,,74,19,100,3,0.570000,0.570000,0.524284,0.649200,0.680570,0.487477,0.039830
eegnet,cross_session,sub-022,,ses-05,ses-03,1,,74,19,100,3,0.460000,0.460000,0.460000,0.457600,0.703142,0.510064,0.090349
eegnet,cross_session,sub-022,,ses-05,ses-04,1,,74,19,100,3,0.630000,0.630000,0.616143,0.686400,0.670449,0.477430,0.085849
eegnet,cross_session,sub-023,,ses-01,ses-02,1,,76,20,94,9,0.457447,0.457880,0.457385,0.531703,0.734371,0.535297,0.171419
eegnet,cross_session,sub-023,,ses-01,ses-03,1,,76,20,99,9,0.747475,0.748367,0.745815,0.828980,0.543541,0.366633,0.101900
eegnet,cross_session,sub-023,,ses-01,ses-04,1,,76,20,100,9,0.610000,0.610000,0.609649,0.677200,0.646557,0.454064,0.136378
eegnet,cross_session,sub-023,,ses-01,ses-05,1,,76,20,97,9,0.597938,0.598427,0.597253,0.655612,0.667234,0.467721,0.077438
eegnet,cross_session,sub-023,,ses-02,ses-01,1,,75,19,96,5,0.562500,0.562500,0.557701,0.634115,0.810734,0.561087,0.220943
eegnet,cross_session,sub-023,,ses-02,ses-03,1,,75,19,99,5,0.575758,0.576531,0.573626,0.557959,0.784133,0.550190,0.127114
eegnet,cross_session,sub-023,,ses-02,ses-04,1,,75,19,100,5,0.710000,0.710000,0.709273,0.721600,0.655881,0.433154,0.117431
eegnet,cross_session,sub-023,,ses-02,ses-05,1,,75,19,97,5,0.608247,0.610119,0.595833,0.684949,0.739319,0.476526,0.074134
eegnet,cross_session,sub-023,,ses-03,ses-01,1,,79,20,96,7,0.541667,0.541667,0.541468,0.566840,1.345287,0.687557,0.318740
eegnet,cross_session,sub-023,,ses-03,ses-02,1,,79,20,94,7,0.446809,0.446105,0.445805,0.453351,0.940657,0.661033,0.260677
eegnet,cross_session,sub-023,,ses-03,ses-04,1,,79,20,100,7,0.460000,0.460000,0.432535,0.389600,0.983963,0.705024,0.269162
eegnet,cross_session,sub-023,,ses-03,ses-05,1,,79,20,97,7,0.577320,0.576105,0.570750,0.631803,0.753460,0.523808,0.165861
eegnet,cross_session,sub-023,,ses-04,ses-01,1,,80,20,96,19,0.625000,0.625000,0.620886,0.687500,1.053266,0.544486,0.238637
eegnet,cross_session,sub-023,,ses-04,ses-02,1,,80,20,94,19,0.606383,0.607337,0.605982,0.645380,0.799772,0.518811,0.161063
eegnet,cross_session,sub-023,,ses-04,ses-03,1,,80,20,99,19,0.575758,0.574082,0.562868,0.594694,0.966783,0.604222,0.237315
eegnet,cross_session,sub-023,,ses-04,ses-05,1,,80,20,97,19,0.762887,0.762968,0.762887,0.798044,0.651935,0.366659,0.093891
eegnet,cross_session,sub-023,,ses-05,ses-01,1,,77,20,96,1,0.572917,0.572917,0.562229,0.566840,0.683866,0.491535,0.068123
eegnet,cross_session,sub-023,,ses-05,ses-02,1,,77,20,94,1,0.531915,0.532156,0.531915,0.596467,0.681127,0.488073,0.036994
eegnet,cross_session,sub-023,,ses-05,ses-03,1,,77,20,99,1,0.626263,0.627959,0.616239,0.683265,0.666069,0.475065,0.093353
eegnet,cross_session,sub-023,,ses-05,ses-04,1,,77,20,100,1,0.640000,0.640000,0.639423,0.649200,0.676762,0.483680,0.110039
eegnet,cross_session,sub-024,,ses-01,ses-02,1,,59,15,82,1,0.560976,0.553230,0.551368,0.506579,0.699749,0.506246,0.112094
eegnet,cross_session,sub-024,,ses-01,ses-03,1,,59,15,83,1,0.530120,0.537791,0.511986,0.542442,0.692301,0.499261,0.041534
eegnet,cross_session,sub-024,,ses-01,ses-04,1,,59,15,98,1,0.591837,0.593750,0.589099,0.604583,0.680578,0.487560,0.058910
eegnet,cross_session,sub-024,,ses-01,ses-05,1,,59,15,100,1,0.400000,0.400000,0.384236,0.334800,0.706437,0.513263,0.118191
eegnet,cross_session,sub-024,,ses-02,ses-01,1,,65,17,74,20,0.513514,0.509158,0.507761,0.515018,0.784490,0.562885,0.199599
eegnet,cross_session,sub-024,,ses-02,ses-03,1,,65,17,83,20,0.518072,0.520930,0.516317,0.584302,0.742933,0.538863,0.208351
eegnet,cross_session,sub-024,,ses-02,ses-04,1,,65,17,98,20,0.561224,0.561250,0.561179,0.559167,0.766795,0.548008,0.137628
eegnet,cross_session,sub-024,,ses-02,ses-05,1,,65,17,100,20,0.500000,0.500000,0.499800,0.536800,0.713948,0.516834,0.101491
eegnet,cross_session,sub-024,,ses-03,ses-01,1,,66,17,74,23,0.567568,0.556044,0.540373,0.605128,0.736297,0.527803,0.201606
eegnet,cross_session,sub-024,,ses-03,ses-02,1,,66,17,82,23,0.524390,0.524522,0.523753,0.548445,0.787631,0.556752,0.222002
eegnet,cross_session,sub-024,,ses-03,ses-04,1,,66,17,98,23,0.561224,0.561667,0.561179,0.576667,0.911934,0.589644,0.209985
eegnet,cross_session,sub-024,,ses-03,ses-05,1,,66,17,100,23,0.520000,0.520000,0.495586,0.510400,0.741680,0.544515,0.161275
eegnet,cross_session,sub-024,,ses-04,ses-01,1,,78,20,74,18,0.513514,0.510623,0.510294,0.457875,0.786012,0.582127,0.190371
eegnet,cross_session,sub-024,,ses-04,ses-02,1,,78,20,82,18,0.536585,0.525120,0.518244,0.534091,0.955121,0.646608,0.269581
eegnet,cross_session,sub-024,,ses-04,ses-03,1,,78,20,83,18,0.518072,0.520058,0.517442,0.547674,0.904087,0.633148,0.262227
eegnet,cross_session,sub-024,,ses-04,ses-05,1,,78,20,100,18,0.490000,0.490000,0.483753,0.492400,0.813599,0.592807,0.203963
eegnet,cross_session,sub-024,,ses-05,ses-01,1,,80,20,74,1,0.621622,0.627839,0.619118,0.666667,0.681617,0.488486,0.100226
eegnet,cross_session,sub-024,,ses-05,ses-02,1,,80,20,82,1,0.463415,0.462321,0.462135,0.445574,0.705637,0.512329,0.082621
eegnet,cross_session,sub-024,,ses-05,ses-03,1,,80,20,83,1,0.481928,0.486919,0.474297,0.511047,0.697936,0.505488,0.079338
eegnet,cross_session,sub-024,,ses-05,ses-04,1,,80,20,98,1,0.581633,0.582083,0.581589,0.561250,0.686566,0.493516,0.053870
eegnet,cross_session,sub-025,,ses-01,ses-02,1,,70,18,92,1,0.434783,0.434515,0.434515,0.432151,0.699632,0.506479,0.086822
eegnet,cross_session,sub-025,,ses-01,ses-03,1,,70,18,94,1,0.563830,0.562500,0.561398,0.544837,0.688407,0.495370,0.088401
eegnet,cross_session,sub-025,,ses-01,ses-04,1,,70,18,88,1,0.465909,0.465375,0.465288,0.464599,0.701957,0.508730,0.067509
eegnet,cross_session,sub-025,,ses-01,ses-05,1,,70,18,100,1,0.540000,0.540000,0.516604,0.588400,0.687815,0.494675,0.025365
eegnet,cross_session,sub-025,,ses-02,ses-01,1,,73,19,88,2,0.465909,0.463307,0.457431,0.432041,0.703021,0.509821,0.062712
eegnet,cross_session,sub-025,,ses-02,ses-03,1,,73,19,94,2,0.489362,0.486866,0.480902,0.500906,0.695319,0.502099,0.045797
eegnet,cross_session,sub-025,,ses-02,ses-04,1,,73,19,88,2,0.556818,0.560465,0.546931,0.485788,0.704198,0.510774,0.119125
eegnet,cross_session,sub-025,,ses-02,ses-05,1,,73,19,100,2,0.480000,0.480000,0.420677,0.490800,0.697611,0.504424,0.050441
eegnet,cross_session,sub-025,,ses-03,ses-01,1,,75,19,88,11,0.568182,0.566925,0.566165,0.598450,0.698430,0.499492,0.070968
eegnet,cross_session,sub-025,,ses-03,ses-02,1,,75,19,92,11,0.445652,0.447045,0.444010,0.453428,0.765725,0.564121,0.170745
eegnet,cross_session,sub-025,,ses-03,ses-04,1,,75,19,88,11,0.465909,0.466925,0.465288,0.486822,0.784694,0.562081,0.177442
eegnet,cross_session,sub-025,,ses-03,ses-05,1,,75,19,100,11,0.610000,0.610000,0.579333,0.619600,0.677727,0.484808,0.063366
eegnet,cross_session,sub-025,,ses-04,ses-01,1,,70,18,88,25,0.443182,0.445736,0.437296,0.481654,0.980890,0.692830,0.316984
eegnet,cross_session,sub-025,,ses-04,ses-02,1,,70,18,92,25,0.500000,0.503073,0.491346,0.505437,0.979917,0.667755,0.260589
eegnet,cross_session,sub-025,,ses-04,ses-03,1,,70,18,94,25,0.436170,0.440670,0.412153,0.461957,1.177093,0.733974,0.328108
eegnet,cross_session,sub-025,,ses-04,ses-05,1,,70,18,100,25,0.510000,0.510000,0.441595,0.530800,0.768015,0.563800,0.177858
eegnet,cross_session,sub-025,,ses-05,ses-01,1,,80,20,88,8,0.545455,0.550388,0.525606,0.463049,0.935166,0.657015,0.273438
eegnet,cross_session,sub-025,,ses-05,ses-02,1,,80,20,92,8,0.510870,0.513712,0.503776,0.516785,0.983455,0.657237,0.248989
eegnet,cross_session,sub-025,,ses-05,ses-03,1,,80,20,94,8,0.500000,0.505435,0.468159,0.593750,0.985979,0.636136,0.282410
eegnet,cross_session,sub-025,,ses-05,ses-04,1,,80,20,88,8,0.511364,0.509302,0.506199,0.524548,0.892585,0.601584,0.190766
eegnet,cross_session,sub-001,,ses-01,ses-02,2,,80,20,100,11,0.490000,0.490000,0.478261,0.453200,1.362457,0.786765,0.346002
eegnet,cross_session,sub-001,,ses-01,ses-03,2,,80,20,99,11,0.414141,0.414694,0.412643,0.462449,1.548595,0.839623,0.422605
eegnet,cross_session,sub-001,,ses-01,ses-04,2,,80,20,99,11,0.454545,0.452653,0.433686,0.475306,2.618632,0.890560,0.438407
eegnet,cross_session,sub-001,,ses-01,ses-05,2,,80,20,94,11,0.468085,0.465127,0.456019,0.519928,2.948704,0.911955,0.463351
eegnet,cross_session,sub-001,,ses-02,ses-01,2,,80,20,100,1,0.510000,0.510000,0.471470,0.511200,0.692822,0.499677,0.020345
eegnet,cross_session,sub-001,,ses-02,ses-03,2,,80,20,99,1,0.535354,0.535918,0.534165,0.593878,0.668904,0.477994,0.089829
eegnet,cross_session,sub-001,,ses-02,ses-04,2,,80,20,99,1,0.595960,0.594490,0.586466,0.579592,0.708302,0.505627,0.086919
eegnet,cross_session,sub-001,,ses-02,ses-05,2,,80,20,94,1,0.500000,0.499547,0.499490,0.514493,0.691291,0.499424,0.120660
eegnet,cross_session,sub-001,,ses-03,ses-01,2,,79,20,100,1,0.520000,0.520000,0.428571,0.531600,0.692745,0.499598,0.011004
eegnet,cross_session,sub-001,,ses-03,ses-02,2,,79,20,100,1,0.550000,0.550000,0.536608,0.548000,0.688834,0.495700,0.034705
eegnet,cross_session,sub-001,,ses-03,ses-04,2,,79,20,99,1,0.565657,0.564082,0.554007,0.561224,0.689278,0.496024,0.059655
eegnet,cross_session,sub-001,,ses-03,ses-05,2,,79,20,94,1,0.510638,0.507699,0.499537,0.498188,0.696158,0.502826,0.031214
eegnet,cross_session,sub-001,,ses-04,ses-01,2,,79,20,100,1,0.510000,0.510000,0.371069,0.509200,0.693389,0.500241,0.001458
eegnet,cross_session,sub-001,,ses-04,ses-02,2,,79,20,100,1,0.510000,0.510000,0.487394,0.524000,0.690500,0.497364,0.048262
eegnet,cross_session,sub-001,,ses-04,ses-03,2,,79,20,99,1,0.636364,0.638571,0.619231,0.717143,0.678927,0.485820,0.119755
eegnet,cross_session,sub-001,,ses-04,ses-05,2,,79,20,94,1,0.478723,0.475543,0.465103,0.475996,0.700200,0.506654,0.076596
eegnet,cross_session,sub-001,,ses-05,ses-01,2,,75,19,100,1,0.500000,0.500000,0.333333,0.528800,0.692904,0.499757,0.010297
eegnet,cross_session,sub-001,,ses-05,ses-02,2,,75,19,100,1,0.550000,0.550000,0.524865,0.636400,0.687424,0.494283,0.040825
eegnet,cross_session,sub-001,,ses-05,ses-03,2,,75,19,99,1,0.636364,0.637755,0.629983,0.641224,0.684356,0.491290,0.124492
eegnet,cross_session,sub-001,,ses-05,ses-04,2,,75,19,99,1,0.525253,0.522245,0.477250,0.569796,0.692747,0.499548,0.019694
eegnet,cross_session,sub-002,,ses-01,ses-02,2,,73,19,95,94,0.505263,0.504876,0.504385,0.533245,1.537373,0.716995,0.328486
eegnet,cross_session,sub-002,,ses-01,ses-03,2,,73,19,100,94,0.400000,0.390606,0.379909,0.393818,1.222012,0.775961,0.374914
eegnet,cross_session,sub-002,,ses-01,ses-04,2,,73,19,100,94,0.530000,0.530000,0.472562,0.579200,0.901818,0.635165,0.258726
eegnet,cross_session,sub-002,,ses-01,ses-05,2,,73,19,95,94,0.652632,0.651952,0.652015,0.691216,0.902354,0.495751,0.152141
eegnet,cross_session,sub-002,,ses-02,ses-01,2,,76,19,92,1,0.489130,0.489130,0.328467,0.536389,0.695217,0.502056,0.023138
eegnet,cross_session,sub-002,,ses-02,ses-03,2,,76,19,100,1,0.470000,0.500000,0.319728,0.476515,0.694833,0.501686,0.041329
eegnet,cross_session,sub-002,,ses-02,ses-04,2,,76,19,100,1,0.500000,0.500000,0.333333,0.524600,0.693391,0.500243,0.011523
eegnet,cross_session,sub-002,,ses-02,ses-05,2,,76,19,95,1,0.484211,0.500000,0.326241,0.396185,0.694507,0.501360,0.027007
eegnet,cross_session,sub-002,,ses-03,ses-01,2,,80,20,92,16,0.456522,0.456522,0.416836,0.590737,1.004308,0.667794,0.332767
eegnet,cross_session,sub-002,,ses-03,ses-02,2,,80,20,95,16,0.515789,0.517287,0.506549,0.475177,1.101721,0.600114,0.216133
eegnet,cross_session,sub-002,,ses-03,ses-04,2,,80,20,100,16,0.590000,0.590000,0.588972,0.631600,0.675769,0.480498,0.104495
eegnet,cross_session,sub-002,,ses-03,ses-05,2,,80,20,95,16,0.473684,0.478483,0.463640,0.480035,1.070833,0.709872,0.290093
eegnet,cross_session,sub-002,,ses-04,ses-01,2,,80,20,92,70,0.565217,0.565217,0.551657,0.550567,5.097153,0.776558,0.380790
eegnet,cross_session,sub-002,,ses-04,ses-02,2,,80,20,95,70,0.642105,0.642066,0.642066,0.695479,2.704425,0.624348,0.318214
eegnet,cross_session,sub-002,,ses-04,ses-03,2,,80,20,100,70,0.520000,0.515857,0.515152,0.564031,3.955559,0.892374,0.450472
eegnet,cross_session,sub-002,,ses-04,ses-05,2,,80,20,95,70,0.642105,0.635093,0.619821,0.608917,5.007220,0.674139,0.333094
eegnet,cross_session,sub-002,,ses-05,ses-01,2,,76,19,92,4,0.445652,0.445652,0.445062,0.467864,1.018579,0.544171,0.137747
eegnet,cross_session,sub-002,,ses-05,ses-02,2,,76,19,95,4,0.536842,0.535461,0.528004,0.514628,0.989751,0.527972,0.061915
eegnet,cross_session,sub-002,,ses-05,ses-03,2,,76,19,100,4,0.470000,0.469892,0.469523,0.434364,0.703667,0.511081,0.168131
eegnet,cross_session,sub-002,,ses-05,ses-04,2,,76,19,100,4,0.590000,0.590000,0.589631,0.595600,0.680214,0.487265,0.076030
eegnet,cross_session,sub-003,,ses-01,ses-02,2,,73,19,100,37,0.500000,0.500000,0.479167,0.436400,1.277339,0.757618,0.332652
eegnet,cross_session,sub-003,,ses-01,ses-03,2,,73,19,92,37,0.478261,0.474704,0.461988,0.460993,3.691296,0.910292,0.469752
eegnet,cross_session,sub-003,,ses-01,ses-04,2,,73,19,100,37,0.550000,0.550000,0.548872,0.548800,0.909987,0.608791,0.181835
eegnet,cross_session,sub-003,,ses-01,ses-05,2,,73,19,100,37,0.460000,0.460000,0.456522,0.411600,0.929640,0.656835,0.284336
eegnet,cross_session,sub-003,,ses-02,ses-01,2,,80,20,92,19,0.467391,0.464015,0.462245,0.428030,1.214813,0.756697,0.307675
eegnet,cross_session,sub-003,,ses-02,ses-03,2,,80,20,92,19,0.532609,0.534988,0.528093,0.559811,1.669789,0.705510,0.314598
eegnet,cross_session,sub-003,,ses-02,ses-04,2,,80,20,100,19,0.690000,0.690000,0.687468,0.701600,0.672723,0.449926,0.103162
eegnet,cross_session,sub-003,,ses-02,ses-05,2,,80,20,100,19,0.560000,0.560000,0.553571,0.634400,0.679586,0.483246,0.171034
eegnet,cross_session,sub-003,,ses-03,ses-01,2,,73,19,92,31,0.510870,0.527462,0.438644,0.474432,0.822473,0.596784,0.205416
eegnet,cross_session,sub-003,,ses-03,ses-02,2,,73,19,100,31,0.500000,0.500000,0.434645,0.572800,0.751360,0.543115,0.143674
eegnet,cross_session,sub-003,,ses-03,ses-04,2,,73,19,100,31,0.540000,0.540000,0.441476,0.546800,0.719612,0.523525,0.092593
eegnet,cross_session,sub-003,,ses-03,ses-05,2,,73,19,100,31,0.510000,0.510000,0.355178,0.538400,0.721808,0.527276,0.121007
eegnet,cross_session,sub-003,,ses-04,ses-01,2,,80,20,92,1,0.586957,0.589015,0.586761,0.580019,0.699936,0.500168,0.103248
eegnet,cross_session,sub-003,,ses-04,ses-02,2,,80,20,100,1,0.480000,0.480000,0.462588,0.511200,0.698065,0.505097,0.086008
eegnet,cross_session,sub-003,,ses-04,ses-03,2,,80,20,92,1,0.608696,0.608038,0.607955,0.673759,0.968014,0.461012,0.112993
eegnet,cross_session,sub-003,,ses-04,ses-05,2,,80,20,100,1,0.490000,0.490000,0.466471,0.526800,0.695087,0.501868,0.048175
eegnet,cross_session,sub-003,,ses-05,ses-01,2,,80,20,92,6,0.565217,0.567235,0.565012,0.562027,1.249244,0.656515,0.272569
eegnet,cross_session,sub-003,,ses-05,ses-02,2,,80,20,100,6,0.430000,0.430000,0.427193,0.406800,1.635008,0.837984,0.373002
eegnet,cross_session,sub-003,,ses-05,ses-03,2,,80,20,92,6,0.597826,0.601182,0.589632,0.669976,2.285749,0.665596,0.337241
eegnet,cross_session,sub-003,,ses-05,ses-04,2,,80,20,100,6,0.530000,0.530000,0.529953,0.580000,0.813727,0.559484,0.210225
eegnet,cross_session,sub-004,,ses-01,ses-02,2,,69,18,97,13,0.494845,0.489796,0.331034,0.623724,0.691448,0.498306,0.041952
eegnet,cross_session,sub-004,,ses-01,ses-03,2,,69,18,91,13,0.549451,0.524467,0.411978,0.538760,0.689422,0.496278,0.035388
eegnet,cross_session,sub-004,,ses-01,ses-04,2,,69,18,100,13,0.500000,0.500000,0.333333,0.459200,0.694036,0.500888,0.018446
eegnet,cross_session,sub-004,,ses-01,ses-05,2,,69,18,100,13,0.500000,0.500000,0.333333,0.498800,0.693748,0.500601,0.016887
eegnet,cross_session,sub-004,,ses-02,ses-01,2,,77,20,87,1,0.609195,0.608087,0.604968,0.590381,0.981916,0.499524,0.102659
eegnet,cross_session,sub-004,,ses-02,ses-03,2,,77,20,91,1,0.571429,0.569525,0.569557,0.601260,0.697389,0.500484,0.097578
eegnet,cross_session,sub-004,,ses-02,ses-04,2,,77,20,100,1,0.500000,0.500000,0.457465,0.455200,0.715381,0.521533,0.111994
eegnet,cross_session,sub-004,,ses-02,ses-05,2,,77,20,100,1,0.570000,0.570000,0.562608,0.567600,0.692513,0.499362,0.080739
eegnet,cross_session,sub-004,,ses-03,ses-01,2,,72,19,87,6,0.586207,0.586945,0.584836,0.588795,0.699686,0.500379,0.094925
eegnet,cross_session,sub-004,,ses-03,ses-02,2,,72,19,97,6,0.618557,0.618410,0.618394,0.571429,0.694127,0.500232,0.136970
eegnet,cross_session,sub-004,,ses-03,ses-04,2,,72,19,100,6,0.490000,0.490000,0.360502,0.459600,0.748798,0.550057,0.125231
eegnet,cross_session,sub-004,,ses-03,ses-05,2,,72,19,100,6,0.570000,0.570000,0.568922,0.545600,0.689526,0.496403,0.047942
eegnet,cross_session,sub-004,,ses-04,ses-01,2,,80,20,87,6,0.586207,0.584567,0.576757,0.646934,0.686439,0.483157,0.097084
eegnet,cross_session,sub-004,,ses-04,ses-02,2,,80,20,97,6,0.649485,0.649022,0.648551,0.663265,0.688454,0.483640,0.112616
eegnet,cross_session,sub-004,,ses-04,ses-03,2,,80,20,91,6,0.637363,0.633236,0.632930,0.677810,0.844153,0.479631,0.146743
eegnet,cross_session,sub-004,,ses-04,ses-05,2,,80,20,100,6,0.480000,0.480000,0.472403,0.524000,0.704070,0.510133,0.089120
eegnet,cross_session,sub-004,,ses-05,ses-01,2,,80,20,87,4,0.528736,0.526163,0.502441,0.521670,1.491363,0.627967,0.240483
eegnet,cross_session,sub-004,,ses-05,ses-02,2,,80,20,97,4,0.505155,0.503189,0.485411,0.471939,0.893667,0.588024,0.129771
eegnet,cross_session,sub-004,,ses-05,ses-03,2,,80,20,91,4,0.483516,0.476502,0.470996,0.470446,1.459080,0.691068,0.265180
eegnet,cross_session,sub-004,,ses-05,ses-04,2,,80,20,100,4,0.430000,0.430000,0.360341,0.444400,1.021114,0.688898,0.297386
eegnet,cross_session,sub-005,,ses-01,ses-02,2,,75,19,100,1,0.500000,0.500000,0.333333,0.426000,0.693527,0.500379,0.009687
eegnet,cross_session,sub-005,,ses-01,ses-03,2,,75,19,93,1,0.494624,0.500000,0.330935,0.594820,0.690667,0.497563,0.025232
eegnet,cross_session,sub-005,,ses-01,ses-04,2,,75,19,99,1,0.505051,0.500000,0.335570,0.502449,0.693069,0.499922,0.004982
eegnet,cross_session,sub-005,,ses-01,ses-05,2,,75,19,89,1,0.516854,0.500000,0.340741,0.546006,0.692325,0.499178,0.007238
eegnet,cross_session,sub-005,,ses-02,ses-01,2,,80,20,94,80,0.521277,0.509070,0.470919,0.514286,7.761320,0.940004,0.473821
eegnet,cross_session,sub-005,,ses-02,ses-03,2,,80,20,93,80,0.548387,0.549954,0.539387,0.597132,2.735353,0.834228,0.431944
eegnet,cross_session,sub-005,,ses-02,ses-04,2,,80,20,99,80,0.474747,0.472857,0.454661,0.525714,1.506158,0.809561,0.399645
eegnet,cross_session,sub-005,,ses-02,ses-05,2,,80,20,89,80,0.573034,0.573306,0.572980,0.549039,2.213959,0.763805,0.363967
eegnet,cross_session,sub-005,,ses-03,ses-01,2,,74,19,94,38,0.574468,0.566440,0.554291,0.601361,0.670593,0.482578,0.107947
eegnet,cross_session,sub-005,,ses-03,ses-02,2,,74,19,100,38,0.470000,0.470000,0.405229,0.529200,0.703935,0.510834,0.102876
eegnet,cross_session,sub-005,,ses-03,ses-04,2,,74,19,99,38,0.383838,0.383469,0.382831,0.355510,0.771170,0.574574,0.201004
eegnet,cross_session,sub-005,,ses-03,ses-05,2,,74,19,89,38,0.438202,0.434530,0.429487,0.470172,0.826319,0.594203,0.186813
eegnet,cross_session,sub-005,,ses-04,ses-01,2,,79,20,94,5,0.489362,0.477551,0.439642,0.520181,1.122866,0.606389,0.254584
eegnet,cross_session,sub-005,,ses-04,ses-02,2,,79,20,100,5,0.580000,0.580000,0.544271,0.582800,0.686584,0.493315,0.079387
eegnet,cross_session,sub-005,,ses-04,ses-03,2,,79,20,93,5,0.430108,0.430157,0.430108,0.488437,0.826301,0.580563,0.227037
eegnet,cross_session,sub-005,,ses-04,ses-05,2,,79,20,89,5,0.494382,0.487361,0.467491,0.462083,0.864437,0.603122,0.181139
eegnet,cross_session,sub-005,,ses-05,ses-01,2,,71,18,94,1,0.489362,0.494785,0.483516,0.517914,0.822476,0.512919,0.074759
eegnet,cross_session,sub-005,,ses-05,ses-02,2,,71,18,100,1,0.450000,0.450000,0.406752,0.346400,0.700806,0.507650,0.064046
eegnet,cross_session,sub-005,,ses-05,ses-03,2,,71,18,93,1,0.526882,0.527752,0.524186,0.547641,0.685072,0.492083,0.011672
eegnet,cross_session,sub-005,,ses-05,ses-04,2,,71,18,99,1,0.464646,0.463061,0.450288,0.458367,0.695943,0.502790,0.051359
eegnet,cross_session,sub-006,,ses-01,ses-02,2,,74,19,94,55,0.648936,0.646286,0.642091,0.687500,3.753437,0.636143,0.321677
eegnet,cross_session,sub-006,,ses-01,ses-03,2,,74,19,95,55,0.368421,0.369459,0.362701,0.226950,5.385592,1.220385,0.621706
eegnet,cross_session,sub-006,,ses-01,ses-04,2,,74,19,92,55,0.771739,0.768558,0.765506,0.843026,1.301525,0.400216,0.179775
eegnet,cross_session,sub-006,,ses-01,ses-05,2,,74,19,95,55,0.578947,0.576531,0.575134,0.581633,2.752339,0.717566,0.339679
eegnet,cross_session,sub-006,,ses-02,ses-01,2,,75,19,93,11,0.612903,0.613194,0.612858,0.665972,2.036896,0.619009,0.293874
eegnet,cross_session,sub-006,,ses-02,ses-03,2,,75,19,95,11,0.505263,0.504654,0.503282,0.469193,3.115737,0.879265,0.419472
eegnet,cross_session,sub-006,,ses-02,ses-04,2,,75,19,92,11,0.608696,0.602837,0.574730,0.648936,1.888453,0.701897,0.364146
eegnet,cross_session,sub-006,,ses-02,ses-05,2,,75,19,95,11,0.494737,0.490240,0.481818,0.533940,2.365834,0.771645,0.362184
eegnet,cross_session,sub-006,,ses-03,ses-01,2,,76,19,93,16,0.602151,0.600000,0.599185,0.605556,1.158989,0.627724,0.285897
eegnet,cross_session,sub-006,,ses-03,ses-02,2,,76,19,94,16,0.595745,0.596920,0.595011,0.538043,1.471721,0.729138,0.343171
eegnet,cross_session,sub-006,,ses-03,ses-04,2,,76,19,92,16,0.554348,0.562411,0.488542,0.658629,1.322566,0.632146,0.266196
eegnet,cross_session,sub-006,,ses-03,ses-05,2,,76,19,95,16,0.694737,0.689441,0.683370,0.696983,0.835505,0.480092,0.197782
eegnet,cross_session,sub-006,,ses-04,ses-01,2,,73,19,93,20,0.526882,0.536806,0.483333,0.662037,0.988812,0.633037,0.286776
eegnet,cross_session,sub-006,,ses-04,ses-02,2,,73,19,94,20,0.595745,0.598279,0.591117,0.625000,1.180960,0.643631,0.304184
eegnet,cross_session,sub-006,,ses-04,ses-03,2,,73,19,95,20,0.536842,0.537899,0.532648,0.522606,1.089465,0.617057,0.249668
eegnet,cross_session,sub-006,,ses-04,ses-05,2,,73,19,95,20,0.621053,0.622671,0.620674,0.648625,1.137189,0.556047,0.187138
eegnet,cross_session,sub-006,,ses-05,ses-01,2,,76,19,93,25,0.537634,0.538889,0.537420,0.522222,2.852049,0.841336,0.400485
eegnet,cross_session,sub-006,,ses-05,ses-02,2,,76,19,94,25,0.478723,0.480072,0.477244,0.440670,1.224841,0.773872,0.340822
eegnet,cross_session,sub-006,,ses-05,ses-03,2,,76,19,95,25,0.294737,0.295878,0.286835,0.250000,1.702499,1.013488,0.513477
eegnet,cross_session,sub-006,,ses-05,ses-04,2,,76,19,92,25,0.608696,0.602364,0.568750,0.584397,1.354892,0.682340,0.323016
eegnet,cross_session,sub-007,,ses-01,ses-02,2,,80,20,100,5,0.510000,0.510000,0.509951,0.464800,0.835086,0.581568,0.157359
eegnet,cross_session,sub-007,,ses-01,ses-03,2,,80,20,96,5,0.531250,0.531250,0.531199,0.513021,0.818799,0.571501,0.187979
eegnet,cross_session,sub-007,,ses-01,ses-04,2,,80,20,92,5,0.521739,0.521739,0.492732,0.475425,0.997840,0.627487,0.236724
eegnet,cross_session,sub-007,,ses-01,ses-05,2,,80,20,100,5,0.610000,0.610000,0.608080,0.660400,0.648697,0.457910,0.111363
eegnet,cross_session,sub-007,,ses-02,ses-01,2,,80,20,100,3,0.490000,0.490000,0.466471,0.453200,0.710024,0.516098,0.072149
eegnet,cross_session,sub-007,,ses-02,ses-03,2,,80,20,96,3,0.447917,0.447917,0.420171,0.458333,0.759536,0.543179,0.170643
eegnet,cross_session,sub-007,,ses-02,ses-04,2,,80,20,92,3,0.510870,0.510870,0.478261,0.543478,0.920475,0.602435,0.235156
eegnet,cross_session,sub-007,,ses-02,ses-05,2,,80,20,100,3,0.480000,0.480000,0.458333,0.450400,0.726713,0.532930,0.123917
eegnet,cross_session,sub-007,,ses-03,ses-01,2,,76,20,100,41,0.570000,0.570000,0.569613,0.635600,0.682853,0.480562,0.091103
eegnet,cross_session,sub-007,,ses-03,ses-02,2,,76,20,100,41,0.510000,0.510000,0.503998,0.493200,0.900326,0.611661,0.153542
eegnet,cross_session,sub-007,,ses-03,ses-04,2,,76,20,92,41,0.478261,0.478261,0.478014,0.525047,1.309084,0.705421,0.324510
eegnet,cross_session,sub-007,,ses-03,ses-05,2,,76,20,100,41,0.660000,0.660000,0.659455,0.678800,0.650153,0.456330,0.112020
eegnet,cross_session,sub-007,,ses-04,ses-01,2,,73,19,100,16,0.520000,0.520000,0.515152,0.514400,0.740394,0.540830,0.139663
eegnet,cross_session,sub-007,,ses-04,ses-02,2,,73,19,100,16,0.450000,0.450000,0.433632,0.407600,0.898522,0.601443,0.207360
eegnet,cross_session,sub-007,,ses-04,ses-03,2,,73,19,96,16,0.583333,0.583333,0.583152,0.642361,0.762480,0.500982,0.149910
eegnet,cross_session,sub-007,,ses-04,ses-05,2,,73,19,100,16,0.670000,0.670000,0.669173,0.748400,0.593168,0.413683,0.137254
eegnet,cross_session,sub-007,,ses-05,ses-01,2,,80,20,100,17,0.550000,0.550000,0.546325,0.542800,0.988924,0.631315,0.273077
eegnet,cross_session,sub-007,,ses-05,ses-02,2,,80,20,100,17,0.520000,0.520000,0.510404,0.466400,1.188616,0.692824,0.268561
eegnet,cross_session,sub-007,,ses-05,ses-03,2,,80,20,96,17,0.500000,0.500000,0.498039,0.530382,1.398912,0.678770,0.299204
eegnet,cross_session,sub-007,,ses-05,ses-04,2,,80,20,92,17,0.597826,0.597826,0.597779,0.591682,2.398074,0.708048,0.351873
eegnet,cross_session,sub-008,,ses-01,ses-02,2,,80,20,94,58,0.489362,0.489362,0.474126,0.497284,8.648888,0.985158,0.497936
eegnet,cross_session,sub-008,,ses-01,ses-03,2,,80,20,89,58,0.539326,0.544192,0.436622,0.548232,11.675074,0.920353,0.460395
eegnet,cross_session,sub-008,,ses-01,ses-04,2,,80,20,96,58,0.500000,0.500000,0.477314,0.505208,3.615896,0.903994,0.453573
eegnet,cross_session,sub-008,,ses-01,ses-05,2,,80,20,100,58,0.460000,0.460000,0.456522,0.441200,3.194825,0.953979,0.477137
eegnet,cross_session,sub-008,,ses-02,ses-01,2,,75,19,100,10,0.500000,0.500000,0.333333,0.546400,0.703049,0.509804,0.070339
eegnet,cross_session,sub-008,,ses-02,ses-03,2,,75,19,89,10,0.494382,0.500000,0.330827,0.506061,0.708156,0.514756,0.079256
eegnet,cross_session,sub-008,,ses-02,ses-04,2,,75,19,96,10,0.500000,0.500000,0.333333,0.401042,0.703686,0.510429,0.070729
eegnet,cross_session,sub-008,,ses-02,ses-05,2,,75,19,100,10,0.500000,0.500000,0.333333,0.425600,0.703528,0.510273,0.070711
eegnet,cross_session,sub-008,,ses-03,ses-01,2,,71,18,100,30,0.520000,0.520000,0.376299,0.650000,0.690928,0.497936,0.090967
eegnet,cross_session,sub-008,,ses-03,ses-02,2,,71,18,94,30,0.478723,0.478723,0.471486,0.481666,1.507008,0.764080,0.342388
eegnet,cross_session,sub-008,,ses-03,ses-04,2,,71,18,96,30,0.468750,0.468750,0.363743,0.401042,0.734754,0.539544,0.122065
eegnet,cross_session,sub-008,,ses-03,ses-05,2,,71,18,100,30,0.460000,0.460000,0.357143,0.520800,0.708421,0.514944,0.122505
eegnet,cross_session,sub-008,,ses-04,ses-01,2,,76,20,100,13,0.520000,0.520000,0.485199,0.508000,0.782405,0.570217,0.142184
eegnet,cross_session,sub-008,,ses-04,ses-02,2,,76,20,94,13,0.510638,0.510638,0.476513,0.452014,3.294695,0.824258,0.370773
eegnet,cross_session,sub-008,,ses-04,ses-03,2,,76,20,89,13,0.561798,0.560606,0.556195,0.529798,1.757356,0.725002,0.350217
eegnet,cross_session,sub-008,,ses-04,ses-05,2,,76,20,100,13,0.570000,0.570000,0.564733,0.576400,0.758780,0.543322,0.152908
eegnet,cross_session,sub-008,,ses-05,ses-01,2,,80,20,100,1,0.480000,0.480000,0.402574,0.508400,0.694069,0.500927,0.049330
eegnet,cross_session,sub-008,,ses-05,ses-02,2,,80,20,94,1,0.510638,0.510638,0.496037,0.480308,1.729902,0.646043,0.220857
eegnet,cross_session,sub-008,,ses-05,ses-03,2,,80,20,89,1,0.426966,0.424747,0.402527,0.483333,0.854295,0.606765,0.252444
eegnet,cross_session,sub-008,,ses-05,ses-04,2,,80,20,96,1,0.635417,0.635417,0.633468,0.614149,0.685207,0.491911,0.138997
eegnet,cross_session,sub-009,,ses-01,ses-02,2,,78,20,100,1,0.460000,0.460000,0.379596,0.508000,0.693639,0.500492,0.051550
eegnet,cross_session,sub-009,,ses-01,ses-03,2,,78,20,100,1,0.510000,0.510000,0.432279,0.546000,0.690894,0.497756,0.037286
eegnet,cross_session,sub-009,,ses-01,ses-04,2,,78,20,96,1,0.468750,0.466522,0.465910,0.465652,0.973977,0.517787,0.068089
eegnet,cross_session,sub-009,,ses-01,ses-05,2,,78,20,99,1,0.464646,0.464898,0.464428,0.446531,0.710107,0.516367,0.073492
eegnet,cross_session,sub-009,,ses-02,ses-01,2,,80,20,98,6,0.510204,0.510000,0.510000,0.525833,0.901981,0.611810,0.251160
eegnet,cross_session,sub-009,,ses-02,ses-03,2,,80,20,100,6,0.490000,0.490000,0.488722,0.481200,0.821509,0.597282,0.223172
eegnet,cross_session,sub-009,,ses-02,ses-04,2,,80,20,96,6,0.520833,0.528696,0.507143,0.546087,1.265788,0.592805,0.188959
eegnet,cross_session,sub-009,,ses-02,ses-05,2,,80,20,99,6,0.454545,0.451633,0.403348,0.434694,1.263394,0.801530,0.362033
eegnet,cross_session,sub-009,,ses-03,ses-01,2,,80,20,98,11,0.581633,0.582500,0.581240,0.585000,0.753970,0.526342,0.091588
eegnet,cross_session,sub-009,,ses-03,ses-02,2,,80,20,100,11,0.570000,0.570000,0.557203,0.539600,0.745454,0.542248,0.146823
eegnet,cross_session,sub-009,,ses-03,ses-04,2,,80,20,96,11,0.385417,0.387391,0.384816,0.386304,1.511651,0.735644,0.335182
eegnet,cross_session,sub-009,,ses-03,ses-05,2,,80,20,99,11,0.464646,0.464286,0.463771,0.490612,1.106870,0.719025,0.322428
eegnet,cross_session,sub-009,,ses-04,ses-01,2,,76,20,98,65,0.551020,0.550833,0.550833,0.537500,0.699797,0.507360,0.105416
eegnet,cross_session,sub-009,,ses-04,ses-02,2,,76,20,100,65,0.590000,0.590000,0.571085,0.561200,0.690604,0.497457,0.086580
eegnet,cross_session,sub-009,,ses-04,ses-03,2,,76,20,100,65,0.520000,0.520000,0.465241,0.478000,0.688936,0.495867,0.014477
eegnet,cross_session,sub-009,,ses-04,ses-05,2,,76,20,99,65,0.505051,0.503061,0.483991,0.503265,0.714148,0.520282,0.062817
eegnet,cross_session,sub-009,,ses-05,ses-01,2,,79,20,98,2,0.510204,0.507083,0.496791,0.492083,0.702406,0.508705,0.042451
eegnet,cross_session,sub-009,,ses-05,ses-02,2,,79,20,100,2,0.510000,0.510000,0.371069,0.438000,0.696228,0.503075,0.037476
eegnet,cross_session,sub-009,,ses-05,ses-03,2,,79,20,100,2,0.500000,0.500000,0.379960,0.493600,0.697289,0.503898,0.040467
eegnet,cross_session,sub-009,,ses-05,ses-04,2,,79,20,96,2,0.500000,0.492174,0.477314,0.519565,0.690761,0.500491,0.045161
eegnet,cross_session,sub-010,,ses-01,ses-02,2,,71,18,94,1,0.553191,0.553191,0.539860,0.574921,0.689063,0.495307,0.062421
eegnet,cross_session,sub-010,,ses-01,ses-03,2,,71,18,100,1,0.510000,0.510000,0.508772,0.574000,0.684947,0.491907,0.040661
eegnet,cross_session,sub-010,,ses-01,ses-04,2,,71,18,100,1,0.550000,0.550000,0.536608,0.551600,0.691272,0.498124,0.056594
eegnet,cross_session,sub-010,,ses-01,ses-05,2,,71,18,97,1,0.546392,0.548469,0.528294,0.572279,0.683720,0.490728,0.050717
eegnet,cross_session,sub-010,,ses-02,ses-01,2,,75,19,89,1,0.539326,0.536148,0.533436,0.530334,0.692261,0.499111,0.063927
eegnet,cross_session,sub-010,,ses-02,ses-03,2,,75,19,100,1,0.520000,0.520000,0.518266,0.531600,0.690334,0.497194,0.039301
eegnet,cross_session,sub-010,,ses-02,ses-04,2,,75,19,100,1,0.480000,0.480000,0.420677,0.515600,0.693183,0.500036,0.028871
eegnet,cross_session,sub-010,,ses-02,ses-05,2,,75,19,97,1,0.505155,0.507866,0.469945,0.566327,0.848154,0.517020,0.046820
eegnet,cross_session,sub-010,,ses-03,ses-01,2,,80,20,89,5,0.460674,0.460061,0.460061,0.500000,0.744297,0.543654,0.149249
eegnet,cross_session,sub-010,,ses-03,ses-02,2,,80,20,94,5,0.489362,0.489362,0.487273,0.473065,0.939648,0.614874,0.161936
eegnet,cross_session,sub-010,,ses-03,ses-04,2,,80,20,100,5,0.570000,0.570000,0.550162,0.628400,0.676333,0.482687,0.056194
eegnet,cross_session,sub-010,,ses-03,ses-05,2,,80,20,97,5,0.474227,0.474915,0.472207,0.467687,1.093517,0.623093,0.198012
eegnet,cross_session,sub-010,,ses-04,ses-01,2,,80,20,89,13,0.494382,0.501011,0.477495,0.483822,1.385780,0.764390,0.343497
eegnet,cross_session,sub-010,,ses-04,ses-02,2,,80,20,94,13,0.521277,0.521277,0.520788,0.507469,2.825663,0.769488,0.341179
eegnet,cross_session,sub-010,,ses-04,ses-03,2,,80,20,100,13,0.600000,0.600000,0.595960,0.618000,1.094562,0.613536,0.244587
eegnet,cross_session,sub-010,,ses-04,ses-05,2,,80,20,97,13,0.587629,0.588010,0.587234,0.586735,2.110417,0.709166,0.319871
eegnet,cross_session,sub-010,,ses-05,ses-01,2,,77,20,89,9,0.640449,0.639282,0.639311,0.641557,0.681062,0.487942,0.116287
eegnet,cross_session,sub-010,,ses-05,ses-02,2,,77,20,94,9,0.457447,0.457447,0.449914,0.451788,0.697084,0.503926,0.052933
eegnet,cross_session,sub-010,,ses-05,ses-03,2,,77,20,100,9,0.510000,0.510000,0.487394,0.521200,0.687172,0.494093,0.043831
eegnet,cross_session,sub-010,,ses-05,ses-04,2,,77,20,100,9,0.550000,0.550000,0.547784,0.546400,0.693163,0.500014,0.054464
eegnet,cross_session,sub-011,,ses-01,ses-02,2,,80,20,94,1,0.510638,0.512472,0.510417,0.475737,0.986190,0.645717,0.180747
eegnet,cross_session,sub-011,,ses-01,ses-03,2,,80,20,100,1,0.600000,0.600000,0.597424,0.622800,0.671223,0.478566,0.055521
eegnet,cross_session,sub-011,,ses-01,ses-04,2,,80,20,100,1,0.510000,0.510000,0.507587,0.506400,0.702618,0.509043,0.047418
eegnet,cross_session,sub-011,,ses-01,ses-05,2,,80,20,100,1,0.460000,0.460000,0.458049,0.485600,0.703725,0.510247,0.086283
eegnet,cross_session,sub-011,,ses-02,ses-01,2,,75,19,100,5,0.520000,0.520000,0.391172,0.612800,0.688790,0.495653,0.030710
eegnet,cross_session,sub-011,,ses-02,ses-03,2,,75,19,100,5,0.440000,0.440000,0.399399,0.422400,0.702365,0.509162,0.086992
eegnet,cross_session,sub-011,,ses-02,ses-04,2,,75,19,100,5,0.480000,0.480000,0.442299,0.484400,0.698929,0.505780,0.048204
eegnet,cross_session,sub-011,,ses-02,ses-05,2,,75,19,100,5,0.520000,0.520000,0.472527,0.502800,0.690839,0.497722,0.025885
eegnet,cross_session,sub-011,,ses-03,ses-01,2,,80,20,100,11,0.570000,0.570000,0.569957,0.561600,0.693829,0.500336,0.092541
eegnet,cross_session,sub-011,,ses-03,ses-02,2,,80,20,94,11,0.500000,0.494104,0.486935,0.457596,2.347735,0.789024,0.367357
eegnet,cross_session,sub-011,,ses-03,ses-04,2,,80,20,100,11,0.550000,0.550000,0.549955,0.573600,0.729231,0.525515,0.143405
eegnet,cross_session,sub-011,,ses-03,ses-05,2,,80,20,100,11,0.460000,0.460000,0.459784,0.468800,0.797502,0.585774,0.193402
eegnet,cross_session,sub-011,,ses-04,ses-01,2,,80,20,100,16,0.500000,0.500000,0.486864,0.425600,0.841408,0.615628,0.202893
eegnet,cross_session,sub-011,,ses-04,ses-02,2,,80,20,94,16,0.414894,0.414286,0.414297,0.367347,4.340471,1.051263,0.523139
eegnet,cross_session,sub-011,,ses-04,ses-03,2,,80,20,100,16,0.550000,0.550000,0.546325,0.557200,0.949149,0.614835,0.251672
eegnet,cross_session,sub-011,,ses-04,ses-05,2,,80,20,100,16,0.480000,0.480000,0.472403,0.518400,0.782222,0.575785,0.203673
eegnet,cross_session,sub-011,,ses-05,ses-01,2,,80,20,100,1,0.510000,0.510000,0.471470,0.543200,0.690440,0.497298,0.033579
eegnet,cross_session,sub-011,,ses-05,ses-02,2,,80,20,94,1,0.478723,0.479138,0.478664,0.439456,0.963724,0.646097,0.197764
eegnet,cross_session,sub-011,,ses-05,ses-03,2,,80,20,100,1,0.610000,0.610000,0.608080,0.636000,0.674388,0.481479,0.075891
eegnet,cross_session,sub-011,,ses-05,ses-04,2,,80,20,100,1,0.490000,0.490000,0.489541,0.520000,0.695425,0.502231,0.059534
eegnet,cross_session,sub-012,,ses-01,ses-02,2,,80,20,91,1,0.395604,0.393237,0.364928,0.370531,0.715473,0.522132,0.140771
eegnet,cross_session,sub-012,,ses-01,ses-03,2,,80,20,97,1,0.474227,0.476616,0.445714,0.492772,0.694378,0.501297,0.070206
eegnet,cross_session,sub-012,,ses-01,ses-04,2,,80,20,87,1,0.482759,0.484921,0.481663,0.434921,0.838056,0.521978,0.057753
eegnet,cross_session,sub-012,,ses-01,ses-05,2,,80,20,83,1,0.506024,0.482565,0.475574,0.530142,0.692731,0.499519,0.017332
eegnet,cross_session,sub-012,,ses-02,ses-01,2,,72,19,100,4,0.520000,0.520000,0.519231,0.476400,0.705789,0.512002,0.037462
eegnet,cross_session,sub-012,,ses-02,ses-03,2,,72,19,97,4,0.515464,0.516794,0.507933,0.536565,0.694845,0.501393,0.034793
eegnet,cross_session,sub-012,,ses-02,ses-04,2,,72,19,87,4,0.482759,0.477778,0.469009,0.488360,0.876490,0.513470,0.093600
eegnet,cross_session,sub-012,,ses-02,ses-05,2,,72,19,83,4,0.445783,0.432624,0.431845,0.421395,0.708323,0.514876,0.087516
eegnet,cross_session,sub-012,,ses-03,ses-01,2,,77,20,100,1,0.620000,0.620000,0.618627,0.606000,0.685411,0.492286,0.099058
eegnet,cross_session,sub-012,,ses-03,ses-02,2,,77,20,91,1,0.395604,0.394686,0.390897,0.413527,0.728382,0.527827,0.152673
eegnet,cross_session,sub-012,,ses-03,ses-04,2,,77,20,87,1,0.436782,0.440476,0.431979,0.437566,0.843116,0.529344,0.110114
eegnet,cross_session,sub-012,,ses-03,ses-05,2,,77,20,83,1,0.493976,0.475177,0.471818,0.485225,0.692351,0.499171,0.057635
eegnet,cross_session,sub-012,,ses-04,ses-01,2,,69,18,100,20,0.510000,0.510000,0.398847,0.504000,0.729598,0.534542,0.147864
eegnet,cross_session,sub-012,,ses-04,ses-02,2,,69,18,91,20,0.527473,0.524155,0.478058,0.393720,0.756211,0.557462,0.181128
eegnet,cross_session,sub-012,,ses-04,ses-03,2,,69,18,97,20,0.484536,0.489158,0.358466,0.556548,0.714660,0.520641,0.118941
eegnet,cross_session,sub-012,,ses-04,ses-05,2,,69,18,83,20,0.530120,0.471336,0.368390,0.472222,0.699464,0.506693,0.092622
eegnet,cross_session,sub-012,,ses-05,ses-01,2,,66,17,100,1,0.570000,0.570000,0.550162,0.638800,0.681656,0.488596,0.044496
eegnet,cross_session,sub-012,,ses-05,ses-02,2,,66,17,91,1,0.428571,0.425604,0.381923,0.364251,0.729134,0.534003,0.118565
eegnet,cross_session,sub-012,,ses-05,ses-03,2,,66,17,97,1,0.494845,0.497662,0.455743,0.513180,0.696651,0.503562,0.048571
eegnet,cross_session,sub-012,,ses-05,ses-04,2,,66,17,87,1,0.528736,0.539683,0.482518,0.424868,0.986188,0.527142,0.127707
eegnet,cross_session,sub-013,,ses-01,ses-02,2,,80,20,94,50,0.542553,0.540363,0.540002,0.581633,2.394721,0.796649,0.393345
eegnet,cross_session,sub-013,,ses-01,ses-03,2,,80,20,100,50,0.750000,0.750000,0.742560,0.889200,1.183151,0.414034,0.191476
eegnet,cross_session,sub-013,,ses-01,ses-04,2,,80,20,95,50,0.610526,0.611801,0.610354,0.671695,0.868930,0.511982,0.187002
eegnet,cross_session,sub-013,,ses-01,ses-05,2,,80,20,100,50,0.750000,0.750000,0.749775,0.822000,0.513564,0.347241,0.096129
eegnet,cross_session,sub-013,,ses-02,ses-01,2,,75,19,100,10,0.550000,0.550000,0.549595,0.511200,0.876280,0.606062,0.225393
eegnet,cross_session,sub-013,,ses-02,ses-03,2,,75,19,100,10,0.620000,0.620000,0.612403,0.690800,0.673504,0.480714,0.149328
eegnet,cross_session,sub-013,,ses-02,ses-04,2,,75,19,95,10,0.652632,0.651287,0.651240,0.600710,0.711150,0.504044,0.200506
eegnet,cross_session,sub-013,,ses-02,ses-05,2,,75,19,100,10,0.450000,0.450000,0.419280,0.423600,1.069996,0.726475,0.301176
eegnet,cross_session,sub-013,,ses-03,ses-01,2,,80,20,100,55,0.800000,0.800000,0.797078,0.904800,0.644688,0.317340,0.139352
eegnet,cross_session,sub-013,,ses-03,ses-02,2,,80,20,94,55,0.553191,0.554195,0.553191,0.588889,3.309263,0.806226,0.386916
eegnet,cross_session,sub-013,,ses-03,ses-04,2,,80,20,95,55,0.536842,0.531721,0.521520,0.631322,1.226777,0.659230,0.304650
eegnet,cross_session,sub-013,,ses-03,ses-05,2,,80,20,100,55,0.510000,0.510000,0.457905,0.472800,1.770423,0.837369,0.393788
eegnet,cross_session,sub-013,,ses-04,ses-01,2,,76,19,100,9,0.660000,0.660000,0.642707,0.746000,0.866149,0.527093,0.207258
eegnet,cross_session,sub-013,,ses-04,ses-02,2,,76,19,94,9,0.457447,0.455102,0.454421,0.525170,1.476263,0.777928,0.398736
eegnet,cross_session,sub-013,,ses-04,ses-03,2,,76,19,100,9,0.570000,0.570000,0.524284,0.767200,1.349859,0.689757,0.351794
eegnet,cross_session,sub-013,,ses-04,ses-05,2,,76,19,100,9,0.810000,0.810000,0.808448,0.938000,0.369553,0.242205,0.074212
eegnet,cross_session,sub-013,,ses-05,ses-01,2,,80,20,100,11,0.650000,0.650000,0.641944,0.724000,1.553538,0.572537,0.264549
eegnet,cross_session,sub-013,,ses-05,ses-02,2,,80,20,94,11,0.606383,0.611565,0.602741,0.626757,2.783741,0.713561,0.342990
eegnet,cross_session,sub-013,,ses-05,ses-03,2,,80,20,100,11,0.810000,0.810000,0.809981,0.903600,0.678719,0.281748,0.140020
eegnet,cross_session,sub-013,,ses-05,ses-04,2,,80,20,95,11,0.589474,0.587400,0.586542,0.619787,1.519612,0.640187,0.290490
eegnet,cross_session,sub-014,,ses-01,ses-02,2,,80,20,95,1,0.494737,0.497562,0.457143,0.506206,0.692145,0.499061,0.046178
eegnet,cross_session,sub-014,,ses-01,ses-03,2,,80,20,92,1,0.565217,0.569056,0.565012,0.562886,0.689691,0.496508,0.051005
eegnet,cross_session,sub-014,,ses-01,ses-04,2,,80,20,92,1,0.500000,0.508747,0.409598,0.508747,0.694330,0.501180,0.013279
eegnet,cross_session,sub-014,,ses-01,ses-05,2,,80,20,100,1,0.550000,0.550000,0.536608,0.575600,0.690239,0.496976,0.051478
eegnet,cross_session,sub-014,,ses-02,ses-01,2,,76,19,100,1,0.580000,0.580000,0.578483,0.571200,0.687265,0.494155,0.059948
eegnet,cross_session,sub-014,,ses-02,ses-03,2,,76,19,92,1,0.597826,0.599668,0.597779,0.627432,0.684612,0.491425,0.087491
eegnet,cross_session,sub-014,,ses-02,ses-04,2,,76,19,92,1,0.478261,0.485579,0.416182,0.496927,0.695170,0.502021,0.034011
eegnet,cross_session,sub-014,,ses-02,ses-05,2,,76,19,100,1,0.560000,0.560000,0.553571,0.606000,0.683857,0.490619,0.050845
eegnet,cross_session,sub-014,,ses-03,ses-01,2,,73,19,100,3,0.540000,0.540000,0.539263,0.534400,0.687909,0.495533,0.102814
eegnet,cross_session,sub-014,,ses-03,ses-02,2,,73,19,95,3,0.494737,0.495789,0.490161,0.500443,0.701307,0.508153,0.063648
eegnet,cross_session,sub-014,,ses-03,ses-04,2,,73,19,92,3,0.467391,0.475887,0.377262,0.537589,0.696832,0.503666,0.066747
eegnet,cross_session,sub-014,,ses-03,ses-05,2,,73,19,100,3,0.620000,0.620000,0.607276,0.607600,0.670291,0.478148,0.079160
eegnet,cross_session,sub-014,,ses-04,ses-01,2,,73,19,100,5,0.550000,0.550000,0.539642,0.609200,0.964775,0.566352,0.207102
eegnet,cross_session,sub-014,,ses-04,ses-02,2,,73,19,95,5,0.442105,0.440160,0.421331,0.429965,1.012889,0.702366,0.301724
eegnet,cross_session,sub-014,,ses-04,ses-03,2,,73,19,92,5,0.510870,0.495254,0.471871,0.570005,0.934219,0.634837,0.270689
eegnet,cross_session,sub-014,,ses-04,ses-05,2,,73,19,100,5,0.510000,0.510000,0.509951,0.508000,0.935565,0.640441,0.274218
eegnet,cross_session,sub-014,,ses-05,ses-01,2,,80,20,100,1,0.580000,0.580000,0.575758,0.588800,0.687963,0.494802,0.058358
eegnet,cross_session,sub-014,,ses-05,ses-02,2,,80,20,95,1,0.505263,0.507757,0.477227,0.516401,0.693521,0.500377,0.040059
eegnet,cross_session,sub-014,,ses-05,ses-03,2,,80,20,92,1,0.445652,0.451115,0.444010,0.476981,0.694753,0.501621,0.076109
eegnet,cross_session,sub-014,,ses-05,ses-04,2,,80,20,92,1,0.521739,0.530969,0.423362,0.528132,0.693308,0.500160,0.022290
eegnet,cross_session,sub-015,,ses-01,ses-02,2,,80,20,95,3,0.568421,0.567154,0.561423,0.609929,0.680709,0.487632,0.045270
eegnet,cross_session,sub-015,,ses-01,ses-03,2,,80,20,85,3,0.576471,0.571628,0.571669,0.597547,0.673902,0.481240,0.047410
eegnet,cross_session,sub-015,,ses-01,ses-04,2,,80,20,95,3,0.568421,0.567154,0.561423,0.609929,0.680709,0.487632,0.045270
eegnet,cross_session,sub-015,,ses-01,ses-05,2,,80,20,98,3,0.520408,0.520000,0.519958,0.547083,0.692122,0.498580,0.026061
eegnet,cross_session,sub-015,,ses-02,ses-01,2,,76,19,100,2,0.510000,0.510000,0.508772,0.506000,0.698921,0.505651,0.047409
eegnet,cross_session,sub-015,,ses-02,ses-03,2,,76,19,85,2,0.611765,0.612040,0.610903,0.624861,0.673377,0.480521,0.064664
eegnet,cross_session,sub-015,,ses-02,ses-04,2,,76,19,95,2,0.642105,0.642952,0.640152,0.747784,0.643951,0.451709,0.111713
eegnet,cross_session,sub-015,,ses-02,ses-05,2,,76,19,98,2,0.551020,0.550417,0.550271,0.556667,0.691885,0.498593,0.046814
eegnet,cross_session,sub-015,,ses-03,ses-01,2,,68,17,100,1,0.530000,0.530000,0.527686,0.544400,0.688477,0.495435,0.030782
eegnet,cross_session,sub-015,,ses-03,ses-02,2,,68,17,95,1,0.431579,0.430408,0.423854,0.493794,0.690309,0.497535,0.134853
eegnet,cross_session,sub-015,,ses-03,ses-04,2,,68,17,95,1,0.431579,0.430408,0.423854,0.493794,0.690309,0.497535,0.134853
eegnet,cross_session,sub-015,,ses-03,ses-05,2,,68,17,98,1,0.551020,0.552917,0.548008,0.537083,0.694979,0.501754,0.045261
eegnet,cross_session,sub-015,,ses-04,ses-01,2,,76,19,100,2,0.510000,0.510000,0.508772,0.506000,0.698921,0.505651,0.047409
eegnet,cross_session,sub-015,,ses-04,ses-02,2,,76,19,95,2,0.642105,0.642952,0.640152,0.747784,0.643951,0.451709,0.111713
eegnet,cross_session,sub-015,,ses-04,ses-03,2,,76,19,85,2,0.611765,0.612040,0.610903,0.624861,0.673377,0.480521,0.064664
eegnet,cross_session,sub-015,,ses-04,ses-05,2,,76,19,98,2,0.551020,0.550417,0.550271,0.556667,0.691885,0.498593,0.046814
eegnet,cross_session,sub-015,,ses-05,ses-01,2,,78,20,100,1,0.460000,0.460000,0.452110,0.450400,0.701121,0.507963,0.077265
eegnet,cross_session,sub-015,,ses-05,ses-02,2,,78,20,95,1,0.505263,0.503546,0.490820,0.554521,0.687760,0.494670,0.049027
eegnet,cross_session,sub-015,,ses-05,ses-03,2,,78,20,85,1,0.588235,0.576644,0.573109,0.609253,0.674764,0.481921,0.059010
eegnet,cross_session,sub-015,,ses-05,ses-04,2,,78,20,95,1,0.505263,0.503546,0.490820,0.554521,0.687760,0.494670,0.049027
eegnet,cross_session,sub-016,,ses-01,ses-02,2,,80,20,100,1,0.540000,0.540000,0.530804,0.553600,0.691923,0.498768,0.032463
eegnet,cross_session,sub-016,,ses-01,ses-03,2,,80,20,100,1,0.540000,0.540000,0.539263,0.600400,0.683038,0.491658,0.032937
eegnet,cross_session,sub-016,,ses-01,ses-04,2,,80,20,95,1,0.494737,0.494016,0.491979,0.473404,0.695822,0.502686,0.026223
eegnet,cross_session,sub-016,,ses-01,ses-05,2,,80,20,91,1,0.560440,0.559961,0.559961,0.559478,0.693210,0.499108,0.040052
eegnet,cross_session,sub-016,,ses-02,ses-01,2,,80,20,100,17,0.430000,0.430000,0.429487,0.450000,0.988369,0.683789,0.294476
eegnet,cross_session,sub-016,,ses-02,ses-03,2,,80,20,100,17,0.570000,0.570000,0.567883,0.643200,0.797408,0.551860,0.240272
eegnet,cross_session,sub-016,,ses-02,ses-04,2,,80,20,95,17,0.484211,0.484264,0.484211,0.457890,1.244521,0.763216,0.356502
eegnet,cross_session,sub-016,,ses-02,ses-05,2,,80,20,91,17,0.505495,0.511847,0.489720,0.589458,2.342850,0.807589,0.399859
eegnet,cross_session,sub-016,,ses-03,ses-01,2,,80,20,100,5,0.530000,0.530000,0.410658,0.486400,0.703217,0.509933,0.099513
eegnet,cross_session,sub-016,,ses-03,ses-02,2,,80,20,100,5,0.570000,0.570000,0.483111,0.607600,0.687853,0.494383,0.037756
eegnet,cross_session,sub-016,,ses-03,ses-04,2,,80,20,95,5,0.515789,0.519947,0.429206,0.549202,0.689114,0.496318,0.071464
eegnet,cross_session,sub-016,,ses-03,ses-05,2,,80,20,91,5,0.593407,0.589700,0.586211,0.586557,0.710526,0.503565,0.116701
eegnet,cross_session,sub-016,,ses-04,ses-01,2,,76,19,100,1,0.540000,0.540000,0.539263,0.522000,0.698470,0.505049,0.059843
eegnet,cross_session,sub-016,,ses-04,ses-02,2,,76,19,100,1,0.490000,0.490000,0.456000,0.418000,0.703936,0.510612,0.034096
eegnet,cross_session,sub-016,,ses-04,ses-03,2,,76,19,100,1,0.570000,0.570000,0.550162,0.693600,0.665548,0.474472,0.080546
eegnet,cross_session,sub-016,,ses-04,ses-05,2,,76,19,91,1,0.527473,0.526596,0.526558,0.527079,0.701895,0.508282,0.044837
eegnet,cross_session,sub-016,,ses-05,ses-01,2,,72,19,100,21,0.480000,0.480000,0.368626,0.507200,0.764844,0.566111,0.192189
eegnet,cross_session,sub-016,,ses-05,ses-02,2,,72,19,100,21,0.520000,0.520000,0.479167,0.526400,0.728324,0.527020,0.147783
eegnet,cross_session,sub-016,,ses-05,ses-03,2,,72,19,100,21,0.690000,0.690000,0.682864,0.712400,0.624992,0.436632,0.122181
eegnet,cross_session,sub-016,,ses-05,ses-04,2,,72,19,95,21,0.610526,0.612810,0.592464,0.672872,0.659168,0.464705,0.096134
eegnet,cross_session,sub-017,,ses-01,ses-02,2,,80,20,100,11,0.490000,0.490000,0.478261,0.478000,1.701404,0.808286,0.380396
eegnet,cross_session,sub-017,,ses-01,ses-03,2,,80,20,98,11,0.530612,0.529167,0.527463,0.501875,4.607934,0.895179,0.439273
eegnet,cross_session,sub-017,,ses-01,ses-04,2,,80,20,100,11,0.540000,0.540000,0.537037,0.593600,1.111819,0.632330,0.269695
eegnet,cross_session,sub-017,,ses-01,ses-05,2,,80,20,95,11,0.526316,0.529477,0.481252,0.507092,4.303586,0.872691,0.436862
eegnet,cross_session,sub-017,,ses-02,ses-01,2,,80,20,100,2,0.480000,0.480000,0.428571,0.460400,0.699612,0.506421,0.037934
eegnet,cross_session,sub-017,,ses-02,ses-03,2,,80,20,98,2,0.479592,0.477500,0.472952,0.519583,0.699563,0.506636,0.145590
eegnet,cross_session,sub-017,,ses-02,ses-04,2,,80,20,100,2,0.530000,0.530000,0.503748,0.514400,0.695336,0.501742,0.047097
eegnet,cross_session,sub-017,,ses-02,ses-05,2,,80,20,95,2,0.400000,0.399379,0.397597,0.355053,0.732423,0.538558,0.144637
eegnet,cross_session,sub-017,,ses-03,ses-01,2,,78,20,100,1,0.490000,0.490000,0.345399,0.457600,0.694337,0.501191,0.022990
eegnet,cross_session,sub-017,,ses-03,ses-02,2,,78,20,100,1,0.480000,0.480000,0.466338,0.475200,0.695174,0.502023,0.034272
eegnet,cross_session,sub-017,,ses-03,ses-04,2,,78,20,100,1,0.500000,0.500000,0.486864,0.508400,0.696385,0.503172,0.015239
eegnet,cross_session,sub-017,,ses-03,ses-05,2,,78,20,95,1,0.505263,0.502660,0.471535,0.495567,0.692256,0.499330,0.025137
eegnet,cross_session,sub-017,,ses-04,ses-01,2,,80,20,100,1,0.460000,0.460000,0.357143,0.410800,0.697269,0.504117,0.051555
eegnet,cross_session,sub-017,,ses-04,ses-02,2,,80,20,100,1,0.510000,0.510000,0.482631,0.479200,0.695032,0.501888,0.020348
eegnet,cross_session,sub-017,,ses-04,ses-03,2,,80,20,98,1,0.459184,0.457917,0.456410,0.501250,0.693365,0.500622,0.115247
eegnet,cross_session,sub-017,,ses-04,ses-05,2,,80,20,95,1,0.389474,0.387855,0.373864,0.352837,0.711801,0.518569,0.145015
eegnet,cross_session,sub-017,,ses-05,ses-01,2,,76,19,100,3,0.440000,0.440000,0.428805,0.466000,0.696915,0.503787,0.086473
eegnet,cross_session,sub-017,,ses-05,ses-02,2,,76,19,100,3,0.480000,0.480000,0.466338,0.434000,0.721011,0.526799,0.192772
eegnet,cross_session,sub-017,,ses-05,ses-03,2,,76,19,98,3,0.510204,0.511250,0.509387,0.506667,0.746098,0.542841,0.149106
eegnet,cross_session,sub-017,,ses-05,ses-04,2,,76,19,100,3,0.450000,0.450000,0.443263,0.428000,0.734218,0.537745,0.097986
eegnet,cross_session,sub-018,,ses-01,ses-02,2,,75,19,100,56,0.500000,0.500000,0.479167,0.542400,5.288646,0.966538,0.482290
eegnet,cross_session,sub-018,,ses-01,ses-03,2,,75,19,100,56,0.320000,0.320000,0.310065,0.323800,7.105968,1.260872,0.646715
eegnet,cross_session,sub-018,,ses-01,ses-04,2,,75,19,100,56,0.480000,0.480000,0.476651,0.470000,2.087323,0.861992,0.443040
eegnet,cross_session,sub-018,,ses-01,ses-05,2,,75,19,100,56,0.550000,0.550000,0.549955,0.579400,2.801657,0.792765,0.383538
eegnet,cross_session,sub-018,,ses-02,ses-01,2,,80,20,94,36,0.489362,0.495471,0.447059,0.517210,0.833457,0.593255,0.212439
eegnet,cross_session,sub-018,,ses-02,ses-03,2,,80,20,100,36,0.510000,0.510000,0.508772,0.550000,1.288744,0.777940,0.373828
eegnet,cross_session,sub-018,,ses-02,ses-04,2,,80,20,100,36,0.460000,0.460000,0.426995,0.513200,1.179566,0.735453,0.336810
eegnet,cross_session,sub-018,,ses-02,ses-05,2,,80,20,100,36,0.520000,0.520000,0.512987,0.595600,0.962536,0.646048,0.290318
eegnet,cross_session,sub-018,,ses-03,ses-01,2,,80,20,94,1,0.521277,0.524457,0.511942,0.517210,0.692013,0.498890,0.014898
eegnet,cross_session,sub-018,,ses-03,ses-02,2,,80,20,100,1,0.660000,0.660000,0.657810,0.724800,0.632989,0.441519,0.090032
eegnet,cross_session,sub-018,,ses-03,ses-04,2,,80,20,100,1,0.450000,0.450000,0.424626,0.446000,0.707000,0.513271,0.091786
eegnet,cross_session,sub-018,,ses-03,ses-05,2,,80,20,100,1,0.620000,0.620000,0.616162,0.678000,0.661486,0.470500,0.074034
eegnet,cross_session,sub-018,,ses-04,ses-01,2,,80,20,94,17,0.436170,0.435688,0.435595,0.418478,0.980147,0.683962,0.264139
eegnet,cross_session,sub-018,,ses-04,ses-02,2,,80,20,100,17,0.630000,0.630000,0.600906,0.708000,1.108702,0.558467,0.249460
eegnet,cross_session,sub-018,,ses-04,ses-03,2,,80,20,100,17,0.590000,0.590000,0.562667,0.614000,1.121801,0.643396,0.271194
eegnet,cross_session,sub-018,,ses-04,ses-05,2,,80,20,100,17,0.570000,0.570000,0.567883,0.643200,0.797408,0.551860,0.240272
eegnet,cross_session,sub-018,,ses-05,ses-01,2,,80,20,94,5,0.521277,0.510870,0.361702,0.447464,0.700592,0.507362,0.096240
eegnet,cross_session,sub-018,,ses-05,ses-02,2,,80,20,100,5,0.630000,0.630000,0.612930,0.733600,0.642634,0.450364,0.146579
eegnet,cross_session,sub-018,,ses-05,ses-03,2,,80,20,100,5,0.550000,0.550000,0.469277,0.674400,0.680660,0.487716,0.049425
eegnet,cross_session,sub-018,,ses-05,ses-04,2,,80,20,100,5,0.570000,0.570000,0.483111,0.607600,0.687853,0.494383,0.037756
eegnet,cross_session,sub-019,,ses-01,ses-02,2,,76,19,95,22,0.515789,0.514406,0.506549,0.540337,0.797340,0.567361,0.183917
eegnet,cross_session,sub-019,,ses-01,ses-03,2,,76,19,94,22,0.436170,0.444671,0.417105,0.473469,0.896506,0.654237,0.282000
eegnet,cross_session,sub-019,,ses-01,ses-04,2,,76,19,92,22,0.521739,0.517258,0.498016,0.634043,0.703929,0.507897,0.137563
eegnet,cross_session,sub-019,,ses-01,ses-05,2,,76,19,93,22,0.559140,0.554963,0.553983,0.601577,0.859659,0.559989,0.196700
eegnet,cross_session,sub-019,,ses-02,ses-01,2,,76,19,95,1,0.494737,0.496229,0.494232,0.502218,0.704963,0.511291,0.047743
eegnet,cross_session,sub-019,,ses-02,ses-03,2,,76,19,94,1,0.510638,0.521542,0.482280,0.523356,0.702383,0.508783,0.080111
eegnet,cross_session,sub-019,,ses-02,ses-04,2,,76,19,92,1,0.597826,0.595981,0.593940,0.626950,0.685093,0.491941,0.079378
eegnet,cross_session,sub-019,,ses-02,ses-05,2,,76,19,93,1,0.591398,0.593692,0.591351,0.602968,0.680365,0.487050,0.076331
eegnet,cross_session,sub-019,,ses-03,ses-01,2,,75,19,95,10,0.526316,0.527507,0.526106,0.518190,1.060926,0.680366,0.283688
eegnet,cross_session,sub-019,,ses-03,ses-02,2,,75,19,95,10,0.610526,0.610151,0.609835,0.643617,0.701486,0.487548,0.138197
eegnet,cross_session,sub-019,,ses-03,ses-04,2,,75,19,92,10,0.565217,0.563121,0.560019,0.644917,0.731614,0.495023,0.144894
eegnet,cross_session,sub-019,,ses-03,ses-05,2,,75,19,93,10,0.655914,0.660714,0.654917,0.714750,0.763488,0.477044,0.162354
eegnet,cross_session,sub-019,,ses-04,ses-01,2,,73,19,95,2,0.494737,0.492902,0.491979,0.522183,0.757375,0.552435,0.179392
eegnet,cross_session,sub-019,,ses-04,ses-02,2,,73,19,95,2,0.505263,0.504876,0.504385,0.532358,0.712598,0.515936,0.086244
eegnet,cross_session,sub-019,,ses-04,ses-03,2,,73,19,94,2,0.457447,0.475964,0.344634,0.359637,0.994105,0.709839,0.303243
eegnet,cross_session,sub-019,,ses-04,ses-05,2,,73,19,93,2,0.548387,0.541280,0.536325,0.560297,0.737667,0.532956,0.131804
eegnet,cross_session,sub-019,,ses-05,ses-01,2,,74,19,95,1,0.526316,0.524845,0.524419,0.542147,0.693097,0.499881,0.016823
eegnet,cross_session,sub-019,,ses-05,ses-02,2,,74,19,95,1,0.515789,0.513298,0.485640,0.561613,0.689371,0.496232,0.043938
eegnet,cross_session,sub-019,,ses-05,ses-03,2,,74,19,94,1,0.468085,0.485261,0.376658,0.479365,0.702021,0.508773,0.064312
eegnet,cross_session,sub-019,,ses-05,ses-04,2,,74,19,92,1,0.565217,0.558865,0.520833,0.634515,0.688344,0.495201,0.054279
eegnet,cross_session,sub-020,,ses-01,ses-02,2,,71,18,100,6,0.500000,0.500000,0.333333,0.628800,1.018691,0.727462,0.355662
eegnet,cross_session,sub-020,,ses-01,ses-03,2,,71,18,100,6,0.500000,0.500000,0.333333,0.536000,1.066416,0.742640,0.355662
eegnet,cross_session,sub-020,,ses-01,ses-04,2,,71,18,100,6,0.910000,0.910000,0.909265,0.997200,0.306578,0.161829,0.180401
eegnet,cross_session,sub-020,,ses-01,ses-05,2,,71,18,100,6,0.730000,0.730000,0.725359,0.845600,0.544999,0.366988,0.058247
eegnet,cross_session,sub-020,,ses-02,ses-01,2,,80,20,89,5,0.808989,0.810354,0.806546,0.940909,0.347308,0.217834,0.087948
eegnet,cross_session,sub-020,,ses-02,ses-03,2,,80,20,100,5,0.470000,0.470000,0.469947,0.462400,2.533850,1.032034,0.518216
eegnet,cross_session,sub-020,,ses-02,ses-04,2,,80,20,100,5,0.720000,0.720000,0.696181,0.989200,0.465325,0.333443,0.124414
eegnet,cross_session,sub-020,,ses-02,ses-05,2,,80,20,100,5,0.820000,0.820000,0.813973,0.989200,0.351690,0.236296,0.052701
eegnet,cross_session,sub-020,,ses-03,ses-01,2,,80,20,89,2,0.685393,0.685354,0.685354,0.682828,0.683076,0.489293,0.173154
eegnet,cross_session,sub-020,,ses-03,ses-02,2,,80,20,100,2,0.200000,0.200000,0.184007,0.108400,0.755715,0.562013,0.338556
eegnet,cross_session,sub-020,,ses-03,ses-04,2,,80,20,100,2,0.500000,0.500000,0.457465,0.545200,0.690756,0.497614,0.049722
eegnet,cross_session,sub-020,,ses-03,ses-05,2,,80,20,100,2,0.240000,0.240000,0.193548,0.053200,0.733953,0.540671,0.285945
eegnet,cross_session,sub-020,,ses-04,ses-01,2,,80,20,89,97,0.775281,0.776768,0.771795,0.918182,1.179035,0.378536,0.195419
eegnet,cross_session,sub-020,,ses-04,ses-02,2,,80,20,100,97,0.550000,0.550000,0.435737,0.978000,1.435965,0.752086,0.404122
eegnet,cross_session,sub-020,,ses-04,ses-03,2,,80,20,100,97,0.510000,0.510000,0.385580,0.478000,4.288219,0.913554,0.446028
eegnet,cross_session,sub-020,,ses-04,ses-05,2,,80,20,100,97,0.980000,0.980000,0.979992,0.999200,0.059231,0.036184,0.028736
eegnet,cross_session,sub-020,,ses-05,ses-01,2,,80,20,89,86,0.797753,0.798737,0.796494,0.865657,0.659178,0.325833,0.168272
eegnet,cross_session,sub-020,,ses-05,ses-02,2,,80,20,100,86,0.930000,0.930000,0.929655,0.977200,0.325060,0.120941,0.067885
eegnet,cross_session,sub-020,,ses-05,ses-03,2,,80,20,100,86,0.490000,0.490000,0.487489,0.478600,3.487282,0.940085,0.473654
eegnet,cross_session,sub-020,,ses-05,ses-04,2,,80,20,100,86,0.900000,0.900000,0.898990,0.999200,0.241218,0.139230,0.045037
eegnet,cross_session,sub-021,,ses-01,ses-02,2,,75,19,99,42,0.616162,0.617143,0.612963,0.673061,1.782714,0.680951,0.327925
eegnet,cross_session,sub-021,,ses-01,ses-03,2,,75,19,93,42,0.731183,0.729186,0.720721,0.854302,0.778871,0.422383,0.172954
eegnet,cross_session,sub-021,,ses-01,ses-04,2,,75,19,100,42,0.620000,0.620000,0.616162,0.648600,1.995803,0.654591,0.300367
eegnet,cross_session,sub-021,,ses-01,ses-05,2,,75,19,96,42,0.750000,0.749457,0.749565,0.839774,0.760321,0.400123,0.188269
eegnet,cross_session,sub-021,,ses-02,ses-01,2,,79,20,94,34,0.723404,0.723404,0.723279,0.793119,0.745486,0.436219,0.207508
eegnet,cross_session,sub-021,,ses-02,ses-03,2,,79,20,93,34,0.645161,0.644080,0.641011,0.683626,0.757402,0.513184,0.189170
eegnet,cross_session,sub-021,,ses-02,ses-04,2,,79,20,100,34,0.640000,0.640000,0.636364,0.704000,1.128367,0.532456,0.232436
eegnet,cross_session,sub-021,,ses-02,ses-05,2,,79,20,96,34,0.802083,0.803517,0.801545,0.818932,0.665868,0.363394,0.149635
eegnet,cross_session,sub-021,,ses-03,ses-01,2,,74,19,94,5,0.702128,0.702128,0.700909,0.762336,0.565123,0.390750,0.130964
eegnet,cross_session,sub-021,,ses-03,ses-02,2,,74,19,99,5,0.616162,0.615714,0.615180,0.682041,0.671187,0.465342,0.121059
eegnet,cross_session,sub-021,,ses-03,ses-04,2,,74,19,100,5,0.630000,0.630000,0.618989,0.734400,0.654132,0.452605,0.118890
eegnet,cross_session,sub-021,,ses-03,ses-05,2,,74,19,96,5,0.645833,0.643074,0.638137,0.708424,0.633338,0.443247,0.056090
eegnet,cross_session,sub-021,,ses-04,ses-01,2,,80,20,94,12,0.797872,0.797872,0.795066,0.869172,0.553516,0.326425,0.106240
eegnet,cross_session,sub-021,,ses-04,ses-02,2,,80,20,99,12,0.727273,0.726327,0.724461,0.793469,0.632787,0.413048,0.167028
eegnet,cross_session,sub-021,,ses-04,ses-03,2,,80,20,93,12,0.827957,0.827475,0.827458,0.890379,0.458976,0.285420,0.092769
eegnet,cross_session,sub-021,,ses-04,ses-05,2,,80,20,96,12,0.802083,0.803083,0.801890,0.864090,0.483741,0.302826,0.106639
eegnet,cross_session,sub-021,,ses-05,ses-01,2,,76,20,94,6,0.787234,0.787234,0.787138,0.856949,0.493066,0.318424,0.073662
eegnet,cross_session,sub-021,,ses-05,ses-02,2,,76,20,99,6,0.595960,0.596122,0.595918,0.645714,0.808077,0.550107,0.201219
eegnet,cross_session,sub-021,,ses-05,ses-03,2,,76,20,93,6,0.645161,0.643386,0.634338,0.709991,0.682177,0.460301,0.185899
eegnet,cross_session,sub-021,,ses-05,ses-04,2,,76,20,100,6,0.580000,0.580000,0.538462,0.672800,1.003254,0.604306,0.271168
eegnet,cross_session,sub-022,,ses-01,ses-02,2,,69,18,100,1,0.550000,0.550000,0.533147,0.593200,0.687967,0.494835,0.034244
eegnet,cross_session,sub-022,,ses-01,ses-03,2,,69,18,100,1,0.500000,0.500000,0.499199,0.507600,0.697552,0.504251,0.044098
eegnet,cross_session,sub-022,,ses-01,ses-04,2,,69,18,100,1,0.670000,0.670000,0.657641,0.740800,0.670288,0.477196,0.142513
eegnet,cross_session,sub-022,,ses-01,ses-05,2,,69,18,93,1,0.537634,0.532639,0.523532,0.495370,0.695120,0.501942,0.022485
eegnet,cross_session,sub-022,,ses-02,ses-01,2,,80,20,87,79,0.609195,0.607822,0.602846,0.642178,1.418068,0.668143,0.332252
eegnet,cross_session,sub-022,,ses-02,ses-03,2,,80,20,100,79,0.560000,0.560000,0.555556,0.502400,3.664396,0.830777,0.427665
eegnet,cross_session,sub-022,,ses-02,ses-04,2,,80,20,100,79,0.890000,0.890000,0.889901,0.936800,0.773010,0.210356,0.106849
eegnet,cross_session,sub-022,,ses-02,ses-05,2,,80,20,93,79,0.655914,0.658333,0.654917,0.662037,4.290270,0.643661,0.312672
eegnet,cross_session,sub-022,,ses-03,ses-01,2,,80,20,87,1,0.459770,0.455867,0.386865,0.350951,0.699822,0.506667,0.053600
eegnet,cross_session,sub-022,,ses-03,ses-02,2,,80,20,100,1,0.410000,0.410000,0.347273,0.415200,0.697698,0.504552,0.120997
eegnet,cross_session,sub-022,,ses-03,ses-04,2,,80,20,100,1,0.590000,0.590000,0.567100,0.680400,0.680769,0.487643,0.069196
eegnet,cross_session,sub-022,,ses-03,ses-05,2,,80,20,93,1,0.473118,0.468750,0.460901,0.459259,0.696777,0.503619,0.047658
eegnet,cross_session,sub-022,,ses-04,ses-01,2,,80,20,87,7,0.425287,0.424683,0.423383,0.458245,0.832743,0.611813,0.257736
eegnet,cross_session,sub-022,,ses-04,ses-02,2,,80,20,100,7,0.690000,0.690000,0.689223,0.733600,0.644812,0.431416,0.101278
eegnet,cross_session,sub-022,,ses-04,ses-03,2,,80,20,100,7,0.510000,0.510000,0.509951,0.533600,1.150261,0.657964,0.323924
eegnet,cross_session,sub-022,,ses-04,ses-05,2,,80,20,93,7,0.505376,0.506944,0.504861,0.571296,1.641223,0.764106,0.376139
eegnet,cross_session,sub-022,,ses-05,ses-01,2,,74,19,87,4,0.425287,0.423097,0.402473,0.418605,0.708651,0.515366,0.112623
eegnet,cross_session,sub-022,,ses-05,ses-02,2,,74,19,100,4,0.580000,0.580000,0.578483,0.638800,0.673320,0.480328,0.043686
eegnet,cross_session,sub-022,,ses-05,ses-03,2,,74,19,100,4,0.510000,0.510000,0.507587,0.516000,0.707401,0.513206,0.070170
eegnet,cross_session,sub-022,,ses-05,ses-04,2,,74,19,100,4,0.660000,0.660000,0.645833,0.800400,0.611857,0.422336,0.135961
eegnet,cross_session,sub-023,,ses-01,ses-02,2,,76,20,94,6,0.542553,0.540761,0.538321,0.484601,0.754680,0.553499,0.147525
eegnet,cross_session,sub-023,,ses-01,ses-03,2,,76,20,99,6,0.727273,0.727551,0.727161,0.796327,0.579844,0.384274,0.117054
eegnet,cross_session,sub-023,,ses-01,ses-04,2,,76,20,100,6,0.770000,0.770000,0.768122,0.827600,0.552861,0.366652,0.131428
eegnet,cross_session,sub-023,,ses-01,ses-05,2,,76,20,97,6,0.608247,0.610544,0.588983,0.696429,0.670676,0.469573,0.066850
eegnet,cross_session,sub-023,,ses-02,ses-01,2,,75,19,96,7,0.447917,0.447917,0.434101,0.408854,1.336195,0.795198,0.348687
eegnet,cross_session,sub-023,,ses-02,ses-03,2,,75,19,99,7,0.575758,0.574898,0.572222,0.581224,0.820886,0.577628,0.194254
eegnet,cross_session,sub-023,,ses-02,ses-04,2,,75,19,100,7,0.400000,0.400000,0.399038,0.365200,0.905261,0.664651,0.264845
eegnet,cross_session,sub-023,,ses-02,ses-05,2,,75,19,97,7,0.618557,0.619473,0.615944,0.675170,0.744297,0.497024,0.136596
eegnet,cross_session,sub-023,,ses-03,ses-01,2,,79,20,96,13,0.531250,0.531250,0.529975,0.555556,1.075563,0.651633,0.252806
eegnet,cross_session,sub-023,,ses-03,ses-02,2,,79,20,94,13,0.617021,0.617301,0.617021,0.619565,0.738116,0.517333,0.132678
eegnet,cross_session,sub-023,,ses-03,ses-04,2,,79,20,100,13,0.480000,0.480000,0.453552,0.443600,0.910404,0.655784,0.244011
eegnet,cross_session,sub-023,,ses-03,ses-05,2,,79,20,97,13,0.556701,0.558673,0.540892,0.601190,0.740399,0.535797,0.150709
eegnet,cross_session,sub-023,,ses-04,ses-01,2,,80,20,96,85,0.656250,0.656250,0.654413,0.733290,2.011132,0.609166,0.297315
eegnet,cross_session,sub-023,,ses-04,ses-02,2,,80,20,94,85,0.574468,0.576993,0.569597,0.570652,1.940802,0.760391,0.358956
eegnet,cross_session,sub-023,,ses-04,ses-03,2,,80,20,99,85,0.737374,0.736531,0.735185,0.836327,1.309809,0.437386,0.207120
eegnet,cross_session,sub-023,,ses-04,ses-05,2,,80,20,97,85,0.659794,0.660927,0.656139,0.726616,2.359302,0.572637,0.288404
eegnet,cross_session,sub-023,,ses-05,ses-01,2,,77,20,96,4,0.562500,0.562500,0.533333,0.664062,0.741583,0.524142,0.161974
eegnet,cross_session,sub-023,,ses-05,ses-02,2,,77,20,94,4,0.638298,0.637228,0.636818,0.712862,0.622594,0.434292,0.093788
eegnet,cross_session,sub-023,,ses-05,ses-03,2,,77,20,99,4,0.555556,0.553878,0.542052,0.598367,0.700841,0.494775,0.116139
eegnet,cross_session,sub-023,,ses-05,ses-04,2,,77,20,100,4,0.730000,0.730000,0.729973,0.775600,0.627332,0.423425,0.156629
eegnet,cross_session,sub-024,,ses-01,ses-02,2,,59,15,82,12,0.585366,0.581340,0.581381,0.620215,0.816386,0.544816,0.170537
eegnet,cross_session,sub-024,,ses-01,ses-03,2,,59,15,83,12,0.554217,0.558430,0.550037,0.615698,1.064608,0.593157,0.255706
eegnet,cross_session,sub-024,,ses-01,ses-04,2,,59,15,98,12,0.510204,0.512500,0.505051,0.523333,1.005042,0.657976,0.264079
eegnet,cross_session,sub-024,,ses-01,ses-05,2,,59,15,100,12,0.520000,0.520000,0.512987,0.535200,0.919408,0.628371,0.227212
eegnet,cross_session,sub-024,,ses-02,ses-01,2,,65,17,74,2,0.608108,0.606227,0.606311,0.611722,0.683785,0.490633,0.098126
eegnet,cross_session,sub-024,,ses-02,ses-03,2,,65,17,83,2,0.566265,0.568314,0.565698,0.615698,0.674765,0.482566,0.066134
eegnet,cross_session,sub-024,,ses-02,ses-04,2,,65,17,98,2,0.479592,0.477083,0.470270,0.437917,0.703978,0.510868,0.064330
eegnet,cross_session,sub-024,,ses-02,ses-05,2,,65,17,100,2,0.500000,0.500000,0.483258,0.559200,0.689812,0.496693,0.076633
eegnet,cross_session,sub-024,,ses-03,ses-01,2,,66,17,74,1,0.581081,0.571795,0.563131,0.613187,0.686777,0.493635,0.065761
eegnet,cross_session,sub-024,,ses-03,ses-02,2,,66,17,82,1,0.500000,0.517943,0.477545,0.522129,0.694778,0.501625,0.018004
eegnet,cross_session,sub-024,,ses-03,ses-04,2,,66,17,98,1,0.428571,0.430417,0.424738,0.417917,0.702923,0.509756,0.095871
eegnet,cross_session,sub-024,,ses-03,ses-05,2,,66,17,100,1,0.480000,0.480000,0.469604,0.507200,0.692388,0.499249,0.047146
eegnet,cross_session,sub-024,,ses-04,ses-01,2,,78,20,74,2,0.594595,0.572894,0.501348,0.629304,0.684857,0.491721,0.075598
eegnet,cross_session,sub-024,,ses-04,ses-02,2,,78,20,82,2,0.451220,0.465311,0.437071,0.500000,0.694006,0.500824,0.121747
eegnet,cross_session,sub-024,,ses-04,ses-03,2,,78,20,83,2,0.506024,0.505814,0.505737,0.483721,0.699123,0.505913,0.020277
eegnet,cross_session,sub-024,,ses-04,ses-05,2,,78,20,100,2,0.550000,0.550000,0.514615,0.558800,0.688943,0.495814,0.035014
eegnet,cross_session,sub-024,,ses-05,ses-01,2,,80,20,74,2,0.540541,0.549451,0.531994,0.662271,0.681882,0.487587,0.113208
eegnet,cross_session,sub-024,,ses-05,ses-02,2,,80,20,82,2,0.475610,0.479067,0.475532,0.430622,0.731577,0.535922,0.088046
eegnet,cross_session,sub-024,,ses-05,ses-03,2,,80,20,83,2,0.554217,0.549709,0.544700,0.538372,0.684639,0.492852,0.045346
eegnet,cross_session,sub-024,,ses-05,ses-04,2,,80,20,98,2,0.428571,0.427083,0.424738,0.397083,0.715781,0.522433,0.119456
eegnet,cross_session,sub-025,,ses-01,ses-02,2,,70,18,92,2,0.521739,0.522459,0.521513,0.527187,0.692657,0.499497,0.024469
eegnet,cross_session,sub-025,,ses-01,ses-03,2,,70,18,94,2,0.468085,0.474638,0.416294,0.452899,0.723594,0.529877,0.118356
eegnet,cross_session,sub-025,,ses-01,ses-04,2,,70,18,88,2,0.556818,0.558398,0.555383,0.509561,0.697420,0.504208,0.112000
eegnet,cross_session,sub-025,,ses-01,ses-05,2,,70,18,100,2,0.540000,0.540000,0.524597,0.499200,0.699153,0.505899,0.094130
eegnet,cross_session,sub-025,,ses-02,ses-01,2,,73,19,88,1,0.511364,0.505168,0.468465,0.515245,0.693268,0.500106,0.024965
eegnet,cross_session,sub-025,,ses-02,ses-03,2,,73,19,94,1,0.542553,0.542572,0.542501,0.530344,0.688114,0.495028,0.033436
eegnet,cross_session,sub-025,,ses-02,ses-04,2,,73,19,88,1,0.431818,0.434625,0.424385,0.464599,0.700935,0.507732,0.090382
eegnet,cross_session,sub-025,,ses-02,ses-05,2,,73,19,100,1,0.510000,0.510000,0.441595,0.492800,0.697626,0.504441,0.068750
eegnet,cross_session,sub-025,,ses-03,ses-01,2,,75,19,88,8,0.500000,0.496124,0.482906,0.535917,0.711319,0.515690,0.094959
eegnet,cross_session,sub-025,,ses-03,ses-02,2,,75,19,92,8,0.521739,0.519622,0.516021,0.478014,0.725329,0.530154,0.141163
eegnet,cross_session,sub-025,,ses-03,ses-04,2,,75,19,88,8,0.420455,0.420413,0.420380,0.385013,0.799288,0.595696,0.251630
eegnet,cross_session,sub-025,,ses-03,ses-05,2,,75,19,100,8,0.520000,0.520000,0.457259,0.500400,0.728145,0.532081,0.102285
eegnet,cross_session,sub-025,,ses-04,ses-01,2,,70,18,88,1,0.477273,0.472351,0.448802,0.520413,0.692432,0.499284,0.074028
eegnet,cross_session,sub-025,,ses-04,ses-02,2,,70,18,92,1,0.521739,0.519622,0.516021,0.521986,0.693430,0.500263,0.031078
eegnet,cross_session,sub-025,,ses-04,ses-03,2,,70,18,94,1,0.510638,0.510870,0.510638,0.510870,0.691100,0.498004,0.041613
eegnet,cross_session,sub-025,,ses-04,ses-05,2,,70,18,100,1,0.500000,0.500000,0.442959,0.471600,0.698197,0.505017,0.069242
eegnet,cross_session,sub-025,,ses-05,ses-01,2,,80,20,88,6,0.522727,0.525581,0.516484,0.557623,0.721917,0.521403,0.091952
eegnet,cross_session,sub-025,,ses-05,ses-02,2,,80,20,92,6,0.543478,0.542790,0.542614,0.551773,0.738304,0.526788,0.086537
eegnet,cross_session,sub-025,,ses-05,ses-03,2,,80,20,94,6,0.521277,0.526721,0.490791,0.561594,0.736925,0.533835,0.143829
eegnet,cross_session,sub-025,,ses-05,ses-04,2,,80,20,88,6,0.409091,0.403618,0.369697,0.375711,0.912328,0.655505,0.270450
eegnet,cross_session,sub-001,,ses-01,ses-02,3,,80,20,100,15,0.500000,0.500000,0.499199,0.463200,2.852742,0.838879,0.362050
eegnet,cross_session,sub-001,,ses-01,ses-03,3,,80,20,99,15,0.545455,0.546122,0.543779,0.536939,2.511123,0.768453,0.344982
eegnet,cross_session,sub-001,,ses-01,ses-04,3,,80,20,99,15,0.545455,0.544490,0.540769,0.548367,3.129544,0.833372,0.421669
eegnet,cross_session,sub-001,,ses-01,ses-05,3,,80,20,94,15,0.563830,0.561594,0.557774,0.552083,3.297919,0.755594,0.371209
eegnet,cross_session,sub-001,,ses-02,ses-01,3,,80,20,100,9,0.520000,0.520000,0.479167,0.502400,0.746278,0.544932,0.133680
eegnet,cross_session,sub-001,,ses-02,ses-03,3,,80,20,99,9,0.565657,0.565918,0.565479,0.566531,0.841464,0.553489,0.171929
eegnet,cross_session,sub-001,,ses-02,ses-04,3,,80,20,99,9,0.424242,0.423061,0.415657,0.377143,1.194546,0.701547,0.248681
eegnet,cross_session,sub-001,,ses-02,ses-05,3,,80,20,94,9,0.489362,0.489130,0.489130,0.505888,1.172617,0.619192,0.213153
eegnet,cross_session,sub-001,,ses-03,ses-01,3,,79,20,100,1,0.460000,0.460000,0.426995,0.415600,0.696102,0.502951,0.047078
eegnet,cross_session,sub-001,,ses-03,ses-02,3,,79,20,100,1,0.500000,0.500000,0.496779,0.498400,0.694709,0.501567,0.027318
eegnet,cross_session,sub-001,,ses-03,ses-04,3,,79,20,99,1,0.494949,0.493673,0.486088,0.427347,0.710803,0.517401,0.060143
eegnet,cross_session,sub-001,,ses-03,ses-05,3,,79,20,94,1,0.574468,0.571105,0.561772,0.575634,0.684505,0.491744,0.117804
eegnet,cross_session,sub-001,,ses-04,ses-01,3,,79,20,100,1,0.480000,0.480000,0.466338,0.430400,0.694843,0.501697,0.035773
eegnet,cross_session,sub-001,,ses-04,ses-02,3,,79,20,100,1,0.520000,0.520000,0.520000,0.540800,0.692228,0.499045,0.017743
eegnet,cross_session,sub-001,,ses-04,ses-03,3,,79,20,99,1,0.545455,0.546531,0.540769,0.520000,0.689875,0.497322,0.102426
eegnet,cross_session,sub-001,,ses-04,ses-05,3,,79,20,94,1,0.542553,0.539402,0.530600,0.539402,0.688681,0.495727,0.125413
eegnet,cross_session,sub-001,,ses-05,ses-01,3,,75,19,100,1,0.470000,0.470000,0.349773,0.410800,0.694536,0.501389,0.036830
eegnet,cross_session,sub-001,,ses-05,ses-02,3,,75,19,100,1,0.580000,0.580000,0.571603,0.544400,0.691273,0.498130,0.064309
eegnet,cross_session,sub-001,,ses-05,ses-03,3,,75,19,99,1,0.515152,0.516531,0.506645,0.520408,0.691336,0.498230,0.021916
eegnet,cross_session,sub-001,,ses-05,ses-04,3,,75,19,99,1,0.494949,0.493265,0.479605,0.468980,0.706508,0.512876,0.060729
eegnet,cross_session,sub-002,,ses-01,ses-02,3,,73,19,95,95,0.494737,0.494459,0.494232,0.468528,1.672575,0.777257,0.349902
eegnet,cross_session,sub-002,,ses-01,ses-03,3,,73,19,100,95,0.480000,0.482939,0.479792,0.438780,2.457131,0.877335,0.395240
eegnet,cross_session,sub-002,,ses-01,ses-04,3,,73,19,100,95,0.470000,0.470000,0.445549,0.542800,2.246243,0.891941,0.455894
eegnet,cross_session,sub-002,,ses-01,ses-05,3,,73,19,95,95,0.621053,0.618678,0.617621,0.620674,3.114464,0.706196,0.353296
eegnet,cross_session,sub-002,,ses-02,ses-01,3,,76,19,92,1,0.489130,0.489130,0.328467,0.478733,0.696622,0.503443,0.023708
eegnet,cross_session,sub-002,,ses-02,ses-03,3,,76,19,100,1,0.470000,0.500000,0.319728,0.628663,0.694348,0.501201,0.041860
eegnet,cross_session,sub-002,,ses-02,ses-04,3,,76,19,100,1,0.500000,0.500000,0.333333,0.550800,0.693214,0.500067,0.012353
eegnet,cross_session,sub-002,,ses-02,ses-05,3,,76,19,95,1,0.484211,0.500000,0.326241,0.449423,0.694479,0.501332,0.027975
eegnet,cross_session,sub-002,,ses-03,ses-01,3,,80,20,92,5,0.434783,0.434783,0.425000,0.401229,0.888622,0.639067,0.202323
eegnet,cross_session,sub-002,,ses-03,ses-02,3,,80,20,95,5,0.526316,0.527482,0.521008,0.550089,0.755945,0.532060,0.102278
eegnet,cross_session,sub-002,,ses-03,ses-04,3,,80,20,100,5,0.480000,0.480000,0.472403,0.438000,0.743136,0.545756,0.124551
eegnet,cross_session,sub-002,,ses-03,ses-05,3,,80,20,95,5,0.505263,0.506433,0.505044,0.499113,0.851952,0.606030,0.230190
eegnet,cross_session,sub-002,,ses-04,ses-01,3,,80,20,92,3,0.489130,0.489130,0.471070,0.600662,0.979173,0.623645,0.265150
eegnet,cross_session,sub-002,,ses-04,ses-02,3,,80,20,95,3,0.400000,0.399158,0.395715,0.383865,0.839917,0.613516,0.230861
eegnet,cross_session,sub-002,,ses-04,ses-03,3,,80,20,100,3,0.570000,0.566640,0.566489,0.546768,0.745006,0.525254,0.115868
eegnet,cross_session,sub-002,,ses-04,ses-05,3,,80,20,95,3,0.484211,0.481366,0.478431,0.452972,0.844365,0.609973,0.192469
eegnet,cross_session,sub-002,,ses-05,ses-01,3,,76,19,92,88,0.565217,0.565217,0.547912,0.666824,2.282848,0.779915,0.399823
eegnet,cross_session,sub-002,,ses-05,ses-02,3,,76,19,95,88,0.505263,0.507535,0.482319,0.513741,1.940003,0.846835,0.404817
eegnet,cross_session,sub-002,,ses-05,ses-03,3,,76,19,100,88,0.530000,0.539743,0.521920,0.508230,1.694717,0.789492,0.365970
eegnet,cross_session,sub-002,,ses-05,ses-04,3,,76,19,100,88,0.570000,0.570000,0.568922,0.594800,1.336620,0.694093,0.334709
eegnet,cross_session,sub-003,,ses-01,ses-02,3,,73,19,100,7,0.520000,0.520000,0.500000,0.548400,0.692712,0.498498,0.073731
eegnet,cross_session,sub-003,,ses-01,ses-03,3,,73,19,92,7,0.423913,0.426714,0.415558,0.438298,1.037378,0.714216,0.321115
eegnet,cross_session,sub-003,,ses-01,ses-04,3,,73,19,100,7,0.560000,0.560000,0.522569,0.495200,0.706037,0.512155,0.094610
eegnet,cross_session,sub-003,,ses-01,ses-05,3,,73,19,100,7,0.500000,0.500000,0.379960,0.510400,0.704844,0.511007,0.101631
eegnet,cross_session,sub-003,,ses-02,ses-01,3,,80,20,92,5,0.510870,0.505682,0.500904,0.503314,0.796278,0.581175,0.213160
eegnet,cross_session,sub-003,,ses-02,ses-03,3,,80,20,92,5,0.510870,0.512293,0.509421,0.433097,1.327376,0.716631,0.330191
eegnet,cross_session,sub-003,,ses-02,ses-04,3,,80,20,100,5,0.550000,0.550000,0.549595,0.597600,0.676934,0.484925,0.060561
eegnet,cross_session,sub-003,,ses-02,ses-05,3,,80,20,100,5,0.530000,0.530000,0.529577,0.554800,0.685647,0.492809,0.071671
eegnet,cross_session,sub-003,,ses-03,ses-01,3,,73,19,92,35,0.521739,0.539773,0.435268,0.424242,0.772929,0.569658,0.181172
eegnet,cross_session,sub-003,,ses-03,ses-02,3,,73,19,100,35,0.500000,0.500000,0.333333,0.615200,0.704881,0.511774,0.131157
eegnet,cross_session,sub-003,,ses-03,ses-04,3,,73,19,100,35,0.500000,0.500000,0.333333,0.496400,0.731194,0.536322,0.133906
eegnet,cross_session,sub-003,,ses-03,ses-05,3,,73,19,100,35,0.500000,0.500000,0.333333,0.478000,0.737884,0.541801,0.137119
eegnet,cross_session,sub-003,,ses-04,ses-01,3,,80,20,92,28,0.576087,0.569129,0.561101,0.611269,1.526863,0.719378,0.330156
eegnet,cross_session,sub-003,,ses-04,ses-02,3,,80,20,100,28,0.670000,0.670000,0.669703,0.670800,1.228236,0.569697,0.265469
eegnet,cross_session,sub-003,,ses-04,ses-03,3,,80,20,92,28,0.521739,0.527660,0.486815,0.569267,5.228735,0.905497,0.463586
eegnet,cross_session,sub-003,,ses-04,ses-05,3,,80,20,100,28,0.590000,0.590000,0.589631,0.574800,0.958496,0.588066,0.208243
eegnet,cross_session,sub-003,,ses-05,ses-01,3,,80,20,92,11,0.565217,0.546402,0.450746,0.656487,1.963601,0.756227,0.387543
eegnet,cross_session,sub-003,,ses-05,ses-02,3,,80,20,100,11,0.500000,0.500000,0.434645,0.457800,2.104610,0.838037,0.377282
eegnet,cross_session,sub-003,,ses-05,ses-03,3,,80,20,92,11,0.489130,0.499054,0.362524,0.525296,5.492665,0.985917,0.500324
eegnet,cross_session,sub-003,,ses-05,ses-04,3,,80,20,100,11,0.600000,0.600000,0.597424,0.583600,0.847998,0.561756,0.186061
eegnet,cross_session,sub-004,,ses-01,ses-02,3,,69,18,97,1,0.556701,0.561012,0.465873,0.505527,0.693413,0.500262,0.070994
eegnet,cross_session,sub-004,,ses-01,ses-03,3,,69,18,91,1,0.527473,0.544816,0.485470,0.585756,0.690269,0.497128,0.018189
eegnet,cross_session,sub-004,,ses-01,ses-04,3,,69,18,100,1,0.420000,0.420000,0.333640,0.355200,0.695623,0.502476,0.084913
eegnet,cross_session,sub-004,,ses-01,ses-05,3,,69,18,100,1,0.500000,0.500000,0.333333,0.494800,0.693064,0.499917,0.006695
eegnet,cross_session,sub-004,,ses-02,ses-01,3,,77,20,87,14,0.459770,0.458510,0.452537,0.437104,2.927619,0.806434,0.343955
eegnet,cross_session,sub-004,,ses-02,ses-03,3,,77,20,91,14,0.538462,0.544331,0.535714,0.562984,1.255500,0.667762,0.253582
eegnet,cross_session,sub-004,,ses-02,ses-04,3,,77,20,100,14,0.520000,0.520000,0.500000,0.495200,0.971293,0.669423,0.297374
eegnet,cross_session,sub-004,,ses-02,ses-05,3,,77,20,100,14,0.480000,0.480000,0.479167,0.488800,0.776013,0.568154,0.179774
eegnet,cross_session,sub-004,,ses-03,ses-01,3,,72,19,87,1,0.551724,0.552061,0.551487,0.561839,0.985792,0.501901,0.048524
eegnet,cross_session,sub-004,,ses-03,ses-02,3,,72,19,97,1,0.546392,0.547194,0.544017,0.567177,0.698940,0.504901,0.054504
eegnet,cross_session,sub-004,,ses-03,ses-04,3,,72,19,100,1,0.430000,0.430000,0.369399,0.372800,0.709827,0.516542,0.094216
eegnet,cross_session,sub-004,,ses-03,ses-05,3,,72,19,100,1,0.510000,0.510000,0.503998,0.514000,0.691966,0.498821,0.005203
eegnet,cross_session,sub-004,,ses-04,ses-01,3,,80,20,87,1,0.563218,0.565275,0.549837,0.516385,1.008886,0.525860,0.172306
eegnet,cross_session,sub-004,,ses-04,ses-02,3,,80,20,97,1,0.525773,0.525298,0.524510,0.560799,0.714160,0.512660,0.092827
eegnet,cross_session,sub-004,,ses-04,ses-03,3,,80,20,91,1,0.516484,0.525921,0.506410,0.583333,0.692829,0.498394,0.085606
eegnet,cross_session,sub-004,,ses-04,ses-05,3,,80,20,100,1,0.530000,0.530000,0.521920,0.513600,0.691315,0.498185,0.016715
eegnet,cross_session,sub-004,,ses-05,ses-01,3,,80,20,87,17,0.448276,0.447410,0.444681,0.404863,8.993470,1.063324,0.536642
eegnet,cross_session,sub-004,,ses-05,ses-02,3,,80,20,97,17,0.494845,0.494685,0.494631,0.517432,2.985541,0.810554,0.385309
eegnet,cross_session,sub-004,,ses-05,ses-03,3,,80,20,91,17,0.516484,0.516231,0.515957,0.526163,5.016489,0.837472,0.430840
eegnet,cross_session,sub-004,,ses-05,ses-04,3,,80,20,100,17,0.440000,0.440000,0.425287,0.451200,1.838812,0.856175,0.411403
eegnet,cross_session,sub-005,,ses-01,ses-02,3,,75,19,100,1,0.500000,0.500000,0.333333,0.604400,0.693123,0.499976,0.010807
eegnet,cross_session,sub-005,,ses-01,ses-03,3,,75,19,93,1,0.505376,0.510638,0.354167,0.394542,0.692781,0.499656,0.014877
eegnet,cross_session,sub-005,,ses-01,ses-04,3,,75,19,99,1,0.505051,0.500000,0.335570,0.504082,0.693171,0.500023,0.006069
eegnet,cross_session,sub-005,,ses-01,ses-05,3,,75,19,89,1,0.516854,0.500000,0.340741,0.471183,0.693573,0.500426,0.005899
eegnet,cross_session,sub-005,,ses-02,ses-01,3,,80,20,94,100,0.531915,0.521088,0.493137,0.519274,6.929863,0.922668,0.464701
eegnet,cross_session,sub-005,,ses-02,ses-03,3,,80,20,93,100,0.494624,0.494912,0.494390,0.516189,1.969414,0.816623,0.392361
eegnet,cross_session,sub-005,,ses-02,ses-04,3,,80,20,99,100,0.515152,0.513673,0.503759,0.523673,1.756088,0.805407,0.387827
eegnet,cross_session,sub-005,,ses-02,ses-05,3,,80,20,89,100,0.539326,0.539181,0.539093,0.546006,3.095367,0.835134,0.398322
eegnet,cross_session,sub-005,,ses-03,ses-01,3,,74,19,94,49,0.489362,0.487528,0.487273,0.486168,1.555791,0.728360,0.346000
eegnet,cross_session,sub-005,,ses-03,ses-02,3,,74,19,100,49,0.690000,0.690000,0.672685,0.754400,0.644468,0.434907,0.092530
eegnet,cross_session,sub-005,,ses-03,ses-04,3,,74,19,99,49,0.545455,0.545714,0.545269,0.538776,0.864177,0.593597,0.238003
eegnet,cross_session,sub-005,,ses-03,ses-05,3,,74,19,89,49,0.550562,0.550809,0.550505,0.512133,1.052807,0.644020,0.241044
eegnet,cross_session,sub-005,,ses-04,ses-01,3,,79,20,94,2,0.489362,0.482993,0.474126,0.497506,1.128449,0.600058,0.204831
eegnet,cross_session,sub-005,,ses-04,ses-02,3,,79,20,100,2,0.780000,0.780000,0.779205,0.833600,0.646576,0.453614,0.239174
eegnet,cross_session,sub-005,,ses-04,ses-03,3,,79,20,93,2,0.462366,0.463922,0.451651,0.521277,0.724113,0.526549,0.150660
eegnet,cross_session,sub-005,,ses-04,ses-05,3,,79,20,89,2,0.550562,0.546259,0.540764,0.542973,0.752062,0.533529,0.073236
eegnet,cross_session,sub-005,,ses-05,ses-01,3,,71,18,94,10,0.446809,0.453968,0.434259,0.469841,1.140872,0.629679,0.226994
eegnet,cross_session,sub-005,,ses-05,ses-02,3,,71,18,100,10,0.470000,0.470000,0.405229,0.454000,0.712876,0.519484,0.117095
eegnet,cross_session,sub-005,,ses-05,ses-03,3,,71,18,93,10,0.612903,0.614940,0.599522,0.630897,0.880151,0.504382,0.100381
eegnet,cross_session,sub-005,,ses-05,ses-04,3,,71,18,99,10,0.494949,0.493878,0.488636,0.487755,0.716080,0.521236,0.082333
eegnet,cross_session,sub-006,,ses-01,ses-02,3,,74,19,94,7,0.723404,0.725091,0.722273,0.767210,0.611300,0.403931,0.127069
eegnet,cross_session,sub-006,,ses-01,ses-03,3,,74,19,95,7,0.652632,0.652482,0.652478,0.684840,0.988268,0.536110,0.212123
eegnet,cross_session,sub-006,,ses-01,ses-04,3,,74,19,92,7,0.739130,0.740426,0.738636,0.792908,0.700394,0.392996,0.112918
eegnet,cross_session,sub-006,,ses-01,ses-05,3,,74,19,95,7,0.684211,0.687888,0.681351,0.701863,0.847382,0.483667,0.172816
eegnet,cross_session,sub-006,,ses-02,ses-01,3,,75,19,93,100,0.623656,0.622917,0.622958,0.676389,4.859353,0.701718,0.352787
eegnet,cross_session,sub-006,,ses-02,ses-03,3,,75,19,95,100,0.547368,0.546543,0.544136,0.630984,6.101211,0.853694,0.431801
eegnet,cross_session,sub-006,,ses-02,ses-04,3,,75,19,92,100,0.543478,0.536170,0.480645,0.556028,7.176529,0.901210,0.452089
eegnet,cross_session,sub-006,,ses-02,ses-05,3,,75,19,95,100,0.536842,0.536380,0.536380,0.526398,6.503764,0.891426,0.447034
eegnet,cross_session,sub-006,,ses-03,ses-01,3,,76,19,93,13,0.516129,0.515972,0.515905,0.568056,1.666215,0.754121,0.359678
eegnet,cross_session,sub-006,,ses-03,ses-02,3,,76,19,94,13,0.553191,0.552536,0.552381,0.636322,0.844328,0.560418,0.238946
eegnet,cross_session,sub-006,,ses-03,ses-04,3,,76,19,92,13,0.739130,0.740898,0.738016,0.759811,0.699040,0.421708,0.137134
eegnet,cross_session,sub-006,,ses-03,ses-05,3,,76,19,95,13,0.389474,0.390861,0.388864,0.370896,1.282808,0.782579,0.356951
eegnet,cross_session,sub-006,,ses-04,ses-01,3,,73,19,93,99,0.462366,0.462500,0.462303,0.487500,2.734606,0.979823,0.507089
eegnet,cross_session,sub-006,,ses-04,ses-02,3,,73,19,94,99,0.861702,0.862772,0.861561,0.935236,0.340729,0.201748,0.102683
eegnet,cross_session,sub-006,,ses-04,ses-03,3,,73,19,95,99,0.526316,0.525931,0.525475,0.479610,1.635756,0.731288,0.303506
eegnet,cross_session,sub-006,,ses-04,ses-05,3,,73,19,95,99,0.526316,0.530834,0.518635,0.560781,1.422020,0.682255,0.326998
eegnet,cross_session,sub-006,,ses-05,ses-01,3,,76,19,93,5,0.559140,0.559028,0.558936,0.647685,0.916224,0.531918,0.214377
eegnet,cross_session,sub-006,,ses-05,ses-02,3,,76,19,94,5,0.478723,0.477808,0.477244,0.502717,0.809112,0.583539,0.199846
eegnet,cross_session,sub-006,,ses-05,ses-03,3,,76,19,95,5,0.600000,0.598848,0.594564,0.673759,0.697932,0.483475,0.117615
eegnet,cross_session,sub-006,,ses-05,ses-04,3,,76,19,92,5,0.467391,0.468794,0.465813,0.474232,0.799868,0.570440,0.163849
eegnet,cross_session,sub-007,,ses-01,ses-02,3,,80,20,100,12,0.430000,0.430000,0.429487,0.456800,1.004400,0.688943,0.302643
eegnet,cross_session,sub-007,,ses-01,ses-03,3,,80,20,96,12,0.562500,0.562500,0.562500,0.546875,1.741902,0.739052,0.328124
eegnet,cross_session,sub-007,,ses-01,ses-04,3,,80,20,92,12,0.554348,0.554348,0.534493,0.603261,4.205571,0.806513,0.406676
eegnet,cross_session,sub-007,,ses-01,ses-05,3,,80,20,100,12,0.580000,0.580000,0.544271,0.586000,1.529829,0.689703,0.307359
eegnet,cross_session,sub-007,,ses-02,ses-01,3,,80,20,100,24,0.500000,0.500000,0.486864,0.496400,0.880619,0.622978,0.238920
eegnet,cross_session,sub-007,,ses-02,ses-03,3,,80,20,96,24,0.437500,0.437500,0.421429,0.418620,1.655428,0.857994,0.393040
eegnet,cross_session,sub-007,,ses-02,ses-04,3,,80,20,92,24,0.510870,0.510870,0.493578,0.531191,2.510979,0.857650,0.421829
eegnet,cross_session,sub-007,,ses-02,ses-05,3,,80,20,100,24,0.440000,0.440000,0.431818,0.382000,1.216474,0.809490,0.367649
eegnet,cross_session,sub-007,,ses-03,ses-01,3,,76,20,100,1,0.550000,0.550000,0.469277,0.586400,0.690503,0.497359,0.041876
eegnet,cross_session,sub-007,,ses-03,ses-02,3,,76,20,100,1,0.450000,0.450000,0.362762,0.441200,0.698804,0.505634,0.061398
eegnet,cross_session,sub-007,,ses-03,ses-04,3,,76,20,92,1,0.554348,0.554348,0.547884,0.481096,0.702783,0.509560,0.098670
eegnet,cross_session,sub-007,,ses-03,ses-05,3,,76,20,100,1,0.450000,0.450000,0.413333,0.417600,0.698261,0.505104,0.062593
eegnet,cross_session,sub-007,,ses-04,ses-01,3,,73,19,100,13,0.530000,0.530000,0.455451,0.554000,0.710906,0.516709,0.120710
eegnet,cross_session,sub-007,,ses-04,ses-02,3,,73,19,100,13,0.520000,0.520000,0.438990,0.465200,0.770998,0.548621,0.143816
eegnet,cross_session,sub-007,,ses-04,ses-03,3,,73,19,96,13,0.552083,0.552083,0.513609,0.529080,0.736550,0.531442,0.154307
eegnet,cross_session,sub-007,,ses-04,ses-05,3,,73,19,100,13,0.570000,0.570000,0.530516,0.695200,0.661325,0.468843,0.066645
eegnet,cross_session,sub-007,,ses-05,ses-01,3,,80,20,100,15,0.520000,0.520000,0.500000,0.570000,0.802349,0.555624,0.174973
eegnet,cross_session,sub-007,,ses-05,ses-02,3,,80,20,100,15,0.490000,0.490000,0.435778,0.472000,0.842487,0.594512,0.195758
eegnet,cross_session,sub-007,,ses-05,ses-03,3,,80,20,96,15,0.645833,0.645833,0.645217,0.633681,1.224876,0.542970,0.217492
eegnet,cross_session,sub-007,,ses-05,ses-04,3,,80,20,92,15,0.597826,0.597826,0.596635,0.637051,1.869859,0.622223,0.285503
eegnet,cross_session,sub-008,,ses-01,ses-02,3,,80,20,94,17,0.457447,0.457447,0.381180,0.449525,8.932220,1.009583,0.521957
eegnet,cross_session,sub-008,,ses-01,ses-03,3,,80,20,89,17,0.505618,0.510859,0.372436,0.654545,9.268941,0.978426,0.498339
eegnet,cross_session,sub-008,,ses-01,ses-04,3,,80,20,96,17,0.552083,0.552083,0.549689,0.560764,1.376039,0.714337,0.313731
eegnet,cross_session,sub-008,,ses-01,ses-05,3,,80,20,100,17,0.460000,0.460000,0.445813,0.415200,1.810072,0.875167,0.430041
eegnet,cross_session,sub-008,,ses-02,ses-01,3,,75,19,100,100,0.520000,0.520000,0.417193,0.579200,0.689426,0.496283,0.081591
eegnet,cross_session,sub-008,,ses-02,ses-03,3,,75,19,89,100,0.696629,0.695960,0.695244,0.724747,0.700932,0.443813,0.102951
eegnet,cross_session,sub-008,,ses-02,ses-04,3,,75,19,96,100,0.562500,0.562500,0.546559,0.531684,0.715000,0.513126,0.109509
eegnet,cross_session,sub-008,,ses-02,ses-05,3,,75,19,100,100,0.530000,0.530000,0.493043,0.551200,0.698140,0.503235,0.018654
eegnet,cross_session,sub-008,,ses-03,ses-01,3,,71,18,100,49,0.630000,0.630000,0.609334,0.696800,0.654965,0.462384,0.091069
eegnet,cross_session,sub-008,,ses-03,ses-02,3,,71,18,94,49,0.457447,0.457447,0.454421,0.450883,2.273093,0.798621,0.359893
eegnet,cross_session,sub-008,,ses-03,ses-04,3,,71,18,96,49,0.447917,0.447917,0.444966,0.475260,0.760327,0.556186,0.172124
eegnet,cross_session,sub-008,,ses-03,ses-05,3,,71,18,100,49,0.450000,0.450000,0.399498,0.407600,0.736106,0.540353,0.132531
eegnet,cross_session,sub-008,,ses-04,ses-01,3,,76,20,100,40,0.450000,0.450000,0.445509,0.465200,0.878611,0.635175,0.252598
eegnet,cross_session,sub-008,,ses-04,ses-02,3,,76,20,94,40,0.372340,0.372340,0.371700,0.392485,7.432377,1.165203,0.592379
eegnet,cross_session,sub-008,,ses-04,ses-03,3,,76,20,89,40,0.494382,0.497475,0.454731,0.556313,6.319319,0.964933,0.496980
eegnet,cross_session,sub-008,,ses-04,ses-05,3,,76,20,100,40,0.420000,0.420000,0.419071,0.385200,1.123353,0.777294,0.352469
eegnet,cross_session,sub-008,,ses-05,ses-01,3,,80,20,100,1,0.550000,0.550000,0.547784,0.535600,0.691396,0.498252,0.034029
eegnet,cross_session,sub-008,,ses-05,ses-02,3,,80,20,94,1,0.500000,0.500000,0.499490,0.539158,1.338567,0.652319,0.274161
eegnet,cross_session,sub-008,,ses-05,ses-03,3,,80,20,89,1,0.483146,0.478788,0.388590,0.437879,1.602042,0.773746,0.320635
eegnet,cross_session,sub-008,,ses-05,ses-04,3,,80,20,96,1,0.489583,0.489583,0.488195,0.461806,0.705844,0.512580,0.054437
eegnet,cross_session,sub-009,,ses-01,ses-02,3,,78,20,100,1,0.410000,0.410000,0.377046,0.350400,0.700373,0.507220,0.101777
eegnet,cross_session,sub-009,,ses-01,ses-03,3,,78,20,100,1,0.500000,0.500000,0.490004,0.500000,0.687992,0.494970,0.040483
eegnet,cross_session,sub-009,,ses-01,ses-04,3,,78,20,96,1,0.458333,0.447826,0.415457,0.501522,0.967722,0.511636,0.103540
eegnet,cross_session,sub-009,,ses-01,ses-05,3,,78,20,99,1,0.484848,0.487347,0.452683,0.523673,0.695522,0.501947,0.070122
eegnet,cross_session,sub-009,,ses-02,ses-01,3,,80,20,98,4,0.510204,0.511250,0.509387,0.546250,0.984396,0.567113,0.179523
eegnet,cross_session,sub-009,,ses-02,ses-03,3,,80,20,100,4,0.450000,0.450000,0.449945,0.461200,0.866994,0.592092,0.169564
eegnet,cross_session,sub-009,,ses-02,ses-04,3,,80,20,96,4,0.572917,0.571739,0.571755,0.589130,0.761259,0.514691,0.155761
eegnet,cross_session,sub-009,,ses-02,ses-05,3,,80,20,99,4,0.464646,0.463469,0.456664,0.420000,1.064833,0.717810,0.278653
eegnet,cross_session,sub-009,,ses-03,ses-01,3,,80,20,98,26,0.500000,0.495833,0.475936,0.545000,2.281875,0.793177,0.386291
eegnet,cross_session,sub-009,,ses-03,ses-02,3,,80,20,100,26,0.540000,0.540000,0.540000,0.572000,0.949664,0.598369,0.213640
eegnet,cross_session,sub-009,,ses-03,ses-04,3,,80,20,96,26,0.437500,0.433913,0.431330,0.431739,3.815851,0.928472,0.445367
eegnet,cross_session,sub-009,,ses-03,ses-05,3,,80,20,99,26,0.464646,0.465306,0.462673,0.447755,2.530736,0.903303,0.407203
eegnet,cross_session,sub-009,,ses-04,ses-01,3,,76,20,98,11,0.510204,0.505833,0.484211,0.544167,0.691590,0.498442,0.002650
eegnet,cross_session,sub-009,,ses-04,ses-02,3,,76,20,100,11,0.580000,0.580000,0.525102,0.652800,0.691098,0.497951,0.074376
eegnet,cross_session,sub-009,,ses-04,ses-03,3,,76,20,100,11,0.450000,0.450000,0.351339,0.436800,0.694827,0.501680,0.056770
eegnet,cross_session,sub-009,,ses-04,ses-05,3,,76,20,99,11,0.454545,0.457143,0.417393,0.497551,0.692510,0.499363,0.051427
eegnet,cross_session,sub-009,,ses-05,ses-01,3,,79,20,98,3,0.520408,0.521250,0.519958,0.478333,0.709085,0.515149,0.114861
eegnet,cross_session,sub-009,,ses-05,ses-02,3,,79,20,100,3,0.370000,0.370000,0.369432,0.275200,0.712978,0.519786,0.149042
eegnet,cross_session,sub-009,,ses-05,ses-03,3,,79,20,100,3,0.470000,0.470000,0.463508,0.471200,0.683671,0.491936,0.068529
eegnet,cross_session,sub-009,,ses-05,ses-04,3,,79,20,96,3,0.500000,0.501739,0.499783,0.490870,0.988696,0.529138,0.115461
eegnet,cross_session,sub-010,,ses-01,ses-02,3,,71,18,94,4,0.425532,0.425532,0.425532,0.397918,0.758393,0.550460,0.137848
eegnet,cross_session,sub-010,,ses-01,ses-03,3,,71,18,100,4,0.570000,0.570000,0.569957,0.580800,0.687344,0.493799,0.038113
eegnet,cross_session,sub-010,,ses-01,ses-04,3,,71,18,100,4,0.480000,0.480000,0.474747,0.513200,0.695303,0.502074,0.076610
eegnet,cross_session,sub-010,,ses-01,ses-05,3,,71,18,97,4,0.494845,0.496599,0.480717,0.468537,0.745771,0.541140,0.110003
eegnet,cross_session,sub-010,,ses-02,ses-01,3,,75,19,89,3,0.550562,0.545501,0.537422,0.538423,0.689163,0.496027,0.052219
eegnet,cross_session,sub-010,,ses-02,ses-03,3,,75,19,100,3,0.550000,0.550000,0.547784,0.597600,0.687976,0.494700,0.041095
eegnet,cross_session,sub-010,,ses-02,ses-04,3,,75,19,100,3,0.500000,0.500000,0.490004,0.534800,0.690290,0.497153,0.049294
eegnet,cross_session,sub-010,,ses-02,ses-05,3,,75,19,97,3,0.484536,0.485544,0.480060,0.528061,0.692199,0.499590,0.095524
eegnet,cross_session,sub-010,,ses-03,ses-01,3,,80,20,89,5,0.483146,0.478008,0.468035,0.553589,0.725375,0.528624,0.156826
eegnet,cross_session,sub-010,,ses-03,ses-02,3,,80,20,94,5,0.404255,0.404255,0.394386,0.402445,0.840624,0.610902,0.219653
eegnet,cross_session,sub-010,,ses-03,ses-04,3,,80,20,100,5,0.500000,0.500000,0.494949,0.508000,0.709175,0.515513,0.075908
eegnet,cross_session,sub-010,,ses-03,ses-05,3,,80,20,97,5,0.443299,0.443665,0.442766,0.468112,0.786694,0.553188,0.182425
eegnet,cross_session,sub-010,,ses-04,ses-01,3,,80,20,89,3,0.539326,0.538423,0.538393,0.528311,0.723076,0.526166,0.142571
eegnet,cross_session,sub-010,,ses-04,ses-02,3,,80,20,94,3,0.563830,0.563830,0.559794,0.584427,0.764272,0.521446,0.107167
eegnet,cross_session,sub-010,,ses-04,ses-03,3,,80,20,100,3,0.510000,0.510000,0.495418,0.572000,0.711749,0.511985,0.126756
eegnet,cross_session,sub-010,,ses-04,ses-05,3,,80,20,97,3,0.536082,0.539541,0.479428,0.602891,1.053751,0.530774,0.117707
eegnet,cross_session,sub-010,,ses-05,ses-01,3,,77,20,89,17,0.505618,0.520222,0.402320,0.445905,0.736808,0.541215,0.161690
eegnet,cross_session,sub-010,,ses-05,ses-02,3,,77,20,94,17,0.531915,0.531915,0.415158,0.487098,0.706392,0.512750,0.056400
eegnet,cross_session,sub-010,,ses-05,ses-03,3,,77,20,100,17,0.570000,0.570000,0.545982,0.645600,0.672771,0.480129,0.060410
eegnet,cross_session,sub-010,,ses-05,ses-04,3,,77,20,100,17,0.580000,0.580000,0.554329,0.662400,0.673575,0.480623,0.038524
eegnet,cross_session,sub-011,,ses-01,ses-02,3,,80,20,94,18,0.457447,0.469615,0.416149,0.405669,8.408848,1.038917,0.530771
eegnet,cross_session,sub-011,,ses-01,ses-03,3,,80,20,100,18,0.520000,0.520000,0.479167,0.630200,2.202713,0.824033,0.408446
eegnet,cross_session,sub-011,,ses-01,ses-04,3,,80,20,100,18,0.530000,0.530000,0.528822,0.600400,1.281841,0.690916,0.345075
eegnet,cross_session,sub-011,,ses-01,ses-05,3,,80,20,100,18,0.540000,0.540000,0.487522,0.532000,1.725883,0.800879,0.412993
eegnet,cross_session,sub-011,,ses-02,ses-01,3,,75,19,100,5,0.460000,0.460000,0.368864,0.490800,0.697207,0.504036,0.069862
eegnet,cross_session,sub-011,,ses-02,ses-03,3,,75,19,100,5,0.500000,0.500000,0.483258,0.500000,0.695141,0.502000,0.032272
eegnet,cross_session,sub-011,,ses-02,ses-04,3,,75,19,100,5,0.460000,0.460000,0.456522,0.475200,0.700188,0.506978,0.070694
eegnet,cross_session,sub-011,,ses-02,ses-05,3,,75,19,100,5,0.440000,0.440000,0.421248,0.488000,0.695223,0.502084,0.089048
eegnet,cross_session,sub-011,,ses-03,ses-01,3,,80,20,100,1,0.530000,0.530000,0.519182,0.546800,0.691619,0.498474,0.051664
eegnet,cross_session,sub-011,,ses-03,ses-02,3,,80,20,94,1,0.489362,0.486621,0.485636,0.443991,0.833541,0.604746,0.182820
eegnet,cross_session,sub-011,,ses-03,ses-04,3,,80,20,100,1,0.440000,0.440000,0.439103,0.467600,0.703714,0.510438,0.100259
eegnet,cross_session,sub-011,,ses-03,ses-05,3,,80,20,100,1,0.510000,0.510000,0.471470,0.526000,0.691114,0.497985,0.028285
eegnet,cross_session,sub-011,,ses-04,ses-01,3,,80,20,100,1,0.560000,0.560000,0.541667,0.525200,0.693842,0.500688,0.096610
eegnet,cross_session,sub-011,,ses-04,ses-02,3,,80,20,94,1,0.468085,0.468934,0.468085,0.434921,0.782970,0.576903,0.202033
eegnet,cross_session,sub-011,,ses-04,ses-03,3,,80,20,100,1,0.630000,0.630000,0.618989,0.674000,0.668769,0.475780,0.090740
eegnet,cross_session,sub-011,,ses-04,ses-05,3,,80,20,100,1,0.480000,0.480000,0.453552,0.443200,0.699881,0.506720,0.043575
eegnet,cross_session,sub-011,,ses-05,ses-01,3,,80,20,100,10,0.600000,0.600000,0.597424,0.626000,0.676883,0.482383,0.093407
eegnet,cross_session,sub-011,,ses-05,ses-02,3,,80,20,94,10,0.563830,0.559864,0.557774,0.554195,2.518430,0.733336,0.336090
eegnet,cross_session,sub-011,,ses-05,ses-03,3,,80,20,100,10,0.610000,0.610000,0.608080,0.641200,0.741003,0.510839,0.124739
eegnet,cross_session,sub-011,,ses-05,ses-04,3,,80,20,100,10,0.530000,0.530000,0.508317,0.545200,0.942786,0.635667,0.239201
eegnet,cross_session,sub-012,,ses-01,ses-02,3,,80,20,91,1,0.604396,0.604348,0.604348,0.598551,0.696452,0.494830,0.061438
eegnet,cross_session,sub-012,,ses-01,ses-03,3,,80,20,97,1,0.402062,0.403274,0.394272,0.432823,0.708139,0.514801,0.144513
eegnet,cross_session,sub-012,,ses-01,ses-04,3,,80,20,87,1,0.471264,0.472222,0.471195,0.435450,0.756194,0.528780,0.087973
eegnet,cross_session,sub-012,,ses-01,ses-05,3,,80,20,83,1,0.506024,0.482565,0.475574,0.481087,0.711599,0.515887,0.058381
eegnet,cross_session,sub-012,,ses-02,ses-01,3,,72,19,100,1,0.500000,0.500000,0.492695,0.526000,0.694091,0.500919,0.012884
eegnet,cross_session,sub-012,,ses-02,ses-03,3,,72,19,97,1,0.494845,0.497662,0.455743,0.428997,0.698193,0.505024,0.019256
eegnet,cross_session,sub-012,,ses-02,ses-04,3,,72,19,87,1,0.482759,0.490476,0.459627,0.418519,0.716773,0.518563,0.036419
eegnet,cross_session,sub-012,,ses-02,ses-05,3,,72,19,83,1,0.469880,0.434397,0.407143,0.405437,0.695745,0.502589,0.046289
eegnet,cross_session,sub-012,,ses-03,ses-01,3,,77,20,100,2,0.560000,0.560000,0.551204,0.566400,0.695468,0.501761,0.046692
eegnet,cross_session,sub-012,,ses-03,ses-02,3,,77,20,91,2,0.571429,0.569807,0.561039,0.644444,0.699365,0.490806,0.052595
eegnet,cross_session,sub-012,,ses-03,ses-04,3,,77,20,87,2,0.482759,0.490476,0.459627,0.452381,0.962793,0.541675,0.090317
eegnet,cross_session,sub-012,,ses-03,ses-05,3,,77,20,83,2,0.457831,0.462766,0.457516,0.537234,0.687048,0.493819,0.110070
eegnet,cross_session,sub-012,,ses-04,ses-01,3,,69,18,100,32,0.480000,0.480000,0.420677,0.410800,0.847837,0.625017,0.235262
eegnet,cross_session,sub-012,,ses-04,ses-02,3,,69,18,91,32,0.483516,0.482367,0.477203,0.485024,0.908554,0.639055,0.241787
eegnet,cross_session,sub-012,,ses-04,ses-03,3,,69,18,97,32,0.536082,0.538478,0.510924,0.536990,0.783216,0.562441,0.153578
eegnet,cross_session,sub-012,,ses-04,ses-05,3,,69,18,83,32,0.566265,0.516253,0.458696,0.531915,0.734231,0.520195,0.119666
eegnet,cross_session,sub-012,,ses-05,ses-01,3,,66,17,100,1,0.530000,0.530000,0.526162,0.506400,0.702554,0.508512,0.067279
eegnet,cross_session,sub-012,,ses-05,ses-02,3,,66,17,91,1,0.527473,0.525362,0.508232,0.586473,0.687627,0.493684,0.060529
eegnet,cross_session,sub-012,,ses-05,ses-03,3,,66,17,97,1,0.515464,0.517857,0.489188,0.541667,0.697868,0.504375,0.045602
eegnet,cross_session,sub-012,,ses-05,ses-04,3,,66,17,87,1,0.551724,0.561111,0.521101,0.461905,0.788656,0.528682,0.154264
eegnet,cross_session,sub-013,,ses-01,ses-02,3,,80,20,94,5,0.553191,0.557823,0.549932,0.571429,1.051681,0.596610,0.223587
eegnet,cross_session,sub-013,,ses-01,ses-03,3,,80,20,100,5,0.880000,0.880000,0.879566,0.944400,0.361610,0.201846,0.102311
eegnet,cross_session,sub-013,,ses-01,ses-04,3,,80,20,95,5,0.684211,0.680568,0.678184,0.740018,0.644392,0.440363,0.146085
eegnet,cross_session,sub-013,,ses-01,ses-05,3,,80,20,100,5,0.740000,0.740000,0.737374,0.836000,0.517069,0.342153,0.083034
eegnet,cross_session,sub-013,,ses-02,ses-01,3,,75,19,100,1,0.550000,0.550000,0.536608,0.639200,0.676304,0.483266,0.118536
eegnet,cross_session,sub-013,,ses-02,ses-03,3,,75,19,100,1,0.670000,0.670000,0.669967,0.702400,0.659957,0.467163,0.122799
eegnet,cross_session,sub-013,,ses-02,ses-04,3,,75,19,95,1,0.589474,0.585404,0.580360,0.614463,0.680049,0.487164,0.064823
eegnet,cross_session,sub-013,,ses-02,ses-05,3,,75,19,100,1,0.610000,0.610000,0.568536,0.776800,0.657295,0.464570,0.111669
eegnet,cross_session,sub-013,,ses-03,ses-01,3,,80,20,100,3,0.700000,0.700000,0.689955,0.845600,0.545625,0.365582,0.104278
eegnet,cross_session,sub-013,,ses-03,ses-02,3,,80,20,94,3,0.510638,0.517007,0.502531,0.568254,0.835593,0.562549,0.212181
eegnet,cross_session,sub-013,,ses-03,ses-04,3,,80,20,95,3,0.557895,0.556122,0.555481,0.591837,0.691366,0.492424,0.066072
eegnet,cross_session,sub-013,,ses-03,ses-05,3,,80,20,100,3,0.750000,0.750000,0.749373,0.840000,0.537370,0.356688,0.129057
eegnet,cross_session,sub-013,,ses-04,ses-01,3,,76,19,100,2,0.690000,0.690000,0.689721,0.770400,0.596217,0.408262,0.092390
eegnet,cross_session,sub-013,,ses-04,ses-02,3,,76,19,94,2,0.553191,0.556009,0.552381,0.576417,0.717655,0.515433,0.117992
eegnet,cross_session,sub-013,,ses-04,ses-03,3,,76,19,100,2,0.590000,0.590000,0.571085,0.644000,0.670113,0.477578,0.085563
eegnet,cross_session,sub-013,,ses-04,ses-05,3,,76,19,100,2,0.840000,0.840000,0.839422,0.891200,0.542578,0.355632,0.226938
eegnet,cross_session,sub-013,,ses-05,ses-01,3,,80,20,100,7,0.670000,0.670000,0.668375,0.671600,1.099835,0.555887,0.237442
eegnet,cross_session,sub-013,,ses-05,ses-02,3,,80,20,94,7,0.595745,0.600454,0.592795,0.612698,1.469418,0.681592,0.327415
eegnet,cross_session,sub-013,,ses-05,ses-03,3,,80,20,100,7,0.710000,0.710000,0.706448,0.781200,0.740458,0.424944,0.169095
eegnet,cross_session,sub-013,,ses-05,ses-04,3,,80,20,95,7,0.705263,0.705634,0.705230,0.749778,0.769495,0.431380,0.115433
eegnet,cross_session,sub-014,,ses-01,ses-02,3,,80,20,95,2,0.484211,0.484043,0.483982,0.468972,0.703711,0.510447,0.064349
eegnet,cross_session,sub-014,,ses-01,ses-03,3,,80,20,92,2,0.467391,0.467252,0.466824,0.458946,0.707139,0.515608,0.103329
eegnet,cross_session,sub-014,,ses-01,ses-04,3,,80,20,92,2,0.565217,0.566903,0.563360,0.657683,0.681981,0.488849,0.045867
eegnet,cross_session,sub-014,,ses-01,ses-05,3,,80,20,100,2,0.500000,0.500000,0.499199,0.477200,0.701245,0.508300,0.059388
eegnet,cross_session,sub-014,,ses-02,ses-01,3,,76,19,100,3,0.470000,0.470000,0.469947,0.407200,0.768532,0.570176,0.211513
eegnet,cross_session,sub-014,,ses-02,ses-03,3,,76,19,92,3,0.369565,0.372568,0.369267,0.337447,0.797718,0.601160,0.252743
eegnet,cross_session,sub-014,,ses-02,ses-04,3,,76,19,92,3,0.456522,0.456265,0.456265,0.479905,0.697766,0.504832,0.103375
eegnet,cross_session,sub-014,,ses-02,ses-05,3,,76,19,100,3,0.450000,0.450000,0.433632,0.431200,0.766764,0.561097,0.154328
eegnet,cross_session,sub-014,,ses-03,ses-01,3,,73,19,100,10,0.520000,0.520000,0.519808,0.554000,0.742152,0.521517,0.131080
eegnet,cross_session,sub-014,,ses-03,ses-02,3,,73,19,95,10,0.473684,0.472961,0.470811,0.461879,0.865619,0.614356,0.189558
eegnet,cross_session,sub-014,,ses-03,ses-04,3,,73,19,92,10,0.597826,0.598345,0.597779,0.608038,0.673687,0.481267,0.113257
eegnet,cross_session,sub-014,,ses-03,ses-05,3,,73,19,100,10,0.640000,0.640000,0.639423,0.737200,0.587038,0.409974,0.088442
eegnet,cross_session,sub-014,,ses-04,ses-01,3,,73,19,100,6,0.590000,0.590000,0.580563,0.607200,0.935356,0.586708,0.216705
eegnet,cross_session,sub-014,,ses-04,ses-02,3,,73,19,95,6,0.494737,0.495346,0.493333,0.504433,0.962151,0.633981,0.249890
eegnet,cross_session,sub-014,,ses-04,ses-03,3,,73,19,92,6,0.532609,0.539867,0.529887,0.565259,1.107906,0.684629,0.285761
eegnet,cross_session,sub-014,,ses-04,ses-05,3,,73,19,100,6,0.430000,0.430000,0.429487,0.421600,1.150307,0.743305,0.317122
eegnet,cross_session,sub-014,,ses-05,ses-01,3,,80,20,100,14,0.520000,0.520000,0.512987,0.573600,0.839736,0.592698,0.212353
eegnet,cross_session,sub-014,,ses-05,ses-02,3,,80,20,95,14,0.431579,0.431516,0.431516,0.443262,0.940893,0.660445,0.267757
eegnet,cross_session,sub-014,,ses-05,ses-03,3,,80,20,92,14,0.673913,0.678215,0.673759,0.770764,0.624873,0.420547,0.149486
eegnet,cross_session,sub-014,,ses-05,ses-04,3,,80,20,92,14,0.510870,0.510402,0.510349,0.511111,0.780411,0.565831,0.141742
eegnet,cross_session,sub-015,,ses-01,ses-02,3,,80,20,95,2,0.557895,0.558954,0.553891,0.585993,0.683602,0.490525,0.026672
eegnet,cross_session,sub-015,,ses-01,ses-03,3,,80,20,85,2,0.447059,0.448161,0.446753,0.408027,0.714469,0.521128,0.092350
eegnet,cross_session,sub-015,,ses-01,ses-04,3,,80,20,95,2,0.557895,0.558954,0.553891,0.585993,0.683602,0.490525,0.026672
eegnet,cross_session,sub-015,,ses-01,ses-05,3,,80,20,98,2,0.540816,0.537083,0.522882,0.575417,0.681099,0.487747,0.071417
eegnet,cross_session,sub-015,,ses-02,ses-01,3,,76,19,100,1,0.580000,0.580000,0.571603,0.586800,0.678349,0.486660,0.047553
eegnet,cross_session,sub-015,,ses-02,ses-03,3,,76,19,85,1,0.541176,0.525362,0.514286,0.439799,0.705877,0.512356,0.095537
eegnet,cross_session,sub-015,,ses-02,ses-04,3,,76,19,95,1,0.642105,0.642066,0.642066,0.667110,0.667451,0.474566,0.100251
eegnet,cross_session,sub-015,,ses-02,ses-05,3,,76,19,98,1,0.551020,0.545833,0.517025,0.563333,0.695623,0.500194,0.033334
eegnet,cross_session,sub-015,,ses-03,ses-01,3,,68,17,100,1,0.430000,0.430000,0.427193,0.469600,0.715385,0.521619,0.135893
eegnet,cross_session,sub-015,,ses-03,ses-02,3,,68,17,95,1,0.526316,0.525266,0.521008,0.536791,0.692656,0.499461,0.018086
eegnet,cross_session,sub-015,,ses-03,ses-04,3,,68,17,95,1,0.526316,0.525266,0.521008,0.536791,0.692656,0.499461,0.018086
eegnet,cross_session,sub-015,,ses-03,ses-05,3,,68,17,98,1,0.418367,0.417500,0.416849,0.483333,0.693976,0.501003,0.140231
eegnet,cross_session,sub-015,,ses-04,ses-01,3,,76,19,100,1,0.580000,0.580000,0.571603,0.586800,0.678349,0.486660,0.047553
eegnet,cross_session,sub-015,,ses-04,ses-02,3,,76,19,95,1,0.642105,0.642066,0.642066,0.667110,0.667451,0.474566,0.100251
eegnet,cross_session,sub-015,,ses-04,ses-03,3,,76,19,85,1,0.541176,0.525362,0.514286,0.439799,0.705877,0.512356,0.095537
eegnet,cross_session,sub-015,,ses-04,ses-05,3,,76,19,98,1,0.551020,0.545833,0.517025,0.563333,0.695623,0.500194,0.033334
eegnet,cross_session,sub-015,,ses-05,ses-01,3,,78,20,100,2,0.540000,0.540000,0.535354,0.593600,0.680886,0.488053,0.066725
eegnet,cross_session,sub-015,,ses-05,ses-02,3,,78,20,95,2,0.557895,0.557846,0.557846,0.554521,0.691778,0.498453,0.033864
eegnet,cross_session,sub-015,,ses-05,ses-03,3,,78,20,85,2,0.435294,0.431438,0.431438,0.433110,0.710659,0.517126,0.103879
eegnet,cross_session,sub-015,,ses-05,ses-04,3,,78,20,95,2,0.557895,0.557846,0.557846,0.554521,0.691778,0.498453,0.033864
eegnet,cross_session,sub-016,,ses-01,ses-02,3,,80,20,100,17,0.460000,0.460000,0.459135,0.484400,0.904634,0.644952,0.266886
eegnet,cross_session,sub-016,,ses-01,ses-03,3,,80,20,100,17,0.580000,0.580000,0.579327,0.583200,1.129191,0.572683,0.177383
eegnet,cross_session,sub-016,,ses-01,ses-04,3,,80,20,95,17,0.578947,0.578901,0.578901,0.587766,0.884866,0.598774,0.263737
eegnet,cross_session,sub-016,,ses-01,ses-05,3,,80,20,91,17,0.538462,0.535058,0.531618,0.515474,2.933255,0.782003,0.344647
eegnet,cross_session,sub-016,,ses-02,ses-01,3,,80,20,100,6,0.450000,0.450000,0.437340,0.491600,0.953891,0.648141,0.271739
eegnet,cross_session,sub-016,,ses-02,ses-03,3,,80,20,100,6,0.490000,0.490000,0.483753,0.456800,0.858140,0.624492,0.259022
eegnet,cross_session,sub-016,,ses-02,ses-04,3,,80,20,95,6,0.547368,0.546543,0.544136,0.572695,0.798679,0.547740,0.170121
eegnet,cross_session,sub-016,,ses-02,ses-05,3,,80,20,91,6,0.472527,0.485735,0.380952,0.560928,2.024804,0.855153,0.437645
eegnet,cross_session,sub-016,,ses-03,ses-01,3,,80,20,100,3,0.500000,0.500000,0.350312,0.619200,0.689331,0.496202,0.085736
eegnet,cross_session,sub-016,,ses-03,ses-02,3,,80,20,100,3,0.580000,0.580000,0.500000,0.628400,0.686115,0.492977,0.057612
eegnet,cross_session,sub-016,,ses-03,ses-04,3,,80,20,95,3,0.557895,0.562057,0.478840,0.660904,0.685904,0.492779,0.051688
eegnet,cross_session,sub-016,,ses-03,ses-05,3,,80,20,91,3,0.571429,0.567698,0.563844,0.582689,0.689305,0.495671,0.058450
eegnet,cross_session,sub-016,,ses-04,ses-01,3,,76,19,100,5,0.560000,0.560000,0.557166,0.548000,0.694996,0.500820,0.119282
eegnet,cross_session,sub-016,,ses-04,ses-02,3,,76,19,100,5,0.560000,0.560000,0.548440,0.618800,0.726910,0.491095,0.099073
eegnet,cross_session,sub-016,,ses-04,ses-03,3,,76,19,100,5,0.550000,0.550000,0.548872,0.554000,0.714252,0.516277,0.071099
eegnet,cross_session,sub-016,,ses-04,ses-05,3,,76,19,91,5,0.560440,0.555609,0.548163,0.529981,1.003901,0.608779,0.199396
eegnet,cross_session,sub-016,,ses-05,ses-01,3,,72,19,100,1,0.550000,0.550000,0.524865,0.538800,0.691259,0.498127,0.040721
eegnet,cross_session,sub-016,,ses-05,ses-02,3,,72,19,100,1,0.430000,0.430000,0.416880,0.391200,0.696632,0.503483,0.076637
eegnet,cross_session,sub-016,,ses-05,ses-03,3,,72,19,100,1,0.520000,0.520000,0.507389,0.494000,0.689146,0.497416,0.010209
eegnet,cross_session,sub-016,,ses-05,ses-04,3,,72,19,95,1,0.547368,0.545878,0.537320,0.547872,0.693264,0.500112,0.071384
eegnet,cross_session,sub-017,,ses-01,ses-02,3,,80,20,100,2,0.500000,0.500000,0.499800,0.514800,0.701938,0.508687,0.074955
eegnet,cross_session,sub-017,,ses-01,ses-03,3,,80,20,98,2,0.520408,0.516250,0.497326,0.604167,0.711593,0.508614,0.183502
eegnet,cross_session,sub-017,,ses-01,ses-04,3,,80,20,100,2,0.480000,0.480000,0.462588,0.513200,0.698120,0.505518,0.095082
eegnet,cross_session,sub-017,,ses-01,ses-05,3,,80,20,95,2,0.494737,0.495124,0.494232,0.540780,0.740590,0.536478,0.154288
eegnet,cross_session,sub-017,,ses-02,ses-01,3,,80,20,100,14,0.460000,0.460000,0.454545,0.493600,0.940757,0.605900,0.215808
eegnet,cross_session,sub-017,,ses-02,ses-03,3,,80,20,98,14,0.520408,0.520833,0.520358,0.518750,1.559201,0.773826,0.338299
eegnet,cross_session,sub-017,,ses-02,ses-04,3,,80,20,100,14,0.460000,0.460000,0.458049,0.504800,1.043099,0.707034,0.326137
eegnet,cross_session,sub-017,,ses-02,ses-05,3,,80,20,95,14,0.536842,0.538564,0.525000,0.478723,2.249175,0.789455,0.365367
eegnet,cross_session,sub-017,,ses-03,ses-01,3,,78,20,100,2,0.550000,0.550000,0.524865,0.579200,0.691335,0.498179,0.038823
eegnet,cross_session,sub-017,,ses-03,ses-02,3,,78,20,100,2,0.540000,0.540000,0.539263,0.499200,0.694776,0.501625,0.054432
eegnet,cross_session,sub-017,,ses-03,ses-04,3,,78,20,100,2,0.510000,0.510000,0.487394,0.523600,0.694911,0.501698,0.029645
eegnet,cross_session,sub-017,,ses-03,ses-05,3,,78,20,95,2,0.568421,0.568706,0.568230,0.580230,0.684504,0.491384,0.044347
eegnet,cross_session,sub-017,,ses-04,ses-01,3,,80,20,100,17,0.490000,0.490000,0.478261,0.502400,0.816353,0.584102,0.146559
eegnet,cross_session,sub-017,,ses-04,ses-02,3,,80,20,100,17,0.510000,0.510000,0.503998,0.523600,0.898581,0.626618,0.246305
eegnet,cross_session,sub-017,,ses-04,ses-03,3,,80,20,98,17,0.500000,0.497500,0.491044,0.516250,1.503251,0.763719,0.351346
eegnet,cross_session,sub-017,,ses-04,ses-05,3,,80,20,95,17,0.442105,0.441933,0.441858,0.469415,2.125066,0.811558,0.388984
eegnet,cross_session,sub-017,,ses-05,ses-01,3,,76,19,100,8,0.520000,0.520000,0.391172,0.563200,0.699978,0.506816,0.107176
eegnet,cross_session,sub-017,,ses-05,ses-02,3,,76,19,100,8,0.560000,0.560000,0.541667,0.551200,0.709321,0.513151,0.052680
eegnet,cross_session,sub-017,,ses-05,ses-03,3,,76,19,98,8,0.459184,0.455417,0.438061,0.490000,0.874643,0.619956,0.246539
eegnet,cross_session,sub-017,,ses-05,ses-04,3,,76,19,100,8,0.460000,0.460000,0.456522,0.438800,0.753312,0.555245,0.166753
eegnet,cross_session,sub-018,,ses-01,ses-02,3,,75,19,100,1,0.390000,0.390000,0.371846,0.372400,0.839321,0.627947,0.250740
eegnet,cross_session,sub-018,,ses-01,ses-03,3,,75,19,100,1,0.450000,0.450000,0.448622,0.428400,0.803777,0.584521,0.196621
eegnet,cross_session,sub-018,,ses-01,ses-04,3,,75,19,100,1,0.440000,0.440000,0.437977,0.368400,0.749958,0.553116,0.152516
eegnet,cross_session,sub-018,,ses-01,ses-05,3,,75,19,100,1,0.560000,0.560000,0.555556,0.533600,0.719227,0.520126,0.151014
eegnet,cross_session,sub-018,,ses-02,ses-01,3,,80,20,94,7,0.425532,0.431612,0.377941,0.375906,0.764334,0.567357,0.172190
eegnet,cross_session,sub-018,,ses-02,ses-03,3,,80,20,100,7,0.640000,0.640000,0.621690,0.652000,0.920148,0.545229,0.221227
eegnet,cross_session,sub-018,,ses-02,ses-04,3,,80,20,100,7,0.630000,0.630000,0.623640,0.702800,0.695345,0.453561,0.123083
eegnet,cross_session,sub-018,,ses-02,ses-05,3,,80,20,100,7,0.450000,0.450000,0.449945,0.443600,0.994195,0.591328,0.167784
eegnet,cross_session,sub-018,,ses-03,ses-01,3,,80,20,94,6,0.425532,0.426630,0.424490,0.334239,0.739282,0.545179,0.188684
eegnet,cross_session,sub-018,,ses-03,ses-02,3,,80,20,100,6,0.580000,0.580000,0.538462,0.561600,0.841916,0.579125,0.200972
eegnet,cross_session,sub-018,,ses-03,ses-04,3,,80,20,100,6,0.630000,0.630000,0.629073,0.689600,0.623161,0.435796,0.137220
eegnet,cross_session,sub-018,,ses-03,ses-05,3,,80,20,100,6,0.550000,0.550000,0.546325,0.568800,0.685695,0.494928,0.057229
eegnet,cross_session,sub-018,,ses-04,ses-01,3,,80,20,94,6,0.393617,0.392210,0.390236,0.359149,0.883388,0.645675,0.245008
eegnet,cross_session,sub-018,,ses-04,ses-02,3,,80,20,100,6,0.580000,0.580000,0.554329,0.662800,1.041481,0.587690,0.261092
eegnet,cross_session,sub-018,,ses-04,ses-03,3,,80,20,100,6,0.650000,0.650000,0.633853,0.697200,0.904974,0.536877,0.242601
eegnet,cross_session,sub-018,,ses-04,ses-05,3,,80,20,100,6,0.490000,0.490000,0.483753,0.456800,0.858140,0.624492,0.259022
eegnet,cross_session,sub-018,,ses-05,ses-01,3,,80,20,94,3,0.510638,0.500000,0.338028,0.339674,0.696775,0.503620,0.011873
eegnet,cross_session,sub-018,,ses-05,ses-02,3,,80,20,100,3,0.490000,0.490000,0.470899,0.534000,0.690646,0.497527,0.059755
eegnet,cross_session,sub-018,,ses-05,ses-03,3,,80,20,100,3,0.590000,0.590000,0.524968,0.631600,0.683845,0.490694,0.052491
eegnet,cross_session,sub-018,,ses-05,ses-04,3,,80,20,100,3,0.580000,0.580000,0.500000,0.628400,0.686115,0.492977,0.057612
eegnet,cross_session,sub-019,,ses-01,ses-02,3,,76,19,95,1,0.568421,0.566489,0.552350,0.548316,0.692360,0.499193,0.053618
eegnet,cross_session,sub-019,,ses-01,ses-03,3,,76,19,94,1,0.446809,0.445805,0.445805,0.420408,0.701548,0.508371,0.073019
eegnet,cross_session,sub-019,,ses-01,ses-04,3,,76,19,92,1,0.510870,0.507565,0.497512,0.515839,0.691209,0.498067,0.007195
eegnet,cross_session,sub-019,,ses-01,ses-05,3,,76,19,93,1,0.548387,0.533163,0.499744,0.583952,0.686505,0.493428,0.032452
eegnet,cross_session,sub-019,,ses-02,ses-01,3,,76,19,95,5,0.431579,0.431012,0.431012,0.410825,0.826035,0.614423,0.235875
eegnet,cross_session,sub-019,,ses-02,ses-03,3,,76,19,94,5,0.648936,0.642404,0.637066,0.708844,0.625442,0.438956,0.081315
eegnet,cross_session,sub-019,,ses-02,ses-04,3,,76,19,92,5,0.543478,0.541844,0.540000,0.579669,0.690947,0.496479,0.076390
eegnet,cross_session,sub-019,,ses-02,ses-05,3,,76,19,93,5,0.591398,0.602968,0.577273,0.611781,0.867830,0.552866,0.208396
eegnet,cross_session,sub-019,,ses-03,ses-01,3,,75,19,95,12,0.515789,0.509982,0.495614,0.535492,1.194044,0.728382,0.329398
eegnet,cross_session,sub-019,,ses-03,ses-02,3,,75,19,95,12,0.600000,0.598183,0.586767,0.632092,0.684694,0.495613,0.168997
eegnet,cross_session,sub-019,,ses-03,ses-04,3,,75,19,92,12,0.586957,0.584397,0.579808,0.619385,0.693116,0.487365,0.110704
eegnet,cross_session,sub-019,,ses-03,ses-05,3,,75,19,93,12,0.763441,0.770872,0.761204,0.809369,0.611658,0.396591,0.159724
eegnet,cross_session,sub-019,,ses-04,ses-01,3,,73,19,95,3,0.505263,0.490461,0.353741,0.463177,1.102618,0.724450,0.324942
eegnet,cross_session,sub-019,,ses-04,ses-02,3,,73,19,95,3,0.536842,0.535239,0.525000,0.516844,0.769821,0.547688,0.138488
eegnet,cross_session,sub-019,,ses-04,ses-03,3,,73,19,94,3,0.521277,0.534467,0.478229,0.528798,0.834644,0.588808,0.226980
eegnet,cross_session,sub-019,,ses-04,ses-05,3,,73,19,93,3,0.559140,0.544527,0.515194,0.573284,1.110408,0.647182,0.250099
eegnet,cross_session,sub-019,,ses-05,ses-01,3,,74,19,95,2,0.452632,0.447427,0.434524,0.431677,0.711908,0.518665,0.118459
eegnet,cross_session,sub-019,,ses-05,ses-02,3,,74,19,95,2,0.557895,0.557181,0.555481,0.588652,0.682927,0.489833,0.037576
eegnet,cross_session,sub-019,,ses-05,ses-03,3,,74,19,94,2,0.563830,0.553515,0.530630,0.693878,0.658095,0.465687,0.140151
eegnet,cross_session,sub-019,,ses-05,ses-04,3,,74,19,92,2,0.565217,0.564539,0.564394,0.565012,0.688007,0.494881,0.047366
eegnet,cross_session,sub-020,,ses-01,ses-02,3,,71,18,100,4,0.490000,0.490000,0.345399,0.544400,0.835490,0.613837,0.251317
eegnet,cross_session,sub-020,,ses-01,ses-03,3,,71,18,100,4,0.470000,0.470000,0.319728,0.512400,0.874053,0.641483,0.271317
eegnet,cross_session,sub-020,,ses-01,ses-04,3,,71,18,100,4,0.840000,0.840000,0.835796,1.000000,0.363491,0.216227,0.161491
eegnet,cross_session,sub-020,,ses-01,ses-05,3,,71,18,100,4,0.900000,0.900000,0.898990,0.989200,0.306074,0.172557,0.104837
eegnet,cross_session,sub-020,,ses-02,ses-01,3,,80,20,89,99,0.730337,0.731818,0.726154,0.772727,0.749198,0.400923,0.182049
eegnet,cross_session,sub-020,,ses-02,ses-03,3,,80,20,100,99,0.480000,0.480000,0.480000,0.441400,5.689394,1.039761,0.519768
eegnet,cross_session,sub-020,,ses-02,ses-04,3,,80,20,100,99,0.850000,0.850000,0.847421,0.963200,0.373350,0.227160,0.111952
eegnet,cross_session,sub-020,,ses-02,ses-05,3,,80,20,100,99,0.920000,0.920000,0.919968,0.961200,0.246624,0.142315,0.069666
eegnet,cross_session,sub-020,,ses-03,ses-01,3,,80,20,89,3,0.269663,0.267677,0.245271,0.221717,0.822547,0.623098,0.324106
eegnet,cross_session,sub-020,,ses-03,ses-02,3,,80,20,100,3,0.390000,0.390000,0.355929,0.325600,0.721649,0.528307,0.148178
eegnet,cross_session,sub-020,,ses-03,ses-04,3,,80,20,100,3,0.340000,0.340000,0.264706,0.130400,0.753612,0.559229,0.213633
eegnet,cross_session,sub-020,,ses-03,ses-05,3,,80,20,100,3,0.510000,0.510000,0.398847,0.464400,0.708270,0.514687,0.096524
eegnet,cross_session,sub-020,,ses-04,ses-01,3,,80,20,89,66,0.820225,0.820202,0.820202,0.953535,0.501389,0.269300,0.145055
eegnet,cross_session,sub-020,,ses-04,ses-02,3,,80,20,100,66,0.640000,0.640000,0.613900,0.783200,1.140235,0.571329,0.282239
eegnet,cross_session,sub-020,,ses-04,ses-03,3,,80,20,100,66,0.460000,0.460000,0.420849,0.487600,2.182147,0.866517,0.448873
eegnet,cross_session,sub-020,,ses-04,ses-05,3,,80,20,100,66,1.000000,1.000000,1.000000,1.000000,0.003938,0.001248,0.003574
eegnet,cross_session,sub-020,,ses-05,ses-01,3,,80,20,89,98,0.831461,0.831313,0.831376,0.924747,0.514740,0.276414,0.131032
eegnet,cross_session,sub-020,,ses-05,ses-02,3,,80,20,100,98,0.470000,0.470000,0.413652,0.396000,1.669680,0.855493,0.402845
eegnet,cross_session,sub-020,,ses-05,ses-03,3,,80,20,100,98,0.570000,0.570000,0.524284,0.528800,1.461644,0.733344,0.325370
eegnet,cross_session,sub-020,,ses-05,ses-04,3,,80,20,100,98,1.000000,1.000000,1.000000,1.000000,0.023285,0.005130,0.021774
eegnet,cross_session,sub-021,,ses-01,ses-02,3,,75,19,99,8,0.606061,0.607347,0.600186,0.645714,1.018934,0.581104,0.242715
eegnet,cross_session,sub-021,,ses-01,ses-03,3,,75,19,93,8,0.795699,0.794403,0.792240,0.890842,0.539981,0.278058,0.104090
eegnet,cross_session,sub-021,,ses-01,ses-04,3,,75,19,100,8,0.550000,0.550000,0.435737,0.746800,1.551421,0.724776,0.352660
eegnet,cross_session,sub-021,,ses-01,ses-05,3,,75,19,96,8,0.812500,0.812419,0.812419,0.874077,0.465240,0.280301,0.066568
eegnet,cross_session,sub-021,,ses-02,ses-01,3,,79,20,94,11,0.787234,0.787234,0.783709,0.928927,0.431989,0.285958,0.072325
eegnet,cross_session,sub-021,,ses-02,ses-03,3,,79,20,93,11,0.741935,0.741443,0.741187,0.808511,0.579772,0.373331,0.142583
eegnet,cross_session,sub-021,,ses-02,ses-04,3,,79,20,100,11,0.500000,0.500000,0.469440,0.553200,1.233132,0.738957,0.333741
eegnet,cross_session,sub-021,,ses-02,ses-05,3,,79,20,96,11,0.833333,0.834564,0.833043,0.904038,0.461810,0.286613,0.120962
eegnet,cross_session,sub-021,,ses-03,ses-01,3,,74,19,94,28,0.457447,0.457447,0.381180,0.514486,5.394103,1.010292,0.504131
eegnet,cross_session,sub-021,,ses-03,ses-02,3,,74,19,99,28,0.595960,0.598163,0.576923,0.635510,4.324263,0.761286,0.379518
eegnet,cross_session,sub-021,,ses-03,ses-04,3,,74,19,100,28,0.460000,0.460000,0.344342,0.489600,12.522455,1.082861,0.547467
eegnet,cross_session,sub-021,,ses-03,ses-05,3,,74,19,96,28,0.781250,0.779201,0.778340,0.874077,0.738478,0.340437,0.149631
eegnet,cross_session,sub-021,,ses-04,ses-01,3,,80,20,94,8,0.776596,0.776596,0.769042,0.912177,0.447446,0.296117,0.111067
eegnet,cross_session,sub-021,,ses-04,ses-02,3,,80,20,99,8,0.656566,0.656327,0.656250,0.727347,0.689921,0.466299,0.164894
eegnet,cross_session,sub-021,,ses-04,ses-03,3,,80,20,93,8,0.849462,0.849445,0.849445,0.888529,0.418759,0.246649,0.087518
eegnet,cross_session,sub-021,,ses-04,ses-05,3,,80,20,96,8,0.822917,0.824794,0.821970,0.904038,0.403597,0.259552,0.061960
eegnet,cross_session,sub-021,,ses-05,ses-01,3,,76,20,94,3,0.691489,0.691489,0.687206,0.809416,0.564501,0.382500,0.117204
eegnet,cross_session,sub-021,,ses-05,ses-02,3,,76,20,99,3,0.545455,0.545306,0.545269,0.594286,0.745913,0.535792,0.165850
eegnet,cross_session,sub-021,,ses-05,ses-03,3,,76,20,93,3,0.795699,0.795560,0.795604,0.858002,0.573592,0.346500,0.171560
eegnet,cross_session,sub-021,,ses-05,ses-04,3,,76,20,100,3,0.480000,0.480000,0.428571,0.526400,1.618155,0.823428,0.380171
eegnet,cross_session,sub-022,,ses-01,ses-02,3,,69,18,100,1,0.640000,0.640000,0.640000,0.654400,0.682566,0.489395,0.114143
eegnet,cross_session,sub-022,,ses-01,ses-03,3,,69,18,100,1,0.460000,0.460000,0.414062,0.496400,0.700696,0.507380,0.085435
eegnet,cross_session,sub-022,,ses-01,ses-04,3,,69,18,100,1,0.470000,0.470000,0.349773,0.436000,0.717977,0.524295,0.091192
eegnet,cross_session,sub-022,,ses-01,ses-05,3,,69,18,93,1,0.526882,0.526389,0.526389,0.490278,0.699256,0.506620,0.058529
eegnet,cross_session,sub-022,,ses-02,ses-01,3,,80,20,87,3,0.505747,0.506078,0.505486,0.525370,0.698947,0.505977,0.092126
eegnet,cross_session,sub-022,,ses-02,ses-03,3,,80,20,100,3,0.470000,0.470000,0.440397,0.519200,0.749889,0.545561,0.147389
eegnet,cross_session,sub-022,,ses-02,ses-04,3,,80,20,100,3,0.710000,0.710000,0.690667,0.916000,0.523651,0.346811,0.129138
eegnet,cross_session,sub-022,,ses-02,ses-05,3,,80,20,93,3,0.623656,0.625000,0.623482,0.644907,0.800075,0.530565,0.167590
eegnet,cross_session,sub-022,,ses-03,ses-01,3,,80,20,87,1,0.482759,0.479915,0.447424,0.519027,0.692476,0.499333,0.049931
eegnet,cross_session,sub-022,,ses-03,ses-02,3,,80,20,100,1,0.540000,0.540000,0.538338,0.509600,0.695535,0.502376,0.052725
eegnet,cross_session,sub-022,,ses-03,ses-04,3,,80,20,100,1,0.490000,0.490000,0.398514,0.342800,0.710185,0.516917,0.140760
eegnet,cross_session,sub-022,,ses-03,ses-05,3,,80,20,93,1,0.440860,0.441667,0.440796,0.406481,0.707323,0.514086,0.091871
eegnet,cross_session,sub-022,,ses-04,ses-01,3,,80,20,87,99,0.563218,0.563689,0.562698,0.590381,1.129386,0.647409,0.292162
eegnet,cross_session,sub-022,,ses-04,ses-02,3,,80,20,100,99,0.750000,0.750000,0.749775,0.744800,1.452278,0.469809,0.216772
eegnet,cross_session,sub-022,,ses-04,ses-03,3,,80,20,100,99,0.560000,0.560000,0.559824,0.573600,2.574789,0.809249,0.410677
eegnet,cross_session,sub-022,,ses-04,ses-05,3,,80,20,93,99,0.580645,0.581944,0.580451,0.635417,3.933611,0.758434,0.380093
eegnet,cross_session,sub-022,,ses-05,ses-01,3,,74,19,87,1,0.482759,0.480444,0.459627,0.512156,0.692571,0.499433,0.037402
eegnet,cross_session,sub-022,,ses-05,ses-02,3,,74,19,100,1,0.720000,0.720000,0.719551,0.772800,0.671662,0.478481,0.206473
eegnet,cross_session,sub-022,,ses-05,ses-03,3,,74,19,100,1,0.470000,0.470000,0.445549,0.437200,0.699957,0.506764,0.062113
eegnet,cross_session,sub-022,,ses-05,ses-04,3,,74,19,100,1,0.640000,0.640000,0.598930,0.836000,0.660329,0.467373,0.111439
eegnet,cross_session,sub-023,,ses-01,ses-02,3,,76,20,94,10,0.617021,0.614130,0.608333,0.594656,0.712296,0.505568,0.083197
eegnet,cross_session,sub-023,,ses-01,ses-03,3,,76,20,99,10,0.727273,0.728367,0.724461,0.836735,0.524210,0.349139,0.056939
eegnet,cross_session,sub-023,,ses-01,ses-04,3,,76,20,100,10,0.740000,0.740000,0.736201,0.832000,0.552803,0.367138,0.101981
eegnet,cross_session,sub-023,,ses-01,ses-05,3,,76,20,97,10,0.680412,0.681548,0.676979,0.740221,0.627590,0.426021,0.087643
eegnet,cross_session,sub-023,,ses-02,ses-01,3,,75,19,96,7,0.520833,0.520833,0.513228,0.486111,1.439217,0.769749,0.366175
eegnet,cross_session,sub-023,,ses-02,ses-03,3,,75,19,99,7,0.626263,0.627143,0.623806,0.684082,0.914682,0.495429,0.224540
eegnet,cross_session,sub-023,,ses-02,ses-04,3,,75,19,100,7,0.620000,0.620000,0.619391,0.667600,0.716718,0.499821,0.175396
eegnet,cross_session,sub-023,,ses-02,ses-05,3,,75,19,97,7,0.639175,0.639881,0.637789,0.728316,0.749626,0.472336,0.157671
eegnet,cross_session,sub-023,,ses-03,ses-01,3,,79,20,96,23,0.447917,0.447917,0.447857,0.481337,1.636527,0.846832,0.420376
eegnet,cross_session,sub-023,,ses-03,ses-02,3,,79,20,94,23,0.468085,0.466033,0.461996,0.475996,1.005543,0.688293,0.311743
eegnet,cross_session,sub-023,,ses-03,ses-04,3,,79,20,100,23,0.770000,0.770000,0.768122,0.829600,0.513668,0.346837,0.091884
eegnet,cross_session,sub-023,,ses-03,ses-05,3,,79,20,97,23,0.577320,0.578019,0.575696,0.549320,1.069316,0.629709,0.208177
eegnet,cross_session,sub-023,,ses-04,ses-01,3,,80,20,96,5,0.625000,0.625000,0.590133,0.719184,1.292934,0.566162,0.244167
eegnet,cross_session,sub-023,,ses-04,ses-02,3,,80,20,94,5,0.574468,0.572464,0.569597,0.609149,0.744605,0.506590,0.110137
eegnet,cross_session,sub-023,,ses-04,ses-03,3,,80,20,99,5,0.737374,0.737755,0.737132,0.811020,0.622085,0.363783,0.104692
eegnet,cross_session,sub-023,,ses-04,ses-05,3,,80,20,97,5,0.628866,0.629889,0.625643,0.676020,0.886232,0.503803,0.159026
eegnet,cross_session,sub-023,,ses-05,ses-01,3,,77,20,96,43,0.468750,0.468750,0.467305,0.438802,5.628951,1.007060,0.496137
eegnet,cross_session,sub-023,,ses-05,ses-02,3,,77,20,94,43,0.670213,0.670290,0.670175,0.718297,1.114179,0.533663,0.243531
eegnet,cross_session,sub-023,,ses-05,ses-03,3,,77,20,99,43,0.616162,0.615918,0.615809,0.607755,1.384086,0.666105,0.318107
eegnet,cross_session,sub-023,,ses-05,ses-04,3,,77,20,100,43,0.650000,0.650000,0.636892,0.729200,1.228701,0.591118,0.291861
eegnet,cross_session,sub-024,,ses-01,ses-02,3,,59,15,82,1,0.560976,0.571172,0.556757,0.585526,0.685651,0.492567,0.045339
eegnet,cross_session,sub-024,,ses-01,ses-03,3,,59,15,83,1,0.469880,0.475291,0.460402,0.537791,0.696988,0.503640,0.102376
eegnet,cross_session,sub-024,,ses-01,ses-04,3,,59,15,98,1,0.489796,0.491667,0.486373,0.483333,0.706474,0.512676,0.077765
eegnet,cross_session,sub-024,,ses-01,ses-05,3,,59,15,100,1,0.550000,0.550000,0.548872,0.546800,0.690745,0.497582,0.030459
eegnet,cross_session,sub-024,,ses-02,ses-01,3,,65,17,74,1,0.594595,0.600733,0.591912,0.605861,0.683607,0.490545,0.082689
eegnet,cross_session,sub-024,,ses-02,ses-03,3,,65,17,83,1,0.578313,0.581686,0.576098,0.568023,0.686772,0.493742,0.033687
eegnet,cross_session,sub-024,,ses-02,ses-04,3,,65,17,98,1,0.489796,0.490833,0.488945,0.459583,0.708157,0.514744,0.069710
eegnet,cross_session,sub-024,,ses-02,ses-05,3,,65,17,100,1,0.540000,0.540000,0.539263,0.530400,0.691671,0.498517,0.019660
eegnet,cross_session,sub-024,,ses-03,ses-01,3,,66,17,74,16,0.540541,0.528938,0.511646,0.552381,0.723837,0.519399,0.158650
eegnet,cross_session,sub-024,,ses-03,ses-02,3,,66,17,82,16,0.524390,0.526316,0.524320,0.580742,0.784118,0.550301,0.208735
eegnet,cross_session,sub-024,,ses-03,ses-04,3,,66,17,98,16,0.500000,0.499167,0.498695,0.513750,0.803030,0.579958,0.174490
eegnet,cross_session,sub-024,,ses-03,ses-05,3,,66,17,100,16,0.540000,0.540000,0.539263,0.520400,0.754993,0.549650,0.156558
eegnet,cross_session,sub-024,,ses-04,ses-01,3,,78,20,74,2,0.527027,0.541026,0.500675,0.564103,0.693838,0.500643,0.045093
eegnet,cross_session,sub-024,,ses-04,ses-02,3,,78,20,82,2,0.573171,0.571770,0.571578,0.568780,0.687743,0.494781,0.080594
eegnet,cross_session,sub-024,,ses-04,ses-03,3,,78,20,83,2,0.481928,0.488663,0.466756,0.548256,0.692129,0.498950,0.068396
eegnet,cross_session,sub-024,,ses-04,ses-05,3,,78,20,100,2,0.530000,0.530000,0.527686,0.542000,0.689905,0.496767,0.015780
eegnet,cross_session,sub-024,,ses-05,ses-01,3,,80,20,74,2,0.513514,0.512088,0.512088,0.523810,0.691934,0.498970,0.092783
eegnet,cross_session,sub-024,,ses-05,ses-02,3,,80,20,82,2,0.621951,0.635167,0.615023,0.584330,0.682190,0.489611,0.123791
eegnet,cross_session,sub-024,,ses-05,ses-03,3,,80,20,83,2,0.518072,0.521802,0.514620,0.530814,0.704739,0.509526,0.050729
eegnet,cross_session,sub-024,,ses-05,ses-04,3,,80,20,98,2,0.489796,0.485833,0.467623,0.495000,0.730832,0.529574,0.105502
eegnet,cross_session,sub-025,,ses-01,ses-02,3,,70,18,92,18,0.478261,0.475177,0.465893,0.461466,1.147364,0.738392,0.308434
eegnet,cross_session,sub-025,,ses-01,ses-03,3,,70,18,94,18,0.521277,0.523551,0.516848,0.577899,1.037936,0.671824,0.296641
eegnet,cross_session,sub-025,,ses-01,ses-04,3,,70,18,88,18,0.500000,0.499742,0.499742,0.533333,0.953821,0.626212,0.243518
eegnet,cross_session,sub-025,,ses-01,ses-05,3,,70,18,100,18,0.520000,0.520000,0.510404,0.570000,0.732621,0.529196,0.152850
eegnet,cross_session,sub-025,,ses-02,ses-01,3,,73,19,88,3,0.579545,0.580103,0.579491,0.546770,0.696001,0.502686,0.111532
eegnet,cross_session,sub-025,,ses-02,ses-03,3,,73,19,94,3,0.531915,0.531250,0.531066,0.535326,0.701142,0.506889,0.047369
eegnet,cross_session,sub-025,,ses-02,ses-04,3,,73,19,88,3,0.500000,0.499225,0.498965,0.521964,0.698738,0.505878,0.090983
eegnet,cross_session,sub-025,,ses-02,ses-05,3,,73,19,100,3,0.520000,0.520000,0.519231,0.496000,0.695383,0.502237,0.027408
eegnet,cross_session,sub-025,,ses-03,ses-01,3,,75,19,88,9,0.602273,0.599225,0.593399,0.584496,0.718610,0.513837,0.122341
eegnet,cross_session,sub-025,,ses-03,ses-02,3,,75,19,92,9,0.543478,0.540426,0.532656,0.495981,0.840940,0.604828,0.209527
eegnet,cross_session,sub-025,,ses-03,ses-04,3,,75,19,88,9,0.477273,0.475969,0.474831,0.501292,0.735331,0.535631,0.131837
eegnet,cross_session,sub-025,,ses-03,ses-05,3,,75,19,100,9,0.500000,0.500000,0.463749,0.508800,0.712168,0.518226,0.098017
eegnet,cross_session,sub-025,,ses-04,ses-01,3,,70,18,88,1,0.625000,0.620930,0.610463,0.555039,0.692913,0.499667,0.132084
eegnet,cross_session,sub-025,,ses-04,ses-02,3,,70,18,92,1,0.521739,0.517730,0.502703,0.470922,0.697610,0.504434,0.092999
eegnet,cross_session,sub-025,,ses-04,ses-03,3,,70,18,94,1,0.500000,0.498641,0.497212,0.509058,0.690890,0.497854,0.044174
eegnet,cross_session,sub-025,,ses-04,ses-05,3,,70,18,100,1,0.530000,0.530000,0.464387,0.493200,0.694195,0.501045,0.051761
eegnet,cross_session,sub-025,,ses-05,ses-01,3,,80,20,88,1,0.545455,0.544703,0.544513,0.562274,0.690786,0.497323,0.028819
eegnet,cross_session,sub-025,,ses-05,ses-02,3,,80,20,92,1,0.347826,0.343262,0.315476,0.387234,0.713224,0.519925,0.192500
eegnet,cross_session,sub-025,,ses-05,ses-03,3,,80,20,94,1,0.510638,0.511322,0.510417,0.539855,0.691120,0.498687,0.137503
eegnet,cross_session,sub-025,,ses-05,ses-04,3,,80,20,88,1,0.465909,0.464341,0.462508,0.481137,0.700037,0.506983,0.088150
eegnet,cross_session,sub-001,,ses-01,ses-02,4,,80,20,100,5,0.470000,0.470000,0.454227,0.478800,1.030674,0.669882,0.257609
eegnet,cross_session,sub-001,,ses-01,ses-03,4,,80,20,99,5,0.494949,0.496122,0.488636,0.550204,0.838520,0.592310,0.243840
eegnet,cross_session,sub-001,,ses-01,ses-04,4,,80,20,99,5,0.535354,0.533061,0.508844,0.568571,1.049129,0.601274,0.247596
eegnet,cross_session,sub-001,,ses-01,ses-05,4,,80,20,94,5,0.500000,0.496830,0.486935,0.519022,1.626320,0.718332,0.305845
eegnet,cross_session,sub-001,,ses-02,ses-01,4,,80,20,100,7,0.500000,0.500000,0.499199,0.489200,0.718637,0.523191,0.074450
eegnet,cross_session,sub-001,,ses-02,ses-03,4,,80,20,99,7,0.515152,0.515102,0.515102,0.542857,0.786354,0.544915,0.155959
eegnet,cross_session,sub-001,,ses-02,ses-04,4,,80,20,99,7,0.545455,0.545306,0.545269,0.580408,0.730014,0.522058,0.144556
eegnet,cross_session,sub-001,,ses-02,ses-05,4,,80,20,94,7,0.446809,0.447464,0.446558,0.441123,1.247082,0.676953,0.252134
eegnet,cross_session,sub-001,,ses-03,ses-01,4,,79,20,100,1,0.550000,0.550000,0.548872,0.546000,0.692409,0.499262,0.047175
eegnet,cross_session,sub-001,,ses-03,ses-02,4,,79,20,100,1,0.490000,0.490000,0.485835,0.514400,0.692391,0.499244,0.026722
eegnet,cross_session,sub-001,,ses-03,ses-04,4,,79,20,99,1,0.606061,0.605306,0.603471,0.589388,0.687358,0.494253,0.091733
eegnet,cross_session,sub-001,,ses-03,ses-05,4,,79,20,94,1,0.446809,0.445199,0.442772,0.478261,0.710894,0.515810,0.110969
eegnet,cross_session,sub-001,,ses-04,ses-01,4,,79,20,100,2,0.550000,0.550000,0.539642,0.490000,0.693461,0.500314,0.044448
eegnet,cross_session,sub-001,,ses-04,ses-02,4,,79,20,100,2,0.510000,0.510000,0.508772,0.538000,0.690963,0.497810,0.043358
eegnet,cross_session,sub-001,,ses-04,ses-03,4,,79,20,99,2,0.555556,0.556122,0.554419,0.533878,0.695984,0.502745,0.068746
eegnet,cross_session,sub-001,,ses-04,ses-05,4,,79,20,94,2,0.563830,0.561141,0.555325,0.601449,0.714137,0.502309,0.045968
eegnet,cross_session,sub-001,,ses-05,ses-01,4,,75,19,100,1,0.490000,0.490000,0.427674,0.459600,0.693789,0.500642,0.013533
eegnet,cross_session,sub-001,,ses-05,ses-02,4,,75,19,100,1,0.490000,0.490000,0.483753,0.504400,0.693258,0.500108,0.020172
eegnet,cross_session,sub-001,,ses-05,ses-03,4,,75,19,99,1,0.454545,0.455102,0.453151,0.451429,0.698410,0.505216,0.057723
eegnet,cross_session,sub-001,,ses-05,ses-04,4,,75,19,99,1,0.616162,0.615918,0.615809,0.633878,0.684071,0.490969,0.101190
eegnet,cross_session,sub-002,,ses-01,ses-02,4,,73,19,95,92,0.557895,0.557846,0.557846,0.593528,1.217587,0.666020,0.309760
eegnet,cross_session,sub-002,,ses-01,ses-03,4,,73,19,100,92,0.470000,0.472300,0.469947,0.503412,1.293517,0.758058,0.348029
eegnet,cross_session,sub-002,,ses-01,ses-04,4,,73,19,100,92,0.470000,0.470000,0.421334,0.426800,2.143687,0.877115,0.451831
eegnet,cross_session,sub-002,,ses-01,ses-05,4,,73,19,95,92,0.473684,0.471828,0.470811,0.443656,3.554263,0.951519,0.481250
eegnet,cross_session,sub-002,,ses-02,ses-01,4,,76,19,92,1,0.489130,0.489130,0.328467,0.479679,0.692200,0.499061,0.025219
eegnet,cross_session,sub-002,,ses-02,ses-03,4,,76,19,100,1,0.470000,0.500000,0.319728,0.459655,0.693860,0.500713,0.034402
eegnet,cross_session,sub-002,,ses-02,ses-04,4,,76,19,100,1,0.500000,0.500000,0.333333,0.514200,0.693206,0.500059,0.004440
eegnet,cross_session,sub-002,,ses-02,ses-05,4,,76,19,95,1,0.463158,0.477595,0.332737,0.496007,0.693558,0.500411,0.041123
eegnet,cross_session,sub-002,,ses-03,ses-01,4,,80,20,92,3,0.576087,0.576087,0.564510,0.625709,0.689709,0.484906,0.046295
eegnet,cross_session,sub-002,,ses-03,ses-02,4,,80,20,95,3,0.515789,0.515293,0.514444,0.487145,1.281796,0.548376,0.110132
eegnet,cross_session,sub-002,,ses-03,ses-04,4,,80,20,100,3,0.610000,0.610000,0.606815,0.639200,0.685653,0.492260,0.108474
eegnet,cross_session,sub-002,,ses-03,ses-05,4,,80,20,95,3,0.547368,0.546584,0.546565,0.525288,0.748830,0.537284,0.100694
eegnet,cross_session,sub-002,,ses-04,ses-01,4,,80,20,92,34,0.478261,0.478261,0.474286,0.566163,3.501759,0.916327,0.461019
eegnet,cross_session,sub-002,,ses-04,ses-02,4,,80,20,95,34,0.463158,0.460993,0.438261,0.471853,4.267846,0.965858,0.494541
eegnet,cross_session,sub-002,,ses-04,ses-03,4,,80,20,100,34,0.500000,0.498193,0.498193,0.530309,4.233348,0.857841,0.435576
eegnet,cross_session,sub-002,,ses-04,ses-05,4,,80,20,95,34,0.557895,0.552130,0.539474,0.534605,5.166081,0.828796,0.422390
eegnet,cross_session,sub-002,,ses-05,ses-01,4,,76,19,92,23,0.532609,0.532609,0.532111,0.504726,1.462301,0.718123,0.352757
eegnet,cross_session,sub-002,,ses-05,ses-02,4,,76,19,95,23,0.431579,0.431738,0.431516,0.448582,1.600110,0.787387,0.369546
eegnet,cross_session,sub-002,,ses-05,ses-03,4,,76,19,100,23,0.470000,0.480731,0.457801,0.531915,0.949214,0.651575,0.283438
eegnet,cross_session,sub-002,,ses-05,ses-04,4,,76,19,100,23,0.540000,0.540000,0.524597,0.535600,1.227028,0.680460,0.282523
eegnet,cross_session,sub-003,,ses-01,ses-02,4,,73,19,100,6,0.580000,0.580000,0.558638,0.628400,0.668387,0.477618,0.058948
eegnet,cross_session,sub-003,,ses-01,ses-03,4,,73,19,92,6,0.489130,0.491489,0.484194,0.451537,1.133138,0.626304,0.203210
eegnet,cross_session,sub-003,,ses-01,ses-04,4,,73,19,100,6,0.530000,0.530000,0.480031,0.512400,0.704655,0.510730,0.103453
eegnet,cross_session,sub-003,,ses-01,ses-05,4,,73,19,100,6,0.520000,0.520000,0.457259,0.419600,0.704716,0.511265,0.109258
eegnet,cross_session,sub-003,,ses-02,ses-01,4,,80,20,92,12,0.663043,0.659091,0.658157,0.695549,0.766500,0.485642,0.168973
eegnet,cross_session,sub-003,,ses-02,ses-03,4,,80,20,92,12,0.423913,0.425296,0.422206,0.430733,1.517580,0.791261,0.364830
eegnet,cross_session,sub-003,,ses-02,ses-04,4,,80,20,100,12,0.540000,0.540000,0.530804,0.588800,0.709393,0.512114,0.108703
eegnet,cross_session,sub-003,,ses-02,ses-05,4,,80,20,100,12,0.540000,0.540000,0.527915,0.556000,0.697599,0.504824,0.068284
eegnet,cross_session,sub-003,,ses-03,ses-01,4,,73,19,92,1,0.510870,0.531250,0.389651,0.508049,0.693294,0.500146,0.007088
eegnet,cross_session,sub-003,,ses-03,ses-02,4,,73,19,100,1,0.500000,0.500000,0.333333,0.604800,0.692829,0.499682,0.003651
eegnet,cross_session,sub-003,,ses-03,ses-04,4,,73,19,100,1,0.500000,0.500000,0.333333,0.433600,0.693241,0.500094,0.003988
eegnet,cross_session,sub-003,,ses-03,ses-05,4,,73,19,100,1,0.500000,0.500000,0.333333,0.496400,0.693223,0.500076,0.003963
eegnet,cross_session,sub-003,,ses-04,ses-01,4,,80,20,92,4,0.489130,0.486742,0.486156,0.553977,0.744230,0.538161,0.177998
eegnet,cross_session,sub-003,,ses-04,ses-02,4,,80,20,100,4,0.620000,0.620000,0.618627,0.615600,0.696032,0.497868,0.107731
eegnet,cross_session,sub-003,,ses-04,ses-03,4,,80,20,92,4,0.489130,0.491962,0.481721,0.556974,1.152814,0.619206,0.242826
eegnet,cross_session,sub-003,,ses-04,ses-05,4,,80,20,100,4,0.570000,0.570000,0.566489,0.593600,0.677077,0.484303,0.022209
eegnet,cross_session,sub-003,,ses-05,ses-01,4,,80,20,92,2,0.456522,0.448864,0.434889,0.482481,0.716902,0.523628,0.136693
eegnet,cross_session,sub-003,,ses-05,ses-02,4,,80,20,100,2,0.510000,0.510000,0.495418,0.529600,0.694071,0.501010,0.087435
eegnet,cross_session,sub-003,,ses-05,ses-03,4,,80,20,92,2,0.456522,0.461939,0.423559,0.425059,1.352829,0.647956,0.239906
eegnet,cross_session,sub-003,,ses-05,ses-04,4,,80,20,100,2,0.500000,0.500000,0.490004,0.485600,0.701766,0.508337,0.038376
eegnet,cross_session,sub-004,,ses-01,ses-02,4,,69,18,97,55,0.505155,0.500000,0.335616,0.551020,0.705219,0.511923,0.089482
eegnet,cross_session,sub-004,,ses-01,ses-03,4,,69,18,91,55,0.527473,0.501211,0.365288,0.544089,0.689659,0.497367,0.084191
eegnet,cross_session,sub-004,,ses-01,ses-04,4,,69,18,100,55,0.500000,0.500000,0.333333,0.491200,0.708496,0.515103,0.086079
eegnet,cross_session,sub-004,,ses-01,ses-05,4,,69,18,100,55,0.500000,0.500000,0.333333,0.573200,0.705663,0.512360,0.080852
eegnet,cross_session,sub-004,,ses-02,ses-01,4,,77,20,87,1,0.344828,0.343816,0.339241,0.324524,1.171922,0.581725,0.204090
eegnet,cross_session,sub-004,,ses-02,ses-03,4,,77,20,91,1,0.472527,0.473353,0.472464,0.484981,0.695374,0.502209,0.055892
eegnet,cross_session,sub-004,,ses-02,ses-04,4,,77,20,100,1,0.530000,0.530000,0.524243,0.611600,0.678594,0.485599,0.079096
eegnet,cross_session,sub-004,,ses-02,ses-05,4,,77,20,100,1,0.540000,0.540000,0.530804,0.486000,0.693869,0.500721,0.034279
eegnet,cross_session,sub-004,,ses-03,ses-01,4,,72,19,87,1,0.436782,0.436047,0.434090,0.423362,0.935816,0.545972,0.102873
eegnet,cross_session,sub-004,,ses-03,ses-02,4,,72,19,97,1,0.536082,0.536139,0.536082,0.540816,0.691471,0.498324,0.032649
eegnet,cross_session,sub-004,,ses-03,ses-04,4,,72,19,100,1,0.550000,0.550000,0.536608,0.543600,0.692818,0.499658,0.064150
eegnet,cross_session,sub-004,,ses-03,ses-05,4,,72,19,100,1,0.510000,0.510000,0.503998,0.502400,0.692899,0.499752,0.007092
eegnet,cross_session,sub-004,,ses-04,ses-01,4,,80,20,87,2,0.413793,0.412791,0.408794,0.380550,1.434208,0.594159,0.171991
eegnet,cross_session,sub-004,,ses-04,ses-02,4,,80,20,97,2,0.567010,0.566114,0.563250,0.575680,0.686843,0.493803,0.052895
eegnet,cross_session,sub-004,,ses-04,ses-03,4,,80,20,91,2,0.505495,0.503391,0.503335,0.437016,0.729718,0.534396,0.147628
eegnet,cross_session,sub-004,,ses-04,ses-05,4,,80,20,100,2,0.520000,0.520000,0.519808,0.498400,0.694238,0.501089,0.010618
eegnet,cross_session,sub-004,,ses-05,ses-01,4,,80,20,87,21,0.402299,0.401956,0.401587,0.350687,9.689273,1.174925,0.589735
eegnet,cross_session,sub-004,,ses-05,ses-02,4,,80,20,97,21,0.494845,0.495536,0.492905,0.484481,4.584342,0.927119,0.480069
eegnet,cross_session,sub-004,,ses-05,ses-03,4,,80,20,91,21,0.560440,0.563953,0.559961,0.520349,5.905709,0.854194,0.430276
eegnet,cross_session,sub-004,,ses-05,ses-04,4,,80,20,100,21,0.570000,0.570000,0.560102,0.565000,2.802040,0.768626,0.367949
eegnet,cross_session,sub-005,,ses-01,ses-02,4,,75,19,100,2,0.640000,0.640000,0.636364,0.701200,0.684166,0.491028,0.129937
eegnet,cross_session,sub-005,,ses-01,ses-03,4,,75,19,93,2,0.505376,0.506244,0.502558,0.569843,0.683863,0.491694,0.023227
eegnet,cross_session,sub-005,,ses-01,ses-04,4,,75,19,99,2,0.484848,0.483469,0.474336,0.512245,0.692839,0.499693,0.030108
eegnet,cross_session,sub-005,,ses-01,ses-05,4,,75,19,89,2,0.449438,0.450708,0.449160,0.457533,0.700125,0.506908,0.079462
eegnet,cross_session,sub-005,,ses-02,ses-01,4,,80,20,94,4,0.563830,0.551701,0.517949,0.547392,3.465306,0.803720,0.400329
eegnet,cross_session,sub-005,,ses-02,ses-03,4,,80,20,93,4,0.569892,0.571230,0.563790,0.603145,0.860745,0.555250,0.196356
eegnet,cross_session,sub-005,,ses-02,ses-04,4,,80,20,99,4,0.575758,0.574490,0.568314,0.595918,0.762449,0.530373,0.136799
eegnet,cross_session,sub-005,,ses-02,ses-05,4,,80,20,89,4,0.528090,0.526795,0.526596,0.487361,0.896056,0.618920,0.255158
eegnet,cross_session,sub-005,,ses-03,ses-01,4,,74,19,94,1,0.563830,0.554422,0.536054,0.599546,0.679705,0.487403,0.017424
eegnet,cross_session,sub-005,,ses-03,ses-02,4,,74,19,100,1,0.670000,0.670000,0.669703,0.708000,0.682881,0.489742,0.157264
eegnet,cross_session,sub-005,,ses-03,ses-04,4,,74,19,99,1,0.494949,0.494286,0.492412,0.537551,0.691977,0.498826,0.029645
eegnet,cross_session,sub-005,,ses-03,ses-05,4,,74,19,89,1,0.494382,0.492669,0.492074,0.526795,0.691854,0.498853,0.058553
eegnet,cross_session,sub-005,,ses-04,ses-01,4,,79,20,94,24,0.425532,0.434467,0.403665,0.470522,3.969804,1.002367,0.512147
eegnet,cross_session,sub-005,,ses-04,ses-02,4,,79,20,100,24,0.470000,0.470000,0.469947,0.431600,1.020255,0.701059,0.254638
eegnet,cross_session,sub-005,,ses-04,ses-03,4,,79,20,93,24,0.483871,0.482655,0.476548,0.530065,1.346257,0.782880,0.397926
eegnet,cross_session,sub-005,,ses-04,ses-05,4,,79,20,89,24,0.483146,0.486350,0.479929,0.511628,2.084196,0.840518,0.416584
eegnet,cross_session,sub-005,,ses-05,ses-01,4,,71,18,94,19,0.585106,0.590249,0.581268,0.567347,1.047895,0.589590,0.269978
eegnet,cross_session,sub-005,,ses-05,ses-02,4,,71,18,100,19,0.350000,0.350000,0.298889,0.198000,0.874467,0.664760,0.321688
eegnet,cross_session,sub-005,,ses-05,ses-03,4,,71,18,93,19,0.591398,0.592738,0.585600,0.564292,0.941868,0.567025,0.177822
eegnet,cross_session,sub-005,,ses-05,ses-04,4,,71,18,99,19,0.494949,0.493061,0.475636,0.486122,0.785299,0.572283,0.159958
eegnet,cross_session,sub-006,,ses-01,ses-02,4,,74,19,94,88,0.638298,0.638587,0.638298,0.681612,4.344450,0.641042,0.327808
eegnet,cross_session,sub-006,,ses-01,ses-03,4,,74,19,95,88,0.400000,0.399823,0.399734,0.310284,7.486192,1.148370,0.572879
eegnet,cross_session,sub-006,,ses-01,ses-04,4,,74,19,92,88,0.760870,0.756974,0.751351,0.909693,1.453103,0.434929,0.214959
eegnet,cross_session,sub-006,,ses-01,ses-05,4,,74,19,95,88,0.736842,0.733585,0.732575,0.786602,2.250144,0.481035,0.248231
eegnet,cross_session,sub-006,,ses-02,ses-01,4,,75,19,93,55,0.731183,0.729861,0.730059,0.767593,3.396412,0.527306,0.275259
eegnet,cross_session,sub-006,,ses-02,ses-03,4,,75,19,95,55,0.484211,0.484043,0.483982,0.474291,8.641211,0.996497,0.515065
eegnet,cross_session,sub-006,,ses-02,ses-04,4,,75,19,92,55,0.597826,0.592199,0.565761,0.670686,4.568780,0.745780,0.369183
eegnet,cross_session,sub-006,,ses-02,ses-05,4,,75,19,95,55,0.736842,0.735581,0.735788,0.762201,2.938153,0.490846,0.235450
eegnet,cross_session,sub-006,,ses-03,ses-01,4,,76,19,93,10,0.591398,0.586806,0.580484,0.650000,0.879895,0.526092,0.157420
eegnet,cross_session,sub-006,,ses-03,ses-02,4,,76,19,94,10,0.489362,0.486866,0.480902,0.500453,0.927030,0.642770,0.264551
eegnet,cross_session,sub-006,,ses-03,ses-04,4,,76,19,92,10,0.391304,0.395745,0.367076,0.434988,1.793928,0.864728,0.434094
eegnet,cross_session,sub-006,,ses-03,ses-05,4,,76,19,95,10,0.505263,0.499778,0.486841,0.488465,0.989370,0.634920,0.274856
eegnet,cross_session,sub-006,,ses-04,ses-01,4,,73,19,93,48,0.494624,0.496528,0.493687,0.487500,1.483139,0.808377,0.364791
eegnet,cross_session,sub-006,,ses-04,ses-02,4,,73,19,94,48,0.851064,0.852808,0.850455,0.965127,0.401145,0.242754,0.135241
eegnet,cross_session,sub-006,,ses-04,ses-03,4,,73,19,95,48,0.284211,0.283910,0.283496,0.218528,2.144336,1.085291,0.523170
eegnet,cross_session,sub-006,,ses-04,ses-05,4,,73,19,95,48,0.578947,0.582520,0.575134,0.606477,1.228961,0.608395,0.239442
eegnet,cross_session,sub-006,,ses-05,ses-01,4,,76,19,93,16,0.483871,0.483333,0.483333,0.495833,3.052199,0.930986,0.473462
eegnet,cross_session,sub-006,,ses-05,ses-02,4,,76,19,94,16,0.414894,0.410779,0.389971,0.433877,1.741893,0.907567,0.433366
eegnet,cross_session,sub-006,,ses-05,ses-03,4,,76,19,95,16,0.263158,0.261968,0.253145,0.205230,2.212626,1.066444,0.558697
eegnet,cross_session,sub-006,,ses-05,ses-04,4,,76,19,92,16,0.423913,0.424823,0.423300,0.460993,1.551378,0.783795,0.389942
eegnet,cross_session,sub-007,,ses-01,ses-02,4,,80,20,100,9,0.430000,0.430000,0.428571,0.400000,1.194755,0.741356,0.335153
eegnet,cross_session,sub-007,,ses-01,ses-03,4,,80,20,96,9,0.520833,0.520833,0.520625,0.553819,1.329749,0.675542,0.304557
eegnet,cross_session,sub-007,,ses-01,ses-04,4,,80,20,92,9,0.521739,0.521739,0.506823,0.588847,2.858262,0.816104,0.403499
eegnet,cross_session,sub-007,,ses-01,ses-05,4,,80,20,100,9,0.570000,0.570000,0.560102,0.573200,1.169052,0.665114,0.285096
eegnet,cross_session,sub-007,,ses-02,ses-01,4,,80,20,100,2,0.480000,0.480000,0.466338,0.496000,0.695981,0.502828,0.038959
eegnet,cross_session,sub-007,,ses-02,ses-03,4,,80,20,96,2,0.510417,0.510417,0.509085,0.479167,0.716536,0.520197,0.056454
eegnet,cross_session,sub-007,,ses-02,ses-04,4,,80,20,92,2,0.478261,0.478261,0.477273,0.504726,0.749333,0.539324,0.123713
eegnet,cross_session,sub-007,,ses-02,ses-05,4,,80,20,100,2,0.500000,0.500000,0.492695,0.506000,0.694734,0.501616,0.038746
eegnet,cross_session,sub-007,,ses-03,ses-01,4,,76,20,100,6,0.550000,0.550000,0.549955,0.540000,0.689929,0.496803,0.023716
eegnet,cross_session,sub-007,,ses-03,ses-02,4,,76,20,100,6,0.500000,0.500000,0.499800,0.519600,0.703138,0.509157,0.052454
eegnet,cross_session,sub-007,,ses-03,ses-04,4,,76,20,92,6,0.532609,0.532609,0.531224,0.558129,0.701315,0.505437,0.115624
eegnet,cross_session,sub-007,,ses-03,ses-05,4,,76,20,100,6,0.580000,0.580000,0.580000,0.580400,0.686117,0.492930,0.061492
eegnet,cross_session,sub-007,,ses-04,ses-01,4,,73,19,100,1,0.520000,0.520000,0.503927,0.444800,0.694535,0.501388,0.015892
eegnet,cross_session,sub-007,,ses-04,ses-02,4,,73,19,100,1,0.500000,0.500000,0.457465,0.572000,0.692053,0.498905,0.005596
eegnet,cross_session,sub-007,,ses-04,ses-03,4,,73,19,96,1,0.520833,0.520833,0.517483,0.525174,0.699577,0.506105,0.050515
eegnet,cross_session,sub-007,,ses-04,ses-05,4,,73,19,100,1,0.560000,0.560000,0.557166,0.621200,0.689474,0.496328,0.053044
eegnet,cross_session,sub-007,,ses-05,ses-01,4,,80,20,100,64,0.530000,0.530000,0.527686,0.587600,1.195758,0.686715,0.316076
eegnet,cross_session,sub-007,,ses-05,ses-02,4,,80,20,100,64,0.510000,0.510000,0.507587,0.521200,1.641099,0.718283,0.325954
eegnet,cross_session,sub-007,,ses-05,ses-03,4,,80,20,96,64,0.500000,0.500000,0.485714,0.534288,2.524797,0.764869,0.375342
eegnet,cross_session,sub-007,,ses-05,ses-04,4,,80,20,92,64,0.630435,0.630435,0.603448,0.606333,4.743145,0.695198,0.354223
eegnet,cross_session,sub-008,,ses-01,ses-02,4,,80,20,94,24,0.446809,0.446809,0.444545,0.447035,10.194660,1.061334,0.530063
eegnet,cross_session,sub-008,,ses-01,ses-03,4,,80,20,89,24,0.494382,0.499495,0.366398,0.541919,12.159549,1.006281,0.504328
eegnet,cross_session,sub-008,,ses-01,ses-04,4,,80,20,96,24,0.468750,0.468750,0.465910,0.518229,2.480717,0.920529,0.473857
eegnet,cross_session,sub-008,,ses-01,ses-05,4,,80,20,100,24,0.530000,0.530000,0.529577,0.487200,2.608145,0.857672,0.434266
eegnet,cross_session,sub-008,,ses-02,ses-01,4,,75,19,100,1,0.500000,0.500000,0.333333,0.501000,0.693208,0.500061,0.005454
eegnet,cross_session,sub-008,,ses-02,ses-03,4,,75,19,89,1,0.494382,0.500000,0.330827,0.590909,0.693684,0.500536,0.011536
eegnet,cross_session,sub-008,,ses-02,ses-04,4,,75,19,96,1,0.500000,0.500000,0.333333,0.412760,0.693217,0.500070,0.005462
eegnet,cross_session,sub-008,,ses-02,ses-05,4,,75,19,100,1,0.500000,0.500000,0.333333,0.442800,0.693216,0.500069,0.005462
eegnet,cross_session,sub-008,,ses-03,ses-01,4,,71,18,100,90,0.550000,0.550000,0.435737,0.671600,0.691980,0.496179,0.117473
eegnet,cross_session,sub-008,,ses-03,ses-02,4,,71,18,94,90,0.531915,0.531915,0.531703,0.502490,1.931774,0.717468,0.294778
eegnet,cross_session,sub-008,,ses-03,ses-04,4,,71,18,96,90,0.500000,0.500000,0.367033,0.565972,0.806578,0.583016,0.202481
eegnet,cross_session,sub-008,,ses-03,ses-05,4,,71,18,100,90,0.510000,0.510000,0.355178,0.533200,0.792288,0.584107,0.219683
eegnet,cross_session,sub-008,,ses-04,ses-01,4,,76,20,100,42,0.420000,0.420000,0.419768,0.459600,0.929726,0.663896,0.299942
eegnet,cross_session,sub-008,,ses-04,ses-02,4,,76,20,94,42,0.468085,0.468085,0.459273,0.457447,6.815317,1.000561,0.511590
eegnet,cross_session,sub-008,,ses-04,ses-03,4,,76,20,89,42,0.494382,0.498737,0.407982,0.551768,8.015851,0.997446,0.501075
eegnet,cross_session,sub-008,,ses-04,ses-05,4,,76,20,100,42,0.550000,0.550000,0.546325,0.529200,1.006779,0.642815,0.220500
eegnet,cross_session,sub-008,,ses-05,ses-01,4,,80,20,100,1,0.510000,0.510000,0.498721,0.514000,0.692752,0.499609,0.007276
eegnet,cross_session,sub-008,,ses-05,ses-02,4,,80,20,94,1,0.553191,0.553191,0.545789,0.569941,0.779835,0.547302,0.129563
eegnet,cross_session,sub-008,,ses-05,ses-03,4,,80,20,89,1,0.426966,0.429293,0.402527,0.407576,1.123068,0.622673,0.237887
eegnet,cross_session,sub-008,,ses-05,ses-04,4,,80,20,96,1,0.427083,0.427083,0.424021,0.432726,0.704317,0.511154,0.109858
eegnet,cross_session,sub-009,,ses-01,ses-02,4,,78,20,100,1,0.520000,0.520000,0.518266,0.478400,0.695300,0.502151,0.011254
eegnet,cross_session,sub-009,,ses-01,ses-03,4,,78,20,100,1,0.530000,0.530000,0.526162,0.564800,0.693294,0.500139,0.027142
eegnet,cross_session,sub-009,,ses-01,ses-04,4,,78,20,96,1,0.510417,0.510000,0.509938,0.539130,0.680449,0.490801,0.045479
eegnet,cross_session,sub-009,,ses-01,ses-05,4,,78,20,99,1,0.525253,0.525306,0.525253,0.543265,0.689690,0.496639,0.061810
eegnet,cross_session,sub-009,,ses-02,ses-01,4,,80,20,98,5,0.602041,0.603333,0.601002,0.605000,1.058931,0.587622,0.201866
eegnet,cross_session,sub-009,,ses-02,ses-03,4,,80,20,100,5,0.550000,0.550000,0.549595,0.526400,0.920671,0.588162,0.172407
eegnet,cross_session,sub-009,,ses-02,ses-04,4,,80,20,96,5,0.520833,0.516522,0.513228,0.539130,1.716415,0.709485,0.294150
eegnet,cross_session,sub-009,,ses-02,ses-05,4,,80,20,99,5,0.515152,0.515306,0.515102,0.526531,0.929125,0.623222,0.232325
eegnet,cross_session,sub-009,,ses-03,ses-01,4,,80,20,98,36,0.520408,0.521667,0.519156,0.570625,2.694031,0.793082,0.400055
eegnet,cross_session,sub-009,,ses-03,ses-02,4,,80,20,100,36,0.480000,0.480000,0.479167,0.438400,1.147607,0.746534,0.329297
eegnet,cross_session,sub-009,,ses-03,ses-04,4,,80,20,96,36,0.427083,0.423913,0.422003,0.386739,3.101798,0.904885,0.409353
eegnet,cross_session,sub-009,,ses-03,ses-05,4,,80,20,99,36,0.535354,0.533265,0.513462,0.559388,2.976499,0.793770,0.393072
eegnet,cross_session,sub-009,,ses-04,ses-01,4,,76,20,98,1,0.500000,0.490000,0.333333,0.571250,0.692953,0.499806,0.003749
eegnet,cross_session,sub-009,,ses-04,ses-02,4,,76,20,100,1,0.500000,0.500000,0.333333,0.520800,0.693181,0.500034,0.003822
eegnet,cross_session,sub-009,,ses-04,ses-03,4,,76,20,100,1,0.500000,0.500000,0.333333,0.538000,0.693198,0.500051,0.003849
eegnet,cross_session,sub-009,,ses-04,ses-05,4,,76,20,99,1,0.494949,0.500000,0.331081,0.511837,0.693239,0.500092,0.008872
eegnet,cross_session,sub-009,,ses-05,ses-01,4,,79,20,98,1,0.561224,0.561667,0.561179,0.577917,0.687965,0.494752,0.036744
eegnet,cross_session,sub-009,,ses-05,ses-02,4,,79,20,100,1,0.460000,0.460000,0.459135,0.453600,0.695966,0.502816,0.050551
eegnet,cross_session,sub-009,,ses-05,ses-03,4,,79,20,100,1,0.600000,0.600000,0.579655,0.603200,0.688778,0.495641,0.093529
eegnet,cross_session,sub-009,,ses-05,ses-04,4,,79,20,96,1,0.510417,0.510870,0.510364,0.501304,0.864628,0.511243,0.039139
eegnet,cross_session,sub-010,,ses-01,ses-02,4,,71,18,94,1,0.393617,0.393617,0.393548,0.419194,0.770288,0.548783,0.181957
eegnet,cross_session,sub-010,,ses-01,ses-03,4,,71,18,100,1,0.450000,0.450000,0.448622,0.475200,0.698869,0.505681,0.072012
eegnet,cross_session,sub-010,,ses-01,ses-04,4,,71,18,100,1,0.440000,0.440000,0.436393,0.433600,0.697338,0.504186,0.071309
eegnet,cross_session,sub-010,,ses-01,ses-05,4,,71,18,97,1,0.525773,0.526148,0.525319,0.525935,0.761164,0.538518,0.091655
eegnet,cross_session,sub-010,,ses-02,ses-01,4,,75,19,89,1,0.516854,0.516684,0.516610,0.530334,0.692384,0.499238,0.008161
eegnet,cross_session,sub-010,,ses-02,ses-03,4,,75,19,100,1,0.580000,0.580000,0.577295,0.562400,0.691673,0.498521,0.102043
eegnet,cross_session,sub-010,,ses-02,ses-04,4,,75,19,100,1,0.490000,0.490000,0.481233,0.519200,0.692999,0.499852,0.017031
eegnet,cross_session,sub-010,,ses-02,ses-05,4,,75,19,97,1,0.546392,0.548044,0.535279,0.548469,0.687424,0.496094,0.107524
eegnet,cross_session,sub-010,,ses-03,ses-01,4,,80,20,89,1,0.471910,0.473964,0.470841,0.506067,0.694901,0.501760,0.071825
eegnet,cross_session,sub-010,,ses-03,ses-02,4,,80,20,94,1,0.404255,0.404255,0.401818,0.424174,0.742863,0.537010,0.154456
eegnet,cross_session,sub-010,,ses-03,ses-04,4,,80,20,100,1,0.530000,0.530000,0.503748,0.528800,0.692720,0.499565,0.044915
eegnet,cross_session,sub-010,,ses-03,ses-05,4,,80,20,97,1,0.567010,0.567815,0.564744,0.533588,0.708361,0.511802,0.135872
eegnet,cross_session,sub-010,,ses-04,ses-01,4,,80,20,89,6,0.438202,0.439838,0.437563,0.403943,1.078094,0.752002,0.299851
eegnet,cross_session,sub-010,,ses-04,ses-02,4,,80,20,94,6,0.510638,0.510638,0.507068,0.505206,0.952144,0.593098,0.172326
eegnet,cross_session,sub-010,,ses-04,ses-03,4,,80,20,100,6,0.500000,0.500000,0.498193,0.562800,0.720380,0.525935,0.178064
eegnet,cross_session,sub-010,,ses-04,ses-05,4,,80,20,97,6,0.515464,0.515306,0.515258,0.527636,1.037885,0.605048,0.182326
eegnet,cross_session,sub-010,,ses-05,ses-01,4,,77,20,89,39,0.460674,0.465369,0.452308,0.449949,1.042694,0.697397,0.272963
eegnet,cross_session,sub-010,,ses-05,ses-02,4,,77,20,94,39,0.542553,0.542553,0.518523,0.529651,0.793526,0.576827,0.214433
eegnet,cross_session,sub-010,,ses-05,ses-03,4,,77,20,100,39,0.650000,0.650000,0.648277,0.720000,0.823471,0.488226,0.193154
eegnet,cross_session,sub-010,,ses-05,ses-04,4,,77,20,100,39,0.650000,0.650000,0.649123,0.682000,0.644353,0.451471,0.048274
eegnet,cross_session,sub-011,,ses-01,ses-02,4,,80,20,94,1,0.553191,0.555102,0.552989,0.510204,0.775445,0.553230,0.191276
eegnet,cross_session,sub-011,,ses-01,ses-03,4,,80,20,100,1,0.440000,0.440000,0.439103,0.476400,0.709181,0.516398,0.120441
eegnet,cross_session,sub-011,,ses-01,ses-04,4,,80,20,100,1,0.440000,0.440000,0.428805,0.398000,0.717746,0.524271,0.100202
eegnet,cross_session,sub-011,,ses-01,ses-05,4,,80,20,100,1,0.480000,0.480000,0.472403,0.477200,0.698726,0.505520,0.050208
eegnet,cross_session,sub-011,,ses-02,ses-01,4,,75,19,100,2,0.460000,0.460000,0.454545,0.462400,0.693775,0.500628,0.043798
eegnet,cross_session,sub-011,,ses-02,ses-03,4,,75,19,100,2,0.400000,0.400000,0.399760,0.352000,0.700749,0.507598,0.112332
eegnet,cross_session,sub-011,,ses-02,ses-04,4,,75,19,100,2,0.450000,0.450000,0.449505,0.432800,0.696010,0.502861,0.057222
eegnet,cross_session,sub-011,,ses-02,ses-05,4,,75,19,100,2,0.520000,0.520000,0.520000,0.467600,0.693955,0.500808,0.013327
eegnet,cross_session,sub-011,,ses-03,ses-01,4,,80,20,100,8,0.510000,0.510000,0.509951,0.510000,0.695527,0.502586,0.114390
eegnet,cross_session,sub-011,,ses-03,ses-02,4,,80,20,94,8,0.457447,0.455102,0.454421,0.444898,1.968249,0.816166,0.361065
eegnet,cross_session,sub-011,,ses-03,ses-04,4,,80,20,100,8,0.450000,0.450000,0.437340,0.440800,0.808892,0.602047,0.223213
eegnet,cross_session,sub-011,,ses-03,ses-05,4,,80,20,100,8,0.500000,0.500000,0.479167,0.496800,0.751033,0.547874,0.128884
eegnet,cross_session,sub-011,,ses-04,ses-01,4,,80,20,100,8,0.460000,0.460000,0.459135,0.417200,0.768955,0.571037,0.197100
eegnet,cross_session,sub-011,,ses-04,ses-02,4,,80,20,94,8,0.531915,0.528345,0.526557,0.551020,1.689809,0.730281,0.326961
eegnet,cross_session,sub-011,,ses-04,ses-03,4,,80,20,100,8,0.480000,0.480000,0.479167,0.533600,0.831310,0.588418,0.228068
eegnet,cross_session,sub-011,,ses-04,ses-05,4,,80,20,100,8,0.520000,0.520000,0.516908,0.533600,0.764102,0.550849,0.146210
eegnet,cross_session,sub-011,,ses-05,ses-01,4,,80,20,100,1,0.520000,0.520000,0.519231,0.490400,0.695141,0.501985,0.012476
eegnet,cross_session,sub-011,,ses-05,ses-02,4,,80,20,94,1,0.521277,0.519955,0.519918,0.497052,0.777473,0.547183,0.115128
eegnet,cross_session,sub-011,,ses-05,ses-03,4,,80,20,100,1,0.480000,0.480000,0.480000,0.400800,0.722259,0.528657,0.192282
eegnet,cross_session,sub-011,,ses-05,ses-04,4,,80,20,100,1,0.460000,0.460000,0.458049,0.423200,0.709189,0.515825,0.069948
eegnet,cross_session,sub-012,,ses-01,ses-02,4,,80,20,91,1,0.582418,0.581884,0.581153,0.524638,0.762991,0.518278,0.138363
eegnet,cross_session,sub-012,,ses-01,ses-03,4,,80,20,97,1,0.494845,0.495111,0.494631,0.500425,0.698575,0.505333,0.037170
eegnet,cross_session,sub-012,,ses-01,ses-04,4,,80,20,87,1,0.425287,0.437302,0.353448,0.360847,0.720151,0.528492,0.120785
eegnet,cross_session,sub-012,,ses-01,ses-05,4,,80,20,83,1,0.469880,0.463652,0.463572,0.456265,0.699888,0.506496,0.056364
eegnet,cross_session,sub-012,,ses-02,ses-01,4,,72,19,100,1,0.500000,0.500000,0.499199,0.528800,0.693828,0.500663,0.021552
eegnet,cross_session,sub-012,,ses-02,ses-03,4,,72,19,97,1,0.494845,0.494473,0.493985,0.490221,0.696989,0.503816,0.020392
eegnet,cross_session,sub-012,,ses-02,ses-04,4,,72,19,87,1,0.471264,0.476984,0.459189,0.395767,0.710596,0.519029,0.101791
eegnet,cross_session,sub-012,,ses-02,ses-05,4,,72,19,83,1,0.457831,0.456265,0.454983,0.488771,0.696607,0.503414,0.056533
eegnet,cross_session,sub-012,,ses-03,ses-01,4,,77,20,100,5,0.520000,0.520000,0.519808,0.517600,0.707291,0.512961,0.064498
eegnet,cross_session,sub-012,,ses-03,ses-02,4,,77,20,91,5,0.472527,0.468599,0.392659,0.497585,1.010553,0.562969,0.186481
eegnet,cross_session,sub-012,,ses-03,ses-04,4,,77,20,87,5,0.528736,0.536508,0.507660,0.496296,0.891702,0.602373,0.173784
eegnet,cross_session,sub-012,,ses-03,ses-05,4,,77,20,83,5,0.506024,0.515071,0.506024,0.523050,0.693562,0.496991,0.090172
eegnet,cross_session,sub-012,,ses-04,ses-01,4,,69,18,100,1,0.450000,0.450000,0.447292,0.490800,0.691647,0.498507,0.079059
eegnet,cross_session,sub-012,,ses-04,ses-02,4,,69,18,91,1,0.538462,0.539614,0.533902,0.457488,0.727839,0.523027,0.124081
eegnet,cross_session,sub-012,,ses-04,ses-03,4,,69,18,97,1,0.463918,0.463010,0.459262,0.403912,0.701736,0.508554,0.050609
eegnet,cross_session,sub-012,,ses-04,ses-05,4,,69,18,83,1,0.481928,0.474291,0.474297,0.501773,0.695855,0.502689,0.031772
eegnet,cross_session,sub-012,,ses-05,ses-01,4,,66,17,100,1,0.490000,0.490000,0.435778,0.530400,0.691225,0.498079,0.070764
eegnet,cross_session,sub-012,,ses-05,ses-02,4,,66,17,91,1,0.450549,0.446618,0.367353,0.461353,0.805312,0.527084,0.117688
eegnet,cross_session,sub-012,,ses-05,ses-03,4,,66,17,97,1,0.453608,0.456420,0.411313,0.459609,0.699927,0.506786,0.078710
eegnet,cross_session,sub-012,,ses-05,ses-04,4,,66,17,87,1,0.494253,0.511111,0.349864,0.413228,0.737435,0.542274,0.102266
eegnet,cross_session,sub-013,,ses-01,ses-02,4,,80,20,94,22,0.563830,0.572562,0.549082,0.630839,2.039789,0.706533,0.339150
eegnet,cross_session,sub-013,,ses-01,ses-03,4,,80,20,100,22,0.930000,0.930000,0.929993,0.961200,0.256693,0.105711,0.039052
eegnet,cross_session,sub-013,,ses-01,ses-04,4,,80,20,95,22,0.505263,0.507764,0.503282,0.503993,1.588076,0.715401,0.302076
eegnet,cross_session,sub-013,,ses-01,ses-05,4,,80,20,100,22,0.710000,0.710000,0.709739,0.779600,0.727915,0.429968,0.160887
eegnet,cross_session,sub-013,,ses-02,ses-01,4,,75,19,100,4,0.530000,0.530000,0.527686,0.571200,0.681844,0.489289,0.059775
eegnet,cross_session,sub-013,,ses-02,ses-03,4,,75,19,100,4,0.590000,0.590000,0.574645,0.711200,0.639731,0.449345,0.087406
eegnet,cross_session,sub-013,,ses-02,ses-04,4,,75,19,95,4,0.515789,0.521961,0.499771,0.475155,0.695755,0.502798,0.063916
eegnet,cross_session,sub-013,,ses-02,ses-05,4,,75,19,100,4,0.710000,0.710000,0.709971,0.808000,0.623460,0.431493,0.153228
eegnet,cross_session,sub-013,,ses-03,ses-01,4,,80,20,100,99,0.800000,0.800000,0.798712,0.894800,0.670603,0.327592,0.173544
eegnet,cross_session,sub-013,,ses-03,ses-02,4,,80,20,94,99,0.510638,0.511565,0.510638,0.570522,3.121279,0.869600,0.445233
eegnet,cross_session,sub-013,,ses-03,ses-04,4,,80,20,95,99,0.600000,0.600932,0.599956,0.670807,1.032704,0.566088,0.258111
eegnet,cross_session,sub-013,,ses-03,ses-05,4,,80,20,100,99,0.650000,0.650000,0.612789,0.880800,0.994793,0.553876,0.279892
eegnet,cross_session,sub-013,,ses-04,ses-01,4,,76,19,100,31,0.700000,0.700000,0.687500,0.766800,1.363196,0.520042,0.262200
eegnet,cross_session,sub-013,,ses-04,ses-02,4,,76,19,94,31,0.563830,0.558957,0.555325,0.558277,2.365083,0.734332,0.332217
eegnet,cross_session,sub-013,,ses-04,ses-03,4,,76,19,100,31,0.780000,0.780000,0.779647,0.834000,0.863526,0.378340,0.181543
eegnet,cross_session,sub-013,,ses-04,ses-05,4,,76,19,100,31,0.670000,0.670000,0.648000,0.815600,0.728145,0.457187,0.187562
eegnet,cross_session,sub-013,,ses-05,ses-01,4,,80,20,100,12,0.640000,0.640000,0.627945,0.740800,1.191791,0.588281,0.286496
eegnet,cross_session,sub-013,,ses-05,ses-02,4,,80,20,94,12,0.563830,0.567120,0.562592,0.623583,2.249819,0.731722,0.347517
eegnet,cross_session,sub-013,,ses-05,ses-03,4,,80,20,100,12,0.790000,0.790000,0.785166,0.920600,0.688136,0.306874,0.124306
eegnet,cross_session,sub-013,,ses-05,ses-04,4,,80,20,95,12,0.694737,0.692768,0.692557,0.727152,0.840415,0.469145,0.181084
eegnet,cross_session,sub-014,,ses-01,ses-02,4,,80,20,95,4,0.526316,0.526817,0.525475,0.510638,0.701429,0.508190,0.073222
eegnet,cross_session,sub-014,,ses-01,ses-03,4,,80,20,92,4,0.630435,0.624585,0.624038,0.659231,0.660203,0.468577,0.051945
eegnet,cross_session,sub-014,,ses-01,ses-04,4,,80,20,92,4,0.586957,0.587707,0.586761,0.635461,0.674442,0.481445,0.054964
eegnet,cross_session,sub-014,,ses-01,ses-05,4,,80,20,100,4,0.550000,0.550000,0.542264,0.569200,0.686056,0.493083,0.081358
eegnet,cross_session,sub-014,,ses-02,ses-01,4,,76,19,100,1,0.500000,0.500000,0.494949,0.509600,0.698388,0.505158,0.047462
eegnet,cross_session,sub-014,,ses-02,ses-03,4,,76,19,92,1,0.423913,0.426436,0.423845,0.420503,0.707624,0.514407,0.112502
eegnet,cross_session,sub-014,,ses-02,ses-04,4,,76,19,92,1,0.554348,0.558156,0.542177,0.621277,0.687411,0.494275,0.041037
eegnet,cross_session,sub-014,,ses-02,ses-05,4,,76,19,100,1,0.500000,0.500000,0.492695,0.516400,0.691789,0.498660,0.049620
eegnet,cross_session,sub-014,,ses-03,ses-01,4,,73,19,100,2,0.540000,0.540000,0.539263,0.555200,0.687431,0.494077,0.060273
eegnet,cross_session,sub-014,,ses-03,ses-02,4,,73,19,95,2,0.547368,0.547651,0.547168,0.546986,0.690188,0.497077,0.041730
eegnet,cross_session,sub-014,,ses-03,ses-04,4,,73,19,92,2,0.543478,0.543735,0.543478,0.559811,0.690680,0.497535,0.034313
eegnet,cross_session,sub-014,,ses-03,ses-05,4,,73,19,100,2,0.630000,0.630000,0.621483,0.631200,0.676703,0.483648,0.108408
eegnet,cross_session,sub-014,,ses-04,ses-01,4,,73,19,100,14,0.550000,0.550000,0.547784,0.558400,1.455545,0.727450,0.335198
eegnet,cross_session,sub-014,,ses-04,ses-02,4,,73,19,95,14,0.526316,0.527039,0.524419,0.623227,1.035544,0.624970,0.302926
eegnet,cross_session,sub-014,,ses-04,ses-03,4,,73,19,92,14,0.521739,0.519696,0.519696,0.642145,1.252398,0.630824,0.324443
eegnet,cross_session,sub-014,,ses-04,ses-05,4,,73,19,100,14,0.550000,0.550000,0.539642,0.575200,1.107959,0.680321,0.306328
eegnet,cross_session,sub-014,,ses-05,ses-01,4,,80,20,100,4,0.660000,0.660000,0.656566,0.640400,0.682611,0.480682,0.151328
eegnet,cross_session,sub-014,,ses-05,ses-02,4,,80,20,95,4,0.547368,0.548316,0.544136,0.519504,0.742394,0.541882,0.151786
eegnet,cross_session,sub-014,,ses-05,ses-03,4,,80,20,92,4,0.565217,0.570479,0.564394,0.645942,0.691978,0.477467,0.114885
eegnet,cross_session,sub-014,,ses-05,ses-04,4,,80,20,92,4,0.521739,0.520567,0.519696,0.528605,0.706028,0.511189,0.066652
eegnet,cross_session,sub-015,,ses-01,ses-02,4,,80,20,95,1,0.452632,0.451241,0.442186,0.431738,0.700946,0.507777,0.066386
eegnet,cross_session,sub-015,,ses-01,ses-03,4,,80,20,85,1,0.482353,0.480769,0.480556,0.486065,0.696234,0.503083,0.041280
eegnet,cross_session,sub-015,,ses-01,ses-04,4,,80,20,95,1,0.452632,0.451241,0.442186,0.431738,0.700946,0.507777,0.066386
eegnet,cross_session,sub-015,,ses-01,ses-05,4,,80,20,98,1,0.530612,0.528750,0.525673,0.480417,0.697715,0.504522,0.087108
eegnet,cross_session,sub-015,,ses-02,ses-01,4,,76,19,100,3,0.510000,0.510000,0.501577,0.536800,0.694188,0.501633,0.084490
eegnet,cross_session,sub-015,,ses-02,ses-03,4,,76,19,85,3,0.564706,0.554905,0.552568,0.588071,0.685552,0.492091,0.048146
eegnet,cross_session,sub-015,,ses-02,ses-04,4,,76,19,95,3,0.726316,0.727394,0.723837,0.795656,0.628687,0.436915,0.164192
eegnet,cross_session,sub-015,,ses-02,ses-05,4,,76,19,98,3,0.469388,0.466250,0.454857,0.442083,0.710805,0.517297,0.076543
eegnet,cross_session,sub-015,,ses-03,ses-01,4,,68,17,100,1,0.460000,0.460000,0.460000,0.481600,0.704339,0.510727,0.101136
eegnet,cross_session,sub-015,,ses-03,ses-02,4,,68,17,95,1,0.526316,0.526152,0.526106,0.507979,0.694087,0.500937,0.054123
eegnet,cross_session,sub-015,,ses-03,ses-04,4,,68,17,95,1,0.526316,0.526152,0.526106,0.507979,0.694087,0.500937,0.054123
eegnet,cross_session,sub-015,,ses-03,ses-05,4,,68,17,98,1,0.469388,0.467917,0.465828,0.422500,0.706012,0.512789,0.111357
eegnet,cross_session,sub-015,,ses-04,ses-01,4,,76,19,100,3,0.510000,0.510000,0.501577,0.536800,0.694188,0.501633,0.084490
eegnet,cross_session,sub-015,,ses-04,ses-02,4,,76,19,95,3,0.726316,0.727394,0.723837,0.795656,0.628687,0.436915,0.164192
eegnet,cross_session,sub-015,,ses-04,ses-03,4,,76,19,85,3,0.564706,0.554905,0.552568,0.588071,0.685552,0.492091,0.048146
eegnet,cross_session,sub-015,,ses-04,ses-05,4,,76,19,98,3,0.469388,0.466250,0.454857,0.442083,0.710805,0.517297,0.076543
eegnet,cross_session,sub-015,,ses-05,ses-01,4,,78,20,100,6,0.480000,0.480000,0.480000,0.466400,0.825295,0.602911,0.238841
eegnet,cross_session,sub-015,,ses-05,ses-02,4,,78,20,95,6,0.494737,0.493573,0.487871,0.407801,0.781819,0.579840,0.204691
eegnet,cross_session,sub-015,,ses-05,ses-03,4,,78,20,85,6,0.494118,0.513099,0.475535,0.507246,0.783103,0.574842,0.170710
eegnet,cross_session,sub-015,,ses-05,ses-04,4,,78,20,95,6,0.494737,0.493573,0.487871,0.407801,0.781819,0.579840,0.204691
eegnet,cross_session,sub-016,,ses-01,ses-02,4,,80,20,100,11,0.580000,0.580000,0.575758,0.568000,0.852166,0.578924,0.176305
eegnet,cross_session,sub-016,,ses-01,ses-03,4,,80,20,100,11,0.520000,0.520000,0.500000,0.520000,1.155514,0.622550,0.249583
eegnet,cross_session,sub-016,,ses-01,ses-04,4,,80,20,95,11,0.547368,0.548759,0.540029,0.563830,0.801733,0.578848,0.206967
eegnet,cross_session,sub-016,,ses-01,ses-05,4,,80,20,91,11,0.549451,0.544971,0.538528,0.638781,1.308328,0.620925,0.288655
eegnet,cross_session,sub-016,,ses-02,ses-01,4,,80,20,100,22,0.430000,0.430000,0.429943,0.430400,1.569196,0.878716,0.417662
eegnet,cross_session,sub-016,,ses-02,ses-03,4,,80,20,100,22,0.630000,0.630000,0.628178,0.600800,1.408012,0.600914,0.226718
eegnet,cross_session,sub-016,,ses-02,ses-04,4,,80,20,95,22,0.526316,0.527261,0.522933,0.518617,1.261377,0.744522,0.343205
eegnet,cross_session,sub-016,,ses-02,ses-05,4,,80,20,91,22,0.461538,0.457689,0.452009,0.497582,3.036247,0.854383,0.429765
eegnet,cross_session,sub-016,,ses-03,ses-01,4,,80,20,100,7,0.490000,0.490000,0.328859,0.532800,0.707933,0.514500,0.098529
eegnet,cross_session,sub-016,,ses-03,ses-02,4,,80,20,100,7,0.540000,0.540000,0.416540,0.591200,0.686198,0.493009,0.117610
eegnet,cross_session,sub-016,,ses-03,ses-04,4,,80,20,95,7,0.536842,0.541667,0.417503,0.574025,0.693168,0.500292,0.083694
eegnet,cross_session,sub-016,,ses-03,ses-05,4,,80,20,91,7,0.615385,0.607350,0.586632,0.590426,0.674203,0.480057,0.050236
eegnet,cross_session,sub-016,,ses-04,ses-01,4,,76,19,100,1,0.590000,0.590000,0.582952,0.612400,0.685231,0.492109,0.073623
eegnet,cross_session,sub-016,,ses-04,ses-02,4,,76,19,100,1,0.590000,0.590000,0.588972,0.596400,0.688065,0.494921,0.073374
eegnet,cross_session,sub-016,,ses-04,ses-03,4,,76,19,100,1,0.420000,0.420000,0.414141,0.406400,0.696998,0.505695,0.112828
eegnet,cross_session,sub-016,,ses-04,ses-05,4,,76,19,91,1,0.538462,0.539410,0.538406,0.570116,0.695209,0.495160,0.067897
eegnet,cross_session,sub-016,,ses-05,ses-01,4,,72,19,100,8,0.540000,0.540000,0.479873,0.599200,0.680566,0.489055,0.049912
eegnet,cross_session,sub-016,,ses-05,ses-02,4,,72,19,100,8,0.560000,0.560000,0.533107,0.614000,0.668444,0.476666,0.062057
eegnet,cross_session,sub-016,,ses-05,ses-03,4,,72,19,100,8,0.530000,0.530000,0.423384,0.522000,0.704871,0.511356,0.058629
eegnet,cross_session,sub-016,,ses-05,ses-04,4,,72,19,95,8,0.547368,0.549645,0.526377,0.566489,0.694608,0.500838,0.062607
eegnet,cross_session,sub-017,,ses-01,ses-02,4,,80,20,100,5,0.440000,0.440000,0.439103,0.407200,0.892328,0.657208,0.245454
eegnet,cross_session,sub-017,,ses-01,ses-03,4,,80,20,98,5,0.520408,0.514583,0.474381,0.545000,1.741393,0.823704,0.382115
eegnet,cross_session,sub-017,,ses-01,ses-04,4,,80,20,100,5,0.500000,0.500000,0.496779,0.527200,0.835390,0.594309,0.226555
eegnet,cross_session,sub-017,,ses-01,ses-05,4,,80,20,95,5,0.557895,0.558511,0.556667,0.568262,0.942417,0.626197,0.241574
eegnet,cross_session,sub-017,,ses-02,ses-01,4,,80,20,100,8,0.510000,0.510000,0.471470,0.471200,0.765169,0.559196,0.165605
eegnet,cross_session,sub-017,,ses-02,ses-03,4,,80,20,98,8,0.479592,0.473333,0.421729,0.532500,1.006183,0.629309,0.260028
eegnet,cross_session,sub-017,,ses-02,ses-04,4,,80,20,100,8,0.490000,0.490000,0.485835,0.488400,0.822559,0.599549,0.201562
eegnet,cross_session,sub-017,,ses-02,ses-05,4,,80,20,95,8,0.505263,0.507092,0.490820,0.523050,0.961597,0.619242,0.221480
eegnet,cross_session,sub-017,,ses-03,ses-01,4,,78,20,100,6,0.490000,0.490000,0.456000,0.439200,0.713500,0.519874,0.058354
eegnet,cross_session,sub-017,,ses-03,ses-02,4,,78,20,100,6,0.480000,0.480000,0.462588,0.386400,0.761267,0.563618,0.157368
eegnet,cross_session,sub-017,,ses-03,ses-04,4,,78,20,100,6,0.480000,0.480000,0.474747,0.506800,0.711911,0.518060,0.116234
eegnet,cross_session,sub-017,,ses-03,ses-05,4,,78,20,95,6,0.452632,0.452128,0.451111,0.449468,0.725542,0.531559,0.130727
eegnet,cross_session,sub-017,,ses-04,ses-01,4,,80,20,100,11,0.520000,0.520000,0.507389,0.589600,0.684865,0.491186,0.119478
eegnet,cross_session,sub-017,,ses-04,ses-02,4,,80,20,100,11,0.480000,0.480000,0.478121,0.488800,0.832916,0.600028,0.198256
eegnet,cross_session,sub-017,,ses-04,ses-03,4,,80,20,98,11,0.561224,0.566667,0.530683,0.560000,1.052467,0.656387,0.254441
eegnet,cross_session,sub-017,,ses-04,ses-05,4,,80,20,95,11,0.442105,0.439938,0.416232,0.426418,1.022376,0.692410,0.305794
eegnet,cross_session,sub-017,,ses-05,ses-01,4,,76,19,100,1,0.510000,0.510000,0.507587,0.517200,0.692595,0.499449,0.005461
eegnet,cross_session,sub-017,,ses-05,ses-02,4,,76,19,100,1,0.460000,0.460000,0.458049,0.395600,0.701972,0.508804,0.055570
eegnet,cross_session,sub-017,,ses-05,ses-03,4,,76,19,98,1,0.438776,0.434167,0.406061,0.435833,0.707718,0.514165,0.097619
eegnet,cross_session,sub-017,,ses-05,ses-04,4,,76,19,100,1,0.480000,0.480000,0.474747,0.539600,0.691710,0.498544,0.066620
eegnet,cross_session,sub-018,,ses-01,ses-02,4,,75,19,100,1,0.520000,0.520000,0.490662,0.538400,0.696774,0.503022,0.052381
eegnet,cross_session,sub-018,,ses-01,ses-03,4,,75,19,100,1,0.550000,0.550000,0.544488,0.528800,0.689872,0.496941,0.062022
eegnet,cross_session,sub-018,,ses-01,ses-04,4,,75,19,100,1,0.500000,0.500000,0.499199,0.494400,0.695191,0.502456,0.079059
eegnet,cross_session,sub-018,,ses-01,ses-05,4,,75,19,100,1,0.410000,0.410000,0.402774,0.399600,0.728465,0.535073,0.179094
eegnet,cross_session,sub-018,,ses-02,ses-01,4,,80,20,94,9,0.510638,0.516304,0.476513,0.528533,0.699858,0.507739,0.067564
eegnet,cross_session,sub-018,,ses-02,ses-03,4,,80,20,100,9,0.610000,0.610000,0.592008,0.638000,0.711912,0.487040,0.130618
eegnet,cross_session,sub-018,,ses-02,ses-04,4,,80,20,100,9,0.490000,0.490000,0.478261,0.488000,0.772890,0.565871,0.164253
eegnet,cross_session,sub-018,,ses-02,ses-05,4,,80,20,100,9,0.500000,0.500000,0.496779,0.571200,0.717969,0.514467,0.179192
eegnet,cross_session,sub-018,,ses-03,ses-01,4,,80,20,94,1,0.446809,0.449728,0.437644,0.461051,0.695771,0.502619,0.067015
eegnet,cross_session,sub-018,,ses-03,ses-02,4,,80,20,100,1,0.590000,0.590000,0.532764,0.574800,0.690527,0.497093,0.062899
eegnet,cross_session,sub-018,,ses-03,ses-04,4,,80,20,100,1,0.570000,0.570000,0.568922,0.645600,0.675302,0.482268,0.069856
eegnet,cross_session,sub-018,,ses-03,ses-05,4,,80,20,100,1,0.380000,0.380000,0.363711,0.364400,0.715432,0.523611,0.169987
eegnet,cross_session,sub-018,,ses-04,ses-01,4,,80,20,94,22,0.457447,0.458333,0.456894,0.433424,0.946125,0.678332,0.313423
eegnet,cross_session,sub-018,,ses-04,ses-02,4,,80,20,100,22,0.510000,0.510000,0.508772,0.558400,1.462820,0.761140,0.361001
eegnet,cross_session,sub-018,,ses-04,ses-03,4,,80,20,100,22,0.530000,0.530000,0.498667,0.620800,1.152546,0.636364,0.307594
eegnet,cross_session,sub-018,,ses-04,ses-05,4,,80,20,100,22,0.630000,0.630000,0.628178,0.600800,1.408012,0.600914,0.226718
eegnet,cross_session,sub-018,,ses-05,ses-01,4,,80,20,94,7,0.510638,0.500000,0.338028,0.471920,0.705509,0.512134,0.074704
eegnet,cross_session,sub-018,,ses-05,ses-02,4,,80,20,100,7,0.620000,0.620000,0.604167,0.694000,0.659705,0.466958,0.053828
eegnet,cross_session,sub-018,,ses-05,ses-03,4,,80,20,100,7,0.530000,0.530000,0.410658,0.666000,0.689076,0.495431,0.082488
eegnet,cross_session,sub-018,,ses-05,ses-04,4,,80,20,100,7,0.540000,0.540000,0.416540,0.591200,0.686198,0.493009,0.117610
eegnet,cross_session,sub-019,,ses-01,ses-02,4,,76,19,95,4,0.515789,0.516622,0.513146,0.480053,0.700844,0.507597,0.089779
eegnet,cross_session,sub-019,,ses-01,ses-03,4,,76,19,94,4,0.500000,0.487755,0.447405,0.530159,0.696368,0.503015,0.066847
eegnet,cross_session,sub-019,,ses-01,ses-04,4,,76,19,92,4,0.434783,0.437825,0.425000,0.411820,0.708438,0.515130,0.092636
eegnet,cross_session,sub-019,,ses-01,ses-05,4,,76,19,93,4,0.580645,0.578850,0.578892,0.609462,0.678278,0.485241,0.040191
eegnet,cross_session,sub-019,,ses-02,ses-01,4,,76,19,95,1,0.600000,0.599601,0.599601,0.625555,0.684692,0.491562,0.081119
eegnet,cross_session,sub-019,,ses-02,ses-03,4,,76,19,94,1,0.521277,0.519048,0.518607,0.512472,0.694633,0.501464,0.046578
eegnet,cross_session,sub-019,,ses-02,ses-04,4,,76,19,92,1,0.456522,0.451064,0.416836,0.465248,0.695908,0.502757,0.055227
eegnet,cross_session,sub-019,,ses-02,ses-05,4,,76,19,93,1,0.569892,0.567486,0.567442,0.540816,0.690499,0.497402,0.052158
eegnet,cross_session,sub-019,,ses-03,ses-01,4,,75,19,95,5,0.536842,0.537045,0.536791,0.559006,0.827175,0.566521,0.160029
eegnet,cross_session,sub-019,,ses-03,ses-02,4,,75,19,95,5,0.505263,0.505984,0.503282,0.524379,0.766367,0.556259,0.141899
eegnet,cross_session,sub-019,,ses-03,ses-04,4,,75,19,92,5,0.565217,0.565957,0.565012,0.556501,0.716115,0.515983,0.089371
eegnet,cross_session,sub-019,,ses-03,ses-05,4,,75,19,93,5,0.655914,0.661874,0.653953,0.737477,0.668396,0.447581,0.115487
eegnet,cross_session,sub-019,,ses-04,ses-01,4,,73,19,95,4,0.568421,0.565661,0.563585,0.564330,0.723784,0.522269,0.108579
eegnet,cross_session,sub-019,,ses-04,ses-02,4,,73,19,95,4,0.568421,0.567154,0.561423,0.543883,0.752076,0.544206,0.132560
eegnet,cross_session,sub-019,,ses-04,ses-03,4,,73,19,94,4,0.521277,0.534467,0.478229,0.584580,0.815918,0.584821,0.201523
eegnet,cross_session,sub-019,,ses-04,ses-05,4,,73,19,93,4,0.505376,0.499304,0.495519,0.487477,0.848144,0.602039,0.204443
eegnet,cross_session,sub-019,,ses-05,ses-01,4,,74,19,95,7,0.568421,0.563665,0.555822,0.605146,0.711150,0.502107,0.139468
eegnet,cross_session,sub-019,,ses-05,ses-02,4,,74,19,95,7,0.621053,0.621454,0.620674,0.632535,0.682407,0.484300,0.099493
eegnet,cross_session,sub-019,,ses-05,ses-03,4,,74,19,94,7,0.776596,0.780272,0.775962,0.862132,0.490497,0.322107,0.064341
eegnet,cross_session,sub-019,,ses-05,ses-04,4,,74,19,92,7,0.565217,0.568794,0.554910,0.610875,0.676334,0.480856,0.086797
eegnet,cross_session,sub-020,,ses-01,ses-02,4,,71,18,100,56,0.680000,0.680000,0.648352,0.964000,1.176215,0.523006,0.263562
eegnet,cross_session,sub-020,,ses-01,ses-03,4,,71,18,100,56,0.520000,0.520000,0.472527,0.458000,3.453188,0.888677,0.449545
eegnet,cross_session,sub-020,,ses-01,ses-04,4,,71,18,100,56,0.920000,0.920000,0.919485,0.997200,0.220435,0.132463,0.073612
eegnet,cross_session,sub-020,,ses-01,ses-05,4,,71,18,100,56,0.520000,0.520000,0.391172,0.900400,1.714970,0.790863,0.421255
eegnet,cross_session,sub-020,,ses-02,ses-01,4,,80,20,89,93,0.460674,0.463131,0.434921,0.404545,2.145841,0.836130,0.378694
eegnet,cross_session,sub-020,,ses-02,ses-03,4,,80,20,100,93,0.480000,0.480000,0.480000,0.448600,6.260901,1.039817,0.519720
eegnet,cross_session,sub-020,,ses-02,ses-04,4,,80,20,100,93,0.700000,0.700000,0.670330,0.954800,0.483196,0.332234,0.122847
eegnet,cross_session,sub-020,,ses-02,ses-05,4,,80,20,100,93,0.360000,0.360000,0.350649,0.244800,1.483907,0.941460,0.419250
eegnet,cross_session,sub-020,,ses-03,ses-01,4,,80,20,89,1,0.449438,0.451263,0.435469,0.494444,0.730961,0.530981,0.130752
eegnet,cross_session,sub-020,,ses-03,ses-02,4,,80,20,100,1,0.260000,0.260000,0.258814,0.174000,0.716904,0.523718,0.257511
eegnet,cross_session,sub-020,,ses-03,ses-04,4,,80,20,100,1,0.370000,0.370000,0.369937,0.323200,0.710280,0.517073,0.149157
eegnet,cross_session,sub-020,,ses-03,ses-05,4,,80,20,100,1,0.450000,0.450000,0.443263,0.494000,0.696544,0.503371,0.067002
eegnet,cross_session,sub-020,,ses-04,ses-01,4,,80,20,89,79,0.797753,0.798232,0.797523,0.924747,0.744906,0.346952,0.196272
eegnet,cross_session,sub-020,,ses-04,ses-02,4,,80,20,100,79,0.890000,0.890000,0.888653,0.990800,0.252285,0.138800,0.082996
eegnet,cross_session,sub-020,,ses-04,ses-03,4,,80,20,100,79,0.470000,0.470000,0.463508,0.450000,5.133056,0.981752,0.486851
eegnet,cross_session,sub-020,,ses-04,ses-05,4,,80,20,100,79,0.620000,0.620000,0.563419,0.982400,1.448830,0.624925,0.316277
eegnet,cross_session,sub-020,,ses-05,ses-01,4,,80,20,89,99,0.853933,0.853283,0.853266,0.899495,0.659772,0.277160,0.130713
eegnet,cross_session,sub-020,,ses-05,ses-02,4,,80,20,100,99,0.740000,0.740000,0.726776,0.893200,0.738097,0.386232,0.164077
eegnet,cross_session,sub-020,,ses-05,ses-03,4,,80,20,100,99,0.520000,0.520000,0.495586,0.520400,2.013521,0.827055,0.411581
eegnet,cross_session,sub-020,,ses-05,ses-04,4,,80,20,100,99,0.870000,0.870000,0.867765,0.997200,0.346400,0.194474,0.095064
eegnet,cross_session,sub-021,,ses-01,ses-02,4,,75,19,99,100,0.646465,0.648776,0.628099,0.756531,1.893141,0.610278,0.309058
eegnet,cross_session,sub-021,,ses-01,ses-03,4,,75,19,93,100,0.709677,0.708372,0.704762,0.776596,1.461441,0.463265,0.227882
eegnet,cross_session,sub-021,,ses-01,ses-04,4,,75,19,100,100,0.680000,0.680000,0.675325,0.728800,2.226466,0.539856,0.251464
eegnet,cross_session,sub-021,,ses-01,ses-05,4,,75,19,96,100,0.802083,0.801346,0.801545,0.856709,0.967064,0.340897,0.149870
eegnet,cross_session,sub-021,,ses-02,ses-01,4,,79,20,94,11,0.755319,0.755319,0.754625,0.795835,0.608751,0.375684,0.085494
eegnet,cross_session,sub-021,,ses-02,ses-03,4,,79,20,93,11,0.731183,0.731036,0.731058,0.796947,0.569418,0.383194,0.101083
eegnet,cross_session,sub-021,,ses-02,ses-04,4,,79,20,100,11,0.550000,0.550000,0.544488,0.552800,1.267266,0.670222,0.292464
eegnet,cross_session,sub-021,,ses-02,ses-05,4,,79,20,96,11,0.656250,0.659357,0.649829,0.699088,0.678489,0.466689,0.107828
eegnet,cross_session,sub-021,,ses-03,ses-01,4,,74,19,94,13,0.744681,0.744681,0.744565,0.821639,0.695884,0.386624,0.147272
eegnet,cross_session,sub-021,,ses-03,ses-02,4,,74,19,99,13,0.626263,0.627347,0.622410,0.684490,1.026229,0.562329,0.223783
eegnet,cross_session,sub-021,,ses-03,ses-04,4,,74,19,100,13,0.600000,0.600000,0.592003,0.681000,2.194389,0.702945,0.346521
eegnet,cross_session,sub-021,,ses-03,ses-05,4,,74,19,96,13,0.781250,0.780504,0.780655,0.861051,0.576212,0.323016,0.115897
eegnet,cross_session,sub-021,,ses-04,ses-01,4,,80,20,94,55,0.776596,0.776596,0.775962,0.798551,1.358772,0.395587,0.201787
eegnet,cross_session,sub-021,,ses-04,ses-02,4,,80,20,99,55,0.656566,0.655714,0.653704,0.758367,1.272214,0.541716,0.259236
eegnet,cross_session,sub-021,,ses-04,ses-03,4,,80,20,93,55,0.774194,0.773589,0.773250,0.875578,0.712813,0.342452,0.154266
eegnet,cross_session,sub-021,,ses-04,ses-05,4,,80,20,96,55,0.750000,0.750760,0.749891,0.866696,0.684605,0.349301,0.173587
eegnet,cross_session,sub-021,,ses-05,ses-01,4,,76,20,94,5,0.670213,0.670213,0.668374,0.792666,0.629363,0.412457,0.157159
eegnet,cross_session,sub-021,,ses-05,ses-02,4,,76,20,99,5,0.636364,0.637959,0.627820,0.693878,0.659515,0.463975,0.080667
eegnet,cross_session,sub-021,,ses-05,ses-03,4,,76,20,93,5,0.817204,0.816836,0.816866,0.868178,0.524112,0.337929,0.181966
eegnet,cross_session,sub-021,,ses-05,ses-04,4,,76,20,100,5,0.600000,0.600000,0.598555,0.598800,1.204339,0.646501,0.309486
eegnet,cross_session,sub-022,,ses-01,ses-02,4,,69,18,100,1,0.560000,0.560000,0.557166,0.612400,0.686897,0.493752,0.044169
eegnet,cross_session,sub-022,,ses-01,ses-03,4,,69,18,100,1,0.520000,0.520000,0.519231,0.535200,0.691923,0.498772,0.008595
eegnet,cross_session,sub-022,,ses-01,ses-04,4,,69,18,100,1,0.570000,0.570000,0.560102,0.588400,0.689283,0.496133,0.051337
eegnet,cross_session,sub-022,,ses-01,ses-05,4,,69,18,93,1,0.483871,0.480556,0.476548,0.476852,0.693872,0.500732,0.038757
eegnet,cross_session,sub-022,,ses-02,ses-01,4,,80,20,87,7,0.459770,0.459567,0.459484,0.489958,0.778365,0.574360,0.202116
eegnet,cross_session,sub-022,,ses-02,ses-03,4,,80,20,100,7,0.500000,0.500000,0.490004,0.512400,0.961890,0.655601,0.243863
eegnet,cross_session,sub-022,,ses-02,ses-04,4,,80,20,100,7,0.820000,0.820000,0.815271,0.951600,0.442779,0.250878,0.103493
eegnet,cross_session,sub-022,,ses-02,ses-05,4,,80,20,93,7,0.526882,0.529861,0.524186,0.610648,1.379910,0.678246,0.319879
eegnet,cross_session,sub-022,,ses-03,ses-01,4,,80,20,87,1,0.505747,0.503171,0.478170,0.498414,0.693765,0.500618,0.004704
eegnet,cross_session,sub-022,,ses-03,ses-02,4,,80,20,100,1,0.570000,0.570000,0.568922,0.606400,0.687297,0.494154,0.056868
eegnet,cross_session,sub-022,,ses-03,ses-04,4,,80,20,100,1,0.500000,0.500000,0.492695,0.531200,0.692746,0.499606,0.037460
eegnet,cross_session,sub-022,,ses-03,ses-05,4,,80,20,93,1,0.451613,0.450000,0.449321,0.464352,0.695722,0.502603,0.078387
eegnet,cross_session,sub-022,,ses-04,ses-01,4,,80,20,87,33,0.482759,0.482294,0.481663,0.549683,1.448396,0.774711,0.382139
eegnet,cross_session,sub-022,,ses-04,ses-02,4,,80,20,100,33,0.580000,0.580000,0.554329,0.664800,1.820338,0.722296,0.349742
eegnet,cross_session,sub-022,,ses-04,ses-03,4,,80,20,100,33,0.510000,0.510000,0.508772,0.539200,2.266330,0.867177,0.419081
eegnet,cross_session,sub-022,,ses-04,ses-05,4,,80,20,93,33,0.548387,0.552778,0.541979,0.630093,2.630882,0.810314,0.405177
eegnet,cross_session,sub-022,,ses-05,ses-01,4,,74,19,87,1,0.517241,0.513742,0.465789,0.521670,0.692852,0.499705,0.008547
eegnet,cross_session,sub-022,,ses-05,ses-02,4,,74,19,100,1,0.570000,0.570000,0.562608,0.632000,0.687236,0.494091,0.080638
eegnet,cross_session,sub-022,,ses-05,ses-03,4,,74,19,100,1,0.500000,0.500000,0.492695,0.529200,0.691904,0.498761,0.014928
eegnet,cross_session,sub-022,,ses-05,ses-04,4,,74,19,100,1,0.620000,0.620000,0.576649,0.726400,0.679380,0.486274,0.097527
eegnet,cross_session,sub-023,,ses-01,ses-02,4,,76,20,94,6,0.553191,0.555254,0.549932,0.548913,0.706369,0.512819,0.127441
eegnet,cross_session,sub-023,,ses-01,ses-03,4,,76,20,99,6,0.676768,0.675918,0.674074,0.766122,0.592659,0.405967,0.086935
eegnet,cross_session,sub-023,,ses-01,ses-04,4,,76,20,100,6,0.710000,0.710000,0.706448,0.794400,0.615118,0.425456,0.127653
eegnet,cross_session,sub-023,,ses-01,ses-05,4,,76,20,97,6,0.597938,0.595876,0.580087,0.647109,0.683678,0.484593,0.114572
eegnet,cross_session,sub-023,,ses-02,ses-01,4,,75,19,96,5,0.500000,0.500000,0.499130,0.529080,0.789585,0.569691,0.215037
eegnet,cross_session,sub-023,,ses-02,ses-03,4,,75,19,99,5,0.434343,0.433265,0.427273,0.463673,1.077789,0.615190,0.238973
eegnet,cross_session,sub-023,,ses-02,ses-04,4,,75,19,100,5,0.800000,0.800000,0.799277,0.873200,0.526276,0.341834,0.157167
eegnet,cross_session,sub-023,,ses-02,ses-05,4,,75,19,97,5,0.649485,0.650723,0.644918,0.702381,0.676069,0.462791,0.090324
eegnet,cross_session,sub-023,,ses-03,ses-01,4,,79,20,96,26,0.562500,0.562500,0.561739,0.591797,2.075721,0.733276,0.350570
eegnet,cross_session,sub-023,,ses-03,ses-02,4,,79,20,94,26,0.457447,0.458333,0.456894,0.438406,1.218418,0.777240,0.334245
eegnet,cross_session,sub-023,,ses-03,ses-04,4,,79,20,100,26,0.480000,0.480000,0.458333,0.409200,1.156178,0.769114,0.324930
eegnet,cross_session,sub-023,,ses-03,ses-05,4,,79,20,97,26,0.422680,0.422832,0.422619,0.458333,0.974787,0.699018,0.313519
eegnet,cross_session,sub-023,,ses-04,ses-01,4,,80,20,96,53,0.593750,0.593750,0.593353,0.674479,2.810513,0.746252,0.372938
eegnet,cross_session,sub-023,,ses-04,ses-02,4,,80,20,94,53,0.574468,0.573822,0.573696,0.606884,1.592225,0.641551,0.280559
eegnet,cross_session,sub-023,,ses-04,ses-03,4,,80,20,99,53,0.575758,0.573265,0.546861,0.679184,2.108911,0.708271,0.344475
eegnet,cross_session,sub-023,,ses-04,ses-05,4,,80,20,97,53,0.742268,0.742772,0.741829,0.778912,1.297251,0.440802,0.187223
eegnet,cross_session,sub-023,,ses-05,ses-01,4,,77,20,96,20,0.489583,0.489583,0.438328,0.461806,2.154689,0.857442,0.390035
eegnet,cross_session,sub-023,,ses-05,ses-02,4,,77,20,94,20,0.659574,0.658514,0.658182,0.735054,0.744378,0.470290,0.189449
eegnet,cross_session,sub-023,,ses-05,ses-03,4,,77,20,99,20,0.444444,0.443061,0.433108,0.473878,1.495199,0.801127,0.381947
eegnet,cross_session,sub-023,,ses-05,ses-04,4,,77,20,100,20,0.660000,0.660000,0.658772,0.679200,0.845847,0.504834,0.174733
eegnet,cross_session,sub-024,,ses-01,ses-02,4,,59,15,82,1,0.512195,0.514952,0.512195,0.584330,0.687390,0.494262,0.030632
eegnet,cross_session,sub-024,,ses-01,ses-03,4,,59,15,83,1,0.457831,0.464535,0.441954,0.426163,0.705193,0.511948,0.069656
eegnet,cross_session,sub-024,,ses-01,ses-04,4,,59,15,98,1,0.540816,0.540833,0.540769,0.576250,0.682014,0.489012,0.067478
eegnet,cross_session,sub-024,,ses-01,ses-05,4,,59,15,100,1,0.490000,0.490000,0.489949,0.485600,0.694586,0.501438,0.023444
eegnet,cross_session,sub-024,,ses-02,ses-01,4,,65,17,74,11,0.567568,0.564835,0.564706,0.543590,0.783686,0.557584,0.194389
eegnet,cross_session,sub-024,,ses-02,ses-03,4,,65,17,83,11,0.614458,0.618314,0.611696,0.628488,0.746550,0.525685,0.203526
eegnet,cross_session,sub-024,,ses-02,ses-04,4,,65,17,98,11,0.489796,0.490417,0.489583,0.492500,0.832600,0.600393,0.218394
eegnet,cross_session,sub-024,,ses-02,ses-05,4,,65,17,100,11,0.550000,0.550000,0.549955,0.532400,0.775459,0.562065,0.191497
eegnet,cross_session,sub-024,,ses-03,ses-01,4,,66,17,74,1,0.621622,0.608791,0.591805,0.573626,0.692933,0.499752,0.145448
eegnet,cross_session,sub-024,,ses-03,ses-02,4,,66,17,82,1,0.512195,0.529306,0.492888,0.538278,0.691243,0.498092,0.004727
eegnet,cross_session,sub-024,,ses-03,ses-04,4,,66,17,98,1,0.530612,0.534167,0.517758,0.522083,0.692624,0.499518,0.045498
eegnet,cross_session,sub-024,,ses-03,ses-05,4,,66,17,100,1,0.480000,0.480000,0.442299,0.531200,0.691630,0.498487,0.039829
eegnet,cross_session,sub-024,,ses-04,ses-01,4,,78,20,74,1,0.635135,0.623077,0.609384,0.553846,0.693080,0.499923,0.157355
eegnet,cross_session,sub-024,,ses-04,ses-02,4,,78,20,82,1,0.536585,0.548445,0.529589,0.568780,0.690449,0.497294,0.029044
eegnet,cross_session,sub-024,,ses-04,ses-03,4,,78,20,83,1,0.542169,0.544186,0.541570,0.502907,0.697993,0.504798,0.092871
eegnet,cross_session,sub-024,,ses-04,ses-05,4,,78,20,100,1,0.470000,0.470000,0.460889,0.516800,0.692786,0.499638,0.041522
eegnet,cross_session,sub-024,,ses-05,ses-01,4,,80,20,74,1,0.513514,0.510623,0.510294,0.496703,0.699698,0.506412,0.085995
eegnet,cross_session,sub-024,,ses-05,ses-02,4,,80,20,82,1,0.573171,0.573565,0.572599,0.626196,0.681956,0.488861,0.053622
eegnet,cross_session,sub-024,,ses-05,ses-03,4,,80,20,83,1,0.554217,0.554070,0.553958,0.548256,0.690530,0.497361,0.020794
eegnet,cross_session,sub-024,,ses-05,ses-04,4,,80,20,98,1,0.510204,0.515000,0.484211,0.557917,0.688087,0.495033,0.048605
eegnet,cross_session,sub-025,,ses-01,ses-02,4,,70,18,92,1,0.565217,0.562175,0.554910,0.576832,0.683589,0.490546,0.036122
eegnet,cross_session,sub-025,,ses-01,ses-03,4,,70,18,94,1,0.521277,0.519475,0.516848,0.502717,0.694655,0.501438,0.025100
eegnet,cross_session,sub-025,,ses-01,ses-04,4,,70,18,88,1,0.465909,0.464341,0.462508,0.464599,0.703318,0.509961,0.070312
eegnet,cross_session,sub-025,,ses-01,ses-05,4,,70,18,100,1,0.550000,0.550000,0.549955,0.546400,0.691328,0.498182,0.038475
eegnet,cross_session,sub-025,,ses-02,ses-01,4,,73,19,88,9,0.522727,0.522481,0.522481,0.469251,0.771661,0.567075,0.130943
eegnet,cross_session,sub-025,,ses-02,ses-03,4,,73,19,94,9,0.510638,0.509511,0.508636,0.571105,0.717027,0.522713,0.163515
eegnet,cross_session,sub-025,,ses-02,ses-04,4,,73,19,88,9,0.465909,0.465375,0.465288,0.499225,0.800464,0.585786,0.204571
eegnet,cross_session,sub-025,,ses-02,ses-05,4,,73,19,100,9,0.450000,0.450000,0.447292,0.420000,0.749176,0.553160,0.149761
eegnet,cross_session,sub-025,,ses-03,ses-01,4,,75,19,88,1,0.397727,0.396641,0.395777,0.359690,0.698051,0.504903,0.111819
eegnet,cross_session,sub-025,,ses-03,ses-02,4,,75,19,92,1,0.586957,0.582979,0.570516,0.609929,0.686832,0.493696,0.073055
eegnet,cross_session,sub-025,,ses-03,ses-04,4,,75,19,88,1,0.454545,0.456331,0.451998,0.465116,0.696004,0.502855,0.059214
eegnet,cross_session,sub-025,,ses-03,ses-05,4,,75,19,100,1,0.560000,0.560000,0.558410,0.563200,0.691586,0.498439,0.054477
eegnet,cross_session,sub-025,,ses-04,ses-01,4,,70,18,88,1,0.363636,0.361240,0.355311,0.348320,0.698616,0.505468,0.156021
eegnet,cross_session,sub-025,,ses-04,ses-02,4,,70,18,92,1,0.565217,0.565485,0.565217,0.591962,0.687729,0.494589,0.051225
eegnet,cross_session,sub-025,,ses-04,ses-03,4,,70,18,94,1,0.521277,0.526721,0.490791,0.595109,0.690392,0.497228,0.006327
eegnet,cross_session,sub-025,,ses-04,ses-05,4,,70,18,100,1,0.540000,0.540000,0.520833,0.581200,0.691124,0.497977,0.034364
eegnet,cross_session,sub-025,,ses-05,ses-01,4,,80,20,88,1,0.363636,0.363824,0.363636,0.355556,0.705998,0.512843,0.160973
eegnet,cross_session,sub-025,,ses-05,ses-02,4,,80,20,92,1,0.489130,0.486761,0.481721,0.563593,0.686017,0.492941,0.059282
eegnet,cross_session,sub-025,,ses-05,ses-03,4,,80,20,94,1,0.510638,0.511322,0.510417,0.546196,0.691085,0.497906,0.100452
eegnet,cross_session,sub-025,,ses-05,ses-04,4,,80,20,88,1,0.488636,0.488630,0.488570,0.498708,0.702078,0.508575,0.040061
fbcnet,cross_session,sub-001,,ses-01,ses-02,0,,80,20,100,32,0.570000,0.570000,0.562608,0.551600,0.806880,0.580613,0.220536
fbcnet,cross_session,sub-001,,ses-01,ses-03,0,,80,20,99,32,0.505051,0.510000,0.352941,0.509796,3.368718,0.972827,0.488777
fbcnet,cross_session,sub-001,,ses-01,ses-04,0,,80,20,99,32,0.505051,0.500000,0.335570,0.518776,2.186024,0.937970,0.467630
fbcnet,cross_session,sub-001,,ses-01,ses-05,0,,80,20,94,32,0.510638,0.500000,0.338028,0.551630,3.294906,0.958369,0.481159
fbcnet,cross_session,sub-001,,ses-02,ses-01,0,,80,20,100,9,0.540000,0.540000,0.537037,0.541600,0.725364,0.527941,0.095469
fbcnet,cross_session,sub-001,,ses-02,ses-03,0,,80,20,99,9,0.515152,0.510204,0.357838,0.531429,0.989518,0.666067,0.280382
fbcnet,cross_session,sub-001,,ses-02,ses-04,0,,80,20,99,9,0.494949,0.500000,0.331081,0.487347,1.635826,0.874448,0.430290
fbcnet,cross_session,sub-001,,ses-02,ses-05,0,,80,20,94,9,0.457447,0.466938,0.329979,0.458786,1.215307,0.765382,0.349732
fbcnet,cross_session,sub-001,,ses-03,ses-01,0,,79,20,100,6,0.540000,0.540000,0.539263,0.556000,0.694707,0.501229,0.122119
fbcnet,cross_session,sub-001,,ses-03,ses-02,0,,79,20,100,6,0.520000,0.520000,0.510404,0.526000,0.727872,0.532663,0.160250
fbcnet,cross_session,sub-001,,ses-03,ses-04,0,,79,20,99,6,0.484848,0.485102,0.484638,0.439184,0.796238,0.590188,0.199820
fbcnet,cross_session,sub-001,,ses-03,ses-05,0,,79,20,94,6,0.457447,0.449275,0.357975,0.484601,0.860484,0.626016,0.259484
fbcnet,cross_session,sub-001,,ses-04,ses-01,0,,79,20,100,30,0.500000,0.500000,0.333333,0.530800,2.149325,0.957878,0.480639
fbcnet,cross_session,sub-001,,ses-04,ses-02,0,,79,20,100,30,0.480000,0.480000,0.340436,0.528000,1.676334,0.911135,0.457523
fbcnet,cross_session,sub-001,,ses-04,ses-03,0,,79,20,99,30,0.474747,0.474490,0.474265,0.457551,1.012530,0.699730,0.277650
fbcnet,cross_session,sub-001,,ses-04,ses-05,0,,79,20,94,30,0.542553,0.536685,0.501419,0.600091,1.491930,0.668650,0.311999
fbcnet,cross_session,sub-001,,ses-05,ses-01,0,,75,19,100,28,0.490000,0.490000,0.409107,0.562000,0.809168,0.592698,0.219751
fbcnet,cross_session,sub-001,,ses-05,ses-02,0,,75,19,100,28,0.480000,0.480000,0.474747,0.467200,0.934273,0.668518,0.242895
fbcnet,cross_session,sub-001,,ses-05,ses-03,0,,75,19,99,28,0.505051,0.508776,0.429630,0.539592,0.907769,0.630252,0.234693
fbcnet,cross_session,sub-001,,ses-05,ses-04,0,,75,19,99,28,0.545455,0.545714,0.545269,0.526122,0.813306,0.579334,0.187199
fbcnet,cross_session,sub-002,,ses-01,ses-02,0,,73,19,95,26,0.452632,0.454566,0.434524,0.462323,0.973587,0.688237,0.293100
fbcnet,cross_session,sub-002,,ses-01,ses-03,0,,73,19,100,26,0.470000,0.496387,0.362904,0.445604,0.950471,0.694331,0.287499
fbcnet,cross_session,sub-002,,ses-01,ses-04,0,,73,19,100,26,0.560000,0.560000,0.494485,0.584000,0.798031,0.566444,0.168360
fbcnet,cross_session,sub-002,,ses-01,ses-05,0,,73,19,95,26,0.463158,0.474268,0.394451,0.421473,0.976066,0.696844,0.281540
fbcnet,cross_session,sub-002,,ses-02,ses-01,0,,76,19,92,11,0.456522,0.456522,0.439571,0.465028,0.869447,0.580679,0.182818
fbcnet,cross_session,sub-002,,ses-02,ses-03,0,,76,19,100,11,0.480000,0.478121,0.478121,0.438780,0.765344,0.565477,0.168808
fbcnet,cross_session,sub-002,,ses-02,ses-04,0,,76,19,100,11,0.530000,0.530000,0.524243,0.571200,0.706946,0.512737,0.123882
fbcnet,cross_session,sub-002,,ses-02,ses-05,0,,76,19,95,11,0.505263,0.509095,0.499720,0.503993,0.753647,0.551030,0.128067
fbcnet,cross_session,sub-002,,ses-03,ses-01,0,,80,20,92,25,0.489130,0.489130,0.448399,0.489603,1.007906,0.692048,0.286623
fbcnet,cross_session,sub-002,,ses-03,ses-02,0,,80,20,95,25,0.463158,0.466755,0.394451,0.440603,1.226236,0.749495,0.328987
fbcnet,cross_session,sub-002,,ses-03,ses-04,0,,80,20,100,25,0.480000,0.480000,0.380952,0.420400,0.996084,0.695483,0.277322
fbcnet,cross_session,sub-002,,ses-03,ses-05,0,,80,20,95,25,0.484211,0.495342,0.418198,0.543922,0.890641,0.646006,0.266608
fbcnet,cross_session,sub-002,,ses-04,ses-01,0,,80,20,92,100,0.565217,0.565217,0.554910,0.572779,1.316288,0.669174,0.287854
fbcnet,cross_session,sub-002,,ses-04,ses-02,0,,80,20,95,100,0.578947,0.577793,0.573226,0.566489,1.527484,0.726240,0.343265
fbcnet,cross_session,sub-002,,ses-04,ses-03,0,,80,20,100,100,0.460000,0.477318,0.420849,0.492975,2.038096,0.925180,0.453807
fbcnet,cross_session,sub-002,,ses-04,ses-05,0,,80,20,95,100,0.515789,0.527285,0.449345,0.519077,2.005709,0.811204,0.387627
fbcnet,cross_session,sub-002,,ses-05,ses-01,0,,76,19,92,1,0.510870,0.510870,0.483984,0.484877,1.059675,0.661187,0.253441
fbcnet,cross_session,sub-002,,ses-05,ses-02,0,,76,19,95,1,0.515789,0.520168,0.417644,0.521720,1.049567,0.698216,0.300333
fbcnet,cross_session,sub-002,,ses-05,ses-03,0,,76,19,100,1,0.450000,0.478723,0.310345,0.458450,0.979231,0.723512,0.364962
fbcnet,cross_session,sub-002,,ses-05,ses-04,0,,76,19,100,1,0.490000,0.490000,0.418803,0.541200,0.793490,0.584396,0.205575
fbcnet,cross_session,sub-003,,ses-01,ses-02,0,,73,19,100,25,0.450000,0.450000,0.449505,0.414800,1.375853,0.847378,0.384493
fbcnet,cross_session,sub-003,,ses-01,ses-03,0,,73,19,92,25,0.532609,0.522695,0.401965,0.451064,2.058892,0.856658,0.444890
fbcnet,cross_session,sub-003,,ses-01,ses-04,0,,73,19,100,25,0.470000,0.470000,0.349773,0.554400,0.946312,0.671181,0.311175
fbcnet,cross_session,sub-003,,ses-01,ses-05,0,,73,19,100,25,0.500000,0.500000,0.333333,0.392000,2.204037,0.965698,0.481380
fbcnet,cross_session,sub-003,,ses-02,ses-01,0,,80,20,92,45,0.445652,0.429924,0.351844,0.437027,1.039650,0.707507,0.317566
fbcnet,cross_session,sub-003,,ses-02,ses-03,0,,80,20,92,45,0.489130,0.498582,0.377214,0.490780,1.863216,0.911765,0.451147
fbcnet,cross_session,sub-003,,ses-02,ses-04,0,,80,20,100,45,0.500000,0.500000,0.333333,0.443200,1.414108,0.834189,0.407233
fbcnet,cross_session,sub-003,,ses-02,ses-05,0,,80,20,100,45,0.500000,0.500000,0.333333,0.607200,1.765455,0.900099,0.455539
fbcnet,cross_session,sub-003,,ses-03,ses-01,0,,73,19,92,25,0.521739,0.505682,0.435268,0.498580,0.781242,0.569073,0.173441
fbcnet,cross_session,sub-003,,ses-03,ses-02,0,,73,19,100,25,0.460000,0.460000,0.458049,0.416400,0.786186,0.583085,0.195714
fbcnet,cross_session,sub-003,,ses-03,ses-04,0,,73,19,100,25,0.610000,0.610000,0.606815,0.569600,0.695502,0.499830,0.116292
fbcnet,cross_session,sub-003,,ses-03,ses-05,0,,73,19,100,25,0.450000,0.450000,0.325236,0.320400,0.840730,0.630428,0.291968
fbcnet,cross_session,sub-003,,ses-04,ses-01,0,,80,20,92,24,0.554348,0.566288,0.524638,0.525568,1.296164,0.693663,0.296231
fbcnet,cross_session,sub-003,,ses-04,ses-02,0,,80,20,100,24,0.460000,0.460000,0.445813,0.468400,0.951806,0.662409,0.260221
fbcnet,cross_session,sub-003,,ses-04,ses-03,0,,80,20,92,24,0.565217,0.573050,0.505376,0.530024,1.416726,0.735242,0.315985
fbcnet,cross_session,sub-003,,ses-04,ses-05,0,,80,20,100,24,0.500000,0.500000,0.333333,0.482800,2.521443,0.975364,0.484698
fbcnet,cross_session,sub-003,,ses-05,ses-01,0,,80,20,92,5,0.532609,0.517045,0.453516,0.577178,0.821030,0.569599,0.189391
fbcnet,cross_session,sub-003,,ses-05,ses-02,0,,80,20,100,5,0.520000,0.520000,0.417193,0.603200,0.780573,0.567383,0.190575
fbcnet,cross_session,sub-003,,ses-05,ses-03,0,,80,20,92,5,0.423913,0.432861,0.312755,0.436407,1.227543,0.806964,0.390693
fbcnet,cross_session,sub-003,,ses-05,ses-04,0,,80,20,100,5,0.510000,0.510000,0.441595,0.481200,0.800029,0.585948,0.170181
fbcnet,cross_session,sub-004,,ses-01,ses-02,0,,69,18,97,6,0.453608,0.449192,0.327534,0.477041,0.844666,0.616925,0.245775
fbcnet,cross_session,sub-004,,ses-01,ses-03,0,,69,18,91,6,0.560440,0.538517,0.461538,0.591570,0.826712,0.570363,0.180081
fbcnet,cross_session,sub-004,,ses-01,ses-04,0,,69,18,100,6,0.500000,0.500000,0.486864,0.486800,0.742802,0.538188,0.139462
fbcnet,cross_session,sub-004,,ses-01,ses-05,0,,69,18,100,6,0.470000,0.470000,0.457801,0.546000,0.701355,0.507725,0.138785
fbcnet,cross_session,sub-004,,ses-02,ses-01,0,,77,20,87,21,0.540230,0.536734,0.491228,0.439218,0.859095,0.602387,0.205501
fbcnet,cross_session,sub-004,,ses-02,ses-03,0,,77,20,91,21,0.549451,0.548692,0.548578,0.586240,0.733443,0.531855,0.162285
fbcnet,cross_session,sub-004,,ses-02,ses-04,0,,77,20,100,21,0.460000,0.460000,0.456522,0.466800,0.768884,0.565764,0.162011
fbcnet,cross_session,sub-004,,ses-02,ses-05,0,,77,20,100,21,0.650000,0.650000,0.639584,0.675600,0.651626,0.459347,0.116446
fbcnet,cross_session,sub-004,,ses-03,ses-01,0,,72,19,87,27,0.471264,0.471195,0.471195,0.457188,0.985580,0.683346,0.255890
fbcnet,cross_session,sub-004,,ses-03,ses-02,0,,72,19,97,27,0.546392,0.546556,0.546344,0.571854,0.787347,0.544326,0.167212
fbcnet,cross_session,sub-004,,ses-03,ses-04,0,,72,19,100,27,0.500000,0.500000,0.404762,0.510000,0.785748,0.576008,0.168521
fbcnet,cross_session,sub-004,,ses-03,ses-05,0,,72,19,100,27,0.560000,0.560000,0.454365,0.714400,0.794370,0.561752,0.207382
fbcnet,cross_session,sub-004,,ses-04,ses-01,0,,80,20,87,11,0.505747,0.500000,0.335878,0.540169,1.345658,0.793580,0.380262
fbcnet,cross_session,sub-004,,ses-04,ses-02,0,,80,20,97,11,0.515464,0.511692,0.438062,0.500425,0.942040,0.639933,0.248656
fbcnet,cross_session,sub-004,,ses-04,ses-03,0,,80,20,91,11,0.549451,0.523256,0.394809,0.602229,1.546258,0.800820,0.399991
fbcnet,cross_session,sub-004,,ses-04,ses-05,0,,80,20,100,11,0.490000,0.490000,0.456000,0.541600,0.807359,0.587895,0.258521
fbcnet,cross_session,sub-004,,ses-05,ses-01,0,,80,20,87,24,0.505747,0.500000,0.335878,0.465645,5.648625,0.988276,0.494121
fbcnet,cross_session,sub-004,,ses-05,ses-02,0,,80,20,97,24,0.505155,0.500000,0.335616,0.553997,2.519412,0.896587,0.450665
fbcnet,cross_session,sub-004,,ses-05,ses-03,0,,80,20,91,24,0.527473,0.500000,0.345324,0.548450,4.406156,0.922123,0.460474
fbcnet,cross_session,sub-004,,ses-05,ses-04,0,,80,20,100,24,0.500000,0.500000,0.333333,0.526000,2.365048,0.957420,0.479305
fbcnet,cross_session,sub-005,,ses-01,ses-02,0,,75,19,100,1,0.490000,0.490000,0.449898,0.458000,0.784014,0.575195,0.146638
fbcnet,cross_session,sub-005,,ses-01,ses-03,0,,75,19,93,1,0.559140,0.562211,0.521761,0.467160,0.764000,0.557859,0.150599
fbcnet,cross_session,sub-005,,ses-01,ses-04,0,,75,19,99,1,0.454545,0.455918,0.444975,0.452653,0.737887,0.541778,0.135904
fbcnet,cross_session,sub-005,,ses-01,ses-05,0,,75,19,89,1,0.449438,0.449949,0.449438,0.441860,0.757128,0.559157,0.172886
fbcnet,cross_session,sub-005,,ses-02,ses-01,0,,80,20,94,61,0.542553,0.529478,0.486730,0.604535,1.254305,0.696260,0.329128
fbcnet,cross_session,sub-005,,ses-02,ses-03,0,,80,20,93,61,0.494624,0.499537,0.365142,0.449584,3.190451,0.940689,0.486295
fbcnet,cross_session,sub-005,,ses-02,ses-04,0,,80,20,99,61,0.474747,0.470000,0.321918,0.497143,3.568719,0.959328,0.485693
fbcnet,cross_session,sub-005,,ses-02,ses-05,0,,80,20,89,61,0.516854,0.500000,0.340741,0.536653,4.375621,0.935204,0.479246
fbcnet,cross_session,sub-005,,ses-03,ses-01,0,,74,19,94,6,0.489362,0.509297,0.361991,0.536961,0.918177,0.678068,0.308366
fbcnet,cross_session,sub-005,,ses-03,ses-02,0,,74,19,100,6,0.500000,0.500000,0.457465,0.380000,0.802822,0.597272,0.203119
fbcnet,cross_session,sub-005,,ses-03,ses-04,0,,74,19,99,6,0.484848,0.488571,0.406349,0.454694,0.768436,0.565713,0.152873
fbcnet,cross_session,sub-005,,ses-03,ses-05,0,,74,19,89,6,0.471910,0.471689,0.471643,0.444388,0.747238,0.551276,0.183183
fbcnet,cross_session,sub-005,,ses-04,ses-01,0,,79,20,94,3,0.510638,0.517914,0.499537,0.587302,0.791496,0.527316,0.153974
fbcnet,cross_session,sub-005,,ses-04,ses-02,0,,79,20,100,3,0.420000,0.420000,0.400579,0.404800,0.816297,0.607131,0.219198
fbcnet,cross_session,sub-005,,ses-04,ses-03,0,,79,20,93,3,0.516129,0.521277,0.376583,0.502775,0.932026,0.660969,0.290700
fbcnet,cross_session,sub-005,,ses-04,ses-05,0,,79,20,89,3,0.494382,0.484328,0.438840,0.460061,0.849927,0.625115,0.230035
fbcnet,cross_session,sub-005,,ses-05,ses-01,0,,71,18,94,3,0.510638,0.524263,0.462991,0.549660,0.805046,0.560763,0.145718
fbcnet,cross_session,sub-005,,ses-05,ses-02,0,,71,18,100,3,0.520000,0.520000,0.391172,0.583200,0.850073,0.610540,0.233419
fbcnet,cross_session,sub-005,,ses-05,ses-03,0,,71,18,93,3,0.505376,0.509713,0.412363,0.537003,0.919219,0.663427,0.290688
fbcnet,cross_session,sub-005,,ses-05,ses-04,0,,71,18,99,3,0.464646,0.466327,0.450288,0.445714,0.775271,0.572993,0.180534
fbcnet,cross_session,sub-006,,ses-01,ses-02,0,,74,19,94,95,0.510638,0.517663,0.455141,0.470562,1.767881,0.851108,0.403573
fbcnet,cross_session,sub-006,,ses-01,ses-03,0,,74,19,95,95,0.463158,0.467642,0.347475,0.527926,1.276267,0.775681,0.371733
fbcnet,cross_session,sub-006,,ses-01,ses-04,0,,74,19,92,95,0.510870,0.500946,0.374150,0.500709,1.868392,0.822247,0.393589
fbcnet,cross_session,sub-006,,ses-01,ses-05,0,,74,19,95,95,0.505263,0.517081,0.432584,0.534605,1.496570,0.703754,0.298218
fbcnet,cross_session,sub-006,,ses-02,ses-01,0,,75,19,93,83,0.440860,0.450694,0.389394,0.510648,2.788106,0.969954,0.491240
fbcnet,cross_session,sub-006,,ses-02,ses-03,0,,75,19,95,83,0.494737,0.491578,0.442815,0.459220,1.538598,0.789768,0.346940
fbcnet,cross_session,sub-006,,ses-02,ses-04,0,,75,19,92,83,0.532609,0.527423,0.501449,0.539007,1.198701,0.678199,0.297758
fbcnet,cross_session,sub-006,,ses-02,ses-05,0,,75,19,95,83,0.536842,0.524401,0.442964,0.518634,2.185491,0.777496,0.348866
fbcnet,cross_session,sub-006,,ses-03,ses-01,0,,76,19,93,3,0.483871,0.480556,0.476548,0.502315,0.753749,0.546988,0.150532
fbcnet,cross_session,sub-006,,ses-03,ses-02,0,,76,19,94,3,0.489362,0.497736,0.401592,0.484149,0.976334,0.694836,0.296813
fbcnet,cross_session,sub-006,,ses-03,ses-04,0,,76,19,92,3,0.510870,0.509456,0.508021,0.482742,0.757976,0.547369,0.129288
fbcnet,cross_session,sub-006,,ses-03,ses-05,0,,76,19,95,3,0.494737,0.490240,0.481818,0.446761,0.820816,0.603913,0.201435
fbcnet,cross_session,sub-006,,ses-04,ses-01,0,,73,19,93,52,0.526882,0.511806,0.382246,0.538426,3.229688,0.923936,0.469109
fbcnet,cross_session,sub-006,,ses-04,ses-02,0,,73,19,94,52,0.489362,0.495471,0.447059,0.501812,3.004239,1.000617,0.506996
fbcnet,cross_session,sub-006,,ses-04,ses-03,0,,73,19,95,52,0.484211,0.489362,0.326241,0.606826,4.575481,0.982973,0.498317
fbcnet,cross_session,sub-006,,ses-04,ses-05,0,,73,19,95,52,0.473684,0.464508,0.419599,0.518190,2.642581,0.942072,0.486744
fbcnet,cross_session,sub-006,,ses-05,ses-01,0,,76,19,93,33,0.451613,0.463889,0.367009,0.455093,0.888649,0.650021,0.245077
fbcnet,cross_session,sub-006,,ses-05,ses-02,0,,76,19,94,33,0.563830,0.568388,0.545251,0.591033,0.736407,0.528898,0.136901
fbcnet,cross_session,sub-006,,ses-05,ses-03,0,,76,19,95,33,0.410526,0.410683,0.410461,0.377660,0.939492,0.678496,0.256029
fbcnet,cross_session,sub-006,,ses-05,ses-04,0,,76,19,92,33,0.532609,0.528842,0.516086,0.548463,0.832969,0.598746,0.262002
fbcnet,cross_session,sub-007,,ses-01,ses-02,0,,80,20,100,10,0.570000,0.570000,0.560102,0.582000,0.743902,0.529510,0.122844
fbcnet,cross_session,sub-007,,ses-01,ses-03,0,,80,20,96,10,0.510417,0.510417,0.425003,0.600260,0.968742,0.635068,0.261510
fbcnet,cross_session,sub-007,,ses-01,ses-04,0,,80,20,92,10,0.478261,0.478261,0.406452,0.467391,0.993766,0.692440,0.292338
fbcnet,cross_session,sub-007,,ses-01,ses-05,0,,80,20,100,10,0.490000,0.490000,0.328859,0.606800,0.907528,0.641534,0.286896
fbcnet,cross_session,sub-007,,ses-02,ses-01,0,,80,20,100,46,0.530000,0.530000,0.486844,0.606000,0.794153,0.580601,0.238343
fbcnet,cross_session,sub-007,,ses-02,ses-03,0,,80,20,96,46,0.468750,0.468750,0.464039,0.516059,0.904394,0.624563,0.240634
fbcnet,cross_session,sub-007,,ses-02,ses-04,0,,80,20,92,46,0.456522,0.456522,0.344729,0.515123,1.159640,0.752400,0.366527
fbcnet,cross_session,sub-007,,ses-02,ses-05,0,,80,20,100,46,0.560000,0.560000,0.502488,0.614800,0.813299,0.574469,0.207317
fbcnet,cross_session,sub-007,,ses-03,ses-01,0,,76,20,100,10,0.620000,0.620000,0.618627,0.611600,0.681432,0.488029,0.085337
fbcnet,cross_session,sub-007,,ses-03,ses-02,0,,76,20,100,10,0.500000,0.500000,0.415615,0.495600,0.908217,0.638957,0.262282
fbcnet,cross_session,sub-007,,ses-03,ses-04,0,,76,20,92,10,0.500000,0.500000,0.480098,0.477788,0.839972,0.606485,0.192827
fbcnet,cross_session,sub-007,,ses-03,ses-05,0,,76,20,100,10,0.520000,0.520000,0.465241,0.466800,0.821508,0.598570,0.183814
fbcnet,cross_session,sub-007,,ses-04,ses-01,0,,73,19,100,4,0.500000,0.500000,0.350312,0.512000,0.773758,0.566931,0.165529
fbcnet,cross_session,sub-007,,ses-04,ses-02,0,,73,19,100,4,0.510000,0.510000,0.398847,0.604400,0.725714,0.530703,0.177541
fbcnet,cross_session,sub-007,,ses-04,ses-03,0,,73,19,96,4,0.479167,0.479167,0.404467,0.485243,0.733683,0.537123,0.139197
fbcnet,cross_session,sub-007,,ses-04,ses-05,0,,73,19,100,4,0.520000,0.520000,0.404762,0.531200,0.830511,0.605859,0.259115
fbcnet,cross_session,sub-007,,ses-05,ses-01,0,,80,20,100,20,0.520000,0.520000,0.404762,0.637600,0.872614,0.623270,0.263014
fbcnet,cross_session,sub-007,,ses-05,ses-02,0,,80,20,100,20,0.520000,0.520000,0.519231,0.570800,0.762836,0.545928,0.187411
fbcnet,cross_session,sub-007,,ses-05,ses-03,0,,80,20,96,20,0.541667,0.541667,0.499051,0.531684,0.927260,0.641681,0.243122
fbcnet,cross_session,sub-007,,ses-05,ses-04,0,,80,20,92,20,0.500000,0.500000,0.431183,0.623346,1.375386,0.746760,0.367685
fbcnet,cross_session,sub-008,,ses-01,ses-02,0,,80,20,94,37,0.500000,0.500000,0.333333,0.468764,9.028543,0.999986,0.499994
fbcnet,cross_session,sub-008,,ses-01,ses-03,0,,80,20,89,37,0.494382,0.500000,0.330827,0.506818,8.852036,1.011235,0.505618
fbcnet,cross_session,sub-008,,ses-01,ses-04,0,,80,20,96,37,0.500000,0.500000,0.333333,0.578125,3.124179,0.987773,0.494380
fbcnet,cross_session,sub-008,,ses-01,ses-05,0,,80,20,100,37,0.500000,0.500000,0.333333,0.559600,2.854323,0.967995,0.490501
fbcnet,cross_session,sub-008,,ses-02,ses-01,0,,75,19,100,10,0.500000,0.500000,0.333333,0.441200,0.923406,0.681957,0.302944
fbcnet,cross_session,sub-008,,ses-02,ses-03,0,,75,19,89,10,0.528090,0.524242,0.462931,0.550505,0.784954,0.568912,0.156163
fbcnet,cross_session,sub-008,,ses-02,ses-04,0,,75,19,96,10,0.510417,0.510417,0.356072,0.532552,0.840378,0.618102,0.264482
fbcnet,cross_session,sub-008,,ses-02,ses-05,0,,75,19,100,10,0.510000,0.510000,0.355178,0.462400,0.782106,0.579791,0.223452
fbcnet,cross_session,sub-008,,ses-03,ses-01,0,,71,18,100,15,0.500000,0.500000,0.333333,0.523600,1.582671,0.897920,0.448705
fbcnet,cross_session,sub-008,,ses-03,ses-02,0,,71,18,94,15,0.510638,0.510638,0.505037,0.486646,0.974580,0.624490,0.211575
fbcnet,cross_session,sub-008,,ses-03,ses-04,0,,71,18,96,15,0.500000,0.500000,0.333333,0.567274,1.152703,0.778438,0.377559
fbcnet,cross_session,sub-008,,ses-03,ses-05,0,,71,18,100,15,0.500000,0.500000,0.333333,0.452800,1.585800,0.910858,0.450554
fbcnet,cross_session,sub-008,,ses-04,ses-01,0,,76,20,100,11,0.480000,0.480000,0.448217,0.522800,0.798643,0.590924,0.209534
fbcnet,cross_session,sub-008,,ses-04,ses-02,0,,76,20,94,11,0.542553,0.542553,0.540002,0.486646,0.862545,0.605991,0.236824
fbcnet,cross_session,sub-008,,ses-04,ses-03,0,,76,20,89,11,0.438202,0.441414,0.390077,0.423232,0.836392,0.624921,0.270999
fbcnet,cross_session,sub-008,,ses-04,ses-05,0,,76,20,100,11,0.560000,0.560000,0.558410,0.574400,0.711904,0.513901,0.137539
fbcnet,cross_session,sub-008,,ses-05,ses-01,0,,80,20,100,3,0.530000,0.530000,0.423384,0.479600,0.833531,0.605019,0.200454
fbcnet,cross_session,sub-008,,ses-05,ses-02,0,,80,20,94,3,0.500000,0.500000,0.351343,0.468990,1.309911,0.775147,0.366146
fbcnet,cross_session,sub-008,,ses-05,ses-03,0,,80,20,89,3,0.494382,0.500000,0.330827,0.453535,0.979000,0.707938,0.309219
fbcnet,cross_session,sub-008,,ses-05,ses-04,0,,80,20,96,3,0.572917,0.572917,0.571755,0.573351,0.701217,0.505522,0.066513
fbcnet,cross_session,sub-009,,ses-01,ses-02,0,,78,20,100,4,0.490000,0.490000,0.328859,0.509200,0.839411,0.621928,0.246483
fbcnet,cross_session,sub-009,,ses-01,ses-03,0,,78,20,100,4,0.500000,0.500000,0.333333,0.494000,1.067291,0.742187,0.343222
fbcnet,cross_session,sub-009,,ses-01,ses-04,0,,78,20,96,4,0.489583,0.501304,0.452450,0.486957,0.868943,0.637725,0.233250
fbcnet,cross_session,sub-009,,ses-01,ses-05,0,,78,20,99,4,0.474747,0.476531,0.458789,0.444082,0.848607,0.620328,0.222053
fbcnet,cross_session,sub-009,,ses-02,ses-01,0,,80,20,98,9,0.510204,0.500000,0.337838,0.543333,1.662390,0.857715,0.426273
fbcnet,cross_session,sub-009,,ses-02,ses-03,0,,80,20,100,9,0.510000,0.510000,0.441595,0.477600,1.459346,0.814776,0.385741
fbcnet,cross_session,sub-009,,ses-02,ses-04,0,,80,20,96,9,0.500000,0.496522,0.494515,0.500217,1.463304,0.677335,0.285836
fbcnet,cross_session,sub-009,,ses-02,ses-05,0,,80,20,99,9,0.494949,0.500000,0.331081,0.440408,2.669580,0.987406,0.495519
fbcnet,cross_session,sub-009,,ses-03,ses-01,0,,80,20,98,26,0.520408,0.530000,0.392268,0.556667,1.419589,0.801521,0.398888
fbcnet,cross_session,sub-009,,ses-03,ses-02,0,,80,20,100,26,0.480000,0.480000,0.453552,0.435200,0.837004,0.615147,0.213893
fbcnet,cross_session,sub-009,,ses-03,ses-04,0,,80,20,96,26,0.437500,0.446957,0.411978,0.473043,1.264338,0.716647,0.306970
fbcnet,cross_session,sub-009,,ses-03,ses-05,0,,80,20,99,26,0.454545,0.452245,0.423425,0.439592,0.871628,0.638218,0.243252
fbcnet,cross_session,sub-009,,ses-04,ses-01,0,,76,20,98,6,0.500000,0.492500,0.416879,0.521667,0.746191,0.547577,0.152346
fbcnet,cross_session,sub-009,,ses-04,ses-02,0,,76,20,100,6,0.500000,0.500000,0.442959,0.501600,0.728298,0.532854,0.139869
fbcnet,cross_session,sub-009,,ses-04,ses-03,0,,76,20,100,6,0.470000,0.470000,0.349773,0.486400,0.755874,0.558202,0.169977
fbcnet,cross_session,sub-009,,ses-04,ses-05,0,,76,20,99,6,0.515152,0.519592,0.402414,0.444490,0.894995,0.649203,0.214378
fbcnet,cross_session,sub-009,,ses-05,ses-01,0,,79,20,98,43,0.479592,0.473333,0.421729,0.551250,1.481694,0.825835,0.420456
fbcnet,cross_session,sub-009,,ses-05,ses-02,0,,79,20,100,43,0.500000,0.500000,0.333333,0.488000,3.308234,0.993879,0.497296
fbcnet,cross_session,sub-009,,ses-05,ses-03,0,,79,20,100,43,0.500000,0.500000,0.333333,0.449400,4.930050,0.999660,0.499790
fbcnet,cross_session,sub-009,,ses-05,ses-04,0,,79,20,96,43,0.531250,0.511739,0.383474,0.501304,3.407342,0.925473,0.465323
fbcnet,cross_session,sub-010,,ses-01,ses-02,0,,71,18,94,5,0.521277,0.521277,0.516848,0.515165,1.956431,0.867772,0.418238
fbcnet,cross_session,sub-010,,ses-01,ses-03,0,,71,18,100,5,0.540000,0.540000,0.533279,0.549200,0.862408,0.603044,0.207225
fbcnet,cross_session,sub-010,,ses-01,ses-04,0,,71,18,100,5,0.500000,0.500000,0.333333,0.507600,1.874554,0.946639,0.473572
fbcnet,cross_session,sub-010,,ses-01,ses-05,0,,71,18,97,5,0.525773,0.525298,0.524510,0.539541,1.452794,0.694816,0.304535
fbcnet,cross_session,sub-010,,ses-02,ses-01,0,,75,19,89,5,0.483146,0.469666,0.375153,0.478261,0.749708,0.551643,0.163519
fbcnet,cross_session,sub-010,,ses-02,ses-03,0,,75,19,100,5,0.500000,0.500000,0.379960,0.616000,0.736984,0.537405,0.167314
fbcnet,cross_session,sub-010,,ses-02,ses-04,0,,75,19,100,5,0.440000,0.440000,0.392361,0.557200,0.713451,0.519621,0.168326
fbcnet,cross_session,sub-010,,ses-02,ses-05,0,,75,19,97,5,0.536082,0.538690,0.505830,0.589711,0.776317,0.522049,0.153427
fbcnet,cross_session,sub-010,,ses-03,ses-01,0,,80,20,89,28,0.483146,0.491658,0.452674,0.503539,0.949529,0.660441,0.251149
fbcnet,cross_session,sub-010,,ses-03,ses-02,0,,80,20,94,28,0.595745,0.595745,0.586574,0.585785,1.024504,0.600579,0.245855
fbcnet,cross_session,sub-010,,ses-03,ses-04,0,,80,20,100,28,0.550000,0.550000,0.487179,0.668400,0.798283,0.558295,0.211510
fbcnet,cross_session,sub-010,,ses-03,ses-05,0,,80,20,97,28,0.608247,0.605655,0.580373,0.592687,1.091495,0.584513,0.231012
fbcnet,cross_session,sub-010,,ses-04,ses-01,0,,80,20,89,8,0.505618,0.494439,0.437356,0.446411,0.837905,0.610979,0.203986
fbcnet,cross_session,sub-010,,ses-04,ses-02,0,,80,20,94,8,0.510638,0.510638,0.508636,0.583522,1.195390,0.667017,0.289811
fbcnet,cross_session,sub-010,,ses-04,ses-03,0,,80,20,100,8,0.500000,0.500000,0.333333,0.544000,1.992358,0.930676,0.466611
fbcnet,cross_session,sub-010,,ses-04,ses-05,0,,80,20,97,8,0.525773,0.530400,0.409788,0.551446,1.806145,0.781169,0.353482
fbcnet,cross_session,sub-010,,ses-05,ses-01,0,,77,20,89,12,0.528090,0.516178,0.452869,0.432255,0.746257,0.548835,0.182830
fbcnet,cross_session,sub-010,,ses-05,ses-02,0,,77,20,94,12,0.478723,0.478723,0.461097,0.499321,0.724335,0.527502,0.135461
fbcnet,cross_session,sub-010,,ses-05,ses-03,0,,77,20,100,12,0.570000,0.570000,0.530516,0.530800,0.705606,0.510629,0.098017
fbcnet,cross_session,sub-010,,ses-05,ses-04,0,,77,20,100,12,0.470000,0.470000,0.335423,0.510800,0.764801,0.564626,0.188075
fbcnet,cross_session,sub-011,,ses-01,ses-02,0,,80,20,94,15,0.436170,0.435601,0.435595,0.409977,1.279412,0.811370,0.378818
fbcnet,cross_session,sub-011,,ses-01,ses-03,0,,80,20,100,15,0.600000,0.600000,0.565972,0.586400,0.879399,0.604771,0.239149
fbcnet,cross_session,sub-011,,ses-01,ses-04,0,,80,20,100,15,0.470000,0.470000,0.374926,0.494000,0.999964,0.708033,0.319471
fbcnet,cross_session,sub-011,,ses-01,ses-05,0,,80,20,100,15,0.550000,0.550000,0.502157,0.533600,0.817486,0.586811,0.217635
fbcnet,cross_session,sub-011,,ses-02,ses-01,0,,75,19,100,15,0.500000,0.500000,0.333333,0.509200,1.789517,0.935437,0.467613
fbcnet,cross_session,sub-011,,ses-02,ses-03,0,,75,19,100,15,0.560000,0.560000,0.454365,0.562800,0.775249,0.559932,0.164788
fbcnet,cross_session,sub-011,,ses-02,ses-04,0,,75,19,100,15,0.500000,0.500000,0.333333,0.621600,1.123119,0.780388,0.385915
fbcnet,cross_session,sub-011,,ses-02,ses-05,0,,75,19,100,15,0.500000,0.500000,0.333333,0.552400,1.549471,0.893271,0.446359
fbcnet,cross_session,sub-011,,ses-03,ses-01,0,,80,20,100,4,0.570000,0.570000,0.517450,0.613600,0.710235,0.512364,0.104963
fbcnet,cross_session,sub-011,,ses-03,ses-02,0,,80,20,94,4,0.489362,0.500227,0.459770,0.450794,0.864227,0.629374,0.207918
fbcnet,cross_session,sub-011,,ses-03,ses-04,0,,80,20,100,4,0.570000,0.570000,0.567883,0.568400,0.691252,0.498010,0.037812
fbcnet,cross_session,sub-011,,ses-03,ses-05,0,,80,20,100,4,0.530000,0.530000,0.423384,0.491600,0.805618,0.589315,0.180447
fbcnet,cross_session,sub-011,,ses-04,ses-01,0,,80,20,100,10,0.500000,0.500000,0.333333,0.528800,2.181514,0.963966,0.483594
fbcnet,cross_session,sub-011,,ses-04,ses-02,0,,80,20,94,10,0.531915,0.531973,0.531703,0.524717,0.988723,0.634435,0.231050
fbcnet,cross_session,sub-011,,ses-04,ses-03,0,,80,20,100,10,0.490000,0.490000,0.386946,0.467200,0.917087,0.658847,0.259875
fbcnet,cross_session,sub-011,,ses-04,ses-05,0,,80,20,100,10,0.500000,0.500000,0.333333,0.487200,1.402430,0.849453,0.415939
fbcnet,cross_session,sub-011,,ses-05,ses-01,0,,80,20,100,4,0.500000,0.500000,0.333333,0.594400,0.954307,0.689609,0.319752
fbcnet,cross_session,sub-011,,ses-05,ses-02,0,,80,20,94,4,0.478723,0.499093,0.340776,0.486168,1.270143,0.806228,0.389229
fbcnet,cross_session,sub-011,,ses-05,ses-03,0,,80,20,100,4,0.500000,0.500000,0.350312,0.530000,1.133833,0.781350,0.393870
fbcnet,cross_session,sub-011,,ses-05,ses-04,0,,80,20,100,4,0.500000,0.500000,0.350312,0.546000,0.909272,0.653876,0.280955
fbcnet,cross_session,sub-012,,ses-01,ses-02,0,,80,20,91,13,0.483516,0.481643,0.467040,0.531401,0.855351,0.603545,0.227606
fbcnet,cross_session,sub-012,,ses-01,ses-03,0,,80,20,97,13,0.587629,0.590774,0.547152,0.612245,0.787201,0.548012,0.157341
fbcnet,cross_session,sub-012,,ses-01,ses-04,0,,80,20,87,13,0.528736,0.541270,0.465137,0.528571,1.222231,0.682238,0.289745
fbcnet,cross_session,sub-012,,ses-01,ses-05,0,,80,20,83,13,0.578313,0.556147,0.552319,0.598700,0.785533,0.543057,0.215308
fbcnet,cross_session,sub-012,,ses-02,ses-01,0,,72,19,100,27,0.470000,0.470000,0.405229,0.406400,1.047027,0.720589,0.304984
fbcnet,cross_session,sub-012,,ses-02,ses-03,0,,72,19,97,27,0.525773,0.526786,0.521655,0.545068,0.825985,0.571699,0.192863
fbcnet,cross_session,sub-012,,ses-02,ses-04,0,,72,19,87,27,0.471264,0.488095,0.320312,0.507407,1.429930,0.811296,0.392490
fbcnet,cross_session,sub-012,,ses-02,ses-05,0,,72,19,83,27,0.578313,0.530142,0.480601,0.494681,1.034687,0.653117,0.251436
fbcnet,cross_session,sub-012,,ses-03,ses-01,0,,77,20,100,25,0.550000,0.550000,0.447921,0.574800,1.103334,0.716772,0.327446
fbcnet,cross_session,sub-012,,ses-03,ses-02,0,,77,20,91,25,0.516484,0.517391,0.513605,0.515942,1.617664,0.747201,0.360703
fbcnet,cross_session,sub-012,,ses-03,ses-04,0,,77,20,87,25,0.413793,0.411111,0.408794,0.425926,1.307021,0.786901,0.379566
fbcnet,cross_session,sub-012,,ses-03,ses-05,0,,77,20,83,25,0.518072,0.551714,0.501801,0.545508,1.368225,0.753893,0.344893
fbcnet,cross_session,sub-012,,ses-04,ses-01,0,,69,18,100,14,0.540000,0.540000,0.506650,0.446000,0.806969,0.591997,0.231282
fbcnet,cross_session,sub-012,,ses-04,ses-02,0,,69,18,91,14,0.483516,0.488406,0.359826,0.470531,0.918346,0.651423,0.245810
fbcnet,cross_session,sub-012,,ses-04,ses-03,0,,69,18,97,14,0.432990,0.431122,0.412768,0.455357,0.828771,0.605812,0.234420
fbcnet,cross_session,sub-012,,ses-04,ses-05,0,,69,18,83,14,0.469880,0.466903,0.466082,0.501182,0.868783,0.606678,0.250385
fbcnet,cross_session,sub-012,,ses-05,ses-01,0,,66,17,100,19,0.510000,0.510000,0.355178,0.547200,0.932602,0.662992,0.275006
fbcnet,cross_session,sub-012,,ses-05,ses-02,0,,66,17,91,19,0.483516,0.481643,0.467040,0.507729,0.816616,0.595570,0.222736
fbcnet,cross_session,sub-012,,ses-05,ses-03,0,,66,17,97,19,0.484536,0.488520,0.396766,0.547619,1.128268,0.757759,0.396928
fbcnet,cross_session,sub-012,,ses-05,ses-04,0,,66,17,87,19,0.459770,0.469048,0.422865,0.424339,0.974492,0.684730,0.273171
fbcnet,cross_session,sub-013,,ses-01,ses-02,0,,80,20,94,74,0.553191,0.566893,0.509687,0.600907,1.177895,0.701175,0.321357
fbcnet,cross_session,sub-013,,ses-01,ses-03,0,,80,20,100,74,0.620000,0.620000,0.607276,0.666400,0.764249,0.512365,0.164173
fbcnet,cross_session,sub-013,,ses-01,ses-04,0,,80,20,95,74,0.505263,0.520408,0.370151,0.626886,1.652599,0.857909,0.426439
fbcnet,cross_session,sub-013,,ses-01,ses-05,0,,80,20,100,74,0.510000,0.510000,0.355178,0.654800,1.482421,0.814413,0.415000
fbcnet,cross_session,sub-013,,ses-02,ses-01,0,,75,19,100,2,0.500000,0.500000,0.404762,0.582800,0.757435,0.553486,0.183585
fbcnet,cross_session,sub-013,,ses-02,ses-03,0,,75,19,100,2,0.480000,0.480000,0.392239,0.453600,0.832326,0.616836,0.215660
fbcnet,cross_session,sub-013,,ses-02,ses-04,0,,75,19,95,2,0.452632,0.443434,0.396383,0.432564,0.766545,0.566789,0.187079
fbcnet,cross_session,sub-013,,ses-02,ses-05,0,,75,19,100,2,0.490000,0.490000,0.487489,0.455600,0.742599,0.546204,0.118289
fbcnet,cross_session,sub-013,,ses-03,ses-01,0,,80,20,100,25,0.490000,0.490000,0.449898,0.561600,1.077564,0.689566,0.320210
fbcnet,cross_session,sub-013,,ses-03,ses-02,0,,80,20,94,25,0.531915,0.512018,0.384524,0.519274,1.215157,0.753946,0.346020
fbcnet,cross_session,sub-013,,ses-03,ses-04,0,,80,20,95,25,0.557895,0.564108,0.543269,0.564330,0.786787,0.561491,0.158637
fbcnet,cross_session,sub-013,,ses-03,ses-05,0,,80,20,100,25,0.510000,0.510000,0.355178,0.689200,1.304970,0.801059,0.414854
fbcnet,cross_session,sub-013,,ses-04,ses-01,0,,76,19,100,4,0.620000,0.620000,0.617552,0.646000,0.659611,0.468048,0.098291
fbcnet,cross_session,sub-013,,ses-04,ses-02,0,,76,19,94,4,0.500000,0.490476,0.468159,0.532426,0.736506,0.536306,0.159670
fbcnet,cross_session,sub-013,,ses-04,ses-03,0,,76,19,100,4,0.450000,0.450000,0.406752,0.475200,0.768752,0.567732,0.197697
fbcnet,cross_session,sub-013,,ses-04,ses-05,0,,76,19,100,4,0.570000,0.570000,0.562608,0.601200,0.688481,0.493117,0.098029
fbcnet,cross_session,sub-013,,ses-05,ses-01,0,,80,20,100,48,0.500000,0.500000,0.333333,0.536400,3.624172,0.988446,0.495141
fbcnet,cross_session,sub-013,,ses-05,ses-02,0,,80,20,94,48,0.521277,0.500000,0.342657,0.498866,2.244256,0.909780,0.456944
fbcnet,cross_session,sub-013,,ses-05,ses-03,0,,80,20,100,48,0.500000,0.500000,0.333333,0.575200,2.994905,0.984921,0.493288
fbcnet,cross_session,sub-013,,ses-05,ses-04,0,,80,20,95,48,0.557895,0.556788,0.556667,0.570098,0.859361,0.594725,0.209748
fbcnet,cross_session,sub-014,,ses-01,ses-02,0,,80,20,95,6,0.536842,0.537234,0.536380,0.554521,0.726675,0.527335,0.111806
fbcnet,cross_session,sub-014,,ses-01,ses-03,0,,80,20,92,6,0.532609,0.509967,0.453516,0.536308,0.762132,0.557297,0.192290
fbcnet,cross_session,sub-014,,ses-01,ses-04,0,,80,20,92,6,0.500000,0.489362,0.333333,0.434043,1.308253,0.819260,0.392692
fbcnet,cross_session,sub-014,,ses-01,ses-05,0,,80,20,100,6,0.510000,0.510000,0.441595,0.552000,0.796360,0.584947,0.205310
fbcnet,cross_session,sub-014,,ses-02,ses-01,0,,76,19,100,14,0.540000,0.540000,0.527915,0.546000,0.731504,0.526618,0.107095
fbcnet,cross_session,sub-014,,ses-02,ses-03,0,,76,19,92,14,0.445652,0.465354,0.401454,0.488847,0.874643,0.641310,0.255786
fbcnet,cross_session,sub-014,,ses-02,ses-04,0,,76,19,92,14,0.576087,0.578487,0.571991,0.505437,0.773546,0.563290,0.224124
fbcnet,cross_session,sub-014,,ses-02,ses-05,0,,76,19,100,14,0.560000,0.560000,0.516484,0.541600,0.862043,0.585252,0.190645
fbcnet,cross_session,sub-014,,ses-03,ses-01,0,,73,19,100,3,0.510000,0.510000,0.432279,0.509200,0.881800,0.617309,0.224113
fbcnet,cross_session,sub-014,,ses-03,ses-02,0,,73,19,95,3,0.515789,0.519725,0.439744,0.437500,0.813374,0.598077,0.201540
fbcnet,cross_session,sub-014,,ses-03,ses-04,0,,73,19,92,3,0.532609,0.542080,0.430217,0.530496,0.831049,0.607758,0.236952
fbcnet,cross_session,sub-014,,ses-03,ses-05,0,,73,19,100,3,0.550000,0.550000,0.478624,0.606400,0.749749,0.542529,0.153726
fbcnet,cross_session,sub-014,,ses-04,ses-01,0,,73,19,100,1,0.500000,0.500000,0.333333,0.484400,0.938810,0.682754,0.295826
fbcnet,cross_session,sub-014,,ses-04,ses-02,0,,73,19,95,1,0.473684,0.468750,0.321429,0.463652,0.845468,0.626917,0.258804
fbcnet,cross_session,sub-014,,ses-04,ses-03,0,,73,19,92,1,0.521739,0.494067,0.395821,0.517323,0.759333,0.556428,0.174083
fbcnet,cross_session,sub-014,,ses-04,ses-05,0,,73,19,100,1,0.570000,0.570000,0.562608,0.583200,0.698250,0.503068,0.076301
fbcnet,cross_session,sub-014,,ses-05,ses-01,0,,80,20,100,1,0.500000,0.500000,0.365804,0.492800,0.820679,0.599348,0.195669
fbcnet,cross_session,sub-014,,ses-05,ses-02,0,,80,20,95,1,0.494737,0.496676,0.478022,0.464539,0.744768,0.546368,0.150798
fbcnet,cross_session,sub-014,,ses-05,ses-03,0,,80,20,92,1,0.565217,0.543427,0.496442,0.605126,0.685001,0.492138,0.068204
fbcnet,cross_session,sub-014,,ses-05,ses-04,0,,80,20,92,1,0.478261,0.474232,0.457494,0.521986,0.705134,0.513100,0.142385
fbcnet,cross_session,sub-015,,ses-01,ses-02,0,,80,20,95,1,0.484211,0.481605,0.449047,0.514184,0.729639,0.533028,0.136802
fbcnet,cross_session,sub-015,,ses-01,ses-03,0,,80,20,85,1,0.517647,0.509476,0.507838,0.498328,0.715370,0.520753,0.092750
fbcnet,cross_session,sub-015,,ses-01,ses-04,0,,80,20,95,1,0.484211,0.481605,0.449047,0.514184,0.729639,0.533028,0.136802
fbcnet,cross_session,sub-015,,ses-01,ses-05,0,,80,20,98,1,0.520408,0.510417,0.360544,0.543750,0.875800,0.620400,0.227566
fbcnet,cross_session,sub-015,,ses-02,ses-01,0,,76,19,100,35,0.520000,0.520000,0.516908,0.546800,0.884735,0.622609,0.239646
fbcnet,cross_session,sub-015,,ses-02,ses-03,0,,76,19,85,35,0.576471,0.559922,0.548939,0.539576,1.061530,0.639294,0.273002
fbcnet,cross_session,sub-015,,ses-02,ses-04,0,,76,19,95,35,0.947368,0.947252,0.947345,0.984043,0.179231,0.083018,0.070923
fbcnet,cross_session,sub-015,,ses-02,ses-05,0,,76,19,98,35,0.520408,0.510417,0.360544,0.587500,1.360253,0.759735,0.387428
fbcnet,cross_session,sub-015,,ses-03,ses-01,0,,68,17,100,2,0.500000,0.500000,0.483258,0.474400,0.750412,0.549978,0.121360
fbcnet,cross_session,sub-015,,ses-03,ses-02,0,,68,17,95,2,0.452632,0.447917,0.311594,0.453014,0.946120,0.693595,0.314079
fbcnet,cross_session,sub-015,,ses-03,ses-04,0,,68,17,95,2,0.452632,0.447917,0.311594,0.453014,0.946120,0.693595,0.314079
fbcnet,cross_session,sub-015,,ses-03,ses-05,0,,68,17,98,2,0.520408,0.510417,0.360544,0.531667,0.905345,0.640765,0.257762
fbcnet,cross_session,sub-015,,ses-04,ses-01,0,,76,19,100,35,0.520000,0.520000,0.516908,0.546800,0.884735,0.622609,0.239646
fbcnet,cross_session,sub-015,,ses-04,ses-02,0,,76,19,95,35,0.947368,0.947252,0.947345,0.984043,0.179231,0.083018,0.070923
fbcnet,cross_session,sub-015,,ses-04,ses-03,0,,76,19,85,35,0.576471,0.559922,0.548939,0.539576,1.061530,0.639294,0.273002
fbcnet,cross_session,sub-015,,ses-04,ses-05,0,,76,19,98,35,0.520408,0.510417,0.360544,0.587500,1.360253,0.759735,0.387428
fbcnet,cross_session,sub-015,,ses-05,ses-01,0,,78,20,100,14,0.510000,0.510000,0.385580,0.494000,0.932262,0.653751,0.244988
fbcnet,cross_session,sub-015,,ses-05,ses-02,0,,78,20,95,14,0.557895,0.562278,0.468284,0.593528,0.915748,0.630640,0.250251
fbcnet,cross_session,sub-015,,ses-05,ses-03,0,,78,20,85,14,0.482353,0.488573,0.481707,0.480491,0.898693,0.649684,0.255182
fbcnet,cross_session,sub-015,,ses-05,ses-04,0,,78,20,95,14,0.557895,0.562278,0.468284,0.593528,0.915748,0.630640,0.250251
fbcnet,cross_session,sub-016,,ses-01,ses-02,0,,80,20,100,3,0.520000,0.520000,0.417193,0.561600,0.807442,0.574019,0.180171
fbcnet,cross_session,sub-016,,ses-01,ses-03,0,,80,20,100,3,0.500000,0.500000,0.350312,0.531200,0.998354,0.679107,0.309172
fbcnet,cross_session,sub-016,,ses-01,ses-04,0,,80,20,95,3,0.473684,0.478059,0.367004,0.460550,0.902912,0.651891,0.254105
fbcnet,cross_session,sub-016,,ses-01,ses-05,0,,80,20,91,3,0.527473,0.523694,0.519110,0.508221,0.763387,0.553888,0.142960
fbcnet,cross_session,sub-016,,ses-02,ses-01,0,,80,20,100,24,0.480000,0.480000,0.453552,0.485200,1.158753,0.733882,0.317847
fbcnet,cross_session,sub-016,,ses-02,ses-03,0,,80,20,100,24,0.530000,0.530000,0.512398,0.547200,0.875497,0.615179,0.218397
fbcnet,cross_session,sub-016,,ses-02,ses-04,0,,80,20,95,24,0.515789,0.519504,0.449345,0.586879,0.916875,0.639329,0.265443
fbcnet,cross_session,sub-016,,ses-02,ses-05,0,,80,20,91,24,0.527473,0.540377,0.450807,0.556093,1.655824,0.777103,0.368317
fbcnet,cross_session,sub-016,,ses-03,ses-01,0,,80,20,100,65,0.590000,0.590000,0.567100,0.632800,1.031673,0.646168,0.300062
fbcnet,cross_session,sub-016,,ses-03,ses-02,0,,80,20,100,65,0.520000,0.520000,0.404762,0.544400,1.758390,0.828814,0.400157
fbcnet,cross_session,sub-016,,ses-03,ses-04,0,,80,20,95,65,0.494737,0.489583,0.330986,0.547872,1.596157,0.857233,0.436754
fbcnet,cross_session,sub-016,,ses-03,ses-05,0,,80,20,91,65,0.494505,0.508462,0.394387,0.588491,2.881681,0.927893,0.461579
fbcnet,cross_session,sub-016,,ses-04,ses-01,0,,76,19,100,81,0.540000,0.540000,0.506650,0.558400,1.516655,0.723066,0.331926
fbcnet,cross_session,sub-016,,ses-04,ses-02,0,,76,19,100,81,0.510000,0.510000,0.509559,0.523200,1.404304,0.772370,0.355887
fbcnet,cross_session,sub-016,,ses-04,ses-03,0,,76,19,100,81,0.530000,0.530000,0.493043,0.506400,2.194591,0.838806,0.411810
fbcnet,cross_session,sub-016,,ses-04,ses-05,0,,76,19,91,81,0.505495,0.516925,0.445197,0.544487,3.362750,0.886795,0.423176
fbcnet,cross_session,sub-016,,ses-05,ses-01,0,,72,19,100,15,0.500000,0.500000,0.333333,0.454400,1.193279,0.794547,0.368609
fbcnet,cross_session,sub-016,,ses-05,ses-02,0,,72,19,100,15,0.520000,0.520000,0.376299,0.544400,0.976237,0.687025,0.316299
fbcnet,cross_session,sub-016,,ses-05,ses-03,0,,72,19,100,15,0.510000,0.510000,0.355178,0.611600,1.152756,0.771316,0.381657
fbcnet,cross_session,sub-016,,ses-05,ses-04,0,,72,19,95,15,0.515789,0.520833,0.375714,0.500443,1.060648,0.724232,0.321535
fbcnet,cross_session,sub-017,,ses-01,ses-02,0,,80,20,100,21,0.470000,0.470000,0.349773,0.398800,1.598594,0.879511,0.421711
fbcnet,cross_session,sub-017,,ses-01,ses-03,0,,80,20,98,21,0.489796,0.500000,0.328767,0.478750,3.812908,1.015928,0.508169
fbcnet,cross_session,sub-017,,ses-01,ses-04,0,,80,20,100,21,0.500000,0.500000,0.333333,0.480800,2.199018,0.952497,0.474205
fbcnet,cross_session,sub-017,,ses-01,ses-05,0,,80,20,95,21,0.494737,0.500000,0.330986,0.468972,3.203123,0.989434,0.500413
fbcnet,cross_session,sub-017,,ses-02,ses-01,0,,80,20,100,38,0.480000,0.480000,0.324324,0.485200,1.813375,0.880742,0.437843
fbcnet,cross_session,sub-017,,ses-02,ses-03,0,,80,20,98,38,0.510204,0.500000,0.337838,0.579583,2.515738,0.912878,0.466991
fbcnet,cross_session,sub-017,,ses-02,ses-04,0,,80,20,100,38,0.510000,0.510000,0.422102,0.601200,1.499570,0.793934,0.384515
fbcnet,cross_session,sub-017,,ses-02,ses-05,0,,80,20,95,38,0.494737,0.489583,0.330986,0.549645,2.498218,0.969783,0.500961
fbcnet,cross_session,sub-017,,ses-03,ses-01,0,,78,20,100,14,0.500000,0.500000,0.333333,0.538800,1.309967,0.824525,0.409466
fbcnet,cross_session,sub-017,,ses-03,ses-02,0,,78,20,100,14,0.530000,0.530000,0.410658,0.623600,0.862023,0.612930,0.247059
fbcnet,cross_session,sub-017,,ses-03,ses-04,0,,78,20,100,14,0.490000,0.490000,0.489949,0.518800,0.760324,0.557060,0.183243
fbcnet,cross_session,sub-017,,ses-03,ses-05,0,,78,20,95,14,0.484211,0.488697,0.373064,0.522163,0.897952,0.644280,0.271092
fbcnet,cross_session,sub-017,,ses-04,ses-01,0,,80,20,100,3,0.500000,0.500000,0.333333,0.510800,1.141041,0.782095,0.377157
fbcnet,cross_session,sub-017,,ses-04,ses-02,0,,80,20,100,3,0.500000,0.500000,0.333333,0.601600,1.025470,0.730095,0.347083
fbcnet,cross_session,sub-017,,ses-04,ses-03,0,,80,20,98,3,0.540816,0.540417,0.540386,0.586667,0.701326,0.502881,0.121644
fbcnet,cross_session,sub-017,,ses-04,ses-05,0,,80,20,95,3,0.494737,0.500000,0.330986,0.492465,1.153169,0.785663,0.375364
fbcnet,cross_session,sub-017,,ses-05,ses-01,0,,76,19,100,10,0.500000,0.500000,0.498193,0.511200,0.728150,0.532221,0.120673
fbcnet,cross_session,sub-017,,ses-05,ses-02,0,,76,19,100,10,0.520000,0.520000,0.516908,0.526400,0.724001,0.526021,0.096451
fbcnet,cross_session,sub-017,,ses-05,ses-03,0,,76,19,98,10,0.510204,0.500417,0.355616,0.502083,0.976060,0.668209,0.277348
fbcnet,cross_session,sub-017,,ses-05,ses-04,0,,76,19,100,10,0.490000,0.490000,0.328859,0.429600,1.175444,0.794158,0.402586
fbcnet,cross_session,sub-018,,ses-01,ses-02,0,,75,19,100,1,0.510000,0.510000,0.355178,0.422000,0.879950,0.648597,0.266294
fbcnet,cross_session,sub-018,,ses-01,ses-03,0,,75,19,100,1,0.490000,0.490000,0.328859,0.526800,0.906184,0.656417,0.286974
fbcnet,cross_session,sub-018,,ses-01,ses-04,0,,75,19,100,1,0.510000,0.510000,0.482631,0.518800,0.751859,0.547123,0.138529
fbcnet,cross_session,sub-018,,ses-01,ses-05,0,,75,19,100,1,0.510000,0.510000,0.398847,0.496000,0.804747,0.575341,0.176349
fbcnet,cross_session,sub-018,,ses-02,ses-01,0,,80,20,94,13,0.489362,0.497736,0.401592,0.478261,0.968132,0.684013,0.282509
fbcnet,cross_session,sub-018,,ses-02,ses-03,0,,80,20,100,13,0.500000,0.500000,0.463749,0.484400,0.851567,0.620966,0.211789
fbcnet,cross_session,sub-018,,ses-02,ses-04,0,,80,20,100,13,0.490000,0.490000,0.456000,0.437600,0.879582,0.639940,0.265979
fbcnet,cross_session,sub-018,,ses-02,ses-05,0,,80,20,100,13,0.500000,0.500000,0.450549,0.507200,0.951113,0.646999,0.274237
fbcnet,cross_session,sub-018,,ses-03,ses-01,0,,80,20,94,30,0.489362,0.500000,0.328571,0.496830,2.158944,0.964545,0.486061
fbcnet,cross_session,sub-018,,ses-03,ses-02,0,,80,20,100,30,0.450000,0.450000,0.449505,0.476400,0.905733,0.648346,0.266624
fbcnet,cross_session,sub-018,,ses-03,ses-04,0,,80,20,100,30,0.480000,0.480000,0.340436,0.453200,1.367080,0.813109,0.374922
fbcnet,cross_session,sub-018,,ses-03,ses-05,0,,80,20,100,30,0.470000,0.470000,0.428325,0.545200,1.242202,0.770591,0.367511
fbcnet,cross_session,sub-018,,ses-04,ses-01,0,,80,20,94,24,0.510638,0.502717,0.426525,0.485054,0.962174,0.664497,0.261319
fbcnet,cross_session,sub-018,,ses-04,ses-02,0,,80,20,100,24,0.500000,0.500000,0.379960,0.466000,1.142803,0.756994,0.342282
fbcnet,cross_session,sub-018,,ses-04,ses-03,0,,80,20,100,24,0.510000,0.510000,0.465007,0.442800,0.935863,0.651309,0.227560
fbcnet,cross_session,sub-018,,ses-04,ses-05,0,,80,20,100,24,0.530000,0.530000,0.512398,0.547200,0.875497,0.615179,0.218397
fbcnet,cross_session,sub-018,,ses-05,ses-01,0,,80,20,94,65,0.521277,0.529891,0.433507,0.451087,1.439539,0.810692,0.372761
fbcnet,cross_session,sub-018,,ses-05,ses-02,0,,80,20,100,65,0.500000,0.500000,0.333333,0.440400,2.661637,0.980311,0.492277
fbcnet,cross_session,sub-018,,ses-05,ses-03,0,,80,20,100,65,0.490000,0.490000,0.345399,0.471200,1.413693,0.862345,0.422114
fbcnet,cross_session,sub-018,,ses-05,ses-04,0,,80,20,100,65,0.520000,0.520000,0.404762,0.544400,1.758390,0.828814,0.400157
fbcnet,cross_session,sub-019,,ses-01,ses-02,0,,76,19,95,6,0.463158,0.466755,0.394451,0.445922,0.852636,0.627458,0.234133
fbcnet,cross_session,sub-019,,ses-01,ses-03,0,,76,19,94,6,0.531915,0.523810,0.509720,0.661224,0.646753,0.461121,0.122141
fbcnet,cross_session,sub-019,,ses-01,ses-04,0,,76,19,92,6,0.478261,0.469031,0.356643,0.568794,0.815149,0.599617,0.246761
fbcnet,cross_session,sub-019,,ses-01,ses-05,0,,76,19,93,6,0.473118,0.500000,0.321168,0.393321,1.821443,0.955360,0.483467
fbcnet,cross_session,sub-019,,ses-02,ses-01,0,,76,19,95,81,0.442105,0.437888,0.429720,0.420142,1.259132,0.789097,0.336908
fbcnet,cross_session,sub-019,,ses-02,ses-03,0,,76,19,94,81,0.521277,0.509070,0.470919,0.529705,1.015600,0.676907,0.287254
fbcnet,cross_session,sub-019,,ses-02,ses-04,0,,76,19,92,81,0.489130,0.500000,0.328467,0.575414,5.247334,1.021276,0.510704
fbcnet,cross_session,sub-019,,ses-02,ses-05,0,,76,19,93,81,0.591398,0.599490,0.585600,0.579777,1.545467,0.692036,0.318322
fbcnet,cross_session,sub-019,,ses-03,ses-01,0,,75,19,95,99,0.536842,0.522405,0.402857,0.565217,1.616246,0.809485,0.408286
fbcnet,cross_session,sub-019,,ses-03,ses-02,0,,75,19,95,99,0.494737,0.498227,0.434524,0.468972,1.463759,0.812899,0.370353
fbcnet,cross_session,sub-019,,ses-03,ses-04,0,,75,19,92,99,0.456522,0.448700,0.370553,0.513475,1.205396,0.787785,0.401733
fbcnet,cross_session,sub-019,,ses-03,ses-05,0,,75,19,93,99,0.494624,0.497217,0.494390,0.474954,1.221352,0.737737,0.315602
fbcnet,cross_session,sub-019,,ses-04,ses-01,0,,73,19,95,3,0.526316,0.538154,0.456729,0.538598,0.866214,0.625299,0.232304
fbcnet,cross_session,sub-019,,ses-04,ses-02,0,,73,19,95,3,0.568421,0.564495,0.496054,0.508422,0.799257,0.580605,0.191328
fbcnet,cross_session,sub-019,,ses-04,ses-03,0,,73,19,94,3,0.510638,0.492517,0.388575,0.504762,0.802360,0.589885,0.229373
fbcnet,cross_session,sub-019,,ses-04,ses-05,0,,73,19,93,3,0.473118,0.500000,0.321168,0.506030,1.141180,0.787428,0.377617
fbcnet,cross_session,sub-019,,ses-05,ses-01,0,,74,19,95,1,0.526316,0.528172,0.525475,0.501775,0.807608,0.583119,0.212959
fbcnet,cross_session,sub-019,,ses-05,ses-02,0,,74,19,95,1,0.515789,0.510638,0.358862,0.446365,1.121482,0.748621,0.347362
fbcnet,cross_session,sub-019,,ses-05,ses-03,0,,74,19,94,1,0.521277,0.528118,0.511942,0.497506,0.752647,0.550450,0.138658
fbcnet,cross_session,sub-019,,ses-05,ses-04,0,,74,19,92,1,0.510870,0.500000,0.338129,0.561229,1.102365,0.756738,0.365641
fbcnet,cross_session,sub-020,,ses-01,ses-02,0,,71,18,100,27,0.500000,0.500000,0.333333,0.705600,1.949314,0.934172,0.477112
fbcnet,cross_session,sub-020,,ses-01,ses-03,0,,71,18,100,27,0.500000,0.500000,0.333333,0.531200,2.109280,0.938565,0.473638
fbcnet,cross_session,sub-020,,ses-01,ses-04,0,,71,18,100,27,0.500000,0.500000,0.333333,0.772800,2.314169,0.966694,0.488545
fbcnet,cross_session,sub-020,,ses-01,ses-05,0,,71,18,100,27,0.500000,0.500000,0.333333,0.738400,2.313798,0.968357,0.488762
fbcnet,cross_session,sub-020,,ses-02,ses-01,0,,80,20,89,31,0.595506,0.593434,0.580189,0.618687,1.091822,0.643779,0.272924
fbcnet,cross_session,sub-020,,ses-02,ses-03,0,,80,20,100,31,0.500000,0.500000,0.499800,0.510400,2.324763,0.938309,0.483755
fbcnet,cross_session,sub-020,,ses-02,ses-04,0,,80,20,100,31,0.500000,0.500000,0.333333,0.563600,1.942617,0.915518,0.457973
fbcnet,cross_session,sub-020,,ses-02,ses-05,0,,80,20,100,31,0.500000,0.500000,0.333333,0.723600,2.566100,0.959701,0.487292
fbcnet,cross_session,sub-020,,ses-03,ses-01,0,,80,20,89,10,0.494382,0.498485,0.419313,0.523737,1.007666,0.684215,0.285905
fbcnet,cross_session,sub-020,,ses-03,ses-02,0,,80,20,100,10,0.500000,0.500000,0.499199,0.496000,1.017946,0.684985,0.295985
fbcnet,cross_session,sub-020,,ses-03,ses-04,0,,80,20,100,10,0.470000,0.470000,0.335423,0.258400,1.326253,0.839633,0.355221
fbcnet,cross_session,sub-020,,ses-03,ses-05,0,,80,20,100,10,0.570000,0.570000,0.517450,0.533200,0.814174,0.586737,0.202437
fbcnet,cross_session,sub-020,,ses-04,ses-01,0,,80,20,89,99,0.505618,0.500000,0.335821,0.606313,10.655078,0.988540,0.494326
fbcnet,cross_session,sub-020,,ses-04,ses-02,0,,80,20,100,99,0.510000,0.510000,0.385580,0.675800,2.642856,0.861562,0.435426
fbcnet,cross_session,sub-020,,ses-04,ses-03,0,,80,20,100,99,0.510000,0.510000,0.385580,0.421400,3.428496,0.927498,0.469307
fbcnet,cross_session,sub-020,,ses-04,ses-05,0,,80,20,100,99,0.750000,0.750000,0.744246,0.828400,0.822130,0.384991,0.169760
fbcnet,cross_session,sub-020,,ses-05,ses-01,0,,80,20,89,84,0.505618,0.500000,0.335821,0.664899,6.345756,0.988613,0.494341
fbcnet,cross_session,sub-020,,ses-05,ses-02,0,,80,20,100,84,0.500000,0.500000,0.333333,0.781200,3.503602,0.990247,0.497280
fbcnet,cross_session,sub-020,,ses-05,ses-03,0,,80,20,100,84,0.500000,0.500000,0.333333,0.470800,4.138394,0.994760,0.497280
fbcnet,cross_session,sub-020,,ses-05,ses-04,0,,80,20,100,84,0.500000,0.500000,0.333333,0.966800,2.651839,0.961707,0.489138
fbcnet,cross_session,sub-021,,ses-01,ses-02,0,,75,19,99,84,0.575758,0.577551,0.562868,0.620000,0.957426,0.577725,0.231207
fbcnet,cross_session,sub-021,,ses-01,ses-03,0,,75,19,93,84,0.494624,0.499769,0.348875,0.521739,3.191308,0.966215,0.490579
fbcnet,cross_session,sub-021,,ses-01,ses-04,0,,75,19,100,84,0.510000,0.510000,0.410987,0.576800,1.584263,0.803591,0.381647
fbcnet,cross_session,sub-021,,ses-01,ses-05,0,,75,19,96,84,0.500000,0.510204,0.350986,0.521494,3.511482,0.968166,0.495361
fbcnet,cross_session,sub-021,,ses-02,ses-01,0,,79,20,94,19,0.500000,0.500000,0.351343,0.614305,1.166629,0.736171,0.366866
fbcnet,cross_session,sub-021,,ses-02,ses-03,0,,79,20,93,19,0.473118,0.477798,0.353525,0.428307,1.464775,0.875539,0.417841
fbcnet,cross_session,sub-021,,ses-02,ses-04,0,,79,20,100,19,0.480000,0.480000,0.355159,0.533600,1.230035,0.773868,0.376906
fbcnet,cross_session,sub-021,,ses-02,ses-05,0,,79,20,96,19,0.520833,0.527139,0.476281,0.570126,0.969138,0.656285,0.260781
fbcnet,cross_session,sub-021,,ses-03,ses-01,0,,74,19,94,2,0.478723,0.478723,0.370335,0.483477,0.778323,0.570789,0.174387
fbcnet,cross_session,sub-021,,ses-03,ses-02,0,,74,19,99,2,0.474747,0.478367,0.399720,0.424082,0.769430,0.567956,0.182300
fbcnet,cross_session,sub-021,,ses-03,ses-04,0,,74,19,100,2,0.540000,0.540000,0.441476,0.555200,0.743725,0.540288,0.132041
fbcnet,cross_session,sub-021,,ses-03,ses-05,0,,74,19,96,2,0.510417,0.500000,0.337931,0.429874,0.944664,0.684267,0.286553
fbcnet,cross_session,sub-021,,ses-04,ses-01,0,,80,20,94,6,0.457447,0.457447,0.391238,0.606157,0.730614,0.529433,0.216721
fbcnet,cross_session,sub-021,,ses-04,ses-02,0,,80,20,99,6,0.484848,0.480000,0.326531,0.483265,0.916575,0.669941,0.281769
fbcnet,cross_session,sub-021,,ses-04,ses-03,0,,80,20,93,6,0.494624,0.500000,0.330935,0.482886,1.339479,0.839333,0.414300
fbcnet,cross_session,sub-021,,ses-04,ses-05,0,,80,20,96,6,0.489583,0.500000,0.328671,0.573165,1.227370,0.805909,0.393384
fbcnet,cross_session,sub-021,,ses-05,ses-01,0,,76,20,94,9,0.510638,0.510638,0.356548,0.502037,0.976338,0.689203,0.303047
fbcnet,cross_session,sub-021,,ses-05,ses-02,0,,76,20,99,9,0.494949,0.490000,0.331081,0.520000,0.861301,0.632576,0.261750
fbcnet,cross_session,sub-021,,ses-05,ses-03,0,,76,20,93,9,0.494624,0.499306,0.379912,0.515726,0.915535,0.646891,0.287639
fbcnet,cross_session,sub-021,,ses-05,ses-04,0,,76,20,100,9,0.530000,0.530000,0.423384,0.571200,0.829673,0.597139,0.217373
fbcnet,cross_session,sub-022,,ses-01,ses-02,0,,69,18,100,15,0.460000,0.460000,0.452110,0.478000,0.797717,0.587318,0.200264
fbcnet,cross_session,sub-022,,ses-01,ses-03,0,,69,18,100,15,0.520000,0.520000,0.404762,0.453200,1.058500,0.732562,0.351384
fbcnet,cross_session,sub-022,,ses-01,ses-04,0,,69,18,100,15,0.470000,0.470000,0.468672,0.403200,0.824976,0.616979,0.225525
fbcnet,cross_session,sub-022,,ses-01,ses-05,0,,69,18,93,15,0.537634,0.537500,0.537420,0.521759,0.803927,0.576160,0.175412
fbcnet,cross_session,sub-022,,ses-02,ses-01,0,,80,20,87,1,0.505747,0.511099,0.373262,0.562896,0.762760,0.561146,0.174364
fbcnet,cross_session,sub-022,,ses-02,ses-03,0,,80,20,100,1,0.470000,0.470000,0.335423,0.568800,0.753640,0.553903,0.201331
fbcnet,cross_session,sub-022,,ses-02,ses-04,0,,80,20,100,1,0.500000,0.500000,0.333333,0.404400,0.896270,0.661009,0.254307
fbcnet,cross_session,sub-022,,ses-02,ses-05,0,,80,20,93,1,0.473118,0.485417,0.391832,0.495833,0.756544,0.556160,0.154190
fbcnet,cross_session,sub-022,,ses-03,ses-01,0,,80,20,87,2,0.505747,0.504228,0.496162,0.504757,0.710195,0.516283,0.080532
fbcnet,cross_session,sub-022,,ses-03,ses-02,0,,80,20,100,2,0.540000,0.540000,0.527915,0.530800,0.717253,0.521545,0.109552
fbcnet,cross_session,sub-022,,ses-03,ses-04,0,,80,20,100,2,0.440000,0.440000,0.356618,0.352400,0.800420,0.597230,0.201836
fbcnet,cross_session,sub-022,,ses-03,ses-05,0,,80,20,93,2,0.526882,0.515972,0.458730,0.526852,0.718623,0.523609,0.108422
fbcnet,cross_session,sub-022,,ses-04,ses-01,0,,80,20,87,15,0.494253,0.500000,0.330769,0.539112,1.430212,0.842037,0.423334
fbcnet,cross_session,sub-022,,ses-04,ses-02,0,,80,20,100,15,0.500000,0.500000,0.333333,0.589600,1.377275,0.834796,0.420286
fbcnet,cross_session,sub-022,,ses-04,ses-03,0,,80,20,100,15,0.500000,0.500000,0.333333,0.434000,1.839586,0.930718,0.464753
fbcnet,cross_session,sub-022,,ses-04,ses-05,0,,80,20,93,15,0.494624,0.510417,0.348875,0.495833,1.427050,0.829227,0.402315
fbcnet,cross_session,sub-022,,ses-05,ses-01,0,,74,19,87,11,0.517241,0.512421,0.410645,0.505814,0.935502,0.662748,0.289002
fbcnet,cross_session,sub-022,,ses-05,ses-02,0,,74,19,100,11,0.490000,0.490000,0.466471,0.463200,0.795773,0.581670,0.150140
fbcnet,cross_session,sub-022,,ses-05,ses-03,0,,74,19,100,11,0.520000,0.520000,0.465241,0.544400,0.828064,0.595088,0.213986
fbcnet,cross_session,sub-022,,ses-05,ses-04,0,,74,19,100,11,0.510000,0.510000,0.371069,0.507600,1.072673,0.722758,0.327013
fbcnet,cross_session,sub-023,,ses-01,ses-02,0,,76,20,94,5,0.563830,0.556159,0.493628,0.515399,0.756728,0.546840,0.133269
fbcnet,cross_session,sub-023,,ses-01,ses-03,0,,76,20,99,5,0.595960,0.598980,0.558036,0.574286,0.789474,0.562940,0.183638
fbcnet,cross_session,sub-023,,ses-01,ses-04,0,,76,20,100,5,0.520000,0.520000,0.472527,0.537200,0.763618,0.558234,0.179054
fbcnet,cross_session,sub-023,,ses-01,ses-05,0,,76,20,97,5,0.515464,0.519345,0.438062,0.512330,0.799744,0.590815,0.246086
fbcnet,cross_session,sub-023,,ses-02,ses-01,0,,75,19,96,13,0.500000,0.500000,0.333333,0.477865,1.876695,0.887687,0.434590
fbcnet,cross_session,sub-023,,ses-02,ses-03,0,,75,19,99,13,0.454545,0.452245,0.423425,0.437959,0.907930,0.664777,0.272886
fbcnet,cross_session,sub-023,,ses-02,ses-04,0,,75,19,100,13,0.520000,0.520000,0.448529,0.602400,0.776500,0.556156,0.194890
fbcnet,cross_session,sub-023,,ses-02,ses-05,0,,75,19,97,13,0.474227,0.475978,0.459521,0.476616,0.799648,0.588909,0.191863
fbcnet,cross_session,sub-023,,ses-03,ses-01,0,,79,20,96,30,0.500000,0.500000,0.394958,0.624566,1.179624,0.746444,0.359757
fbcnet,cross_session,sub-023,,ses-03,ses-02,0,,79,20,94,30,0.510638,0.500453,0.356548,0.535326,1.159953,0.726836,0.335393
fbcnet,cross_session,sub-023,,ses-03,ses-04,0,,79,20,100,30,0.480000,0.480000,0.380952,0.516400,1.261213,0.793946,0.373659
fbcnet,cross_session,sub-023,,ses-03,ses-05,0,,79,20,97,30,0.597938,0.598214,0.597767,0.622024,0.802142,0.531267,0.153645
fbcnet,cross_session,sub-023,,ses-04,ses-01,0,,80,20,96,24,0.531250,0.531250,0.438596,0.500434,1.228581,0.737375,0.326703
fbcnet,cross_session,sub-023,,ses-04,ses-02,0,,80,20,94,24,0.489362,0.499547,0.346087,0.488678,1.245830,0.799551,0.376086
fbcnet,cross_session,sub-023,,ses-04,ses-03,0,,80,20,99,24,0.434343,0.436122,0.417157,0.445306,0.907232,0.660598,0.271344
fbcnet,cross_session,sub-023,,ses-04,ses-05,0,,80,20,97,24,0.505155,0.500638,0.384127,0.508929,0.958965,0.674081,0.285480
fbcnet,cross_session,sub-023,,ses-05,ses-01,0,,77,20,96,38,0.500000,0.500000,0.333333,0.494141,4.179990,0.993888,0.497474
fbcnet,cross_session,sub-023,,ses-05,ses-02,0,,77,20,94,38,0.510638,0.504982,0.470098,0.476449,0.963646,0.662204,0.270651
fbcnet,cross_session,sub-023,,ses-05,ses-03,0,,77,20,99,38,0.484848,0.484490,0.484006,0.472245,1.179259,0.753440,0.327992
fbcnet,cross_session,sub-023,,ses-05,ses-04,0,,77,20,100,38,0.540000,0.540000,0.494505,0.600800,0.923331,0.626390,0.244954
fbcnet,cross_session,sub-024,,ses-01,ses-02,0,,59,15,82,3,0.439024,0.462919,0.386467,0.485048,0.772232,0.574262,0.192925
fbcnet,cross_session,sub-024,,ses-01,ses-03,0,,59,15,83,3,0.530120,0.543895,0.459509,0.568023,0.735354,0.538407,0.138572
fbcnet,cross_session,sub-024,,ses-01,ses-04,0,,59,15,98,3,0.551020,0.545000,0.504596,0.577500,0.696625,0.503005,0.085381
fbcnet,cross_session,sub-024,,ses-01,ses-05,0,,59,15,100,3,0.520000,0.520000,0.438990,0.488000,0.741557,0.540569,0.134815
fbcnet,cross_session,sub-024,,ses-02,ses-01,0,,65,17,74,3,0.540541,0.517216,0.417593,0.410256,0.854356,0.623327,0.259086
fbcnet,cross_session,sub-024,,ses-02,ses-03,0,,65,17,83,3,0.506024,0.488372,0.336000,0.510465,0.868599,0.636310,0.254008
fbcnet,cross_session,sub-024,,ses-02,ses-04,0,,65,17,98,3,0.510204,0.516250,0.466667,0.515417,0.774810,0.569707,0.209207
fbcnet,cross_session,sub-024,,ses-02,ses-05,0,,65,17,100,3,0.510000,0.510000,0.398847,0.531200,0.765283,0.562759,0.166037
fbcnet,cross_session,sub-024,,ses-03,ses-01,0,,66,17,74,6,0.472973,0.500000,0.321101,0.509890,0.982672,0.716255,0.338964
fbcnet,cross_session,sub-024,,ses-03,ses-02,0,,66,17,82,6,0.512195,0.488038,0.436813,0.406100,0.774072,0.566585,0.181849
fbcnet,cross_session,sub-024,,ses-03,ses-04,0,,66,17,98,6,0.489796,0.482917,0.419981,0.544167,0.739682,0.539551,0.158997
fbcnet,cross_session,sub-024,,ses-03,ses-05,0,,66,17,100,6,0.500000,0.500000,0.333333,0.451200,0.978870,0.707237,0.306861
fbcnet,cross_session,sub-024,,ses-04,ses-01,0,,78,20,74,6,0.472973,0.497070,0.360797,0.432234,0.912276,0.666199,0.261579
fbcnet,cross_session,sub-024,,ses-04,ses-02,0,,78,20,82,6,0.548780,0.518541,0.433427,0.441986,0.796066,0.581466,0.235540
fbcnet,cross_session,sub-024,,ses-04,ses-03,0,,78,20,83,6,0.530120,0.546512,0.421241,0.510465,0.909783,0.656195,0.287288
fbcnet,cross_session,sub-024,,ses-04,ses-05,0,,78,20,100,6,0.500000,0.500000,0.333333,0.537600,1.247763,0.818004,0.403694
fbcnet,cross_session,sub-024,,ses-05,ses-01,0,,80,20,74,1,0.405405,0.400733,0.398374,0.385348,0.810237,0.602008,0.266971
fbcnet,cross_session,sub-024,,ses-05,ses-02,0,,80,20,82,1,0.475610,0.511364,0.341550,0.449163,1.008690,0.732929,0.326503
fbcnet,cross_session,sub-024,,ses-05,ses-03,0,,80,20,83,1,0.469880,0.456977,0.383941,0.500581,0.790332,0.581976,0.211800
fbcnet,cross_session,sub-024,,ses-05,ses-04,0,,80,20,98,1,0.571429,0.577500,0.533333,0.562083,0.710381,0.514784,0.137615
fbcnet,cross_session,sub-025,,ses-01,ses-02,0,,70,18,92,4,0.456522,0.463830,0.391856,0.516785,0.785896,0.582545,0.205969
fbcnet,cross_session,sub-025,,ses-01,ses-03,0,,70,18,94,4,0.553191,0.560236,0.502520,0.626359,0.706055,0.505669,0.134985
fbcnet,cross_session,sub-025,,ses-01,ses-04,0,,70,18,88,4,0.431818,0.423773,0.345238,0.494574,0.771994,0.571218,0.220222
fbcnet,cross_session,sub-025,,ses-01,ses-05,0,,70,18,100,4,0.500000,0.500000,0.333333,0.474000,0.903926,0.658194,0.272036
fbcnet,cross_session,sub-025,,ses-02,ses-01,0,,73,19,88,71,0.511364,0.503101,0.431405,0.504910,1.278036,0.721676,0.333093
fbcnet,cross_session,sub-025,,ses-02,ses-03,0,,73,19,94,71,0.531915,0.527627,0.509720,0.546196,1.335763,0.734709,0.338608
fbcnet,cross_session,sub-025,,ses-02,ses-04,0,,73,19,88,71,0.500000,0.506460,0.459821,0.525581,1.302701,0.784877,0.366705
fbcnet,cross_session,sub-025,,ses-02,ses-05,0,,73,19,100,71,0.530000,0.530000,0.480031,0.450800,1.400919,0.757396,0.357172
fbcnet,cross_session,sub-025,,ses-03,ses-01,0,,75,19,88,3,0.511364,0.500000,0.338346,0.435659,0.946585,0.678413,0.302761
fbcnet,cross_session,sub-025,,ses-03,ses-02,0,,75,19,92,3,0.521739,0.511111,0.362319,0.480378,0.846895,0.617496,0.221752
fbcnet,cross_session,sub-025,,ses-03,ses-04,0,,75,19,88,3,0.454545,0.465116,0.312500,0.500775,0.997546,0.719628,0.377576
fbcnet,cross_session,sub-025,,ses-03,ses-05,0,,75,19,100,3,0.500000,0.500000,0.333333,0.459600,1.172225,0.797798,0.383594
fbcnet,cross_session,sub-025,,ses-04,ses-01,0,,70,18,88,16,0.488636,0.478295,0.346858,0.489922,0.847874,0.620400,0.232646
fbcnet,cross_session,sub-025,,ses-04,ses-02,0,,70,18,92,16,0.467391,0.468322,0.466824,0.480378,0.782054,0.574078,0.187988
fbcnet,cross_session,sub-025,,ses-04,ses-03,0,,70,18,94,16,0.500000,0.508152,0.419524,0.500453,0.929456,0.651046,0.244697
fbcnet,cross_session,sub-025,,ses-04,ses-05,0,,70,18,100,16,0.490000,0.490000,0.443171,0.544800,0.758368,0.553195,0.170753
fbcnet,cross_session,sub-025,,ses-05,ses-01,0,,80,20,88,1,0.465909,0.463307,0.457431,0.383463,0.770111,0.570537,0.136943
fbcnet,cross_session,sub-025,,ses-05,ses-02,0,,80,20,92,1,0.478261,0.480851,0.472023,0.484161,0.729337,0.534743,0.137927
fbcnet,cross_session,sub-025,,ses-05,ses-03,0,,80,20,94,1,0.510638,0.518569,0.436979,0.573822,0.793507,0.574342,0.188112
fbcnet,cross_session,sub-025,,ses-05,ses-04,0,,80,20,88,1,0.500000,0.502326,0.495833,0.509044,0.732133,0.534276,0.127591
fbcnet,cross_session,sub-001,,ses-01,ses-02,1,,80,20,100,53,0.500000,0.500000,0.415615,0.515600,1.371221,0.791152,0.365990
fbcnet,cross_session,sub-001,,ses-01,ses-03,1,,80,20,99,53,0.434343,0.431837,0.395815,0.517959,0.963000,0.653298,0.310742
fbcnet,cross_session,sub-001,,ses-01,ses-04,1,,80,20,99,53,0.494949,0.496939,0.475636,0.522449,1.482476,0.795423,0.366487
fbcnet,cross_session,sub-001,,ses-01,ses-05,1,,80,20,94,53,0.563830,0.559330,0.540917,0.561594,1.065408,0.636163,0.256504
fbcnet,cross_session,sub-001,,ses-02,ses-01,1,,80,20,100,1,0.510000,0.510000,0.482631,0.516400,0.724916,0.529106,0.124362
fbcnet,cross_session,sub-001,,ses-02,ses-03,1,,80,20,99,1,0.545455,0.541837,0.476190,0.475510,0.807753,0.589535,0.190993
fbcnet,cross_session,sub-001,,ses-02,ses-04,1,,80,20,99,1,0.474747,0.476939,0.450000,0.501633,0.820731,0.590485,0.192646
fbcnet,cross_session,sub-001,,ses-02,ses-05,1,,80,20,94,1,0.468085,0.461051,0.398361,0.535779,0.783057,0.570113,0.200653
fbcnet,cross_session,sub-001,,ses-03,ses-01,1,,79,20,100,15,0.510000,0.510000,0.371069,0.556400,0.836105,0.609721,0.235444
fbcnet,cross_session,sub-001,,ses-03,ses-02,1,,79,20,100,15,0.560000,0.560000,0.548440,0.522400,0.821186,0.582207,0.159880
fbcnet,cross_session,sub-001,,ses-03,ses-04,1,,79,20,99,15,0.494949,0.490000,0.331081,0.548980,0.874128,0.622503,0.248273
fbcnet,cross_session,sub-001,,ses-03,ses-05,1,,79,20,94,15,0.521277,0.510870,0.361702,0.556612,1.441156,0.774827,0.368640
fbcnet,cross_session,sub-001,,ses-04,ses-01,1,,79,20,100,2,0.510000,0.510000,0.477333,0.496400,0.732557,0.535842,0.109297
fbcnet,cross_session,sub-001,,ses-04,ses-02,1,,79,20,100,2,0.540000,0.540000,0.533279,0.495600,0.769117,0.560920,0.145418
fbcnet,cross_session,sub-001,,ses-04,ses-03,1,,79,20,99,2,0.515152,0.512653,0.482127,0.495918,0.789820,0.569904,0.176243
fbcnet,cross_session,sub-001,,ses-04,ses-05,1,,79,20,94,2,0.468085,0.458333,0.318841,0.552536,0.887687,0.642066,0.298678
fbcnet,cross_session,sub-001,,ses-05,ses-01,1,,75,19,100,10,0.500000,0.500000,0.333333,0.568000,0.895071,0.658154,0.305175
fbcnet,cross_session,sub-001,,ses-05,ses-02,1,,75,19,100,10,0.480000,0.480000,0.474747,0.451600,0.808715,0.599129,0.217907
fbcnet,cross_session,sub-001,,ses-05,ses-03,1,,75,19,99,10,0.515152,0.518571,0.454545,0.500000,0.855770,0.625883,0.245886
fbcnet,cross_session,sub-001,,ses-05,ses-04,1,,75,19,99,10,0.515152,0.515510,0.514706,0.497959,0.975581,0.649985,0.261608
fbcnet,cross_session,sub-002,,ses-01,ses-02,1,,73,19,95,7,0.494737,0.489805,0.348571,0.448582,0.894102,0.638930,0.232035
fbcnet,cross_session,sub-002,,ses-01,ses-03,1,,73,19,100,7,0.540000,0.522682,0.487522,0.485347,0.792884,0.575714,0.148068
fbcnet,cross_session,sub-002,,ses-01,ses-04,1,,73,19,100,7,0.510000,0.510000,0.355178,0.582800,0.864921,0.635954,0.270964
fbcnet,cross_session,sub-002,,ses-01,ses-05,1,,73,19,95,7,0.515789,0.509317,0.490913,0.500000,0.805490,0.588295,0.206167
fbcnet,cross_session,sub-002,,ses-02,ses-01,1,,76,19,92,44,0.500000,0.500000,0.351716,0.423440,0.990247,0.684142,0.311725
fbcnet,cross_session,sub-002,,ses-02,ses-03,1,,76,19,100,44,0.510000,0.483541,0.371069,0.468085,0.925551,0.649035,0.255567
fbcnet,cross_session,sub-002,,ses-02,ses-04,1,,76,19,100,44,0.540000,0.540000,0.462366,0.566000,0.788021,0.569092,0.169284
fbcnet,cross_session,sub-002,,ses-02,ses-05,1,,76,19,95,44,0.505263,0.489796,0.335664,0.563443,0.914174,0.631278,0.265392
fbcnet,cross_session,sub-002,,ses-03,ses-01,1,,80,20,92,5,0.489130,0.489130,0.328467,0.560019,1.025408,0.708435,0.323910
fbcnet,cross_session,sub-002,,ses-03,ses-02,1,,80,20,95,5,0.431579,0.434176,0.396186,0.446365,0.960240,0.632546,0.235517
fbcnet,cross_session,sub-002,,ses-03,ses-04,1,,80,20,100,5,0.490000,0.490000,0.328859,0.470400,0.961611,0.697722,0.310546
fbcnet,cross_session,sub-002,,ses-03,ses-05,1,,80,20,95,5,0.452632,0.450754,0.449643,0.501331,0.792045,0.582454,0.225133
fbcnet,cross_session,sub-002,,ses-04,ses-01,1,,80,20,92,1,0.500000,0.500000,0.351716,0.524575,0.979445,0.685447,0.311305
fbcnet,cross_session,sub-002,,ses-04,ses-02,1,,80,20,95,1,0.484211,0.479388,0.343349,0.504876,0.910246,0.660758,0.294673
fbcnet,cross_session,sub-002,,ses-04,ses-03,1,,80,20,100,1,0.500000,0.471698,0.333333,0.468085,1.029679,0.704240,0.322889
fbcnet,cross_session,sub-002,,ses-04,ses-05,1,,80,20,95,1,0.494737,0.484250,0.425403,0.481366,0.833823,0.602734,0.218631
fbcnet,cross_session,sub-002,,ses-05,ses-01,1,,76,19,92,5,0.510870,0.510870,0.471871,0.485822,1.278327,0.769067,0.341140
fbcnet,cross_session,sub-002,,ses-05,ses-02,1,,76,19,95,5,0.484211,0.488918,0.358904,0.591312,1.408740,0.846263,0.421051
fbcnet,cross_session,sub-002,,ses-05,ses-03,1,,76,19,100,5,0.460000,0.489362,0.315068,0.500602,1.664454,0.933304,0.463677
fbcnet,cross_session,sub-002,,ses-05,ses-04,1,,76,19,100,5,0.500000,0.500000,0.333333,0.514000,2.102339,0.965925,0.482968
fbcnet,cross_session,sub-003,,ses-01,ses-02,1,,73,19,100,15,0.470000,0.470000,0.385934,0.473600,1.040811,0.707738,0.308128
fbcnet,cross_session,sub-003,,ses-01,ses-03,1,,73,19,92,15,0.489130,0.481087,0.402680,0.516312,1.202603,0.775639,0.387535
fbcnet,cross_session,sub-003,,ses-01,ses-04,1,,73,19,100,15,0.550000,0.550000,0.544488,0.616400,0.686760,0.492801,0.088831
fbcnet,cross_session,sub-003,,ses-01,ses-05,1,,73,19,100,15,0.480000,0.480000,0.412031,0.484400,0.838622,0.615149,0.237595
fbcnet,cross_session,sub-003,,ses-02,ses-01,1,,80,20,92,9,0.434783,0.428977,0.421384,0.455966,0.794005,0.588333,0.221914
fbcnet,cross_session,sub-003,,ses-02,ses-03,1,,80,20,92,9,0.467391,0.477778,0.318519,0.462884,2.425386,1.005198,0.509571
fbcnet,cross_session,sub-003,,ses-02,ses-04,1,,80,20,100,9,0.490000,0.490000,0.328859,0.553600,1.231985,0.808540,0.398948
fbcnet,cross_session,sub-003,,ses-02,ses-05,1,,80,20,100,9,0.500000,0.500000,0.333333,0.592000,1.606686,0.892993,0.446863
fbcnet,cross_session,sub-003,,ses-03,ses-01,1,,73,19,92,3,0.478261,0.500000,0.323529,0.447443,1.711776,0.953150,0.474228
fbcnet,cross_session,sub-003,,ses-03,ses-02,1,,73,19,100,3,0.500000,0.500000,0.333333,0.562800,1.204470,0.795912,0.391399
fbcnet,cross_session,sub-003,,ses-03,ses-04,1,,73,19,100,3,0.500000,0.500000,0.333333,0.614800,1.090187,0.759377,0.371333
fbcnet,cross_session,sub-003,,ses-03,ses-05,1,,73,19,100,3,0.500000,0.500000,0.333333,0.521600,1.078105,0.752910,0.355845
fbcnet,cross_session,sub-003,,ses-04,ses-01,1,,80,20,92,3,0.521739,0.541667,0.410256,0.579545,0.887342,0.648393,0.291217
fbcnet,cross_session,sub-003,,ses-04,ses-02,1,,80,20,100,3,0.530000,0.530000,0.480031,0.542800,0.757059,0.548192,0.133831
fbcnet,cross_session,sub-003,,ses-04,ses-03,1,,80,20,92,3,0.586957,0.589598,0.582018,0.618440,0.853280,0.547170,0.183620
fbcnet,cross_session,sub-003,,ses-04,ses-05,1,,80,20,100,3,0.550000,0.550000,0.502157,0.561600,0.727001,0.530568,0.161828
fbcnet,cross_session,sub-003,,ses-05,ses-01,1,,80,20,92,1,0.478261,0.500000,0.323529,0.445549,1.216934,0.807312,0.387241
fbcnet,cross_session,sub-003,,ses-05,ses-02,1,,80,20,100,1,0.550000,0.550000,0.478624,0.645600,0.700983,0.506043,0.125491
fbcnet,cross_session,sub-003,,ses-05,ses-03,1,,80,20,92,1,0.478261,0.469504,0.370940,0.462884,1.009826,0.664683,0.265610
fbcnet,cross_session,sub-003,,ses-05,ses-04,1,,80,20,100,1,0.520000,0.520000,0.516908,0.552000,0.698571,0.505628,0.109782
fbcnet,cross_session,sub-004,,ses-01,ses-02,1,,69,18,97,5,0.546392,0.548044,0.535279,0.573980,0.696000,0.502164,0.061672
fbcnet,cross_session,sub-004,,ses-01,ses-03,1,,69,18,91,5,0.505495,0.509448,0.504537,0.515019,0.779303,0.570945,0.166083
fbcnet,cross_session,sub-004,,ses-01,ses-04,1,,69,18,100,5,0.490000,0.490000,0.443171,0.522400,0.724682,0.528486,0.127700
fbcnet,cross_session,sub-004,,ses-01,ses-05,1,,69,18,100,5,0.500000,0.500000,0.450549,0.400000,0.768667,0.568092,0.168862
fbcnet,cross_session,sub-004,,ses-02,ses-01,1,,77,20,87,12,0.425287,0.424419,0.421543,0.420190,0.901918,0.618398,0.224647
fbcnet,cross_session,sub-004,,ses-02,ses-03,1,,77,20,91,12,0.472527,0.475775,0.471954,0.491279,0.846708,0.616245,0.244948
fbcnet,cross_session,sub-004,,ses-02,ses-04,1,,77,20,100,12,0.520000,0.520000,0.507389,0.518400,0.719102,0.523523,0.148362
fbcnet,cross_session,sub-004,,ses-02,ses-05,1,,77,20,100,12,0.500000,0.500000,0.350312,0.607200,0.846820,0.616931,0.255278
fbcnet,cross_session,sub-004,,ses-03,ses-01,1,,72,19,87,20,0.482759,0.483087,0.482485,0.510571,0.851308,0.599226,0.206409
fbcnet,cross_session,sub-004,,ses-03,ses-02,1,,72,19,97,20,0.587629,0.583971,0.525904,0.587585,0.797914,0.560825,0.259519
fbcnet,cross_session,sub-004,,ses-03,ses-04,1,,72,19,100,20,0.550000,0.550000,0.536608,0.572000,0.695551,0.502765,0.101127
fbcnet,cross_session,sub-004,,ses-03,ses-05,1,,72,19,100,20,0.450000,0.450000,0.445509,0.501200,0.732204,0.533459,0.164970
fbcnet,cross_session,sub-004,,ses-04,ses-01,1,,80,20,87,8,0.494253,0.489429,0.382581,0.613636,1.003391,0.638639,0.294289
fbcnet,cross_session,sub-004,,ses-04,ses-02,1,,80,20,97,8,0.515464,0.510842,0.389937,0.528912,0.978699,0.667800,0.276415
fbcnet,cross_session,sub-004,,ses-04,ses-03,1,,80,20,91,8,0.516484,0.492006,0.377488,0.536337,1.247949,0.750689,0.355551
fbcnet,cross_session,sub-004,,ses-04,ses-05,1,,80,20,100,8,0.450000,0.450000,0.406752,0.503200,0.842095,0.623112,0.254860
fbcnet,cross_session,sub-004,,ses-05,ses-01,1,,80,20,87,21,0.505747,0.500000,0.335878,0.541755,4.331260,0.986115,0.493001
fbcnet,cross_session,sub-004,,ses-05,ses-02,1,,80,20,97,21,0.484536,0.479592,0.326389,0.598214,2.473660,0.936994,0.482074
fbcnet,cross_session,sub-004,,ses-05,ses-03,1,,80,20,91,21,0.549451,0.523256,0.394809,0.531492,3.363678,0.859987,0.434722
fbcnet,cross_session,sub-004,,ses-05,ses-04,1,,80,20,100,21,0.500000,0.500000,0.333333,0.547600,1.737056,0.916521,0.469323
fbcnet,cross_session,sub-005,,ses-01,ses-02,1,,75,19,100,28,0.500000,0.500000,0.333333,0.655200,1.536216,0.886885,0.449198
fbcnet,cross_session,sub-005,,ses-01,ses-03,1,,75,19,93,28,0.516129,0.510870,0.359406,0.554117,1.266831,0.812956,0.403455
fbcnet,cross_session,sub-005,,ses-01,ses-04,1,,75,19,99,28,0.494949,0.500000,0.331081,0.477959,1.607287,0.920332,0.457043
fbcnet,cross_session,sub-005,,ses-01,ses-05,1,,75,19,89,28,0.483146,0.500000,0.325758,0.507583,2.043304,0.972342,0.490529
fbcnet,cross_session,sub-005,,ses-02,ses-01,1,,80,20,94,78,0.521277,0.500000,0.342657,0.540816,6.394508,0.957321,0.478670
fbcnet,cross_session,sub-005,,ses-02,ses-03,1,,80,20,93,78,0.483871,0.488668,0.359357,0.448659,3.332717,0.976422,0.481948
fbcnet,cross_session,sub-005,,ses-02,ses-04,1,,80,20,99,78,0.484848,0.480000,0.326531,0.523673,3.019529,0.967889,0.487955
fbcnet,cross_session,sub-005,,ses-02,ses-05,1,,80,20,89,78,0.516854,0.500000,0.340741,0.557634,3.720025,0.931615,0.468805
fbcnet,cross_session,sub-005,,ses-03,ses-01,1,,74,19,94,13,0.521277,0.500000,0.342657,0.406349,2.006913,0.907968,0.447669
fbcnet,cross_session,sub-005,,ses-03,ses-02,1,,74,19,100,13,0.590000,0.590000,0.552353,0.666800,0.705332,0.498035,0.082168
fbcnet,cross_session,sub-005,,ses-03,ses-04,1,,74,19,99,13,0.505051,0.503673,0.494951,0.509388,0.761216,0.553762,0.161653
fbcnet,cross_session,sub-005,,ses-03,ses-05,1,,74,19,89,13,0.471910,0.476997,0.462132,0.496461,0.820469,0.594341,0.207841
fbcnet,cross_session,sub-005,,ses-04,ses-01,1,,79,20,94,36,0.595745,0.584127,0.556384,0.570522,1.138927,0.633509,0.274177
fbcnet,cross_session,sub-005,,ses-04,ses-02,1,,79,20,100,36,0.490000,0.490000,0.443171,0.460400,1.123263,0.740170,0.307128
fbcnet,cross_session,sub-005,,ses-04,ses-03,1,,79,20,93,36,0.516129,0.510870,0.359406,0.571693,1.637324,0.843426,0.433100
fbcnet,cross_session,sub-005,,ses-04,ses-05,1,,79,20,89,36,0.483146,0.500000,0.325758,0.488372,2.834018,0.986283,0.490186
fbcnet,cross_session,sub-005,,ses-05,ses-01,1,,71,18,94,9,0.542553,0.524036,0.421497,0.412698,1.064929,0.706354,0.279862
fbcnet,cross_session,sub-005,,ses-05,ses-02,1,,71,18,100,9,0.550000,0.550000,0.459070,0.704000,0.723073,0.518516,0.196615
fbcnet,cross_session,sub-005,,ses-05,ses-03,1,,71,18,93,9,0.537634,0.533071,0.432685,0.519426,0.890257,0.599657,0.197330
fbcnet,cross_session,sub-005,,ses-05,ses-04,1,,71,18,99,9,0.444444,0.447551,0.388271,0.423673,0.783334,0.584394,0.240368
fbcnet,cross_session,sub-006,,ses-01,ses-02,1,,74,19,94,39,0.478723,0.484601,0.439045,0.442029,1.652298,0.858574,0.409080
fbcnet,cross_session,sub-006,,ses-01,ses-03,1,,74,19,95,39,0.463158,0.467642,0.347475,0.611259,1.138326,0.736944,0.374235
fbcnet,cross_session,sub-006,,ses-01,ses-04,1,,74,19,92,39,0.510870,0.501418,0.389651,0.604728,1.084264,0.668513,0.294858
fbcnet,cross_session,sub-006,,ses-01,ses-05,1,,74,19,95,39,0.547368,0.540594,0.521719,0.495120,1.138006,0.680960,0.269394
fbcnet,cross_session,sub-006,,ses-02,ses-01,1,,75,19,93,1,0.494624,0.502083,0.470118,0.476852,0.916822,0.658474,0.223537
fbcnet,cross_session,sub-006,,ses-02,ses-03,1,,75,19,95,1,0.547368,0.545434,0.530514,0.523936,0.767749,0.552729,0.196039
fbcnet,cross_session,sub-006,,ses-02,ses-04,1,,75,19,92,1,0.500000,0.498345,0.496190,0.583452,0.809632,0.591841,0.264145
fbcnet,cross_session,sub-006,,ses-02,ses-05,1,,75,19,95,1,0.526316,0.518855,0.494023,0.484028,0.878169,0.616710,0.229311
fbcnet,cross_session,sub-006,,ses-03,ses-01,1,,76,19,93,55,0.537634,0.538194,0.537634,0.570833,0.799979,0.559715,0.165165
fbcnet,cross_session,sub-006,,ses-03,ses-02,1,,76,19,94,55,0.404255,0.405797,0.401818,0.455616,0.913594,0.651667,0.293556
fbcnet,cross_session,sub-006,,ses-03,ses-04,1,,76,19,92,55,0.532609,0.526478,0.488559,0.578251,0.934867,0.616686,0.273779
fbcnet,cross_session,sub-006,,ses-03,ses-05,1,,76,19,95,55,0.431579,0.439663,0.396186,0.449423,1.030241,0.693619,0.296833
fbcnet,cross_session,sub-006,,ses-04,ses-01,1,,73,19,93,99,0.494624,0.481250,0.379912,0.529630,2.590500,0.918596,0.476282
fbcnet,cross_session,sub-006,,ses-04,ses-02,1,,73,19,94,99,0.489362,0.495471,0.447059,0.546196,3.213054,0.985387,0.496066
fbcnet,cross_session,sub-006,,ses-04,ses-03,1,,73,19,95,99,0.494737,0.500000,0.330986,0.583333,7.533649,1.010179,0.505136
fbcnet,cross_session,sub-006,,ses-04,ses-05,1,,73,19,95,99,0.505263,0.497116,0.465205,0.506211,2.030243,0.882865,0.429274
fbcnet,cross_session,sub-006,,ses-05,ses-01,1,,76,19,93,41,0.462366,0.464583,0.460807,0.472222,0.852099,0.591791,0.187222
fbcnet,cross_session,sub-006,,ses-05,ses-02,1,,76,19,94,41,0.521277,0.511322,0.378946,0.584239,0.894107,0.627506,0.267268
fbcnet,cross_session,sub-006,,ses-05,ses-03,1,,76,19,95,41,0.421053,0.424424,0.356923,0.443706,0.861876,0.630358,0.268511
fbcnet,cross_session,sub-006,,ses-05,ses-04,1,,76,19,92,41,0.565217,0.564066,0.563360,0.617021,0.773069,0.553377,0.219449
fbcnet,cross_session,sub-007,,ses-01,ses-02,1,,80,20,100,2,0.460000,0.460000,0.459135,0.503200,0.720619,0.529648,0.183509
fbcnet,cross_session,sub-007,,ses-01,ses-03,1,,80,20,96,2,0.614583,0.614583,0.604938,0.641059,0.673597,0.478487,0.143528
fbcnet,cross_session,sub-007,,ses-01,ses-04,1,,80,20,92,2,0.521739,0.521739,0.492732,0.488185,0.809271,0.590706,0.181352
fbcnet,cross_session,sub-007,,ses-01,ses-05,1,,80,20,100,2,0.530000,0.530000,0.526162,0.543200,0.719987,0.521099,0.086259
fbcnet,cross_session,sub-007,,ses-02,ses-01,1,,80,20,100,10,0.500000,0.500000,0.479167,0.526800,0.730190,0.534984,0.144468
fbcnet,cross_session,sub-007,,ses-02,ses-03,1,,80,20,96,10,0.489583,0.489583,0.489528,0.528646,0.847978,0.595233,0.217729
fbcnet,cross_session,sub-007,,ses-02,ses-04,1,,80,20,92,10,0.543478,0.543478,0.541528,0.563800,0.768699,0.557061,0.186152
fbcnet,cross_session,sub-007,,ses-02,ses-05,1,,80,20,100,10,0.550000,0.550000,0.549955,0.580000,0.704349,0.506166,0.098150
fbcnet,cross_session,sub-007,,ses-03,ses-01,1,,76,20,100,6,0.550000,0.550000,0.435737,0.642800,0.750898,0.548161,0.178627
fbcnet,cross_session,sub-007,,ses-03,ses-02,1,,76,20,100,6,0.540000,0.540000,0.471507,0.546400,0.801569,0.582329,0.210946
fbcnet,cross_session,sub-007,,ses-03,ses-04,1,,76,20,92,6,0.521739,0.521739,0.519696,0.522212,0.724315,0.527671,0.114205
fbcnet,cross_session,sub-007,,ses-03,ses-05,1,,76,20,100,6,0.550000,0.550000,0.502157,0.567600,0.719648,0.523082,0.118039
fbcnet,cross_session,sub-007,,ses-04,ses-01,1,,73,19,100,1,0.560000,0.560000,0.559295,0.565200,0.691946,0.498810,0.097304
fbcnet,cross_session,sub-007,,ses-04,ses-02,1,,73,19,100,1,0.570000,0.570000,0.524284,0.548000,0.756283,0.538065,0.148221
fbcnet,cross_session,sub-007,,ses-04,ses-03,1,,73,19,96,1,0.489583,0.489583,0.482793,0.548177,0.744269,0.532156,0.138058
fbcnet,cross_session,sub-007,,ses-04,ses-05,1,,73,19,100,1,0.590000,0.590000,0.587981,0.571200,0.704190,0.508091,0.111673
fbcnet,cross_session,sub-007,,ses-05,ses-01,1,,80,20,100,1,0.570000,0.570000,0.562608,0.629200,0.673473,0.480257,0.042424
fbcnet,cross_session,sub-007,,ses-05,ses-02,1,,80,20,100,1,0.550000,0.550000,0.533147,0.568000,0.711771,0.513443,0.087032
fbcnet,cross_session,sub-007,,ses-05,ses-03,1,,80,20,96,1,0.552083,0.552083,0.537583,0.582031,0.715128,0.513005,0.098368
fbcnet,cross_session,sub-007,,ses-05,ses-04,1,,80,20,92,1,0.554348,0.554348,0.524638,0.599716,0.709841,0.509493,0.137339
fbcnet,cross_session,sub-008,,ses-01,ses-02,1,,80,20,94,13,0.500000,0.500000,0.333333,0.435491,5.259424,0.999314,0.499650
fbcnet,cross_session,sub-008,,ses-01,ses-03,1,,80,20,89,13,0.494382,0.500000,0.330827,0.554545,4.612673,1.009721,0.504992
fbcnet,cross_session,sub-008,,ses-01,ses-04,1,,80,20,96,13,0.500000,0.500000,0.350986,0.503038,1.155360,0.723146,0.332751
fbcnet,cross_session,sub-008,,ses-01,ses-05,1,,80,20,100,13,0.500000,0.500000,0.333333,0.488400,1.426177,0.846171,0.414232
fbcnet,cross_session,sub-008,,ses-02,ses-01,1,,75,19,100,8,0.510000,0.510000,0.422102,0.561600,0.703932,0.510084,0.085039
fbcnet,cross_session,sub-008,,ses-02,ses-03,1,,75,19,89,8,0.561798,0.562121,0.561576,0.578788,0.695387,0.501966,0.073496
fbcnet,cross_session,sub-008,,ses-02,ses-04,1,,75,19,96,8,0.489583,0.489583,0.468775,0.490017,0.736764,0.538445,0.108550
fbcnet,cross_session,sub-008,,ses-02,ses-05,1,,75,19,100,8,0.550000,0.550000,0.459070,0.459200,0.719411,0.524820,0.125380
fbcnet,cross_session,sub-008,,ses-03,ses-01,1,,71,18,100,43,0.500000,0.500000,0.333333,0.512000,1.077602,0.739557,0.341086
fbcnet,cross_session,sub-008,,ses-03,ses-02,1,,71,18,94,43,0.531915,0.531915,0.526557,0.560887,0.828841,0.559242,0.151489
fbcnet,cross_session,sub-008,,ses-03,ses-04,1,,71,18,96,43,0.500000,0.500000,0.381643,0.449219,0.901510,0.657719,0.264331
fbcnet,cross_session,sub-008,,ses-03,ses-05,1,,71,18,100,43,0.540000,0.540000,0.479873,0.457600,0.758943,0.557596,0.154218
fbcnet,cross_session,sub-008,,ses-04,ses-01,1,,76,20,100,3,0.470000,0.470000,0.467390,0.428000,0.757581,0.559831,0.133500
fbcnet,cross_session,sub-008,,ses-04,ses-02,1,,76,20,94,3,0.478723,0.478723,0.340776,0.553644,0.871348,0.643034,0.281128
fbcnet,cross_session,sub-008,,ses-04,ses-03,1,,76,20,89,3,0.539326,0.535859,0.488721,0.539899,0.731324,0.534076,0.131674
fbcnet,cross_session,sub-008,,ses-04,ses-05,1,,76,20,100,3,0.480000,0.480000,0.466338,0.447600,0.745299,0.547892,0.119271
fbcnet,cross_session,sub-008,,ses-05,ses-01,1,,80,20,100,2,0.460000,0.460000,0.414062,0.425600,0.771737,0.571753,0.198024
fbcnet,cross_session,sub-008,,ses-05,ses-02,1,,80,20,94,2,0.521277,0.521277,0.484837,0.497057,0.898364,0.634359,0.239910
fbcnet,cross_session,sub-008,,ses-05,ses-03,1,,80,20,89,2,0.505618,0.500758,0.388125,0.509596,0.811213,0.594089,0.195675
fbcnet,cross_session,sub-008,,ses-05,ses-04,1,,80,20,96,2,0.395833,0.395833,0.394783,0.397569,0.768336,0.570299,0.195111
fbcnet,cross_session,sub-009,,ses-01,ses-02,1,,78,20,100,14,0.490000,0.490000,0.328859,0.384000,0.907586,0.667396,0.284760
fbcnet,cross_session,sub-009,,ses-01,ses-03,1,,78,20,100,14,0.510000,0.510000,0.441595,0.559200,0.760058,0.552163,0.157513
fbcnet,cross_session,sub-009,,ses-01,ses-04,1,,78,20,96,14,0.520833,0.509565,0.476281,0.447391,0.826026,0.585308,0.172081
fbcnet,cross_session,sub-009,,ses-01,ses-05,1,,78,20,99,14,0.474747,0.470612,0.366010,0.565306,0.842005,0.613288,0.256078
fbcnet,cross_session,sub-009,,ses-02,ses-01,1,,80,20,98,14,0.510204,0.500000,0.337838,0.531667,1.739299,0.821971,0.404382
fbcnet,cross_session,sub-009,,ses-02,ses-03,1,,80,20,100,14,0.520000,0.520000,0.448529,0.398800,1.638548,0.853664,0.420267
fbcnet,cross_session,sub-009,,ses-02,ses-04,1,,80,20,96,14,0.531250,0.533478,0.530792,0.544130,1.408758,0.661239,0.247683
fbcnet,cross_session,sub-009,,ses-02,ses-05,1,,80,20,99,14,0.494949,0.500000,0.331081,0.472245,1.403231,0.849510,0.417653
fbcnet,cross_session,sub-009,,ses-03,ses-01,1,,80,20,98,54,0.510204,0.500000,0.337838,0.597083,1.603013,0.864935,0.434112
fbcnet,cross_session,sub-009,,ses-03,ses-02,1,,80,20,100,54,0.410000,0.410000,0.363607,0.412800,0.941972,0.696008,0.303294
fbcnet,cross_session,sub-009,,ses-03,ses-04,1,,80,20,96,54,0.541667,0.540000,0.539869,0.498696,0.917738,0.609498,0.218815
fbcnet,cross_session,sub-009,,ses-03,ses-05,1,,80,20,99,54,0.474747,0.479184,0.352616,0.445306,1.282519,0.758237,0.337920
fbcnet,cross_session,sub-009,,ses-04,ses-01,1,,76,20,98,25,0.479592,0.474583,0.443368,0.505833,0.734459,0.538869,0.169716
fbcnet,cross_session,sub-009,,ses-04,ses-02,1,,76,20,100,25,0.490000,0.490000,0.466471,0.492000,0.756623,0.555708,0.167865
fbcnet,cross_session,sub-009,,ses-04,ses-03,1,,76,20,100,25,0.470000,0.470000,0.434667,0.451200,0.777020,0.570883,0.142838
fbcnet,cross_session,sub-009,,ses-04,ses-05,1,,76,20,99,25,0.454545,0.451429,0.395249,0.433061,0.777781,0.577634,0.183790
fbcnet,cross_session,sub-009,,ses-05,ses-01,1,,79,20,98,4,0.520408,0.510833,0.377147,0.554583,1.392567,0.840486,0.415207
fbcnet,cross_session,sub-009,,ses-05,ses-02,1,,79,20,100,4,0.500000,0.500000,0.333333,0.410800,2.843638,0.992248,0.495685
fbcnet,cross_session,sub-009,,ses-05,ses-03,1,,79,20,100,4,0.500000,0.500000,0.333333,0.476400,3.613348,0.998314,0.499129
fbcnet,cross_session,sub-009,,ses-05,ses-04,1,,79,20,96,4,0.520833,0.500870,0.361111,0.513913,2.381037,0.894581,0.446575
fbcnet,cross_session,sub-010,,ses-01,ses-02,1,,71,18,94,9,0.510638,0.510638,0.507068,0.483929,2.290688,0.857780,0.427621
fbcnet,cross_session,sub-010,,ses-01,ses-03,1,,71,18,100,9,0.500000,0.500000,0.333333,0.509200,1.933223,0.846615,0.416640
fbcnet,cross_session,sub-010,,ses-01,ses-04,1,,71,18,100,9,0.500000,0.500000,0.333333,0.512000,1.298382,0.810723,0.399740
fbcnet,cross_session,sub-010,,ses-01,ses-05,1,,71,18,97,9,0.484536,0.483418,0.477821,0.517857,2.055241,0.751802,0.354901
fbcnet,cross_session,sub-010,,ses-02,ses-01,1,,75,19,89,57,0.505618,0.489130,0.335821,0.541456,1.196542,0.787987,0.376396
fbcnet,cross_session,sub-010,,ses-02,ses-03,1,,75,19,100,57,0.530000,0.530000,0.435028,0.641200,0.942438,0.651835,0.285399
fbcnet,cross_session,sub-010,,ses-02,ses-04,1,,75,19,100,57,0.490000,0.490000,0.328859,0.574800,1.212568,0.800688,0.411888
fbcnet,cross_session,sub-010,,ses-02,ses-05,1,,75,19,97,57,0.525773,0.530400,0.409788,0.546344,1.171803,0.761664,0.386142
fbcnet,cross_session,sub-010,,ses-03,ses-01,1,,80,20,89,8,0.528090,0.522245,0.510220,0.496461,0.766802,0.561082,0.165081
fbcnet,cross_session,sub-010,,ses-03,ses-02,1,,80,20,94,8,0.521277,0.521277,0.508768,0.584880,0.757538,0.531153,0.151506
fbcnet,cross_session,sub-010,,ses-03,ses-04,1,,80,20,100,8,0.540000,0.540000,0.429563,0.500000,0.901000,0.650022,0.298768
fbcnet,cross_session,sub-010,,ses-03,ses-05,1,,80,20,97,8,0.546392,0.545068,0.538095,0.556122,0.924781,0.539805,0.138435
fbcnet,cross_session,sub-010,,ses-04,ses-01,1,,80,20,89,3,0.573034,0.559656,0.483822,0.495956,0.762870,0.558021,0.206604
fbcnet,cross_session,sub-010,,ses-04,ses-02,1,,80,20,94,3,0.500000,0.500000,0.351343,0.605704,1.083949,0.741305,0.357258
fbcnet,cross_session,sub-010,,ses-04,ses-03,1,,80,20,100,3,0.490000,0.490000,0.489949,0.538000,0.722618,0.524927,0.139896
fbcnet,cross_session,sub-010,,ses-04,ses-05,1,,80,20,97,3,0.546392,0.544218,0.524086,0.551871,0.830519,0.546257,0.122307
fbcnet,cross_session,sub-010,,ses-05,ses-01,1,,77,20,89,17,0.516854,0.500000,0.340741,0.518706,1.152913,0.777611,0.373779
fbcnet,cross_session,sub-010,,ses-05,ses-02,1,,77,20,94,17,0.531915,0.531915,0.440476,0.540516,0.737208,0.539384,0.127451
fbcnet,cross_session,sub-010,,ses-05,ses-03,1,,77,20,100,17,0.490000,0.490000,0.483753,0.506800,0.712480,0.518643,0.095042
fbcnet,cross_session,sub-010,,ses-05,ses-04,1,,77,20,100,17,0.490000,0.490000,0.328859,0.444400,0.946250,0.689698,0.296201
fbcnet,cross_session,sub-011,,ses-01,ses-02,1,,80,20,94,7,0.521277,0.500000,0.342657,0.451701,2.214536,0.896269,0.451191
fbcnet,cross_session,sub-011,,ses-01,ses-03,1,,80,20,100,7,0.500000,0.500000,0.333333,0.599200,1.605697,0.894200,0.460023
fbcnet,cross_session,sub-011,,ses-01,ses-04,1,,80,20,100,7,0.480000,0.480000,0.324324,0.456800,0.942490,0.681674,0.293918
fbcnet,cross_session,sub-011,,ses-01,ses-05,1,,80,20,100,7,0.500000,0.500000,0.333333,0.528000,1.018206,0.719644,0.326374
fbcnet,cross_session,sub-011,,ses-02,ses-01,1,,75,19,100,1,0.520000,0.520000,0.428571,0.400400,0.820598,0.603017,0.221588
fbcnet,cross_session,sub-011,,ses-02,ses-03,1,,75,19,100,1,0.460000,0.460000,0.459135,0.480400,0.750066,0.550783,0.153137
fbcnet,cross_session,sub-011,,ses-02,ses-04,1,,75,19,100,1,0.480000,0.480000,0.368626,0.455600,0.791233,0.584985,0.196881
fbcnet,cross_session,sub-011,,ses-02,ses-05,1,,75,19,100,1,0.500000,0.500000,0.492695,0.506400,0.724360,0.527988,0.088579
fbcnet,cross_session,sub-011,,ses-03,ses-01,1,,80,20,100,2,0.500000,0.500000,0.333333,0.463200,1.085476,0.749113,0.344420
fbcnet,cross_session,sub-011,,ses-03,ses-02,1,,80,20,94,2,0.521277,0.500000,0.342657,0.516100,1.423851,0.785909,0.372661
fbcnet,cross_session,sub-011,,ses-03,ses-04,1,,80,20,100,2,0.500000,0.500000,0.350312,0.480800,0.828171,0.611284,0.222561
fbcnet,cross_session,sub-011,,ses-03,ses-05,1,,80,20,100,2,0.540000,0.540000,0.530804,0.523600,0.712718,0.517565,0.128004
fbcnet,cross_session,sub-011,,ses-04,ses-01,1,,80,20,100,2,0.500000,0.500000,0.333333,0.448400,0.956590,0.686529,0.296818
fbcnet,cross_session,sub-011,,ses-04,ses-02,1,,80,20,94,2,0.510638,0.489796,0.338028,0.522902,1.216927,0.745270,0.348136
fbcnet,cross_session,sub-011,,ses-04,ses-03,1,,80,20,100,2,0.480000,0.480000,0.478121,0.508400,0.784728,0.572425,0.210730
fbcnet,cross_session,sub-011,,ses-04,ses-05,1,,80,20,100,2,0.540000,0.540000,0.506650,0.536000,0.717776,0.521238,0.106013
fbcnet,cross_session,sub-011,,ses-05,ses-01,1,,80,20,100,2,0.510000,0.510000,0.355178,0.452000,0.951317,0.683953,0.290695
fbcnet,cross_session,sub-011,,ses-05,ses-02,1,,80,20,94,2,0.521277,0.500000,0.342657,0.503401,1.757716,0.850318,0.428210
fbcnet,cross_session,sub-011,,ses-05,ses-03,1,,80,20,100,2,0.510000,0.510000,0.385580,0.497600,0.924055,0.654661,0.259047
fbcnet,cross_session,sub-011,,ses-05,ses-04,1,,80,20,100,2,0.490000,0.490000,0.328859,0.464400,0.930845,0.681977,0.293305
fbcnet,cross_session,sub-012,,ses-01,ses-02,1,,80,20,91,3,0.483516,0.482126,0.474376,0.470048,0.797227,0.581414,0.206674
fbcnet,cross_session,sub-012,,ses-01,ses-03,1,,80,20,97,3,0.556701,0.554847,0.540892,0.540816,0.759837,0.551395,0.156329
fbcnet,cross_session,sub-012,,ses-01,ses-04,1,,80,20,87,3,0.540230,0.544444,0.535256,0.510053,1.075384,0.662224,0.255128
fbcnet,cross_session,sub-012,,ses-01,ses-05,1,,80,20,83,3,0.421687,0.476359,0.341270,0.463948,1.049398,0.753127,0.342767
fbcnet,cross_session,sub-012,,ses-02,ses-01,1,,72,19,100,13,0.410000,0.410000,0.382781,0.409600,0.865642,0.637797,0.270525
fbcnet,cross_session,sub-012,,ses-02,ses-03,1,,72,19,97,13,0.525773,0.524660,0.519595,0.520833,0.842356,0.587647,0.229946
fbcnet,cross_session,sub-012,,ses-02,ses-04,1,,72,19,87,13,0.540230,0.555556,0.438710,0.630159,1.003591,0.662711,0.289453
fbcnet,cross_session,sub-012,,ses-02,ses-05,1,,72,19,83,13,0.554217,0.495863,0.400780,0.446809,1.108127,0.726638,0.338333
fbcnet,cross_session,sub-012,,ses-03,ses-01,1,,77,20,100,11,0.500000,0.500000,0.379960,0.573200,1.063518,0.730632,0.338066
fbcnet,cross_session,sub-012,,ses-03,ses-02,1,,77,20,91,11,0.461538,0.459662,0.444361,0.483092,1.378115,0.705571,0.350671
fbcnet,cross_session,sub-012,,ses-03,ses-04,1,,77,20,87,11,0.482759,0.495238,0.412955,0.474603,1.677027,0.788030,0.371216
fbcnet,cross_session,sub-012,,ses-03,ses-05,1,,77,20,83,11,0.481928,0.458038,0.449992,0.442671,1.081542,0.707873,0.302284
fbcnet,cross_session,sub-012,,ses-04,ses-01,1,,69,18,100,14,0.430000,0.430000,0.429943,0.431600,0.833871,0.611607,0.226612
fbcnet,cross_session,sub-012,,ses-04,ses-02,1,,69,18,91,14,0.461538,0.464976,0.405229,0.422705,0.908701,0.646831,0.228545
fbcnet,cross_session,sub-012,,ses-04,ses-03,1,,69,18,97,14,0.463918,0.461735,0.437556,0.493197,0.860679,0.612634,0.227132
fbcnet,cross_session,sub-012,,ses-04,ses-05,1,,69,18,83,14,0.493976,0.439421,0.350596,0.417849,1.425175,0.798862,0.372880
fbcnet,cross_session,sub-012,,ses-05,ses-01,1,,66,17,100,16,0.500000,0.500000,0.333333,0.532400,1.338263,0.807996,0.397883
fbcnet,cross_session,sub-012,,ses-05,ses-02,1,,66,17,91,16,0.505495,0.500000,0.335766,0.363285,1.128641,0.754319,0.365648
fbcnet,cross_session,sub-012,,ses-05,ses-03,1,,66,17,97,16,0.494845,0.499362,0.378286,0.417517,1.253832,0.797975,0.360066
fbcnet,cross_session,sub-012,,ses-05,ses-04,1,,66,17,87,16,0.459770,0.469048,0.422865,0.476720,1.223246,0.767468,0.352484
fbcnet,cross_session,sub-013,,ses-01,ses-02,1,,80,20,94,40,0.489362,0.509297,0.361991,0.551474,1.936643,0.921036,0.473659
fbcnet,cross_session,sub-013,,ses-01,ses-03,1,,80,20,100,40,0.660000,0.660000,0.648615,0.706400,0.654937,0.457450,0.082229
fbcnet,cross_session,sub-013,,ses-01,ses-04,1,,80,20,95,40,0.557895,0.559450,0.557453,0.618012,0.746116,0.524771,0.176670
fbcnet,cross_session,sub-013,,ses-01,ses-05,1,,80,20,100,40,0.490000,0.490000,0.474822,0.488000,0.820831,0.596798,0.241112
fbcnet,cross_session,sub-013,,ses-02,ses-01,1,,75,19,100,14,0.580000,0.580000,0.579832,0.559200,0.880746,0.601984,0.266525
fbcnet,cross_session,sub-013,,ses-02,ses-03,1,,75,19,100,14,0.510000,0.510000,0.355178,0.470400,1.885751,0.890413,0.444172
fbcnet,cross_session,sub-013,,ses-02,ses-04,1,,75,19,95,14,0.484211,0.500000,0.326241,0.454747,1.345367,0.836864,0.405257
fbcnet,cross_session,sub-013,,ses-02,ses-05,1,,75,19,100,14,0.470000,0.470000,0.405229,0.486400,0.841905,0.608999,0.233503
fbcnet,cross_session,sub-013,,ses-03,ses-01,1,,80,20,100,83,0.500000,0.500000,0.365804,0.736400,1.939893,0.917156,0.477078
fbcnet,cross_session,sub-013,,ses-03,ses-02,1,,80,20,94,83,0.521277,0.500000,0.342657,0.528798,2.691460,0.924880,0.464501
fbcnet,cross_session,sub-013,,ses-03,ses-04,1,,80,20,95,83,0.515789,0.500000,0.340278,0.650399,2.256991,0.931344,0.472730
fbcnet,cross_session,sub-013,,ses-03,ses-05,1,,80,20,100,83,0.500000,0.500000,0.365804,0.568800,1.174711,0.742593,0.363891
fbcnet,cross_session,sub-013,,ses-04,ses-01,1,,76,19,100,12,0.490000,0.490000,0.418803,0.558800,0.894115,0.612453,0.239718
fbcnet,cross_session,sub-013,,ses-04,ses-02,1,,76,19,94,12,0.489362,0.510204,0.346087,0.397732,1.401472,0.848060,0.390209
fbcnet,cross_session,sub-013,,ses-04,ses-03,1,,76,19,100,12,0.500000,0.500000,0.333333,0.578800,2.623860,0.987385,0.494173
fbcnet,cross_session,sub-013,,ses-04,ses-05,1,,76,19,100,12,0.570000,0.570000,0.492865,0.674000,0.809931,0.573843,0.220353
fbcnet,cross_session,sub-013,,ses-05,ses-01,1,,80,20,100,86,0.500000,0.500000,0.333333,0.515200,3.066851,0.952898,0.469669
fbcnet,cross_session,sub-013,,ses-05,ses-02,1,,80,20,94,86,0.500000,0.490476,0.468159,0.483447,1.111418,0.695056,0.298341
fbcnet,cross_session,sub-013,,ses-05,ses-03,1,,80,20,100,86,0.530000,0.530000,0.516013,0.526400,1.328029,0.753383,0.369258
fbcnet,cross_session,sub-013,,ses-05,ses-04,1,,80,20,95,86,0.568421,0.575643,0.548406,0.593611,1.127675,0.676252,0.294803
fbcnet,cross_session,sub-014,,ses-01,ses-02,1,,80,20,95,7,0.526316,0.527261,0.522933,0.502216,0.743553,0.544145,0.131832
fbcnet,cross_session,sub-014,,ses-01,ses-03,1,,80,20,92,7,0.554348,0.565971,0.545268,0.515425,0.755016,0.549418,0.150467
fbcnet,cross_session,sub-014,,ses-01,ses-04,1,,80,20,92,7,0.489130,0.482033,0.423697,0.457210,0.825671,0.602844,0.192645
fbcnet,cross_session,sub-014,,ses-01,ses-05,1,,80,20,100,7,0.480000,0.480000,0.442299,0.456800,0.781583,0.578336,0.175402
fbcnet,cross_session,sub-014,,ses-02,ses-01,1,,76,19,100,11,0.520000,0.520000,0.503927,0.542400,0.746006,0.543618,0.155031
fbcnet,cross_session,sub-014,,ses-02,ses-03,1,,76,19,92,11,0.456522,0.479829,0.391856,0.513052,0.762978,0.561982,0.205961
fbcnet,cross_session,sub-014,,ses-02,ses-04,1,,76,19,92,11,0.532609,0.523641,0.430217,0.505910,0.862419,0.612278,0.236152
fbcnet,cross_session,sub-014,,ses-02,ses-05,1,,76,19,100,11,0.430000,0.430000,0.408652,0.491200,0.784619,0.578583,0.234074
fbcnet,cross_session,sub-014,,ses-03,ses-01,1,,73,19,100,2,0.550000,0.550000,0.508680,0.523200,0.745147,0.541455,0.115444
fbcnet,cross_session,sub-014,,ses-03,ses-02,1,,73,19,95,2,0.505263,0.500222,0.353741,0.420213,0.850663,0.623275,0.261775
fbcnet,cross_session,sub-014,,ses-03,ses-04,1,,73,19,92,2,0.554348,0.553901,0.553873,0.563593,0.714227,0.513966,0.122057
fbcnet,cross_session,sub-014,,ses-03,ses-05,1,,73,19,100,2,0.510000,0.510000,0.507587,0.510400,0.734765,0.540073,0.163970
fbcnet,cross_session,sub-014,,ses-04,ses-01,1,,73,19,100,7,0.450000,0.450000,0.382785,0.424400,0.853962,0.634097,0.224897
fbcnet,cross_session,sub-014,,ses-04,ses-02,1,,73,19,95,7,0.494737,0.489805,0.348571,0.439716,1.041099,0.725457,0.326462
fbcnet,cross_session,sub-014,,ses-04,ses-03,1,,73,19,92,7,0.543478,0.534409,0.529240,0.494067,0.771886,0.560867,0.114915
fbcnet,cross_session,sub-014,,ses-04,ses-05,1,,73,19,100,7,0.450000,0.450000,0.325236,0.438000,0.882989,0.650631,0.267137
fbcnet,cross_session,sub-014,,ses-05,ses-01,1,,80,20,100,2,0.460000,0.460000,0.368864,0.514000,0.722838,0.528607,0.155963
fbcnet,cross_session,sub-014,,ses-05,ses-02,1,,80,20,95,2,0.463158,0.463431,0.462920,0.413121,0.745825,0.550654,0.169949
fbcnet,cross_session,sub-014,,ses-05,ses-03,1,,80,20,92,2,0.467391,0.500000,0.318519,0.568581,0.923103,0.679082,0.311437
fbcnet,cross_session,sub-014,,ses-05,ses-04,1,,80,20,92,2,0.478261,0.487943,0.356643,0.566903,0.818045,0.606622,0.246486
fbcnet,cross_session,sub-015,,ses-01,ses-02,1,,80,20,95,4,0.484211,0.479167,0.326241,0.542110,0.826623,0.607011,0.244864
fbcnet,cross_session,sub-015,,ses-01,ses-03,1,,80,20,85,4,0.447059,0.414994,0.326193,0.451505,0.808302,0.595656,0.232924
fbcnet,cross_session,sub-015,,ses-01,ses-04,1,,80,20,95,4,0.484211,0.479167,0.326241,0.542110,0.826623,0.607011,0.244864
fbcnet,cross_session,sub-015,,ses-01,ses-05,1,,80,20,98,4,0.510204,0.500417,0.355616,0.531667,0.843885,0.609221,0.224262
fbcnet,cross_session,sub-015,,ses-02,ses-01,1,,76,19,100,13,0.500000,0.500000,0.463749,0.508800,0.854565,0.622384,0.246090
fbcnet,cross_session,sub-015,,ses-02,ses-03,1,,76,19,85,13,0.600000,0.618729,0.587143,0.568004,0.942456,0.612089,0.223413
fbcnet,cross_session,sub-015,,ses-02,ses-04,1,,76,19,95,13,0.915789,0.915780,0.915780,0.962323,0.298607,0.163241,0.118999
fbcnet,cross_session,sub-015,,ses-02,ses-05,1,,76,19,98,13,0.551020,0.544583,0.497436,0.576667,0.779693,0.550180,0.141718
fbcnet,cross_session,sub-015,,ses-03,ses-01,1,,68,17,100,9,0.430000,0.430000,0.420201,0.453600,0.829867,0.615915,0.241003
fbcnet,cross_session,sub-015,,ses-03,ses-02,1,,68,17,95,9,0.505263,0.501330,0.422306,0.540780,0.774962,0.564060,0.193761
fbcnet,cross_session,sub-015,,ses-03,ses-04,1,,68,17,95,9,0.505263,0.501330,0.422306,0.540780,0.774962,0.564060,0.193761
fbcnet,cross_session,sub-015,,ses-03,ses-05,1,,68,17,98,9,0.489796,0.484583,0.451165,0.504583,0.770362,0.561691,0.170459
fbcnet,cross_session,sub-015,,ses-04,ses-01,1,,76,19,100,13,0.500000,0.500000,0.463749,0.508800,0.854565,0.622384,0.246090
fbcnet,cross_session,sub-015,,ses-04,ses-02,1,,76,19,95,13,0.915789,0.915780,0.915780,0.962323,0.298607,0.163241,0.118999
fbcnet,cross_session,sub-015,,ses-04,ses-03,1,,76,19,85,13,0.600000,0.618729,0.587143,0.568004,0.942456,0.612089,0.223413
fbcnet,cross_session,sub-015,,ses-04,ses-05,1,,76,19,98,13,0.551020,0.544583,0.497436,0.576667,0.779693,0.550180,0.141718
fbcnet,cross_session,sub-015,,ses-05,ses-01,1,,78,20,100,46,0.540000,0.540000,0.416540,0.550800,1.663227,0.831115,0.418901
fbcnet,cross_session,sub-015,,ses-05,ses-02,1,,78,20,95,46,0.505263,0.500000,0.335664,0.533245,2.370773,0.950387,0.478898
fbcnet,cross_session,sub-015,,ses-05,ses-03,1,,78,20,85,46,0.517647,0.480212,0.361838,0.484950,1.546543,0.788998,0.383216
fbcnet,cross_session,sub-015,,ses-05,ses-04,1,,78,20,95,46,0.505263,0.500000,0.335664,0.533245,2.370773,0.950387,0.478898
fbcnet,cross_session,sub-016,,ses-01,ses-02,1,,80,20,100,55,0.520000,0.520000,0.376299,0.459200,3.101014,0.953371,0.488525
fbcnet,cross_session,sub-016,,ses-01,ses-03,1,,80,20,100,55,0.500000,0.500000,0.365804,0.600400,3.198313,0.945887,0.483755
fbcnet,cross_session,sub-016,,ses-01,ses-04,1,,80,20,95,55,0.484211,0.489140,0.343349,0.464539,2.350460,0.976163,0.494511
fbcnet,cross_session,sub-016,,ses-01,ses-05,1,,80,20,91,55,0.494505,0.509188,0.380769,0.487427,3.033723,0.939931,0.477121
fbcnet,cross_session,sub-016,,ses-02,ses-01,1,,80,20,100,51,0.520000,0.520000,0.404762,0.511600,1.844866,0.800544,0.382195
fbcnet,cross_session,sub-016,,ses-02,ses-03,1,,80,20,100,51,0.430000,0.430000,0.413037,0.454800,1.133164,0.767583,0.347998
fbcnet,cross_session,sub-016,,ses-02,ses-04,1,,80,20,95,51,0.568421,0.567819,0.566693,0.581117,1.097176,0.609062,0.282826
fbcnet,cross_session,sub-016,,ses-02,ses-05,1,,80,20,91,51,0.483516,0.500000,0.325926,0.550532,5.268433,1.027200,0.514394
fbcnet,cross_session,sub-016,,ses-03,ses-01,1,,80,20,100,72,0.500000,0.500000,0.379960,0.602800,1.240919,0.718948,0.373267
fbcnet,cross_session,sub-016,,ses-03,ses-02,1,,80,20,100,72,0.490000,0.490000,0.374310,0.496000,1.322627,0.786189,0.381620
fbcnet,cross_session,sub-016,,ses-03,ses-04,1,,80,20,95,72,0.494737,0.490027,0.364548,0.451684,1.209016,0.764337,0.331661
fbcnet,cross_session,sub-016,,ses-03,ses-05,1,,80,20,91,72,0.472527,0.488636,0.320896,0.635880,2.226822,0.944984,0.477628
fbcnet,cross_session,sub-016,,ses-04,ses-01,1,,76,19,100,96,0.510000,0.510000,0.355178,0.557200,2.771796,0.936103,0.466176
fbcnet,cross_session,sub-016,,ses-04,ses-02,1,,76,19,100,96,0.560000,0.560000,0.559824,0.586400,0.927126,0.617041,0.252908
fbcnet,cross_session,sub-016,,ses-04,ses-03,1,,76,19,100,96,0.460000,0.460000,0.379596,0.479600,1.747053,0.824257,0.393970
fbcnet,cross_session,sub-016,,ses-04,ses-05,1,,76,19,91,96,0.472527,0.487186,0.353846,0.545455,3.355905,0.921306,0.455766
fbcnet,cross_session,sub-016,,ses-05,ses-01,1,,72,19,100,4,0.480000,0.480000,0.420677,0.444400,0.762392,0.562799,0.166834
fbcnet,cross_session,sub-016,,ses-05,ses-02,1,,72,19,100,4,0.470000,0.470000,0.463508,0.476800,0.748110,0.549668,0.165440
fbcnet,cross_session,sub-016,,ses-05,ses-03,1,,72,19,100,4,0.470000,0.470000,0.463508,0.465600,0.741106,0.539641,0.129761
fbcnet,cross_session,sub-016,,ses-05,ses-04,1,,72,19,95,4,0.557895,0.558954,0.553891,0.520390,0.714237,0.518926,0.116726
fbcnet,cross_session,sub-017,,ses-01,ses-02,1,,80,20,100,55,0.500000,0.500000,0.333333,0.474400,2.442777,0.930012,0.473938
fbcnet,cross_session,sub-017,,ses-01,ses-03,1,,80,20,98,55,0.489796,0.500000,0.328767,0.516667,6.267715,1.020272,0.510150
fbcnet,cross_session,sub-017,,ses-01,ses-04,1,,80,20,100,55,0.490000,0.490000,0.345399,0.513600,2.420183,0.947484,0.471371
fbcnet,cross_session,sub-017,,ses-01,ses-05,1,,80,20,95,55,0.494737,0.500000,0.330986,0.499113,5.419289,1.004937,0.503632
fbcnet,cross_session,sub-017,,ses-02,ses-01,1,,80,20,100,28,0.410000,0.410000,0.399858,0.399600,1.134261,0.771946,0.349692
fbcnet,cross_session,sub-017,,ses-02,ses-03,1,,80,20,98,28,0.520408,0.510417,0.360544,0.612083,1.468864,0.802358,0.399061
fbcnet,cross_session,sub-017,,ses-02,ses-04,1,,80,20,100,28,0.500000,0.500000,0.333333,0.535600,2.162977,0.916572,0.455147
fbcnet,cross_session,sub-017,,ses-02,ses-05,1,,80,20,95,28,0.515789,0.515736,0.515736,0.509752,0.996622,0.653045,0.275432
fbcnet,cross_session,sub-017,,ses-03,ses-01,1,,78,20,100,46,0.460000,0.460000,0.315068,0.468800,1.453810,0.848209,0.421198
fbcnet,cross_session,sub-017,,ses-03,ses-02,1,,78,20,100,46,0.510000,0.510000,0.385580,0.572400,1.039462,0.697125,0.362629
fbcnet,cross_session,sub-017,,ses-03,ses-04,1,,78,20,100,46,0.500000,0.500000,0.333333,0.541600,2.418493,0.958469,0.483772
fbcnet,cross_session,sub-017,,ses-03,ses-05,1,,78,20,95,46,0.547368,0.544326,0.504308,0.579344,1.011216,0.648538,0.274898
fbcnet,cross_session,sub-017,,ses-04,ses-01,1,,80,20,100,55,0.500000,0.500000,0.333333,0.442800,5.892191,0.999948,0.499974
fbcnet,cross_session,sub-017,,ses-04,ses-02,1,,80,20,100,55,0.500000,0.500000,0.333333,0.547200,5.613108,0.999813,0.499938
fbcnet,cross_session,sub-017,,ses-04,ses-03,1,,80,20,98,55,0.561224,0.562083,0.560813,0.597500,1.077554,0.659435,0.307283
fbcnet,cross_session,sub-017,,ses-04,ses-05,1,,80,20,95,55,0.505263,0.510417,0.353741,0.586436,3.393804,0.964744,0.482898
fbcnet,cross_session,sub-017,,ses-05,ses-01,1,,76,19,100,1,0.500000,0.500000,0.333333,0.430800,1.440904,0.878632,0.431041
fbcnet,cross_session,sub-017,,ses-05,ses-02,1,,76,19,100,1,0.500000,0.500000,0.365804,0.438000,0.840076,0.617256,0.258612
fbcnet,cross_session,sub-017,,ses-05,ses-03,1,,76,19,98,1,0.438776,0.441250,0.431614,0.510417,0.752566,0.549941,0.180903
fbcnet,cross_session,sub-017,,ses-05,ses-04,1,,76,19,100,1,0.500000,0.500000,0.365804,0.436400,0.829670,0.612016,0.209929
fbcnet,cross_session,sub-018,,ses-01,ses-02,1,,75,19,100,19,0.500000,0.500000,0.392909,0.479200,1.252234,0.763731,0.340605
fbcnet,cross_session,sub-018,,ses-01,ses-03,1,,75,19,100,19,0.480000,0.480000,0.476651,0.482400,0.891811,0.632005,0.264952
fbcnet,cross_session,sub-018,,ses-01,ses-04,1,,75,19,100,19,0.520000,0.520000,0.490662,0.475600,1.048991,0.704820,0.298048
fbcnet,cross_session,sub-018,,ses-01,ses-05,1,,75,19,100,19,0.500000,0.500000,0.333333,0.487200,1.482922,0.858121,0.418151
fbcnet,cross_session,sub-018,,ses-02,ses-01,1,,80,20,94,7,0.489362,0.500000,0.328571,0.514040,1.144035,0.777898,0.377255
fbcnet,cross_session,sub-018,,ses-02,ses-03,1,,80,20,100,7,0.500000,0.500000,0.333333,0.492000,1.043490,0.734359,0.344594
fbcnet,cross_session,sub-018,,ses-02,ses-04,1,,80,20,100,7,0.500000,0.500000,0.333333,0.365200,1.268763,0.825142,0.391755
fbcnet,cross_session,sub-018,,ses-02,ses-05,1,,80,20,100,7,0.470000,0.470000,0.335423,0.404000,1.039920,0.733998,0.311196
fbcnet,cross_session,sub-018,,ses-03,ses-01,1,,80,20,94,3,0.500000,0.509964,0.367683,0.539402,0.850870,0.626711,0.248062
fbcnet,cross_session,sub-018,,ses-03,ses-02,1,,80,20,100,3,0.490000,0.490000,0.398514,0.539200,0.750272,0.549211,0.200392
fbcnet,cross_session,sub-018,,ses-03,ses-04,1,,80,20,100,3,0.490000,0.490000,0.374310,0.378800,0.902848,0.668036,0.272753
fbcnet,cross_session,sub-018,,ses-03,ses-05,1,,80,20,100,3,0.500000,0.500000,0.404762,0.388800,0.926833,0.653637,0.255831
fbcnet,cross_session,sub-018,,ses-04,ses-01,1,,80,20,94,51,0.510638,0.500000,0.338028,0.536685,2.777724,0.950072,0.478191
fbcnet,cross_session,sub-018,,ses-04,ses-02,1,,80,20,100,51,0.500000,0.500000,0.333333,0.463200,2.964749,0.972241,0.488412
fbcnet,cross_session,sub-018,,ses-04,ses-03,1,,80,20,100,51,0.520000,0.520000,0.417193,0.449200,1.275455,0.788483,0.374932
fbcnet,cross_session,sub-018,,ses-04,ses-05,1,,80,20,100,51,0.430000,0.430000,0.413037,0.454800,1.133164,0.767583,0.347998
fbcnet,cross_session,sub-018,,ses-05,ses-01,1,,80,20,94,72,0.510638,0.515399,0.487435,0.480978,1.016384,0.680081,0.302965
fbcnet,cross_session,sub-018,,ses-05,ses-02,1,,80,20,100,72,0.500000,0.500000,0.333333,0.456800,1.880700,0.893471,0.441432
fbcnet,cross_session,sub-018,,ses-05,ses-03,1,,80,20,100,72,0.540000,0.540000,0.441476,0.583600,1.053981,0.694695,0.335358
fbcnet,cross_session,sub-018,,ses-05,ses-04,1,,80,20,100,72,0.490000,0.490000,0.374310,0.496000,1.322627,0.786189,0.381620
fbcnet,cross_session,sub-019,,ses-01,ses-02,1,,76,19,95,5,0.494737,0.491578,0.442815,0.485372,0.820520,0.595135,0.201340
fbcnet,cross_session,sub-019,,ses-01,ses-03,1,,76,19,94,5,0.489362,0.505669,0.412500,0.502494,0.858074,0.628242,0.237280
fbcnet,cross_session,sub-019,,ses-01,ses-04,1,,76,19,92,5,0.510870,0.500000,0.338129,0.482270,1.802564,0.920688,0.460636
fbcnet,cross_session,sub-019,,ses-01,ses-05,1,,76,19,93,5,0.397849,0.398423,0.397780,0.393321,0.946499,0.691659,0.299573
fbcnet,cross_session,sub-019,,ses-02,ses-01,1,,76,19,95,96,0.442105,0.429902,0.335840,0.375333,1.368771,0.833931,0.410428
fbcnet,cross_session,sub-019,,ses-02,ses-03,1,,76,19,94,96,0.468085,0.485261,0.376658,0.430385,1.278369,0.790578,0.366989
fbcnet,cross_session,sub-019,,ses-02,ses-04,1,,76,19,92,96,0.489130,0.500000,0.328467,0.567376,2.670842,0.992327,0.498758
fbcnet,cross_session,sub-019,,ses-02,ses-05,1,,76,19,93,96,0.516129,0.531540,0.481605,0.538497,1.544251,0.814556,0.402306
fbcnet,cross_session,sub-019,,ses-03,ses-01,1,,75,19,95,1,0.484211,0.474712,0.427077,0.488465,0.834980,0.617598,0.268854
fbcnet,cross_session,sub-019,,ses-03,ses-02,1,,75,19,95,1,0.494737,0.500000,0.330986,0.449468,1.475615,0.875730,0.436879
fbcnet,cross_session,sub-019,,ses-03,ses-04,1,,75,19,92,1,0.489130,0.500000,0.328467,0.439243,1.238152,0.823826,0.398245
fbcnet,cross_session,sub-019,,ses-03,ses-05,1,,75,19,93,1,0.473118,0.495362,0.380253,0.412338,1.047159,0.724423,0.294216
fbcnet,cross_session,sub-019,,ses-04,ses-01,1,,73,19,95,11,0.536842,0.521739,0.386737,0.455634,1.257898,0.777851,0.365248
fbcnet,cross_session,sub-019,,ses-04,ses-02,1,,73,19,95,11,0.505263,0.501330,0.422306,0.555408,1.040544,0.703943,0.330451
fbcnet,cross_session,sub-019,,ses-04,ses-03,1,,73,19,94,11,0.478723,0.500000,0.323741,0.363719,1.702090,0.924144,0.448395
fbcnet,cross_session,sub-019,,ses-04,ses-05,1,,73,19,93,11,0.526882,0.500000,0.345070,0.525510,1.563199,0.829586,0.398578
fbcnet,cross_session,sub-019,,ses-05,ses-01,1,,74,19,95,14,0.452632,0.462733,0.396383,0.428571,0.891034,0.655953,0.239565
fbcnet,cross_session,sub-019,,ses-05,ses-02,1,,74,19,95,14,0.505263,0.510417,0.353741,0.494681,1.279355,0.825229,0.411550
fbcnet,cross_session,sub-019,,ses-05,ses-03,1,,74,19,94,14,0.500000,0.479592,0.333333,0.476190,1.046498,0.732560,0.343912
fbcnet,cross_session,sub-019,,ses-05,ses-04,1,,74,19,92,14,0.489130,0.500000,0.328467,0.439716,1.215562,0.806631,0.388682
fbcnet,cross_session,sub-020,,ses-01,ses-02,1,,71,18,100,56,0.520000,0.520000,0.376299,0.712400,1.499355,0.833356,0.427480
fbcnet,cross_session,sub-020,,ses-01,ses-03,1,,71,18,100,56,0.500000,0.500000,0.350312,0.463200,1.831298,0.902366,0.443876
fbcnet,cross_session,sub-020,,ses-01,ses-04,1,,71,18,100,56,0.530000,0.530000,0.410658,0.782800,1.203174,0.728179,0.363946
fbcnet,cross_session,sub-020,,ses-01,ses-05,1,,71,18,100,56,0.500000,0.500000,0.333333,0.699200,2.104270,0.946700,0.477403
fbcnet,cross_session,sub-020,,ses-02,ses-01,1,,80,20,89,100,0.528090,0.528030,0.528030,0.597475,0.986868,0.650913,0.305650
fbcnet,cross_session,sub-020,,ses-02,ses-03,1,,80,20,100,100,0.480000,0.480000,0.480000,0.452000,3.669193,1.027733,0.513171
fbcnet,cross_session,sub-020,,ses-02,ses-04,1,,80,20,100,100,0.560000,0.560000,0.476190,0.742000,1.176599,0.674987,0.332233
fbcnet,cross_session,sub-020,,ses-02,ses-05,1,,80,20,100,100,0.560000,0.560000,0.454365,0.766000,1.726939,0.816119,0.415578
fbcnet,cross_session,sub-020,,ses-03,ses-01,1,,80,20,89,14,0.460674,0.465909,0.315385,0.426263,2.002291,0.926628,0.460351
fbcnet,cross_session,sub-020,,ses-03,ses-02,1,,80,20,100,14,0.480000,0.480000,0.479792,0.429600,1.136248,0.790397,0.378472
fbcnet,cross_session,sub-020,,ses-03,ses-04,1,,80,20,100,14,0.440000,0.440000,0.305556,0.293600,1.128609,0.779408,0.375567
fbcnet,cross_session,sub-020,,ses-03,ses-05,1,,80,20,100,14,0.560000,0.560000,0.558410,0.551600,0.730334,0.531111,0.153748
fbcnet,cross_session,sub-020,,ses-04,ses-01,1,,80,20,89,100,0.505618,0.500000,0.335821,0.579545,11.331947,0.988731,0.494374
fbcnet,cross_session,sub-020,,ses-04,ses-02,1,,80,20,100,100,0.500000,0.500000,0.333333,0.645200,4.145821,0.951706,0.481834
fbcnet,cross_session,sub-020,,ses-04,ses-03,1,,80,20,100,100,0.500000,0.500000,0.333333,0.410600,4.966236,0.983146,0.502203
fbcnet,cross_session,sub-020,,ses-04,ses-05,1,,80,20,100,100,0.780000,0.780000,0.780000,0.850400,0.634897,0.321751,0.117570
fbcnet,cross_session,sub-020,,ses-05,ses-01,1,,80,20,89,100,0.505618,0.500000,0.335821,0.605051,5.203531,0.984170,0.493131
fbcnet,cross_session,sub-020,,ses-05,ses-02,1,,80,20,100,100,0.500000,0.500000,0.333333,0.728400,3.295808,0.976362,0.492576
fbcnet,cross_session,sub-020,,ses-05,ses-03,1,,80,20,100,100,0.500000,0.500000,0.333333,0.441600,3.893355,0.989423,0.496215
fbcnet,cross_session,sub-020,,ses-05,ses-04,1,,80,20,100,100,0.520000,0.520000,0.376299,0.962400,1.645735,0.816620,0.429693
fbcnet,cross_session,sub-021,,ses-01,ses-02,1,,75,19,99,16,0.545455,0.543878,0.533263,0.539592,0.819001,0.583295,0.196877
fbcnet,cross_session,sub-021,,ses-01,ses-03,1,,75,19,93,16,0.505376,0.510638,0.354167,0.555967,1.550740,0.859849,0.419687
fbcnet,cross_session,sub-021,,ses-01,ses-04,1,,75,19,100,16,0.500000,0.500000,0.333333,0.540800,3.335832,0.992525,0.496743
fbcnet,cross_session,sub-021,,ses-01,ses-05,1,,75,19,96,16,0.489583,0.500000,0.328671,0.576205,2.130850,0.955505,0.481666
fbcnet,cross_session,sub-021,,ses-02,ses-01,1,,79,20,94,8,0.510638,0.510638,0.356548,0.522408,1.162802,0.766403,0.365169
fbcnet,cross_session,sub-021,,ses-02,ses-03,1,,79,20,93,8,0.494624,0.489593,0.348875,0.521739,1.035969,0.710400,0.334582
fbcnet,cross_session,sub-021,,ses-02,ses-04,1,,79,20,100,8,0.540000,0.540000,0.520833,0.535200,0.824764,0.582261,0.180259
fbcnet,cross_session,sub-021,,ses-02,ses-05,1,,79,20,96,8,0.500000,0.492835,0.428288,0.547981,0.828304,0.604317,0.242870
fbcnet,cross_session,sub-021,,ses-03,ses-01,1,,74,19,94,14,0.489362,0.489362,0.389610,0.447714,1.029305,0.709546,0.297869
fbcnet,cross_session,sub-021,,ses-03,ses-02,1,,74,19,99,14,0.505051,0.500000,0.335570,0.481633,1.210096,0.772265,0.360297
fbcnet,cross_session,sub-021,,ses-03,ses-04,1,,74,19,100,14,0.490000,0.490000,0.360502,0.546000,1.079832,0.747199,0.360817
fbcnet,cross_session,sub-021,,ses-03,ses-05,1,,74,19,96,14,0.500000,0.492401,0.418182,0.468954,0.857264,0.612688,0.196634
fbcnet,cross_session,sub-021,,ses-04,ses-01,1,,80,20,94,98,0.500000,0.500000,0.333333,0.578995,3.511242,0.989403,0.496389
fbcnet,cross_session,sub-021,,ses-04,ses-02,1,,80,20,99,98,0.505051,0.500000,0.335570,0.560408,4.019242,0.986371,0.493514
fbcnet,cross_session,sub-021,,ses-04,ses-03,1,,80,20,93,98,0.505376,0.510638,0.354167,0.601758,1.941137,0.887757,0.444898
fbcnet,cross_session,sub-021,,ses-04,ses-05,1,,80,20,96,98,0.510417,0.520408,0.372549,0.687799,1.987383,0.854197,0.435075
fbcnet,cross_session,sub-021,,ses-05,ses-01,1,,76,20,94,62,0.510638,0.510638,0.356548,0.625849,2.736611,0.935280,0.476085
fbcnet,cross_session,sub-021,,ses-05,ses-02,1,,76,20,99,62,0.494949,0.500000,0.331081,0.624898,4.566201,1.009347,0.504778
fbcnet,cross_session,sub-021,,ses-05,ses-03,1,,76,20,93,62,0.580645,0.581406,0.578892,0.604070,0.868608,0.569198,0.201453
fbcnet,cross_session,sub-021,,ses-05,ses-04,1,,76,20,100,62,0.500000,0.500000,0.333333,0.592600,8.085567,0.999997,0.499999
fbcnet,cross_session,sub-022,,ses-01,ses-02,1,,69,18,100,11,0.550000,0.550000,0.549595,0.582000,0.708679,0.509610,0.105783
fbcnet,cross_session,sub-022,,ses-01,ses-03,1,,69,18,100,11,0.500000,0.500000,0.404762,0.548000,0.820913,0.596564,0.205268
fbcnet,cross_session,sub-022,,ses-01,ses-04,1,,69,18,100,11,0.540000,0.540000,0.471507,0.588000,0.800659,0.572318,0.171946
fbcnet,cross_session,sub-022,,ses-01,ses-05,1,,69,18,93,11,0.473118,0.464583,0.428446,0.400926,0.854739,0.628997,0.210102
fbcnet,cross_session,sub-022,,ses-02,ses-01,1,,80,20,87,10,0.517241,0.520349,0.480966,0.605708,0.742316,0.538251,0.173479
fbcnet,cross_session,sub-022,,ses-02,ses-03,1,,80,20,100,10,0.490000,0.490000,0.489949,0.507200,0.771586,0.568746,0.188265
fbcnet,cross_session,sub-022,,ses-02,ses-04,1,,80,20,100,10,0.490000,0.490000,0.328859,0.574000,1.156209,0.766960,0.374469
fbcnet,cross_session,sub-022,,ses-02,ses-05,1,,80,20,93,10,0.473118,0.470139,0.466955,0.500000,0.829340,0.602905,0.273297
fbcnet,cross_session,sub-022,,ses-03,ses-01,1,,80,20,87,17,0.505747,0.509249,0.457275,0.469345,0.891264,0.634997,0.249510
fbcnet,cross_session,sub-022,,ses-03,ses-02,1,,80,20,100,17,0.470000,0.470000,0.467390,0.534400,0.779847,0.563301,0.202010
fbcnet,cross_session,sub-022,,ses-03,ses-04,1,,80,20,100,17,0.500000,0.500000,0.333333,0.516000,1.835685,0.920136,0.461966
fbcnet,cross_session,sub-022,,ses-03,ses-05,1,,80,20,93,17,0.526882,0.514583,0.437912,0.468519,0.902249,0.642432,0.228147
fbcnet,cross_session,sub-022,,ses-04,ses-01,1,,80,20,87,2,0.494253,0.500000,0.330769,0.498414,1.241320,0.827510,0.405928
fbcnet,cross_session,sub-022,,ses-04,ses-02,1,,80,20,100,2,0.500000,0.500000,0.333333,0.479200,0.982280,0.709337,0.324881
fbcnet,cross_session,sub-022,,ses-04,ses-03,1,,80,20,100,2,0.500000,0.500000,0.333333,0.503200,1.111243,0.766281,0.356288
fbcnet,cross_session,sub-022,,ses-04,ses-05,1,,80,20,93,2,0.494624,0.510417,0.348875,0.469444,0.926087,0.677554,0.311321
fbcnet,cross_session,sub-022,,ses-05,ses-01,1,,74,19,87,11,0.517241,0.511892,0.379416,0.452431,1.036765,0.723789,0.327985
fbcnet,cross_session,sub-022,,ses-05,ses-02,1,,74,19,100,11,0.510000,0.510000,0.371069,0.542400,0.867220,0.629891,0.268031
fbcnet,cross_session,sub-022,,ses-05,ses-03,1,,74,19,100,11,0.560000,0.560000,0.541667,0.566000,0.754584,0.541070,0.174078
fbcnet,cross_session,sub-022,,ses-05,ses-04,1,,74,19,100,11,0.500000,0.500000,0.333333,0.577200,1.451727,0.865575,0.432762
fbcnet,cross_session,sub-023,,ses-01,ses-02,1,,76,20,94,1,0.542553,0.546649,0.527086,0.595562,0.702497,0.505916,0.065393
fbcnet,cross_session,sub-023,,ses-01,ses-03,1,,76,20,99,1,0.494949,0.496327,0.486088,0.508980,0.714000,0.520073,0.095889
fbcnet,cross_session,sub-023,,ses-01,ses-04,1,,76,20,100,1,0.490000,0.490000,0.345399,0.471600,0.890893,0.646188,0.257581
fbcnet,cross_session,sub-023,,ses-01,ses-05,1,,76,20,97,1,0.525773,0.521896,0.445025,0.535714,0.772161,0.564173,0.176757
fbcnet,cross_session,sub-023,,ses-02,ses-01,1,,75,19,96,7,0.500000,0.500000,0.333333,0.527344,2.229389,0.961767,0.479800
fbcnet,cross_session,sub-023,,ses-02,ses-03,1,,75,19,99,7,0.505051,0.501837,0.447305,0.451429,0.904689,0.642361,0.271431
fbcnet,cross_session,sub-023,,ses-02,ses-04,1,,75,19,100,7,0.510000,0.510000,0.355178,0.463600,1.219116,0.795148,0.379200
fbcnet,cross_session,sub-023,,ses-02,ses-05,1,,75,19,97,7,0.515464,0.512755,0.477957,0.512755,0.989288,0.675129,0.286547
fbcnet,cross_session,sub-023,,ses-03,ses-01,1,,79,20,96,11,0.500000,0.500000,0.350986,0.649740,1.130287,0.738448,0.370629
fbcnet,cross_session,sub-023,,ses-03,ses-02,1,,79,20,94,11,0.553191,0.548460,0.527299,0.575634,0.767624,0.552708,0.160379
fbcnet,cross_session,sub-023,,ses-03,ses-04,1,,79,20,100,11,0.520000,0.520000,0.479167,0.512800,1.062004,0.678306,0.257118
fbcnet,cross_session,sub-023,,ses-03,ses-05,1,,79,20,97,11,0.587629,0.584184,0.533654,0.596088,1.029535,0.615496,0.208363
fbcnet,cross_session,sub-023,,ses-04,ses-01,1,,80,20,96,53,0.510417,0.510417,0.425003,0.562066,1.665128,0.762433,0.355870
fbcnet,cross_session,sub-023,,ses-04,ses-02,1,,80,20,94,53,0.468085,0.460598,0.388021,0.440217,1.078800,0.719686,0.316462
fbcnet,cross_session,sub-023,,ses-04,ses-03,1,,80,20,99,53,0.494949,0.499592,0.363426,0.345714,1.626323,0.898316,0.419703
fbcnet,cross_session,sub-023,,ses-04,ses-05,1,,80,20,97,53,0.515464,0.519983,0.403663,0.502976,1.272026,0.769749,0.349209
fbcnet,cross_session,sub-023,,ses-05,ses-01,1,,77,20,96,2,0.572917,0.572917,0.562229,0.575955,0.742419,0.533131,0.127736
fbcnet,cross_session,sub-023,,ses-05,ses-02,1,,77,20,94,2,0.553191,0.548460,0.527299,0.493207,0.740772,0.541864,0.139345
fbcnet,cross_session,sub-023,,ses-05,ses-03,1,,77,20,99,2,0.505051,0.508367,0.447305,0.554694,0.742112,0.543758,0.175126
fbcnet,cross_session,sub-023,,ses-05,ses-04,1,,77,20,100,2,0.500000,0.500000,0.490004,0.475600,0.781046,0.571606,0.133141
fbcnet,cross_session,sub-024,,ses-01,ses-02,1,,59,15,82,13,0.512195,0.504187,0.501520,0.510766,0.778474,0.558311,0.143498
fbcnet,cross_session,sub-024,,ses-01,ses-03,1,,59,15,83,13,0.493976,0.510756,0.368478,0.618605,0.934336,0.666065,0.308228
fbcnet,cross_session,sub-024,,ses-01,ses-04,1,,59,15,98,13,0.479592,0.481667,0.475165,0.503333,0.956577,0.661788,0.260829
fbcnet,cross_session,sub-024,,ses-01,ses-05,1,,59,15,100,13,0.490000,0.490000,0.427674,0.455600,0.855835,0.614327,0.219231
fbcnet,cross_session,sub-024,,ses-02,ses-01,1,,65,17,74,2,0.500000,0.525641,0.375883,0.612454,0.814940,0.599462,0.258919
fbcnet,cross_session,sub-024,,ses-02,ses-03,1,,65,17,83,2,0.481928,0.500000,0.325203,0.591860,1.010530,0.728991,0.346816
fbcnet,cross_session,sub-024,,ses-02,ses-04,1,,65,17,98,2,0.489796,0.483333,0.428904,0.474583,0.786570,0.576622,0.206298
fbcnet,cross_session,sub-024,,ses-02,ses-05,1,,65,17,100,2,0.520000,0.520000,0.518266,0.508400,0.709433,0.515656,0.085244
fbcnet,cross_session,sub-024,,ses-03,ses-01,1,,66,17,74,44,0.594595,0.589011,0.587054,0.671062,0.718971,0.505364,0.161082
fbcnet,cross_session,sub-024,,ses-03,ses-02,1,,66,17,82,44,0.500000,0.525120,0.448762,0.446770,1.096635,0.739288,0.353991
fbcnet,cross_session,sub-024,,ses-03,ses-04,1,,66,17,98,44,0.489796,0.499167,0.360981,0.477083,1.361856,0.803463,0.395647
fbcnet,cross_session,sub-024,,ses-03,ses-05,1,,66,17,100,44,0.470000,0.470000,0.349773,0.430000,1.143413,0.757752,0.328508
fbcnet,cross_session,sub-024,,ses-04,ses-01,1,,78,20,74,1,0.581081,0.571795,0.563131,0.567766,0.697923,0.504008,0.156101
fbcnet,cross_session,sub-024,,ses-04,ses-02,1,,78,20,82,1,0.487805,0.517344,0.408654,0.482057,0.814356,0.601300,0.184658
fbcnet,cross_session,sub-024,,ses-04,ses-03,1,,78,20,83,1,0.566265,0.572674,0.555357,0.579651,0.696421,0.501486,0.065220
fbcnet,cross_session,sub-024,,ses-04,ses-05,1,,78,20,100,1,0.500000,0.500000,0.333333,0.454800,0.879237,0.651619,0.280594
fbcnet,cross_session,sub-024,,ses-05,ses-01,1,,80,20,74,2,0.500000,0.512454,0.478576,0.556044,0.717353,0.522187,0.114586
fbcnet,cross_session,sub-024,,ses-05,ses-02,1,,80,20,82,2,0.512195,0.514952,0.512195,0.532297,0.717484,0.519409,0.090313
fbcnet,cross_session,sub-024,,ses-05,ses-03,1,,80,20,83,2,0.481928,0.500000,0.325203,0.554651,0.923901,0.680516,0.323626
fbcnet,cross_session,sub-024,,ses-05,ses-04,1,,80,20,98,2,0.510204,0.509583,0.509387,0.489583,0.763381,0.558301,0.141449
fbcnet,cross_session,sub-025,,ses-01,ses-02,1,,70,18,92,6,0.478261,0.485106,0.425000,0.432624,0.816887,0.603584,0.219094
fbcnet,cross_session,sub-025,,ses-01,ses-03,1,,70,18,94,6,0.563830,0.572464,0.483862,0.635870,0.814962,0.585934,0.235729
fbcnet,cross_session,sub-025,,ses-01,ses-04,1,,70,18,88,6,0.500000,0.488889,0.333333,0.555039,0.945849,0.661548,0.290433
fbcnet,cross_session,sub-025,,ses-01,ses-05,1,,70,18,100,6,0.520000,0.520000,0.428571,0.596800,0.783288,0.567106,0.200549
fbcnet,cross_session,sub-025,,ses-02,ses-01,1,,73,19,88,1,0.500000,0.509561,0.399504,0.498191,0.776223,0.568943,0.150632
fbcnet,cross_session,sub-025,,ses-02,ses-03,1,,73,19,94,1,0.553191,0.562047,0.465909,0.549819,0.781492,0.567352,0.213697
fbcnet,cross_session,sub-025,,ses-02,ses-04,1,,73,19,88,1,0.488636,0.479328,0.378824,0.517829,0.876889,0.617032,0.233614
fbcnet,cross_session,sub-025,,ses-02,ses-05,1,,73,19,100,1,0.500000,0.500000,0.333333,0.542800,0.970788,0.693347,0.315798
fbcnet,cross_session,sub-025,,ses-03,ses-01,1,,75,19,88,4,0.500000,0.488889,0.333333,0.525581,0.820512,0.602729,0.240311
fbcnet,cross_session,sub-025,,ses-03,ses-02,1,,75,19,92,4,0.510870,0.500000,0.338129,0.504965,0.950740,0.680860,0.290950
fbcnet,cross_session,sub-025,,ses-03,ses-04,1,,75,19,88,4,0.522727,0.527132,0.506410,0.534884,0.813330,0.588223,0.175636
fbcnet,cross_session,sub-025,,ses-03,ses-05,1,,75,19,100,4,0.500000,0.500000,0.333333,0.572000,1.557813,0.898353,0.449398
fbcnet,cross_session,sub-025,,ses-04,ses-01,1,,70,18,88,25,0.500000,0.490439,0.385397,0.519380,0.843125,0.610016,0.227488
fbcnet,cross_session,sub-025,,ses-04,ses-02,1,,70,18,92,25,0.521739,0.511111,0.362319,0.465721,1.152301,0.744095,0.323723
fbcnet,cross_session,sub-025,,ses-04,ses-03,1,,70,18,94,25,0.542553,0.539402,0.530600,0.528533,0.784397,0.562896,0.220949
fbcnet,cross_session,sub-025,,ses-04,ses-05,1,,70,18,100,25,0.500000,0.500000,0.350312,0.516400,0.848819,0.617605,0.237040
fbcnet,cross_session,sub-025,,ses-05,ses-01,1,,80,20,88,2,0.488636,0.500000,0.328244,0.516796,1.206244,0.810444,0.398302
fbcnet,cross_session,sub-025,,ses-05,ses-02,1,,80,20,92,2,0.489130,0.500000,0.328467,0.431206,1.183519,0.809579,0.383374
fbcnet,cross_session,sub-025,,ses-05,ses-03,1,,80,20,94,2,0.489362,0.500000,0.328571,0.539855,1.437902,0.878098,0.441286
fbcnet,cross_session,sub-025,,ses-05,ses-04,1,,80,20,88,2,0.511364,0.500000,0.338346,0.533850,1.334028,0.814078,0.397340
fbcnet,cross_session,sub-001,,ses-01,ses-02,2,,80,20,100,20,0.530000,0.530000,0.423384,0.550800,1.141914,0.719812,0.312866
fbcnet,cross_session,sub-001,,ses-01,ses-03,2,,80,20,99,20,0.515152,0.519388,0.414778,0.477551,1.288676,0.767686,0.323271
fbcnet,cross_session,sub-001,,ses-01,ses-04,2,,80,20,99,20,0.525253,0.521429,0.443221,0.569796,0.912030,0.622546,0.243383
fbcnet,cross_session,sub-001,,ses-01,ses-05,2,,80,20,94,20,0.574468,0.568388,0.533035,0.567029,1.015954,0.599446,0.240220
fbcnet,cross_session,sub-001,,ses-02,ses-01,2,,80,20,100,3,0.520000,0.520000,0.500000,0.567200,0.722612,0.521132,0.105989
fbcnet,cross_session,sub-001,,ses-02,ses-03,2,,80,20,99,3,0.505051,0.509184,0.408487,0.475510,0.867802,0.635039,0.265852
fbcnet,cross_session,sub-001,,ses-02,ses-04,2,,80,20,99,3,0.494949,0.491020,0.402174,0.573878,0.771099,0.565200,0.205465
fbcnet,cross_session,sub-001,,ses-02,ses-05,2,,80,20,94,3,0.531915,0.527627,0.509720,0.461051,0.831986,0.590792,0.168999
fbcnet,cross_session,sub-001,,ses-03,ses-01,2,,79,20,100,15,0.520000,0.520000,0.391172,0.614800,0.830873,0.599659,0.232445
fbcnet,cross_session,sub-001,,ses-03,ses-02,2,,79,20,100,15,0.530000,0.530000,0.503748,0.546800,0.739054,0.531704,0.152856
fbcnet,cross_session,sub-001,,ses-03,ses-04,2,,79,20,99,15,0.505051,0.500000,0.335570,0.583265,1.143196,0.765220,0.378122
fbcnet,cross_session,sub-001,,ses-03,ses-05,2,,79,20,94,15,0.574468,0.565670,0.480376,0.553442,1.099768,0.673606,0.293089
fbcnet,cross_session,sub-001,,ses-04,ses-01,2,,79,20,100,14,0.520000,0.520000,0.376299,0.518000,1.094910,0.727776,0.339746
fbcnet,cross_session,sub-001,,ses-04,ses-02,2,,79,20,100,14,0.470000,0.470000,0.349773,0.533600,1.369717,0.841382,0.414681
fbcnet,cross_session,sub-001,,ses-04,ses-03,2,,79,20,99,14,0.525253,0.522653,0.490082,0.467347,0.854157,0.614575,0.206495
fbcnet,cross_session,sub-001,,ses-04,ses-05,2,,79,20,94,14,0.595745,0.588768,0.542755,0.580616,1.045045,0.633412,0.275274
fbcnet,cross_session,sub-001,,ses-05,ses-01,2,,75,19,100,1,0.500000,0.500000,0.333333,0.572800,1.343807,0.856177,0.426426
fbcnet,cross_session,sub-001,,ses-05,ses-02,2,,75,19,100,1,0.520000,0.520000,0.490662,0.526000,0.841090,0.599940,0.202578
fbcnet,cross_session,sub-001,,ses-05,ses-03,2,,75,19,99,1,0.505051,0.508571,0.438866,0.450204,1.041335,0.731813,0.351523
fbcnet,cross_session,sub-001,,ses-05,ses-04,2,,75,19,99,1,0.484848,0.480816,0.384343,0.546531,0.923994,0.660214,0.286801
fbcnet,cross_session,sub-002,,ses-01,ses-02,2,,73,19,95,10,0.526316,0.521720,0.411238,0.460993,1.393840,0.768525,0.364020
fbcnet,cross_session,sub-002,,ses-01,ses-03,2,,73,19,100,10,0.580000,0.572461,0.568966,0.564432,0.722347,0.516982,0.109767
fbcnet,cross_session,sub-002,,ses-01,ses-04,2,,73,19,100,10,0.530000,0.530000,0.524243,0.528400,0.709961,0.515364,0.107282
fbcnet,cross_session,sub-002,,ses-01,ses-05,2,,73,19,95,10,0.526316,0.515528,0.456729,0.478705,0.844920,0.607799,0.225578
fbcnet,cross_session,sub-002,,ses-02,ses-01,2,,76,19,92,3,0.478261,0.478261,0.432974,0.516068,0.988740,0.680564,0.328434
fbcnet,cross_session,sub-002,,ses-02,ses-03,2,,76,19,100,3,0.460000,0.488157,0.330357,0.539944,1.163326,0.771276,0.363661
fbcnet,cross_session,sub-002,,ses-02,ses-04,2,,76,19,100,3,0.500000,0.500000,0.333333,0.540800,1.346684,0.855667,0.423061
fbcnet,cross_session,sub-002,,ses-02,ses-05,2,,76,19,95,3,0.505263,0.519077,0.398653,0.500444,0.860257,0.625604,0.235651
fbcnet,cross_session,sub-002,,ses-03,ses-01,2,,80,20,92,2,0.543478,0.543478,0.542614,0.535917,0.877159,0.607921,0.266143
fbcnet,cross_session,sub-002,,ses-03,ses-02,2,,80,20,95,2,0.505263,0.501551,0.432584,0.511968,1.262640,0.697656,0.303651
fbcnet,cross_session,sub-002,,ses-03,ses-04,2,,80,20,100,2,0.490000,0.490000,0.449898,0.563200,0.714124,0.518840,0.140549
fbcnet,cross_session,sub-002,,ses-03,ses-05,2,,80,20,95,2,0.536842,0.527063,0.481647,0.520408,0.778581,0.571805,0.215515
fbcnet,cross_session,sub-002,,ses-04,ses-01,2,,80,20,92,45,0.554348,0.554348,0.550042,0.569471,1.281969,0.711336,0.329376
fbcnet,cross_session,sub-002,,ses-04,ses-02,2,,80,20,95,45,0.505263,0.500000,0.335664,0.526152,3.979243,0.965997,0.484273
fbcnet,cross_session,sub-002,,ses-04,ses-03,2,,80,20,100,45,0.440000,0.447611,0.434343,0.474508,1.902525,0.868546,0.411177
fbcnet,cross_session,sub-002,,ses-04,ses-05,2,,80,20,95,45,0.452632,0.446096,0.424511,0.426797,1.402352,0.816068,0.370538
fbcnet,cross_session,sub-002,,ses-05,ses-01,2,,76,19,92,6,0.521739,0.521739,0.435268,0.502363,1.405991,0.794213,0.385862
fbcnet,cross_session,sub-002,,ses-05,ses-02,2,,76,19,95,6,0.494737,0.495124,0.494232,0.509309,1.164244,0.669714,0.257115
fbcnet,cross_session,sub-002,,ses-05,ses-03,2,,76,19,100,6,0.460000,0.489362,0.315068,0.539542,1.409859,0.870296,0.433171
fbcnet,cross_session,sub-002,,ses-05,ses-04,2,,76,19,100,6,0.500000,0.500000,0.333333,0.524800,1.429011,0.872586,0.431347
fbcnet,cross_session,sub-003,,ses-01,ses-02,2,,73,19,100,5,0.480000,0.480000,0.340436,0.576000,0.810784,0.593423,0.236609
fbcnet,cross_session,sub-003,,ses-01,ses-03,2,,73,19,92,5,0.500000,0.489362,0.333333,0.446336,0.968791,0.673573,0.262929
fbcnet,cross_session,sub-003,,ses-01,ses-04,2,,73,19,100,5,0.420000,0.420000,0.322113,0.423600,0.776519,0.578186,0.224297
fbcnet,cross_session,sub-003,,ses-01,ses-05,2,,73,19,100,5,0.500000,0.500000,0.457465,0.485600,0.749378,0.550724,0.133789
fbcnet,cross_session,sub-003,,ses-02,ses-01,2,,80,20,92,3,0.500000,0.506629,0.491346,0.482481,0.832784,0.598951,0.191432
fbcnet,cross_session,sub-003,,ses-02,ses-03,2,,80,20,92,3,0.478261,0.486525,0.395731,0.442080,1.125826,0.711452,0.251246
fbcnet,cross_session,sub-003,,ses-02,ses-04,2,,80,20,100,3,0.470000,0.470000,0.374926,0.411200,0.854691,0.630802,0.221861
fbcnet,cross_session,sub-003,,ses-02,ses-05,2,,80,20,100,3,0.540000,0.540000,0.416540,0.548400,0.858484,0.622903,0.249293
fbcnet,cross_session,sub-003,,ses-03,ses-01,2,,73,19,92,6,0.510870,0.521780,0.483984,0.509943,0.736129,0.537675,0.119306
fbcnet,cross_session,sub-003,,ses-03,ses-02,2,,73,19,100,6,0.540000,0.540000,0.533279,0.530000,0.777257,0.561377,0.134855
fbcnet,cross_session,sub-003,,ses-03,ses-04,2,,73,19,100,6,0.490000,0.490000,0.345399,0.428400,0.913595,0.668137,0.282451
fbcnet,cross_session,sub-003,,ses-03,ses-05,2,,73,19,100,6,0.500000,0.500000,0.333333,0.433600,1.134313,0.779631,0.363194
fbcnet,cross_session,sub-003,,ses-04,ses-01,2,,80,20,92,5,0.478261,0.500000,0.323529,0.591856,1.037017,0.698443,0.329914
fbcnet,cross_session,sub-003,,ses-04,ses-02,2,,80,20,100,5,0.490000,0.490000,0.328859,0.478400,0.973463,0.685083,0.284817
fbcnet,cross_session,sub-003,,ses-04,ses-03,2,,80,20,92,5,0.500000,0.492199,0.420909,0.514894,0.849434,0.597163,0.220657
fbcnet,cross_session,sub-003,,ses-04,ses-05,2,,80,20,100,5,0.500000,0.500000,0.333333,0.508400,1.077924,0.753225,0.369523
fbcnet,cross_session,sub-003,,ses-05,ses-01,2,,80,20,92,10,0.532609,0.533144,0.532553,0.533144,0.812524,0.580375,0.164356
fbcnet,cross_session,sub-003,,ses-05,ses-02,2,,80,20,100,10,0.590000,0.590000,0.588972,0.625200,0.861818,0.553307,0.206566
fbcnet,cross_session,sub-003,,ses-05,ses-03,2,,80,20,92,10,0.478261,0.488889,0.323529,0.431206,2.179157,0.947620,0.471220
fbcnet,cross_session,sub-003,,ses-05,ses-04,2,,80,20,100,10,0.480000,0.480000,0.472403,0.487200,0.802095,0.584479,0.193507
fbcnet,cross_session,sub-004,,ses-01,ses-02,2,,69,18,97,26,0.484536,0.482355,0.459188,0.520833,0.790958,0.569436,0.186207
fbcnet,cross_session,sub-004,,ses-01,ses-03,2,,69,18,91,26,0.527473,0.523014,0.521697,0.556202,0.749519,0.541559,0.152016
fbcnet,cross_session,sub-004,,ses-01,ses-04,2,,69,18,100,26,0.500000,0.500000,0.350312,0.544400,0.940107,0.659942,0.275388
fbcnet,cross_session,sub-004,,ses-01,ses-05,2,,69,18,100,26,0.470000,0.470000,0.434667,0.438800,0.768253,0.567200,0.147009
fbcnet,cross_session,sub-004,,ses-02,ses-01,2,,77,20,87,22,0.459770,0.458774,0.455163,0.421776,0.965794,0.637183,0.249201
fbcnet,cross_session,sub-004,,ses-02,ses-03,2,,77,20,91,22,0.505495,0.511870,0.501643,0.496124,0.844043,0.603274,0.181744
fbcnet,cross_session,sub-004,,ses-02,ses-04,2,,77,20,100,22,0.500000,0.500000,0.483258,0.527200,0.755088,0.548697,0.150311
fbcnet,cross_session,sub-004,,ses-02,ses-05,2,,77,20,100,22,0.570000,0.570000,0.483111,0.650000,0.728426,0.523220,0.128638
fbcnet,cross_session,sub-004,,ses-03,ses-01,2,,72,19,87,1,0.459770,0.462474,0.429628,0.431818,0.909650,0.653422,0.238253
fbcnet,cross_session,sub-004,,ses-03,ses-02,2,,72,19,97,1,0.546392,0.550595,0.458925,0.522109,0.815135,0.594871,0.227204
fbcnet,cross_session,sub-004,,ses-03,ses-04,2,,72,19,100,1,0.500000,0.500000,0.425551,0.586400,0.723756,0.527567,0.141085
fbcnet,cross_session,sub-004,,ses-03,ses-05,2,,72,19,100,1,0.470000,0.470000,0.349773,0.530000,0.795357,0.589123,0.233427
fbcnet,cross_session,sub-004,,ses-04,ses-01,2,,80,20,87,5,0.448276,0.447674,0.446448,0.403805,0.919861,0.638830,0.229893
fbcnet,cross_session,sub-004,,ses-04,ses-02,2,,80,20,97,5,0.556701,0.558461,0.544302,0.510204,0.768764,0.556007,0.186413
fbcnet,cross_session,sub-004,,ses-04,ses-03,2,,80,20,91,5,0.549451,0.526890,0.441551,0.605620,0.856403,0.600247,0.226544
fbcnet,cross_session,sub-004,,ses-04,ses-05,2,,80,20,100,5,0.550000,0.550000,0.469277,0.562800,0.836922,0.599368,0.245897
fbcnet,cross_session,sub-004,,ses-05,ses-01,2,,80,20,87,28,0.505747,0.500000,0.335878,0.444503,3.084916,0.956119,0.476858
fbcnet,cross_session,sub-004,,ses-05,ses-02,2,,80,20,97,28,0.546392,0.542304,0.458925,0.619048,1.127290,0.654936,0.280903
fbcnet,cross_session,sub-004,,ses-05,ses-03,2,,80,20,91,28,0.483516,0.466812,0.420539,0.522771,2.017124,0.853512,0.434277
fbcnet,cross_session,sub-004,,ses-05,ses-04,2,,80,20,100,28,0.490000,0.490000,0.409107,0.504800,1.086711,0.710740,0.305818
fbcnet,cross_session,sub-005,,ses-01,ses-02,2,,75,19,100,30,0.500000,0.500000,0.333333,0.620800,1.467666,0.858439,0.433101
fbcnet,cross_session,sub-005,,ses-01,ses-03,2,,75,19,93,30,0.516129,0.510870,0.359406,0.493525,1.512324,0.856608,0.418496
fbcnet,cross_session,sub-005,,ses-01,ses-04,2,,75,19,99,30,0.494949,0.500000,0.331081,0.543673,1.277160,0.836371,0.410908
fbcnet,cross_session,sub-005,,ses-01,ses-05,2,,75,19,89,30,0.483146,0.500000,0.325758,0.498483,1.517356,0.882337,0.443833
fbcnet,cross_session,sub-005,,ses-02,ses-01,2,,80,20,94,66,0.510638,0.489796,0.338028,0.629932,4.135307,0.971981,0.486430
fbcnet,cross_session,sub-005,,ses-02,ses-03,2,,80,20,93,66,0.483871,0.488899,0.343529,0.426457,3.193207,0.996365,0.507415
fbcnet,cross_session,sub-005,,ses-02,ses-04,2,,80,20,99,66,0.525253,0.520408,0.379352,0.539184,2.622522,0.888627,0.459778
fbcnet,cross_session,sub-005,,ses-02,ses-05,2,,80,20,89,66,0.516854,0.500000,0.340741,0.641810,3.533430,0.948712,0.476896
fbcnet,cross_session,sub-005,,ses-03,ses-01,2,,74,19,94,21,0.531915,0.511111,0.366810,0.450340,1.095338,0.733019,0.332360
fbcnet,cross_session,sub-005,,ses-03,ses-02,2,,74,19,100,21,0.520000,0.520000,0.448529,0.608000,0.927267,0.655460,0.319501
fbcnet,cross_session,sub-005,,ses-03,ses-04,2,,74,19,99,21,0.505051,0.500000,0.335570,0.506122,0.861250,0.626208,0.237605
fbcnet,cross_session,sub-005,,ses-03,ses-05,2,,74,19,89,21,0.573034,0.561173,0.504977,0.599090,0.774371,0.561556,0.216880
fbcnet,cross_session,sub-005,,ses-04,ses-01,2,,79,20,94,2,0.521277,0.509070,0.470919,0.486168,0.773444,0.565765,0.176469
fbcnet,cross_session,sub-005,,ses-04,ses-02,2,,79,20,100,2,0.500000,0.500000,0.496779,0.490000,0.722812,0.527827,0.107853
fbcnet,cross_session,sub-005,,ses-04,ses-03,2,,79,20,93,2,0.526882,0.524514,0.501462,0.527290,0.856446,0.624184,0.264018
fbcnet,cross_session,sub-005,,ses-04,ses-05,2,,79,20,89,2,0.505618,0.513397,0.482011,0.509100,0.808338,0.586061,0.184474
fbcnet,cross_session,sub-005,,ses-05,ses-01,2,,71,18,94,9,0.521277,0.502721,0.394590,0.429025,1.015250,0.678502,0.241759
fbcnet,cross_session,sub-005,,ses-05,ses-02,2,,71,18,100,9,0.540000,0.540000,0.471507,0.683200,0.873383,0.618464,0.297740
fbcnet,cross_session,sub-005,,ses-05,ses-03,2,,71,18,93,9,0.505376,0.503238,0.483832,0.539778,0.984956,0.630037,0.290229
fbcnet,cross_session,sub-005,,ses-05,ses-04,2,,71,18,99,9,0.515152,0.510816,0.402414,0.479592,0.899505,0.638221,0.264936
fbcnet,cross_session,sub-006,,ses-01,ses-02,2,,74,19,94,17,0.468085,0.471014,0.459273,0.422101,1.064428,0.734413,0.292091
fbcnet,cross_session,sub-006,,ses-01,ses-03,2,,74,19,95,17,0.568421,0.565381,0.527363,0.583777,0.785758,0.556325,0.183215
fbcnet,cross_session,sub-006,,ses-01,ses-04,2,,74,19,92,17,0.445652,0.437589,0.351844,0.532388,1.035271,0.680401,0.332309
fbcnet,cross_session,sub-006,,ses-01,ses-05,2,,74,19,95,17,0.515789,0.527285,0.449345,0.463620,0.935827,0.651219,0.222535
fbcnet,cross_session,sub-006,,ses-02,ses-01,2,,75,19,93,99,0.473118,0.488889,0.321168,0.605556,2.643969,0.979150,0.486738
fbcnet,cross_session,sub-006,,ses-02,ses-03,2,,75,19,95,99,0.505263,0.509752,0.398653,0.484929,2.404009,0.902813,0.434010
fbcnet,cross_session,sub-006,,ses-02,ses-04,2,,75,19,92,99,0.554348,0.545863,0.468358,0.624586,2.042751,0.828142,0.384880
fbcnet,cross_session,sub-006,,ses-02,ses-05,2,,75,19,95,99,0.536842,0.547028,0.489247,0.552351,1.160880,0.719170,0.305358
fbcnet,cross_session,sub-006,,ses-03,ses-01,2,,76,19,93,6,0.569892,0.561111,0.530303,0.643519,0.701730,0.501126,0.105494
fbcnet,cross_session,sub-006,,ses-03,ses-02,2,,76,19,94,6,0.468085,0.471467,0.456019,0.433877,0.835830,0.622308,0.220447
fbcnet,cross_session,sub-006,,ses-03,ses-04,2,,76,19,92,6,0.554348,0.552482,0.550042,0.517258,0.786106,0.550864,0.209908
fbcnet,cross_session,sub-006,,ses-03,ses-05,2,,76,19,95,6,0.494737,0.490240,0.481818,0.455191,0.825535,0.595222,0.247768
fbcnet,cross_session,sub-006,,ses-04,ses-01,2,,73,19,93,98,0.548387,0.538194,0.491935,0.530556,2.261224,0.804433,0.392570
fbcnet,cross_session,sub-006,,ses-04,ses-02,2,,73,19,94,98,0.500000,0.506341,0.455039,0.539629,2.780917,0.925476,0.461795
fbcnet,cross_session,sub-006,,ses-04,ses-03,2,,73,19,95,98,0.494737,0.500000,0.330986,0.583555,6.586093,1.009499,0.504911
fbcnet,cross_session,sub-006,,ses-04,ses-05,2,,73,19,95,98,0.515789,0.511979,0.506549,0.536823,1.639262,0.765638,0.352118
fbcnet,cross_session,sub-006,,ses-05,ses-01,2,,76,19,93,7,0.548387,0.554167,0.536325,0.494907,0.748447,0.543290,0.165950
fbcnet,cross_session,sub-006,,ses-05,ses-02,2,,76,19,94,7,0.500000,0.501812,0.497212,0.458786,0.731244,0.536108,0.126674
fbcnet,cross_session,sub-006,,ses-05,ses-03,2,,76,19,95,7,0.547368,0.544105,0.497231,0.510638,0.747662,0.547244,0.173375
fbcnet,cross_session,sub-006,,ses-05,ses-04,2,,76,19,92,7,0.543478,0.536643,0.489159,0.566430,0.720821,0.522339,0.106701
fbcnet,cross_session,sub-007,,ses-01,ses-02,2,,80,20,100,6,0.550000,0.550000,0.524865,0.590800,0.696701,0.501964,0.108522
fbcnet,cross_session,sub-007,,ses-01,ses-03,2,,80,20,96,6,0.541667,0.541667,0.475931,0.654514,0.721321,0.518796,0.145911
fbcnet,cross_session,sub-007,,ses-01,ses-04,2,,80,20,92,6,0.500000,0.500000,0.469674,0.563800,0.715668,0.521059,0.144818
fbcnet,cross_session,sub-007,,ses-01,ses-05,2,,80,20,100,6,0.540000,0.540000,0.479873,0.509200,0.746601,0.546016,0.131996
fbcnet,cross_session,sub-007,,ses-02,ses-01,2,,80,20,100,14,0.590000,0.590000,0.552353,0.591600,0.713605,0.515600,0.153406
fbcnet,cross_session,sub-007,,ses-02,ses-03,2,,80,20,96,14,0.572917,0.572917,0.564939,0.557292,0.758380,0.543673,0.138859
fbcnet,cross_session,sub-007,,ses-02,ses-04,2,,80,20,92,14,0.510870,0.510870,0.493578,0.585539,0.745515,0.543170,0.191945
fbcnet,cross_session,sub-007,,ses-02,ses-05,2,,80,20,100,14,0.490000,0.490000,0.398514,0.583600,0.773177,0.564965,0.207996
fbcnet,cross_session,sub-007,,ses-03,ses-01,2,,76,20,100,8,0.510000,0.510000,0.457905,0.568000,0.731961,0.532082,0.152685
fbcnet,cross_session,sub-007,,ses-03,ses-02,2,,76,20,100,8,0.480000,0.480000,0.380952,0.473600,0.889432,0.650039,0.286324
fbcnet,cross_session,sub-007,,ses-03,ses-04,2,,76,20,92,8,0.467391,0.467391,0.431884,0.460775,0.828756,0.612648,0.221427
fbcnet,cross_session,sub-007,,ses-03,ses-05,2,,76,20,100,8,0.500000,0.500000,0.490004,0.490400,0.753515,0.553937,0.140080
fbcnet,cross_session,sub-007,,ses-04,ses-01,2,,73,19,100,19,0.560000,0.560000,0.528100,0.488000,0.775595,0.567409,0.210881
fbcnet,cross_session,sub-007,,ses-04,ses-02,2,,73,19,100,19,0.530000,0.530000,0.410658,0.610000,0.865268,0.624421,0.267683
fbcnet,cross_session,sub-007,,ses-04,ses-03,2,,73,19,96,19,0.531250,0.531250,0.522494,0.566840,0.767743,0.559145,0.179300
fbcnet,cross_session,sub-007,,ses-04,ses-05,2,,73,19,100,19,0.550000,0.550000,0.524865,0.575600,0.711654,0.513094,0.087225
fbcnet,cross_session,sub-007,,ses-05,ses-01,2,,80,20,100,20,0.540000,0.540000,0.441476,0.542400,0.954787,0.639081,0.224088
fbcnet,cross_session,sub-007,,ses-05,ses-02,2,,80,20,100,20,0.510000,0.510000,0.410987,0.567600,0.881373,0.630672,0.268245
fbcnet,cross_session,sub-007,,ses-05,ses-03,2,,80,20,96,20,0.531250,0.531250,0.484179,0.598958,0.961549,0.627460,0.256055
fbcnet,cross_session,sub-007,,ses-05,ses-04,2,,80,20,92,20,0.576087,0.576087,0.561101,0.637524,0.745281,0.529197,0.173500
fbcnet,cross_session,sub-008,,ses-01,ses-02,2,,80,20,94,38,0.500000,0.500000,0.333333,0.437076,4.027550,0.985641,0.489956
fbcnet,cross_session,sub-008,,ses-01,ses-03,2,,80,20,89,38,0.494382,0.500000,0.330827,0.572222,3.698607,1.000037,0.500341
fbcnet,cross_session,sub-008,,ses-01,ses-04,2,,80,20,96,38,0.541667,0.541667,0.499051,0.592448,0.883669,0.602197,0.229583
fbcnet,cross_session,sub-008,,ses-01,ses-05,2,,80,20,100,38,0.500000,0.500000,0.333333,0.516000,1.592075,0.864082,0.435901
fbcnet,cross_session,sub-008,,ses-02,ses-01,2,,75,19,100,18,0.460000,0.460000,0.330357,0.421600,0.733233,0.538485,0.128967
fbcnet,cross_session,sub-008,,ses-02,ses-03,2,,75,19,89,18,0.550562,0.552273,0.540764,0.564646,0.711843,0.516457,0.086482
fbcnet,cross_session,sub-008,,ses-02,ses-04,2,,75,19,96,18,0.437500,0.437500,0.433566,0.414062,0.727821,0.533659,0.124421
fbcnet,cross_session,sub-008,,ses-02,ses-05,2,,75,19,100,18,0.530000,0.530000,0.529577,0.521200,0.699352,0.505872,0.054136
fbcnet,cross_session,sub-008,,ses-03,ses-01,2,,71,18,100,35,0.490000,0.490000,0.328859,0.497600,1.038775,0.733742,0.336894
fbcnet,cross_session,sub-008,,ses-03,ses-02,2,,71,18,94,35,0.425532,0.425532,0.424490,0.457220,1.180943,0.749429,0.356176
fbcnet,cross_session,sub-008,,ses-03,ses-04,2,,71,18,96,35,0.500000,0.500000,0.333333,0.487847,1.360759,0.852233,0.418118
fbcnet,cross_session,sub-008,,ses-03,ses-05,2,,71,18,100,35,0.500000,0.500000,0.333333,0.496400,1.135428,0.782793,0.371033
fbcnet,cross_session,sub-008,,ses-04,ses-01,2,,76,20,100,8,0.500000,0.500000,0.333333,0.500400,1.261529,0.824891,0.397157
fbcnet,cross_session,sub-008,,ses-04,ses-02,2,,76,20,94,8,0.500000,0.500000,0.382530,0.523766,1.349039,0.771543,0.364457
fbcnet,cross_session,sub-008,,ses-04,ses-03,2,,76,20,89,8,0.505618,0.500000,0.335821,0.500000,1.165830,0.755481,0.340488
fbcnet,cross_session,sub-008,,ses-04,ses-05,2,,76,20,100,8,0.480000,0.480000,0.368626,0.481200,0.874005,0.640750,0.249683
fbcnet,cross_session,sub-008,,ses-05,ses-01,2,,80,20,100,4,0.490000,0.490000,0.328859,0.422800,0.834212,0.618178,0.247458
fbcnet,cross_session,sub-008,,ses-05,ses-02,2,,80,20,94,4,0.510638,0.510638,0.499537,0.482119,0.794170,0.577881,0.192702
fbcnet,cross_session,sub-008,,ses-05,ses-03,2,,80,20,89,4,0.584270,0.582071,0.566539,0.557071,0.720728,0.520062,0.107534
fbcnet,cross_session,sub-008,,ses-05,ses-04,2,,80,20,96,4,0.510417,0.510417,0.401194,0.525174,0.776816,0.568122,0.175807
fbcnet,cross_session,sub-009,,ses-01,ses-02,2,,78,20,100,1,0.500000,0.500000,0.333333,0.506400,0.916719,0.673774,0.290396
fbcnet,cross_session,sub-009,,ses-01,ses-03,2,,78,20,100,1,0.500000,0.500000,0.333333,0.460400,1.282830,0.825325,0.397421
fbcnet,cross_session,sub-009,,ses-01,ses-04,2,,78,20,96,1,0.500000,0.492174,0.477314,0.488261,0.958510,0.674390,0.282324
fbcnet,cross_session,sub-009,,ses-01,ses-05,2,,78,20,99,1,0.505051,0.504490,0.503226,0.488163,0.727537,0.532498,0.114398
fbcnet,cross_session,sub-009,,ses-02,ses-01,2,,80,20,98,13,0.540816,0.537500,0.526570,0.453750,0.982889,0.664216,0.260109
fbcnet,cross_session,sub-009,,ses-02,ses-03,2,,80,20,100,13,0.470000,0.470000,0.463508,0.492400,1.051079,0.641034,0.242701
fbcnet,cross_session,sub-009,,ses-02,ses-04,2,,80,20,96,13,0.500000,0.505217,0.494515,0.545435,1.045152,0.603648,0.200855
fbcnet,cross_session,sub-009,,ses-02,ses-05,2,,80,20,99,13,0.494949,0.500000,0.331081,0.447755,1.368907,0.841193,0.398922
fbcnet,cross_session,sub-009,,ses-03,ses-01,2,,80,20,98,40,0.571429,0.565000,0.520280,0.588333,0.988340,0.628670,0.249947
fbcnet,cross_session,sub-009,,ses-03,ses-02,2,,80,20,100,40,0.480000,0.480000,0.474747,0.498000,0.816604,0.595319,0.203691
fbcnet,cross_session,sub-009,,ses-03,ses-04,2,,80,20,96,40,0.489583,0.504783,0.421189,0.482174,1.301850,0.770160,0.366520
fbcnet,cross_session,sub-009,,ses-03,ses-05,2,,80,20,99,40,0.494949,0.497959,0.447545,0.456327,0.965894,0.674147,0.283293
fbcnet,cross_session,sub-009,,ses-04,ses-01,2,,76,20,98,2,0.489796,0.492083,0.484428,0.473750,0.743548,0.545154,0.108425
fbcnet,cross_session,sub-009,,ses-04,ses-02,2,,76,20,100,2,0.520000,0.520000,0.448529,0.488000,0.738664,0.541893,0.156632
fbcnet,cross_session,sub-009,,ses-04,ses-03,2,,76,20,100,2,0.430000,0.430000,0.416880,0.439600,0.760242,0.558283,0.172973
fbcnet,cross_session,sub-009,,ses-04,ses-05,2,,76,20,99,2,0.494949,0.499592,0.363426,0.414286,0.869578,0.636394,0.216235
fbcnet,cross_session,sub-009,,ses-05,ses-01,2,,79,20,98,5,0.581633,0.580833,0.580541,0.521250,0.828767,0.580651,0.209116
fbcnet,cross_session,sub-009,,ses-05,ses-02,2,,79,20,100,5,0.500000,0.500000,0.333333,0.544800,1.198621,0.804041,0.391961
fbcnet,cross_session,sub-009,,ses-05,ses-03,2,,79,20,100,5,0.500000,0.500000,0.333333,0.502400,1.925458,0.944865,0.470889
fbcnet,cross_session,sub-009,,ses-05,ses-04,2,,79,20,96,5,0.510417,0.500435,0.474799,0.481304,1.325049,0.760638,0.373647
fbcnet,cross_session,sub-010,,ses-01,ses-02,2,,71,18,94,4,0.510638,0.510638,0.505037,0.523766,1.494930,0.813306,0.396091
fbcnet,cross_session,sub-010,,ses-01,ses-03,2,,71,18,100,4,0.500000,0.500000,0.333333,0.495200,1.287347,0.795582,0.376599
fbcnet,cross_session,sub-010,,ses-01,ses-04,2,,71,18,100,4,0.500000,0.500000,0.415615,0.514000,0.772591,0.567019,0.157816
fbcnet,cross_session,sub-010,,ses-01,ses-05,2,,71,18,97,4,0.494845,0.491922,0.448928,0.512330,1.300342,0.705046,0.292494
fbcnet,cross_session,sub-010,,ses-02,ses-01,2,,75,19,89,5,0.539326,0.542214,0.537223,0.554095,0.698363,0.504528,0.090230
fbcnet,cross_session,sub-010,,ses-02,ses-03,2,,75,19,100,5,0.510000,0.510000,0.477333,0.521600,0.721990,0.526440,0.153398
fbcnet,cross_session,sub-010,,ses-02,ses-04,2,,75,19,100,5,0.500000,0.500000,0.392909,0.523600,0.752776,0.554046,0.187789
fbcnet,cross_session,sub-010,,ses-02,ses-05,2,,75,19,97,5,0.515464,0.511905,0.447595,0.529762,0.770455,0.560440,0.138650
fbcnet,cross_session,sub-010,,ses-03,ses-01,2,,80,20,89,7,0.494382,0.509353,0.381658,0.558645,0.829307,0.609015,0.228718
fbcnet,cross_session,sub-010,,ses-03,ses-02,2,,80,20,94,7,0.521277,0.521277,0.378946,0.636034,0.827320,0.589027,0.228763
fbcnet,cross_session,sub-010,,ses-03,ses-04,2,,80,20,100,7,0.500000,0.500000,0.333333,0.622800,0.814082,0.593369,0.246805
fbcnet,cross_session,sub-010,,ses-03,ses-05,2,,80,20,97,7,0.484536,0.479804,0.343174,0.593112,1.026841,0.680727,0.320164
fbcnet,cross_session,sub-010,,ses-04,ses-01,2,,80,20,89,1,0.516854,0.527300,0.471774,0.555106,0.742066,0.544084,0.180620
fbcnet,cross_session,sub-010,,ses-04,ses-02,2,,80,20,94,1,0.542553,0.542553,0.458685,0.558171,0.789201,0.563908,0.175927
fbcnet,cross_session,sub-010,,ses-04,ses-03,2,,80,20,100,1,0.480000,0.480000,0.448217,0.500000,0.753753,0.554800,0.161582
fbcnet,cross_session,sub-010,,ses-04,ses-05,2,,80,20,97,1,0.484536,0.480655,0.396766,0.521684,0.825868,0.606988,0.229600
fbcnet,cross_session,sub-010,,ses-05,ses-01,2,,77,20,89,4,0.516854,0.527300,0.471774,0.570779,0.724301,0.528798,0.110661
fbcnet,cross_session,sub-010,,ses-05,ses-02,2,,77,20,94,4,0.553191,0.553191,0.545789,0.593029,0.696561,0.501455,0.067455
fbcnet,cross_session,sub-010,,ses-05,ses-03,2,,77,20,100,4,0.470000,0.470000,0.362904,0.492000,0.754089,0.556357,0.172411
fbcnet,cross_session,sub-010,,ses-05,ses-04,2,,77,20,100,4,0.480000,0.480000,0.340436,0.524000,0.775096,0.572152,0.196650
fbcnet,cross_session,sub-011,,ses-01,ses-02,2,,80,20,94,15,0.521277,0.500000,0.342657,0.458957,2.487678,0.919464,0.473522
fbcnet,cross_session,sub-011,,ses-01,ses-03,2,,80,20,100,15,0.500000,0.500000,0.333333,0.619200,2.434400,0.965874,0.487051
fbcnet,cross_session,sub-011,,ses-01,ses-04,2,,80,20,100,15,0.520000,0.520000,0.404762,0.563200,1.047199,0.724240,0.332719
fbcnet,cross_session,sub-011,,ses-01,ses-05,2,,80,20,100,15,0.500000,0.500000,0.333333,0.610400,1.240127,0.796207,0.407371
fbcnet,cross_session,sub-011,,ses-02,ses-01,2,,75,19,100,12,0.510000,0.510000,0.385580,0.570800,0.752780,0.549382,0.167516
fbcnet,cross_session,sub-011,,ses-02,ses-03,2,,75,19,100,12,0.540000,0.540000,0.539263,0.571200,0.686413,0.493881,0.061205
fbcnet,cross_session,sub-011,,ses-02,ses-04,2,,75,19,100,12,0.590000,0.590000,0.587981,0.585200,0.682812,0.489237,0.104818
fbcnet,cross_session,sub-011,,ses-02,ses-05,2,,75,19,100,12,0.520000,0.520000,0.428571,0.560000,0.735825,0.538755,0.142482
fbcnet,cross_session,sub-011,,ses-03,ses-01,2,,80,20,100,2,0.500000,0.500000,0.333333,0.564000,1.611137,0.912180,0.456657
fbcnet,cross_session,sub-011,,ses-03,ses-02,2,,80,20,94,2,0.478723,0.470975,0.456519,0.473469,0.886759,0.638999,0.252902
fbcnet,cross_session,sub-011,,ses-03,ses-04,2,,80,20,100,2,0.490000,0.490000,0.345399,0.606400,0.766860,0.564583,0.208415
fbcnet,cross_session,sub-011,,ses-03,ses-05,2,,80,20,100,2,0.500000,0.500000,0.333333,0.502400,0.993130,0.711074,0.325555
fbcnet,cross_session,sub-011,,ses-04,ses-01,2,,80,20,100,1,0.530000,0.530000,0.410658,0.514000,0.766482,0.562838,0.174205
fbcnet,cross_session,sub-011,,ses-04,ses-02,2,,80,20,94,1,0.489362,0.476644,0.431452,0.451701,0.887006,0.643314,0.255594
fbcnet,cross_session,sub-011,,ses-04,ses-03,2,,80,20,100,1,0.510000,0.510000,0.355178,0.560000,0.818226,0.603845,0.232173
fbcnet,cross_session,sub-011,,ses-04,ses-05,2,,80,20,100,1,0.470000,0.470000,0.385934,0.525200,0.773801,0.570192,0.201382
fbcnet,cross_session,sub-011,,ses-05,ses-01,2,,80,20,100,2,0.500000,0.500000,0.333333,0.501200,1.479996,0.888737,0.440046
fbcnet,cross_session,sub-011,,ses-05,ses-02,2,,80,20,94,2,0.521277,0.521769,0.521222,0.504762,0.810420,0.579446,0.177057
fbcnet,cross_session,sub-011,,ses-05,ses-03,2,,80,20,100,2,0.520000,0.520000,0.448529,0.528800,0.775899,0.569224,0.193435
fbcnet,cross_session,sub-011,,ses-05,ses-04,2,,80,20,100,2,0.510000,0.510000,0.355178,0.606000,0.809545,0.598735,0.265003
fbcnet,cross_session,sub-012,,ses-01,ses-02,2,,80,20,91,2,0.483516,0.485266,0.470996,0.500000,0.791785,0.564922,0.164150
fbcnet,cross_session,sub-012,,ses-01,ses-03,2,,80,20,97,2,0.484536,0.483631,0.480060,0.482568,0.788990,0.575998,0.155681
fbcnet,cross_session,sub-012,,ses-01,ses-04,2,,80,20,87,2,0.563218,0.566667,0.560372,0.578307,0.793653,0.559910,0.152805
fbcnet,cross_session,sub-012,,ses-01,ses-05,2,,80,20,83,2,0.554217,0.534870,0.532216,0.507683,0.995545,0.622336,0.229506
fbcnet,cross_session,sub-012,,ses-02,ses-01,2,,72,19,100,19,0.430000,0.430000,0.339590,0.424400,1.066586,0.753273,0.349400
fbcnet,cross_session,sub-012,,ses-02,ses-03,2,,72,19,97,19,0.484536,0.484056,0.483163,0.488946,1.018321,0.688912,0.285820
fbcnet,cross_session,sub-012,,ses-02,ses-04,2,,72,19,87,19,0.482759,0.496032,0.401833,0.428571,1.276583,0.807229,0.361238
fbcnet,cross_session,sub-012,,ses-02,ses-05,2,,72,19,83,19,0.506024,0.453310,0.375023,0.528369,1.272610,0.783124,0.365717
fbcnet,cross_session,sub-012,,ses-03,ses-01,2,,77,20,100,7,0.500000,0.500000,0.365804,0.486000,1.116670,0.756791,0.357877
fbcnet,cross_session,sub-012,,ses-03,ses-02,2,,77,20,91,7,0.505495,0.500725,0.387068,0.515459,1.558078,0.747539,0.318926
fbcnet,cross_session,sub-012,,ses-03,ses-04,2,,77,20,87,7,0.482759,0.499206,0.344111,0.428571,1.795342,0.871811,0.412255
fbcnet,cross_session,sub-012,,ses-03,ses-05,2,,77,20,83,7,0.457831,0.436761,0.431074,0.443853,1.050659,0.669133,0.322845
fbcnet,cross_session,sub-012,,ses-04,ses-01,2,,69,18,100,2,0.500000,0.500000,0.365804,0.398400,0.949108,0.694579,0.326541
fbcnet,cross_session,sub-012,,ses-04,ses-02,2,,69,18,91,2,0.516484,0.511836,0.407692,0.523671,0.843834,0.593042,0.196535
fbcnet,cross_session,sub-012,,ses-04,ses-03,2,,69,18,97,2,0.484536,0.488733,0.385142,0.481293,0.874548,0.634901,0.238455
fbcnet,cross_session,sub-012,,ses-04,ses-05,2,,69,18,83,2,0.554217,0.508865,0.464329,0.492908,0.961633,0.642291,0.260087
fbcnet,cross_session,sub-012,,ses-05,ses-01,2,,66,17,100,6,0.500000,0.500000,0.333333,0.500800,1.249017,0.819973,0.399359
fbcnet,cross_session,sub-012,,ses-05,ses-02,2,,66,17,91,6,0.527473,0.524879,0.498140,0.468599,0.810494,0.585376,0.202811
fbcnet,cross_session,sub-012,,ses-05,ses-03,2,,66,17,97,6,0.494845,0.500000,0.331034,0.416241,1.107490,0.761297,0.338036
fbcnet,cross_session,sub-012,,ses-05,ses-04,2,,66,17,87,6,0.517241,0.528571,0.465789,0.468254,0.917959,0.657995,0.261735
fbcnet,cross_session,sub-013,,ses-01,ses-02,2,,80,20,94,25,0.542553,0.556689,0.494434,0.593197,0.806556,0.576601,0.229498
fbcnet,cross_session,sub-013,,ses-01,ses-03,2,,80,20,100,25,0.520000,0.520000,0.404762,0.572400,0.974137,0.655531,0.270914
fbcnet,cross_session,sub-013,,ses-01,ses-04,2,,80,20,95,25,0.494737,0.507542,0.404389,0.560781,1.038580,0.697024,0.302918
fbcnet,cross_session,sub-013,,ses-01,ses-05,2,,80,20,100,25,0.480000,0.480000,0.368626,0.536800,0.911039,0.650325,0.273957
fbcnet,cross_session,sub-013,,ses-02,ses-01,2,,75,19,100,8,0.580000,0.580000,0.565936,0.564400,0.820735,0.582028,0.217597
fbcnet,cross_session,sub-013,,ses-02,ses-03,2,,75,19,100,8,0.520000,0.520000,0.376299,0.535200,1.130225,0.710448,0.304309
fbcnet,cross_session,sub-013,,ses-02,ses-04,2,,75,19,95,8,0.484211,0.500000,0.326241,0.437888,2.068256,0.983121,0.488897
fbcnet,cross_session,sub-013,,ses-02,ses-05,2,,75,19,100,8,0.510000,0.510000,0.355178,0.432400,1.191808,0.789131,0.384317
fbcnet,cross_session,sub-013,,ses-03,ses-01,2,,80,20,100,13,0.480000,0.480000,0.355159,0.516400,1.428148,0.874251,0.430196
fbcnet,cross_session,sub-013,,ses-03,ses-02,2,,80,20,94,13,0.521277,0.500000,0.342657,0.537415,1.705587,0.894118,0.446502
fbcnet,cross_session,sub-013,,ses-03,ses-04,2,,80,20,95,13,0.526316,0.510870,0.363934,0.516859,1.243223,0.778183,0.371638
fbcnet,cross_session,sub-013,,ses-03,ses-05,2,,80,20,100,13,0.520000,0.520000,0.376299,0.661600,0.853215,0.613703,0.265005
fbcnet,cross_session,sub-013,,ses-04,ses-01,2,,76,19,100,29,0.500000,0.500000,0.333333,0.646000,2.618487,0.970557,0.489391
fbcnet,cross_session,sub-013,,ses-04,ses-02,2,,76,19,94,29,0.478723,0.500000,0.323741,0.434467,3.209857,1.033852,0.517066
fbcnet,cross_session,sub-013,,ses-04,ses-03,2,,76,19,100,29,0.500000,0.500000,0.333333,0.502000,5.494277,0.999841,0.499933
fbcnet,cross_session,sub-013,,ses-04,ses-05,2,,76,19,100,29,0.520000,0.520000,0.465241,0.515200,0.874578,0.611188,0.191643
fbcnet,cross_session,sub-013,,ses-05,ses-01,2,,80,20,100,79,0.500000,0.500000,0.333333,0.577200,5.378829,0.999237,0.499652
fbcnet,cross_session,sub-013,,ses-05,ses-02,2,,80,20,94,79,0.521277,0.500000,0.342657,0.438549,3.274229,0.950614,0.477191
fbcnet,cross_session,sub-013,,ses-05,ses-03,2,,80,20,100,79,0.500000,0.500000,0.333333,0.585600,3.786191,0.992334,0.497129
fbcnet,cross_session,sub-013,,ses-05,ses-04,2,,80,20,95,79,0.484211,0.490018,0.469153,0.535936,1.192404,0.739677,0.343980
fbcnet,cross_session,sub-014,,ses-01,ses-02,2,,80,20,95,2,0.494737,0.500000,0.330986,0.549202,0.977365,0.702472,0.324501
fbcnet,cross_session,sub-014,,ses-01,ses-03,2,,80,20,92,2,0.467391,0.498576,0.335397,0.514001,0.848994,0.627575,0.255544
fbcnet,cross_session,sub-014,,ses-01,ses-04,2,,80,20,92,2,0.489130,0.500000,0.328467,0.489362,1.373653,0.867285,0.426389
fbcnet,cross_session,sub-014,,ses-01,ses-05,2,,80,20,100,2,0.510000,0.510000,0.355178,0.518400,0.903420,0.650167,0.254814
fbcnet,cross_session,sub-014,,ses-02,ses-01,2,,76,19,100,8,0.560000,0.560000,0.494485,0.570800,0.737684,0.531113,0.118607
fbcnet,cross_session,sub-014,,ses-02,ses-03,2,,76,19,92,8,0.445652,0.456811,0.434358,0.466540,0.790277,0.573844,0.175100
fbcnet,cross_session,sub-014,,ses-02,ses-04,2,,76,19,92,8,0.532609,0.523641,0.430217,0.500236,0.823678,0.599058,0.228216
fbcnet,cross_session,sub-014,,ses-02,ses-05,2,,76,19,100,8,0.550000,0.550000,0.508680,0.537600,0.774559,0.560420,0.138471
fbcnet,cross_session,sub-014,,ses-03,ses-01,2,,73,19,100,5,0.550000,0.550000,0.508680,0.488000,0.817955,0.587854,0.170332
fbcnet,cross_session,sub-014,,ses-03,ses-02,2,,73,19,95,5,0.494737,0.489583,0.330986,0.549202,0.983154,0.696202,0.313893
fbcnet,cross_session,sub-014,,ses-03,ses-04,2,,73,19,92,5,0.510870,0.500473,0.357043,0.468558,1.243735,0.800607,0.400574
fbcnet,cross_session,sub-014,,ses-03,ses-05,2,,73,19,100,5,0.550000,0.550000,0.529239,0.604800,0.730149,0.523690,0.148353
fbcnet,cross_session,sub-014,,ses-04,ses-01,2,,73,19,100,3,0.490000,0.490000,0.374310,0.439200,0.837824,0.615335,0.241812
fbcnet,cross_session,sub-014,,ses-04,ses-02,2,,73,19,95,3,0.536842,0.534353,0.508004,0.522163,0.740023,0.539076,0.105128
fbcnet,cross_session,sub-014,,ses-04,ses-03,2,,73,19,92,3,0.467391,0.488609,0.417195,0.483151,0.785329,0.580605,0.185212
fbcnet,cross_session,sub-014,,ses-04,ses-05,2,,73,19,100,3,0.550000,0.550000,0.542264,0.547600,0.735212,0.528225,0.132754
fbcnet,cross_session,sub-014,,ses-05,ses-01,2,,80,20,100,11,0.460000,0.460000,0.398396,0.472400,0.781191,0.573835,0.189214
fbcnet,cross_session,sub-014,,ses-05,ses-02,2,,80,20,95,11,0.463158,0.464539,0.454453,0.458777,0.779245,0.574396,0.214196
fbcnet,cross_session,sub-014,,ses-05,ses-03,2,,80,20,92,11,0.586957,0.603702,0.566468,0.643094,0.723667,0.510747,0.120068
fbcnet,cross_session,sub-014,,ses-05,ses-04,2,,80,20,92,11,0.510870,0.517967,0.456907,0.532861,0.887636,0.631622,0.258040
fbcnet,cross_session,sub-015,,ses-01,ses-02,2,,80,20,95,5,0.505263,0.510417,0.353741,0.587323,1.157201,0.763217,0.376605
fbcnet,cross_session,sub-015,,ses-01,ses-03,2,,80,20,85,5,0.458824,0.500000,0.314516,0.494426,1.504534,0.908901,0.454856
fbcnet,cross_session,sub-015,,ses-01,ses-04,2,,80,20,95,5,0.505263,0.510417,0.353741,0.587323,1.157201,0.763217,0.376605
fbcnet,cross_session,sub-015,,ses-01,ses-05,2,,80,20,98,5,0.489796,0.500000,0.328767,0.475000,1.180198,0.800778,0.390726
fbcnet,cross_session,sub-015,,ses-02,ses-01,2,,76,19,100,2,0.470000,0.470000,0.454227,0.482000,0.793400,0.585304,0.193409
fbcnet,cross_session,sub-015,,ses-02,ses-03,2,,76,19,85,2,0.505882,0.477146,0.418188,0.556856,0.792503,0.577675,0.212570
fbcnet,cross_session,sub-015,,ses-02,ses-04,2,,76,19,95,2,0.673684,0.670878,0.647263,0.796986,0.614379,0.425656,0.063404
fbcnet,cross_session,sub-015,,ses-02,ses-05,2,,76,19,98,2,0.489796,0.497083,0.419981,0.511250,0.780480,0.575079,0.180589
fbcnet,cross_session,sub-015,,ses-03,ses-01,2,,68,17,100,1,0.460000,0.460000,0.459784,0.448800,0.769832,0.569101,0.164057
fbcnet,cross_session,sub-015,,ses-03,ses-02,2,,68,17,95,1,0.494737,0.496454,0.481818,0.511082,0.736037,0.535902,0.174101
fbcnet,cross_session,sub-015,,ses-03,ses-04,2,,68,17,95,1,0.494737,0.496454,0.481818,0.511082,0.736037,0.535902,0.174101
fbcnet,cross_session,sub-015,,ses-03,ses-05,2,,68,17,98,1,0.469388,0.478750,0.335420,0.504583,0.829793,0.615530,0.240422
fbcnet,cross_session,sub-015,,ses-04,ses-01,2,,76,19,100,2,0.470000,0.470000,0.454227,0.482000,0.793400,0.585304,0.193409
fbcnet,cross_session,sub-015,,ses-04,ses-02,2,,76,19,95,2,0.673684,0.670878,0.647263,0.796986,0.614379,0.425656,0.063404
fbcnet,cross_session,sub-015,,ses-04,ses-03,2,,76,19,85,2,0.505882,0.477146,0.418188,0.556856,0.792503,0.577675,0.212570
fbcnet,cross_session,sub-015,,ses-04,ses-05,2,,76,19,98,2,0.489796,0.497083,0.419981,0.511250,0.780480,0.575079,0.180589
fbcnet,cross_session,sub-015,,ses-05,ses-01,2,,78,20,100,28,0.480000,0.480000,0.340436,0.471200,1.453004,0.838687,0.427727
fbcnet,cross_session,sub-015,,ses-05,ses-02,2,,78,20,95,28,0.505263,0.501773,0.441945,0.591755,0.996119,0.675350,0.320809
fbcnet,cross_session,sub-015,,ses-05,ses-03,2,,78,20,85,28,0.529412,0.534002,0.529347,0.489409,1.034928,0.702808,0.309773
fbcnet,cross_session,sub-015,,ses-05,ses-04,2,,78,20,95,28,0.505263,0.501773,0.441945,0.591755,0.996119,0.675350,0.320809
fbcnet,cross_session,sub-016,,ses-01,ses-02,2,,80,20,100,2,0.500000,0.500000,0.392909,0.466800,0.793649,0.583080,0.172177
fbcnet,cross_session,sub-016,,ses-01,ses-03,2,,80,20,100,2,0.520000,0.520000,0.404762,0.488800,0.790233,0.583772,0.185101
fbcnet,cross_session,sub-016,,ses-01,ses-04,2,,80,20,95,2,0.473684,0.478723,0.321429,0.484043,0.864874,0.639222,0.262789
fbcnet,cross_session,sub-016,,ses-01,ses-05,2,,80,20,91,2,0.472527,0.459623,0.368056,0.475338,0.916142,0.656356,0.280596
fbcnet,cross_session,sub-016,,ses-02,ses-01,2,,80,20,100,40,0.530000,0.530000,0.445689,0.505600,1.580200,0.772342,0.356747
fbcnet,cross_session,sub-016,,ses-02,ses-03,2,,80,20,100,40,0.450000,0.450000,0.433632,0.446800,1.130090,0.764388,0.365103
fbcnet,cross_session,sub-016,,ses-02,ses-04,2,,80,20,95,40,0.515789,0.517730,0.499771,0.547872,1.193869,0.702173,0.320077
fbcnet,cross_session,sub-016,,ses-02,ses-05,2,,80,20,91,40,0.483516,0.500000,0.325926,0.548598,4.750077,1.001775,0.503101
fbcnet,cross_session,sub-016,,ses-03,ses-01,2,,80,20,100,99,0.560000,0.560000,0.551204,0.560400,0.779969,0.557777,0.196447
fbcnet,cross_session,sub-016,,ses-03,ses-02,2,,80,20,100,99,0.510000,0.510000,0.498721,0.522400,0.861562,0.620616,0.234795
fbcnet,cross_session,sub-016,,ses-03,ses-04,2,,80,20,95,99,0.494737,0.498227,0.434524,0.441933,0.925640,0.669861,0.323625
fbcnet,cross_session,sub-016,,ses-03,ses-05,2,,80,20,91,99,0.527473,0.535300,0.503489,0.618472,1.049237,0.637029,0.280196
fbcnet,cross_session,sub-016,,ses-04,ses-01,2,,76,19,100,43,0.480000,0.480000,0.442299,0.471200,1.267296,0.760206,0.350331
fbcnet,cross_session,sub-016,,ses-04,ses-02,2,,76,19,100,43,0.500000,0.500000,0.404762,0.580400,1.191229,0.736227,0.340203
fbcnet,cross_session,sub-016,,ses-04,ses-03,2,,76,19,100,43,0.520000,0.520000,0.519231,0.484000,1.772055,0.792655,0.390821
fbcnet,cross_session,sub-016,,ses-04,ses-05,2,,76,19,91,43,0.472527,0.477031,0.464706,0.502418,2.109764,0.863888,0.409165
fbcnet,cross_session,sub-016,,ses-05,ses-01,2,,72,19,100,2,0.450000,0.450000,0.373219,0.344800,0.844395,0.634231,0.269293
fbcnet,cross_session,sub-016,,ses-05,ses-02,2,,72,19,100,2,0.500000,0.500000,0.392909,0.531600,0.823370,0.598808,0.235811
fbcnet,cross_session,sub-016,,ses-05,ses-03,2,,72,19,100,2,0.510000,0.510000,0.432279,0.563600,0.773677,0.567179,0.193064
fbcnet,cross_session,sub-016,,ses-05,ses-04,2,,72,19,95,2,0.505263,0.502216,0.458197,0.509309,0.825344,0.597082,0.211940
fbcnet,cross_session,sub-017,,ses-01,ses-02,2,,80,20,100,42,0.490000,0.490000,0.374310,0.413200,1.704004,0.869907,0.421456
fbcnet,cross_session,sub-017,,ses-01,ses-03,2,,80,20,98,42,0.489796,0.500000,0.328767,0.540833,4.941200,1.020152,0.510090
fbcnet,cross_session,sub-017,,ses-01,ses-04,2,,80,20,100,42,0.490000,0.490000,0.328859,0.449600,1.794791,0.894592,0.435867
fbcnet,cross_session,sub-017,,ses-01,ses-05,2,,80,20,95,42,0.494737,0.500000,0.330986,0.425089,4.415628,1.008579,0.504385
fbcnet,cross_session,sub-017,,ses-02,ses-01,2,,80,20,100,12,0.450000,0.450000,0.413333,0.447600,1.043072,0.714045,0.308306
fbcnet,cross_session,sub-017,,ses-02,ses-03,2,,80,20,98,12,0.530612,0.520833,0.382466,0.610000,1.356104,0.729203,0.358829
fbcnet,cross_session,sub-017,,ses-02,ses-04,2,,80,20,100,12,0.500000,0.500000,0.333333,0.554000,2.839670,0.978472,0.493173
fbcnet,cross_session,sub-017,,ses-02,ses-05,2,,80,20,95,12,0.505263,0.503989,0.497241,0.512855,0.929970,0.631354,0.230149
fbcnet,cross_session,sub-017,,ses-03,ses-01,2,,78,20,100,28,0.440000,0.440000,0.384615,0.400000,1.111436,0.764772,0.328345
fbcnet,cross_session,sub-017,,ses-03,ses-02,2,,78,20,100,28,0.560000,0.560000,0.454365,0.609600,1.020467,0.667257,0.276662
fbcnet,cross_session,sub-017,,ses-03,ses-04,2,,78,20,100,28,0.520000,0.520000,0.376299,0.538800,1.472114,0.808373,0.410219
fbcnet,cross_session,sub-017,,ses-03,ses-05,2,,78,20,95,28,0.515789,0.514406,0.506549,0.542996,0.880447,0.612245,0.233297
fbcnet,cross_session,sub-017,,ses-04,ses-01,2,,80,20,100,2,0.510000,0.510000,0.457905,0.436800,0.776633,0.572596,0.171643
fbcnet,cross_session,sub-017,,ses-04,ses-02,2,,80,20,100,2,0.500000,0.500000,0.333333,0.543600,1.033140,0.729310,0.343407
fbcnet,cross_session,sub-017,,ses-04,ses-03,2,,80,20,98,2,0.489796,0.500000,0.328767,0.534583,1.157718,0.799315,0.391313
fbcnet,cross_session,sub-017,,ses-04,ses-05,2,,80,20,95,2,0.494737,0.500000,0.330986,0.409574,1.144535,0.782286,0.361543
fbcnet,cross_session,sub-017,,ses-05,ses-01,2,,76,19,100,10,0.480000,0.480000,0.453552,0.502000,0.761404,0.554956,0.156040
fbcnet,cross_session,sub-017,,ses-05,ses-02,2,,76,19,100,10,0.540000,0.540000,0.487522,0.515200,0.753006,0.546904,0.128928
fbcnet,cross_session,sub-017,,ses-05,ses-03,2,,76,19,98,10,0.561224,0.554583,0.505109,0.492917,0.788022,0.570479,0.188930
fbcnet,cross_session,sub-017,,ses-05,ses-04,2,,76,19,100,10,0.520000,0.520000,0.376299,0.470000,0.968148,0.688929,0.308901
fbcnet,cross_session,sub-018,,ses-01,ses-02,2,,75,19,100,16,0.500000,0.500000,0.333333,0.514400,2.210538,0.942362,0.476079
fbcnet,cross_session,sub-018,,ses-01,ses-03,2,,75,19,100,16,0.450000,0.450000,0.419280,0.446800,0.974068,0.659922,0.247236
fbcnet,cross_session,sub-018,,ses-01,ses-04,2,,75,19,100,16,0.450000,0.450000,0.419280,0.434400,0.949811,0.670341,0.280713
fbcnet,cross_session,sub-018,,ses-01,ses-05,2,,75,19,100,16,0.500000,0.500000,0.350312,0.522400,1.297780,0.809074,0.401462
fbcnet,cross_session,sub-018,,ses-02,ses-01,2,,80,20,94,4,0.489362,0.500000,0.328571,0.467391,2.235025,0.991219,0.495291
fbcnet,cross_session,sub-018,,ses-02,ses-03,2,,80,20,100,4,0.500000,0.500000,0.333333,0.475600,1.177913,0.798726,0.382079
fbcnet,cross_session,sub-018,,ses-02,ses-04,2,,80,20,100,4,0.500000,0.500000,0.333333,0.392400,1.523045,0.891085,0.430307
fbcnet,cross_session,sub-018,,ses-02,ses-05,2,,80,20,100,4,0.500000,0.500000,0.350312,0.458400,1.421771,0.863625,0.438576
fbcnet,cross_session,sub-018,,ses-03,ses-01,2,,80,20,94,10,0.500000,0.510417,0.351343,0.301178,1.152278,0.790160,0.373045
fbcnet,cross_session,sub-018,,ses-03,ses-02,2,,80,20,100,10,0.520000,0.520000,0.448529,0.506000,0.860309,0.614651,0.195745
fbcnet,cross_session,sub-018,,ses-03,ses-04,2,,80,20,100,10,0.460000,0.460000,0.420849,0.418400,0.838384,0.616060,0.209958
fbcnet,cross_session,sub-018,,ses-03,ses-05,2,,80,20,100,10,0.490000,0.490000,0.489541,0.476400,0.750659,0.551756,0.163673
fbcnet,cross_session,sub-018,,ses-04,ses-01,2,,80,20,94,40,0.510638,0.500000,0.338028,0.490036,3.000614,0.965249,0.483878
fbcnet,cross_session,sub-018,,ses-04,ses-02,2,,80,20,100,40,0.500000,0.500000,0.333333,0.425600,3.679443,0.980714,0.493720
fbcnet,cross_session,sub-018,,ses-04,ses-03,2,,80,20,100,40,0.500000,0.500000,0.350312,0.486400,1.969524,0.912503,0.458669
fbcnet,cross_session,sub-018,,ses-04,ses-05,2,,80,20,100,40,0.450000,0.450000,0.433632,0.446800,1.130090,0.764388,0.365103
fbcnet,cross_session,sub-018,,ses-05,ses-01,2,,80,20,94,99,0.393617,0.392210,0.390236,0.405797,0.889280,0.654105,0.283116
fbcnet,cross_session,sub-018,,ses-05,ses-02,2,,80,20,100,99,0.490000,0.490000,0.466471,0.464800,0.905572,0.656247,0.251059
fbcnet,cross_session,sub-018,,ses-05,ses-03,2,,80,20,100,99,0.530000,0.530000,0.445689,0.481200,0.907232,0.655537,0.286695
fbcnet,cross_session,sub-018,,ses-05,ses-04,2,,80,20,100,99,0.510000,0.510000,0.498721,0.522400,0.861562,0.620616,0.234795
fbcnet,cross_session,sub-019,,ses-01,ses-02,2,,76,19,95,9,0.494737,0.496232,0.485095,0.525709,0.785031,0.574064,0.178871
fbcnet,cross_session,sub-019,,ses-01,ses-03,2,,76,19,94,9,0.531915,0.543764,0.499274,0.570068,0.789433,0.570243,0.195473
fbcnet,cross_session,sub-019,,ses-01,ses-04,2,,76,19,92,9,0.510870,0.500000,0.338129,0.413712,1.322722,0.824795,0.399931
fbcnet,cross_session,sub-019,,ses-01,ses-05,2,,76,19,93,9,0.473118,0.476809,0.472142,0.448980,0.903679,0.656706,0.247078
fbcnet,cross_session,sub-019,,ses-02,ses-01,2,,76,19,95,43,0.494737,0.510204,0.348571,0.517746,2.046503,0.927916,0.471947
fbcnet,cross_session,sub-019,,ses-02,ses-03,2,,76,19,94,43,0.446809,0.431293,0.351724,0.381859,1.348687,0.839994,0.399242
fbcnet,cross_session,sub-019,,ses-02,ses-04,2,,76,19,92,43,0.500000,0.510638,0.351716,0.512057,1.672405,0.874824,0.432998
fbcnet,cross_session,sub-019,,ses-02,ses-05,2,,76,19,93,43,0.526882,0.533627,0.522409,0.581633,1.002160,0.630629,0.299700
fbcnet,cross_session,sub-019,,ses-03,ses-01,2,,75,19,95,4,0.505263,0.500444,0.490820,0.545697,0.773248,0.566044,0.186463
fbcnet,cross_session,sub-019,,ses-03,ses-02,2,,75,19,95,4,0.494737,0.500000,0.330986,0.483599,1.811099,0.927566,0.458936
fbcnet,cross_session,sub-019,,ses-03,ses-04,2,,75,19,92,4,0.489130,0.500000,0.328467,0.417021,2.811482,1.010798,0.504416
fbcnet,cross_session,sub-019,,ses-03,ses-05,2,,75,19,93,4,0.516129,0.535019,0.459930,0.527365,1.025368,0.695862,0.272290
fbcnet,cross_session,sub-019,,ses-04,ses-01,2,,73,19,95,7,0.515789,0.520630,0.506549,0.479148,0.770162,0.565922,0.194736
fbcnet,cross_session,sub-019,,ses-04,ses-02,2,,73,19,95,7,0.473684,0.470745,0.427435,0.490691,0.888886,0.642357,0.260129
fbcnet,cross_session,sub-019,,ses-04,ses-03,2,,73,19,94,7,0.468085,0.478005,0.442864,0.347846,0.891086,0.661135,0.276827
fbcnet,cross_session,sub-019,,ses-04,ses-05,2,,73,19,93,7,0.505376,0.495826,0.483832,0.490260,0.836597,0.611109,0.189948
fbcnet,cross_session,sub-019,,ses-05,ses-01,2,,74,19,95,29,0.463158,0.474268,0.394451,0.448980,0.973114,0.694726,0.275201
fbcnet,cross_session,sub-019,,ses-05,ses-02,2,,74,19,95,29,0.515789,0.519060,0.466031,0.550532,0.856518,0.615339,0.220674
fbcnet,cross_session,sub-019,,ses-05,ses-03,2,,74,19,94,29,0.553191,0.534240,0.427826,0.581859,0.933611,0.638615,0.284187
fbcnet,cross_session,sub-019,,ses-05,ses-04,2,,74,19,92,29,0.478261,0.488416,0.340896,0.427423,1.404424,0.855386,0.405381
fbcnet,cross_session,sub-020,,ses-01,ses-02,2,,71,18,100,81,0.510000,0.510000,0.355178,0.737200,1.733273,0.849186,0.432328
fbcnet,cross_session,sub-020,,ses-01,ses-03,2,,71,18,100,81,0.510000,0.510000,0.355178,0.490800,2.139453,0.926043,0.473540
fbcnet,cross_session,sub-020,,ses-01,ses-04,2,,71,18,100,81,0.540000,0.540000,0.429563,0.688000,1.276350,0.745037,0.350689
fbcnet,cross_session,sub-020,,ses-01,ses-05,2,,71,18,100,81,0.500000,0.500000,0.333333,0.753600,1.808845,0.897806,0.463000
fbcnet,cross_session,sub-020,,ses-02,ses-01,2,,80,20,89,91,0.561798,0.558586,0.520911,0.644444,1.318226,0.684140,0.302566
fbcnet,cross_session,sub-020,,ses-02,ses-03,2,,80,20,100,91,0.470000,0.470000,0.469947,0.470000,3.678502,1.018703,0.510298
fbcnet,cross_session,sub-020,,ses-02,ses-04,2,,80,20,100,91,0.580000,0.580000,0.525102,0.684800,1.032895,0.635541,0.312585
fbcnet,cross_session,sub-020,,ses-02,ses-05,2,,80,20,100,91,0.560000,0.560000,0.465760,0.744800,1.553175,0.773340,0.398847
fbcnet,cross_session,sub-020,,ses-03,ses-01,2,,80,20,89,12,0.483146,0.488636,0.325758,0.425758,1.445540,0.863608,0.442812
fbcnet,cross_session,sub-020,,ses-03,ses-02,2,,80,20,100,12,0.490000,0.490000,0.489541,0.489200,1.022206,0.710276,0.306614
fbcnet,cross_session,sub-020,,ses-03,ses-04,2,,80,20,100,12,0.410000,0.410000,0.399858,0.390000,0.873905,0.650869,0.263758
fbcnet,cross_session,sub-020,,ses-03,ses-05,2,,80,20,100,12,0.520000,0.520000,0.519231,0.510000,0.738713,0.538465,0.135197
fbcnet,cross_session,sub-020,,ses-04,ses-01,2,,80,20,89,95,0.505618,0.500000,0.335821,0.545455,11.699379,0.988757,0.494380
fbcnet,cross_session,sub-020,,ses-04,ses-02,2,,80,20,100,95,0.500000,0.500000,0.333333,0.647800,4.949317,0.986072,0.494043
fbcnet,cross_session,sub-020,,ses-04,ses-03,2,,80,20,100,95,0.500000,0.500000,0.333333,0.440000,5.700463,0.990203,0.494043
fbcnet,cross_session,sub-020,,ses-04,ses-05,2,,80,20,100,95,0.580000,0.580000,0.500000,0.832000,1.508400,0.666311,0.327696
fbcnet,cross_session,sub-020,,ses-05,ses-01,2,,80,20,89,99,0.505618,0.500000,0.335821,0.599495,4.785607,0.986714,0.493726
fbcnet,cross_session,sub-020,,ses-05,ses-02,2,,80,20,100,99,0.500000,0.500000,0.333333,0.745200,3.039278,0.985880,0.495643
fbcnet,cross_session,sub-020,,ses-05,ses-03,2,,80,20,100,99,0.500000,0.500000,0.333333,0.457600,3.496025,0.990145,0.495643
fbcnet,cross_session,sub-020,,ses-05,ses-04,2,,80,20,100,99,0.500000,0.500000,0.333333,0.971600,2.743477,0.961537,0.489504
fbcnet,cross_session,sub-021,,ses-01,ses-02,2,,75,19,99,94,0.505051,0.500612,0.383217,0.599184,1.425258,0.823205,0.401846
fbcnet,cross_session,sub-021,,ses-01,ses-03,2,,75,19,93,94,0.505376,0.510638,0.354167,0.589732,3.298153,0.977760,0.492912
fbcnet,cross_session,sub-021,,ses-01,ses-04,2,,75,19,100,94,0.500000,0.500000,0.333333,0.589200,2.957571,0.978325,0.494645
fbcnet,cross_session,sub-021,,ses-01,ses-05,2,,75,19,96,94,0.500000,0.510204,0.350986,0.607034,3.295606,0.993265,0.501586
fbcnet,cross_session,sub-021,,ses-02,ses-01,2,,79,20,94,4,0.531915,0.531915,0.400580,0.564962,0.932896,0.669398,0.328884
fbcnet,cross_session,sub-021,,ses-02,ses-03,2,,79,20,93,4,0.505376,0.509944,0.399832,0.412118,0.979703,0.712930,0.354657
fbcnet,cross_session,sub-021,,ses-02,ses-04,2,,79,20,100,4,0.500000,0.500000,0.333333,0.533600,1.035723,0.709999,0.338396
fbcnet,cross_session,sub-021,,ses-02,ses-05,2,,79,20,96,4,0.468750,0.477855,0.350232,0.483717,0.908516,0.654624,0.277692
fbcnet,cross_session,sub-021,,ses-03,ses-01,2,,74,19,94,92,0.489362,0.489362,0.447059,0.548212,1.181654,0.733002,0.340254
fbcnet,cross_session,sub-021,,ses-03,ses-02,2,,74,19,99,92,0.484848,0.488571,0.406349,0.476735,1.255510,0.769726,0.359357
fbcnet,cross_session,sub-021,,ses-03,ses-04,2,,74,19,100,92,0.500000,0.500000,0.333333,0.501200,2.896801,0.986573,0.503227
fbcnet,cross_session,sub-021,,ses-03,ses-05,2,,74,19,96,92,0.510417,0.503474,0.444814,0.494572,1.090241,0.711435,0.303425
fbcnet,cross_session,sub-021,,ses-04,ses-01,2,,80,20,94,91,0.500000,0.500000,0.333333,0.663649,3.166003,0.981156,0.494119
fbcnet,cross_session,sub-021,,ses-04,ses-02,2,,80,20,99,91,0.505051,0.500000,0.335570,0.533469,3.612525,0.987226,0.493121
fbcnet,cross_session,sub-021,,ses-04,ses-03,2,,80,20,93,91,0.494624,0.500000,0.330935,0.641536,2.940295,0.989821,0.498240
fbcnet,cross_session,sub-021,,ses-04,ses-05,2,,80,20,96,91,0.489583,0.500000,0.328671,0.514546,3.882865,1.008304,0.505822
fbcnet,cross_session,sub-021,,ses-05,ses-01,2,,76,20,94,4,0.521277,0.521277,0.514630,0.529199,0.749176,0.546307,0.137038
fbcnet,cross_session,sub-021,,ses-05,ses-02,2,,76,20,99,4,0.505051,0.501633,0.438866,0.479184,0.778945,0.574553,0.180432
fbcnet,cross_session,sub-021,,ses-05,ses-03,2,,76,20,93,4,0.494624,0.500000,0.330935,0.404718,1.153774,0.782590,0.355838
fbcnet,cross_session,sub-021,,ses-05,ses-04,2,,76,20,100,4,0.510000,0.510000,0.501577,0.544800,0.720177,0.522600,0.111740
fbcnet,cross_session,sub-022,,ses-01,ses-02,2,,69,18,100,5,0.540000,0.540000,0.462366,0.562000,0.764639,0.555578,0.164470
fbcnet,cross_session,sub-022,,ses-01,ses-03,2,,69,18,100,5,0.490000,0.490000,0.328859,0.434400,1.030910,0.730324,0.314524
fbcnet,cross_session,sub-022,,ses-01,ses-04,2,,69,18,100,5,0.500000,0.500000,0.333333,0.516800,1.047616,0.734919,0.342133
fbcnet,cross_session,sub-022,,ses-01,ses-05,2,,69,18,93,5,0.483871,0.500000,0.326087,0.527778,1.067741,0.747398,0.355377
fbcnet,cross_session,sub-022,,ses-02,ses-01,2,,80,20,87,31,0.597701,0.595666,0.583618,0.645349,0.743889,0.521881,0.205545
fbcnet,cross_session,sub-022,,ses-02,ses-03,2,,80,20,100,31,0.510000,0.510000,0.398847,0.529200,1.199198,0.766033,0.358885
fbcnet,cross_session,sub-022,,ses-02,ses-04,2,,80,20,100,31,0.500000,0.500000,0.333333,0.549600,2.177014,0.961994,0.480531
fbcnet,cross_session,sub-022,,ses-02,ses-05,2,,80,20,93,31,0.483871,0.488194,0.476548,0.481944,0.936125,0.661985,0.256483
fbcnet,cross_session,sub-022,,ses-03,ses-01,2,,80,20,87,2,0.505747,0.500000,0.335878,0.528013,0.900692,0.664481,0.319993
fbcnet,cross_session,sub-022,,ses-03,ses-02,2,,80,20,100,2,0.500000,0.500000,0.333333,0.533600,0.885871,0.652676,0.275863
fbcnet,cross_session,sub-022,,ses-03,ses-04,2,,80,20,100,2,0.480000,0.480000,0.479167,0.500000,0.725053,0.528619,0.119312
fbcnet,cross_session,sub-022,,ses-03,ses-05,2,,80,20,93,2,0.548387,0.535417,0.452020,0.535185,0.755709,0.550533,0.138508
fbcnet,cross_session,sub-022,,ses-04,ses-01,2,,80,20,87,69,0.528736,0.532241,0.482518,0.466173,1.094422,0.697737,0.263903
fbcnet,cross_session,sub-022,,ses-04,ses-02,2,,80,20,100,69,0.510000,0.510000,0.471470,0.599600,1.039330,0.666186,0.301843
fbcnet,cross_session,sub-022,,ses-04,ses-03,2,,80,20,100,69,0.450000,0.450000,0.325236,0.486000,2.273077,0.962334,0.491197
fbcnet,cross_session,sub-022,,ses-04,ses-05,2,,80,20,93,69,0.516129,0.518750,0.514107,0.537963,0.964104,0.660415,0.270645
fbcnet,cross_session,sub-022,,ses-05,ses-01,2,,74,19,87,5,0.494253,0.488636,0.330769,0.516913,0.991755,0.720666,0.351668
fbcnet,cross_session,sub-022,,ses-05,ses-02,2,,74,19,100,5,0.500000,0.500000,0.350312,0.508400,0.843995,0.617127,0.228734
fbcnet,cross_session,sub-022,,ses-05,ses-03,2,,74,19,100,5,0.470000,0.470000,0.450150,0.462800,0.770230,0.569173,0.199310
fbcnet,cross_session,sub-022,,ses-05,ses-04,2,,74,19,100,5,0.500000,0.500000,0.333333,0.522400,1.116188,0.761264,0.362096
fbcnet,cross_session,sub-023,,ses-01,ses-02,2,,76,20,94,7,0.585106,0.580163,0.558685,0.515851,0.778084,0.559965,0.156854
fbcnet,cross_session,sub-023,,ses-01,ses-03,2,,76,20,99,7,0.676768,0.673878,0.646429,0.748163,0.625302,0.437725,0.112435
fbcnet,cross_session,sub-023,,ses-01,ses-04,2,,76,20,100,7,0.460000,0.460000,0.445813,0.455600,0.831505,0.612518,0.224314
fbcnet,cross_session,sub-023,,ses-01,ses-05,2,,76,20,97,7,0.515464,0.511905,0.447595,0.543793,0.884961,0.615281,0.234197
fbcnet,cross_session,sub-023,,ses-02,ses-01,2,,75,19,96,2,0.520833,0.520833,0.420168,0.507378,0.816031,0.594135,0.192420
fbcnet,cross_session,sub-023,,ses-02,ses-03,2,,75,19,99,2,0.636364,0.635102,0.629983,0.695102,0.686704,0.462792,0.072743
fbcnet,cross_session,sub-023,,ses-02,ses-04,2,,75,19,100,2,0.500000,0.500000,0.474569,0.507200,0.735345,0.539040,0.131840
fbcnet,cross_session,sub-023,,ses-02,ses-05,2,,75,19,97,2,0.484536,0.482355,0.459188,0.485544,0.755690,0.554835,0.151197
fbcnet,cross_session,sub-023,,ses-03,ses-01,2,,79,20,96,33,0.531250,0.531250,0.438596,0.625434,1.133809,0.712091,0.330030
fbcnet,cross_session,sub-023,,ses-03,ses-02,2,,79,20,94,33,0.521277,0.511322,0.378946,0.538949,1.638248,0.855728,0.434051
fbcnet,cross_session,sub-023,,ses-03,ses-04,2,,79,20,100,33,0.470000,0.470000,0.349773,0.491600,1.787387,0.917420,0.457995
fbcnet,cross_session,sub-023,,ses-03,ses-05,2,,79,20,97,33,0.515464,0.518707,0.464214,0.619898,0.986718,0.678546,0.321581
fbcnet,cross_session,sub-023,,ses-04,ses-01,2,,80,20,96,89,0.489583,0.489583,0.345849,0.521267,2.959619,0.948733,0.486972
fbcnet,cross_session,sub-023,,ses-04,ses-02,2,,80,20,94,89,0.500000,0.493207,0.438984,0.480525,1.024827,0.688170,0.296631
fbcnet,cross_session,sub-023,,ses-04,ses-03,2,,80,20,99,89,0.494949,0.499796,0.347998,0.543265,2.023853,0.924904,0.467985
fbcnet,cross_session,sub-023,,ses-04,ses-05,2,,80,20,97,89,0.505155,0.508503,0.448864,0.556548,1.062679,0.695137,0.293614
fbcnet,cross_session,sub-023,,ses-05,ses-01,2,,77,20,96,1,0.531250,0.531250,0.449471,0.541667,0.776172,0.561115,0.151160
fbcnet,cross_session,sub-023,,ses-05,ses-02,2,,77,20,94,1,0.478723,0.476449,0.471486,0.431159,0.749097,0.553741,0.191610
fbcnet,cross_session,sub-023,,ses-05,ses-03,2,,77,20,99,1,0.606061,0.608980,0.571809,0.672653,0.716265,0.503816,0.068806
fbcnet,cross_session,sub-023,,ses-05,ses-04,2,,77,20,100,1,0.480000,0.480000,0.412031,0.475600,0.782938,0.578441,0.188996
fbcnet,cross_session,sub-024,,ses-01,ses-02,2,,59,15,82,16,0.439024,0.448565,0.433634,0.438397,0.981415,0.693586,0.268895
fbcnet,cross_session,sub-024,,ses-01,ses-03,2,,59,15,83,16,0.518072,0.501744,0.381520,0.559884,1.408826,0.786201,0.381337
fbcnet,cross_session,sub-024,,ses-01,ses-04,2,,59,15,98,16,0.489796,0.500000,0.328767,0.532083,2.516629,0.968718,0.485454
fbcnet,cross_session,sub-024,,ses-01,ses-05,2,,59,15,100,16,0.440000,0.440000,0.416667,0.399200,0.932219,0.686727,0.281937
fbcnet,cross_session,sub-024,,ses-02,ses-01,2,,65,17,74,18,0.527027,0.500000,0.345133,0.484982,1.394072,0.828131,0.410534
fbcnet,cross_session,sub-024,,ses-02,ses-03,2,,65,17,83,18,0.481928,0.465988,0.344536,0.438953,1.039783,0.719398,0.321991
fbcnet,cross_session,sub-024,,ses-02,ses-04,2,,65,17,98,18,0.520408,0.522083,0.517949,0.505000,0.814175,0.593928,0.189018
fbcnet,cross_session,sub-024,,ses-02,ses-05,2,,65,17,100,18,0.500000,0.500000,0.333333,0.599200,1.443209,0.867406,0.435274
fbcnet,cross_session,sub-024,,ses-03,ses-01,2,,66,17,74,19,0.540541,0.514286,0.375992,0.537729,0.937414,0.652265,0.337192
fbcnet,cross_session,sub-024,,ses-03,ses-02,2,,66,17,82,19,0.426829,0.428230,0.426744,0.396531,0.843256,0.632087,0.251606
fbcnet,cross_session,sub-024,,ses-03,ses-04,2,,66,17,98,19,0.530612,0.537917,0.466383,0.481667,0.887409,0.638067,0.252421
fbcnet,cross_session,sub-024,,ses-03,ses-05,2,,66,17,100,19,0.420000,0.420000,0.353832,0.469200,0.873063,0.636018,0.281115
fbcnet,cross_session,sub-024,,ses-04,ses-01,2,,78,20,74,3,0.513514,0.487179,0.339286,0.535531,0.805220,0.587382,0.220401
fbcnet,cross_session,sub-024,,ses-04,ses-02,2,,78,20,82,3,0.439024,0.441388,0.439024,0.441986,0.774133,0.572599,0.173413
fbcnet,cross_session,sub-024,,ses-04,ses-03,2,,78,20,83,3,0.518072,0.508721,0.477987,0.475000,0.758399,0.557742,0.180061
fbcnet,cross_session,sub-024,,ses-04,ses-05,2,,78,20,100,3,0.500000,0.500000,0.450549,0.487600,0.750005,0.550458,0.119691
fbcnet,cross_session,sub-024,,ses-05,ses-01,2,,80,20,74,21,0.459459,0.450549,0.439394,0.428571,0.950947,0.663145,0.293414
fbcnet,cross_session,sub-024,,ses-05,ses-02,2,,80,20,82,21,0.500000,0.505383,0.499330,0.562799,0.798567,0.582804,0.205173
fbcnet,cross_session,sub-024,,ses-05,ses-03,2,,80,20,83,21,0.433735,0.429942,0.425394,0.414535,0.853185,0.634423,0.235135
fbcnet,cross_session,sub-024,,ses-05,ses-04,2,,80,20,98,21,0.479592,0.488750,0.355513,0.578333,1.400563,0.799939,0.391024
fbcnet,cross_session,sub-025,,ses-01,ses-02,2,,70,18,92,5,0.413043,0.413239,0.413043,0.368794,0.804723,0.602818,0.200246
fbcnet,cross_session,sub-025,,ses-01,ses-03,2,,70,18,94,5,0.510638,0.503623,0.446493,0.610054,0.700877,0.506893,0.150895
fbcnet,cross_session,sub-025,,ses-01,ses-04,2,,70,18,88,5,0.477273,0.478553,0.476190,0.502326,0.761419,0.558444,0.176465
fbcnet,cross_session,sub-025,,ses-01,ses-05,2,,70,18,100,5,0.500000,0.500000,0.333333,0.571600,0.897698,0.651702,0.282984
fbcnet,cross_session,sub-025,,ses-02,ses-01,2,,73,19,88,11,0.477273,0.469767,0.408533,0.537468,0.822934,0.578919,0.233728
fbcnet,cross_session,sub-025,,ses-02,ses-03,2,,73,19,94,11,0.510638,0.513587,0.502531,0.548913,0.937469,0.626538,0.260547
fbcnet,cross_session,sub-025,,ses-02,ses-04,2,,73,19,88,11,0.454545,0.461499,0.402377,0.536951,1.029285,0.704343,0.329637
fbcnet,cross_session,sub-025,,ses-02,ses-05,2,,73,19,100,11,0.500000,0.500000,0.333333,0.596400,1.083495,0.710361,0.343589
fbcnet,cross_session,sub-025,,ses-03,ses-01,2,,75,19,88,1,0.522727,0.530749,0.459965,0.512661,0.801440,0.584920,0.174094
fbcnet,cross_session,sub-025,,ses-03,ses-02,2,,75,19,92,1,0.380435,0.381324,0.379775,0.395272,0.784604,0.584871,0.233035
fbcnet,cross_session,sub-025,,ses-03,ses-04,2,,75,19,88,1,0.545455,0.536951,0.465695,0.557623,0.835091,0.581781,0.210519
fbcnet,cross_session,sub-025,,ses-03,ses-05,2,,75,19,100,1,0.520000,0.520000,0.391172,0.565200,0.791922,0.583690,0.246842
fbcnet,cross_session,sub-025,,ses-04,ses-01,2,,70,18,88,45,0.545455,0.549871,0.529915,0.507494,0.815302,0.592188,0.215197
fbcnet,cross_session,sub-025,,ses-04,ses-02,2,,70,18,92,45,0.532609,0.529787,0.523086,0.496927,0.873057,0.620458,0.182344
fbcnet,cross_session,sub-025,,ses-04,ses-03,2,,70,18,94,45,0.510638,0.519022,0.426525,0.521286,0.902282,0.639096,0.245389
fbcnet,cross_session,sub-025,,ses-04,ses-05,2,,70,18,100,45,0.530000,0.530000,0.396740,0.566800,0.963796,0.673667,0.299256
fbcnet,cross_session,sub-025,,ses-05,ses-01,2,,80,20,88,3,0.511364,0.522222,0.375887,0.510594,1.029730,0.707898,0.319094
fbcnet,cross_session,sub-025,,ses-05,ses-02,2,,80,20,92,3,0.489130,0.500000,0.328467,0.453428,1.148308,0.787043,0.366435
fbcnet,cross_session,sub-025,,ses-05,ses-03,2,,80,20,94,3,0.489362,0.500000,0.328571,0.575181,1.110777,0.756415,0.361237
fbcnet,cross_session,sub-025,,ses-05,ses-04,2,,80,20,88,3,0.511364,0.500000,0.338346,0.545736,1.207759,0.760544,0.357183
fbcnet,cross_session,sub-001,,ses-01,ses-02,3,,80,20,100,23,0.520000,0.520000,0.510404,0.523600,0.880632,0.613909,0.232329
fbcnet,cross_session,sub-001,,ses-01,ses-03,3,,80,20,99,23,0.515152,0.520000,0.374078,0.487755,1.600348,0.864214,0.432344
fbcnet,cross_session,sub-001,,ses-01,ses-04,3,,80,20,99,23,0.505051,0.500000,0.335570,0.539184,2.290677,0.947288,0.477288
fbcnet,cross_session,sub-001,,ses-01,ses-05,3,,80,20,94,23,0.510638,0.500000,0.338028,0.618207,2.656891,0.948483,0.479482
fbcnet,cross_session,sub-001,,ses-02,ses-01,3,,80,20,100,9,0.590000,0.590000,0.571085,0.570800,0.700665,0.503947,0.096220
fbcnet,cross_session,sub-001,,ses-02,ses-03,3,,80,20,99,9,0.545455,0.547347,0.529915,0.537143,0.755021,0.548756,0.183741
fbcnet,cross_session,sub-001,,ses-02,ses-04,3,,80,20,99,9,0.505051,0.507143,0.483991,0.497143,0.746706,0.547749,0.157278
fbcnet,cross_session,sub-001,,ses-02,ses-05,3,,80,20,94,9,0.500000,0.503170,0.490250,0.526268,0.822437,0.581542,0.175099
fbcnet,cross_session,sub-001,,ses-03,ses-01,3,,79,20,100,4,0.470000,0.470000,0.319728,0.492400,0.785074,0.584250,0.242961
fbcnet,cross_session,sub-001,,ses-03,ses-02,3,,79,20,100,4,0.480000,0.480000,0.392239,0.459200,0.765500,0.565117,0.156883
fbcnet,cross_session,sub-001,,ses-03,ses-04,3,,79,20,99,4,0.505051,0.500000,0.335570,0.415510,1.078585,0.758763,0.346021
fbcnet,cross_session,sub-001,,ses-03,ses-05,3,,79,20,94,4,0.510638,0.500453,0.356548,0.592391,0.952760,0.661225,0.299192
fbcnet,cross_session,sub-001,,ses-04,ses-01,3,,79,20,100,24,0.500000,0.500000,0.333333,0.568400,1.474733,0.866740,0.438571
fbcnet,cross_session,sub-001,,ses-04,ses-02,3,,79,20,100,24,0.480000,0.480000,0.340436,0.508000,1.217003,0.799370,0.386546
fbcnet,cross_session,sub-001,,ses-04,ses-03,3,,79,20,99,24,0.525253,0.520408,0.379352,0.493061,1.053168,0.716036,0.310060
fbcnet,cross_session,sub-001,,ses-04,ses-05,3,,79,20,94,24,0.531915,0.525815,0.486339,0.574275,1.133082,0.632721,0.252466
fbcnet,cross_session,sub-001,,ses-05,ses-01,3,,75,19,100,40,0.500000,0.500000,0.333333,0.588400,2.708738,0.984852,0.492103
fbcnet,cross_session,sub-001,,ses-05,ses-02,3,,75,19,100,40,0.510000,0.510000,0.457905,0.458800,1.431085,0.793200,0.370937
fbcnet,cross_session,sub-001,,ses-05,ses-03,3,,75,19,99,40,0.515152,0.520000,0.374078,0.550612,1.889642,0.903203,0.453458
fbcnet,cross_session,sub-001,,ses-05,ses-04,3,,75,19,99,40,0.484848,0.480816,0.384343,0.499184,1.500312,0.839640,0.402453
fbcnet,cross_session,sub-002,,ses-01,ses-02,3,,73,19,95,16,0.547368,0.548094,0.545556,0.557624,0.902171,0.567720,0.170596
fbcnet,cross_session,sub-002,,ses-01,ses-03,3,,73,19,100,16,0.470000,0.500000,0.319728,0.491369,1.009175,0.738599,0.347200
fbcnet,cross_session,sub-002,,ses-01,ses-04,3,,73,19,100,16,0.500000,0.500000,0.450549,0.522800,0.751994,0.551520,0.155863
fbcnet,cross_session,sub-002,,ses-01,ses-05,3,,73,19,95,16,0.505263,0.518412,0.411028,0.492014,0.810950,0.596402,0.190559
fbcnet,cross_session,sub-002,,ses-02,ses-01,3,,76,19,92,22,0.489130,0.489130,0.346334,0.499055,1.074914,0.742452,0.356549
fbcnet,cross_session,sub-002,,ses-02,ses-03,3,,76,19,100,22,0.460000,0.468888,0.452110,0.436772,0.779907,0.577186,0.192274
fbcnet,cross_session,sub-002,,ses-02,ses-04,3,,76,19,100,22,0.500000,0.500000,0.498193,0.474800,0.768846,0.567460,0.164207
fbcnet,cross_session,sub-002,,ses-02,ses-05,3,,76,19,95,22,0.505263,0.494454,0.432584,0.526176,0.774249,0.563070,0.203144
fbcnet,cross_session,sub-002,,ses-03,ses-01,3,,80,20,92,7,0.510870,0.510870,0.357043,0.487240,1.058686,0.727508,0.327768
fbcnet,cross_session,sub-002,,ses-03,ses-02,3,,80,20,95,7,0.536842,0.532137,0.417503,0.523493,1.108438,0.682247,0.327311
fbcnet,cross_session,sub-002,,ses-03,ses-04,3,,80,20,100,7,0.480000,0.480000,0.435764,0.470000,0.771092,0.569127,0.166948
fbcnet,cross_session,sub-002,,ses-03,ses-05,3,,80,20,95,7,0.484211,0.480035,0.472760,0.515528,0.790468,0.575439,0.196706
fbcnet,cross_session,sub-002,,ses-04,ses-01,3,,80,20,92,11,0.521739,0.521739,0.446086,0.546314,1.720610,0.779649,0.336302
fbcnet,cross_session,sub-002,,ses-04,ses-02,3,,80,20,95,11,0.568421,0.564938,0.513186,0.523936,1.720020,0.711003,0.331439
fbcnet,cross_session,sub-002,,ses-04,ses-03,3,,80,20,100,11,0.560000,0.557206,0.557166,0.512646,1.261440,0.764117,0.396208
fbcnet,cross_session,sub-002,,ses-04,ses-05,3,,80,20,95,11,0.515789,0.507986,0.479762,0.490683,1.351873,0.737908,0.342083
fbcnet,cross_session,sub-002,,ses-05,ses-01,3,,76,19,92,1,0.467391,0.467391,0.456540,0.484877,0.830003,0.590099,0.197831
fbcnet,cross_session,sub-002,,ses-05,ses-02,3,,76,19,95,1,0.557895,0.559619,0.546591,0.633865,0.724304,0.509987,0.116849
fbcnet,cross_session,sub-002,,ses-05,ses-03,3,,76,19,100,1,0.460000,0.489362,0.315068,0.454436,1.175030,0.815514,0.394781
fbcnet,cross_session,sub-002,,ses-05,ses-04,3,,76,19,100,1,0.500000,0.500000,0.392909,0.470400,0.828638,0.611460,0.224746
fbcnet,cross_session,sub-003,,ses-01,ses-02,3,,73,19,100,1,0.450000,0.450000,0.449505,0.438000,0.789207,0.583896,0.186715
fbcnet,cross_session,sub-003,,ses-01,ses-03,3,,73,19,92,1,0.521739,0.521986,0.521739,0.524350,0.864407,0.589046,0.169838
fbcnet,cross_session,sub-003,,ses-01,ses-04,3,,73,19,100,1,0.480000,0.480000,0.380952,0.448000,0.753862,0.556179,0.167982
fbcnet,cross_session,sub-003,,ses-01,ses-05,3,,73,19,100,1,0.500000,0.500000,0.457465,0.471200,0.753741,0.554388,0.153325
fbcnet,cross_session,sub-003,,ses-02,ses-01,3,,80,20,92,4,0.413043,0.408144,0.402885,0.400568,0.782838,0.581335,0.203197
fbcnet,cross_session,sub-003,,ses-02,ses-03,3,,80,20,92,4,0.500000,0.495508,0.475198,0.480851,0.999774,0.622410,0.212187
fbcnet,cross_session,sub-003,,ses-02,ses-04,3,,80,20,100,4,0.460000,0.460000,0.452110,0.442800,0.746939,0.551263,0.179752
fbcnet,cross_session,sub-003,,ses-02,ses-05,3,,80,20,100,4,0.560000,0.560000,0.509804,0.540000,0.744748,0.542614,0.155803
fbcnet,cross_session,sub-003,,ses-03,ses-01,3,,73,19,92,18,0.521739,0.506629,0.446086,0.581439,0.701075,0.506721,0.106978
fbcnet,cross_session,sub-003,,ses-03,ses-02,3,,73,19,100,18,0.380000,0.380000,0.348466,0.332000,0.802647,0.603019,0.256417
fbcnet,cross_session,sub-003,,ses-03,ses-04,3,,73,19,100,18,0.450000,0.450000,0.449945,0.484800,0.721256,0.526267,0.147929
fbcnet,cross_session,sub-003,,ses-03,ses-05,3,,73,19,100,18,0.480000,0.480000,0.340436,0.471600,0.869950,0.635894,0.246848
fbcnet,cross_session,sub-003,,ses-04,ses-01,3,,80,20,92,30,0.532609,0.546402,0.488559,0.541193,1.217824,0.696806,0.271641
fbcnet,cross_session,sub-003,,ses-04,ses-02,3,,80,20,100,30,0.480000,0.480000,0.340436,0.336800,1.739862,0.895953,0.426983
fbcnet,cross_session,sub-003,,ses-04,ses-03,3,,80,20,92,30,0.478261,0.481797,0.465893,0.511111,1.174916,0.730927,0.324456
fbcnet,cross_session,sub-003,,ses-04,ses-05,3,,80,20,100,30,0.500000,0.500000,0.333333,0.524800,2.976715,0.989895,0.500361
fbcnet,cross_session,sub-003,,ses-05,ses-01,3,,80,20,92,7,0.521739,0.500000,0.342857,0.551136,1.338980,0.769722,0.365619
fbcnet,cross_session,sub-003,,ses-05,ses-02,3,,80,20,100,7,0.520000,0.520000,0.428571,0.558800,0.935180,0.648328,0.296281
fbcnet,cross_session,sub-003,,ses-05,ses-03,3,,80,20,92,7,0.456522,0.466667,0.313433,0.494563,1.388921,0.833244,0.417790
fbcnet,cross_session,sub-003,,ses-05,ses-04,3,,80,20,100,7,0.470000,0.470000,0.405229,0.512800,0.805901,0.586364,0.202053
fbcnet,cross_session,sub-004,,ses-01,ses-02,3,,69,18,97,2,0.567010,0.566752,0.566596,0.556973,0.745795,0.541190,0.160298
fbcnet,cross_session,sub-004,,ses-01,ses-03,3,,69,18,91,2,0.417582,0.412791,0.410463,0.419089,0.832461,0.614179,0.238415
fbcnet,cross_session,sub-004,,ses-01,ses-04,3,,69,18,100,2,0.470000,0.470000,0.465672,0.474400,0.737259,0.541252,0.128933
fbcnet,cross_session,sub-004,,ses-01,ses-05,3,,69,18,100,2,0.520000,0.520000,0.376299,0.545200,0.846274,0.620764,0.246820
fbcnet,cross_session,sub-004,,ses-02,ses-01,3,,77,20,87,2,0.471264,0.475951,0.369168,0.397992,0.900365,0.659788,0.267431
fbcnet,cross_session,sub-004,,ses-02,ses-03,3,,77,20,91,2,0.439560,0.459060,0.371223,0.406008,1.009324,0.726529,0.319285
fbcnet,cross_session,sub-004,,ses-02,ses-04,3,,77,20,100,2,0.480000,0.480000,0.368626,0.453600,0.779830,0.573850,0.184944
fbcnet,cross_session,sub-004,,ses-02,ses-05,3,,77,20,100,2,0.500000,0.500000,0.333333,0.569200,0.943646,0.684533,0.307944
fbcnet,cross_session,sub-004,,ses-03,ses-01,3,,72,19,87,12,0.448276,0.452167,0.379310,0.471987,0.843440,0.615043,0.249653
fbcnet,cross_session,sub-004,,ses-03,ses-02,3,,72,19,97,12,0.474227,0.478316,0.378908,0.510629,0.779763,0.573394,0.189400
fbcnet,cross_session,sub-004,,ses-03,ses-04,3,,72,19,100,12,0.440000,0.440000,0.405772,0.510400,0.715549,0.522885,0.180981
fbcnet,cross_session,sub-004,,ses-03,ses-05,3,,72,19,100,12,0.510000,0.510000,0.371069,0.608400,0.761904,0.557788,0.189199
fbcnet,cross_session,sub-004,,ses-04,ses-01,3,,80,20,87,3,0.459770,0.462738,0.422865,0.472516,0.886947,0.629072,0.228517
fbcnet,cross_session,sub-004,,ses-04,ses-02,3,,80,20,97,3,0.484536,0.485757,0.477821,0.480442,0.783141,0.570847,0.214810
fbcnet,cross_session,sub-004,,ses-04,ses-03,3,,80,20,91,3,0.450549,0.451308,0.450483,0.434109,0.931670,0.678010,0.264852
fbcnet,cross_session,sub-004,,ses-04,ses-05,3,,80,20,100,3,0.430000,0.430000,0.403703,0.460400,0.778354,0.576179,0.209093
fbcnet,cross_session,sub-004,,ses-05,ses-01,3,,80,20,87,55,0.505747,0.500000,0.335878,0.455074,7.683084,0.988500,0.494247
fbcnet,cross_session,sub-004,,ses-05,ses-02,3,,80,20,97,55,0.505155,0.500000,0.335616,0.569303,3.659552,0.949562,0.482012
fbcnet,cross_session,sub-004,,ses-05,ses-03,3,,80,20,91,55,0.527473,0.500000,0.345324,0.492733,6.355865,0.943875,0.471673
fbcnet,cross_session,sub-004,,ses-05,ses-04,3,,80,20,100,55,0.500000,0.500000,0.333333,0.526000,2.225817,0.943621,0.482289
fbcnet,cross_session,sub-005,,ses-01,ses-02,3,,75,19,100,9,0.500000,0.500000,0.333333,0.516400,1.047355,0.737581,0.344883
fbcnet,cross_session,sub-005,,ses-01,ses-03,3,,75,19,93,9,0.516129,0.510870,0.359406,0.445421,1.153881,0.765183,0.350667
fbcnet,cross_session,sub-005,,ses-01,ses-04,3,,75,19,99,9,0.494949,0.500000,0.331081,0.501633,1.540424,0.908517,0.451005
fbcnet,cross_session,sub-005,,ses-01,ses-05,3,,75,19,89,9,0.471910,0.487614,0.338238,0.436299,1.315661,0.837679,0.398821
fbcnet,cross_session,sub-005,,ses-02,ses-01,3,,80,20,94,47,0.521277,0.500000,0.342657,0.549206,3.788275,0.947784,0.476788
fbcnet,cross_session,sub-005,,ses-02,ses-03,3,,80,20,93,47,0.483871,0.488437,0.373737,0.465772,3.948415,0.969751,0.475996
fbcnet,cross_session,sub-005,,ses-02,ses-04,3,,80,20,99,47,0.505051,0.500408,0.368770,0.494082,3.045165,0.903047,0.454383
fbcnet,cross_session,sub-005,,ses-02,ses-05,3,,80,20,89,47,0.505618,0.489130,0.335821,0.567998,3.722316,0.962409,0.487429
fbcnet,cross_session,sub-005,,ses-03,ses-01,3,,74,19,94,10,0.521277,0.500000,0.342657,0.517460,1.002513,0.679249,0.282898
fbcnet,cross_session,sub-005,,ses-03,ses-02,3,,74,19,100,10,0.500000,0.500000,0.494949,0.482800,0.825031,0.595661,0.214885
fbcnet,cross_session,sub-005,,ses-03,ses-04,3,,74,19,99,10,0.474747,0.477143,0.444780,0.518367,0.745204,0.544207,0.150249
fbcnet,cross_session,sub-005,,ses-03,ses-05,3,,74,19,89,10,0.550562,0.539434,0.488506,0.448938,0.933116,0.641141,0.234842
fbcnet,cross_session,sub-005,,ses-04,ses-01,3,,79,20,94,8,0.521277,0.500907,0.361702,0.569615,1.279323,0.724667,0.347086
fbcnet,cross_session,sub-005,,ses-04,ses-02,3,,79,20,100,8,0.490000,0.490000,0.474822,0.472000,1.017978,0.659024,0.228942
fbcnet,cross_session,sub-005,,ses-04,ses-03,3,,79,20,93,8,0.451613,0.455828,0.354957,0.445883,1.150286,0.748667,0.343129
fbcnet,cross_session,sub-005,,ses-04,ses-05,3,,79,20,89,8,0.494382,0.479019,0.349521,0.441860,1.321278,0.779609,0.367543
fbcnet,cross_session,sub-005,,ses-05,ses-01,3,,71,18,94,2,0.489362,0.480272,0.459770,0.408617,0.772868,0.560709,0.145308
fbcnet,cross_session,sub-005,,ses-05,ses-02,3,,71,18,100,2,0.580000,0.580000,0.509116,0.601200,0.721056,0.520724,0.140654
fbcnet,cross_session,sub-005,,ses-05,ses-03,3,,71,18,93,2,0.473118,0.475254,0.452613,0.483349,0.793238,0.580936,0.202858
fbcnet,cross_session,sub-005,,ses-05,ses-04,3,,71,18,99,2,0.454545,0.458367,0.365987,0.487347,0.759042,0.559275,0.186124
fbcnet,cross_session,sub-006,,ses-01,ses-02,3,,74,19,94,34,0.500000,0.505888,0.461941,0.465580,1.410636,0.823809,0.399927
fbcnet,cross_session,sub-006,,ses-01,ses-03,3,,74,19,95,34,0.526316,0.524158,0.504348,0.494238,0.893865,0.627176,0.244610
fbcnet,cross_session,sub-006,,ses-01,ses-04,3,,74,19,92,34,0.510870,0.510402,0.510349,0.492199,0.992907,0.660914,0.298467
fbcnet,cross_session,sub-006,,ses-01,ses-05,3,,74,19,95,34,0.515789,0.520630,0.506549,0.494676,1.019572,0.641951,0.231873
fbcnet,cross_session,sub-006,,ses-02,ses-01,3,,75,19,93,91,0.505376,0.518750,0.412363,0.599074,2.459485,0.879297,0.418066
fbcnet,cross_session,sub-006,,ses-02,ses-03,3,,75,19,95,91,0.442105,0.441268,0.438121,0.472518,1.131468,0.720845,0.343774
fbcnet,cross_session,sub-006,,ses-02,ses-04,3,,75,19,92,91,0.478261,0.468558,0.340896,0.662411,1.715865,0.900544,0.466171
fbcnet,cross_session,sub-006,,ses-02,ses-05,3,,75,19,95,91,0.515789,0.529281,0.417644,0.535492,1.800100,0.877986,0.432114
fbcnet,cross_session,sub-006,,ses-03,ses-01,3,,76,19,93,1,0.548387,0.534028,0.425588,0.533796,1.090739,0.710443,0.312919
fbcnet,cross_session,sub-006,,ses-03,ses-02,3,,76,19,94,1,0.489362,0.495471,0.447059,0.527174,1.355278,0.854047,0.424961
fbcnet,cross_session,sub-006,,ses-03,ses-04,3,,76,19,92,1,0.489130,0.497636,0.402680,0.577305,0.930450,0.669884,0.300649
fbcnet,cross_session,sub-006,,ses-03,ses-05,3,,76,19,95,1,0.494737,0.482254,0.392324,0.507986,1.264911,0.807583,0.392336
fbcnet,cross_session,sub-006,,ses-04,ses-01,3,,73,19,93,98,0.505376,0.491667,0.386051,0.521759,2.602972,0.908786,0.455660
fbcnet,cross_session,sub-006,,ses-04,ses-02,3,,73,19,94,98,0.489362,0.495471,0.447059,0.533967,2.828461,0.946931,0.479488
fbcnet,cross_session,sub-006,,ses-04,ses-03,3,,73,19,95,98,0.494737,0.500000,0.330986,0.597739,7.810489,1.010143,0.504882
fbcnet,cross_session,sub-006,,ses-04,ses-05,3,,73,19,95,98,0.494737,0.487578,0.463277,0.523514,2.476736,0.893448,0.431030
fbcnet,cross_session,sub-006,,ses-05,ses-01,3,,76,19,93,30,0.430108,0.438194,0.396326,0.476852,0.884716,0.658339,0.270959
fbcnet,cross_session,sub-006,,ses-05,ses-02,3,,76,19,94,30,0.574468,0.568841,0.539216,0.575634,0.747714,0.533395,0.149919
fbcnet,cross_session,sub-006,,ses-05,ses-03,3,,76,19,95,30,0.505263,0.500887,0.398653,0.422429,1.332147,0.759528,0.356805
fbcnet,cross_session,sub-006,,ses-05,ses-04,3,,76,19,92,30,0.521739,0.517258,0.498016,0.556028,0.756581,0.548722,0.151980
fbcnet,cross_session,sub-007,,ses-01,ses-02,3,,80,20,100,1,0.530000,0.530000,0.524243,0.559200,0.702730,0.508454,0.083758
fbcnet,cross_session,sub-007,,ses-01,ses-03,3,,80,20,96,1,0.458333,0.458333,0.442857,0.476562,0.731506,0.535979,0.148443
fbcnet,cross_session,sub-007,,ses-01,ses-04,3,,80,20,92,1,0.521739,0.521739,0.516021,0.516068,0.753584,0.549446,0.152895
fbcnet,cross_session,sub-007,,ses-01,ses-05,3,,80,20,100,1,0.550000,0.550000,0.548872,0.622400,0.665117,0.472101,0.103640
fbcnet,cross_session,sub-007,,ses-02,ses-01,3,,80,20,100,2,0.500000,0.500000,0.474569,0.430400,0.763902,0.563059,0.159730
fbcnet,cross_session,sub-007,,ses-02,ses-03,3,,80,20,96,2,0.427083,0.427083,0.416381,0.383681,0.820881,0.608835,0.229235
fbcnet,cross_session,sub-007,,ses-02,ses-04,3,,80,20,92,2,0.489130,0.489130,0.487617,0.512760,0.823352,0.586524,0.208478
fbcnet,cross_session,sub-007,,ses-02,ses-05,3,,80,20,100,2,0.620000,0.620000,0.612403,0.660400,0.653608,0.462291,0.064347
fbcnet,cross_session,sub-007,,ses-03,ses-01,3,,76,20,100,6,0.530000,0.530000,0.521920,0.514400,0.714806,0.520740,0.138604
fbcnet,cross_session,sub-007,,ses-03,ses-02,3,,76,20,100,6,0.550000,0.550000,0.533147,0.513200,0.730020,0.531885,0.121867
fbcnet,cross_session,sub-007,,ses-03,ses-04,3,,76,20,92,6,0.478261,0.478261,0.476032,0.507561,0.728302,0.531587,0.138970
fbcnet,cross_session,sub-007,,ses-03,ses-05,3,,76,20,100,6,0.480000,0.480000,0.472403,0.575200,0.695075,0.503082,0.140223
fbcnet,cross_session,sub-007,,ses-04,ses-01,3,,73,19,100,15,0.450000,0.450000,0.373219,0.436400,0.781481,0.580144,0.191619
fbcnet,cross_session,sub-007,,ses-04,ses-02,3,,73,19,100,15,0.520000,0.520000,0.404762,0.513200,0.836136,0.609507,0.207584
fbcnet,cross_session,sub-007,,ses-04,ses-03,3,,73,19,96,15,0.489583,0.489583,0.430164,0.452257,0.773099,0.566509,0.196445
fbcnet,cross_session,sub-007,,ses-04,ses-05,3,,73,19,100,15,0.620000,0.620000,0.610016,0.710000,0.642060,0.450520,0.073861
fbcnet,cross_session,sub-007,,ses-05,ses-01,3,,80,20,100,2,0.490000,0.490000,0.328859,0.505600,0.877832,0.641499,0.255979
fbcnet,cross_session,sub-007,,ses-05,ses-02,3,,80,20,100,2,0.510000,0.510000,0.398847,0.563600,0.799252,0.581262,0.206470
fbcnet,cross_session,sub-007,,ses-05,ses-03,3,,80,20,96,2,0.447917,0.447917,0.309353,0.462240,0.871555,0.639026,0.264852
fbcnet,cross_session,sub-007,,ses-05,ses-04,3,,80,20,92,2,0.543478,0.543478,0.496875,0.554348,0.806578,0.580810,0.167310
fbcnet,cross_session,sub-008,,ses-01,ses-02,3,,80,20,94,42,0.500000,0.500000,0.333333,0.394522,4.988254,0.993059,0.497372
fbcnet,cross_session,sub-008,,ses-01,ses-03,3,,80,20,89,42,0.494382,0.500000,0.330827,0.551010,3.919286,1.001941,0.502164
fbcnet,cross_session,sub-008,,ses-01,ses-04,3,,80,20,96,42,0.500000,0.500000,0.333333,0.511719,2.262898,0.937637,0.477503
fbcnet,cross_session,sub-008,,ses-01,ses-05,3,,80,20,100,42,0.500000,0.500000,0.333333,0.508800,2.004343,0.922401,0.457997
fbcnet,cross_session,sub-008,,ses-02,ses-01,3,,75,19,100,29,0.480000,0.480000,0.355159,0.548000,0.765524,0.563670,0.208589
fbcnet,cross_session,sub-008,,ses-02,ses-03,3,,75,19,89,29,0.494382,0.493939,0.493359,0.495455,0.779175,0.561871,0.145842
fbcnet,cross_session,sub-008,,ses-02,ses-04,3,,75,19,96,29,0.468750,0.468750,0.376067,0.549913,0.843182,0.629833,0.291453
fbcnet,cross_session,sub-008,,ses-02,ses-05,3,,75,19,100,29,0.500000,0.500000,0.365804,0.520800,0.803904,0.592020,0.210358
fbcnet,cross_session,sub-008,,ses-03,ses-01,3,,71,18,100,18,0.500000,0.500000,0.333333,0.539600,1.380469,0.853346,0.422718
fbcnet,cross_session,sub-008,,ses-03,ses-02,3,,71,18,94,18,0.563830,0.563830,0.562592,0.535536,0.988027,0.632635,0.239700
fbcnet,cross_session,sub-008,,ses-03,ses-04,3,,71,18,96,18,0.510417,0.510417,0.453422,0.550347,0.754940,0.551955,0.168229
fbcnet,cross_session,sub-008,,ses-03,ses-05,3,,71,18,100,18,0.500000,0.500000,0.333333,0.482000,0.994494,0.712525,0.321248
fbcnet,cross_session,sub-008,,ses-04,ses-01,3,,76,20,100,2,0.500000,0.500000,0.333333,0.582400,1.084520,0.751606,0.362215
fbcnet,cross_session,sub-008,,ses-04,ses-02,3,,76,20,94,2,0.489362,0.489362,0.361991,0.485287,1.208668,0.743840,0.352028
fbcnet,cross_session,sub-008,,ses-04,ses-03,3,,76,20,89,2,0.505618,0.508838,0.463268,0.495960,0.750509,0.548369,0.193121
fbcnet,cross_session,sub-008,,ses-04,ses-05,3,,76,20,100,2,0.500000,0.500000,0.333333,0.492400,1.044149,0.732509,0.338803
fbcnet,cross_session,sub-008,,ses-05,ses-01,3,,80,20,100,2,0.500000,0.500000,0.486864,0.525600,0.724231,0.527163,0.129464
fbcnet,cross_session,sub-008,,ses-05,ses-02,3,,80,20,94,2,0.489362,0.489362,0.474126,0.545043,0.798258,0.561029,0.185435
fbcnet,cross_session,sub-008,,ses-05,ses-03,3,,80,20,89,2,0.505618,0.503283,0.482011,0.462121,0.870832,0.629743,0.241843
fbcnet,cross_session,sub-008,,ses-05,ses-04,3,,80,20,96,2,0.500000,0.500000,0.437500,0.491753,0.787270,0.575718,0.160716
fbcnet,cross_session,sub-009,,ses-01,ses-02,3,,78,20,100,9,0.500000,0.500000,0.333333,0.562000,0.989533,0.706308,0.333169
fbcnet,cross_session,sub-009,,ses-01,ses-03,3,,78,20,100,9,0.500000,0.500000,0.333333,0.491200,1.261638,0.816811,0.400464
fbcnet,cross_session,sub-009,,ses-01,ses-04,3,,78,20,96,9,0.468750,0.453478,0.376067,0.530000,0.938321,0.667762,0.323974
fbcnet,cross_session,sub-009,,ses-01,ses-05,3,,78,20,99,9,0.474747,0.477347,0.438971,0.474286,0.810060,0.597873,0.221042
fbcnet,cross_session,sub-009,,ses-02,ses-01,3,,80,20,98,25,0.448980,0.450417,0.446906,0.477917,0.867517,0.628256,0.255179
fbcnet,cross_session,sub-009,,ses-02,ses-03,3,,80,20,100,25,0.520000,0.520000,0.479167,0.468800,1.584365,0.809740,0.386502
fbcnet,cross_session,sub-009,,ses-02,ses-04,3,,80,20,96,25,0.625000,0.626087,0.625000,0.621522,1.256548,0.565274,0.232081
fbcnet,cross_session,sub-009,,ses-02,ses-05,3,,80,20,99,25,0.464646,0.468776,0.360200,0.423673,1.293031,0.791368,0.353377
fbcnet,cross_session,sub-009,,ses-03,ses-01,3,,80,20,98,17,0.520408,0.511250,0.392268,0.577083,1.027428,0.686368,0.310111
fbcnet,cross_session,sub-009,,ses-03,ses-02,3,,80,20,100,17,0.500000,0.500000,0.365804,0.473600,0.957994,0.684278,0.289553
fbcnet,cross_session,sub-009,,ses-03,ses-04,3,,80,20,96,17,0.510417,0.493478,0.401194,0.494348,1.242597,0.694561,0.326174
fbcnet,cross_session,sub-009,,ses-03,ses-05,3,,80,20,99,17,0.494949,0.500000,0.331081,0.557143,1.633897,0.906340,0.461390
fbcnet,cross_session,sub-009,,ses-04,ses-01,3,,76,20,98,3,0.520408,0.515417,0.487025,0.550000,0.737166,0.530486,0.110478
fbcnet,cross_session,sub-009,,ses-04,ses-02,3,,76,20,100,3,0.490000,0.490000,0.345399,0.550800,0.784412,0.578116,0.210467
fbcnet,cross_session,sub-009,,ses-04,ses-03,3,,76,20,100,3,0.480000,0.480000,0.380952,0.424800,0.796047,0.589833,0.224221
fbcnet,cross_session,sub-009,,ses-04,ses-05,3,,76,20,99,3,0.494949,0.500000,0.331081,0.499184,1.044241,0.737435,0.341228
fbcnet,cross_session,sub-009,,ses-05,ses-01,3,,79,20,98,2,0.510204,0.518333,0.423529,0.549167,0.878538,0.626603,0.230799
fbcnet,cross_session,sub-009,,ses-05,ses-02,3,,79,20,100,2,0.510000,0.510000,0.385580,0.559200,0.798536,0.580593,0.189638
fbcnet,cross_session,sub-009,,ses-05,ses-03,3,,79,20,100,2,0.500000,0.500000,0.333333,0.500000,0.968350,0.697805,0.312136
fbcnet,cross_session,sub-009,,ses-05,ses-04,3,,79,20,96,2,0.520833,0.509565,0.476281,0.515652,0.912109,0.594512,0.217208
fbcnet,cross_session,sub-010,,ses-01,ses-02,3,,71,18,94,5,0.500000,0.500000,0.490250,0.497057,2.558518,0.914926,0.461075
fbcnet,cross_session,sub-010,,ses-01,ses-03,3,,71,18,100,5,0.480000,0.480000,0.478121,0.509200,1.003968,0.649463,0.254262
fbcnet,cross_session,sub-010,,ses-01,ses-04,3,,71,18,100,5,0.500000,0.500000,0.333333,0.490000,2.023241,0.955303,0.477805
fbcnet,cross_session,sub-010,,ses-01,ses-05,3,,71,18,97,5,0.494845,0.494685,0.494631,0.509779,1.846900,0.797132,0.415397
fbcnet,cross_session,sub-010,,ses-02,ses-01,3,,75,19,89,2,0.471910,0.470172,0.469499,0.484328,0.728553,0.532371,0.162344
fbcnet,cross_session,sub-010,,ses-02,ses-03,3,,75,19,100,2,0.570000,0.570000,0.501796,0.540400,0.716893,0.521143,0.110624
fbcnet,cross_session,sub-010,,ses-02,ses-04,3,,75,19,100,2,0.500000,0.500000,0.333333,0.466800,0.812994,0.603695,0.223853
fbcnet,cross_session,sub-010,,ses-02,ses-05,3,,75,19,97,2,0.494845,0.497024,0.472416,0.519558,0.752252,0.531834,0.124041
fbcnet,cross_session,sub-010,,ses-03,ses-01,3,,80,20,89,1,0.471910,0.474722,0.469499,0.470172,0.754046,0.553033,0.155312
fbcnet,cross_session,sub-010,,ses-03,ses-02,3,,80,20,94,1,0.553191,0.553191,0.551364,0.522408,0.711575,0.517597,0.138070
fbcnet,cross_session,sub-010,,ses-03,ses-04,3,,80,20,100,1,0.500000,0.500000,0.333333,0.472400,0.885587,0.655033,0.266456
fbcnet,cross_session,sub-010,,ses-03,ses-05,3,,80,20,97,1,0.505155,0.507228,0.485411,0.506803,0.762255,0.526925,0.109829
fbcnet,cross_session,sub-010,,ses-04,ses-01,3,,80,20,89,4,0.516854,0.528059,0.463780,0.508595,0.776517,0.569131,0.199278
fbcnet,cross_session,sub-010,,ses-04,ses-02,3,,80,20,94,4,0.553191,0.553191,0.545789,0.547306,0.774872,0.557169,0.181982
fbcnet,cross_session,sub-010,,ses-04,ses-03,3,,80,20,100,4,0.490000,0.490000,0.386946,0.571200,0.792129,0.575155,0.208834
fbcnet,cross_session,sub-010,,ses-04,ses-05,3,,80,20,97,4,0.536082,0.540179,0.451977,0.588861,0.925730,0.573700,0.173020
fbcnet,cross_session,sub-010,,ses-05,ses-01,3,,77,20,89,52,0.516854,0.500758,0.360568,0.500000,0.895619,0.653641,0.300953
fbcnet,cross_session,sub-010,,ses-05,ses-02,3,,77,20,94,52,0.500000,0.500000,0.382530,0.547759,0.771443,0.564294,0.203325
fbcnet,cross_session,sub-010,,ses-05,ses-03,3,,77,20,100,52,0.520000,0.520000,0.495586,0.523200,0.706345,0.512523,0.079778
fbcnet,cross_session,sub-010,,ses-05,ses-04,3,,77,20,100,52,0.500000,0.500000,0.333333,0.447600,1.054603,0.749073,0.345676
fbcnet,cross_session,sub-011,,ses-01,ses-02,3,,80,20,94,25,0.521277,0.500000,0.342657,0.540136,3.921239,0.954322,0.476583
fbcnet,cross_session,sub-011,,ses-01,ses-03,3,,80,20,100,25,0.500000,0.500000,0.333333,0.665200,2.487942,0.972294,0.489543
fbcnet,cross_session,sub-011,,ses-01,ses-04,3,,80,20,100,25,0.510000,0.510000,0.371069,0.444000,1.314775,0.813045,0.393024
fbcnet,cross_session,sub-011,,ses-01,ses-05,3,,80,20,100,25,0.510000,0.510000,0.355178,0.549200,1.582833,0.851651,0.426961
fbcnet,cross_session,sub-011,,ses-02,ses-01,3,,75,19,100,1,0.500000,0.500000,0.333333,0.440400,1.810537,0.942417,0.468701
fbcnet,cross_session,sub-011,,ses-02,ses-03,3,,75,19,100,1,0.500000,0.500000,0.333333,0.534400,1.169403,0.775924,0.372701
fbcnet,cross_session,sub-011,,ses-02,ses-04,3,,75,19,100,1,0.500000,0.500000,0.333333,0.447200,0.869173,0.643325,0.262425
fbcnet,cross_session,sub-011,,ses-02,ses-05,3,,75,19,100,1,0.500000,0.500000,0.333333,0.505200,1.201857,0.798681,0.382984
fbcnet,cross_session,sub-011,,ses-03,ses-01,3,,80,20,100,11,0.580000,0.580000,0.500000,0.696000,0.692185,0.495734,0.146412
fbcnet,cross_session,sub-011,,ses-03,ses-02,3,,80,20,94,11,0.531915,0.536508,0.528500,0.546485,0.801284,0.571303,0.172280
fbcnet,cross_session,sub-011,,ses-03,ses-04,3,,80,20,100,11,0.520000,0.520000,0.518266,0.522400,0.711877,0.517343,0.109613
fbcnet,cross_session,sub-011,,ses-03,ses-05,3,,80,20,100,11,0.500000,0.500000,0.450549,0.541600,0.773398,0.563229,0.172624
fbcnet,cross_session,sub-011,,ses-04,ses-01,3,,80,20,100,5,0.490000,0.490000,0.418803,0.466800,0.751709,0.553681,0.148344
fbcnet,cross_session,sub-011,,ses-04,ses-02,3,,80,20,94,5,0.457447,0.456916,0.456894,0.498413,0.777375,0.565528,0.199119
fbcnet,cross_session,sub-011,,ses-04,ses-03,3,,80,20,100,5,0.570000,0.570000,0.569957,0.588400,0.685863,0.492511,0.084724
fbcnet,cross_session,sub-011,,ses-04,ses-05,3,,80,20,100,5,0.490000,0.490000,0.328859,0.500800,0.874611,0.642232,0.258018
fbcnet,cross_session,sub-011,,ses-05,ses-01,3,,80,20,100,4,0.510000,0.510000,0.457905,0.536400,0.727868,0.531081,0.120594
fbcnet,cross_session,sub-011,,ses-05,ses-02,3,,80,20,94,4,0.489362,0.508390,0.376451,0.519274,1.042943,0.715289,0.320867
fbcnet,cross_session,sub-011,,ses-05,ses-03,3,,80,20,100,4,0.520000,0.520000,0.457259,0.593600,0.727120,0.527648,0.191032
fbcnet,cross_session,sub-011,,ses-05,ses-04,3,,80,20,100,4,0.500000,0.500000,0.365804,0.470000,0.825094,0.608827,0.203888
fbcnet,cross_session,sub-012,,ses-01,ses-02,3,,80,20,91,3,0.516484,0.518841,0.494444,0.536232,0.751840,0.548733,0.159275
fbcnet,cross_session,sub-012,,ses-01,ses-03,3,,80,20,97,3,0.463918,0.463223,0.461111,0.519133,0.718986,0.524857,0.173146
fbcnet,cross_session,sub-012,,ses-01,ses-04,3,,80,20,87,3,0.597701,0.602381,0.592315,0.622222,0.733547,0.499378,0.109570
fbcnet,cross_session,sub-012,,ses-01,ses-05,3,,80,20,83,3,0.445783,0.468381,0.439189,0.528369,0.836062,0.609366,0.252418
fbcnet,cross_session,sub-012,,ses-02,ses-01,3,,72,19,100,16,0.530000,0.530000,0.435028,0.447200,0.898950,0.650720,0.254057
fbcnet,cross_session,sub-012,,ses-02,ses-03,3,,72,19,97,16,0.515464,0.512543,0.471420,0.498299,0.842956,0.600898,0.224597
fbcnet,cross_session,sub-012,,ses-02,ses-04,3,,72,19,87,16,0.494253,0.509524,0.382581,0.660847,0.848059,0.585502,0.234586
fbcnet,cross_session,sub-012,,ses-02,ses-05,3,,72,19,83,16,0.493976,0.458924,0.434091,0.524823,0.843658,0.599985,0.235886
fbcnet,cross_session,sub-012,,ses-03,ses-01,3,,77,20,100,27,0.500000,0.500000,0.379960,0.548800,1.635880,0.850841,0.414538
fbcnet,cross_session,sub-012,,ses-03,ses-02,3,,77,20,91,27,0.516484,0.513043,0.461828,0.496135,2.045510,0.798852,0.346395
fbcnet,cross_session,sub-012,,ses-03,ses-04,3,,77,20,87,27,0.551724,0.561111,0.521101,0.474074,2.287029,0.814217,0.398483
fbcnet,cross_session,sub-012,,ses-03,ses-05,3,,77,20,83,27,0.530120,0.526596,0.525714,0.489362,1.345442,0.731212,0.303357
fbcnet,cross_session,sub-012,,ses-04,ses-01,3,,69,18,100,6,0.550000,0.550000,0.547784,0.542000,0.719440,0.521338,0.100388
fbcnet,cross_session,sub-012,,ses-04,ses-02,3,,69,18,91,6,0.483516,0.488889,0.325926,0.533333,0.946392,0.688565,0.318723
fbcnet,cross_session,sub-012,,ses-04,ses-03,3,,69,18,97,6,0.494845,0.492347,0.461904,0.468537,0.786985,0.575376,0.176691
fbcnet,cross_session,sub-012,,ses-04,ses-05,3,,69,18,83,6,0.481928,0.497045,0.480722,0.481087,0.844410,0.608727,0.207204
fbcnet,cross_session,sub-012,,ses-05,ses-01,3,,66,17,100,9,0.500000,0.500000,0.333333,0.504800,1.581733,0.898032,0.446897
fbcnet,cross_session,sub-012,,ses-05,ses-02,3,,66,17,91,9,0.538462,0.534058,0.447049,0.478744,0.924585,0.651802,0.237209
fbcnet,cross_session,sub-012,,ses-05,ses-03,3,,66,17,97,9,0.494845,0.500000,0.331034,0.420068,1.333952,0.834765,0.392479
fbcnet,cross_session,sub-012,,ses-05,ses-04,3,,66,17,87,9,0.482759,0.496032,0.401833,0.601058,0.892459,0.627135,0.271927
fbcnet,cross_session,sub-013,,ses-01,ses-02,3,,80,20,94,99,0.531915,0.550113,0.440476,0.568254,1.800784,0.869609,0.453812
fbcnet,cross_session,sub-013,,ses-01,ses-03,3,,80,20,100,99,0.620000,0.620000,0.619848,0.660400,0.757919,0.498799,0.144489
fbcnet,cross_session,sub-013,,ses-01,ses-04,3,,80,20,95,99,0.484211,0.500000,0.326241,0.647737,1.531355,0.839270,0.447046
fbcnet,cross_session,sub-013,,ses-01,ses-05,3,,80,20,100,99,0.530000,0.530000,0.410658,0.692400,0.952273,0.630517,0.291721
fbcnet,cross_session,sub-013,,ses-02,ses-01,3,,75,19,100,15,0.560000,0.560000,0.545267,0.580000,0.803453,0.563090,0.231493
fbcnet,cross_session,sub-013,,ses-02,ses-03,3,,75,19,100,15,0.530000,0.530000,0.410658,0.519600,1.265794,0.746682,0.343317
fbcnet,cross_session,sub-013,,ses-02,ses-04,3,,75,19,95,15,0.484211,0.500000,0.326241,0.503106,2.109553,0.984078,0.491548
fbcnet,cross_session,sub-013,,ses-02,ses-05,3,,75,19,100,15,0.500000,0.500000,0.350312,0.579200,1.063412,0.724697,0.337744
fbcnet,cross_session,sub-013,,ses-03,ses-01,3,,80,20,100,2,0.580000,0.580000,0.532086,0.576800,0.711142,0.511780,0.104267
fbcnet,cross_session,sub-013,,ses-03,ses-02,3,,80,20,94,2,0.542553,0.534014,0.518523,0.510204,0.720079,0.523352,0.130154
fbcnet,cross_session,sub-013,,ses-03,ses-04,3,,80,20,95,2,0.452632,0.458740,0.434524,0.463177,0.766145,0.566092,0.183514
fbcnet,cross_session,sub-013,,ses-03,ses-05,3,,80,20,100,2,0.520000,0.520000,0.376299,0.633600,0.733176,0.535488,0.202730
fbcnet,cross_session,sub-013,,ses-04,ses-01,3,,76,19,100,12,0.520000,0.520000,0.376299,0.610000,1.151476,0.727187,0.345219
fbcnet,cross_session,sub-013,,ses-04,ses-02,3,,76,19,94,12,0.478723,0.500000,0.323741,0.478458,1.348437,0.846883,0.408481
fbcnet,cross_session,sub-013,,ses-04,ses-03,3,,76,19,100,12,0.490000,0.490000,0.328859,0.509200,1.338473,0.825401,0.413132
fbcnet,cross_session,sub-013,,ses-04,ses-05,3,,76,19,100,12,0.590000,0.590000,0.552353,0.664400,0.735163,0.523078,0.141011
fbcnet,cross_session,sub-013,,ses-05,ses-01,3,,80,20,100,100,0.500000,0.500000,0.333333,0.535600,5.117841,0.998886,0.499472
fbcnet,cross_session,sub-013,,ses-05,ses-02,3,,80,20,94,100,0.521277,0.500907,0.361702,0.545125,2.123952,0.885739,0.452217
fbcnet,cross_session,sub-013,,ses-05,ses-03,3,,80,20,100,100,0.500000,0.500000,0.333333,0.621600,3.309337,0.979842,0.492379
fbcnet,cross_session,sub-013,,ses-05,ses-04,3,,80,20,95,100,0.557895,0.550799,0.530367,0.578527,1.173454,0.664505,0.289666
fbcnet,cross_session,sub-014,,ses-01,ses-02,3,,80,20,95,1,0.536842,0.537234,0.536380,0.532801,0.750820,0.545742,0.149672
fbcnet,cross_session,sub-014,,ses-01,ses-03,3,,80,20,92,1,0.554348,0.533223,0.488542,0.578548,0.701297,0.505466,0.071441
fbcnet,cross_session,sub-014,,ses-01,ses-04,3,,80,20,92,1,0.445652,0.440426,0.408696,0.429314,0.767872,0.564071,0.170356
fbcnet,cross_session,sub-014,,ses-01,ses-05,3,,80,20,100,1,0.500000,0.500000,0.457465,0.511600,0.739694,0.537230,0.120261
fbcnet,cross_session,sub-014,,ses-02,ses-01,3,,76,19,100,7,0.490000,0.490000,0.489541,0.502000,0.738162,0.539091,0.139794
fbcnet,cross_session,sub-014,,ses-02,ses-03,3,,76,19,92,7,0.565217,0.560513,0.560019,0.504034,0.766982,0.550957,0.134735
fbcnet,cross_session,sub-014,,ses-02,ses-04,3,,76,19,92,7,0.510870,0.502364,0.416490,0.476596,0.852856,0.606039,0.229208
fbcnet,cross_session,sub-014,,ses-02,ses-05,3,,76,19,100,7,0.440000,0.440000,0.437977,0.460400,0.820711,0.587252,0.214820
fbcnet,cross_session,sub-014,,ses-03,ses-01,3,,73,19,100,5,0.520000,0.520000,0.512987,0.516000,0.789955,0.566599,0.179187
fbcnet,cross_session,sub-014,,ses-03,ses-02,3,,73,19,95,5,0.515789,0.516622,0.513146,0.478723,0.799899,0.580499,0.172730
fbcnet,cross_session,sub-014,,ses-03,ses-04,3,,73,19,92,5,0.532609,0.529314,0.519845,0.486525,0.788859,0.576108,0.159259
fbcnet,cross_session,sub-014,,ses-03,ses-05,3,,73,19,100,5,0.530000,0.530000,0.529953,0.575600,0.727684,0.524706,0.140790
fbcnet,cross_session,sub-014,,ses-04,ses-01,3,,73,19,100,13,0.460000,0.460000,0.368864,0.393200,0.993375,0.703818,0.319599
fbcnet,cross_session,sub-014,,ses-04,ses-02,3,,73,19,95,13,0.442105,0.441268,0.438121,0.463209,0.894362,0.636358,0.248429
fbcnet,cross_session,sub-014,,ses-04,ses-03,3,,73,19,92,13,0.467391,0.491457,0.399174,0.492169,0.859232,0.634853,0.251358
fbcnet,cross_session,sub-014,,ses-04,ses-05,3,,73,19,100,13,0.510000,0.510000,0.495418,0.497600,0.883864,0.628904,0.268682
fbcnet,cross_session,sub-014,,ses-05,ses-01,3,,80,20,100,5,0.530000,0.530000,0.521920,0.525600,0.734120,0.534309,0.084708
fbcnet,cross_session,sub-014,,ses-05,ses-02,3,,80,20,95,5,0.505263,0.503989,0.497241,0.510638,0.815822,0.578253,0.174089
fbcnet,cross_session,sub-014,,ses-05,ses-03,3,,80,20,92,5,0.565217,0.571903,0.563360,0.629805,0.670865,0.478279,0.075236
fbcnet,cross_session,sub-014,,ses-05,ses-04,3,,80,20,92,5,0.510870,0.500000,0.338129,0.473286,1.121771,0.768406,0.368409
fbcnet,cross_session,sub-015,,ses-01,ses-02,3,,80,20,95,13,0.526316,0.521941,0.424242,0.483156,1.021260,0.707277,0.315852
fbcnet,cross_session,sub-015,,ses-01,ses-03,3,,80,20,85,13,0.552941,0.518673,0.433731,0.509476,0.799307,0.581194,0.233389
fbcnet,cross_session,sub-015,,ses-01,ses-04,3,,80,20,95,13,0.526316,0.521941,0.424242,0.483156,1.021260,0.707277,0.315852
fbcnet,cross_session,sub-015,,ses-01,ses-05,3,,80,20,98,13,0.510204,0.500000,0.337838,0.495000,1.068977,0.729012,0.329371
fbcnet,cross_session,sub-015,,ses-02,ses-01,3,,76,19,100,12,0.540000,0.540000,0.539263,0.594000,0.699303,0.503526,0.105509
fbcnet,cross_session,sub-015,,ses-02,ses-03,3,,76,19,85,12,0.564706,0.562709,0.562526,0.567447,0.731617,0.530266,0.148544
fbcnet,cross_session,sub-015,,ses-02,ses-04,3,,76,19,95,12,0.936842,0.936835,0.936835,0.971631,0.271506,0.143857,0.123468
fbcnet,cross_session,sub-015,,ses-02,ses-05,3,,76,19,98,12,0.540816,0.531250,0.403651,0.457083,0.969262,0.682315,0.284619
fbcnet,cross_session,sub-015,,ses-03,ses-01,3,,68,17,100,2,0.540000,0.540000,0.487522,0.522800,0.770422,0.560519,0.160978
fbcnet,cross_session,sub-015,,ses-03,ses-02,3,,68,17,95,2,0.473684,0.469637,0.379572,0.477394,0.910266,0.672324,0.300107
fbcnet,cross_session,sub-015,,ses-03,ses-04,3,,68,17,95,2,0.473684,0.469637,0.379572,0.477394,0.910266,0.672324,0.300107
fbcnet,cross_session,sub-015,,ses-03,ses-05,3,,68,17,98,2,0.520408,0.510417,0.360544,0.405833,0.944386,0.674183,0.255035
fbcnet,cross_session,sub-015,,ses-04,ses-01,3,,76,19,100,12,0.540000,0.540000,0.539263,0.594000,0.699303,0.503526,0.105509
fbcnet,cross_session,sub-015,,ses-04,ses-02,3,,76,19,95,12,0.936842,0.936835,0.936835,0.971631,0.271506,0.143857,0.123468
fbcnet,cross_session,sub-015,,ses-04,ses-03,3,,76,19,85,12,0.564706,0.562709,0.562526,0.567447,0.731617,0.530266,0.148544
fbcnet,cross_session,sub-015,,ses-04,ses-05,3,,76,19,98,12,0.540816,0.531250,0.403651,0.457083,0.969262,0.682315,0.284619
fbcnet,cross_session,sub-015,,ses-05,ses-01,3,,78,20,100,41,0.530000,0.530000,0.526162,0.536400,1.098580,0.664819,0.257627
fbcnet,cross_session,sub-015,,ses-05,ses-02,3,,78,20,95,41,0.578947,0.581117,0.561404,0.593085,0.854212,0.584485,0.191283
fbcnet,cross_session,sub-015,,ses-05,ses-03,3,,78,20,85,41,0.447059,0.479376,0.368379,0.499443,1.537098,0.875445,0.443810
fbcnet,cross_session,sub-015,,ses-05,ses-04,3,,78,20,95,41,0.578947,0.581117,0.561404,0.593085,0.854212,0.584485,0.191283
fbcnet,cross_session,sub-016,,ses-01,ses-02,3,,80,20,100,57,0.510000,0.510000,0.450118,0.533600,1.252734,0.724793,0.334900
fbcnet,cross_session,sub-016,,ses-01,ses-03,3,,80,20,100,57,0.510000,0.510000,0.441595,0.599600,1.251335,0.744622,0.336564
fbcnet,cross_session,sub-016,,ses-01,ses-04,3,,80,20,95,57,0.484211,0.489362,0.326241,0.430408,2.636383,0.985703,0.495263
fbcnet,cross_session,sub-016,,ses-01,ses-05,3,,80,20,91,57,0.428571,0.425774,0.422927,0.415861,2.131685,0.956820,0.479034
fbcnet,cross_session,sub-016,,ses-02,ses-01,3,,80,20,100,1,0.470000,0.470000,0.468672,0.475600,0.748264,0.549870,0.145877
fbcnet,cross_session,sub-016,,ses-02,ses-03,3,,80,20,100,1,0.590000,0.590000,0.562667,0.612400,0.696205,0.499231,0.093237
fbcnet,cross_session,sub-016,,ses-02,ses-04,3,,80,20,95,1,0.505263,0.508865,0.441945,0.559840,0.723212,0.527833,0.131622
fbcnet,cross_session,sub-016,,ses-02,ses-05,3,,80,20,91,1,0.472527,0.482834,0.421610,0.516441,0.838838,0.615218,0.234259
fbcnet,cross_session,sub-016,,ses-03,ses-01,3,,80,20,100,41,0.500000,0.500000,0.350312,0.558400,1.083921,0.727971,0.345953
fbcnet,cross_session,sub-016,,ses-03,ses-02,3,,80,20,100,41,0.600000,0.600000,0.599840,0.619200,0.741575,0.518465,0.174566
fbcnet,cross_session,sub-016,,ses-03,ses-04,3,,80,20,95,41,0.515789,0.511303,0.404956,0.454787,0.869221,0.630088,0.290235
fbcnet,cross_session,sub-016,,ses-03,ses-05,3,,80,20,91,41,0.483516,0.500000,0.325926,0.582205,2.009169,0.949612,0.474657
fbcnet,cross_session,sub-016,,ses-04,ses-01,3,,76,19,100,71,0.510000,0.510000,0.371069,0.492000,2.777326,0.915092,0.455775
fbcnet,cross_session,sub-016,,ses-04,ses-02,3,,76,19,100,71,0.560000,0.560000,0.558410,0.554800,1.037643,0.654926,0.284441
fbcnet,cross_session,sub-016,,ses-04,ses-03,3,,76,19,100,71,0.540000,0.540000,0.527915,0.517200,1.396332,0.714549,0.322376
fbcnet,cross_session,sub-016,,ses-04,ses-05,3,,76,19,91,71,0.483516,0.500000,0.325926,0.530222,4.955948,1.026841,0.513762
fbcnet,cross_session,sub-016,,ses-05,ses-01,3,,72,19,100,11,0.500000,0.500000,0.333333,0.464400,1.022581,0.718950,0.311600
fbcnet,cross_session,sub-016,,ses-05,ses-02,3,,72,19,100,11,0.510000,0.510000,0.355178,0.577200,1.021288,0.710834,0.323167
fbcnet,cross_session,sub-016,,ses-05,ses-03,3,,72,19,100,11,0.510000,0.510000,0.355178,0.664000,0.970362,0.677706,0.329230
fbcnet,cross_session,sub-016,,ses-05,ses-04,3,,72,19,95,11,0.494737,0.500000,0.330986,0.545656,1.010921,0.703400,0.317325
fbcnet,cross_session,sub-017,,ses-01,ses-02,3,,80,20,100,18,0.530000,0.530000,0.410658,0.475200,1.186814,0.742579,0.327243
fbcnet,cross_session,sub-017,,ses-01,ses-03,3,,80,20,98,18,0.489796,0.500000,0.328767,0.377083,3.188555,1.013751,0.506084
fbcnet,cross_session,sub-017,,ses-01,ses-04,3,,80,20,100,18,0.500000,0.500000,0.333333,0.404000,2.543587,0.972912,0.488904
fbcnet,cross_session,sub-017,,ses-01,ses-05,3,,80,20,95,18,0.494737,0.500000,0.330986,0.397163,2.687399,0.977344,0.486189
fbcnet,cross_session,sub-017,,ses-02,ses-01,3,,80,20,100,14,0.500000,0.500000,0.350312,0.510800,1.484690,0.852576,0.427670
fbcnet,cross_session,sub-017,,ses-02,ses-03,3,,80,20,98,14,0.510204,0.500000,0.337838,0.560417,2.148700,0.926532,0.467754
fbcnet,cross_session,sub-017,,ses-02,ses-04,3,,80,20,100,14,0.490000,0.490000,0.328859,0.608000,1.617222,0.873684,0.440803
fbcnet,cross_session,sub-017,,ses-02,ses-05,3,,80,20,95,14,0.484211,0.479388,0.343349,0.462766,1.533092,0.884208,0.453084
fbcnet,cross_session,sub-017,,ses-03,ses-01,3,,78,20,100,41,0.500000,0.500000,0.333333,0.418800,4.289534,0.999246,0.499431
fbcnet,cross_session,sub-017,,ses-03,ses-02,3,,78,20,100,41,0.500000,0.500000,0.333333,0.612400,2.668463,0.980717,0.492601
fbcnet,cross_session,sub-017,,ses-03,ses-04,3,,78,20,100,41,0.590000,0.590000,0.557761,0.594800,0.787248,0.546089,0.134911
fbcnet,cross_session,sub-017,,ses-03,ses-05,3,,78,20,95,41,0.505263,0.510195,0.370151,0.471188,1.767599,0.884261,0.437221
fbcnet,cross_session,sub-017,,ses-04,ses-01,3,,80,20,100,57,0.500000,0.500000,0.379960,0.550400,1.511988,0.806354,0.398833
fbcnet,cross_session,sub-017,,ses-04,ses-02,3,,80,20,100,57,0.520000,0.520000,0.376299,0.631200,2.341109,0.902497,0.464065
fbcnet,cross_session,sub-017,,ses-04,ses-03,3,,80,20,98,57,0.540816,0.543333,0.534957,0.548750,1.077302,0.689036,0.300452
fbcnet,cross_session,sub-017,,ses-04,ses-05,3,,80,20,95,57,0.536842,0.537899,0.532648,0.521720,1.119124,0.652114,0.243814
fbcnet,cross_session,sub-017,,ses-05,ses-01,3,,76,19,100,6,0.510000,0.510000,0.509559,0.488000,0.738173,0.538995,0.099474
fbcnet,cross_session,sub-017,,ses-05,ses-02,3,,76,19,100,6,0.520000,0.520000,0.404762,0.507600,0.810663,0.591451,0.204730
fbcnet,cross_session,sub-017,,ses-05,ses-03,3,,76,19,98,6,0.397959,0.396250,0.392838,0.402083,0.759238,0.562819,0.212294
fbcnet,cross_session,sub-017,,ses-05,ses-04,3,,76,19,100,6,0.450000,0.450000,0.406752,0.463200,0.900309,0.641484,0.243638
fbcnet,cross_session,sub-018,,ses-01,ses-02,3,,75,19,100,14,0.500000,0.500000,0.350312,0.505600,1.336959,0.814265,0.393666
fbcnet,cross_session,sub-018,,ses-01,ses-03,3,,75,19,100,14,0.480000,0.480000,0.340436,0.413600,1.307594,0.828497,0.377169
fbcnet,cross_session,sub-018,,ses-01,ses-04,3,,75,19,100,14,0.520000,0.520000,0.512987,0.569600,0.772853,0.551920,0.170861
fbcnet,cross_session,sub-018,,ses-01,ses-05,3,,75,19,100,14,0.500000,0.500000,0.333333,0.544800,1.154349,0.735986,0.334710
fbcnet,cross_session,sub-018,,ses-02,ses-01,3,,80,20,94,5,0.489362,0.500000,0.328571,0.480978,1.818649,0.941698,0.471623
fbcnet,cross_session,sub-018,,ses-02,ses-03,3,,80,20,100,5,0.510000,0.510000,0.355178,0.527600,1.153767,0.772794,0.371941
fbcnet,cross_session,sub-018,,ses-02,ses-04,3,,80,20,100,5,0.520000,0.520000,0.391172,0.423600,1.059016,0.730507,0.337063
fbcnet,cross_session,sub-018,,ses-02,ses-05,3,,80,20,100,5,0.480000,0.480000,0.392239,0.469600,1.064708,0.719618,0.297816
fbcnet,cross_session,sub-018,,ses-03,ses-01,3,,80,20,94,10,0.478723,0.486413,0.405447,0.545290,0.785248,0.578737,0.203195
fbcnet,cross_session,sub-018,,ses-03,ses-02,3,,80,20,100,10,0.520000,0.520000,0.404762,0.526400,0.922602,0.652171,0.274675
fbcnet,cross_session,sub-018,,ses-03,ses-04,3,,80,20,100,10,0.520000,0.520000,0.376299,0.485200,1.089105,0.729712,0.331602
fbcnet,cross_session,sub-018,,ses-03,ses-05,3,,80,20,100,10,0.500000,0.500000,0.333333,0.540800,1.275641,0.779221,0.376621
fbcnet,cross_session,sub-018,,ses-04,ses-01,3,,80,20,94,1,0.521277,0.526268,0.496129,0.582428,0.697444,0.503843,0.088160
fbcnet,cross_session,sub-018,,ses-04,ses-02,3,,80,20,100,1,0.510000,0.510000,0.422102,0.481200,0.806192,0.590556,0.191934
fbcnet,cross_session,sub-018,,ses-04,ses-03,3,,80,20,100,1,0.510000,0.510000,0.450118,0.456400,0.750978,0.551450,0.114460
fbcnet,cross_session,sub-018,,ses-04,ses-05,3,,80,20,100,1,0.590000,0.590000,0.562667,0.612400,0.696205,0.499231,0.093237
fbcnet,cross_session,sub-018,,ses-05,ses-01,3,,80,20,94,41,0.521277,0.525362,0.505090,0.526268,0.766208,0.557103,0.191167
fbcnet,cross_session,sub-018,,ses-05,ses-02,3,,80,20,100,41,0.500000,0.500000,0.333333,0.490800,1.578592,0.896736,0.444427
fbcnet,cross_session,sub-018,,ses-05,ses-03,3,,80,20,100,41,0.520000,0.520000,0.485199,0.478800,0.794497,0.579020,0.145809
fbcnet,cross_session,sub-018,,ses-05,ses-04,3,,80,20,100,41,0.600000,0.600000,0.599840,0.619200,0.741575,0.518465,0.174566
fbcnet,cross_session,sub-019,,ses-01,ses-02,3,,76,19,95,3,0.463158,0.467642,0.347475,0.485816,0.843267,0.624357,0.248601
fbcnet,cross_session,sub-019,,ses-01,ses-03,3,,76,19,94,3,0.531915,0.512018,0.384524,0.581859,0.831212,0.596919,0.221525
fbcnet,cross_session,sub-019,,ses-01,ses-04,3,,76,19,92,3,0.500000,0.506856,0.448958,0.490780,0.790502,0.580624,0.155811
fbcnet,cross_session,sub-019,,ses-01,ses-05,3,,76,19,93,3,0.483871,0.510204,0.343529,0.463822,0.989570,0.706310,0.298602
fbcnet,cross_session,sub-019,,ses-02,ses-01,3,,76,19,95,71,0.431579,0.424357,0.396186,0.451642,1.494543,0.859167,0.430463
fbcnet,cross_session,sub-019,,ses-02,ses-03,3,,76,19,94,71,0.510638,0.512472,0.510417,0.450340,1.041847,0.687035,0.284415
fbcnet,cross_session,sub-019,,ses-02,ses-04,3,,76,19,92,71,0.489130,0.500000,0.328467,0.469976,3.921017,1.016654,0.508518
fbcnet,cross_session,sub-019,,ses-02,ses-05,3,,76,19,93,71,0.580645,0.586967,0.577519,0.574212,1.357906,0.692342,0.325007
fbcnet,cross_session,sub-019,,ses-03,ses-01,3,,75,19,95,9,0.526316,0.513531,0.424242,0.538154,1.001185,0.686586,0.315155
fbcnet,cross_session,sub-019,,ses-03,ses-02,3,,75,19,95,9,0.536842,0.534353,0.508004,0.518174,0.858688,0.608737,0.209408
fbcnet,cross_session,sub-019,,ses-03,ses-04,3,,75,19,92,9,0.510870,0.500000,0.338129,0.446336,1.466229,0.858775,0.410796
fbcnet,cross_session,sub-019,,ses-03,ses-05,3,,75,19,93,9,0.591398,0.580937,0.569444,0.580241,0.721806,0.518663,0.159159
fbcnet,cross_session,sub-019,,ses-04,ses-01,3,,73,19,95,13,0.515789,0.501996,0.391026,0.508873,1.187112,0.751421,0.330288
fbcnet,cross_session,sub-019,,ses-04,ses-02,3,,73,19,95,13,0.505263,0.500000,0.335664,0.536791,2.485877,0.961236,0.488968
fbcnet,cross_session,sub-019,,ses-04,ses-03,3,,73,19,94,13,0.478723,0.500000,0.323741,0.468934,1.499930,0.846055,0.390937
fbcnet,cross_session,sub-019,,ses-04,ses-05,3,,73,19,93,13,0.526882,0.500000,0.345070,0.565399,2.135494,0.886666,0.443477
fbcnet,cross_session,sub-019,,ses-05,ses-01,3,,74,19,95,3,0.536842,0.543700,0.517544,0.474712,0.820087,0.594179,0.167548
fbcnet,cross_session,sub-019,,ses-05,ses-02,3,,74,19,95,3,0.473684,0.478059,0.367004,0.552748,0.764543,0.561848,0.207213
fbcnet,cross_session,sub-019,,ses-05,ses-03,3,,74,19,94,3,0.521277,0.500907,0.361702,0.536508,0.943900,0.663105,0.292341
fbcnet,cross_session,sub-019,,ses-05,ses-04,3,,74,19,92,3,0.489130,0.500000,0.328467,0.506383,1.061714,0.752256,0.352080
fbcnet,cross_session,sub-020,,ses-01,ses-02,3,,71,18,100,88,0.560000,0.560000,0.485741,0.706000,1.001488,0.627250,0.298299
fbcnet,cross_session,sub-020,,ses-01,ses-03,3,,71,18,100,88,0.540000,0.540000,0.462366,0.492800,1.321759,0.750898,0.341288
fbcnet,cross_session,sub-020,,ses-01,ses-04,3,,71,18,100,88,0.670000,0.670000,0.669173,0.724000,0.708183,0.467210,0.136928
fbcnet,cross_session,sub-020,,ses-01,ses-05,3,,71,18,100,88,0.610000,0.610000,0.598394,0.710400,0.687857,0.480056,0.152461
fbcnet,cross_session,sub-020,,ses-02,ses-01,3,,80,20,89,97,0.539326,0.539394,0.539326,0.566667,1.594160,0.783710,0.394313
fbcnet,cross_session,sub-020,,ses-02,ses-03,3,,80,20,100,97,0.480000,0.480000,0.480000,0.451600,3.622442,1.011252,0.507624
fbcnet,cross_session,sub-020,,ses-02,ses-04,3,,80,20,100,97,0.530000,0.530000,0.396740,0.718400,1.746007,0.822842,0.420804
fbcnet,cross_session,sub-020,,ses-02,ses-05,3,,80,20,100,97,0.510000,0.510000,0.355178,0.759600,2.166020,0.905451,0.467605
fbcnet,cross_session,sub-020,,ses-03,ses-01,3,,80,20,89,6,0.483146,0.487121,0.411782,0.419697,0.892999,0.655405,0.247864
fbcnet,cross_session,sub-020,,ses-03,ses-02,3,,80,20,100,6,0.490000,0.490000,0.485835,0.444800,0.848747,0.629038,0.216160
fbcnet,cross_session,sub-020,,ses-03,ses-04,3,,80,20,100,6,0.490000,0.490000,0.386946,0.416000,0.861556,0.635511,0.263454
fbcnet,cross_session,sub-020,,ses-03,ses-05,3,,80,20,100,6,0.500000,0.500000,0.333333,0.449200,1.177048,0.799887,0.373270
fbcnet,cross_session,sub-020,,ses-04,ses-01,3,,80,20,89,48,0.505618,0.500000,0.335821,0.586111,9.683580,0.987504,0.494063
fbcnet,cross_session,sub-020,,ses-04,ses-02,3,,80,20,100,48,0.500000,0.500000,0.333333,0.599800,4.193331,0.986674,0.494638
fbcnet,cross_session,sub-020,,ses-04,ses-03,3,,80,20,100,48,0.500000,0.500000,0.333333,0.435800,4.685678,0.993657,0.498938
fbcnet,cross_session,sub-020,,ses-04,ses-05,3,,80,20,100,48,0.530000,0.530000,0.396740,0.795200,1.630773,0.753767,0.394761
fbcnet,cross_session,sub-020,,ses-05,ses-01,3,,80,20,89,100,0.505618,0.500000,0.335821,0.631061,5.943810,0.988454,0.494298
fbcnet,cross_session,sub-020,,ses-05,ses-02,3,,80,20,100,100,0.500000,0.500000,0.333333,0.637600,3.270437,0.983887,0.494764
fbcnet,cross_session,sub-020,,ses-05,ses-03,3,,80,20,100,100,0.500000,0.500000,0.333333,0.444000,3.621433,0.989361,0.496163
fbcnet,cross_session,sub-020,,ses-05,ses-04,3,,80,20,100,100,0.510000,0.510000,0.355178,0.935200,2.494974,0.940346,0.482766
fbcnet,cross_session,sub-021,,ses-01,ses-02,3,,75,19,99,2,0.515152,0.511224,0.426087,0.582857,0.718520,0.522814,0.137705
fbcnet,cross_session,sub-021,,ses-01,ses-03,3,,75,19,93,2,0.483871,0.483349,0.482375,0.481036,0.739913,0.540794,0.110789
fbcnet,cross_session,sub-021,,ses-01,ses-04,3,,75,19,100,2,0.490000,0.490000,0.328859,0.594400,0.870828,0.639644,0.287483
fbcnet,cross_session,sub-021,,ses-01,ses-05,3,,75,19,96,2,0.583333,0.582718,0.582609,0.580981,0.684008,0.489688,0.078882
fbcnet,cross_session,sub-021,,ses-02,ses-01,3,,79,20,94,1,0.500000,0.500000,0.333333,0.574015,0.833808,0.611672,0.259036
fbcnet,cross_session,sub-021,,ses-02,ses-03,3,,79,20,93,1,0.516129,0.519658,0.459930,0.446809,0.752012,0.554029,0.182587
fbcnet,cross_session,sub-021,,ses-02,ses-04,3,,79,20,100,1,0.490000,0.490000,0.328859,0.629600,0.850806,0.625885,0.284770
fbcnet,cross_session,sub-021,,ses-02,ses-05,3,,79,20,96,1,0.489583,0.495658,0.445741,0.577073,0.711237,0.517855,0.153427
fbcnet,cross_session,sub-021,,ses-03,ses-01,3,,74,19,94,5,0.617021,0.617021,0.602444,0.602988,0.706994,0.503329,0.136204
fbcnet,cross_session,sub-021,,ses-03,ses-02,3,,74,19,99,5,0.494949,0.491224,0.412951,0.456735,0.798627,0.588673,0.195020
fbcnet,cross_session,sub-021,,ses-03,ses-04,3,,74,19,100,5,0.550000,0.550000,0.536608,0.544800,0.755263,0.539657,0.113051
fbcnet,cross_session,sub-021,,ses-03,ses-05,3,,74,19,96,5,0.520833,0.510638,0.361111,0.522796,0.856556,0.626329,0.235732
fbcnet,cross_session,sub-021,,ses-04,ses-01,3,,80,20,94,5,0.606383,0.606383,0.600918,0.626528,0.673276,0.479547,0.110119
fbcnet,cross_session,sub-021,,ses-04,ses-02,3,,80,20,99,5,0.525253,0.528980,0.452910,0.643265,0.708122,0.513220,0.150022
fbcnet,cross_session,sub-021,,ses-04,ses-03,3,,80,20,93,5,0.505376,0.500000,0.335714,0.455134,0.923984,0.670789,0.280951
fbcnet,cross_session,sub-021,,ses-04,ses-05,3,,80,20,96,5,0.541667,0.531915,0.405070,0.677812,0.761287,0.551601,0.195464
fbcnet,cross_session,sub-021,,ses-05,ses-01,3,,76,20,94,6,0.510638,0.510638,0.373333,0.609778,0.983425,0.690727,0.325091
fbcnet,cross_session,sub-021,,ses-05,ses-02,3,,76,20,99,6,0.484848,0.480204,0.343006,0.593878,0.840261,0.619898,0.263162
fbcnet,cross_session,sub-021,,ses-05,ses-03,3,,76,20,93,6,0.494624,0.499769,0.348875,0.511101,1.061159,0.747872,0.368858
fbcnet,cross_session,sub-021,,ses-05,ses-04,3,,76,20,100,6,0.600000,0.600000,0.571000,0.700800,0.644537,0.455952,0.075773
fbcnet,cross_session,sub-022,,ses-01,ses-02,3,,69,18,100,18,0.490000,0.490000,0.418803,0.558000,0.818667,0.595665,0.224604
fbcnet,cross_session,sub-022,,ses-01,ses-03,3,,69,18,100,18,0.490000,0.490000,0.328859,0.392400,1.263360,0.802309,0.382170
fbcnet,cross_session,sub-022,,ses-01,ses-04,3,,69,18,100,18,0.550000,0.550000,0.533147,0.534400,0.781784,0.561184,0.160666
fbcnet,cross_session,sub-022,,ses-01,ses-05,3,,69,18,93,18,0.548387,0.562500,0.452020,0.495370,1.033451,0.708236,0.339538
fbcnet,cross_session,sub-022,,ses-02,ses-01,3,,80,20,87,24,0.620690,0.617336,0.583490,0.663848,0.778631,0.539442,0.183276
fbcnet,cross_session,sub-022,,ses-02,ses-03,3,,80,20,100,24,0.470000,0.470000,0.385934,0.541600,0.893179,0.642053,0.294942
fbcnet,cross_session,sub-022,,ses-02,ses-04,3,,80,20,100,24,0.550000,0.550000,0.469277,0.552800,0.994874,0.652361,0.249689
fbcnet,cross_session,sub-022,,ses-02,ses-05,3,,80,20,93,24,0.451613,0.451389,0.451359,0.464352,0.937694,0.667056,0.271356
fbcnet,cross_session,sub-022,,ses-03,ses-01,3,,80,20,87,12,0.517241,0.522727,0.379416,0.537526,0.921217,0.656814,0.273528
fbcnet,cross_session,sub-022,,ses-03,ses-02,3,,80,20,100,12,0.510000,0.510000,0.422102,0.522400,0.932059,0.648444,0.248105
fbcnet,cross_session,sub-022,,ses-03,ses-04,3,,80,20,100,12,0.500000,0.500000,0.333333,0.527200,1.359106,0.835056,0.413012
fbcnet,cross_session,sub-022,,ses-03,ses-05,3,,80,20,93,12,0.451613,0.440972,0.377967,0.443981,0.856038,0.631926,0.244646
fbcnet,cross_session,sub-022,,ses-04,ses-01,3,,80,20,87,7,0.494253,0.500000,0.330769,0.538055,3.930111,1.010439,0.505255
fbcnet,cross_session,sub-022,,ses-04,ses-02,3,,80,20,100,7,0.500000,0.500000,0.333333,0.478000,3.248930,0.994524,0.497233
fbcnet,cross_session,sub-022,,ses-04,ses-03,3,,80,20,100,7,0.500000,0.500000,0.333333,0.449600,2.595690,0.976742,0.489164
fbcnet,cross_session,sub-022,,ses-04,ses-05,3,,80,20,93,7,0.483871,0.500000,0.326087,0.493519,2.520639,1.006075,0.503557
fbcnet,cross_session,sub-022,,ses-05,ses-01,3,,74,19,87,4,0.494253,0.490222,0.420702,0.552326,0.732853,0.536035,0.152696
fbcnet,cross_session,sub-022,,ses-05,ses-02,3,,74,19,100,4,0.450000,0.450000,0.362762,0.405200,0.831616,0.617659,0.221265
fbcnet,cross_session,sub-022,,ses-05,ses-03,3,,74,19,100,4,0.510000,0.510000,0.355178,0.450000,1.011394,0.724894,0.347653
fbcnet,cross_session,sub-022,,ses-05,ses-04,3,,74,19,100,4,0.490000,0.490000,0.328859,0.596800,0.800672,0.587892,0.230753
fbcnet,cross_session,sub-023,,ses-01,ses-02,3,,76,20,94,6,0.500000,0.507246,0.438984,0.539402,0.797681,0.585458,0.209535
fbcnet,cross_session,sub-023,,ses-01,ses-03,3,,76,20,99,6,0.505051,0.500204,0.352941,0.500408,0.939213,0.668648,0.296431
fbcnet,cross_session,sub-023,,ses-01,ses-04,3,,76,20,100,6,0.510000,0.510000,0.371069,0.510400,0.943869,0.666420,0.285409
fbcnet,cross_session,sub-023,,ses-01,ses-05,3,,76,20,97,6,0.525773,0.521259,0.409788,0.562925,0.826703,0.600259,0.224304
fbcnet,cross_session,sub-023,,ses-02,ses-01,3,,75,19,96,7,0.510417,0.510417,0.461254,0.527344,0.972131,0.677472,0.291441
fbcnet,cross_session,sub-023,,ses-02,ses-03,3,,75,19,99,7,0.535354,0.530612,0.400158,0.522857,1.052086,0.718486,0.332184
fbcnet,cross_session,sub-023,,ses-02,ses-04,3,,75,19,100,7,0.510000,0.510000,0.371069,0.554400,0.934728,0.657558,0.293515
fbcnet,cross_session,sub-023,,ses-02,ses-05,3,,75,19,97,7,0.505155,0.504464,0.502564,0.507228,0.758529,0.553737,0.149511
fbcnet,cross_session,sub-023,,ses-03,ses-01,3,,79,20,96,25,0.520833,0.520833,0.510421,0.608073,0.810241,0.564390,0.213910
fbcnet,cross_session,sub-023,,ses-03,ses-02,3,,79,20,94,25,0.521277,0.511775,0.394590,0.522192,1.117799,0.717916,0.353586
fbcnet,cross_session,sub-023,,ses-03,ses-04,3,,79,20,100,25,0.470000,0.470000,0.362904,0.501600,1.322336,0.824571,0.407466
fbcnet,cross_session,sub-023,,ses-03,ses-05,3,,79,20,97,25,0.484536,0.489158,0.358466,0.630952,1.181652,0.779429,0.394061
fbcnet,cross_session,sub-023,,ses-04,ses-01,3,,80,20,96,53,0.520833,0.520833,0.520625,0.522569,1.396327,0.690468,0.293864
fbcnet,cross_session,sub-023,,ses-04,ses-02,3,,80,20,94,53,0.542553,0.533514,0.435080,0.533514,1.184481,0.728464,0.309987
fbcnet,cross_session,sub-023,,ses-04,ses-03,3,,80,20,99,53,0.444444,0.445510,0.438718,0.429796,1.119771,0.735105,0.308079
fbcnet,cross_session,sub-023,,ses-04,ses-05,3,,80,20,97,53,0.484536,0.489583,0.326389,0.452381,1.414532,0.819571,0.398126
fbcnet,cross_session,sub-023,,ses-05,ses-01,3,,77,20,96,36,0.500000,0.500000,0.333333,0.505208,3.005298,0.958032,0.482105
fbcnet,cross_session,sub-023,,ses-05,ses-02,3,,77,20,94,36,0.489362,0.483243,0.439642,0.521739,0.924627,0.633707,0.256783
fbcnet,cross_session,sub-023,,ses-05,ses-03,3,,77,20,99,36,0.515152,0.516735,0.503759,0.500408,1.164465,0.716136,0.300587
fbcnet,cross_session,sub-023,,ses-05,ses-04,3,,77,20,100,36,0.520000,0.520000,0.518266,0.588000,0.881162,0.616576,0.260825
fbcnet,cross_session,sub-024,,ses-01,ses-02,3,,59,15,82,2,0.524390,0.495813,0.418440,0.511962,0.759271,0.556404,0.194540
fbcnet,cross_session,sub-024,,ses-01,ses-03,3,,59,15,83,2,0.457831,0.459302,0.457516,0.486047,0.718039,0.524998,0.147136
fbcnet,cross_session,sub-024,,ses-01,ses-04,3,,59,15,98,2,0.530612,0.522083,0.425000,0.540417,0.752892,0.551663,0.146930
fbcnet,cross_session,sub-024,,ses-01,ses-05,3,,59,15,100,2,0.490000,0.490000,0.386946,0.576800,0.719055,0.524208,0.154076
fbcnet,cross_session,sub-024,,ses-02,ses-01,3,,65,17,74,3,0.527027,0.500000,0.345133,0.533333,1.033620,0.707988,0.322663
fbcnet,cross_session,sub-024,,ses-02,ses-03,3,,65,17,83,3,0.506024,0.488372,0.336000,0.511628,0.850219,0.615190,0.235318
fbcnet,cross_session,sub-024,,ses-02,ses-04,3,,65,17,98,3,0.479592,0.481250,0.476923,0.490833,0.774970,0.568228,0.168247
fbcnet,cross_session,sub-024,,ses-02,ses-05,3,,65,17,100,3,0.500000,0.500000,0.333333,0.630400,1.318086,0.845562,0.423505
fbcnet,cross_session,sub-024,,ses-03,ses-01,3,,66,17,74,2,0.472973,0.500000,0.321101,0.583883,0.928402,0.682558,0.310533
fbcnet,cross_session,sub-024,,ses-03,ses-02,3,,66,17,82,2,0.536585,0.500000,0.349206,0.516148,0.969520,0.675970,0.297742
fbcnet,cross_session,sub-024,,ses-03,ses-04,3,,66,17,98,2,0.510204,0.500417,0.355616,0.540000,0.880434,0.641434,0.262975
fbcnet,cross_session,sub-024,,ses-03,ses-05,3,,66,17,100,2,0.500000,0.500000,0.350312,0.578400,0.746589,0.548628,0.178411
fbcnet,cross_session,sub-024,,ses-04,ses-01,3,,78,20,74,11,0.472973,0.500000,0.321101,0.566300,1.184004,0.788441,0.389115
fbcnet,cross_session,sub-024,,ses-04,ses-02,3,,78,20,82,11,0.524390,0.488636,0.344000,0.489234,1.281643,0.792638,0.376919
fbcnet,cross_session,sub-024,,ses-04,ses-03,3,,78,20,83,11,0.481928,0.499128,0.344536,0.511628,0.940719,0.681914,0.292872
fbcnet,cross_session,sub-024,,ses-04,ses-05,3,,78,20,100,11,0.500000,0.500000,0.333333,0.594000,1.184366,0.791224,0.396497
fbcnet,cross_session,sub-024,,ses-05,ses-01,3,,80,20,74,20,0.459459,0.482784,0.353147,0.523077,0.976280,0.699085,0.305268
fbcnet,cross_session,sub-024,,ses-05,ses-02,3,,80,20,82,20,0.658537,0.640550,0.626545,0.687201,0.717684,0.494754,0.168279
fbcnet,cross_session,sub-024,,ses-05,ses-03,3,,80,20,83,20,0.493976,0.509884,0.384534,0.512791,1.068551,0.707940,0.293931
fbcnet,cross_session,sub-024,,ses-05,ses-04,3,,80,20,98,20,0.530612,0.535000,0.510213,0.570417,0.839258,0.595561,0.212975
fbcnet,cross_session,sub-025,,ses-01,ses-02,3,,70,18,92,7,0.532609,0.529314,0.519845,0.498818,0.800719,0.575077,0.182274
fbcnet,cross_session,sub-025,,ses-01,ses-03,3,,70,18,94,7,0.574468,0.576993,0.569597,0.597826,0.733163,0.521720,0.173287
fbcnet,cross_session,sub-025,,ses-01,ses-04,3,,70,18,88,7,0.488636,0.486047,0.480519,0.521447,1.043374,0.694155,0.299331
fbcnet,cross_session,sub-025,,ses-01,ses-05,3,,70,18,100,7,0.500000,0.500000,0.333333,0.554000,1.454991,0.871356,0.436255
fbcnet,cross_session,sub-025,,ses-02,ses-01,3,,73,19,88,3,0.488636,0.495349,0.443742,0.460982,0.869730,0.633835,0.208219
fbcnet,cross_session,sub-025,,ses-02,ses-03,3,,73,19,94,3,0.521277,0.525362,0.505090,0.554348,0.727048,0.525712,0.141737
fbcnet,cross_session,sub-025,,ses-02,ses-04,3,,73,19,88,3,0.465909,0.460724,0.433657,0.485271,0.867158,0.637595,0.262383
fbcnet,cross_session,sub-025,,ses-02,ses-05,3,,73,19,100,3,0.490000,0.490000,0.328859,0.489200,1.045484,0.725760,0.332385
fbcnet,cross_session,sub-025,,ses-03,ses-01,3,,75,19,88,1,0.477273,0.474419,0.467368,0.463566,0.749981,0.551111,0.129093
fbcnet,cross_session,sub-025,,ses-03,ses-02,3,,75,19,92,1,0.467391,0.461702,0.424927,0.414184,0.762464,0.562932,0.146368
fbcnet,cross_session,sub-025,,ses-03,ses-04,3,,75,19,88,1,0.568182,0.575711,0.519540,0.533333,0.781602,0.563636,0.192552
fbcnet,cross_session,sub-025,,ses-03,ses-05,3,,75,19,100,1,0.530000,0.530000,0.410658,0.594000,0.764244,0.548943,0.149545
fbcnet,cross_session,sub-025,,ses-04,ses-01,3,,70,18,88,11,0.522727,0.521447,0.520498,0.500775,0.745640,0.544480,0.090974
fbcnet,cross_session,sub-025,,ses-04,ses-02,3,,70,18,92,11,0.402174,0.404965,0.393504,0.465721,0.761493,0.565809,0.242609
fbcnet,cross_session,sub-025,,ses-04,ses-03,3,,70,18,94,11,0.468085,0.473279,0.437261,0.512681,0.761748,0.555419,0.169613
fbcnet,cross_session,sub-025,,ses-04,ses-05,3,,70,18,100,11,0.590000,0.590000,0.582952,0.594400,0.691258,0.496233,0.122944
fbcnet,cross_session,sub-025,,ses-05,ses-01,3,,80,20,88,3,0.534091,0.539276,0.511310,0.499225,0.782551,0.574361,0.220324
fbcnet,cross_session,sub-025,,ses-05,ses-02,3,,80,20,92,3,0.510870,0.510402,0.510349,0.447754,0.757309,0.559395,0.187400
fbcnet,cross_session,sub-025,,ses-05,ses-03,3,,80,20,94,3,0.542553,0.551630,0.447437,0.572464,0.757601,0.550240,0.139815
fbcnet,cross_session,sub-025,,ses-05,ses-04,3,,80,20,88,3,0.556818,0.552196,0.535148,0.614470,0.708813,0.511848,0.167588
fbcnet,cross_session,sub-001,,ses-01,ses-02,4,,80,20,100,7,0.570000,0.570000,0.545982,0.614400,0.743999,0.530243,0.133829
fbcnet,cross_session,sub-001,,ses-01,ses-03,4,,80,20,99,7,0.484848,0.489796,0.326531,0.415102,1.252905,0.807402,0.384093
fbcnet,cross_session,sub-001,,ses-01,ses-04,4,,80,20,99,7,0.494949,0.493265,0.479605,0.550612,0.757523,0.552826,0.195330
fbcnet,cross_session,sub-001,,ses-01,ses-05,4,,80,20,94,7,0.478723,0.471920,0.415111,0.408967,0.959247,0.678591,0.250101
fbcnet,cross_session,sub-001,,ses-02,ses-01,4,,80,20,100,9,0.520000,0.520000,0.376299,0.564800,1.004273,0.706636,0.334408
fbcnet,cross_session,sub-001,,ses-02,ses-03,4,,80,20,99,9,0.404040,0.403061,0.397897,0.461633,0.817425,0.579998,0.249989
fbcnet,cross_session,sub-001,,ses-02,ses-04,4,,80,20,99,9,0.505051,0.507755,0.468384,0.500816,1.052137,0.669253,0.248860
fbcnet,cross_session,sub-001,,ses-02,ses-05,4,,80,20,94,9,0.478723,0.485507,0.423890,0.451087,1.130152,0.708790,0.310889
fbcnet,cross_session,sub-001,,ses-03,ses-01,4,,79,20,100,10,0.640000,0.640000,0.632803,0.679600,0.660103,0.466250,0.067609
fbcnet,cross_session,sub-001,,ses-03,ses-02,4,,79,20,100,10,0.560000,0.560000,0.548440,0.561600,0.705440,0.509958,0.080070
fbcnet,cross_session,sub-001,,ses-03,ses-04,4,,79,20,99,10,0.484848,0.489184,0.371781,0.514694,0.831911,0.593008,0.201542
fbcnet,cross_session,sub-001,,ses-03,ses-05,4,,79,20,94,10,0.457447,0.456522,0.455907,0.471920,0.827217,0.592846,0.212289
fbcnet,cross_session,sub-001,,ses-04,ses-01,4,,79,20,100,5,0.540000,0.540000,0.487522,0.614000,0.717013,0.515933,0.132874
fbcnet,cross_session,sub-001,,ses-04,ses-02,4,,79,20,100,5,0.470000,0.470000,0.440397,0.495200,0.819123,0.600588,0.206951
fbcnet,cross_session,sub-001,,ses-04,ses-03,4,,79,20,99,5,0.535354,0.537347,0.517585,0.473469,0.781923,0.575681,0.205595
fbcnet,cross_session,sub-001,,ses-04,ses-05,4,,79,20,94,5,0.585106,0.583333,0.581268,0.581975,0.743261,0.526947,0.080380
fbcnet,cross_session,sub-001,,ses-05,ses-01,4,,75,19,100,9,0.570000,0.570000,0.569613,0.592000,0.699970,0.502502,0.096047
fbcnet,cross_session,sub-001,,ses-05,ses-02,4,,75,19,100,9,0.480000,0.480000,0.448217,0.482800,0.855780,0.616135,0.214360
fbcnet,cross_session,sub-001,,ses-05,ses-03,4,,75,19,99,9,0.505051,0.509796,0.368770,0.486122,1.055856,0.724317,0.316778
fbcnet,cross_session,sub-001,,ses-05,ses-04,4,,75,19,99,9,0.525253,0.523878,0.515565,0.553469,0.739622,0.534593,0.163289
fbcnet,cross_session,sub-002,,ses-01,ses-02,4,,73,19,95,2,0.526316,0.521277,0.381242,0.488475,1.063548,0.724870,0.322899
fbcnet,cross_session,sub-002,,ses-01,ses-03,4,,73,19,100,2,0.540000,0.510638,0.369518,0.527499,1.016122,0.679186,0.306755
fbcnet,cross_session,sub-002,,ses-01,ses-04,4,,73,19,100,2,0.500000,0.500000,0.350312,0.438000,0.817121,0.605396,0.204502
fbcnet,cross_session,sub-002,,ses-01,ses-05,4,,73,19,95,2,0.494737,0.480923,0.364548,0.498225,0.834629,0.601506,0.211121
fbcnet,cross_session,sub-002,,ses-02,ses-01,4,,76,19,92,12,0.500000,0.500000,0.333333,0.470227,1.173403,0.759415,0.337161
fbcnet,cross_session,sub-002,,ses-02,ses-03,4,,76,19,100,12,0.540000,0.510638,0.369518,0.519470,1.037818,0.668467,0.278187
fbcnet,cross_session,sub-002,,ses-02,ses-04,4,,76,19,100,12,0.470000,0.470000,0.396011,0.522000,0.737971,0.540071,0.155387
fbcnet,cross_session,sub-002,,ses-02,ses-05,4,,76,19,95,12,0.547368,0.532609,0.408742,0.538598,0.895099,0.627091,0.258709
fbcnet,cross_session,sub-002,,ses-03,ses-01,4,,80,20,92,1,0.500000,0.500000,0.448958,0.517486,0.810762,0.589167,0.192687
fbcnet,cross_session,sub-002,,ses-03,ses-02,4,,80,20,95,1,0.463158,0.459885,0.403692,0.456117,0.759310,0.562132,0.190052
fbcnet,cross_session,sub-002,,ses-03,ses-04,4,,80,20,100,1,0.450000,0.450000,0.449505,0.422800,0.746681,0.551094,0.167480
fbcnet,cross_session,sub-002,,ses-03,ses-05,4,,80,20,95,1,0.463158,0.467613,0.454453,0.462289,0.742949,0.545708,0.134681
fbcnet,cross_session,sub-002,,ses-04,ses-01,4,,80,20,92,43,0.597826,0.597826,0.579909,0.591682,1.313259,0.617619,0.228577
fbcnet,cross_session,sub-002,,ses-04,ses-02,4,,80,20,95,43,0.515789,0.510638,0.358862,0.546543,3.495454,0.932527,0.471823
fbcnet,cross_session,sub-002,,ses-04,ses-03,4,,80,20,100,43,0.530000,0.524087,0.521920,0.513047,1.843216,0.851820,0.423742
fbcnet,cross_session,sub-002,,ses-04,ses-05,4,,80,20,95,43,0.463158,0.453638,0.403692,0.466282,1.613547,0.859823,0.414453
fbcnet,cross_session,sub-002,,ses-05,ses-01,4,,76,19,92,7,0.521739,0.521739,0.480226,0.517958,0.791608,0.571851,0.180280
fbcnet,cross_session,sub-002,,ses-05,ses-02,4,,76,19,95,7,0.578947,0.577349,0.568182,0.554078,0.731583,0.525949,0.080030
fbcnet,cross_session,sub-002,,ses-05,ses-03,4,,76,19,100,7,0.570000,0.559414,0.550162,0.537937,0.699661,0.505301,0.069671
fbcnet,cross_session,sub-002,,ses-05,ses-04,4,,76,19,100,7,0.400000,0.400000,0.399760,0.383600,0.751135,0.555853,0.175200
fbcnet,cross_session,sub-003,,ses-01,ses-02,4,,73,19,100,3,0.460000,0.460000,0.460000,0.494800,0.812467,0.594057,0.218061
fbcnet,cross_session,sub-003,,ses-01,ses-03,4,,73,19,92,3,0.532609,0.522695,0.401965,0.490780,1.136518,0.716554,0.313935
fbcnet,cross_session,sub-003,,ses-01,ses-04,4,,73,19,100,3,0.470000,0.470000,0.349773,0.511200,0.783767,0.579834,0.215825
fbcnet,cross_session,sub-003,,ses-01,ses-05,4,,73,19,100,3,0.500000,0.500000,0.333333,0.472000,1.009644,0.724024,0.345165
fbcnet,cross_session,sub-003,,ses-02,ses-01,4,,80,20,92,38,0.445652,0.444129,0.444010,0.442235,0.955493,0.684706,0.282302
fbcnet,cross_session,sub-003,,ses-02,ses-03,4,,80,20,92,38,0.456522,0.466667,0.313433,0.403783,3.228354,1.030887,0.524026
fbcnet,cross_session,sub-003,,ses-02,ses-04,4,,80,20,100,38,0.500000,0.500000,0.365804,0.521200,1.147496,0.755819,0.341363
fbcnet,cross_session,sub-003,,ses-02,ses-05,4,,80,20,100,38,0.510000,0.510000,0.355178,0.594800,2.064109,0.928294,0.468868
fbcnet,cross_session,sub-003,,ses-03,ses-01,4,,73,19,92,39,0.423913,0.439394,0.350127,0.482955,0.885497,0.655842,0.289328
fbcnet,cross_session,sub-003,,ses-03,ses-02,4,,73,19,100,39,0.490000,0.490000,0.328859,0.506000,1.015630,0.722979,0.326714
fbcnet,cross_session,sub-003,,ses-03,ses-04,4,,73,19,100,39,0.510000,0.510000,0.355178,0.605200,1.042654,0.722866,0.342225
fbcnet,cross_session,sub-003,,ses-03,ses-05,4,,73,19,100,39,0.500000,0.500000,0.333333,0.439600,1.211861,0.811763,0.385421
fbcnet,cross_session,sub-003,,ses-04,ses-01,4,,80,20,92,3,0.489130,0.510417,0.346334,0.505208,1.050717,0.728858,0.347315
fbcnet,cross_session,sub-003,,ses-04,ses-02,4,,80,20,100,3,0.510000,0.510000,0.385580,0.549200,0.898029,0.643742,0.254316
fbcnet,cross_session,sub-003,,ses-04,ses-03,4,,80,20,92,3,0.543478,0.533333,0.408088,0.525296,0.885829,0.628995,0.245504
fbcnet,cross_session,sub-003,,ses-04,ses-05,4,,80,20,100,3,0.490000,0.490000,0.345399,0.516800,0.985658,0.709036,0.342251
fbcnet,cross_session,sub-003,,ses-05,ses-01,4,,80,20,92,13,0.521739,0.500000,0.342857,0.554924,2.100304,0.868444,0.431978
fbcnet,cross_session,sub-003,,ses-05,ses-02,4,,80,20,100,13,0.500000,0.500000,0.404762,0.603600,1.684433,0.801815,0.416530
fbcnet,cross_session,sub-003,,ses-05,ses-03,4,,80,20,92,13,0.489130,0.500000,0.328467,0.477778,5.075317,1.020062,0.509683
fbcnet,cross_session,sub-003,,ses-05,ses-04,4,,80,20,100,13,0.520000,0.520000,0.495586,0.484400,0.857319,0.621647,0.248296
fbcnet,cross_session,sub-004,,ses-01,ses-02,4,,69,18,97,26,0.536082,0.534864,0.528872,0.496599,0.763041,0.559272,0.155342
fbcnet,cross_session,sub-004,,ses-01,ses-03,4,,69,18,91,26,0.527473,0.524225,0.523792,0.578488,0.680083,0.490316,0.113549
fbcnet,cross_session,sub-004,,ses-01,ses-04,4,,69,18,100,26,0.430000,0.430000,0.398163,0.484800,0.742261,0.545096,0.180498
fbcnet,cross_session,sub-004,,ses-01,ses-05,4,,69,18,100,26,0.380000,0.380000,0.367605,0.286000,0.781594,0.584929,0.263354
fbcnet,cross_session,sub-004,,ses-02,ses-01,4,,77,20,87,15,0.471264,0.467230,0.394370,0.478330,0.876633,0.608007,0.245293
fbcnet,cross_session,sub-004,,ses-02,ses-03,4,,77,20,91,15,0.571429,0.567103,0.566190,0.555233,0.741158,0.535784,0.153841
fbcnet,cross_session,sub-004,,ses-02,ses-04,4,,77,20,100,15,0.490000,0.490000,0.435778,0.455600,0.779776,0.572485,0.162956
fbcnet,cross_session,sub-004,,ses-02,ses-05,4,,77,20,100,15,0.530000,0.530000,0.528822,0.503200,0.726815,0.530808,0.150453
fbcnet,cross_session,sub-004,,ses-03,ses-01,4,,72,19,87,1,0.482759,0.483615,0.480287,0.484144,0.759709,0.555742,0.149519
fbcnet,cross_session,sub-004,,ses-03,ses-02,4,,72,19,97,1,0.484536,0.488946,0.372412,0.492772,0.798797,0.592644,0.201735
fbcnet,cross_session,sub-004,,ses-03,ses-04,4,,72,19,100,1,0.500000,0.500000,0.333333,0.499200,0.870253,0.646069,0.266972
fbcnet,cross_session,sub-004,,ses-03,ses-05,4,,72,19,100,1,0.500000,0.500000,0.333333,0.224400,0.972369,0.709304,0.337444
fbcnet,cross_session,sub-004,,ses-04,ses-01,4,,80,20,87,7,0.517241,0.522199,0.410645,0.539641,0.924816,0.641102,0.243112
fbcnet,cross_session,sub-004,,ses-04,ses-02,4,,80,20,97,7,0.453608,0.452381,0.445116,0.485119,0.971312,0.684685,0.299210
fbcnet,cross_session,sub-004,,ses-04,ses-03,4,,80,20,91,7,0.538462,0.539486,0.538406,0.542636,0.924495,0.613770,0.211990
fbcnet,cross_session,sub-004,,ses-04,ses-05,4,,80,20,100,7,0.500000,0.500000,0.333333,0.395600,1.274941,0.830053,0.403363
fbcnet,cross_session,sub-004,,ses-05,ses-01,4,,80,20,87,35,0.505747,0.500000,0.335878,0.461945,5.076679,0.987544,0.493718
fbcnet,cross_session,sub-004,,ses-05,ses-02,4,,80,20,97,35,0.515464,0.510417,0.358339,0.612245,1.990011,0.859406,0.451534
fbcnet,cross_session,sub-004,,ses-05,ses-03,4,,80,20,91,35,0.538462,0.512839,0.389066,0.532946,4.085304,0.899965,0.456105
fbcnet,cross_session,sub-004,,ses-05,ses-04,4,,80,20,100,35,0.500000,0.500000,0.333333,0.532800,1.630327,0.843474,0.419447
fbcnet,cross_session,sub-005,,ses-01,ses-02,4,,75,19,100,6,0.500000,0.500000,0.333333,0.501600,1.726257,0.922746,0.463212
fbcnet,cross_session,sub-005,,ses-01,ses-03,4,,75,19,93,6,0.505376,0.500000,0.335714,0.567993,1.436629,0.857276,0.426026
fbcnet,cross_session,sub-005,,ses-01,ses-04,4,,75,19,99,6,0.494949,0.500000,0.331081,0.622857,1.560137,0.903599,0.455147
fbcnet,cross_session,sub-005,,ses-01,ses-05,4,,75,19,89,6,0.483146,0.500000,0.325758,0.556117,1.788776,0.947208,0.477770
fbcnet,cross_session,sub-005,,ses-02,ses-01,4,,80,20,94,92,0.510638,0.490703,0.356548,0.548980,3.527865,0.928217,0.474701
fbcnet,cross_session,sub-005,,ses-02,ses-03,4,,80,20,93,92,0.505376,0.510176,0.386051,0.446346,2.280304,0.919664,0.451390
fbcnet,cross_session,sub-005,,ses-02,ses-04,4,,80,20,99,92,0.494949,0.490000,0.331081,0.529388,2.672985,0.932335,0.466880
fbcnet,cross_session,sub-005,,ses-02,ses-05,4,,80,20,89,92,0.516854,0.500000,0.340741,0.581395,3.753005,0.925204,0.463030
fbcnet,cross_session,sub-005,,ses-03,ses-01,4,,74,19,94,3,0.446809,0.466667,0.308824,0.492063,1.268765,0.833713,0.416318
fbcnet,cross_session,sub-005,,ses-03,ses-02,4,,74,19,100,3,0.500000,0.500000,0.333333,0.547200,1.725327,0.921303,0.467575
fbcnet,cross_session,sub-005,,ses-03,ses-04,4,,74,19,99,3,0.494949,0.500000,0.331081,0.569388,1.490564,0.889225,0.445556
fbcnet,cross_session,sub-005,,ses-03,ses-05,4,,74,19,89,3,0.528090,0.541962,0.441756,0.584429,1.030774,0.703521,0.328780
fbcnet,cross_session,sub-005,,ses-04,ses-01,4,,79,20,94,2,0.478723,0.491837,0.431849,0.520635,0.820745,0.591411,0.201709
fbcnet,cross_session,sub-005,,ses-04,ses-02,4,,79,20,100,2,0.470000,0.470000,0.469947,0.406800,0.785063,0.584281,0.168141
fbcnet,cross_session,sub-005,,ses-04,ses-03,4,,79,20,93,2,0.505376,0.506707,0.498358,0.533302,0.732164,0.534125,0.119645
fbcnet,cross_session,sub-005,,ses-04,ses-05,4,,79,20,89,2,0.516854,0.528817,0.454921,0.516684,0.864756,0.614419,0.262047
fbcnet,cross_session,sub-005,,ses-05,ses-01,4,,71,18,94,5,0.457447,0.474150,0.370122,0.461224,0.885516,0.611735,0.266151
fbcnet,cross_session,sub-005,,ses-05,ses-02,4,,71,18,100,5,0.490000,0.490000,0.345399,0.505600,0.910086,0.665463,0.290808
fbcnet,cross_session,sub-005,,ses-05,ses-03,4,,71,18,93,5,0.548387,0.550185,0.536325,0.570305,0.766263,0.521697,0.088044
fbcnet,cross_session,sub-005,,ses-05,ses-04,4,,71,18,99,5,0.494949,0.499796,0.347998,0.540000,0.838627,0.613755,0.242724
fbcnet,cross_session,sub-006,,ses-01,ses-02,4,,74,19,94,12,0.468085,0.473732,0.430993,0.441123,1.042129,0.722100,0.321319
fbcnet,cross_session,sub-006,,ses-01,ses-03,4,,74,19,95,12,0.452632,0.455230,0.418550,0.538121,0.817655,0.604821,0.249474
fbcnet,cross_session,sub-006,,ses-01,ses-04,4,,74,19,92,12,0.489130,0.482506,0.432769,0.509220,0.911607,0.637805,0.248898
fbcnet,cross_session,sub-006,,ses-01,ses-05,4,,74,19,95,12,0.463158,0.462289,0.462204,0.455634,0.832992,0.602746,0.180978
fbcnet,cross_session,sub-006,,ses-02,ses-01,4,,75,19,93,2,0.526882,0.511806,0.382246,0.480556,0.923237,0.660710,0.283053
fbcnet,cross_session,sub-006,,ses-02,ses-03,4,,75,19,95,2,0.494737,0.494902,0.494681,0.460993,0.768681,0.566365,0.129018
fbcnet,cross_session,sub-006,,ses-02,ses-04,4,,75,19,92,2,0.500000,0.497400,0.491346,0.468085,0.744008,0.546523,0.130413
fbcnet,cross_session,sub-006,,ses-02,ses-05,4,,75,19,95,2,0.494737,0.480923,0.364548,0.488465,0.929000,0.666067,0.288532
fbcnet,cross_session,sub-006,,ses-03,ses-01,4,,76,19,93,23,0.516129,0.502083,0.392157,0.560648,1.067862,0.693397,0.327000
fbcnet,cross_session,sub-006,,ses-03,ses-02,4,,76,19,94,23,0.446809,0.438859,0.351724,0.433424,1.087779,0.738034,0.343725
fbcnet,cross_session,sub-006,,ses-03,ses-04,4,,76,19,92,23,0.478261,0.486998,0.383929,0.460520,1.148047,0.759285,0.361464
fbcnet,cross_session,sub-006,,ses-03,ses-05,4,,76,19,95,23,0.505263,0.492458,0.398653,0.446761,1.224964,0.777372,0.357144
fbcnet,cross_session,sub-006,,ses-04,ses-01,4,,73,19,93,64,0.526882,0.511806,0.382246,0.563426,3.536211,0.943817,0.479329
fbcnet,cross_session,sub-006,,ses-04,ses-02,4,,73,19,94,64,0.489362,0.495471,0.447059,0.508152,3.848917,1.014414,0.507694
fbcnet,cross_session,sub-006,,ses-04,ses-03,4,,73,19,95,64,0.494737,0.500000,0.330986,0.589096,4.494376,0.994306,0.500226
fbcnet,cross_session,sub-006,,ses-04,ses-05,4,,73,19,95,64,0.473684,0.463842,0.410962,0.514197,2.705600,0.933814,0.459328
fbcnet,cross_session,sub-006,,ses-05,ses-01,4,,76,19,93,3,0.548387,0.534028,0.425588,0.505093,0.828114,0.596372,0.214498
fbcnet,cross_session,sub-006,,ses-05,ses-02,4,,76,19,94,3,0.468085,0.472826,0.442864,0.494112,0.814011,0.606417,0.252103
fbcnet,cross_session,sub-006,,ses-05,ses-03,4,,76,19,95,3,0.347368,0.348626,0.338500,0.325355,0.822589,0.618647,0.268404
fbcnet,cross_session,sub-006,,ses-05,ses-04,4,,76,19,92,3,0.489130,0.486761,0.481721,0.438771,0.805739,0.596066,0.190017
fbcnet,cross_session,sub-007,,ses-01,ses-02,4,,80,20,100,7,0.520000,0.520000,0.428571,0.496800,0.895976,0.625028,0.213755
fbcnet,cross_session,sub-007,,ses-01,ses-03,4,,80,20,96,7,0.531250,0.531250,0.426676,0.644097,0.884652,0.608090,0.242730
fbcnet,cross_session,sub-007,,ses-01,ses-04,4,,80,20,92,7,0.500000,0.500000,0.431183,0.522684,0.920864,0.631458,0.228595
fbcnet,cross_session,sub-007,,ses-01,ses-05,4,,80,20,100,7,0.510000,0.510000,0.457905,0.564400,0.796325,0.576378,0.195748
fbcnet,cross_session,sub-007,,ses-02,ses-01,4,,80,20,100,10,0.500000,0.500000,0.442959,0.476800,0.823608,0.598540,0.169958
fbcnet,cross_session,sub-007,,ses-02,ses-03,4,,80,20,96,10,0.500000,0.500000,0.496503,0.498264,0.816180,0.563251,0.161332
fbcnet,cross_session,sub-007,,ses-02,ses-04,4,,80,20,92,10,0.521739,0.521739,0.435268,0.538752,0.874202,0.611844,0.230403
fbcnet,cross_session,sub-007,,ses-02,ses-05,4,,80,20,100,10,0.500000,0.500000,0.350312,0.595200,0.861938,0.629605,0.272286
fbcnet,cross_session,sub-007,,ses-03,ses-01,4,,76,20,100,9,0.560000,0.560000,0.559295,0.546000,0.711538,0.515096,0.123395
fbcnet,cross_session,sub-007,,ses-03,ses-02,4,,76,20,100,9,0.520000,0.520000,0.500000,0.483600,0.750186,0.550469,0.150333
fbcnet,cross_session,sub-007,,ses-03,ses-04,4,,76,20,92,9,0.510870,0.510870,0.510349,0.473535,0.812560,0.596498,0.198280
fbcnet,cross_session,sub-007,,ses-03,ses-05,4,,76,20,100,9,0.540000,0.540000,0.539263,0.526000,0.738369,0.536437,0.101129
fbcnet,cross_session,sub-007,,ses-04,ses-01,4,,73,19,100,11,0.500000,0.500000,0.350312,0.418000,0.912728,0.661557,0.248469
fbcnet,cross_session,sub-007,,ses-04,ses-02,4,,73,19,100,11,0.570000,0.570000,0.524284,0.582400,0.720836,0.518680,0.125293
fbcnet,cross_session,sub-007,,ses-04,ses-03,4,,73,19,96,11,0.458333,0.458333,0.330113,0.473090,0.915016,0.663253,0.285151
fbcnet,cross_session,sub-007,,ses-04,ses-05,4,,73,19,100,11,0.560000,0.560000,0.509804,0.596400,0.708266,0.512703,0.120810
fbcnet,cross_session,sub-007,,ses-05,ses-01,4,,80,20,100,2,0.470000,0.470000,0.374926,0.387600,0.813266,0.604748,0.197575
fbcnet,cross_session,sub-007,,ses-05,ses-02,4,,80,20,100,2,0.560000,0.560000,0.558410,0.600000,0.688486,0.492810,0.101190
fbcnet,cross_session,sub-007,,ses-05,ses-03,4,,80,20,96,2,0.510417,0.510417,0.372549,0.452691,0.870849,0.639755,0.241112
fbcnet,cross_session,sub-007,,ses-05,ses-04,4,,80,20,92,2,0.478261,0.478261,0.472023,0.457467,0.759163,0.557212,0.147129
fbcnet,cross_session,sub-008,,ses-01,ses-02,4,,80,20,94,15,0.500000,0.500000,0.333333,0.426664,6.599091,0.999917,0.499943
fbcnet,cross_session,sub-008,,ses-01,ses-03,4,,80,20,89,15,0.494382,0.500000,0.330827,0.440909,5.862925,1.011101,0.505538
fbcnet,cross_session,sub-008,,ses-01,ses-04,4,,80,20,96,15,0.500000,0.500000,0.333333,0.555122,2.608678,0.975293,0.487979
fbcnet,cross_session,sub-008,,ses-01,ses-05,4,,80,20,100,15,0.500000,0.500000,0.333333,0.554400,1.944447,0.894448,0.455790
fbcnet,cross_session,sub-008,,ses-02,ses-01,4,,75,19,100,31,0.500000,0.500000,0.333333,0.437600,1.182248,0.808315,0.388817
fbcnet,cross_session,sub-008,,ses-02,ses-03,4,,75,19,89,31,0.505618,0.510354,0.402320,0.642929,0.727983,0.537342,0.209474
fbcnet,cross_session,sub-008,,ses-02,ses-04,4,,75,19,96,31,0.500000,0.500000,0.333333,0.531250,1.046577,0.740130,0.361068
fbcnet,cross_session,sub-008,,ses-02,ses-05,4,,75,19,100,31,0.500000,0.500000,0.333333,0.558800,0.984778,0.714833,0.331992
fbcnet,cross_session,sub-008,,ses-03,ses-01,4,,71,18,100,3,0.490000,0.490000,0.360502,0.456400,0.807858,0.598757,0.204648
fbcnet,cross_session,sub-008,,ses-03,ses-02,4,,71,18,94,3,0.500000,0.500000,0.438984,0.527841,0.839887,0.584870,0.218787
fbcnet,cross_session,sub-008,,ses-03,ses-04,4,,71,18,96,3,0.500000,0.500000,0.494515,0.515625,0.739344,0.536389,0.127371
fbcnet,cross_session,sub-008,,ses-03,ses-05,4,,71,18,100,3,0.510000,0.510000,0.410987,0.578400,0.723780,0.527697,0.142286
fbcnet,cross_session,sub-008,,ses-04,ses-01,4,,76,20,100,7,0.490000,0.490000,0.360502,0.492800,0.818751,0.602702,0.213320
fbcnet,cross_session,sub-008,,ses-04,ses-02,4,,76,20,94,7,0.500000,0.500000,0.419524,0.462653,1.137534,0.708704,0.326318
fbcnet,cross_session,sub-008,,ses-04,ses-03,4,,76,20,89,7,0.471910,0.476768,0.354176,0.427778,0.949422,0.685810,0.284559
fbcnet,cross_session,sub-008,,ses-04,ses-05,4,,76,20,100,7,0.540000,0.540000,0.524597,0.568400,0.729073,0.527578,0.089263
fbcnet,cross_session,sub-008,,ses-05,ses-01,4,,80,20,100,12,0.550000,0.550000,0.435737,0.488400,1.155798,0.729881,0.322680
fbcnet,cross_session,sub-008,,ses-05,ses-02,4,,80,20,94,12,0.500000,0.500000,0.333333,0.485514,4.835924,0.998398,0.499194
fbcnet,cross_session,sub-008,,ses-05,ses-03,4,,80,20,89,12,0.494382,0.500000,0.330827,0.538889,4.231768,1.004045,0.502887
fbcnet,cross_session,sub-008,,ses-05,ses-04,4,,80,20,96,12,0.500000,0.500000,0.418182,0.463976,1.108680,0.734419,0.315016
fbcnet,cross_session,sub-009,,ses-01,ses-02,4,,78,20,100,11,0.500000,0.500000,0.350312,0.499200,0.893811,0.653476,0.280487
fbcnet,cross_session,sub-009,,ses-01,ses-03,4,,78,20,100,11,0.490000,0.490000,0.409107,0.633200,0.707454,0.512997,0.191043
fbcnet,cross_session,sub-009,,ses-01,ses-04,4,,78,20,96,11,0.552083,0.532609,0.410875,0.500000,0.836453,0.606142,0.275032
fbcnet,cross_session,sub-009,,ses-01,ses-05,4,,78,20,99,11,0.494949,0.500000,0.331081,0.437143,1.150657,0.775465,0.355719
fbcnet,cross_session,sub-009,,ses-02,ses-01,4,,80,20,98,16,0.479592,0.477500,0.472952,0.482917,0.950648,0.665310,0.274130
fbcnet,cross_session,sub-009,,ses-02,ses-03,4,,80,20,100,16,0.500000,0.500000,0.365804,0.464400,1.246028,0.758389,0.345214
fbcnet,cross_session,sub-009,,ses-02,ses-04,4,,80,20,96,16,0.572917,0.558696,0.507446,0.595652,0.942637,0.598023,0.234045
fbcnet,cross_session,sub-009,,ses-02,ses-05,4,,80,20,99,16,0.484848,0.480000,0.326531,0.444490,1.263692,0.811494,0.377973
fbcnet,cross_session,sub-009,,ses-03,ses-01,4,,80,20,98,58,0.510204,0.500000,0.337838,0.628750,1.785584,0.859622,0.433640
fbcnet,cross_session,sub-009,,ses-03,ses-02,4,,80,20,100,58,0.460000,0.460000,0.389417,0.461600,1.043743,0.689672,0.300925
fbcnet,cross_session,sub-009,,ses-03,ses-04,4,,80,20,96,58,0.520833,0.519130,0.518954,0.506522,1.155926,0.666232,0.271578
fbcnet,cross_session,sub-009,,ses-03,ses-05,4,,80,20,99,58,0.494949,0.500000,0.331081,0.424490,2.666695,0.982960,0.488894
fbcnet,cross_session,sub-009,,ses-04,ses-01,4,,76,20,98,7,0.561224,0.553750,0.488282,0.533333,0.733641,0.532750,0.118468
fbcnet,cross_session,sub-009,,ses-04,ses-02,4,,76,20,100,7,0.500000,0.500000,0.365804,0.484000,0.758541,0.556809,0.148389
fbcnet,cross_session,sub-009,,ses-04,ses-03,4,,76,20,100,7,0.460000,0.460000,0.420849,0.436400,0.740597,0.545185,0.137399
fbcnet,cross_session,sub-009,,ses-04,ses-05,4,,76,20,99,7,0.464646,0.466122,0.453722,0.464082,0.753835,0.556597,0.205534
fbcnet,cross_session,sub-009,,ses-05,ses-01,4,,79,20,98,3,0.489796,0.482917,0.419981,0.502083,1.028423,0.692824,0.297786
fbcnet,cross_session,sub-009,,ses-05,ses-02,4,,79,20,100,3,0.500000,0.500000,0.333333,0.466400,2.132865,0.969791,0.484119
fbcnet,cross_session,sub-009,,ses-05,ses-03,4,,79,20,100,3,0.500000,0.500000,0.333333,0.491200,2.664115,0.987904,0.494291
fbcnet,cross_session,sub-009,,ses-05,ses-04,4,,79,20,96,3,0.531250,0.511739,0.383474,0.518261,1.859218,0.885827,0.452052
fbcnet,cross_session,sub-010,,ses-01,ses-02,4,,71,18,94,2,0.510638,0.510638,0.509751,0.515165,0.837114,0.600069,0.210172
fbcnet,cross_session,sub-010,,ses-01,ses-03,4,,71,18,100,2,0.500000,0.500000,0.333333,0.564000,1.109065,0.756712,0.365362
fbcnet,cross_session,sub-010,,ses-01,ses-04,4,,71,18,100,2,0.510000,0.510000,0.509951,0.556000,0.704493,0.508629,0.115088
fbcnet,cross_session,sub-010,,ses-01,ses-05,4,,71,18,97,2,0.494845,0.489796,0.331034,0.507653,1.213245,0.800321,0.385200
fbcnet,cross_session,sub-010,,ses-02,ses-01,4,,75,19,89,8,0.516854,0.500000,0.340741,0.599090,0.801498,0.587264,0.228025
fbcnet,cross_session,sub-010,,ses-02,ses-03,4,,75,19,100,8,0.520000,0.520000,0.404762,0.525200,0.807003,0.589708,0.199023
fbcnet,cross_session,sub-010,,ses-02,ses-04,4,,75,19,100,8,0.510000,0.510000,0.355178,0.610800,0.789357,0.580492,0.246035
fbcnet,cross_session,sub-010,,ses-02,ses-05,4,,75,19,97,8,0.505155,0.504252,0.500858,0.567177,0.781788,0.513503,0.137082
fbcnet,cross_session,sub-010,,ses-03,ses-01,4,,80,20,89,1,0.561798,0.546512,0.436251,0.614257,0.737575,0.535245,0.158390
fbcnet,cross_session,sub-010,,ses-03,ses-02,4,,80,20,94,1,0.478723,0.478723,0.340776,0.523314,1.078064,0.723220,0.336487
fbcnet,cross_session,sub-010,,ses-03,ses-04,4,,80,20,100,1,0.500000,0.500000,0.333333,0.581600,1.157529,0.791606,0.386754
fbcnet,cross_session,sub-010,,ses-03,ses-05,4,,80,20,97,1,0.505155,0.506378,0.498708,0.515731,0.768354,0.557749,0.201289
fbcnet,cross_session,sub-010,,ses-04,ses-01,4,,80,20,89,10,0.505618,0.520222,0.402320,0.579373,0.921241,0.650653,0.256361
fbcnet,cross_session,sub-010,,ses-04,ses-02,4,,80,20,94,10,0.510638,0.510638,0.509751,0.542780,1.291650,0.709400,0.323521
fbcnet,cross_session,sub-010,,ses-04,ses-03,4,,80,20,100,10,0.540000,0.540000,0.452381,0.641200,0.833823,0.589687,0.261240
fbcnet,cross_session,sub-010,,ses-04,ses-05,4,,80,20,97,10,0.536082,0.531675,0.429039,0.515731,1.360006,0.753462,0.352033
fbcnet,cross_session,sub-010,,ses-05,ses-01,4,,77,20,89,7,0.516854,0.500000,0.340741,0.635996,1.050554,0.737470,0.357182
fbcnet,cross_session,sub-010,,ses-05,ses-02,4,,77,20,94,7,0.521277,0.521277,0.433507,0.517429,0.954977,0.660456,0.245312
fbcnet,cross_session,sub-010,,ses-05,ses-03,4,,77,20,100,7,0.500000,0.500000,0.333333,0.512800,0.833231,0.617199,0.256029
fbcnet,cross_session,sub-010,,ses-05,ses-04,4,,77,20,100,7,0.500000,0.500000,0.333333,0.518800,1.357767,0.861293,0.424092
fbcnet,cross_session,sub-011,,ses-01,ses-02,4,,80,20,94,15,0.521277,0.500907,0.361702,0.415420,1.902296,0.862289,0.434044
fbcnet,cross_session,sub-011,,ses-01,ses-03,4,,80,20,100,15,0.500000,0.500000,0.333333,0.548800,2.029444,0.946352,0.476447
fbcnet,cross_session,sub-011,,ses-01,ses-04,4,,80,20,100,15,0.490000,0.490000,0.328859,0.479200,1.346240,0.826799,0.396405
fbcnet,cross_session,sub-011,,ses-01,ses-05,4,,80,20,100,15,0.520000,0.520000,0.391172,0.584800,1.020167,0.699231,0.306769
fbcnet,cross_session,sub-011,,ses-02,ses-01,4,,75,19,100,1,0.500000,0.500000,0.333333,0.434800,3.239697,0.996780,0.498252
fbcnet,cross_session,sub-011,,ses-02,ses-03,4,,75,19,100,1,0.500000,0.500000,0.333333,0.417600,1.604558,0.905313,0.446382
fbcnet,cross_session,sub-011,,ses-02,ses-04,4,,75,19,100,1,0.500000,0.500000,0.333333,0.527600,1.756991,0.932512,0.465309
fbcnet,cross_session,sub-011,,ses-02,ses-05,4,,75,19,100,1,0.500000,0.500000,0.333333,0.437000,2.128052,0.968358,0.483043
fbcnet,cross_session,sub-011,,ses-03,ses-01,4,,80,20,100,7,0.480000,0.480000,0.479792,0.542000,0.693325,0.501816,0.139639
fbcnet,cross_session,sub-011,,ses-03,ses-02,4,,80,20,94,7,0.457447,0.460544,0.455907,0.469841,0.780413,0.573565,0.177579
fbcnet,cross_session,sub-011,,ses-03,ses-04,4,,80,20,100,7,0.460000,0.460000,0.432535,0.476000,0.761824,0.560990,0.182446
fbcnet,cross_session,sub-011,,ses-03,ses-05,4,,80,20,100,7,0.500000,0.500000,0.350312,0.496000,0.831540,0.613955,0.241595
fbcnet,cross_session,sub-011,,ses-04,ses-01,4,,80,20,100,6,0.500000,0.500000,0.333333,0.467200,1.157741,0.788661,0.377237
fbcnet,cross_session,sub-011,,ses-04,ses-02,4,,80,20,94,6,0.521277,0.500907,0.361702,0.490249,1.282252,0.762647,0.353918
fbcnet,cross_session,sub-011,,ses-04,ses-03,4,,80,20,100,6,0.490000,0.490000,0.328859,0.439200,1.112229,0.773776,0.352422
fbcnet,cross_session,sub-011,,ses-04,ses-05,4,,80,20,100,6,0.540000,0.540000,0.535354,0.494400,0.753322,0.552662,0.173368
fbcnet,cross_session,sub-011,,ses-05,ses-01,4,,80,20,100,3,0.480000,0.480000,0.380952,0.524400,0.743236,0.546102,0.174648
fbcnet,cross_session,sub-011,,ses-05,ses-02,4,,80,20,94,3,0.446809,0.429478,0.324489,0.441270,1.222662,0.776334,0.383354
fbcnet,cross_session,sub-011,,ses-05,ses-03,4,,80,20,100,3,0.500000,0.500000,0.333333,0.399600,1.059422,0.752386,0.351417
fbcnet,cross_session,sub-011,,ses-05,ses-04,4,,80,20,100,3,0.530000,0.530000,0.464387,0.472400,0.775727,0.567128,0.164641
fbcnet,cross_session,sub-012,,ses-01,ses-02,4,,80,20,91,2,0.494505,0.494928,0.493956,0.505314,0.751398,0.548827,0.138085
fbcnet,cross_session,sub-012,,ses-01,ses-03,4,,80,20,97,2,0.536082,0.537840,0.523107,0.532313,0.744493,0.537098,0.125137
fbcnet,cross_session,sub-012,,ses-01,ses-04,4,,80,20,87,2,0.505747,0.496032,0.457275,0.508466,0.911576,0.627710,0.261125
fbcnet,cross_session,sub-012,,ses-01,ses-05,4,,80,20,83,2,0.493976,0.536939,0.459367,0.517139,1.017735,0.716544,0.304345
fbcnet,cross_session,sub-012,,ses-02,ses-01,4,,72,19,100,2,0.490000,0.490000,0.398514,0.406400,0.783876,0.578557,0.182451
fbcnet,cross_session,sub-012,,ses-02,ses-03,4,,72,19,97,2,0.525773,0.525510,0.525319,0.505102,0.740364,0.539776,0.138633
fbcnet,cross_session,sub-012,,ses-02,ses-04,4,,72,19,87,2,0.551724,0.543651,0.521101,0.578836,0.703658,0.508968,0.129361
fbcnet,cross_session,sub-012,,ses-02,ses-05,4,,72,19,83,2,0.518072,0.473700,0.427586,0.533097,0.756843,0.550292,0.171850
fbcnet,cross_session,sub-012,,ses-03,ses-01,4,,77,20,100,11,0.530000,0.530000,0.396740,0.575600,1.217743,0.770162,0.363762
fbcnet,cross_session,sub-012,,ses-03,ses-02,4,,77,20,91,11,0.494505,0.495652,0.489512,0.466184,1.251259,0.724075,0.304668
fbcnet,cross_session,sub-012,,ses-03,ses-04,4,,77,20,87,11,0.402299,0.397619,0.388649,0.433333,1.183425,0.765362,0.383865
fbcnet,cross_session,sub-012,,ses-03,ses-05,4,,77,20,83,11,0.493976,0.527187,0.476891,0.532506,1.189632,0.757709,0.339788
fbcnet,cross_session,sub-012,,ses-04,ses-01,4,,69,18,100,1,0.440000,0.440000,0.333333,0.432400,1.018942,0.732758,0.337361
fbcnet,cross_session,sub-012,,ses-04,ses-02,4,,69,18,91,1,0.527473,0.528261,0.525409,0.531884,0.778836,0.559929,0.135796
fbcnet,cross_session,sub-012,,ses-04,ses-03,4,,69,18,97,1,0.546392,0.549532,0.501867,0.450680,0.994968,0.690150,0.304008
fbcnet,cross_session,sub-012,,ses-04,ses-05,4,,69,18,83,1,0.518072,0.457447,0.341270,0.484634,1.401768,0.767290,0.369038
fbcnet,cross_session,sub-012,,ses-05,ses-01,4,,66,17,100,14,0.500000,0.500000,0.333333,0.560000,1.621213,0.903005,0.455235
fbcnet,cross_session,sub-012,,ses-05,ses-02,4,,66,17,91,14,0.560440,0.556763,0.502732,0.534783,0.819477,0.590075,0.189825
fbcnet,cross_session,sub-012,,ses-05,ses-03,4,,66,17,97,14,0.494845,0.500000,0.331034,0.434949,1.282666,0.822449,0.381793
fbcnet,cross_session,sub-012,,ses-05,ses-04,4,,66,17,87,14,0.471264,0.461905,0.423675,0.425926,0.839948,0.610754,0.188578
fbcnet,cross_session,sub-013,,ses-01,ses-02,4,,80,20,94,18,0.478723,0.499093,0.340776,0.538776,1.140070,0.745357,0.347801
fbcnet,cross_session,sub-013,,ses-01,ses-03,4,,80,20,100,18,0.540000,0.540000,0.462366,0.477600,0.992701,0.660349,0.261866
fbcnet,cross_session,sub-013,,ses-01,ses-04,4,,80,20,95,18,0.568421,0.566327,0.565339,0.613576,0.748465,0.522958,0.152855
fbcnet,cross_session,sub-013,,ses-01,ses-05,4,,80,20,100,18,0.560000,0.560000,0.555556,0.561600,0.732465,0.525440,0.109555
fbcnet,cross_session,sub-013,,ses-02,ses-01,4,,75,19,100,21,0.510000,0.510000,0.457905,0.531600,1.051919,0.677876,0.269294
fbcnet,cross_session,sub-013,,ses-02,ses-03,4,,75,19,100,21,0.510000,0.510000,0.385580,0.520400,1.419068,0.781362,0.375134
fbcnet,cross_session,sub-013,,ses-02,ses-04,4,,75,19,95,21,0.463158,0.478261,0.316547,0.349157,1.279740,0.843233,0.402190
fbcnet,cross_session,sub-013,,ses-02,ses-05,4,,75,19,100,21,0.410000,0.410000,0.405182,0.403200,0.909937,0.670427,0.284458
fbcnet,cross_session,sub-013,,ses-03,ses-01,4,,80,20,100,43,0.490000,0.490000,0.345399,0.626400,3.448275,1.008173,0.510324
fbcnet,cross_session,sub-013,,ses-03,ses-02,4,,80,20,94,43,0.521277,0.500000,0.342657,0.579138,3.505339,0.953459,0.477145
fbcnet,cross_session,sub-013,,ses-03,ses-04,4,,80,20,95,43,0.515789,0.500000,0.340278,0.513975,4.647479,0.967862,0.483873
fbcnet,cross_session,sub-013,,ses-03,ses-05,4,,80,20,100,43,0.500000,0.500000,0.333333,0.635600,2.993533,0.990334,0.495666
fbcnet,cross_session,sub-013,,ses-04,ses-01,4,,76,19,100,3,0.530000,0.530000,0.396740,0.561200,0.781090,0.570047,0.168677
fbcnet,cross_session,sub-013,,ses-04,ses-02,4,,76,19,94,3,0.478723,0.466440,0.423890,0.434014,0.749987,0.552424,0.128484
fbcnet,cross_session,sub-013,,ses-04,ses-03,4,,76,19,100,3,0.520000,0.520000,0.485199,0.515200,0.719522,0.523203,0.079298
fbcnet,cross_session,sub-013,,ses-04,ses-05,4,,76,19,100,3,0.600000,0.600000,0.594156,0.584800,0.687622,0.493783,0.094935
fbcnet,cross_session,sub-013,,ses-05,ses-01,4,,80,20,100,92,0.500000,0.500000,0.333333,0.532600,4.486797,0.995323,0.497740
fbcnet,cross_session,sub-013,,ses-05,ses-02,4,,80,20,94,92,0.521277,0.500000,0.342657,0.484354,2.199937,0.885082,0.444054
fbcnet,cross_session,sub-013,,ses-05,ses-03,4,,80,20,100,92,0.530000,0.530000,0.410658,0.567600,2.036405,0.880384,0.460009
fbcnet,cross_session,sub-013,,ses-05,ses-04,4,,80,20,95,92,0.547368,0.551908,0.540029,0.527950,1.143302,0.718641,0.323086
fbcnet,cross_session,sub-014,,ses-01,ses-02,4,,80,20,95,1,0.494737,0.498892,0.404389,0.472961,0.801418,0.590510,0.178922
fbcnet,cross_session,sub-014,,ses-01,ses-03,4,,80,20,92,1,0.478261,0.508780,0.356643,0.522544,0.820628,0.606207,0.226029
fbcnet,cross_session,sub-014,,ses-01,ses-04,4,,80,20,92,1,0.489130,0.499527,0.346334,0.432624,1.010916,0.730721,0.326105
fbcnet,cross_session,sub-014,,ses-01,ses-05,4,,80,20,100,1,0.530000,0.530000,0.410658,0.555600,0.776109,0.570734,0.203181
fbcnet,cross_session,sub-014,,ses-02,ses-01,4,,76,19,100,2,0.530000,0.530000,0.435028,0.563600,0.729240,0.528158,0.099537
fbcnet,cross_session,sub-014,,ses-02,ses-03,4,,76,19,92,2,0.434783,0.450878,0.406746,0.429046,0.775512,0.574047,0.177109
fbcnet,cross_session,sub-014,,ses-02,ses-04,4,,76,19,92,2,0.467391,0.460757,0.408632,0.407092,0.801492,0.596471,0.191277
fbcnet,cross_session,sub-014,,ses-02,ses-05,4,,76,19,100,2,0.490000,0.490000,0.409107,0.572000,0.747859,0.548507,0.168156
fbcnet,cross_session,sub-014,,ses-03,ses-01,4,,73,19,100,3,0.500000,0.500000,0.350312,0.487600,0.834312,0.613350,0.269262
fbcnet,cross_session,sub-014,,ses-03,ses-02,4,,73,19,95,3,0.515789,0.511968,0.439744,0.501773,0.806527,0.588660,0.167268
fbcnet,cross_session,sub-014,,ses-03,ses-04,4,,73,19,92,3,0.510870,0.500473,0.357043,0.380142,1.026960,0.717676,0.308576
fbcnet,cross_session,sub-014,,ses-03,ses-05,4,,73,19,100,3,0.510000,0.510000,0.501577,0.587200,0.706205,0.513378,0.147851
fbcnet,cross_session,sub-014,,ses-04,ses-01,4,,73,19,100,6,0.510000,0.510000,0.385580,0.450000,0.929258,0.673140,0.287778
fbcnet,cross_session,sub-014,,ses-04,ses-02,4,,73,19,95,6,0.505263,0.500222,0.353741,0.489805,0.952954,0.689081,0.313181
fbcnet,cross_session,sub-014,,ses-04,ses-03,4,,73,19,92,6,0.478261,0.451827,0.356643,0.391552,0.904896,0.661698,0.259176
fbcnet,cross_session,sub-014,,ses-04,ses-05,4,,73,19,100,6,0.510000,0.510000,0.385580,0.454000,0.865930,0.628149,0.250618
fbcnet,cross_session,sub-014,,ses-05,ses-01,4,,80,20,100,1,0.460000,0.460000,0.344342,0.566800,0.731950,0.534897,0.170925
fbcnet,cross_session,sub-014,,ses-05,ses-02,4,,80,20,95,1,0.473684,0.474291,0.472222,0.459663,0.739183,0.543845,0.144331
fbcnet,cross_session,sub-014,,ses-05,ses-03,4,,80,20,92,1,0.434783,0.456573,0.377083,0.414808,0.758726,0.562028,0.178429
fbcnet,cross_session,sub-014,,ses-05,ses-04,4,,80,20,92,1,0.456522,0.451537,0.423559,0.435461,0.751492,0.553008,0.145763
fbcnet,cross_session,sub-015,,ses-01,ses-02,4,,80,20,95,3,0.463158,0.460106,0.412086,0.497784,0.763437,0.561168,0.178036
fbcnet,cross_session,sub-015,,ses-01,ses-03,4,,80,20,85,3,0.517647,0.503623,0.495001,0.560758,0.707078,0.508978,0.111859
fbcnet,cross_session,sub-015,,ses-01,ses-04,4,,80,20,95,3,0.463158,0.460106,0.412086,0.497784,0.763437,0.561168,0.178036
fbcnet,cross_session,sub-015,,ses-01,ses-05,4,,80,20,98,3,0.530612,0.530833,0.530612,0.533750,0.712235,0.517087,0.095246
fbcnet,cross_session,sub-015,,ses-02,ses-01,4,,76,19,100,61,0.480000,0.480000,0.324324,0.570400,1.838114,0.903485,0.455748
fbcnet,cross_session,sub-015,,ses-02,ses-03,4,,76,19,85,61,0.435294,0.472408,0.320000,0.516165,2.369479,1.004313,0.520205
fbcnet,cross_session,sub-015,,ses-02,ses-04,4,,76,19,95,61,0.957895,0.957890,0.957890,0.997340,0.083729,0.043547,0.052303
fbcnet,cross_session,sub-015,,ses-02,ses-05,4,,76,19,98,61,0.612245,0.606250,0.572151,0.664583,1.088817,0.601967,0.261057
fbcnet,cross_session,sub-015,,ses-03,ses-01,4,,68,17,100,12,0.500000,0.500000,0.333333,0.386000,1.215047,0.795924,0.364932
fbcnet,cross_session,sub-015,,ses-03,ses-02,4,,68,17,95,12,0.505263,0.500000,0.335664,0.514628,1.611003,0.902096,0.448207
fbcnet,cross_session,sub-015,,ses-03,ses-04,4,,68,17,95,12,0.505263,0.500000,0.335664,0.514628,1.611003,0.902096,0.448207
fbcnet,cross_session,sub-015,,ses-03,ses-05,4,,68,17,98,12,0.510204,0.500000,0.337838,0.509167,1.097448,0.756181,0.353590
fbcnet,cross_session,sub-015,,ses-04,ses-01,4,,76,19,100,61,0.480000,0.480000,0.324324,0.570400,1.838114,0.903485,0.455748
fbcnet,cross_session,sub-015,,ses-04,ses-02,4,,76,19,95,61,0.957895,0.957890,0.957890,0.997340,0.083729,0.043547,0.052303
fbcnet,cross_session,sub-015,,ses-04,ses-03,4,,76,19,85,61,0.435294,0.472408,0.320000,0.516165,2.369479,1.004313,0.520205
fbcnet,cross_session,sub-015,,ses-04,ses-05,4,,76,19,98,61,0.612245,0.606250,0.572151,0.664583,1.088817,0.601967,0.261057
fbcnet,cross_session,sub-015,,ses-05,ses-01,4,,78,20,100,8,0.520000,0.520000,0.428571,0.468000,0.961280,0.685663,0.274199
fbcnet,cross_session,sub-015,,ses-05,ses-02,4,,78,20,95,8,0.578947,0.578236,0.576649,0.579344,0.782313,0.551659,0.171942
fbcnet,cross_session,sub-015,,ses-05,ses-03,4,,78,20,85,8,0.517647,0.511427,0.510877,0.541806,0.823589,0.589163,0.214487
fbcnet,cross_session,sub-015,,ses-05,ses-04,4,,78,20,95,8,0.578947,0.578236,0.576649,0.579344,0.782313,0.551659,0.171942
fbcnet,cross_session,sub-016,,ses-01,ses-02,4,,80,20,100,78,0.500000,0.500000,0.333333,0.488000,3.464839,0.963743,0.484842
fbcnet,cross_session,sub-016,,ses-01,ses-03,4,,80,20,100,78,0.510000,0.510000,0.398847,0.610800,2.441293,0.910547,0.449919
fbcnet,cross_session,sub-016,,ses-01,ses-04,4,,80,20,95,78,0.505263,0.510195,0.370151,0.516401,2.928952,0.957565,0.479414
fbcnet,cross_session,sub-016,,ses-01,ses-05,4,,80,20,91,78,0.483516,0.497099,0.387688,0.462282,2.492037,0.887547,0.428165
fbcnet,cross_session,sub-016,,ses-02,ses-01,4,,80,20,100,54,0.570000,0.570000,0.566489,0.546800,0.889473,0.603903,0.209697
fbcnet,cross_session,sub-016,,ses-02,ses-03,4,,80,20,100,54,0.480000,0.480000,0.368626,0.576000,1.331647,0.768238,0.392176
fbcnet,cross_session,sub-016,,ses-02,ses-04,4,,80,20,95,54,0.536842,0.539450,0.508004,0.573138,1.235461,0.724184,0.313353
fbcnet,cross_session,sub-016,,ses-02,ses-05,4,,80,20,91,54,0.494505,0.509913,0.365758,0.543037,4.365057,0.975693,0.497420
fbcnet,cross_session,sub-016,,ses-03,ses-01,4,,80,20,100,27,0.520000,0.520000,0.376299,0.576800,0.892627,0.635311,0.252950
fbcnet,cross_session,sub-016,,ses-03,ses-02,4,,80,20,100,27,0.530000,0.530000,0.480031,0.586000,0.752683,0.539573,0.170751
fbcnet,cross_session,sub-016,,ses-03,ses-04,4,,80,20,95,27,0.515789,0.510860,0.375714,0.470301,0.960220,0.668776,0.257034
fbcnet,cross_session,sub-016,,ses-03,ses-05,4,,80,20,91,27,0.483516,0.500000,0.325926,0.622824,1.685173,0.893364,0.453957
fbcnet,cross_session,sub-016,,ses-04,ses-01,4,,76,19,100,50,0.540000,0.540000,0.429563,0.574800,1.518144,0.761229,0.357303
fbcnet,cross_session,sub-016,,ses-04,ses-02,4,,76,19,100,50,0.590000,0.590000,0.589631,0.602400,0.808974,0.565561,0.248042
fbcnet,cross_session,sub-016,,ses-04,ses-03,4,,76,19,100,50,0.590000,0.590000,0.580563,0.587600,1.167698,0.635714,0.240439
fbcnet,cross_session,sub-016,,ses-04,ses-05,4,,76,19,91,50,0.483516,0.500000,0.325926,0.529255,2.987393,0.986245,0.494835
fbcnet,cross_session,sub-016,,ses-05,ses-01,4,,72,19,100,15,0.500000,0.500000,0.333333,0.451200,1.258832,0.818161,0.392139
fbcnet,cross_session,sub-016,,ses-05,ses-02,4,,72,19,100,15,0.510000,0.510000,0.355178,0.578800,0.888962,0.648313,0.285611
fbcnet,cross_session,sub-016,,ses-05,ses-03,4,,72,19,100,15,0.520000,0.520000,0.376299,0.680800,0.985484,0.678917,0.324705
fbcnet,cross_session,sub-016,,ses-05,ses-04,4,,72,19,95,15,0.494737,0.499335,0.379085,0.486702,0.939563,0.675789,0.276280
fbcnet,cross_session,sub-017,,ses-01,ses-02,4,,80,20,100,35,0.500000,0.500000,0.333333,0.370800,3.304421,0.992740,0.495193
fbcnet,cross_session,sub-017,,ses-01,ses-03,4,,80,20,98,35,0.489796,0.500000,0.328767,0.496667,7.951993,1.020407,0.510204
fbcnet,cross_session,sub-017,,ses-01,ses-04,4,,80,20,100,35,0.500000,0.500000,0.333333,0.439200,4.235275,0.998652,0.499217
fbcnet,cross_session,sub-017,,ses-01,ses-05,4,,80,20,95,35,0.494737,0.500000,0.330986,0.419326,5.291414,1.010295,0.505111
fbcnet,cross_session,sub-017,,ses-02,ses-01,4,,80,20,100,57,0.470000,0.470000,0.362904,0.491200,1.720770,0.886914,0.432522
fbcnet,cross_session,sub-017,,ses-02,ses-03,4,,80,20,98,57,0.520408,0.510417,0.360544,0.632083,1.883046,0.862580,0.444470
fbcnet,cross_session,sub-017,,ses-02,ses-04,4,,80,20,100,57,0.490000,0.490000,0.360502,0.606400,2.457346,0.956866,0.481039
fbcnet,cross_session,sub-017,,ses-02,ses-05,4,,80,20,95,57,0.515789,0.511303,0.404956,0.535018,1.535323,0.792442,0.377338
fbcnet,cross_session,sub-017,,ses-03,ses-01,4,,78,20,100,8,0.500000,0.500000,0.333333,0.476800,1.184037,0.778065,0.358453
fbcnet,cross_session,sub-017,,ses-03,ses-02,4,,78,20,100,8,0.540000,0.540000,0.471507,0.574800,0.828911,0.590483,0.207528
fbcnet,cross_session,sub-017,,ses-03,ses-04,4,,78,20,100,8,0.510000,0.510000,0.441595,0.499600,0.834209,0.604084,0.192782
fbcnet,cross_session,sub-017,,ses-03,ses-05,4,,78,20,95,8,0.505263,0.504433,0.501730,0.494238,0.801683,0.581008,0.216253
fbcnet,cross_session,sub-017,,ses-04,ses-01,4,,80,20,100,78,0.500000,0.500000,0.333333,0.495600,4.495943,0.999094,0.499384
fbcnet,cross_session,sub-017,,ses-04,ses-02,4,,80,20,100,78,0.500000,0.500000,0.333333,0.584000,6.168115,0.999839,0.499951
fbcnet,cross_session,sub-017,,ses-04,ses-03,4,,80,20,98,78,0.479592,0.489583,0.324138,0.537083,2.807534,0.959993,0.482472
fbcnet,cross_session,sub-017,,ses-04,ses-05,4,,80,20,95,78,0.494737,0.499778,0.348571,0.547872,3.146324,0.953756,0.485099
fbcnet,cross_session,sub-017,,ses-05,ses-01,4,,76,19,100,9,0.510000,0.510000,0.355178,0.464800,1.066883,0.748204,0.385004
fbcnet,cross_session,sub-017,,ses-05,ses-02,4,,76,19,100,9,0.500000,0.500000,0.333333,0.460400,1.390208,0.862427,0.419837
fbcnet,cross_session,sub-017,,ses-05,ses-03,4,,76,19,98,9,0.469388,0.479167,0.319444,0.508333,0.900895,0.667652,0.314750
fbcnet,cross_session,sub-017,,ses-05,ses-04,4,,76,19,100,9,0.500000,0.500000,0.333333,0.486800,0.940026,0.682900,0.295054
fbcnet,cross_session,sub-018,,ses-01,ses-02,4,,75,19,100,3,0.530000,0.530000,0.455451,0.562000,0.775904,0.563638,0.151206
fbcnet,cross_session,sub-018,,ses-01,ses-03,4,,75,19,100,3,0.540000,0.540000,0.506650,0.500000,0.764061,0.560062,0.147648
fbcnet,cross_session,sub-018,,ses-01,ses-04,4,,75,19,100,3,0.510000,0.510000,0.355178,0.475600,0.940510,0.676757,0.292144
fbcnet,cross_session,sub-018,,ses-01,ses-05,4,,75,19,100,3,0.510000,0.510000,0.355178,0.556800,0.971277,0.661141,0.288694
fbcnet,cross_session,sub-018,,ses-02,ses-01,4,,80,20,94,15,0.521277,0.530797,0.408805,0.496830,0.984376,0.683653,0.301743
fbcnet,cross_session,sub-018,,ses-02,ses-03,4,,80,20,100,15,0.490000,0.490000,0.483753,0.472400,0.789120,0.583083,0.190799
fbcnet,cross_session,sub-018,,ses-02,ses-04,4,,80,20,100,15,0.450000,0.450000,0.448622,0.439200,0.808778,0.603484,0.230106
fbcnet,cross_session,sub-018,,ses-02,ses-05,4,,80,20,100,15,0.510000,0.510000,0.471470,0.466800,1.021706,0.679625,0.271698
fbcnet,cross_session,sub-018,,ses-03,ses-01,4,,80,20,94,8,0.521277,0.530797,0.408805,0.452446,0.999711,0.695760,0.304790
fbcnet,cross_session,sub-018,,ses-03,ses-02,4,,80,20,100,8,0.510000,0.510000,0.422102,0.578400,0.826116,0.601248,0.249110
fbcnet,cross_session,sub-018,,ses-03,ses-04,4,,80,20,100,8,0.430000,0.430000,0.416880,0.442400,0.784295,0.581673,0.225081
fbcnet,cross_session,sub-018,,ses-03,ses-05,4,,80,20,100,8,0.510000,0.510000,0.441595,0.504800,1.002295,0.642596,0.288241
fbcnet,cross_session,sub-018,,ses-04,ses-01,4,,80,20,94,54,0.521277,0.510870,0.361702,0.492301,2.165632,0.897787,0.442988
fbcnet,cross_session,sub-018,,ses-04,ses-02,4,,80,20,100,54,0.510000,0.510000,0.355178,0.470800,2.528411,0.910411,0.444750
fbcnet,cross_session,sub-018,,ses-04,ses-03,4,,80,20,100,54,0.490000,0.490000,0.345399,0.458800,2.496069,0.959246,0.483444
fbcnet,cross_session,sub-018,,ses-04,ses-05,4,,80,20,100,54,0.480000,0.480000,0.368626,0.576000,1.331647,0.768238,0.392176
fbcnet,cross_session,sub-018,,ses-05,ses-01,4,,80,20,94,27,0.457447,0.465580,0.370122,0.466033,0.822966,0.606082,0.236013
fbcnet,cross_session,sub-018,,ses-05,ses-02,4,,80,20,100,27,0.500000,0.500000,0.333333,0.504000,1.509509,0.883973,0.439469
fbcnet,cross_session,sub-018,,ses-05,ses-03,4,,80,20,100,27,0.490000,0.490000,0.360502,0.476800,0.874098,0.643444,0.249992
fbcnet,cross_session,sub-018,,ses-05,ses-04,4,,80,20,100,27,0.530000,0.530000,0.480031,0.586000,0.752683,0.539573,0.170751
fbcnet,cross_session,sub-019,,ses-01,ses-02,4,,76,19,95,2,0.494737,0.500000,0.330986,0.424202,1.281265,0.838963,0.412140
fbcnet,cross_session,sub-019,,ses-01,ses-03,4,,76,19,94,2,0.510638,0.504308,0.496037,0.561905,0.702997,0.508463,0.124579
fbcnet,cross_session,sub-019,,ses-01,ses-04,4,,76,19,92,2,0.489130,0.500000,0.328467,0.391962,1.147447,0.790532,0.370701
fbcnet,cross_session,sub-019,,ses-01,ses-05,4,,76,19,93,2,0.451613,0.467996,0.405117,0.416512,0.971489,0.682196,0.247935
fbcnet,cross_session,sub-019,,ses-02,ses-01,4,,76,19,95,50,0.515789,0.500000,0.340278,0.426353,3.226529,0.951431,0.473378
fbcnet,cross_session,sub-019,,ses-02,ses-03,4,,76,19,94,50,0.489362,0.510204,0.346087,0.453968,1.898642,0.944019,0.480986
fbcnet,cross_session,sub-019,,ses-02,ses-04,4,,76,19,92,50,0.489130,0.500000,0.328467,0.532861,2.431223,0.992282,0.496465
fbcnet,cross_session,sub-019,,ses-02,ses-05,4,,76,19,93,50,0.516129,0.492115,0.376583,0.606679,1.400886,0.743788,0.361629
fbcnet,cross_session,sub-019,,ses-03,ses-01,4,,75,19,95,1,0.505263,0.492458,0.398653,0.528394,0.928250,0.667940,0.285742
fbcnet,cross_session,sub-019,,ses-03,ses-02,4,,75,19,95,1,0.494737,0.500000,0.330986,0.480496,1.198672,0.807128,0.386851
fbcnet,cross_session,sub-019,,ses-03,ses-04,4,,75,19,92,1,0.489130,0.500000,0.328467,0.362648,1.238328,0.828418,0.394485
fbcnet,cross_session,sub-019,,ses-03,ses-05,4,,75,19,93,1,0.494624,0.513451,0.435927,0.467532,0.837906,0.613765,0.190711
fbcnet,cross_session,sub-019,,ses-04,ses-01,4,,73,19,95,27,0.526316,0.510870,0.363934,0.486690,1.812263,0.875166,0.443618
fbcnet,cross_session,sub-019,,ses-04,ses-02,4,,73,19,95,27,0.557895,0.554078,0.488462,0.478280,1.330740,0.755524,0.330004
fbcnet,cross_session,sub-019,,ses-04,ses-03,4,,73,19,94,27,0.478723,0.500000,0.323741,0.468934,1.969222,0.973952,0.495616
fbcnet,cross_session,sub-019,,ses-04,ses-05,4,,73,19,93,27,0.537634,0.511364,0.369740,0.411874,2.356653,0.899909,0.449191
fbcnet,cross_session,sub-019,,ses-05,ses-01,4,,74,19,95,13,0.515789,0.505989,0.458085,0.496007,0.811300,0.586127,0.208484
fbcnet,cross_session,sub-019,,ses-05,ses-02,4,,74,19,95,13,0.494737,0.499778,0.348571,0.581560,0.963655,0.686726,0.319416
fbcnet,cross_session,sub-019,,ses-05,ses-03,4,,74,19,94,13,0.574468,0.557370,0.480376,0.618141,0.726552,0.527970,0.166572
fbcnet,cross_session,sub-019,,ses-05,ses-04,4,,74,19,92,13,0.489130,0.500000,0.328467,0.349882,1.326853,0.851555,0.433830
fbcnet,cross_session,sub-020,,ses-01,ses-02,4,,71,18,100,89,0.530000,0.530000,0.396740,0.693200,1.317685,0.766481,0.385196
fbcnet,cross_session,sub-020,,ses-01,ses-03,4,,71,18,100,89,0.510000,0.510000,0.371069,0.465600,1.602033,0.869739,0.437797
fbcnet,cross_session,sub-020,,ses-01,ses-04,4,,71,18,100,89,0.570000,0.570000,0.530516,0.764000,0.857328,0.559588,0.255625
fbcnet,cross_session,sub-020,,ses-01,ses-05,4,,71,18,100,89,0.500000,0.500000,0.333333,0.757200,1.852461,0.919195,0.467702
fbcnet,cross_session,sub-020,,ses-02,ses-01,4,,80,20,89,90,0.539326,0.536616,0.509345,0.583838,1.108698,0.675046,0.343586
fbcnet,cross_session,sub-020,,ses-02,ses-03,4,,80,20,100,90,0.470000,0.470000,0.469947,0.483600,3.574779,1.033728,0.519774
fbcnet,cross_session,sub-020,,ses-02,ses-04,4,,80,20,100,90,0.540000,0.540000,0.429563,0.798000,1.084928,0.684268,0.350954
fbcnet,cross_session,sub-020,,ses-02,ses-05,4,,80,20,100,90,0.620000,0.620000,0.563419,0.792400,0.980330,0.588803,0.271821
fbcnet,cross_session,sub-020,,ses-03,ses-01,4,,80,20,89,6,0.505618,0.508333,0.476471,0.430303,0.794897,0.583892,0.149696
fbcnet,cross_session,sub-020,,ses-03,ses-02,4,,80,20,100,6,0.400000,0.400000,0.397832,0.340400,0.996674,0.738533,0.313142
fbcnet,cross_session,sub-020,,ses-03,ses-04,4,,80,20,100,6,0.500000,0.500000,0.333333,0.449200,0.996696,0.706156,0.301880
fbcnet,cross_session,sub-020,,ses-03,ses-05,4,,80,20,100,6,0.510000,0.510000,0.371069,0.348000,0.941666,0.685151,0.278203
fbcnet,cross_session,sub-020,,ses-04,ses-01,4,,80,20,89,33,0.505618,0.500000,0.335821,0.602020,9.990240,0.988674,0.494360
fbcnet,cross_session,sub-020,,ses-04,ses-02,4,,80,20,100,33,0.500000,0.500000,0.333333,0.656400,3.269880,0.949104,0.482086
fbcnet,cross_session,sub-020,,ses-04,ses-03,4,,80,20,100,33,0.500000,0.500000,0.333333,0.434000,3.853883,0.979234,0.491387
fbcnet,cross_session,sub-020,,ses-04,ses-05,4,,80,20,100,33,0.660000,0.660000,0.645833,0.803600,0.709488,0.424343,0.143992
fbcnet,cross_session,sub-020,,ses-05,ses-01,4,,80,20,89,26,0.505618,0.500000,0.335821,0.596465,7.467237,0.988713,0.494369
fbcnet,cross_session,sub-020,,ses-05,ses-02,4,,80,20,100,26,0.500000,0.500000,0.333333,0.701200,3.893474,0.995441,0.498608
fbcnet,cross_session,sub-020,,ses-05,ses-03,4,,80,20,100,26,0.500000,0.500000,0.333333,0.436000,4.367369,0.997292,0.498608
fbcnet,cross_session,sub-020,,ses-05,ses-04,4,,80,20,100,26,0.500000,0.500000,0.333333,0.939600,2.686363,0.978733,0.494378
fbcnet,cross_session,sub-021,,ses-01,ses-02,4,,75,19,99,25,0.555556,0.555510,0.555510,0.593469,0.775324,0.543151,0.186113
fbcnet,cross_session,sub-021,,ses-01,ses-03,4,,75,19,93,25,0.494624,0.500000,0.330935,0.541166,2.946279,0.987547,0.496942
fbcnet,cross_session,sub-021,,ses-01,ses-04,4,,75,19,100,25,0.500000,0.500000,0.333333,0.548400,2.117577,0.936721,0.470669
fbcnet,cross_session,sub-021,,ses-01,ses-05,4,,75,19,96,25,0.489583,0.500000,0.328671,0.616153,2.153845,0.967382,0.488924
fbcnet,cross_session,sub-021,,ses-02,ses-01,4,,79,20,94,21,0.500000,0.500000,0.408330,0.552286,1.103847,0.738771,0.347908
fbcnet,cross_session,sub-021,,ses-02,ses-03,4,,79,20,93,21,0.494624,0.499769,0.348875,0.469935,1.650653,0.863343,0.420482
fbcnet,cross_session,sub-021,,ses-02,ses-04,4,,79,20,100,21,0.510000,0.510000,0.465007,0.534000,1.057992,0.686451,0.316806
fbcnet,cross_session,sub-021,,ses-02,ses-05,4,,79,20,96,21,0.562500,0.565784,0.552993,0.553626,0.845077,0.586827,0.211653
fbcnet,cross_session,sub-021,,ses-03,ses-01,4,,74,19,94,7,0.500000,0.500000,0.333333,0.511091,1.244467,0.797845,0.383338
fbcnet,cross_session,sub-021,,ses-03,ses-02,4,,74,19,99,7,0.494949,0.500000,0.331081,0.495918,1.164276,0.785637,0.373097
fbcnet,cross_session,sub-021,,ses-03,ses-04,4,,74,19,100,7,0.510000,0.510000,0.355178,0.505200,1.423852,0.851246,0.425642
fbcnet,cross_session,sub-021,,ses-03,ses-05,4,,74,19,96,7,0.510417,0.500000,0.337931,0.539731,1.161800,0.778617,0.378315
fbcnet,cross_session,sub-021,,ses-04,ses-01,4,,80,20,94,13,0.457447,0.457447,0.357975,0.545496,0.929622,0.636068,0.312922
fbcnet,cross_session,sub-021,,ses-04,ses-02,4,,80,20,99,13,0.535354,0.531020,0.427314,0.584898,0.831379,0.598469,0.226876
fbcnet,cross_session,sub-021,,ses-04,ses-03,4,,80,20,93,13,0.494624,0.500000,0.330935,0.563830,2.011945,0.960781,0.482206
fbcnet,cross_session,sub-021,,ses-04,ses-05,4,,80,20,96,13,0.489583,0.500000,0.328671,0.509770,1.949873,0.953380,0.480864
fbcnet,cross_session,sub-021,,ses-05,ses-01,4,,76,20,94,17,0.606383,0.606383,0.602741,0.639203,0.694116,0.493322,0.114936
fbcnet,cross_session,sub-021,,ses-05,ses-02,4,,76,20,99,17,0.505051,0.509796,0.368770,0.661633,1.073922,0.706880,0.360701
fbcnet,cross_session,sub-021,,ses-05,ses-03,4,,76,20,93,17,0.483871,0.488899,0.343529,0.482886,1.359450,0.836187,0.410070
fbcnet,cross_session,sub-021,,ses-05,ses-04,4,,76,20,100,17,0.500000,0.500000,0.333333,0.522000,1.782438,0.908634,0.459700
fbcnet,cross_session,sub-022,,ses-01,ses-02,4,,69,18,100,2,0.520000,0.520000,0.495586,0.512400,0.709097,0.515251,0.078514
fbcnet,cross_session,sub-022,,ses-01,ses-03,4,,69,18,100,2,0.530000,0.530000,0.521920,0.560800,0.699217,0.504496,0.082160
fbcnet,cross_session,sub-022,,ses-01,ses-04,4,,69,18,100,2,0.540000,0.540000,0.539816,0.558800,0.690710,0.497255,0.050262
fbcnet,cross_session,sub-022,,ses-01,ses-05,4,,69,18,93,2,0.516129,0.510417,0.497297,0.463889,0.738152,0.541437,0.121742
fbcnet,cross_session,sub-022,,ses-02,ses-01,4,,80,20,87,21,0.551724,0.553118,0.545722,0.613108,0.729726,0.520444,0.142989
fbcnet,cross_session,sub-022,,ses-02,ses-03,4,,80,20,100,21,0.530000,0.530000,0.410658,0.529200,1.266491,0.774795,0.364429
fbcnet,cross_session,sub-022,,ses-02,ses-04,4,,80,20,100,21,0.500000,0.500000,0.333333,0.585600,1.587341,0.880020,0.437118
fbcnet,cross_session,sub-022,,ses-02,ses-05,4,,80,20,93,21,0.494624,0.479861,0.348875,0.421296,1.200562,0.779932,0.346352
fbcnet,cross_session,sub-022,,ses-03,ses-01,4,,80,20,87,4,0.505747,0.501850,0.439046,0.449789,0.763506,0.560748,0.127343
fbcnet,cross_session,sub-022,,ses-03,ses-02,4,,80,20,100,4,0.490000,0.490000,0.345399,0.445600,0.874385,0.642744,0.282293
fbcnet,cross_session,sub-022,,ses-03,ses-04,4,,80,20,100,4,0.520000,0.520000,0.520000,0.524000,0.717230,0.522034,0.110716
fbcnet,cross_session,sub-022,,ses-03,ses-05,4,,80,20,93,4,0.516129,0.500694,0.359406,0.414352,0.886425,0.648143,0.288303
fbcnet,cross_session,sub-022,,ses-04,ses-01,4,,80,20,87,20,0.482759,0.483879,0.478348,0.459302,0.927391,0.648293,0.222886
fbcnet,cross_session,sub-022,,ses-04,ses-02,4,,80,20,100,20,0.490000,0.490000,0.489949,0.506000,0.828119,0.583156,0.182872
fbcnet,cross_session,sub-022,,ses-04,ses-03,4,,80,20,100,20,0.500000,0.500000,0.365804,0.539200,1.490879,0.837907,0.412451
fbcnet,cross_session,sub-022,,ses-04,ses-05,4,,80,20,93,20,0.505376,0.505556,0.505319,0.495370,0.901230,0.631483,0.217469
fbcnet,cross_session,sub-022,,ses-05,ses-01,4,,74,19,87,2,0.471264,0.472780,0.462675,0.488901,0.721172,0.526236,0.121236
fbcnet,cross_session,sub-022,,ses-05,ses-02,4,,74,19,100,2,0.460000,0.460000,0.459135,0.412800,0.741590,0.546383,0.112674
fbcnet,cross_session,sub-022,,ses-05,ses-03,4,,74,19,100,2,0.520000,0.520000,0.512987,0.569200,0.692928,0.499278,0.125219
fbcnet,cross_session,sub-022,,ses-05,ses-04,4,,74,19,100,2,0.520000,0.520000,0.391172,0.560800,0.762546,0.558893,0.162921
fbcnet,cross_session,sub-023,,ses-01,ses-02,4,,76,20,94,15,0.500000,0.489583,0.333333,0.563406,1.623133,0.888703,0.451114
fbcnet,cross_session,sub-023,,ses-01,ses-03,4,,76,20,99,15,0.484848,0.488776,0.395836,0.597551,1.032716,0.688837,0.327315
fbcnet,cross_session,sub-023,,ses-01,ses-04,4,,76,20,100,15,0.500000,0.500000,0.333333,0.514400,1.799856,0.924133,0.464847
fbcnet,cross_session,sub-023,,ses-01,ses-05,4,,76,20,97,15,0.484536,0.489583,0.326389,0.514031,1.518816,0.875918,0.440346
fbcnet,cross_session,sub-023,,ses-02,ses-01,4,,75,19,96,3,0.583333,0.583333,0.576720,0.626736,0.678298,0.483669,0.074715
fbcnet,cross_session,sub-023,,ses-02,ses-03,4,,75,19,99,3,0.484848,0.482449,0.452683,0.523673,0.718552,0.521904,0.140323
fbcnet,cross_session,sub-023,,ses-02,ses-04,4,,75,19,100,3,0.470000,0.470000,0.465672,0.511600,0.718172,0.523592,0.134595
fbcnet,cross_session,sub-023,,ses-02,ses-05,4,,75,19,97,3,0.525773,0.528274,0.497523,0.552296,0.725251,0.528726,0.140447
fbcnet,cross_session,sub-023,,ses-03,ses-01,4,,79,20,96,28,0.614583,0.614583,0.614207,0.624566,0.821661,0.534495,0.205938
fbcnet,cross_session,sub-023,,ses-03,ses-02,4,,79,20,94,28,0.553191,0.544384,0.454395,0.567482,1.287378,0.737727,0.336233
fbcnet,cross_session,sub-023,,ses-03,ses-04,4,,79,20,100,28,0.460000,0.460000,0.344342,0.502400,1.819913,0.914642,0.465108
fbcnet,cross_session,sub-023,,ses-03,ses-05,4,,79,20,97,28,0.474227,0.478104,0.390238,0.602891,1.278856,0.800693,0.397962
fbcnet,cross_session,sub-023,,ses-04,ses-01,4,,80,20,96,82,0.520833,0.520833,0.468975,0.616319,1.062580,0.668939,0.314300
fbcnet,cross_session,sub-023,,ses-04,ses-02,4,,80,20,94,82,0.510638,0.500906,0.373333,0.495924,1.429527,0.775791,0.363736
fbcnet,cross_session,sub-023,,ses-04,ses-03,4,,80,20,99,82,0.494949,0.499592,0.363426,0.468163,1.742712,0.861189,0.424775
fbcnet,cross_session,sub-023,,ses-04,ses-05,4,,80,20,97,82,0.556701,0.558673,0.540892,0.565901,0.924347,0.612356,0.236452
fbcnet,cross_session,sub-023,,ses-05,ses-01,4,,77,20,96,10,0.510417,0.510417,0.435365,0.562066,1.147304,0.736058,0.347950
fbcnet,cross_session,sub-023,,ses-05,ses-02,4,,77,20,94,10,0.500000,0.495018,0.468159,0.444746,0.831517,0.613783,0.242007
fbcnet,cross_session,sub-023,,ses-05,ses-03,4,,77,20,99,10,0.535354,0.536735,0.527201,0.620408,0.678774,0.485909,0.118295
fbcnet,cross_session,sub-023,,ses-05,ses-04,4,,77,20,100,10,0.540000,0.540000,0.538338,0.553200,0.799490,0.575001,0.180609
fbcnet,cross_session,sub-024,,ses-01,ses-02,4,,59,15,82,2,0.536585,0.500000,0.349206,0.446770,0.911448,0.647381,0.247314
fbcnet,cross_session,sub-024,,ses-01,ses-03,4,,59,15,83,2,0.481928,0.500000,0.325203,0.491860,0.986222,0.721139,0.324323
fbcnet,cross_session,sub-024,,ses-01,ses-04,4,,59,15,98,2,0.530612,0.535417,0.505702,0.529167,0.769409,0.563907,0.211810
fbcnet,cross_session,sub-024,,ses-01,ses-05,4,,59,15,100,2,0.530000,0.530000,0.480031,0.481200,0.761259,0.558935,0.161090
fbcnet,cross_session,sub-024,,ses-02,ses-01,4,,65,17,74,3,0.527027,0.500000,0.345133,0.486447,1.123332,0.755694,0.353235
fbcnet,cross_session,sub-024,,ses-02,ses-03,4,,65,17,83,3,0.481928,0.472965,0.442779,0.456395,0.754914,0.552922,0.142729
fbcnet,cross_session,sub-024,,ses-02,ses-04,4,,65,17,98,3,0.479592,0.488750,0.355513,0.475833,1.167321,0.784246,0.372559
fbcnet,cross_session,sub-024,,ses-02,ses-05,4,,65,17,100,3,0.500000,0.500000,0.333333,0.527200,1.201196,0.805860,0.393026
fbcnet,cross_session,sub-024,,ses-03,ses-01,4,,66,17,74,1,0.472973,0.464835,0.456190,0.455678,0.730291,0.535724,0.142035
fbcnet,cross_session,sub-024,,ses-03,ses-02,4,,66,17,82,1,0.536585,0.501794,0.371774,0.462919,0.787812,0.573333,0.212451
fbcnet,cross_session,sub-024,,ses-03,ses-04,4,,66,17,98,1,0.489796,0.498750,0.375000,0.510417,0.807136,0.597838,0.238851
fbcnet,cross_session,sub-024,,ses-03,ses-05,4,,66,17,100,1,0.520000,0.520000,0.503927,0.491200,0.722931,0.527550,0.091585
fbcnet,cross_session,sub-024,,ses-04,ses-01,4,,78,20,74,1,0.472973,0.500000,0.321101,0.471062,1.278177,0.849114,0.415639
fbcnet,cross_session,sub-024,,ses-04,ses-02,4,,78,20,82,1,0.536585,0.500000,0.349206,0.456938,1.230179,0.777803,0.366610
fbcnet,cross_session,sub-024,,ses-04,ses-03,4,,78,20,83,1,0.481928,0.500000,0.325203,0.457558,1.223087,0.824432,0.398372
fbcnet,cross_session,sub-024,,ses-04,ses-05,4,,78,20,100,1,0.500000,0.500000,0.333333,0.495200,1.219985,0.813593,0.398862
fbcnet,cross_session,sub-024,,ses-05,ses-01,4,,80,20,74,17,0.527027,0.500000,0.345133,0.405861,1.408297,0.814578,0.373467
fbcnet,cross_session,sub-024,,ses-05,ses-02,4,,80,20,82,17,0.597561,0.583732,0.574729,0.612440,0.726125,0.517606,0.140510
fbcnet,cross_session,sub-024,,ses-05,ses-03,4,,80,20,83,17,0.445783,0.446802,0.445703,0.427326,0.867579,0.639378,0.239246
fbcnet,cross_session,sub-024,,ses-05,ses-04,4,,80,20,98,17,0.489796,0.500000,0.328767,0.610833,1.487344,0.881418,0.445028
fbcnet,cross_session,sub-025,,ses-01,ses-02,4,,70,18,92,13,0.489130,0.500000,0.328467,0.589125,0.896707,0.641019,0.282790
fbcnet,cross_session,sub-025,,ses-01,ses-03,4,,70,18,94,13,0.574468,0.572011,0.567418,0.581069,0.726514,0.521717,0.110653
fbcnet,cross_session,sub-025,,ses-01,ses-04,4,,70,18,88,13,0.477273,0.470284,0.418391,0.514212,0.890055,0.634328,0.261497
fbcnet,cross_session,sub-025,,ses-01,ses-05,4,,70,18,100,13,0.490000,0.490000,0.328859,0.486400,1.089536,0.744185,0.346589
fbcnet,cross_session,sub-025,,ses-02,ses-01,4,,73,19,88,15,0.522727,0.511628,0.363636,0.525581,1.114907,0.731322,0.352647
fbcnet,cross_session,sub-025,,ses-02,ses-03,4,,73,19,94,15,0.510638,0.502264,0.415043,0.539402,0.963739,0.658861,0.274906
fbcnet,cross_session,sub-025,,ses-02,ses-04,4,,73,19,88,15,0.500000,0.511111,0.352508,0.542636,1.449756,0.832562,0.402871
fbcnet,cross_session,sub-025,,ses-02,ses-05,4,,73,19,100,15,0.520000,0.520000,0.417193,0.492800,1.039528,0.693772,0.279299
fbcnet,cross_session,sub-025,,ses-03,ses-01,4,,75,19,88,26,0.500000,0.494057,0.459821,0.568475,0.796169,0.571049,0.226647
fbcnet,cross_session,sub-025,,ses-03,ses-02,4,,75,19,92,26,0.597826,0.602128,0.583609,0.659574,0.705629,0.492702,0.139594
fbcnet,cross_session,sub-025,,ses-03,ses-04,4,,75,19,88,26,0.477273,0.486822,0.372208,0.518863,1.504908,0.768158,0.354877
fbcnet,cross_session,sub-025,,ses-03,ses-05,4,,75,19,100,26,0.480000,0.480000,0.472403,0.492400,0.814776,0.595440,0.200528
fbcnet,cross_session,sub-025,,ses-04,ses-01,4,,70,18,88,89,0.522727,0.511628,0.363636,0.560724,1.674204,0.848144,0.415288
fbcnet,cross_session,sub-025,,ses-04,ses-02,4,,70,18,92,89,0.565217,0.556028,0.463869,0.530024,1.030048,0.658798,0.244200
fbcnet,cross_session,sub-025,,ses-04,ses-03,4,,70,18,94,89,0.510638,0.501812,0.402432,0.497736,1.177248,0.740514,0.348757
fbcnet,cross_session,sub-025,,ses-04,ses-05,4,,70,18,100,89,0.560000,0.560000,0.509804,0.544000,0.897573,0.615922,0.243167
fbcnet,cross_session,sub-025,,ses-05,ses-01,4,,80,20,88,1,0.465909,0.468475,0.460264,0.469251,0.736278,0.540623,0.129370
fbcnet,cross_session,sub-025,,ses-05,ses-02,4,,80,20,92,1,0.478261,0.487943,0.356643,0.589598,0.749416,0.547513,0.185615
fbcnet,cross_session,sub-025,,ses-05,ses-03,4,,80,20,94,1,0.489362,0.488225,0.487273,0.450181,0.753740,0.553815,0.156800
fbcnet,cross_session,sub-025,,ses-05,ses-04,4,,80,20,88,1,0.500000,0.496124,0.482906,0.514212,0.792880,0.557279,0.158246
