model,seed,subject,source_session,target_session,direction,status
eegnet,0,sub-001,ses-01,ses-02,ses-01->ses-02,ok
eegnet,1,sub-001,ses-01,ses-02,ses-01->ses-02,ok
eegnet,2,sub-001,ses-01,ses-02,ses-01->ses-02,ok
eegnet,3,sub-001,ses-01,ses-02,ses-01->ses-02,ok
eegnet,4,sub-001,ses-01,ses-02,ses-01->ses-02,ok
deepconvnet,0,sub-001,ses-01,ses-02,ses-01->ses-02,ok
deepconvnet,1,sub-001,ses-01,ses-02,ses-01->ses-02,ok
deepconvnet,2,sub-001,ses-01,ses-02,ses-01->ses-02,ok
deepconvnet,3,sub-001,ses-01,ses-02,ses-01->ses-02,ok
deepconvnet,4,sub-001,ses-01,ses-02,ses-01->ses-02,ok
fbcnet,0,sub-001,ses-01,ses-02,ses-01->ses-02,ok
fbcnet,1,sub-001,ses-01,ses-02,ses-01->ses-02,ok
fbcnet,2,sub-001,ses-01,ses-02,ses-01->ses-02,ok
fbcnet,3,sub-001,ses-01,ses-02,ses-01->ses-02,ok
fbcnet,4,sub-001,ses-01,ses-02,ses-01->ses-02,ok
eegnet,0,sub-001,ses-01,ses-03,ses-01->ses-03,ok
eegnet,1,sub-001,ses-01,ses-03,ses-01->ses-03,ok
eegnet,2,sub-001,ses-01,ses-03,ses-01->ses-03,ok
eegnet,3,sub-001,ses-01,ses-03,ses-01->ses-03,ok
eegnet,4,sub-001,ses-01,ses-03,ses-01->ses-03,ok
deepconvnet,0,sub-001,ses-01,ses-03,ses-01->ses-03,ok
deepconvnet,1,sub-001,ses-01,ses-03,ses-01->ses-03,ok
deepconvnet,2,sub-001,ses-01,ses-03,ses-01->ses-03,ok
deepconvnet,3,sub-001,ses-01,ses-03,ses-01->ses-03,ok
deepconvnet,4,sub-001,ses-01,ses-03,ses-01->ses-03,ok
fbcnet,0,sub-001,ses-01,ses-03,ses-01->ses-03,ok
fbcnet,1,sub-001,ses-01,ses-03,ses-01->ses-03,ok
fbcnet,2,sub-001,ses-01,ses-03,ses-01->ses-03,ok
fbcnet,3,sub-001,ses-01,ses-03,ses-01->ses-03,ok
fbcnet,4,sub-001,ses-01,ses-03,ses-01->ses-03,ok
eegnet,0,sub-001,ses-02,ses-01,ses-02->ses-01,ok
eegnet,1,sub-001,ses-02,ses-01,ses-02->ses-01,ok
eegnet,2,sub-001,ses-02,ses-01,ses-02->ses-01,ok
eegnet,3,sub-001,ses-02,ses-01,ses-02->ses-01,ok
eegnet,4,sub-001,ses-02,ses-01,ses-02->ses-01,ok
deepconvnet,0,sub-001,ses-02,ses-01,ses-02->ses-01,ok
deepconvnet,1,sub-001,ses-02,ses-01,ses-02->ses-01,ok
deepconvnet,2,sub-001,ses-02,ses-01,ses-02->ses-01,ok
deepconvnet,3,sub-001,ses-02,ses-01,ses-02->ses-01,ok
deepconvnet,4,sub-001,ses-02,ses-01,ses-02->ses-01,ok
fbcnet,0,sub-001,ses-02,ses-01,ses-02->ses-01,ok
fbcnet,1,sub-001,ses-02,ses-01,ses-02->ses-01,ok
fbcnet,2,sub-001,ses-02,ses-01,ses-02->ses-01,ok
fbcnet,3,sub-001,ses-02,ses-01,ses-02->ses-01,ok
fbcnet,4,sub-001,ses-02,ses-01,ses-02->ses-01,ok
eegnet,0,sub-001,ses-02,ses-03,ses-02->ses-03,ok
eegnet,1,sub-001,ses-02,ses-03,ses-02->ses-03,ok
eegnet,2,sub-001,ses-02,ses-03,ses-02->ses-03,ok
eegnet,3,sub-001,ses-02,ses-03,ses-02->ses-03,ok
eegnet,4,sub-001,ses-02,ses-03,ses-02->ses-03,ok
deepconvnet,0,sub-001,ses-02,ses-03,ses-02->ses-03,ok
deepconvnet,1,sub-001,ses-02,ses-03,ses-02->ses-03,ok
deepconvnet,2,sub-001,ses-02,ses-03,ses-02->ses-03,ok
deepconvnet,3,sub-001,ses-02,ses-03,ses-02->ses-03,ok
deepconvnet,4,sub-001,ses-02,ses-03,ses-02->ses-03,ok
fbcnet,0,sub-001,ses-02,ses-03,ses-02->ses-03,ok
fbcnet,1,sub-001,ses-02,ses-03,ses-02->ses-03,ok
fbcnet,2,sub-001,ses-02,ses-03,ses-02->ses-03,ok
fbcnet,3,sub-001,ses-02,ses-03,ses-02->ses-03,ok
fbcnet,4,sub-001,ses-02,ses-03,ses-02->ses-03,ok
eegnet,0,sub-001,ses-03,ses-01,ses-03->ses-01,ok
eegnet,1,sub-001,ses-03,ses-01,ses-03->ses-01,ok
eegnet,2,sub-001,ses-03,ses-01,ses-03->ses-01,ok
eegnet,3,sub-001,ses-03,ses-01,ses-03->ses-01,ok
eegnet,4,sub-001,ses-03,ses-01,ses-03->ses-01,ok
deepconvnet,0,sub-001,ses-03,ses-01,ses-03->ses-01,ok
deepconvnet,1,sub-001,ses-03,ses-01,ses-03->ses-01,ok
deepconvnet,2,sub-001,ses-03,ses-01,ses-03->ses-01,ok
deepconvnet,3,sub-001,ses-03,ses-01,ses-03->ses-01,ok
deepconvnet,4,sub-001,ses-03,ses-01,ses-03->ses-01,ok
fbcnet,0,sub-001,ses-03,ses-01,ses-03->ses-01,ok
fbcnet,1,sub-001,ses-03,ses-01,ses-03->ses-01,ok
fbcnet,2,sub-001,ses-03,ses-01,ses-03->ses-01,ok
fbcnet,3,sub-001,ses-03,ses-01,ses-03->ses-01,ok
fbcnet,4,sub-001,ses-03,ses-01,ses-03->ses-01,ok
eegnet,0,sub-001,ses-03,ses-02,ses-03->ses-02,ok
eegnet,1,sub-001,ses-03,ses-02,ses-03->ses-02,ok
eegnet,2,sub-001,ses-03,ses-02,ses-03->ses-02,ok
eegnet,3,sub-001,ses-03,ses-02,ses-03->ses-02,ok
eegnet,4,sub-001,ses-03,ses-02,ses-03->ses-02,ok
deepconvnet,0,sub-001,ses-03,ses-02,ses-03->ses-02,ok
deepconvnet,1,sub-001,ses-03,ses-02,ses-03->ses-02,ok
deepconvnet,2,sub-001,ses-03,ses-02,ses-03->ses-02,ok
deepconvnet,3,sub-001,ses-03,ses-02,ses-03->ses-02,ok
deepconvnet,4,sub-001,ses-03,ses-02,ses-03->ses-02,ok
fbcnet,0,sub-001,ses-03,ses-02,ses-03->ses-02,ok
fbcnet,1,sub-001,ses-03,ses-02,ses-03->ses-02,ok
fbcnet,2,sub-001,ses-03,ses-02,ses-03->ses-02,ok
fbcnet,3,sub-001,ses-03,ses-02,ses-03->ses-02,ok
fbcnet,4,sub-001,ses-03,ses-02,ses-03->ses-02,ok
eegnet,0,sub-002,ses-01,ses-02,ses-01->ses-02,ok
eegnet,1,sub-002,ses-01,ses-02,ses-01->ses-02,ok
eegnet,2,sub-002,ses-01,ses-02,ses-01->ses-02,ok
eegnet,3,sub-002,ses-01,ses-02,ses-01->ses-02,ok
eegnet,4,sub-002,ses-01,ses-02,ses-01->ses-02,ok
deepconvnet,0,sub-002,ses-01,ses-02,ses-01->ses-02,ok
deepconvnet,1,sub-002,ses-01,ses-02,ses-01->ses-02,ok
deepconvnet,2,sub-002,ses-01,ses-02,ses-01->ses-02,ok
deepconvnet,3,sub-002,ses-01,ses-02,ses-01->ses-02,ok
deepconvnet,4,sub-002,ses-01,ses-02,ses-01->ses-02,ok
fbcnet,0,sub-002,ses-01,ses-02,ses-01->ses-02,ok
fbcnet,1,sub-002,ses-01,ses-02,ses-01->ses-02,ok
fbcnet,2,sub-002,ses-01,ses-02,ses-01->ses-02,ok
fbcnet,3,sub-002,ses-01,ses-02,ses-01->ses-02,ok
fbcnet,4,sub-002,ses-01,ses-02,ses-01->ses-02,ok
eegnet,0,sub-002,ses-01,ses-03,ses-01->ses-03,ok
eegnet,1,sub-002,ses-01,ses-03,ses-01->ses-03,ok
eegnet,2,sub-002,ses-01,ses-03,ses-01->ses-03,ok
eegnet,3,sub-002,ses-01,ses-03,ses-01->ses-03,ok
eegnet,4,sub-002,ses-01,ses-03,ses-01->ses-03,ok
deepconvnet,0,sub-002,ses-01,ses-03,ses-01->ses-03,ok
deepconvnet,1,sub-002,ses-01,ses-03,ses-01->ses-03,ok
deepconvnet,2,sub-002,ses-01,ses-03,ses-01->ses-03,ok
deepconvnet,3,sub-002,ses-01,ses-03,ses-01->ses-03,ok
deepconvnet,4,sub-002,ses-01,ses-03,ses-01->ses-03,ok
fbcnet,0,sub-002,ses-01,ses-03,ses-01->ses-03,ok
fbcnet,1,sub-002,ses-01,ses-03,ses-01->ses-03,ok
fbcnet,2,sub-002,ses-01,ses-03,ses-01->ses-03,ok
fbcnet,3,sub-002,ses-01,ses-03,ses-01->ses-03,ok
fbcnet,4,sub-002,ses-01,ses-03,ses-01->ses-03,ok
eegnet,0,sub-002,ses-02,ses-01,ses-02->ses-01,ok
eegnet,1,sub-002,ses-02,ses-01,ses-02->ses-01,ok
eegnet,2,sub-002,ses-02,ses-01,ses-02->ses-01,ok
eegnet,3,sub-002,ses-02,ses-01,ses-02->ses-01,ok
eegnet,4,sub-002,ses-02,ses-01,ses-02->ses-01,ok
deepconvnet,0,sub-002,ses-02,ses-01,ses-02->ses-01,ok
deepconvnet,1,sub-002,ses-02,ses-01,ses-02->ses-01,ok
deepconvnet,2,sub-002,ses-02,ses-01,ses-02->ses-01,ok
deepconvnet,3,sub-002,ses-02,ses-01,ses-02->ses-01,ok
deepconvnet,4,sub-002,ses-02,ses-01,ses-02->ses-01,ok
fbcnet,0,sub-002,ses-02,ses-01,ses-02->ses-01,ok
fbcnet,1,sub-002,ses-02,ses-01,ses-02->ses-01,ok
fbcnet,2,sub-002,ses-02,ses-01,ses-02->ses-01,ok
fbcnet,3,sub-002,ses-02,ses-01,ses-02->ses-01,ok
fbcnet,4,sub-002,ses-02,ses-01,ses-02->ses-01,ok
eegnet,0,sub-002,ses-02,ses-03,ses-02->ses-03,ok
eegnet,1,sub-002,ses-02,ses-03,ses-02->ses-03,ok
eegnet,2,sub-002,ses-02,ses-03,ses-02->ses-03,ok
eegnet,3,sub-002,ses-02,ses-03,ses-02->ses-03,ok
eegnet,4,sub-002,ses-02,ses-03,ses-02->ses-03,ok
deepconvnet,0,sub-002,ses-02,ses-03,ses-02->ses-03,ok
deepconvnet,1,sub-002,ses-02,ses-03,ses-02->ses-03,ok
deepconvnet,2,sub-002,ses-02,ses-03,ses-02->ses-03,ok
deepconvnet,3,sub-002,ses-02,ses-03,ses-02->ses-03,ok
deepconvnet,4,sub-002,ses-02,ses-03,ses-02->ses-03,ok
fbcnet,0,sub-002,ses-02,ses-03,ses-02->ses-03,ok
fbcnet,1,sub-002,ses-02,ses-03,ses-02->ses-03,ok
fbcnet,2,sub-002,ses-02,ses-03,ses-02->ses-03,ok
fbcnet,3,sub-002,ses-02,ses-03,ses-02->ses-03,ok
fbcnet,4,sub-002,ses-02,ses-03,ses-02->ses-03,ok
eegnet,0,sub-002,ses-03,ses-01,ses-03->ses-01,ok
eegnet,1,sub-002,ses-03,ses-01,ses-03->ses-01,ok
eegnet,2,sub-002,ses-03,ses-01,ses-03->ses-01,ok
eegnet,3,sub-002,ses-03,ses-01,ses-03->ses-01,ok
eegnet,4,sub-002,ses-03,ses-01,ses-03->ses-01,ok
deepconvnet,0,sub-002,ses-03,ses-01,ses-03->ses-01,ok
deepconvnet,1,sub-002,ses-03,ses-01,ses-03->ses-01,ok
deepconvnet,2,sub-002,ses-03,ses-01,ses-03->ses-01,ok
deepconvnet,3,sub-002,ses-03,ses-01,ses-03->ses-01,ok
deepconvnet,4,sub-002,ses-03,ses-01,ses-03->ses-01,ok
fbcnet,0,sub-002,ses-03,ses-01,ses-03->ses-01,ok
fbcnet,1,sub-002,ses-03,ses-01,ses-03->ses-01,ok
fbcnet,2,sub-002,ses-03,ses-01,ses-03->ses-01,ok
fbcnet,3,sub-002,ses-03,ses-01,ses-03->ses-01,ok
fbcnet,4,sub-002,ses-03,ses-01,ses-03->ses-01,ok
eegnet,0,sub-002,ses-03,ses-02,ses-03->ses-02,ok
eegnet,1,sub-002,ses-03,ses-02,ses-03->ses-02,ok
eegnet,2,sub-002,ses-03,ses-02,ses-03->ses-02,ok
eegnet,3,sub-002,ses-03,ses-02,ses-03->ses-02,ok
eegnet,4,sub-002,ses-03,ses-02,ses-03->ses-02,ok
deepconvnet,0,sub-002,ses-03,ses-02,ses-03->ses-02,ok
deepconvnet,1,sub-002,ses-03,ses-02,ses-03->ses-02,ok
deepconvnet,2,sub-002,ses-03,ses-02,ses-03->ses-02,ok
deepconvnet,3,sub-002,ses-03,ses-02,ses-03->ses-02,ok
deepconvnet,4,sub-002,ses-03,ses-02,ses-03->ses-02,ok
fbcnet,0,sub-002,ses-03,ses-02,ses-03->ses-02,ok
fbcnet,1,sub-002,ses-03,ses-02,ses-03->ses-02,ok
fbcnet,2,sub-002,ses-03,ses-02,ses-03->ses-02,ok
fbcnet,3,sub-002,ses-03,ses-02,ses-03->ses-02,ok
fbcnet,4,sub-002,ses-03,ses-02,ses-03->ses-02,ok
eegnet,0,sub-003,ses-01,ses-02,ses-01->ses-02,ok
eegnet,1,sub-003,ses-01,ses-02,ses-01->ses-02,ok
eegnet,2,sub-003,ses-01,ses-02,ses-01->ses-02,ok
eegnet,3,sub-003,ses-01,ses-02,ses-01->ses-02,ok
eegnet,4,sub-003,ses-01,ses-02,ses-01->ses-02,ok
deepconvnet,0,sub-003,ses-01,ses-02,ses-01->ses-02,ok
deepconvnet,1,sub-003,ses-01,ses-02,ses-01->ses-02,ok
deepconvnet,2,sub-003,ses-01,ses-02,ses-01->ses-02,ok
deepconvnet,3,sub-003,ses-01,ses-02,ses-01->ses-02,ok
deepconvnet,4,sub-003,ses-01,ses-02,ses-01->ses-02,ok
fbcnet,0,sub-003,ses-01,ses-02,ses-01->ses-02,ok
fbcnet,1,sub-003,ses-01,ses-02,ses-01->ses-02,ok
fbcnet,2,sub-003,ses-01,ses-02,ses-01->ses-02,ok
fbcnet,3,sub-003,ses-01,ses-02,ses-01->ses-02,ok
fbcnet,4,sub-003,ses-01,ses-02,ses-01->ses-02,ok
eegnet,0,sub-003,ses-01,ses-03,ses-01->ses-03,ok
eegnet,1,sub-003,ses-01,ses-03,ses-01->ses-03,ok
eegnet,2,sub-003,ses-01,ses-03,ses-01->ses-03,ok
eegnet,3,sub-003,ses-01,ses-03,ses-01->ses-03,ok
eegnet,4,sub-003,ses-01,ses-03,ses-01->ses-03,ok
deepconvnet,0,sub-003,ses-01,ses-03,ses-01->ses-03,ok
deepconvnet,1,sub-003,ses-01,ses-03,ses-01->ses-03,ok
deepconvnet,2,sub-003,ses-01,ses-03,ses-01->ses-03,ok
deepconvnet,3,sub-003,ses-01,ses-03,ses-01->ses-03,ok
deepconvnet,4,sub-003,ses-01,ses-03,ses-01->ses-03,ok
fbcnet,0,sub-003,ses-01,ses-03,ses-01->ses-03,ok
fbcnet,1,sub-003,ses-01,ses-03,ses-01->ses-03,ok
fbcnet,2,sub-003,ses-01,ses-03,ses-01->ses-03,ok
fbcnet,3,sub-003,ses-01,ses-03,ses-01->ses-03,ok
fbcnet,4,sub-003,ses-01,ses-03,ses-01->ses-03,ok
eegnet,0,sub-003,ses-02,ses-01,ses-02->ses-01,ok
eegnet,1,sub-003,ses-02,ses-01,ses-02->ses-01,ok
eegnet,2,sub-003,ses-02,ses-01,ses-02->ses-01,ok
eegnet,3,sub-003,ses-02,ses-01,ses-02->ses-01,ok
eegnet,4,sub-003,ses-02,ses-01,ses-02->ses-01,ok
deepconvnet,0,sub-003,ses-02,ses-01,ses-02->ses-01,ok
deepconvnet,1,sub-003,ses-02,ses-01,ses-02->ses-01,ok
deepconvnet,2,sub-003,ses-02,ses-01,ses-02->ses-01,ok
deepconvnet,3,sub-003,ses-02,ses-01,ses-02->ses-01,ok
deepconvnet,4,sub-003,ses-02,ses-01,ses-02->ses-01,ok
fbcnet,0,sub-003,ses-02,ses-01,ses-02->ses-01,ok
fbcnet,1,sub-003,ses-02,ses-01,ses-02->ses-01,ok
fbcnet,2,sub-003,ses-02,ses-01,ses-02->ses-01,ok
fbcnet,3,sub-003,ses-02,ses-01,ses-02->ses-01,ok
fbcnet,4,sub-003,ses-02,ses-01,ses-02->ses-01,ok
eegnet,0,sub-003,ses-02,ses-03,ses-02->ses-03,ok
eegnet,1,sub-003,ses-02,ses-03,ses-02->ses-03,ok
eegnet,2,sub-003,ses-02,ses-03,ses-02->ses-03,ok
eegnet,3,sub-003,ses-02,ses-03,ses-02->ses-03,ok
eegnet,4,sub-003,ses-02,ses-03,ses-02->ses-03,ok
deepconvnet,0,sub-003,ses-02,ses-03,ses-02->ses-03,ok
deepconvnet,1,sub-003,ses-02,ses-03,ses-02->ses-03,ok
deepconvnet,2,sub-003,ses-02,ses-03,ses-02->ses-03,ok
deepconvnet,3,sub-003,ses-02,ses-03,ses-02->ses-03,ok
deepconvnet,4,sub-003,ses-02,ses-03,ses-02->ses-03,ok
fbcnet,0,sub-003,ses-02,ses-03,ses-02->ses-03,ok
fbcnet,1,sub-003,ses-02,ses-03,ses-02->ses-03,ok
fbcnet,2,sub-003,ses-02,ses-03,ses-02->ses-03,ok
fbcnet,3,sub-003,ses-02,ses-03,ses-02->ses-03,ok
fbcnet,4,sub-003,ses-02,ses-03,ses-02->ses-03,ok
eegnet,0,sub-003,ses-03,ses-01,ses-03->ses-01,ok
eegnet,1,sub-003,ses-03,ses-01,ses-03->ses-01,ok
eegnet,2,sub-003,ses-03,ses-01,ses-03->ses-01,ok
eegnet,3,sub-003,ses-03,ses-01,ses-03->ses-01,ok
eegnet,4,sub-003,ses-03,ses-01,ses-03->ses-01,ok
deepconvnet,0,sub-003,ses-03,ses-01,ses-03->ses-01,ok
deepconvnet,1,sub-003,ses-03,ses-01,ses-03->ses-01,ok
deepconvnet,2,sub-003,ses-03,ses-01,ses-03->ses-01,ok
deepconvnet,3,sub-003,ses-03,ses-01,ses-03->ses-01,ok
deepconvnet,4,sub-003,ses-03,ses-01,ses-03->ses-01,ok
fbcnet,0,sub-003,ses-03,ses-01,ses-03->ses-01,ok
fbcnet,1,sub-003,ses-03,ses-01,ses-03->ses-01,ok
fbcnet,2,sub-003,ses-03,ses-01,ses-03->ses-01,ok
fbcnet,3,sub-003,ses-03,ses-01,ses-03->ses-01,ok
fbcnet,4,sub-003,ses-03,ses-01,ses-03->ses-01,ok
eegnet,0,sub-003,ses-03,ses-02,ses-03->ses-02,ok
eegnet,1,sub-003,ses-03,ses-02,ses-03->ses-02,ok
eegnet,2,sub-003,ses-03,ses-02,ses-03->ses-02,ok
eegnet,3,sub-003,ses-03,ses-02,ses-03->ses-02,ok
eegnet,4,sub-003,ses-03,ses-02,ses-03->ses-02,ok
deepconvnet,0,sub-003,ses-03,ses-02,ses-03->ses-02,ok
deepconvnet,1,sub-003,ses-03,ses-02,ses-03->ses-02,ok
deepconvnet,2,sub-003,ses-03,ses-02,ses-03->ses-02,ok
deepconvnet,3,sub-003,ses-03,ses-02,ses-03->ses-02,ok
deepconvnet,4,sub-003,ses-03,ses-02,ses-03->ses-02,ok
fbcnet,0,sub-003,ses-03,ses-02,ses-03->ses-02,ok
fbcnet,1,sub-003,ses-03,ses-02,ses-03->ses-02,ok
fbcnet,2,sub-003,ses-03,ses-02,ses-03->ses-02,ok
fbcnet,3,sub-003,ses-03,ses-02,ses-03->ses-02,ok
fbcnet,4,sub-003,ses-03,ses-02,ses-03->ses-02,ok
eegnet,0,sub-004,ses-01,ses-02,ses-01->ses-02,ok
eegnet,1,sub-004,ses-01,ses-02,ses-01->ses-02,ok
eegnet,2,sub-004,ses-01,ses-02,ses-01->ses-02,ok
eegnet,3,sub-004,ses-01,ses-02,ses-01->ses-02,ok
eegnet,4,sub-004,ses-01,ses-02,ses-01->ses-02,ok
deepconvnet,0,sub-004,ses-01,ses-02,ses-01->ses-02,ok
deepconvnet,1,sub-004,ses-01,ses-02,ses-01->ses-02,ok
deepconvnet,2,sub-004,ses-01,ses-02,ses-01->ses-02,ok
deepconvnet,3,sub-004,ses-01,ses-02,ses-01->ses-02,ok
deepconvnet,4,sub-004,ses-01,ses-02,ses-01->ses-02,ok
fbcnet,0,sub-004,ses-01,ses-02,ses-01->ses-02,ok
fbcnet,1,sub-004,ses-01,ses-02,ses-01->ses-02,ok
fbcnet,2,sub-004,ses-01,ses-02,ses-01->ses-02,ok
fbcnet,3,sub-004,ses-01,ses-02,ses-01->ses-02,ok
fbcnet,4,sub-004,ses-01,ses-02,ses-01->ses-02,ok
eegnet,0,sub-004,ses-01,ses-03,ses-01->ses-03,ok
eegnet,1,sub-004,ses-01,ses-03,ses-01->ses-03,ok
eegnet,2,sub-004,ses-01,ses-03,ses-01->ses-03,ok
eegnet,3,sub-004,ses-01,ses-03,ses-01->ses-03,ok
eegnet,4,sub-004,ses-01,ses-03,ses-01->ses-03,ok
deepconvnet,0,sub-004,ses-01,ses-03,ses-01->ses-03,ok
deepconvnet,1,sub-004,ses-01,ses-03,ses-01->ses-03,ok
deepconvnet,2,sub-004,ses-01,ses-03,ses-01->ses-03,ok
deepconvnet,3,sub-004,ses-01,ses-03,ses-01->ses-03,ok
deepconvnet,4,sub-004,ses-01,ses-03,ses-01->ses-03,ok
fbcnet,0,sub-004,ses-01,ses-03,ses-01->ses-03,ok
fbcnet,1,sub-004,ses-01,ses-03,ses-01->ses-03,ok
fbcnet,2,sub-004,ses-01,ses-03,ses-01->ses-03,ok
fbcnet,3,sub-004,ses-01,ses-03,ses-01->ses-03,ok
fbcnet,4,sub-004,ses-01,ses-03,ses-01->ses-03,ok
eegnet,0,sub-004,ses-02,ses-01,ses-02->ses-01,ok
eegnet,1,sub-004,ses-02,ses-01,ses-02->ses-01,ok
eegnet,2,sub-004,ses-02,ses-01,ses-02->ses-01,ok
eegnet,3,sub-004,ses-02,ses-01,ses-02->ses-01,ok
eegnet,4,sub-004,ses-02,ses-01,ses-02->ses-01,ok
deepconvnet,0,sub-004,ses-02,ses-01,ses-02->ses-01,ok
deepconvnet,1,sub-004,ses-02,ses-01,ses-02->ses-01,ok
deepconvnet,2,sub-004,ses-02,ses-01,ses-02->ses-01,ok
deepconvnet,3,sub-004,ses-02,ses-01,ses-02->ses-01,ok
deepconvnet,4,sub-004,ses-02,ses-01,ses-02->ses-01,ok
fbcnet,0,sub-004,ses-02,ses-01,ses-02->ses-01,ok
fbcnet,1,sub-004,ses-02,ses-01,ses-02->ses-01,ok
fbcnet,2,sub-004,ses-02,ses-01,ses-02->ses-01,ok
fbcnet,3,sub-004,ses-02,ses-01,ses-02->ses-01,ok
fbcnet,4,sub-004,ses-02,ses-01,ses-02->ses-01,ok
eegnet,0,sub-004,ses-02,ses-03,ses-02->ses-03,ok
eegnet,1,sub-004,ses-02,ses-03,ses-02->ses-03,ok
eegnet,2,sub-004,ses-02,ses-03,ses-02->ses-03,ok
eegnet,3,sub-004,ses-02,ses-03,ses-02->ses-03,ok
eegnet,4,sub-004,ses-02,ses-03,ses-02->ses-03,ok
deepconvnet,0,sub-004,ses-02,ses-03,ses-02->ses-03,ok
deepconvnet,1,sub-004,ses-02,ses-03,ses-02->ses-03,ok
deepconvnet,2,sub-004,ses-02,ses-03,ses-02->ses-03,ok
deepconvnet,3,sub-004,ses-02,ses-03,ses-02->ses-03,ok
deepconvnet,4,sub-004,ses-02,ses-03,ses-02->ses-03,ok
fbcnet,0,sub-004,ses-02,ses-03,ses-02->ses-03,ok
fbcnet,1,sub-004,ses-02,ses-03,ses-02->ses-03,ok
fbcnet,2,sub-004,ses-02,ses-03,ses-02->ses-03,ok
fbcnet,3,sub-004,ses-02,ses-03,ses-02->ses-03,ok
fbcnet,4,sub-004,ses-02,ses-03,ses-02->ses-03,ok
eegnet,0,sub-004,ses-03,ses-01,ses-03->ses-01,ok
eegnet,1,sub-004,ses-03,ses-01,ses-03->ses-01,ok
eegnet,2,sub-004,ses-03,ses-01,ses-03->ses-01,ok
eegnet,3,sub-004,ses-03,ses-01,ses-03->ses-01,ok
eegnet,4,sub-004,ses-03,ses-01,ses-03->ses-01,ok
deepconvnet,0,sub-004,ses-03,ses-01,ses-03->ses-01,ok
deepconvnet,1,sub-004,ses-03,ses-01,ses-03->ses-01,ok
deepconvnet,2,sub-004,ses-03,ses-01,ses-03->ses-01,ok
deepconvnet,3,sub-004,ses-03,ses-01,ses-03->ses-01,ok
deepconvnet,4,sub-004,ses-03,ses-01,ses-03->ses-01,ok
fbcnet,0,sub-004,ses-03,ses-01,ses-03->ses-01,ok
fbcnet,1,sub-004,ses-03,ses-01,ses-03->ses-01,ok
fbcnet,2,sub-004,ses-03,ses-01,ses-03->ses-01,ok
fbcnet,3,sub-004,ses-03,ses-01,ses-03->ses-01,ok
fbcnet,4,sub-004,ses-03,ses-01,ses-03->ses-01,ok
eegnet,0,sub-004,ses-03,ses-02,ses-03->ses-02,ok
eegnet,1,sub-004,ses-03,ses-02,ses-03->ses-02,ok
eegnet,2,sub-004,ses-03,ses-02,ses-03->ses-02,ok
eegnet,3,sub-004,ses-03,ses-02,ses-03->ses-02,ok
eegnet,4,sub-004,ses-03,ses-02,ses-03->ses-02,ok
deepconvnet,0,sub-004,ses-03,ses-02,ses-03->ses-02,ok
deepconvnet,1,sub-004,ses-03,ses-02,ses-03->ses-02,ok
deepconvnet,2,sub-004,ses-03,ses-02,ses-03->ses-02,ok
deepconvnet,3,sub-004,ses-03,ses-02,ses-03->ses-02,ok
deepconvnet,4,sub-004,ses-03,ses-02,ses-03->ses-02,ok
fbcnet,0,sub-004,ses-03,ses-02,ses-03->ses-02,ok
fbcnet,1,sub-004,ses-03,ses-02,ses-03->ses-02,ok
fbcnet,2,sub-004,ses-03,ses-02,ses-03->ses-02,ok
fbcnet,3,sub-004,ses-03,ses-02,ses-03->ses-02,ok
fbcnet,4,sub-004,ses-03,ses-02,ses-03->ses-02,ok
eegnet,0,sub-005,ses-01,ses-02,ses-01->ses-02,ok
eegnet,1,sub-005,ses-01,ses-02,ses-01->ses-02,ok
eegnet,2,sub-005,ses-01,ses-02,ses-01->ses-02,ok
eegnet,3,sub-005,ses-01,ses-02,ses-01->ses-02,ok
eegnet,4,sub-005,ses-01,ses-02,ses-01->ses-02,ok
deepconvnet,0,sub-005,ses-01,ses-02,ses-01->ses-02,ok
deepconvnet,1,sub-005,ses-01,ses-02,ses-01->ses-02,ok
deepconvnet,2,sub-005,ses-01,ses-02,ses-01->ses-02,ok
deepconvnet,3,sub-005,ses-01,ses-02,ses-01->ses-02,ok
deepconvnet,4,sub-005,ses-01,ses-02,ses-01->ses-02,ok
fbcnet,0,sub-005,ses-01,ses-02,ses-01->ses-02,ok
fbcnet,1,sub-005,ses-01,ses-02,ses-01->ses-02,ok
fbcnet,2,sub-005,ses-01,ses-02,ses-01->ses-02,ok
fbcnet,3,sub-005,ses-01,ses-02,ses-01->ses-02,ok
fbcnet,4,sub-005,ses-01,ses-02,ses-01->ses-02,ok
eegnet,0,sub-005,ses-01,ses-03,ses-01->ses-03,ok
eegnet,1,sub-005,ses-01,ses-03,ses-01->ses-03,ok
eegnet,2,sub-005,ses-01,ses-03,ses-01->ses-03,ok
eegnet,3,sub-005,ses-01,ses-03,ses-01->ses-03,ok
eegnet,4,sub-005,ses-01,ses-03,ses-01->ses-03,ok
deepconvnet,0,sub-005,ses-01,ses-03,ses-01->ses-03,ok
deepconvnet,1,sub-005,ses-01,ses-03,ses-01->ses-03,ok
deepconvnet,2,sub-005,ses-01,ses-03,ses-01->ses-03,ok
deepconvnet,3,sub-005,ses-01,ses-03,ses-01->ses-03,ok
deepconvnet,4,sub-005,ses-01,ses-03,ses-01->ses-03,ok
fbcnet,0,sub-005,ses-01,ses-03,ses-01->ses-03,ok
fbcnet,1,sub-005,ses-01,ses-03,ses-01->ses-03,ok
fbcnet,2,sub-005,ses-01,ses-03,ses-01->ses-03,ok
fbcnet,3,sub-005,ses-01,ses-03,ses-01->ses-03,ok
fbcnet,4,sub-005,ses-01,ses-03,ses-01->ses-03,ok
eegnet,0,sub-005,ses-02,ses-01,ses-02->ses-01,ok
eegnet,1,sub-005,ses-02,ses-01,ses-02->ses-01,ok
eegnet,2,sub-005,ses-02,ses-01,ses-02->ses-01,ok
eegnet,3,sub-005,ses-02,ses-01,ses-02->ses-01,ok
eegnet,4,sub-005,ses-02,ses-01,ses-02->ses-01,ok
deepconvnet,0,sub-005,ses-02,ses-01,ses-02->ses-01,ok
deepconvnet,1,sub-005,ses-02,ses-01,ses-02->ses-01,ok
deepconvnet,2,sub-005,ses-02,ses-01,ses-02->ses-01,ok
deepconvnet,3,sub-005,ses-02,ses-01,ses-02->ses-01,ok
deepconvnet,4,sub-005,ses-02,ses-01,ses-02->ses-01,ok
fbcnet,0,sub-005,ses-02,ses-01,ses-02->ses-01,ok
fbcnet,1,sub-005,ses-02,ses-01,ses-02->ses-01,ok
fbcnet,2,sub-005,ses-02,ses-01,ses-02->ses-01,ok
fbcnet,3,sub-005,ses-02,ses-01,ses-02->ses-01,ok
fbcnet,4,sub-005,ses-02,ses-01,ses-02->ses-01,ok
eegnet,0,sub-005,ses-02,ses-03,ses-02->ses-03,ok
eegnet,1,sub-005,ses-02,ses-03,ses-02->ses-03,ok
eegnet,2,sub-005,ses-02,ses-03,ses-02->ses-03,ok
eegnet,3,sub-005,ses-02,ses-03,ses-02->ses-03,ok
eegnet,4,sub-005,ses-02,ses-03,ses-02->ses-03,ok
deepconvnet,0,sub-005,ses-02,ses-03,ses-02->ses-03,ok
deepconvnet,1,sub-005,ses-02,ses-03,ses-02->ses-03,ok
deepconvnet,2,sub-005,ses-02,ses-03,ses-02->ses-03,ok
deepconvnet,3,sub-005,ses-02,ses-03,ses-02->ses-03,ok
deepconvnet,4,sub-005,ses-02,ses-03,ses-02->ses-03,ok
fbcnet,0,sub-005,ses-02,ses-03,ses-02->ses-03,ok
fbcnet,1,sub-005,ses-02,ses-03,ses-02->ses-03,ok
fbcnet,2,sub-005,ses-02,ses-03,ses-02->ses-03,ok
fbcnet,3,sub-005,ses-02,ses-03,ses-02->ses-03,ok
fbcnet,4,sub-005,ses-02,ses-03,ses-02->ses-03,ok
eegnet,0,sub-005,ses-03,ses-01,ses-03->ses-01,ok
eegnet,1,sub-005,ses-03,ses-01,ses-03->ses-01,ok
eegnet,2,sub-005,ses-03,ses-01,ses-03->ses-01,ok
eegnet,3,sub-005,ses-03,ses-01,ses-03->ses-01,ok
eegnet,4,sub-005,ses-03,ses-01,ses-03->ses-01,ok
deepconvnet,0,sub-005,ses-03,ses-01,ses-03->ses-01,ok
deepconvnet,1,sub-005,ses-03,ses-01,ses-03->ses-01,ok
deepconvnet,2,sub-005,ses-03,ses-01,ses-03->ses-01,ok
deepconvnet,3,sub-005,ses-03,ses-01,ses-03->ses-01,ok
deepconvnet,4,sub-005,ses-03,ses-01,ses-03->ses-01,ok
fbcnet,0,sub-005,ses-03,ses-01,ses-03->ses-01,ok
fbcnet,1,sub-005,ses-03,ses-01,ses-03->ses-01,ok
fbcnet,2,sub-005,ses-03,ses-01,ses-03->ses-01,ok
fbcnet,3,sub-005,ses-03,ses-01,ses-03->ses-01,ok
fbcnet,4,sub-005,ses-03,ses-01,ses-03->ses-01,ok
eegnet,0,sub-005,ses-03,ses-02,ses-03->ses-02,ok
eegnet,1,sub-005,ses-03,ses-02,ses-03->ses-02,ok
eegnet,2,sub-005,ses-03,ses-02,ses-03->ses-02,ok
eegnet,3,sub-005,ses-03,ses-02,ses-03->ses-02,ok
eegnet,4,sub-005,ses-03,ses-02,ses-03->ses-02,ok
deepconvnet,0,sub-005,ses-03,ses-02,ses-03->ses-02,ok
deepconvnet,1,sub-005,ses-03,ses-02,ses-03->ses-02,ok
deepconvnet,2,sub-005,ses-03,ses-02,ses-03->ses-02,ok
deepconvnet,3,sub-005,ses-03,ses-02,ses-03->ses-02,ok
deepconvnet,4,sub-005,ses-03,ses-02,ses-03->ses-02,ok
fbcnet,0,sub-005,ses-03,ses-02,ses-03->ses-02,ok
fbcnet,1,sub-005,ses-03,ses-02,ses-03->ses-02,ok
fbcnet,2,sub-005,ses-03,ses-02,ses-03->ses-02,ok
fbcnet,3,sub-005,ses-03,ses-02,ses-03->ses-02,ok
fbcnet,4,sub-005,ses-03,ses-02,ses-03->ses-02,ok
eegnet,0,sub-006,ses-01,ses-02,ses-01->ses-02,ok
eegnet,1,sub-006,ses-01,ses-02,ses-01->ses-02,ok
eegnet,2,sub-006,ses-01,ses-02,ses-01->ses-02,ok
eegnet,3,sub-006,ses-01,ses-02,ses-01->ses-02,ok
eegnet,4,sub-006,ses-01,ses-02,ses-01->ses-02,ok
deepconvnet,0,sub-006,ses-01,ses-02,ses-01->ses-02,ok
deepconvnet,1,sub-006,ses-01,ses-02,ses-01->ses-02,ok
deepconvnet,2,sub-006,ses-01,ses-02,ses-01->ses-02,ok
deepconvnet,3,sub-006,ses-01,ses-02,ses-01->ses-02,ok
deepconvnet,4,sub-006,ses-01,ses-02,ses-01->ses-02,ok
fbcnet,0,sub-006,ses-01,ses-02,ses-01->ses-02,ok
fbcnet,1,sub-006,ses-01,ses-02,ses-01->ses-02,ok
fbcnet,2,sub-006,ses-01,ses-02,ses-01->ses-02,ok
fbcnet,3,sub-006,ses-01,ses-02,ses-01->ses-02,ok
fbcnet,4,sub-006,ses-01,ses-02,ses-01->ses-02,ok
eegnet,0,sub-006,ses-01,ses-03,ses-01->ses-03,ok
eegnet,1,sub-006,ses-01,ses-03,ses-01->ses-03,ok
eegnet,2,sub-006,ses-01,ses-03,ses-01->ses-03,ok
eegnet,3,sub-006,ses-01,ses-03,ses-01->ses-03,ok
eegnet,4,sub-006,ses-01,ses-03,ses-01->ses-03,ok
deepconvnet,0,sub-006,ses-01,ses-03,ses-01->ses-03,ok
deepconvnet,1,sub-006,ses-01,ses-03,ses-01->ses-03,ok
deepconvnet,2,sub-006,ses-01,ses-03,ses-01->ses-03,ok
deepconvnet,3,sub-006,ses-01,ses-03,ses-01->ses-03,ok
deepconvnet,4,sub-006,ses-01,ses-03,ses-01->ses-03,ok
fbcnet,0,sub-006,ses-01,ses-03,ses-01->ses-03,ok
fbcnet,1,sub-006,ses-01,ses-03,ses-01->ses-03,ok
fbcnet,2,sub-006,ses-01,ses-03,ses-01->ses-03,ok
fbcnet,3,sub-006,ses-01,ses-03,ses-01->ses-03,ok
fbcnet,4,sub-006,ses-01,ses-03,ses-01->ses-03,ok
eegnet,0,sub-006,ses-02,ses-01,ses-02->ses-01,ok
eegnet,1,sub-006,ses-02,ses-01,ses-02->ses-01,ok
eegnet,2,sub-006,ses-02,ses-01,ses-02->ses-01,ok
eegnet,3,sub-006,ses-02,ses-01,ses-02->ses-01,ok
eegnet,4,sub-006,ses-02,ses-01,ses-02->ses-01,ok
deepconvnet,0,sub-006,ses-02,ses-01,ses-02->ses-01,ok
deepconvnet,1,sub-006,ses-02,ses-01,ses-02->ses-01,ok
deepconvnet,2,sub-006,ses-02,ses-01,ses-02->ses-01,ok
deepconvnet,3,sub-006,ses-02,ses-01,ses-02->ses-01,ok
deepconvnet,4,sub-006,ses-02,ses-01,ses-02->ses-01,ok
fbcnet,0,sub-006,ses-02,ses-01,ses-02->ses-01,ok
fbcnet,1,sub-006,ses-02,ses-01,ses-02->ses-01,ok
fbcnet,2,sub-006,ses-02,ses-01,ses-02->ses-01,ok
fbcnet,3,sub-006,ses-02,ses-01,ses-02->ses-01,ok
fbcnet,4,sub-006,ses-02,ses-01,ses-02->ses-01,ok
eegnet,0,sub-006,ses-02,ses-03,ses-02->ses-03,ok
eegnet,1,sub-006,ses-02,ses-03,ses-02->ses-03,ok
eegnet,2,sub-006,ses-02,ses-03,ses-02->ses-03,ok
eegnet,3,sub-006,ses-02,ses-03,ses-02->ses-03,ok
eegnet,4,sub-006,ses-02,ses-03,ses-02->ses-03,ok
deepconvnet,0,sub-006,ses-02,ses-03,ses-02->ses-03,ok
deepconvnet,1,sub-006,ses-02,ses-03,ses-02->ses-03,ok
deepconvnet,2,sub-006,ses-02,ses-03,ses-02->ses-03,ok
deepconvnet,3,sub-006,ses-02,ses-03,ses-02->ses-03,ok
deepconvnet,4,sub-006,ses-02,ses-03,ses-02->ses-03,ok
fbcnet,0,sub-006,ses-02,ses-03,ses-02->ses-03,ok
fbcnet,1,sub-006,ses-02,ses-03,ses-02->ses-03,ok
fbcnet,2,sub-006,ses-02,ses-03,ses-02->ses-03,ok
fbcnet,3,sub-006,ses-02,ses-03,ses-02->ses-03,ok
fbcnet,4,sub-006,ses-02,ses-03,ses-02->ses-03,ok
eegnet,0,sub-006,ses-03,ses-01,ses-03->ses-01,ok
eegnet,1,sub-006,ses-03,ses-01,ses-03->ses-01,ok
eegnet,2,sub-006,ses-03,ses-01,ses-03->ses-01,ok
eegnet,3,sub-006,ses-03,ses-01,ses-03->ses-01,ok
eegnet,4,sub-006,ses-03,ses-01,ses-03->ses-01,ok
deepconvnet,0,sub-006,ses-03,ses-01,ses-03->ses-01,ok
deepconvnet,1,sub-006,ses-03,ses-01,ses-03->ses-01,ok
deepconvnet,2,sub-006,ses-03,ses-01,ses-03->ses-01,ok
deepconvnet,3,sub-006,ses-03,ses-01,ses-03->ses-01,ok
deepconvnet,4,sub-006,ses-03,ses-01,ses-03->ses-01,ok
fbcnet,0,sub-006,ses-03,ses-01,ses-03->ses-01,ok
fbcnet,1,sub-006,ses-03,ses-01,ses-03->ses-01,ok
fbcnet,2,sub-006,ses-03,ses-01,ses-03->ses-01,ok
fbcnet,3,sub-006,ses-03,ses-01,ses-03->ses-01,ok
fbcnet,4,sub-006,ses-03,ses-01,ses-03->ses-01,ok
eegnet,0,sub-006,ses-03,ses-02,ses-03->ses-02,ok
eegnet,1,sub-006,ses-03,ses-02,ses-03->ses-02,ok
eegnet,2,sub-006,ses-03,ses-02,ses-03->ses-02,ok
eegnet,3,sub-006,ses-03,ses-02,ses-03->ses-02,ok
eegnet,4,sub-006,ses-03,ses-02,ses-03->ses-02,ok
deepconvnet,0,sub-006,ses-03,ses-02,ses-03->ses-02,ok
deepconvnet,1,sub-006,ses-03,ses-02,ses-03->ses-02,ok
deepconvnet,2,sub-006,ses-03,ses-02,ses-03->ses-02,ok
deepconvnet,3,sub-006,ses-03,ses-02,ses-03->ses-02,ok
deepconvnet,4,sub-006,ses-03,ses-02,ses-03->ses-02,ok
fbcnet,0,sub-006,ses-03,ses-02,ses-03->ses-02,ok
fbcnet,1,sub-006,ses-03,ses-02,ses-03->ses-02,ok
fbcnet,2,sub-006,ses-03,ses-02,ses-03->ses-02,ok
fbcnet,3,sub-006,ses-03,ses-02,ses-03->ses-02,ok
fbcnet,4,sub-006,ses-03,ses-02,ses-03->ses-02,ok
eegnet,0,sub-007,ses-01,ses-02,ses-01->ses-02,ok
eegnet,1,sub-007,ses-01,ses-02,ses-01->ses-02,ok
eegnet,2,sub-007,ses-01,ses-02,ses-01->ses-02,ok
eegnet,3,sub-007,ses-01,ses-02,ses-01->ses-02,ok
eegnet,4,sub-007,ses-01,ses-02,ses-01->ses-02,ok
deepconvnet,0,sub-007,ses-01,ses-02,ses-01->ses-02,ok
deepconvnet,1,sub-007,ses-01,ses-02,ses-01->ses-02,ok
deepconvnet,2,sub-007,ses-01,ses-02,ses-01->ses-02,ok
deepconvnet,3,sub-007,ses-01,ses-02,ses-01->ses-02,ok
deepconvnet,4,sub-007,ses-01,ses-02,ses-01->ses-02,ok
fbcnet,0,sub-007,ses-01,ses-02,ses-01->ses-02,ok
fbcnet,1,sub-007,ses-01,ses-02,ses-01->ses-02,ok
fbcnet,2,sub-007,ses-01,ses-02,ses-01->ses-02,ok
fbcnet,3,sub-007,ses-01,ses-02,ses-01->ses-02,ok
fbcnet,4,sub-007,ses-01,ses-02,ses-01->ses-02,ok
eegnet,0,sub-007,ses-01,ses-03,ses-01->ses-03,ok
eegnet,1,sub-007,ses-01,ses-03,ses-01->ses-03,ok
eegnet,2,sub-007,ses-01,ses-03,ses-01->ses-03,ok
eegnet,3,sub-007,ses-01,ses-03,ses-01->ses-03,ok
eegnet,4,sub-007,ses-01,ses-03,ses-01->ses-03,ok
deepconvnet,0,sub-007,ses-01,ses-03,ses-01->ses-03,ok
deepconvnet,1,sub-007,ses-01,ses-03,ses-01->ses-03,ok
deepconvnet,2,sub-007,ses-01,ses-03,ses-01->ses-03,ok
deepconvnet,3,sub-007,ses-01,ses-03,ses-01->ses-03,ok
deepconvnet,4,sub-007,ses-01,ses-03,ses-01->ses-03,ok
fbcnet,0,sub-007,ses-01,ses-03,ses-01->ses-03,ok
fbcnet,1,sub-007,ses-01,ses-03,ses-01->ses-03,ok
fbcnet,2,sub-007,ses-01,ses-03,ses-01->ses-03,ok
fbcnet,3,sub-007,ses-01,ses-03,ses-01->ses-03,ok
fbcnet,4,sub-007,ses-01,ses-03,ses-01->ses-03,ok
eegnet,0,sub-007,ses-02,ses-01,ses-02->ses-01,ok
eegnet,1,sub-007,ses-02,ses-01,ses-02->ses-01,ok
eegnet,2,sub-007,ses-02,ses-01,ses-02->ses-01,ok
eegnet,3,sub-007,ses-02,ses-01,ses-02->ses-01,ok
eegnet,4,sub-007,ses-02,ses-01,ses-02->ses-01,ok
deepconvnet,0,sub-007,ses-02,ses-01,ses-02->ses-01,ok
deepconvnet,1,sub-007,ses-02,ses-01,ses-02->ses-01,ok
deepconvnet,2,sub-007,ses-02,ses-01,ses-02->ses-01,ok
deepconvnet,3,sub-007,ses-02,ses-01,ses-02->ses-01,ok
deepconvnet,4,sub-007,ses-02,ses-01,ses-02->ses-01,ok
fbcnet,0,sub-007,ses-02,ses-01,ses-02->ses-01,ok
fbcnet,1,sub-007,ses-02,ses-01,ses-02->ses-01,ok
fbcnet,2,sub-007,ses-02,ses-01,ses-02->ses-01,ok
fbcnet,3,sub-007,ses-02,ses-01,ses-02->ses-01,ok
fbcnet,4,sub-007,ses-02,ses-01,ses-02->ses-01,ok
eegnet,0,sub-007,ses-02,ses-03,ses-02->ses-03,ok
eegnet,1,sub-007,ses-02,ses-03,ses-02->ses-03,ok
eegnet,2,sub-007,ses-02,ses-03,ses-02->ses-03,ok
eegnet,3,sub-007,ses-02,ses-03,ses-02->ses-03,ok
eegnet,4,sub-007,ses-02,ses-03,ses-02->ses-03,ok
deepconvnet,0,sub-007,ses-02,ses-03,ses-02->ses-03,ok
deepconvnet,1,sub-007,ses-02,ses-03,ses-02->ses-03,ok
deepconvnet,2,sub-007,ses-02,ses-03,ses-02->ses-03,ok
deepconvnet,3,sub-007,ses-02,ses-03,ses-02->ses-03,ok
deepconvnet,4,sub-007,ses-02,ses-03,ses-02->ses-03,ok
fbcnet,0,sub-007,ses-02,ses-03,ses-02->ses-03,ok
fbcnet,1,sub-007,ses-02,ses-03,ses-02->ses-03,ok
fbcnet,2,sub-007,ses-02,ses-03,ses-02->ses-03,ok
fbcnet,3,sub-007,ses-02,ses-03,ses-02->ses-03,ok
fbcnet,4,sub-007,ses-02,ses-03,ses-02->ses-03,ok
eegnet,0,sub-007,ses-03,ses-01,ses-03->ses-01,ok
eegnet,1,sub-007,ses-03,ses-01,ses-03->ses-01,ok
eegnet,2,sub-007,ses-03,ses-01,ses-03->ses-01,ok
eegnet,3,sub-007,ses-03,ses-01,ses-03->ses-01,ok
eegnet,4,sub-007,ses-03,ses-01,ses-03->ses-01,ok
deepconvnet,0,sub-007,ses-03,ses-01,ses-03->ses-01,ok
deepconvnet,1,sub-007,ses-03,ses-01,ses-03->ses-01,ok
deepconvnet,2,sub-007,ses-03,ses-01,ses-03->ses-01,ok
deepconvnet,3,sub-007,ses-03,ses-01,ses-03->ses-01,ok
deepconvnet,4,sub-007,ses-03,ses-01,ses-03->ses-01,ok
fbcnet,0,sub-007,ses-03,ses-01,ses-03->ses-01,ok
fbcnet,1,sub-007,ses-03,ses-01,ses-03->ses-01,ok
fbcnet,2,sub-007,ses-03,ses-01,ses-03->ses-01,ok
fbcnet,3,sub-007,ses-03,ses-01,ses-03->ses-01,ok
fbcnet,4,sub-007,ses-03,ses-01,ses-03->ses-01,ok
eegnet,0,sub-007,ses-03,ses-02,ses-03->ses-02,ok
eegnet,1,sub-007,ses-03,ses-02,ses-03->ses-02,ok
eegnet,2,sub-007,ses-03,ses-02,ses-03->ses-02,ok
eegnet,3,sub-007,ses-03,ses-02,ses-03->ses-02,ok
eegnet,4,sub-007,ses-03,ses-02,ses-03->ses-02,ok
deepconvnet,0,sub-007,ses-03,ses-02,ses-03->ses-02,ok
deepconvnet,1,sub-007,ses-03,ses-02,ses-03->ses-02,ok
deepconvnet,2,sub-007,ses-03,ses-02,ses-03->ses-02,ok
deepconvnet,3,sub-007,ses-03,ses-02,ses-03->ses-02,ok
deepconvnet,4,sub-007,ses-03,ses-02,ses-03->ses-02,ok
fbcnet,0,sub-007,ses-03,ses-02,ses-03->ses-02,ok
fbcnet,1,sub-007,ses-03,ses-02,ses-03->ses-02,ok
fbcnet,2,sub-007,ses-03,ses-02,ses-03->ses-02,ok
fbcnet,3,sub-007,ses-03,ses-02,ses-03->ses-02,ok
fbcnet,4,sub-007,ses-03,ses-02,ses-03->ses-02,ok
eegnet,0,sub-008,ses-01,ses-02,ses-01->ses-02,ok
eegnet,1,sub-008,ses-01,ses-02,ses-01->ses-02,ok
eegnet,2,sub-008,ses-01,ses-02,ses-01->ses-02,ok
eegnet,3,sub-008,ses-01,ses-02,ses-01->ses-02,ok
eegnet,4,sub-008,ses-01,ses-02,ses-01->ses-02,ok
deepconvnet,0,sub-008,ses-01,ses-02,ses-01->ses-02,ok
deepconvnet,1,sub-008,ses-01,ses-02,ses-01->ses-02,ok
deepconvnet,2,sub-008,ses-01,ses-02,ses-01->ses-02,ok
deepconvnet,3,sub-008,ses-01,ses-02,ses-01->ses-02,ok
deepconvnet,4,sub-008,ses-01,ses-02,ses-01->ses-02,ok
fbcnet,0,sub-008,ses-01,ses-02,ses-01->ses-02,ok
fbcnet,1,sub-008,ses-01,ses-02,ses-01->ses-02,ok
fbcnet,2,sub-008,ses-01,ses-02,ses-01->ses-02,ok
fbcnet,3,sub-008,ses-01,ses-02,ses-01->ses-02,ok
fbcnet,4,sub-008,ses-01,ses-02,ses-01->ses-02,ok
eegnet,0,sub-008,ses-01,ses-03,ses-01->ses-03,ok
eegnet,1,sub-008,ses-01,ses-03,ses-01->ses-03,ok
eegnet,2,sub-008,ses-01,ses-03,ses-01->ses-03,ok
eegnet,3,sub-008,ses-01,ses-03,ses-01->ses-03,ok
eegnet,4,sub-008,ses-01,ses-03,ses-01->ses-03,ok
deepconvnet,0,sub-008,ses-01,ses-03,ses-01->ses-03,ok
deepconvnet,1,sub-008,ses-01,ses-03,ses-01->ses-03,ok
deepconvnet,2,sub-008,ses-01,ses-03,ses-01->ses-03,ok
deepconvnet,3,sub-008,ses-01,ses-03,ses-01->ses-03,ok
deepconvnet,4,sub-008,ses-01,ses-03,ses-01->ses-03,ok
fbcnet,0,sub-008,ses-01,ses-03,ses-01->ses-03,ok
fbcnet,1,sub-008,ses-01,ses-03,ses-01->ses-03,ok
fbcnet,2,sub-008,ses-01,ses-03,ses-01->ses-03,ok
fbcnet,3,sub-008,ses-01,ses-03,ses-01->ses-03,ok
fbcnet,4,sub-008,ses-01,ses-03,ses-01->ses-03,ok
eegnet,0,sub-008,ses-02,ses-01,ses-02->ses-01,ok
eegnet,1,sub-008,ses-02,ses-01,ses-02->ses-01,ok
eegnet,2,sub-008,ses-02,ses-01,ses-02->ses-01,ok
eegnet,3,sub-008,ses-02,ses-01,ses-02->ses-01,ok
eegnet,4,sub-008,ses-02,ses-01,ses-02->ses-01,ok
deepconvnet,0,sub-008,ses-02,ses-01,ses-02->ses-01,ok
deepconvnet,1,sub-008,ses-02,ses-01,ses-02->ses-01,ok
deepconvnet,2,sub-008,ses-02,ses-01,ses-02->ses-01,ok
deepconvnet,3,sub-008,ses-02,ses-01,ses-02->ses-01,ok
deepconvnet,4,sub-008,ses-02,ses-01,ses-02->ses-01,ok
fbcnet,0,sub-008,ses-02,ses-01,ses-02->ses-01,ok
fbcnet,1,sub-008,ses-02,ses-01,ses-02->ses-01,ok
fbcnet,2,sub-008,ses-02,ses-01,ses-02->ses-01,ok
fbcnet,3,sub-008,ses-02,ses-01,ses-02->ses-01,ok
fbcnet,4,sub-008,ses-02,ses-01,ses-02->ses-01,ok
eegnet,0,sub-008,ses-02,ses-03,ses-02->ses-03,ok
eegnet,1,sub-008,ses-02,ses-03,ses-02->ses-03,ok
eegnet,2,sub-008,ses-02,ses-03,ses-02->ses-03,ok
eegnet,3,sub-008,ses-02,ses-03,ses-02->ses-03,ok
eegnet,4,sub-008,ses-02,ses-03,ses-02->ses-03,ok
deepconvnet,0,sub-008,ses-02,ses-03,ses-02->ses-03,ok
deepconvnet,1,sub-008,ses-02,ses-03,ses-02->ses-03,ok
deepconvnet,2,sub-008,ses-02,ses-03,ses-02->ses-03,ok
deepconvnet,3,sub-008,ses-02,ses-03,ses-02->ses-03,ok
deepconvnet,4,sub-008,ses-02,ses-03,ses-02->ses-03,ok
fbcnet,0,sub-008,ses-02,ses-03,ses-02->ses-03,ok
fbcnet,1,sub-008,ses-02,ses-03,ses-02->ses-03,ok
fbcnet,2,sub-008,ses-02,ses-03,ses-02->ses-03,ok
fbcnet,3,sub-008,ses-02,ses-03,ses-02->ses-03,ok
fbcnet,4,sub-008,ses-02,ses-03,ses-02->ses-03,ok
eegnet,0,sub-008,ses-03,ses-01,ses-03->ses-01,ok
eegnet,1,sub-008,ses-03,ses-01,ses-03->ses-01,ok
eegnet,2,sub-008,ses-03,ses-01,ses-03->ses-01,ok
eegnet,3,sub-008,ses-03,ses-01,ses-03->ses-01,ok
eegnet,4,sub-008,ses-03,ses-01,ses-03->ses-01,ok
deepconvnet,0,sub-008,ses-03,ses-01,ses-03->ses-01,ok
deepconvnet,1,sub-008,ses-03,ses-01,ses-03->ses-01,ok
deepconvnet,2,sub-008,ses-03,ses-01,ses-03->ses-01,ok
deepconvnet,3,sub-008,ses-03,ses-01,ses-03->ses-01,ok
deepconvnet,4,sub-008,ses-03,ses-01,ses-03->ses-01,ok
fbcnet,0,sub-008,ses-03,ses-01,ses-03->ses-01,ok
fbcnet,1,sub-008,ses-03,ses-01,ses-03->ses-01,ok
fbcnet,2,sub-008,ses-03,ses-01,ses-03->ses-01,ok
fbcnet,3,sub-008,ses-03,ses-01,ses-03->ses-01,ok
fbcnet,4,sub-008,ses-03,ses-01,ses-03->ses-01,ok
eegnet,0,sub-008,ses-03,ses-02,ses-03->ses-02,ok
eegnet,1,sub-008,ses-03,ses-02,ses-03->ses-02,ok
eegnet,2,sub-008,ses-03,ses-02,ses-03->ses-02,ok
eegnet,3,sub-008,ses-03,ses-02,ses-03->ses-02,ok
eegnet,4,sub-008,ses-03,ses-02,ses-03->ses-02,ok
deepconvnet,0,sub-008,ses-03,ses-02,ses-03->ses-02,ok
deepconvnet,1,sub-008,ses-03,ses-02,ses-03->ses-02,ok
deepconvnet,2,sub-008,ses-03,ses-02,ses-03->ses-02,ok
deepconvnet,3,sub-008,ses-03,ses-02,ses-03->ses-02,ok
deepconvnet,4,sub-008,ses-03,ses-02,ses-03->ses-02,ok
fbcnet,0,sub-008,ses-03,ses-02,ses-03->ses-02,ok
fbcnet,1,sub-008,ses-03,ses-02,ses-03->ses-02,ok
fbcnet,2,sub-008,ses-03,ses-02,ses-03->ses-02,ok
fbcnet,3,sub-008,ses-03,ses-02,ses-03->ses-02,ok
fbcnet,4,sub-008,ses-03,ses-02,ses-03->ses-02,ok
eegnet,0,sub-009,ses-01,ses-02,ses-01->ses-02,ok
eegnet,1,sub-009,ses-01,ses-02,ses-01->ses-02,ok
eegnet,2,sub-009,ses-01,ses-02,ses-01->ses-02,ok
eegnet,3,sub-009,ses-01,ses-02,ses-01->ses-02,ok
eegnet,4,sub-009,ses-01,ses-02,ses-01->ses-02,ok
deepconvnet,0,sub-009,ses-01,ses-02,ses-01->ses-02,ok
deepconvnet,1,sub-009,ses-01,ses-02,ses-01->ses-02,ok
deepconvnet,2,sub-009,ses-01,ses-02,ses-01->ses-02,ok
deepconvnet,3,sub-009,ses-01,ses-02,ses-01->ses-02,ok
deepconvnet,4,sub-009,ses-01,ses-02,ses-01->ses-02,ok
fbcnet,0,sub-009,ses-01,ses-02,ses-01->ses-02,ok
fbcnet,1,sub-009,ses-01,ses-02,ses-01->ses-02,ok
fbcnet,2,sub-009,ses-01,ses-02,ses-01->ses-02,ok
fbcnet,3,sub-009,ses-01,ses-02,ses-01->ses-02,ok
fbcnet,4,sub-009,ses-01,ses-02,ses-01->ses-02,ok
eegnet,0,sub-009,ses-01,ses-03,ses-01->ses-03,ok
eegnet,1,sub-009,ses-01,ses-03,ses-01->ses-03,ok
eegnet,2,sub-009,ses-01,ses-03,ses-01->ses-03,ok
eegnet,3,sub-009,ses-01,ses-03,ses-01->ses-03,ok
eegnet,4,sub-009,ses-01,ses-03,ses-01->ses-03,ok
deepconvnet,0,sub-009,ses-01,ses-03,ses-01->ses-03,ok
deepconvnet,1,sub-009,ses-01,ses-03,ses-01->ses-03,ok
deepconvnet,2,sub-009,ses-01,ses-03,ses-01->ses-03,ok
deepconvnet,3,sub-009,ses-01,ses-03,ses-01->ses-03,ok
deepconvnet,4,sub-009,ses-01,ses-03,ses-01->ses-03,ok
fbcnet,0,sub-009,ses-01,ses-03,ses-01->ses-03,ok
fbcnet,1,sub-009,ses-01,ses-03,ses-01->ses-03,ok
fbcnet,2,sub-009,ses-01,ses-03,ses-01->ses-03,ok
fbcnet,3,sub-009,ses-01,ses-03,ses-01->ses-03,ok
fbcnet,4,sub-009,ses-01,ses-03,ses-01->ses-03,ok
eegnet,0,sub-009,ses-02,ses-01,ses-02->ses-01,ok
eegnet,1,sub-009,ses-02,ses-01,ses-02->ses-01,ok
eegnet,2,sub-009,ses-02,ses-01,ses-02->ses-01,ok
eegnet,3,sub-009,ses-02,ses-01,ses-02->ses-01,ok
eegnet,4,sub-009,ses-02,ses-01,ses-02->ses-01,ok
deepconvnet,0,sub-009,ses-02,ses-01,ses-02->ses-01,ok
deepconvnet,1,sub-009,ses-02,ses-01,ses-02->ses-01,ok
deepconvnet,2,sub-009,ses-02,ses-01,ses-02->ses-01,ok
deepconvnet,3,sub-009,ses-02,ses-01,ses-02->ses-01,ok
deepconvnet,4,sub-009,ses-02,ses-01,ses-02->ses-01,ok
fbcnet,0,sub-009,ses-02,ses-01,ses-02->ses-01,ok
fbcnet,1,sub-009,ses-02,ses-01,ses-02->ses-01,ok
fbcnet,2,sub-009,ses-02,ses-01,ses-02->ses-01,ok
fbcnet,3,sub-009,ses-02,ses-01,ses-02->ses-01,ok
fbcnet,4,sub-009,ses-02,ses-01,ses-02->ses-01,ok
eegnet,0,sub-009,ses-02,ses-03,ses-02->ses-03,ok
eegnet,1,sub-009,ses-02,ses-03,ses-02->ses-03,ok
eegnet,2,sub-009,ses-02,ses-03,ses-02->ses-03,ok
eegnet,3,sub-009,ses-02,ses-03,ses-02->ses-03,ok
eegnet,4,sub-009,ses-02,ses-03,ses-02->ses-03,ok
deepconvnet,0,sub-009,ses-02,ses-03,ses-02->ses-03,ok
deepconvnet,1,sub-009,ses-02,ses-03,ses-02->ses-03,ok
deepconvnet,2,sub-009,ses-02,ses-03,ses-02->ses-03,ok
deepconvnet,3,sub-009,ses-02,ses-03,ses-02->ses-03,ok
deepconvnet,4,sub-009,ses-02,ses-03,ses-02->ses-03,ok
fbcnet,0,sub-009,ses-02,ses-03,ses-02->ses-03,ok
fbcnet,1,sub-009,ses-02,ses-03,ses-02->ses-03,ok
fbcnet,2,sub-009,ses-02,ses-03,ses-02->ses-03,ok
fbcnet,3,sub-009,ses-02,ses-03,ses-02->ses-03,ok
fbcnet,4,sub-009,ses-02,ses-03,ses-02->ses-03,ok
eegnet,0,sub-009,ses-03,ses-01,ses-03->ses-01,ok
eegnet,1,sub-009,ses-03,ses-01,ses-03->ses-01,ok
eegnet,2,sub-009,ses-03,ses-01,ses-03->ses-01,ok
eegnet,3,sub-009,ses-03,ses-01,ses-03->ses-01,ok
eegnet,4,sub-009,ses-03,ses-01,ses-03->ses-01,ok
deepconvnet,0,sub-009,ses-03,ses-01,ses-03->ses-01,ok
deepconvnet,1,sub-009,ses-03,ses-01,ses-03->ses-01,ok
deepconvnet,2,sub-009,ses-03,ses-01,ses-03->ses-01,ok
deepconvnet,3,sub-009,ses-03,ses-01,ses-03->ses-01,ok
deepconvnet,4,sub-009,ses-03,ses-01,ses-03->ses-01,ok
fbcnet,0,sub-009,ses-03,ses-01,ses-03->ses-01,ok
fbcnet,1,sub-009,ses-03,ses-01,ses-03->ses-01,ok
fbcnet,2,sub-009,ses-03,ses-01,ses-03->ses-01,ok
fbcnet,3,sub-009,ses-03,ses-01,ses-03->ses-01,ok
fbcnet,4,sub-009,ses-03,ses-01,ses-03->ses-01,ok
eegnet,0,sub-009,ses-03,ses-02,ses-03->ses-02,ok
eegnet,1,sub-009,ses-03,ses-02,ses-03->ses-02,ok
eegnet,2,sub-009,ses-03,ses-02,ses-03->ses-02,ok
eegnet,3,sub-009,ses-03,ses-02,ses-03->ses-02,ok
eegnet,4,sub-009,ses-03,ses-02,ses-03->ses-02,ok
deepconvnet,0,sub-009,ses-03,ses-02,ses-03->ses-02,ok
deepconvnet,1,sub-009,ses-03,ses-02,ses-03->ses-02,ok
deepconvnet,2,sub-009,ses-03,ses-02,ses-03->ses-02,ok
deepconvnet,3,sub-009,ses-03,ses-02,ses-03->ses-02,ok
deepconvnet,4,sub-009,ses-03,ses-02,ses-03->ses-02,ok
fbcnet,0,sub-009,ses-03,ses-02,ses-03->ses-02,ok
fbcnet,1,sub-009,ses-03,ses-02,ses-03->ses-02,ok
fbcnet,2,sub-009,ses-03,ses-02,ses-03->ses-02,ok
fbcnet,3,sub-009,ses-03,ses-02,ses-03->ses-02,ok
fbcnet,4,sub-009,ses-03,ses-02,ses-03->ses-02,ok
eegnet,0,sub-010,ses-01,ses-02,ses-01->ses-02,ok
eegnet,1,sub-010,ses-01,ses-02,ses-01->ses-02,ok
eegnet,2,sub-010,ses-01,ses-02,ses-01->ses-02,ok
eegnet,3,sub-010,ses-01,ses-02,ses-01->ses-02,ok
eegnet,4,sub-010,ses-01,ses-02,ses-01->ses-02,ok
deepconvnet,0,sub-010,ses-01,ses-02,ses-01->ses-02,ok
deepconvnet,1,sub-010,ses-01,ses-02,ses-01->ses-02,ok
deepconvnet,2,sub-010,ses-01,ses-02,ses-01->ses-02,ok
deepconvnet,3,sub-010,ses-01,ses-02,ses-01->ses-02,ok
deepconvnet,4,sub-010,ses-01,ses-02,ses-01->ses-02,ok
fbcnet,0,sub-010,ses-01,ses-02,ses-01->ses-02,ok
fbcnet,1,sub-010,ses-01,ses-02,ses-01->ses-02,ok
fbcnet,2,sub-010,ses-01,ses-02,ses-01->ses-02,ok
fbcnet,3,sub-010,ses-01,ses-02,ses-01->ses-02,ok
fbcnet,4,sub-010,ses-01,ses-02,ses-01->ses-02,ok
eegnet,0,sub-010,ses-01,ses-03,ses-01->ses-03,ok
eegnet,1,sub-010,ses-01,ses-03,ses-01->ses-03,ok
eegnet,2,sub-010,ses-01,ses-03,ses-01->ses-03,ok
eegnet,3,sub-010,ses-01,ses-03,ses-01->ses-03,ok
eegnet,4,sub-010,ses-01,ses-03,ses-01->ses-03,ok
deepconvnet,0,sub-010,ses-01,ses-03,ses-01->ses-03,ok
deepconvnet,1,sub-010,ses-01,ses-03,ses-01->ses-03,ok
deepconvnet,2,sub-010,ses-01,ses-03,ses-01->ses-03,ok
deepconvnet,3,sub-010,ses-01,ses-03,ses-01->ses-03,ok
deepconvnet,4,sub-010,ses-01,ses-03,ses-01->ses-03,ok
fbcnet,0,sub-010,ses-01,ses-03,ses-01->ses-03,ok
fbcnet,1,sub-010,ses-01,ses-03,ses-01->ses-03,ok
fbcnet,2,sub-010,ses-01,ses-03,ses-01->ses-03,ok
fbcnet,3,sub-010,ses-01,ses-03,ses-01->ses-03,ok
fbcnet,4,sub-010,ses-01,ses-03,ses-01->ses-03,ok
eegnet,0,sub-010,ses-02,ses-01,ses-02->ses-01,ok
eegnet,1,sub-010,ses-02,ses-01,ses-02->ses-01,ok
eegnet,2,sub-010,ses-02,ses-01,ses-02->ses-01,ok
eegnet,3,sub-010,ses-02,ses-01,ses-02->ses-01,ok
eegnet,4,sub-010,ses-02,ses-01,ses-02->ses-01,ok
deepconvnet,0,sub-010,ses-02,ses-01,ses-02->ses-01,ok
deepconvnet,1,sub-010,ses-02,ses-01,ses-02->ses-01,ok
deepconvnet,2,sub-010,ses-02,ses-01,ses-02->ses-01,ok
deepconvnet,3,sub-010,ses-02,ses-01,ses-02->ses-01,ok
deepconvnet,4,sub-010,ses-02,ses-01,ses-02->ses-01,ok
fbcnet,0,sub-010,ses-02,ses-01,ses-02->ses-01,ok
fbcnet,1,sub-010,ses-02,ses-01,ses-02->ses-01,ok
fbcnet,2,sub-010,ses-02,ses-01,ses-02->ses-01,ok
fbcnet,3,sub-010,ses-02,ses-01,ses-02->ses-01,ok
fbcnet,4,sub-010,ses-02,ses-01,ses-02->ses-01,ok
eegnet,0,sub-010,ses-02,ses-03,ses-02->ses-03,ok
eegnet,1,sub-010,ses-02,ses-03,ses-02->ses-03,ok
eegnet,2,sub-010,ses-02,ses-03,ses-02->ses-03,ok
eegnet,3,sub-010,ses-02,ses-03,ses-02->ses-03,ok
eegnet,4,sub-010,ses-02,ses-03,ses-02->ses-03,ok
deepconvnet,0,sub-010,ses-02,ses-03,ses-02->ses-03,ok
deepconvnet,1,sub-010,ses-02,ses-03,ses-02->ses-03,ok
deepconvnet,2,sub-010,ses-02,ses-03,ses-02->ses-03,ok
deepconvnet,3,sub-010,ses-02,ses-03,ses-02->ses-03,ok
deepconvnet,4,sub-010,ses-02,ses-03,ses-02->ses-03,ok
fbcnet,0,sub-010,ses-02,ses-03,ses-02->ses-03,ok
fbcnet,1,sub-010,ses-02,ses-03,ses-02->ses-03,ok
fbcnet,2,sub-010,ses-02,ses-03,ses-02->ses-03,ok
fbcnet,3,sub-010,ses-02,ses-03,ses-02->ses-03,ok
fbcnet,4,sub-010,ses-02,ses-03,ses-02->ses-03,ok
eegnet,0,sub-010,ses-03,ses-01,ses-03->ses-01,ok
eegnet,1,sub-010,ses-03,ses-01,ses-03->ses-01,ok
eegnet,2,sub-010,ses-03,ses-01,ses-03->ses-01,ok
eegnet,3,sub-010,ses-03,ses-01,ses-03->ses-01,ok
eegnet,4,sub-010,ses-03,ses-01,ses-03->ses-01,ok
deepconvnet,0,sub-010,ses-03,ses-01,ses-03->ses-01,ok
deepconvnet,1,sub-010,ses-03,ses-01,ses-03->ses-01,ok
deepconvnet,2,sub-010,ses-03,ses-01,ses-03->ses-01,ok
deepconvnet,3,sub-010,ses-03,ses-01,ses-03->ses-01,ok
deepconvnet,4,sub-010,ses-03,ses-01,ses-03->ses-01,ok
fbcnet,0,sub-010,ses-03,ses-01,ses-03->ses-01,ok
fbcnet,1,sub-010,ses-03,ses-01,ses-03->ses-01,ok
fbcnet,2,sub-010,ses-03,ses-01,ses-03->ses-01,ok
fbcnet,3,sub-010,ses-03,ses-01,ses-03->ses-01,ok
fbcnet,4,sub-010,ses-03,ses-01,ses-03->ses-01,ok
eegnet,0,sub-010,ses-03,ses-02,ses-03->ses-02,ok
eegnet,1,sub-010,ses-03,ses-02,ses-03->ses-02,ok
eegnet,2,sub-010,ses-03,ses-02,ses-03->ses-02,ok
eegnet,3,sub-010,ses-03,ses-02,ses-03->ses-02,ok
eegnet,4,sub-010,ses-03,ses-02,ses-03->ses-02,ok
deepconvnet,0,sub-010,ses-03,ses-02,ses-03->ses-02,ok
deepconvnet,1,sub-010,ses-03,ses-02,ses-03->ses-02,ok
deepconvnet,2,sub-010,ses-03,ses-02,ses-03->ses-02,ok
deepconvnet,3,sub-010,ses-03,ses-02,ses-03->ses-02,ok
deepconvnet,4,sub-010,ses-03,ses-02,ses-03->ses-02,ok
fbcnet,0,sub-010,ses-03,ses-02,ses-03->ses-02,ok
fbcnet,1,sub-010,ses-03,ses-02,ses-03->ses-02,ok
fbcnet,2,sub-010,ses-03,ses-02,ses-03->ses-02,ok
fbcnet,3,sub-010,ses-03,ses-02,ses-03->ses-02,ok
fbcnet,4,sub-010,ses-03,ses-02,ses-03->ses-02,ok
eegnet,0,sub-011,ses-01,ses-02,ses-01->ses-02,ok
eegnet,1,sub-011,ses-01,ses-02,ses-01->ses-02,ok
eegnet,2,sub-011,ses-01,ses-02,ses-01->ses-02,ok
eegnet,3,sub-011,ses-01,ses-02,ses-01->ses-02,ok
eegnet,4,sub-011,ses-01,ses-02,ses-01->ses-02,ok
deepconvnet,0,sub-011,ses-01,ses-02,ses-01->ses-02,ok
deepconvnet,1,sub-011,ses-01,ses-02,ses-01->ses-02,ok
deepconvnet,2,sub-011,ses-01,ses-02,ses-01->ses-02,ok
deepconvnet,3,sub-011,ses-01,ses-02,ses-01->ses-02,ok
deepconvnet,4,sub-011,ses-01,ses-02,ses-01->ses-02,ok
fbcnet,0,sub-011,ses-01,ses-02,ses-01->ses-02,ok
fbcnet,1,sub-011,ses-01,ses-02,ses-01->ses-02,ok
fbcnet,2,sub-011,ses-01,ses-02,ses-01->ses-02,ok
fbcnet,3,sub-011,ses-01,ses-02,ses-01->ses-02,ok
fbcnet,4,sub-011,ses-01,ses-02,ses-01->ses-02,ok
eegnet,0,sub-011,ses-01,ses-03,ses-01->ses-03,ok
eegnet,1,sub-011,ses-01,ses-03,ses-01->ses-03,ok
eegnet,2,sub-011,ses-01,ses-03,ses-01->ses-03,ok
eegnet,3,sub-011,ses-01,ses-03,ses-01->ses-03,ok
eegnet,4,sub-011,ses-01,ses-03,ses-01->ses-03,ok
deepconvnet,0,sub-011,ses-01,ses-03,ses-01->ses-03,ok
deepconvnet,1,sub-011,ses-01,ses-03,ses-01->ses-03,ok
deepconvnet,2,sub-011,ses-01,ses-03,ses-01->ses-03,ok
deepconvnet,3,sub-011,ses-01,ses-03,ses-01->ses-03,ok
deepconvnet,4,sub-011,ses-01,ses-03,ses-01->ses-03,ok
fbcnet,0,sub-011,ses-01,ses-03,ses-01->ses-03,ok
fbcnet,1,sub-011,ses-01,ses-03,ses-01->ses-03,ok
fbcnet,2,sub-011,ses-01,ses-03,ses-01->ses-03,ok
fbcnet,3,sub-011,ses-01,ses-03,ses-01->ses-03,ok
fbcnet,4,sub-011,ses-01,ses-03,ses-01->ses-03,ok
eegnet,0,sub-011,ses-02,ses-01,ses-02->ses-01,ok
eegnet,1,sub-011,ses-02,ses-01,ses-02->ses-01,ok
eegnet,2,sub-011,ses-02,ses-01,ses-02->ses-01,ok
eegnet,3,sub-011,ses-02,ses-01,ses-02->ses-01,ok
eegnet,4,sub-011,ses-02,ses-01,ses-02->ses-01,ok
deepconvnet,0,sub-011,ses-02,ses-01,ses-02->ses-01,ok
deepconvnet,1,sub-011,ses-02,ses-01,ses-02->ses-01,ok
deepconvnet,2,sub-011,ses-02,ses-01,ses-02->ses-01,ok
deepconvnet,3,sub-011,ses-02,ses-01,ses-02->ses-01,ok
deepconvnet,4,sub-011,ses-02,ses-01,ses-02->ses-01,ok
fbcnet,0,sub-011,ses-02,ses-01,ses-02->ses-01,ok
fbcnet,1,sub-011,ses-02,ses-01,ses-02->ses-01,ok
fbcnet,2,sub-011,ses-02,ses-01,ses-02->ses-01,ok
fbcnet,3,sub-011,ses-02,ses-01,ses-02->ses-01,ok
fbcnet,4,sub-011,ses-02,ses-01,ses-02->ses-01,ok
eegnet,0,sub-011,ses-02,ses-03,ses-02->ses-03,ok
eegnet,1,sub-011,ses-02,ses-03,ses-02->ses-03,ok
eegnet,2,sub-011,ses-02,ses-03,ses-02->ses-03,ok
eegnet,3,sub-011,ses-02,ses-03,ses-02->ses-03,ok
eegnet,4,sub-011,ses-02,ses-03,ses-02->ses-03,ok
deepconvnet,0,sub-011,ses-02,ses-03,ses-02->ses-03,ok
deepconvnet,1,sub-011,ses-02,ses-03,ses-02->ses-03,ok
deepconvnet,2,sub-011,ses-02,ses-03,ses-02->ses-03,ok
deepconvnet,3,sub-011,ses-02,ses-03,ses-02->ses-03,ok
deepconvnet,4,sub-011,ses-02,ses-03,ses-02->ses-03,ok
fbcnet,0,sub-011,ses-02,ses-03,ses-02->ses-03,ok
fbcnet,1,sub-011,ses-02,ses-03,ses-02->ses-03,ok
fbcnet,2,sub-011,ses-02,ses-03,ses-02->ses-03,ok
fbcnet,3,sub-011,ses-02,ses-03,ses-02->ses-03,ok
fbcnet,4,sub-011,ses-02,ses-03,ses-02->ses-03,ok
eegnet,0,sub-011,ses-03,ses-01,ses-03->ses-01,ok
eegnet,1,sub-011,ses-03,ses-01,ses-03->ses-01,ok
eegnet,2,sub-011,ses-03,ses-01,ses-03->ses-01,ok
eegnet,3,sub-011,ses-03,ses-01,ses-03->ses-01,ok
eegnet,4,sub-011,ses-03,ses-01,ses-03->ses-01,ok
deepconvnet,0,sub-011,ses-03,ses-01,ses-03->ses-01,ok
deepconvnet,1,sub-011,ses-03,ses-01,ses-03->ses-01,ok
deepconvnet,2,sub-011,ses-03,ses-01,ses-03->ses-01,ok
deepconvnet,3,sub-011,ses-03,ses-01,ses-03->ses-01,ok
deepconvnet,4,sub-011,ses-03,ses-01,ses-03->ses-01,ok
fbcnet,0,sub-011,ses-03,ses-01,ses-03->ses-01,ok
fbcnet,1,sub-011,ses-03,ses-01,ses-03->ses-01,ok
fbcnet,2,sub-011,ses-03,ses-01,ses-03->ses-01,ok
fbcnet,3,sub-011,ses-03,ses-01,ses-03->ses-01,ok
fbcnet,4,sub-011,ses-03,ses-01,ses-03->ses-01,ok
eegnet,0,sub-011,ses-03,ses-02,ses-03->ses-02,ok
eegnet,1,sub-011,ses-03,ses-02,ses-03->ses-02,ok
eegnet,2,sub-011,ses-03,ses-02,ses-03->ses-02,ok
eegnet,3,sub-011,ses-03,ses-02,ses-03->ses-02,ok
eegnet,4,sub-011,ses-03,ses-02,ses-03->ses-02,ok
deepconvnet,0,sub-011,ses-03,ses-02,ses-03->ses-02,ok
deepconvnet,1,sub-011,ses-03,ses-02,ses-03->ses-02,ok
deepconvnet,2,sub-011,ses-03,ses-02,ses-03->ses-02,ok
deepconvnet,3,sub-011,ses-03,ses-02,ses-03->ses-02,ok
deepconvnet,4,sub-011,ses-03,ses-02,ses-03->ses-02,ok
fbcnet,0,sub-011,ses-03,ses-02,ses-03->ses-02,ok
fbcnet,1,sub-011,ses-03,ses-02,ses-03->ses-02,ok
fbcnet,2,sub-011,ses-03,ses-02,ses-03->ses-02,ok
fbcnet,3,sub-011,ses-03,ses-02,ses-03->ses-02,ok
fbcnet,4,sub-011,ses-03,ses-02,ses-03->ses-02,ok
eegnet,0,sub-012,ses-01,ses-02,ses-01->ses-02,ok
eegnet,1,sub-012,ses-01,ses-02,ses-01->ses-02,ok
eegnet,2,sub-012,ses-01,ses-02,ses-01->ses-02,ok
eegnet,3,sub-012,ses-01,ses-02,ses-01->ses-02,ok
eegnet,4,sub-012,ses-01,ses-02,ses-01->ses-02,ok
deepconvnet,0,sub-012,ses-01,ses-02,ses-01->ses-02,ok
deepconvnet,1,sub-012,ses-01,ses-02,ses-01->ses-02,ok
deepconvnet,2,sub-012,ses-01,ses-02,ses-01->ses-02,ok
deepconvnet,3,sub-012,ses-01,ses-02,ses-01->ses-02,ok
deepconvnet,4,sub-012,ses-01,ses-02,ses-01->ses-02,ok
fbcnet,0,sub-012,ses-01,ses-02,ses-01->ses-02,ok
fbcnet,1,sub-012,ses-01,ses-02,ses-01->ses-02,ok
fbcnet,2,sub-012,ses-01,ses-02,ses-01->ses-02,ok
fbcnet,3,sub-012,ses-01,ses-02,ses-01->ses-02,ok
fbcnet,4,sub-012,ses-01,ses-02,ses-01->ses-02,ok
eegnet,0,sub-012,ses-01,ses-03,ses-01->ses-03,ok
eegnet,1,sub-012,ses-01,ses-03,ses-01->ses-03,ok
eegnet,2,sub-012,ses-01,ses-03,ses-01->ses-03,ok
eegnet,3,sub-012,ses-01,ses-03,ses-01->ses-03,ok
eegnet,4,sub-012,ses-01,ses-03,ses-01->ses-03,ok
deepconvnet,0,sub-012,ses-01,ses-03,ses-01->ses-03,ok
deepconvnet,1,sub-012,ses-01,ses-03,ses-01->ses-03,ok
deepconvnet,2,sub-012,ses-01,ses-03,ses-01->ses-03,ok
deepconvnet,3,sub-012,ses-01,ses-03,ses-01->ses-03,ok
deepconvnet,4,sub-012,ses-01,ses-03,ses-01->ses-03,ok
fbcnet,0,sub-012,ses-01,ses-03,ses-01->ses-03,ok
fbcnet,1,sub-012,ses-01,ses-03,ses-01->ses-03,ok
fbcnet,2,sub-012,ses-01,ses-03,ses-01->ses-03,ok
fbcnet,3,sub-012,ses-01,ses-03,ses-01->ses-03,ok
fbcnet,4,sub-012,ses-01,ses-03,ses-01->ses-03,ok
eegnet,0,sub-012,ses-02,ses-01,ses-02->ses-01,ok
eegnet,1,sub-012,ses-02,ses-01,ses-02->ses-01,ok
eegnet,2,sub-012,ses-02,ses-01,ses-02->ses-01,ok
eegnet,3,sub-012,ses-02,ses-01,ses-02->ses-01,ok
eegnet,4,sub-012,ses-02,ses-01,ses-02->ses-01,ok
deepconvnet,0,sub-012,ses-02,ses-01,ses-02->ses-01,ok
deepconvnet,1,sub-012,ses-02,ses-01,ses-02->ses-01,ok
deepconvnet,2,sub-012,ses-02,ses-01,ses-02->ses-01,ok
deepconvnet,3,sub-012,ses-02,ses-01,ses-02->ses-01,ok
deepconvnet,4,sub-012,ses-02,ses-01,ses-02->ses-01,ok
fbcnet,0,sub-012,ses-02,ses-01,ses-02->ses-01,ok
fbcnet,1,sub-012,ses-02,ses-01,ses-02->ses-01,ok
fbcnet,2,sub-012,ses-02,ses-01,ses-02->ses-01,ok
fbcnet,3,sub-012,ses-02,ses-01,ses-02->ses-01,ok
fbcnet,4,sub-012,ses-02,ses-01,ses-02->ses-01,ok
eegnet,0,sub-012,ses-02,ses-03,ses-02->ses-03,ok
eegnet,1,sub-012,ses-02,ses-03,ses-02->ses-03,ok
eegnet,2,sub-012,ses-02,ses-03,ses-02->ses-03,ok
eegnet,3,sub-012,ses-02,ses-03,ses-02->ses-03,ok
eegnet,4,sub-012,ses-02,ses-03,ses-02->ses-03,ok
deepconvnet,0,sub-012,ses-02,ses-03,ses-02->ses-03,ok
deepconvnet,1,sub-012,ses-02,ses-03,ses-02->ses-03,ok
deepconvnet,2,sub-012,ses-02,ses-03,ses-02->ses-03,ok
deepconvnet,3,sub-012,ses-02,ses-03,ses-02->ses-03,ok
deepconvnet,4,sub-012,ses-02,ses-03,ses-02->ses-03,ok
fbcnet,0,sub-012,ses-02,ses-03,ses-02->ses-03,ok
fbcnet,1,sub-012,ses-02,ses-03,ses-02->ses-03,ok
fbcnet,2,sub-012,ses-02,ses-03,ses-02->ses-03,ok
fbcnet,3,sub-012,ses-02,ses-03,ses-02->ses-03,ok
fbcnet,4,sub-012,ses-02,ses-03,ses-02->ses-03,ok
eegnet,0,sub-012,ses-03,ses-01,ses-03->ses-01,ok
eegnet,1,sub-012,ses-03,ses-01,ses-03->ses-01,ok
eegnet,2,sub-012,ses-03,ses-01,ses-03->ses-01,ok
eegnet,3,sub-012,ses-03,ses-01,ses-03->ses-01,ok
eegnet,4,sub-012,ses-03,ses-01,ses-03->ses-01,ok
deepconvnet,0,sub-012,ses-03,ses-01,ses-03->ses-01,ok
deepconvnet,1,sub-012,ses-03,ses-01,ses-03->ses-01,ok
deepconvnet,2,sub-012,ses-03,ses-01,ses-03->ses-01,ok
deepconvnet,3,sub-012,ses-03,ses-01,ses-03->ses-01,ok
deepconvnet,4,sub-012,ses-03,ses-01,ses-03->ses-01,ok
fbcnet,0,sub-012,ses-03,ses-01,ses-03->ses-01,ok
fbcnet,1,sub-012,ses-03,ses-01,ses-03->ses-01,ok
fbcnet,2,sub-012,ses-03,ses-01,ses-03->ses-01,ok
fbcnet,3,sub-012,ses-03,ses-01,ses-03->ses-01,ok
fbcnet,4,sub-012,ses-03,ses-01,ses-03->ses-01,ok
eegnet,0,sub-012,ses-03,ses-02,ses-03->ses-02,ok
eegnet,1,sub-012,ses-03,ses-02,ses-03->ses-02,ok
eegnet,2,sub-012,ses-03,ses-02,ses-03->ses-02,ok
eegnet,3,sub-012,ses-03,ses-02,ses-03->ses-02,ok
eegnet,4,sub-012,ses-03,ses-02,ses-03->ses-02,ok
deepconvnet,0,sub-012,ses-03,ses-02,ses-03->ses-02,ok
deepconvnet,1,sub-012,ses-03,ses-02,ses-03->ses-02,ok
deepconvnet,2,sub-012,ses-03,ses-02,ses-03->ses-02,ok
deepconvnet,3,sub-012,ses-03,ses-02,ses-03->ses-02,ok
deepconvnet,4,sub-012,ses-03,ses-02,ses-03->ses-02,ok
fbcnet,0,sub-012,ses-03,ses-02,ses-03->ses-02,ok
fbcnet,1,sub-012,ses-03,ses-02,ses-03->ses-02,ok
fbcnet,2,sub-012,ses-03,ses-02,ses-03->ses-02,ok
fbcnet,3,sub-012,ses-03,ses-02,ses-03->ses-02,ok
fbcnet,4,sub-012,ses-03,ses-02,ses-03->ses-02,ok
eegnet,0,sub-013,ses-01,ses-02,ses-01->ses-02,ok
eegnet,1,sub-013,ses-01,ses-02,ses-01->ses-02,ok
eegnet,2,sub-013,ses-01,ses-02,ses-01->ses-02,ok
eegnet,3,sub-013,ses-01,ses-02,ses-01->ses-02,ok
eegnet,4,sub-013,ses-01,ses-02,ses-01->ses-02,ok
deepconvnet,0,sub-013,ses-01,ses-02,ses-01->ses-02,ok
deepconvnet,1,sub-013,ses-01,ses-02,ses-01->ses-02,ok
deepconvnet,2,sub-013,ses-01,ses-02,ses-01->ses-02,ok
deepconvnet,3,sub-013,ses-01,ses-02,ses-01->ses-02,ok
deepconvnet,4,sub-013,ses-01,ses-02,ses-01->ses-02,ok
fbcnet,0,sub-013,ses-01,ses-02,ses-01->ses-02,ok
fbcnet,1,sub-013,ses-01,ses-02,ses-01->ses-02,ok
fbcnet,2,sub-013,ses-01,ses-02,ses-01->ses-02,ok
fbcnet,3,sub-013,ses-01,ses-02,ses-01->ses-02,ok
fbcnet,4,sub-013,ses-01,ses-02,ses-01->ses-02,ok
eegnet,0,sub-013,ses-01,ses-03,ses-01->ses-03,ok
eegnet,1,sub-013,ses-01,ses-03,ses-01->ses-03,ok
eegnet,2,sub-013,ses-01,ses-03,ses-01->ses-03,ok
eegnet,3,sub-013,ses-01,ses-03,ses-01->ses-03,ok
eegnet,4,sub-013,ses-01,ses-03,ses-01->ses-03,ok
deepconvnet,0,sub-013,ses-01,ses-03,ses-01->ses-03,ok
deepconvnet,1,sub-013,ses-01,ses-03,ses-01->ses-03,ok
deepconvnet,2,sub-013,ses-01,ses-03,ses-01->ses-03,ok
deepconvnet,3,sub-013,ses-01,ses-03,ses-01->ses-03,ok
deepconvnet,4,sub-013,ses-01,ses-03,ses-01->ses-03,ok
fbcnet,0,sub-013,ses-01,ses-03,ses-01->ses-03,ok
fbcnet,1,sub-013,ses-01,ses-03,ses-01->ses-03,ok
fbcnet,2,sub-013,ses-01,ses-03,ses-01->ses-03,ok
fbcnet,3,sub-013,ses-01,ses-03,ses-01->ses-03,ok
fbcnet,4,sub-013,ses-01,ses-03,ses-01->ses-03,ok
eegnet,0,sub-013,ses-02,ses-01,ses-02->ses-01,ok
eegnet,1,sub-013,ses-02,ses-01,ses-02->ses-01,ok
eegnet,2,sub-013,ses-02,ses-01,ses-02->ses-01,ok
eegnet,3,sub-013,ses-02,ses-01,ses-02->ses-01,ok
eegnet,4,sub-013,ses-02,ses-01,ses-02->ses-01,ok
deepconvnet,0,sub-013,ses-02,ses-01,ses-02->ses-01,ok
deepconvnet,1,sub-013,ses-02,ses-01,ses-02->ses-01,ok
deepconvnet,2,sub-013,ses-02,ses-01,ses-02->ses-01,ok
deepconvnet,3,sub-013,ses-02,ses-01,ses-02->ses-01,ok
deepconvnet,4,sub-013,ses-02,ses-01,ses-02->ses-01,ok
fbcnet,0,sub-013,ses-02,ses-01,ses-02->ses-01,ok
fbcnet,1,sub-013,ses-02,ses-01,ses-02->ses-01,ok
fbcnet,2,sub-013,ses-02,ses-01,ses-02->ses-01,ok
fbcnet,3,sub-013,ses-02,ses-01,ses-02->ses-01,ok
fbcnet,4,sub-013,ses-02,ses-01,ses-02->ses-01,ok
eegnet,0,sub-013,ses-02,ses-03,ses-02->ses-03,ok
eegnet,1,sub-013,ses-02,ses-03,ses-02->ses-03,ok
eegnet,2,sub-013,ses-02,ses-03,ses-02->ses-03,ok
eegnet,3,sub-013,ses-02,ses-03,ses-02->ses-03,ok
eegnet,4,sub-013,ses-02,ses-03,ses-02->ses-03,ok
deepconvnet,0,sub-013,ses-02,ses-03,ses-02->ses-03,ok
deepconvnet,1,sub-013,ses-02,ses-03,ses-02->ses-03,ok
deepconvnet,2,sub-013,ses-02,ses-03,ses-02->ses-03,ok
deepconvnet,3,sub-013,ses-02,ses-03,ses-02->ses-03,ok
deepconvnet,4,sub-013,ses-02,ses-03,ses-02->ses-03,ok
fbcnet,0,sub-013,ses-02,ses-03,ses-02->ses-03,ok
fbcnet,1,sub-013,ses-02,ses-03,ses-02->ses-03,ok
fbcnet,2,sub-013,ses-02,ses-03,ses-02->ses-03,ok
fbcnet,3,sub-013,ses-02,ses-03,ses-02->ses-03,ok
fbcnet,4,sub-013,ses-02,ses-03,ses-02->ses-03,ok
eegnet,0,sub-013,ses-03,ses-01,ses-03->ses-01,ok
eegnet,1,sub-013,ses-03,ses-01,ses-03->ses-01,ok
eegnet,2,sub-013,ses-03,ses-01,ses-03->ses-01,ok
eegnet,3,sub-013,ses-03,ses-01,ses-03->ses-01,ok
eegnet,4,sub-013,ses-03,ses-01,ses-03->ses-01,ok
deepconvnet,0,sub-013,ses-03,ses-01,ses-03->ses-01,ok
deepconvnet,1,sub-013,ses-03,ses-01,ses-03->ses-01,ok
deepconvnet,2,sub-013,ses-03,ses-01,ses-03->ses-01,ok
deepconvnet,3,sub-013,ses-03,ses-01,ses-03->ses-01,ok
deepconvnet,4,sub-013,ses-03,ses-01,ses-03->ses-01,ok
fbcnet,0,sub-013,ses-03,ses-01,ses-03->ses-01,ok
fbcnet,1,sub-013,ses-03,ses-01,ses-03->ses-01,ok
fbcnet,2,sub-013,ses-03,ses-01,ses-03->ses-01,ok
fbcnet,3,sub-013,ses-03,ses-01,ses-03->ses-01,ok
fbcnet,4,sub-013,ses-03,ses-01,ses-03->ses-01,ok
eegnet,0,sub-013,ses-03,ses-02,ses-03->ses-02,ok
eegnet,1,sub-013,ses-03,ses-02,ses-03->ses-02,ok
eegnet,2,sub-013,ses-03,ses-02,ses-03->ses-02,ok
eegnet,3,sub-013,ses-03,ses-02,ses-03->ses-02,ok
eegnet,4,sub-013,ses-03,ses-02,ses-03->ses-02,ok
deepconvnet,0,sub-013,ses-03,ses-02,ses-03->ses-02,ok
deepconvnet,1,sub-013,ses-03,ses-02,ses-03->ses-02,ok
deepconvnet,2,sub-013,ses-03,ses-02,ses-03->ses-02,ok
deepconvnet,3,sub-013,ses-03,ses-02,ses-03->ses-02,ok
deepconvnet,4,sub-013,ses-03,ses-02,ses-03->ses-02,ok
fbcnet,0,sub-013,ses-03,ses-02,ses-03->ses-02,ok
fbcnet,1,sub-013,ses-03,ses-02,ses-03->ses-02,ok
fbcnet,2,sub-013,ses-03,ses-02,ses-03->ses-02,ok
fbcnet,3,sub-013,ses-03,ses-02,ses-03->ses-02,ok
fbcnet,4,sub-013,ses-03,ses-02,ses-03->ses-02,ok
eegnet,0,sub-014,ses-01,ses-02,ses-01->ses-02,ok
eegnet,1,sub-014,ses-01,ses-02,ses-01->ses-02,ok
eegnet,2,sub-014,ses-01,ses-02,ses-01->ses-02,ok
eegnet,3,sub-014,ses-01,ses-02,ses-01->ses-02,ok
eegnet,4,sub-014,ses-01,ses-02,ses-01->ses-02,ok
deepconvnet,0,sub-014,ses-01,ses-02,ses-01->ses-02,ok
deepconvnet,1,sub-014,ses-01,ses-02,ses-01->ses-02,ok
deepconvnet,2,sub-014,ses-01,ses-02,ses-01->ses-02,ok
deepconvnet,3,sub-014,ses-01,ses-02,ses-01->ses-02,ok
deepconvnet,4,sub-014,ses-01,ses-02,ses-01->ses-02,ok
fbcnet,0,sub-014,ses-01,ses-02,ses-01->ses-02,ok
fbcnet,1,sub-014,ses-01,ses-02,ses-01->ses-02,ok
fbcnet,2,sub-014,ses-01,ses-02,ses-01->ses-02,ok
fbcnet,3,sub-014,ses-01,ses-02,ses-01->ses-02,ok
fbcnet,4,sub-014,ses-01,ses-02,ses-01->ses-02,ok
eegnet,0,sub-014,ses-01,ses-03,ses-01->ses-03,ok
eegnet,1,sub-014,ses-01,ses-03,ses-01->ses-03,ok
eegnet,2,sub-014,ses-01,ses-03,ses-01->ses-03,ok
eegnet,3,sub-014,ses-01,ses-03,ses-01->ses-03,ok
eegnet,4,sub-014,ses-01,ses-03,ses-01->ses-03,ok
deepconvnet,0,sub-014,ses-01,ses-03,ses-01->ses-03,ok
deepconvnet,1,sub-014,ses-01,ses-03,ses-01->ses-03,ok
deepconvnet,2,sub-014,ses-01,ses-03,ses-01->ses-03,ok
deepconvnet,3,sub-014,ses-01,ses-03,ses-01->ses-03,ok
deepconvnet,4,sub-014,ses-01,ses-03,ses-01->ses-03,ok
fbcnet,0,sub-014,ses-01,ses-03,ses-01->ses-03,ok
fbcnet,1,sub-014,ses-01,ses-03,ses-01->ses-03,ok
fbcnet,2,sub-014,ses-01,ses-03,ses-01->ses-03,ok
fbcnet,3,sub-014,ses-01,ses-03,ses-01->ses-03,ok
fbcnet,4,sub-014,ses-01,ses-03,ses-01->ses-03,ok
eegnet,0,sub-014,ses-02,ses-01,ses-02->ses-01,ok
eegnet,1,sub-014,ses-02,ses-01,ses-02->ses-01,ok
eegnet,2,sub-014,ses-02,ses-01,ses-02->ses-01,ok
eegnet,3,sub-014,ses-02,ses-01,ses-02->ses-01,ok
eegnet,4,sub-014,ses-02,ses-01,ses-02->ses-01,ok
deepconvnet,0,sub-014,ses-02,ses-01,ses-02->ses-01,ok
deepconvnet,1,sub-014,ses-02,ses-01,ses-02->ses-01,ok
deepconvnet,2,sub-014,ses-02,ses-01,ses-02->ses-01,ok
deepconvnet,3,sub-014,ses-02,ses-01,ses-02->ses-01,ok
deepconvnet,4,sub-014,ses-02,ses-01,ses-02->ses-01,ok
fbcnet,0,sub-014,ses-02,ses-01,ses-02->ses-01,ok
fbcnet,1,sub-014,ses-02,ses-01,ses-02->ses-01,ok
fbcnet,2,sub-014,ses-02,ses-01,ses-02->ses-01,ok
fbcnet,3,sub-014,ses-02,ses-01,ses-02->ses-01,ok
fbcnet,4,sub-014,ses-02,ses-01,ses-02->ses-01,ok
eegnet,0,sub-014,ses-02,ses-03,ses-02->ses-03,ok
eegnet,1,sub-014,ses-02,ses-03,ses-02->ses-03,ok
eegnet,2,sub-014,ses-02,ses-03,ses-02->ses-03,ok
eegnet,3,sub-014,ses-02,ses-03,ses-02->ses-03,ok
eegnet,4,sub-014,ses-02,ses-03,ses-02->ses-03,ok
deepconvnet,0,sub-014,ses-02,ses-03,ses-02->ses-03,ok
deepconvnet,1,sub-014,ses-02,ses-03,ses-02->ses-03,ok
deepconvnet,2,sub-014,ses-02,ses-03,ses-02->ses-03,ok
deepconvnet,3,sub-014,ses-02,ses-03,ses-02->ses-03,ok
deepconvnet,4,sub-014,ses-02,ses-03,ses-02->ses-03,ok
fbcnet,0,sub-014,ses-02,ses-03,ses-02->ses-03,ok
fbcnet,1,sub-014,ses-02,ses-03,ses-02->ses-03,ok
fbcnet,2,sub-014,ses-02,ses-03,ses-02->ses-03,ok
fbcnet,3,sub-014,ses-02,ses-03,ses-02->ses-03,ok
fbcnet,4,sub-014,ses-02,ses-03,ses-02->ses-03,ok
eegnet,0,sub-014,ses-03,ses-01,ses-03->ses-01,ok
eegnet,1,sub-014,ses-03,ses-01,ses-03->ses-01,ok
eegnet,2,sub-014,ses-03,ses-01,ses-03->ses-01,ok
eegnet,3,sub-014,ses-03,ses-01,ses-03->ses-01,ok
eegnet,4,sub-014,ses-03,ses-01,ses-03->ses-01,ok
deepconvnet,0,sub-014,ses-03,ses-01,ses-03->ses-01,ok
deepconvnet,1,sub-014,ses-03,ses-01,ses-03->ses-01,ok
deepconvnet,2,sub-014,ses-03,ses-01,ses-03->ses-01,ok
deepconvnet,3,sub-014,ses-03,ses-01,ses-03->ses-01,ok
deepconvnet,4,sub-014,ses-03,ses-01,ses-03->ses-01,ok
fbcnet,0,sub-014,ses-03,ses-01,ses-03->ses-01,ok
fbcnet,1,sub-014,ses-03,ses-01,ses-03->ses-01,ok
fbcnet,2,sub-014,ses-03,ses-01,ses-03->ses-01,ok
fbcnet,3,sub-014,ses-03,ses-01,ses-03->ses-01,ok
fbcnet,4,sub-014,ses-03,ses-01,ses-03->ses-01,ok
eegnet,0,sub-014,ses-03,ses-02,ses-03->ses-02,ok
eegnet,1,sub-014,ses-03,ses-02,ses-03->ses-02,ok
eegnet,2,sub-014,ses-03,ses-02,ses-03->ses-02,ok
eegnet,3,sub-014,ses-03,ses-02,ses-03->ses-02,ok
eegnet,4,sub-014,ses-03,ses-02,ses-03->ses-02,ok
deepconvnet,0,sub-014,ses-03,ses-02,ses-03->ses-02,ok
deepconvnet,1,sub-014,ses-03,ses-02,ses-03->ses-02,ok
deepconvnet,2,sub-014,ses-03,ses-02,ses-03->ses-02,ok
deepconvnet,3,sub-014,ses-03,ses-02,ses-03->ses-02,ok
deepconvnet,4,sub-014,ses-03,ses-02,ses-03->ses-02,ok
fbcnet,0,sub-014,ses-03,ses-02,ses-03->ses-02,ok
fbcnet,1,sub-014,ses-03,ses-02,ses-03->ses-02,ok
fbcnet,2,sub-014,ses-03,ses-02,ses-03->ses-02,ok
fbcnet,3,sub-014,ses-03,ses-02,ses-03->ses-02,ok
fbcnet,4,sub-014,ses-03,ses-02,ses-03->ses-02,ok
eegnet,0,sub-015,ses-01,ses-02,ses-01->ses-02,ok
eegnet,1,sub-015,ses-01,ses-02,ses-01->ses-02,ok
eegnet,2,sub-015,ses-01,ses-02,ses-01->ses-02,ok
eegnet,3,sub-015,ses-01,ses-02,ses-01->ses-02,ok
eegnet,4,sub-015,ses-01,ses-02,ses-01->ses-02,ok
deepconvnet,0,sub-015,ses-01,ses-02,ses-01->ses-02,ok
deepconvnet,1,sub-015,ses-01,ses-02,ses-01->ses-02,ok
deepconvnet,2,sub-015,ses-01,ses-02,ses-01->ses-02,ok
deepconvnet,3,sub-015,ses-01,ses-02,ses-01->ses-02,ok
deepconvnet,4,sub-015,ses-01,ses-02,ses-01->ses-02,ok
fbcnet,0,sub-015,ses-01,ses-02,ses-01->ses-02,ok
fbcnet,1,sub-015,ses-01,ses-02,ses-01->ses-02,ok
fbcnet,2,sub-015,ses-01,ses-02,ses-01->ses-02,ok
fbcnet,3,sub-015,ses-01,ses-02,ses-01->ses-02,ok
fbcnet,4,sub-015,ses-01,ses-02,ses-01->ses-02,ok
eegnet,0,sub-015,ses-01,ses-03,ses-01->ses-03,ok
eegnet,1,sub-015,ses-01,ses-03,ses-01->ses-03,ok
eegnet,2,sub-015,ses-01,ses-03,ses-01->ses-03,ok
eegnet,3,sub-015,ses-01,ses-03,ses-01->ses-03,ok
eegnet,4,sub-015,ses-01,ses-03,ses-01->ses-03,ok
deepconvnet,0,sub-015,ses-01,ses-03,ses-01->ses-03,ok
deepconvnet,1,sub-015,ses-01,ses-03,ses-01->ses-03,ok
deepconvnet,2,sub-015,ses-01,ses-03,ses-01->ses-03,ok
deepconvnet,3,sub-015,ses-01,ses-03,ses-01->ses-03,ok
deepconvnet,4,sub-015,ses-01,ses-03,ses-01->ses-03,ok
fbcnet,0,sub-015,ses-01,ses-03,ses-01->ses-03,ok
fbcnet,1,sub-015,ses-01,ses-03,ses-01->ses-03,ok
fbcnet,2,sub-015,ses-01,ses-03,ses-01->ses-03,ok
fbcnet,3,sub-015,ses-01,ses-03,ses-01->ses-03,ok
fbcnet,4,sub-015,ses-01,ses-03,ses-01->ses-03,ok
eegnet,0,sub-015,ses-02,ses-01,ses-02->ses-01,ok
eegnet,1,sub-015,ses-02,ses-01,ses-02->ses-01,ok
eegnet,2,sub-015,ses-02,ses-01,ses-02->ses-01,ok
eegnet,3,sub-015,ses-02,ses-01,ses-02->ses-01,ok
eegnet,4,sub-015,ses-02,ses-01,ses-02->ses-01,ok
deepconvnet,0,sub-015,ses-02,ses-01,ses-02->ses-01,ok
deepconvnet,1,sub-015,ses-02,ses-01,ses-02->ses-01,ok
deepconvnet,2,sub-015,ses-02,ses-01,ses-02->ses-01,ok
deepconvnet,3,sub-015,ses-02,ses-01,ses-02->ses-01,ok
deepconvnet,4,sub-015,ses-02,ses-01,ses-02->ses-01,ok
fbcnet,0,sub-015,ses-02,ses-01,ses-02->ses-01,ok
fbcnet,1,sub-015,ses-02,ses-01,ses-02->ses-01,ok
fbcnet,2,sub-015,ses-02,ses-01,ses-02->ses-01,ok
fbcnet,3,sub-015,ses-02,ses-01,ses-02->ses-01,ok
fbcnet,4,sub-015,ses-02,ses-01,ses-02->ses-01,ok
eegnet,0,sub-015,ses-02,ses-03,ses-02->ses-03,ok
eegnet,1,sub-015,ses-02,ses-03,ses-02->ses-03,ok
eegnet,2,sub-015,ses-02,ses-03,ses-02->ses-03,ok
eegnet,3,sub-015,ses-02,ses-03,ses-02->ses-03,ok
eegnet,4,sub-015,ses-02,ses-03,ses-02->ses-03,ok
deepconvnet,0,sub-015,ses-02,ses-03,ses-02->ses-03,ok
deepconvnet,1,sub-015,ses-02,ses-03,ses-02->ses-03,ok
deepconvnet,2,sub-015,ses-02,ses-03,ses-02->ses-03,ok
deepconvnet,3,sub-015,ses-02,ses-03,ses-02->ses-03,ok
deepconvnet,4,sub-015,ses-02,ses-03,ses-02->ses-03,ok
fbcnet,0,sub-015,ses-02,ses-03,ses-02->ses-03,ok
fbcnet,1,sub-015,ses-02,ses-03,ses-02->ses-03,ok
fbcnet,2,sub-015,ses-02,ses-03,ses-02->ses-03,ok
fbcnet,3,sub-015,ses-02,ses-03,ses-02->ses-03,ok
fbcnet,4,sub-015,ses-02,ses-03,ses-02->ses-03,ok
eegnet,0,sub-015,ses-03,ses-01,ses-03->ses-01,ok
eegnet,1,sub-015,ses-03,ses-01,ses-03->ses-01,ok
eegnet,2,sub-015,ses-03,ses-01,ses-03->ses-01,ok
eegnet,3,sub-015,ses-03,ses-01,ses-03->ses-01,ok
eegnet,4,sub-015,ses-03,ses-01,ses-03->ses-01,ok
deepconvnet,0,sub-015,ses-03,ses-01,ses-03->ses-01,ok
deepconvnet,1,sub-015,ses-03,ses-01,ses-03->ses-01,ok
deepconvnet,2,sub-015,ses-03,ses-01,ses-03->ses-01,ok
deepconvnet,3,sub-015,ses-03,ses-01,ses-03->ses-01,ok
deepconvnet,4,sub-015,ses-03,ses-01,ses-03->ses-01,ok
fbcnet,0,sub-015,ses-03,ses-01,ses-03->ses-01,ok
fbcnet,1,sub-015,ses-03,ses-01,ses-03->ses-01,ok
fbcnet,2,sub-015,ses-03,ses-01,ses-03->ses-01,ok
fbcnet,3,sub-015,ses-03,ses-01,ses-03->ses-01,ok
fbcnet,4,sub-015,ses-03,ses-01,ses-03->ses-01,ok
eegnet,0,sub-015,ses-03,ses-02,ses-03->ses-02,ok
eegnet,1,sub-015,ses-03,ses-02,ses-03->ses-02,ok
eegnet,2,sub-015,ses-03,ses-02,ses-03->ses-02,ok
eegnet,3,sub-015,ses-03,ses-02,ses-03->ses-02,ok
eegnet,4,sub-015,ses-03,ses-02,ses-03->ses-02,ok
deepconvnet,0,sub-015,ses-03,ses-02,ses-03->ses-02,ok
deepconvnet,1,sub-015,ses-03,ses-02,ses-03->ses-02,ok
deepconvnet,2,sub-015,ses-03,ses-02,ses-03->ses-02,ok
deepconvnet,3,sub-015,ses-03,ses-02,ses-03->ses-02,ok
deepconvnet,4,sub-015,ses-03,ses-02,ses-03->ses-02,ok
fbcnet,0,sub-015,ses-03,ses-02,ses-03->ses-02,ok
fbcnet,1,sub-015,ses-03,ses-02,ses-03->ses-02,ok
fbcnet,2,sub-015,ses-03,ses-02,ses-03->ses-02,ok
fbcnet,3,sub-015,ses-03,ses-02,ses-03->ses-02,ok
fbcnet,4,sub-015,ses-03,ses-02,ses-03->ses-02,ok
eegnet,0,sub-016,ses-01,ses-02,ses-01->ses-02,ok
eegnet,1,sub-016,ses-01,ses-02,ses-01->ses-02,ok
eegnet,2,sub-016,ses-01,ses-02,ses-01->ses-02,ok
eegnet,3,sub-016,ses-01,ses-02,ses-01->ses-02,ok
eegnet,4,sub-016,ses-01,ses-02,ses-01->ses-02,ok
deepconvnet,0,sub-016,ses-01,ses-02,ses-01->ses-02,ok
deepconvnet,1,sub-016,ses-01,ses-02,ses-01->ses-02,ok
deepconvnet,2,sub-016,ses-01,ses-02,ses-01->ses-02,ok
deepconvnet,3,sub-016,ses-01,ses-02,ses-01->ses-02,ok
deepconvnet,4,sub-016,ses-01,ses-02,ses-01->ses-02,ok
fbcnet,0,sub-016,ses-01,ses-02,ses-01->ses-02,ok
fbcnet,1,sub-016,ses-01,ses-02,ses-01->ses-02,ok
fbcnet,2,sub-016,ses-01,ses-02,ses-01->ses-02,ok
fbcnet,3,sub-016,ses-01,ses-02,ses-01->ses-02,ok
fbcnet,4,sub-016,ses-01,ses-02,ses-01->ses-02,ok
eegnet,0,sub-016,ses-01,ses-03,ses-01->ses-03,ok
eegnet,1,sub-016,ses-01,ses-03,ses-01->ses-03,ok
eegnet,2,sub-016,ses-01,ses-03,ses-01->ses-03,ok
eegnet,3,sub-016,ses-01,ses-03,ses-01->ses-03,ok
eegnet,4,sub-016,ses-01,ses-03,ses-01->ses-03,ok
deepconvnet,0,sub-016,ses-01,ses-03,ses-01->ses-03,ok
deepconvnet,1,sub-016,ses-01,ses-03,ses-01->ses-03,ok
deepconvnet,2,sub-016,ses-01,ses-03,ses-01->ses-03,ok
deepconvnet,3,sub-016,ses-01,ses-03,ses-01->ses-03,ok
deepconvnet,4,sub-016,ses-01,ses-03,ses-01->ses-03,ok
fbcnet,0,sub-016,ses-01,ses-03,ses-01->ses-03,ok
fbcnet,1,sub-016,ses-01,ses-03,ses-01->ses-03,ok
fbcnet,2,sub-016,ses-01,ses-03,ses-01->ses-03,ok
fbcnet,3,sub-016,ses-01,ses-03,ses-01->ses-03,ok
fbcnet,4,sub-016,ses-01,ses-03,ses-01->ses-03,ok
eegnet,0,sub-016,ses-02,ses-01,ses-02->ses-01,ok
eegnet,1,sub-016,ses-02,ses-01,ses-02->ses-01,ok
eegnet,2,sub-016,ses-02,ses-01,ses-02->ses-01,ok
eegnet,3,sub-016,ses-02,ses-01,ses-02->ses-01,ok
eegnet,4,sub-016,ses-02,ses-01,ses-02->ses-01,ok
deepconvnet,0,sub-016,ses-02,ses-01,ses-02->ses-01,ok
deepconvnet,1,sub-016,ses-02,ses-01,ses-02->ses-01,ok
deepconvnet,2,sub-016,ses-02,ses-01,ses-02->ses-01,ok
deepconvnet,3,sub-016,ses-02,ses-01,ses-02->ses-01,ok
deepconvnet,4,sub-016,ses-02,ses-01,ses-02->ses-01,ok
fbcnet,0,sub-016,ses-02,ses-01,ses-02->ses-01,ok
fbcnet,1,sub-016,ses-02,ses-01,ses-02->ses-01,ok
fbcnet,2,sub-016,ses-02,ses-01,ses-02->ses-01,ok
fbcnet,3,sub-016,ses-02,ses-01,ses-02->ses-01,ok
fbcnet,4,sub-016,ses-02,ses-01,ses-02->ses-01,ok
eegnet,0,sub-016,ses-02,ses-03,ses-02->ses-03,ok
eegnet,1,sub-016,ses-02,ses-03,ses-02->ses-03,ok
eegnet,2,sub-016,ses-02,ses-03,ses-02->ses-03,ok
eegnet,3,sub-016,ses-02,ses-03,ses-02->ses-03,ok
eegnet,4,sub-016,ses-02,ses-03,ses-02->ses-03,ok
deepconvnet,0,sub-016,ses-02,ses-03,ses-02->ses-03,ok
deepconvnet,1,sub-016,ses-02,ses-03,ses-02->ses-03,ok
deepconvnet,2,sub-016,ses-02,ses-03,ses-02->ses-03,ok
deepconvnet,3,sub-016,ses-02,ses-03,ses-02->ses-03,ok
deepconvnet,4,sub-016,ses-02,ses-03,ses-02->ses-03,ok
fbcnet,0,sub-016,ses-02,ses-03,ses-02->ses-03,ok
fbcnet,1,sub-016,ses-02,ses-03,ses-02->ses-03,ok
fbcnet,2,sub-016,ses-02,ses-03,ses-02->ses-03,ok
fbcnet,3,sub-016,ses-02,ses-03,ses-02->ses-03,ok
fbcnet,4,sub-016,ses-02,ses-03,ses-02->ses-03,ok
eegnet,0,sub-016,ses-03,ses-01,ses-03->ses-01,ok
eegnet,1,sub-016,ses-03,ses-01,ses-03->ses-01,ok
eegnet,2,sub-016,ses-03,ses-01,ses-03->ses-01,ok
eegnet,3,sub-016,ses-03,ses-01,ses-03->ses-01,ok
eegnet,4,sub-016,ses-03,ses-01,ses-03->ses-01,ok
deepconvnet,0,sub-016,ses-03,ses-01,ses-03->ses-01,ok
deepconvnet,1,sub-016,ses-03,ses-01,ses-03->ses-01,ok
deepconvnet,2,sub-016,ses-03,ses-01,ses-03->ses-01,ok
deepconvnet,3,sub-016,ses-03,ses-01,ses-03->ses-01,ok
deepconvnet,4,sub-016,ses-03,ses-01,ses-03->ses-01,ok
fbcnet,0,sub-016,ses-03,ses-01,ses-03->ses-01,ok
fbcnet,1,sub-016,ses-03,ses-01,ses-03->ses-01,ok
fbcnet,2,sub-016,ses-03,ses-01,ses-03->ses-01,ok
fbcnet,3,sub-016,ses-03,ses-01,ses-03->ses-01,ok
fbcnet,4,sub-016,ses-03,ses-01,ses-03->ses-01,ok
eegnet,0,sub-016,ses-03,ses-02,ses-03->ses-02,ok
eegnet,1,sub-016,ses-03,ses-02,ses-03->ses-02,ok
eegnet,2,sub-016,ses-03,ses-02,ses-03->ses-02,ok
eegnet,3,sub-016,ses-03,ses-02,ses-03->ses-02,ok
eegnet,4,sub-016,ses-03,ses-02,ses-03->ses-02,ok
deepconvnet,0,sub-016,ses-03,ses-02,ses-03->ses-02,ok
deepconvnet,1,sub-016,ses-03,ses-02,ses-03->ses-02,ok
deepconvnet,2,sub-016,ses-03,ses-02,ses-03->ses-02,ok
deepconvnet,3,sub-016,ses-03,ses-02,ses-03->ses-02,ok
deepconvnet,4,sub-016,ses-03,ses-02,ses-03->ses-02,ok
fbcnet,0,sub-016,ses-03,ses-02,ses-03->ses-02,ok
fbcnet,1,sub-016,ses-03,ses-02,ses-03->ses-02,ok
fbcnet,2,sub-016,ses-03,ses-02,ses-03->ses-02,ok
fbcnet,3,sub-016,ses-03,ses-02,ses-03->ses-02,ok
fbcnet,4,sub-016,ses-03,ses-02,ses-03->ses-02,ok
eegnet,0,sub-017,ses-01,ses-02,ses-01->ses-02,ok
eegnet,1,sub-017,ses-01,ses-02,ses-01->ses-02,ok
eegnet,2,sub-017,ses-01,ses-02,ses-01->ses-02,ok
eegnet,3,sub-017,ses-01,ses-02,ses-01->ses-02,ok
eegnet,4,sub-017,ses-01,ses-02,ses-01->ses-02,ok
deepconvnet,0,sub-017,ses-01,ses-02,ses-01->ses-02,ok
deepconvnet,1,sub-017,ses-01,ses-02,ses-01->ses-02,ok
deepconvnet,2,sub-017,ses-01,ses-02,ses-01->ses-02,ok
deepconvnet,3,sub-017,ses-01,ses-02,ses-01->ses-02,ok
deepconvnet,4,sub-017,ses-01,ses-02,ses-01->ses-02,ok
fbcnet,0,sub-017,ses-01,ses-02,ses-01->ses-02,ok
fbcnet,1,sub-017,ses-01,ses-02,ses-01->ses-02,ok
fbcnet,2,sub-017,ses-01,ses-02,ses-01->ses-02,ok
fbcnet,3,sub-017,ses-01,ses-02,ses-01->ses-02,ok
fbcnet,4,sub-017,ses-01,ses-02,ses-01->ses-02,ok
eegnet,0,sub-017,ses-01,ses-03,ses-01->ses-03,ok
eegnet,1,sub-017,ses-01,ses-03,ses-01->ses-03,ok
eegnet,2,sub-017,ses-01,ses-03,ses-01->ses-03,ok
eegnet,3,sub-017,ses-01,ses-03,ses-01->ses-03,ok
eegnet,4,sub-017,ses-01,ses-03,ses-01->ses-03,ok
deepconvnet,0,sub-017,ses-01,ses-03,ses-01->ses-03,ok
deepconvnet,1,sub-017,ses-01,ses-03,ses-01->ses-03,ok
deepconvnet,2,sub-017,ses-01,ses-03,ses-01->ses-03,ok
deepconvnet,3,sub-017,ses-01,ses-03,ses-01->ses-03,ok
deepconvnet,4,sub-017,ses-01,ses-03,ses-01->ses-03,ok
fbcnet,0,sub-017,ses-01,ses-03,ses-01->ses-03,ok
fbcnet,1,sub-017,ses-01,ses-03,ses-01->ses-03,ok
fbcnet,2,sub-017,ses-01,ses-03,ses-01->ses-03,ok
fbcnet,3,sub-017,ses-01,ses-03,ses-01->ses-03,ok
fbcnet,4,sub-017,ses-01,ses-03,ses-01->ses-03,ok
eegnet,0,sub-017,ses-02,ses-01,ses-02->ses-01,ok
eegnet,1,sub-017,ses-02,ses-01,ses-02->ses-01,ok
eegnet,2,sub-017,ses-02,ses-01,ses-02->ses-01,ok
eegnet,3,sub-017,ses-02,ses-01,ses-02->ses-01,ok
eegnet,4,sub-017,ses-02,ses-01,ses-02->ses-01,ok
deepconvnet,0,sub-017,ses-02,ses-01,ses-02->ses-01,ok
deepconvnet,1,sub-017,ses-02,ses-01,ses-02->ses-01,ok
deepconvnet,2,sub-017,ses-02,ses-01,ses-02->ses-01,ok
deepconvnet,3,sub-017,ses-02,ses-01,ses-02->ses-01,ok
deepconvnet,4,sub-017,ses-02,ses-01,ses-02->ses-01,ok
fbcnet,0,sub-017,ses-02,ses-01,ses-02->ses-01,ok
fbcnet,1,sub-017,ses-02,ses-01,ses-02->ses-01,ok
fbcnet,2,sub-017,ses-02,ses-01,ses-02->ses-01,ok
fbcnet,3,sub-017,ses-02,ses-01,ses-02->ses-01,ok
fbcnet,4,sub-017,ses-02,ses-01,ses-02->ses-01,ok
eegnet,0,sub-017,ses-02,ses-03,ses-02->ses-03,ok
eegnet,1,sub-017,ses-02,ses-03,ses-02->ses-03,ok
eegnet,2,sub-017,ses-02,ses-03,ses-02->ses-03,ok
eegnet,3,sub-017,ses-02,ses-03,ses-02->ses-03,ok
eegnet,4,sub-017,ses-02,ses-03,ses-02->ses-03,ok
deepconvnet,0,sub-017,ses-02,ses-03,ses-02->ses-03,ok
deepconvnet,1,sub-017,ses-02,ses-03,ses-02->ses-03,ok
deepconvnet,2,sub-017,ses-02,ses-03,ses-02->ses-03,ok
deepconvnet,3,sub-017,ses-02,ses-03,ses-02->ses-03,ok
deepconvnet,4,sub-017,ses-02,ses-03,ses-02->ses-03,ok
fbcnet,0,sub-017,ses-02,ses-03,ses-02->ses-03,ok
fbcnet,1,sub-017,ses-02,ses-03,ses-02->ses-03,ok
fbcnet,2,sub-017,ses-02,ses-03,ses-02->ses-03,ok
fbcnet,3,sub-017,ses-02,ses-03,ses-02->ses-03,ok
fbcnet,4,sub-017,ses-02,ses-03,ses-02->ses-03,ok
eegnet,0,sub-017,ses-03,ses-01,ses-03->ses-01,ok
eegnet,1,sub-017,ses-03,ses-01,ses-03->ses-01,ok
eegnet,2,sub-017,ses-03,ses-01,ses-03->ses-01,ok
eegnet,3,sub-017,ses-03,ses-01,ses-03->ses-01,ok
eegnet,4,sub-017,ses-03,ses-01,ses-03->ses-01,ok
deepconvnet,0,sub-017,ses-03,ses-01,ses-03->ses-01,ok
deepconvnet,1,sub-017,ses-03,ses-01,ses-03->ses-01,ok
deepconvnet,2,sub-017,ses-03,ses-01,ses-03->ses-01,ok
deepconvnet,3,sub-017,ses-03,ses-01,ses-03->ses-01,ok
deepconvnet,4,sub-017,ses-03,ses-01,ses-03->ses-01,ok
fbcnet,0,sub-017,ses-03,ses-01,ses-03->ses-01,ok
fbcnet,1,sub-017,ses-03,ses-01,ses-03->ses-01,ok
fbcnet,2,sub-017,ses-03,ses-01,ses-03->ses-01,ok
fbcnet,3,sub-017,ses-03,ses-01,ses-03->ses-01,ok
fbcnet,4,sub-017,ses-03,ses-01,ses-03->ses-01,ok
eegnet,0,sub-017,ses-03,ses-02,ses-03->ses-02,ok
eegnet,1,sub-017,ses-03,ses-02,ses-03->ses-02,ok
eegnet,2,sub-017,ses-03,ses-02,ses-03->ses-02,ok
eegnet,3,sub-017,ses-03,ses-02,ses-03->ses-02,ok
eegnet,4,sub-017,ses-03,ses-02,ses-03->ses-02,ok
deepconvnet,0,sub-017,ses-03,ses-02,ses-03->ses-02,ok
deepconvnet,1,sub-017,ses-03,ses-02,ses-03->ses-02,ok
deepconvnet,2,sub-017,ses-03,ses-02,ses-03->ses-02,ok
deepconvnet,3,sub-017,ses-03,ses-02,ses-03->ses-02,ok
deepconvnet,4,sub-017,ses-03,ses-02,ses-03->ses-02,ok
fbcnet,0,sub-017,ses-03,ses-02,ses-03->ses-02,ok
fbcnet,1,sub-017,ses-03,ses-02,ses-03->ses-02,ok
fbcnet,2,sub-017,ses-03,ses-02,ses-03->ses-02,ok
fbcnet,3,sub-017,ses-03,ses-02,ses-03->ses-02,ok
fbcnet,4,sub-017,ses-03,ses-02,ses-03->ses-02,ok
eegnet,0,sub-018,ses-01,ses-02,ses-01->ses-02,ok
eegnet,1,sub-018,ses-01,ses-02,ses-01->ses-02,ok
eegnet,2,sub-018,ses-01,ses-02,ses-01->ses-02,ok
eegnet,3,sub-018,ses-01,ses-02,ses-01->ses-02,ok
eegnet,4,sub-018,ses-01,ses-02,ses-01->ses-02,ok
deepconvnet,0,sub-018,ses-01,ses-02,ses-01->ses-02,ok
deepconvnet,1,sub-018,ses-01,ses-02,ses-01->ses-02,ok
deepconvnet,2,sub-018,ses-01,ses-02,ses-01->ses-02,ok
deepconvnet,3,sub-018,ses-01,ses-02,ses-01->ses-02,ok
deepconvnet,4,sub-018,ses-01,ses-02,ses-01->ses-02,ok
fbcnet,0,sub-018,ses-01,ses-02,ses-01->ses-02,ok
fbcnet,1,sub-018,ses-01,ses-02,ses-01->ses-02,ok
fbcnet,2,sub-018,ses-01,ses-02,ses-01->ses-02,ok
fbcnet,3,sub-018,ses-01,ses-02,ses-01->ses-02,ok
fbcnet,4,sub-018,ses-01,ses-02,ses-01->ses-02,ok
eegnet,0,sub-018,ses-01,ses-03,ses-01->ses-03,ok
eegnet,1,sub-018,ses-01,ses-03,ses-01->ses-03,ok
eegnet,2,sub-018,ses-01,ses-03,ses-01->ses-03,ok
eegnet,3,sub-018,ses-01,ses-03,ses-01->ses-03,ok
eegnet,4,sub-018,ses-01,ses-03,ses-01->ses-03,ok
deepconvnet,0,sub-018,ses-01,ses-03,ses-01->ses-03,ok
deepconvnet,1,sub-018,ses-01,ses-03,ses-01->ses-03,ok
deepconvnet,2,sub-018,ses-01,ses-03,ses-01->ses-03,ok
deepconvnet,3,sub-018,ses-01,ses-03,ses-01->ses-03,ok
deepconvnet,4,sub-018,ses-01,ses-03,ses-01->ses-03,ok
fbcnet,0,sub-018,ses-01,ses-03,ses-01->ses-03,ok
fbcnet,1,sub-018,ses-01,ses-03,ses-01->ses-03,ok
fbcnet,2,sub-018,ses-01,ses-03,ses-01->ses-03,ok
fbcnet,3,sub-018,ses-01,ses-03,ses-01->ses-03,ok
fbcnet,4,sub-018,ses-01,ses-03,ses-01->ses-03,ok
eegnet,0,sub-018,ses-02,ses-01,ses-02->ses-01,ok
eegnet,1,sub-018,ses-02,ses-01,ses-02->ses-01,ok
eegnet,2,sub-018,ses-02,ses-01,ses-02->ses-01,ok
eegnet,3,sub-018,ses-02,ses-01,ses-02->ses-01,ok
eegnet,4,sub-018,ses-02,ses-01,ses-02->ses-01,ok
deepconvnet,0,sub-018,ses-02,ses-01,ses-02->ses-01,ok
deepconvnet,1,sub-018,ses-02,ses-01,ses-02->ses-01,ok
deepconvnet,2,sub-018,ses-02,ses-01,ses-02->ses-01,ok
deepconvnet,3,sub-018,ses-02,ses-01,ses-02->ses-01,ok
deepconvnet,4,sub-018,ses-02,ses-01,ses-02->ses-01,ok
fbcnet,0,sub-018,ses-02,ses-01,ses-02->ses-01,ok
fbcnet,1,sub-018,ses-02,ses-01,ses-02->ses-01,ok
fbcnet,2,sub-018,ses-02,ses-01,ses-02->ses-01,ok
fbcnet,3,sub-018,ses-02,ses-01,ses-02->ses-01,ok
fbcnet,4,sub-018,ses-02,ses-01,ses-02->ses-01,ok
eegnet,0,sub-018,ses-02,ses-03,ses-02->ses-03,ok
eegnet,1,sub-018,ses-02,ses-03,ses-02->ses-03,ok
eegnet,2,sub-018,ses-02,ses-03,ses-02->ses-03,ok
eegnet,3,sub-018,ses-02,ses-03,ses-02->ses-03,ok
eegnet,4,sub-018,ses-02,ses-03,ses-02->ses-03,ok
deepconvnet,0,sub-018,ses-02,ses-03,ses-02->ses-03,ok
deepconvnet,1,sub-018,ses-02,ses-03,ses-02->ses-03,ok
deepconvnet,2,sub-018,ses-02,ses-03,ses-02->ses-03,ok
deepconvnet,3,sub-018,ses-02,ses-03,ses-02->ses-03,ok
deepconvnet,4,sub-018,ses-02,ses-03,ses-02->ses-03,ok
fbcnet,0,sub-018,ses-02,ses-03,ses-02->ses-03,ok
fbcnet,1,sub-018,ses-02,ses-03,ses-02->ses-03,ok
fbcnet,2,sub-018,ses-02,ses-03,ses-02->ses-03,ok
fbcnet,3,sub-018,ses-02,ses-03,ses-02->ses-03,ok
fbcnet,4,sub-018,ses-02,ses-03,ses-02->ses-03,ok
eegnet,0,sub-018,ses-03,ses-01,ses-03->ses-01,ok
eegnet,1,sub-018,ses-03,ses-01,ses-03->ses-01,ok
eegnet,2,sub-018,ses-03,ses-01,ses-03->ses-01,ok
eegnet,3,sub-018,ses-03,ses-01,ses-03->ses-01,ok
eegnet,4,sub-018,ses-03,ses-01,ses-03->ses-01,ok
deepconvnet,0,sub-018,ses-03,ses-01,ses-03->ses-01,ok
deepconvnet,1,sub-018,ses-03,ses-01,ses-03->ses-01,ok
deepconvnet,2,sub-018,ses-03,ses-01,ses-03->ses-01,ok
deepconvnet,3,sub-018,ses-03,ses-01,ses-03->ses-01,ok
deepconvnet,4,sub-018,ses-03,ses-01,ses-03->ses-01,ok
fbcnet,0,sub-018,ses-03,ses-01,ses-03->ses-01,ok
fbcnet,1,sub-018,ses-03,ses-01,ses-03->ses-01,ok
fbcnet,2,sub-018,ses-03,ses-01,ses-03->ses-01,ok
fbcnet,3,sub-018,ses-03,ses-01,ses-03->ses-01,ok
fbcnet,4,sub-018,ses-03,ses-01,ses-03->ses-01,ok
eegnet,0,sub-018,ses-03,ses-02,ses-03->ses-02,ok
eegnet,1,sub-018,ses-03,ses-02,ses-03->ses-02,ok
eegnet,2,sub-018,ses-03,ses-02,ses-03->ses-02,ok
eegnet,3,sub-018,ses-03,ses-02,ses-03->ses-02,ok
eegnet,4,sub-018,ses-03,ses-02,ses-03->ses-02,ok
deepconvnet,0,sub-018,ses-03,ses-02,ses-03->ses-02,ok
deepconvnet,1,sub-018,ses-03,ses-02,ses-03->ses-02,ok
deepconvnet,2,sub-018,ses-03,ses-02,ses-03->ses-02,ok
deepconvnet,3,sub-018,ses-03,ses-02,ses-03->ses-02,ok
deepconvnet,4,sub-018,ses-03,ses-02,ses-03->ses-02,ok
fbcnet,0,sub-018,ses-03,ses-02,ses-03->ses-02,ok
fbcnet,1,sub-018,ses-03,ses-02,ses-03->ses-02,ok
fbcnet,2,sub-018,ses-03,ses-02,ses-03->ses-02,ok
fbcnet,3,sub-018,ses-03,ses-02,ses-03->ses-02,ok
fbcnet,4,sub-018,ses-03,ses-02,ses-03->ses-02,ok
eegnet,0,sub-019,ses-01,ses-02,ses-01->ses-02,ok
eegnet,1,sub-019,ses-01,ses-02,ses-01->ses-02,ok
eegnet,2,sub-019,ses-01,ses-02,ses-01->ses-02,ok
eegnet,3,sub-019,ses-01,ses-02,ses-01->ses-02,ok
eegnet,4,sub-019,ses-01,ses-02,ses-01->ses-02,ok
deepconvnet,0,sub-019,ses-01,ses-02,ses-01->ses-02,ok
deepconvnet,1,sub-019,ses-01,ses-02,ses-01->ses-02,ok
deepconvnet,2,sub-019,ses-01,ses-02,ses-01->ses-02,ok
deepconvnet,3,sub-019,ses-01,ses-02,ses-01->ses-02,ok
deepconvnet,4,sub-019,ses-01,ses-02,ses-01->ses-02,ok
fbcnet,0,sub-019,ses-01,ses-02,ses-01->ses-02,ok
fbcnet,1,sub-019,ses-01,ses-02,ses-01->ses-02,ok
fbcnet,2,sub-019,ses-01,ses-02,ses-01->ses-02,ok
fbcnet,3,sub-019,ses-01,ses-02,ses-01->ses-02,ok
fbcnet,4,sub-019,ses-01,ses-02,ses-01->ses-02,ok
eegnet,0,sub-019,ses-01,ses-03,ses-01->ses-03,ok
eegnet,1,sub-019,ses-01,ses-03,ses-01->ses-03,ok
eegnet,2,sub-019,ses-01,ses-03,ses-01->ses-03,ok
eegnet,3,sub-019,ses-01,ses-03,ses-01->ses-03,ok
eegnet,4,sub-019,ses-01,ses-03,ses-01->ses-03,ok
deepconvnet,0,sub-019,ses-01,ses-03,ses-01->ses-03,ok
deepconvnet,1,sub-019,ses-01,ses-03,ses-01->ses-03,ok
deepconvnet,2,sub-019,ses-01,ses-03,ses-01->ses-03,ok
deepconvnet,3,sub-019,ses-01,ses-03,ses-01->ses-03,ok
deepconvnet,4,sub-019,ses-01,ses-03,ses-01->ses-03,ok
fbcnet,0,sub-019,ses-01,ses-03,ses-01->ses-03,ok
fbcnet,1,sub-019,ses-01,ses-03,ses-01->ses-03,ok
fbcnet,2,sub-019,ses-01,ses-03,ses-01->ses-03,ok
fbcnet,3,sub-019,ses-01,ses-03,ses-01->ses-03,ok
fbcnet,4,sub-019,ses-01,ses-03,ses-01->ses-03,ok
eegnet,0,sub-019,ses-02,ses-01,ses-02->ses-01,ok
eegnet,1,sub-019,ses-02,ses-01,ses-02->ses-01,ok
eegnet,2,sub-019,ses-02,ses-01,ses-02->ses-01,ok
eegnet,3,sub-019,ses-02,ses-01,ses-02->ses-01,ok
eegnet,4,sub-019,ses-02,ses-01,ses-02->ses-01,ok
deepconvnet,0,sub-019,ses-02,ses-01,ses-02->ses-01,ok
deepconvnet,1,sub-019,ses-02,ses-01,ses-02->ses-01,ok
deepconvnet,2,sub-019,ses-02,ses-01,ses-02->ses-01,ok
deepconvnet,3,sub-019,ses-02,ses-01,ses-02->ses-01,ok
deepconvnet,4,sub-019,ses-02,ses-01,ses-02->ses-01,ok
fbcnet,0,sub-019,ses-02,ses-01,ses-02->ses-01,ok
fbcnet,1,sub-019,ses-02,ses-01,ses-02->ses-01,ok
fbcnet,2,sub-019,ses-02,ses-01,ses-02->ses-01,ok
fbcnet,3,sub-019,ses-02,ses-01,ses-02->ses-01,ok
fbcnet,4,sub-019,ses-02,ses-01,ses-02->ses-01,ok
eegnet,0,sub-019,ses-02,ses-03,ses-02->ses-03,ok
eegnet,1,sub-019,ses-02,ses-03,ses-02->ses-03,ok
eegnet,2,sub-019,ses-02,ses-03,ses-02->ses-03,ok
eegnet,3,sub-019,ses-02,ses-03,ses-02->ses-03,ok
eegnet,4,sub-019,ses-02,ses-03,ses-02->ses-03,ok
deepconvnet,0,sub-019,ses-02,ses-03,ses-02->ses-03,ok
deepconvnet,1,sub-019,ses-02,ses-03,ses-02->ses-03,ok
deepconvnet,2,sub-019,ses-02,ses-03,ses-02->ses-03,ok
deepconvnet,3,sub-019,ses-02,ses-03,ses-02->ses-03,ok
deepconvnet,4,sub-019,ses-02,ses-03,ses-02->ses-03,ok
fbcnet,0,sub-019,ses-02,ses-03,ses-02->ses-03,ok
fbcnet,1,sub-019,ses-02,ses-03,ses-02->ses-03,ok
fbcnet,2,sub-019,ses-02,ses-03,ses-02->ses-03,ok
fbcnet,3,sub-019,ses-02,ses-03,ses-02->ses-03,ok
fbcnet,4,sub-019,ses-02,ses-03,ses-02->ses-03,ok
eegnet,0,sub-019,ses-03,ses-01,ses-03->ses-01,ok
eegnet,1,sub-019,ses-03,ses-01,ses-03->ses-01,ok
eegnet,2,sub-019,ses-03,ses-01,ses-03->ses-01,ok
eegnet,3,sub-019,ses-03,ses-01,ses-03->ses-01,ok
eegnet,4,sub-019,ses-03,ses-01,ses-03->ses-01,ok
deepconvnet,0,sub-019,ses-03,ses-01,ses-03->ses-01,ok
deepconvnet,1,sub-019,ses-03,ses-01,ses-03->ses-01,ok
deepconvnet,2,sub-019,ses-03,ses-01,ses-03->ses-01,ok
deepconvnet,3,sub-019,ses-03,ses-01,ses-03->ses-01,ok
deepconvnet,4,sub-019,ses-03,ses-01,ses-03->ses-01,ok
fbcnet,0,sub-019,ses-03,ses-01,ses-03->ses-01,ok
fbcnet,1,sub-019,ses-03,ses-01,ses-03->ses-01,ok
fbcnet,2,sub-019,ses-03,ses-01,ses-03->ses-01,ok
fbcnet,3,sub-019,ses-03,ses-01,ses-03->ses-01,ok
fbcnet,4,sub-019,ses-03,ses-01,ses-03->ses-01,ok
eegnet,0,sub-019,ses-03,ses-02,ses-03->ses-02,ok
eegnet,1,sub-019,ses-03,ses-02,ses-03->ses-02,ok
eegnet,2,sub-019,ses-03,ses-02,ses-03->ses-02,ok
eegnet,3,sub-019,ses-03,ses-02,ses-03->ses-02,ok
eegnet,4,sub-019,ses-03,ses-02,ses-03->ses-02,ok
deepconvnet,0,sub-019,ses-03,ses-02,ses-03->ses-02,ok
deepconvnet,1,sub-019,ses-03,ses-02,ses-03->ses-02,ok
deepconvnet,2,sub-019,ses-03,ses-02,ses-03->ses-02,ok
deepconvnet,3,sub-019,ses-03,ses-02,ses-03->ses-02,ok
deepconvnet,4,sub-019,ses-03,ses-02,ses-03->ses-02,ok
fbcnet,0,sub-019,ses-03,ses-02,ses-03->ses-02,ok
fbcnet,1,sub-019,ses-03,ses-02,ses-03->ses-02,ok
fbcnet,2,sub-019,ses-03,ses-02,ses-03->ses-02,ok
fbcnet,3,sub-019,ses-03,ses-02,ses-03->ses-02,ok
fbcnet,4,sub-019,ses-03,ses-02,ses-03->ses-02,ok
eegnet,0,sub-020,ses-01,ses-02,ses-01->ses-02,ok
eegnet,1,sub-020,ses-01,ses-02,ses-01->ses-02,ok
eegnet,2,sub-020,ses-01,ses-02,ses-01->ses-02,ok
eegnet,3,sub-020,ses-01,ses-02,ses-01->ses-02,ok
eegnet,4,sub-020,ses-01,ses-02,ses-01->ses-02,ok
deepconvnet,0,sub-020,ses-01,ses-02,ses-01->ses-02,ok
deepconvnet,1,sub-020,ses-01,ses-02,ses-01->ses-02,ok
deepconvnet,2,sub-020,ses-01,ses-02,ses-01->ses-02,ok
deepconvnet,3,sub-020,ses-01,ses-02,ses-01->ses-02,ok
deepconvnet,4,sub-020,ses-01,ses-02,ses-01->ses-02,ok
fbcnet,0,sub-020,ses-01,ses-02,ses-01->ses-02,ok
fbcnet,1,sub-020,ses-01,ses-02,ses-01->ses-02,ok
fbcnet,2,sub-020,ses-01,ses-02,ses-01->ses-02,ok
fbcnet,3,sub-020,ses-01,ses-02,ses-01->ses-02,ok
fbcnet,4,sub-020,ses-01,ses-02,ses-01->ses-02,ok
eegnet,0,sub-020,ses-01,ses-03,ses-01->ses-03,ok
eegnet,1,sub-020,ses-01,ses-03,ses-01->ses-03,ok
eegnet,2,sub-020,ses-01,ses-03,ses-01->ses-03,ok
eegnet,3,sub-020,ses-01,ses-03,ses-01->ses-03,ok
eegnet,4,sub-020,ses-01,ses-03,ses-01->ses-03,ok
deepconvnet,0,sub-020,ses-01,ses-03,ses-01->ses-03,ok
deepconvnet,1,sub-020,ses-01,ses-03,ses-01->ses-03,ok
deepconvnet,2,sub-020,ses-01,ses-03,ses-01->ses-03,ok
deepconvnet,3,sub-020,ses-01,ses-03,ses-01->ses-03,ok
deepconvnet,4,sub-020,ses-01,ses-03,ses-01->ses-03,ok
fbcnet,0,sub-020,ses-01,ses-03,ses-01->ses-03,ok
fbcnet,1,sub-020,ses-01,ses-03,ses-01->ses-03,ok
fbcnet,2,sub-020,ses-01,ses-03,ses-01->ses-03,ok
fbcnet,3,sub-020,ses-01,ses-03,ses-01->ses-03,ok
fbcnet,4,sub-020,ses-01,ses-03,ses-01->ses-03,ok
eegnet,0,sub-020,ses-02,ses-01,ses-02->ses-01,ok
eegnet,1,sub-020,ses-02,ses-01,ses-02->ses-01,ok
eegnet,2,sub-020,ses-02,ses-01,ses-02->ses-01,ok
eegnet,3,sub-020,ses-02,ses-01,ses-02->ses-01,ok
eegnet,4,sub-020,ses-02,ses-01,ses-02->ses-01,ok
deepconvnet,0,sub-020,ses-02,ses-01,ses-02->ses-01,ok
deepconvnet,1,sub-020,ses-02,ses-01,ses-02->ses-01,ok
deepconvnet,2,sub-020,ses-02,ses-01,ses-02->ses-01,ok
deepconvnet,3,sub-020,ses-02,ses-01,ses-02->ses-01,ok
deepconvnet,4,sub-020,ses-02,ses-01,ses-02->ses-01,ok
fbcnet,0,sub-020,ses-02,ses-01,ses-02->ses-01,ok
fbcnet,1,sub-020,ses-02,ses-01,ses-02->ses-01,ok
fbcnet,2,sub-020,ses-02,ses-01,ses-02->ses-01,ok
fbcnet,3,sub-020,ses-02,ses-01,ses-02->ses-01,ok
fbcnet,4,sub-020,ses-02,ses-01,ses-02->ses-01,ok
eegnet,0,sub-020,ses-02,ses-03,ses-02->ses-03,ok
eegnet,1,sub-020,ses-02,ses-03,ses-02->ses-03,ok
eegnet,2,sub-020,ses-02,ses-03,ses-02->ses-03,ok
eegnet,3,sub-020,ses-02,ses-03,ses-02->ses-03,ok
eegnet,4,sub-020,ses-02,ses-03,ses-02->ses-03,ok
deepconvnet,0,sub-020,ses-02,ses-03,ses-02->ses-03,ok
deepconvnet,1,sub-020,ses-02,ses-03,ses-02->ses-03,ok
deepconvnet,2,sub-020,ses-02,ses-03,ses-02->ses-03,ok
deepconvnet,3,sub-020,ses-02,ses-03,ses-02->ses-03,ok
deepconvnet,4,sub-020,ses-02,ses-03,ses-02->ses-03,ok
fbcnet,0,sub-020,ses-02,ses-03,ses-02->ses-03,ok
fbcnet,1,sub-020,ses-02,ses-03,ses-02->ses-03,ok
fbcnet,2,sub-020,ses-02,ses-03,ses-02->ses-03,ok
fbcnet,3,sub-020,ses-02,ses-03,ses-02->ses-03,ok
fbcnet,4,sub-020,ses-02,ses-03,ses-02->ses-03,ok
eegnet,0,sub-020,ses-03,ses-01,ses-03->ses-01,ok
eegnet,1,sub-020,ses-03,ses-01,ses-03->ses-01,ok
eegnet,2,sub-020,ses-03,ses-01,ses-03->ses-01,ok
eegnet,3,sub-020,ses-03,ses-01,ses-03->ses-01,ok
eegnet,4,sub-020,ses-03,ses-01,ses-03->ses-01,ok
deepconvnet,0,sub-020,ses-03,ses-01,ses-03->ses-01,ok
deepconvnet,1,sub-020,ses-03,ses-01,ses-03->ses-01,ok
deepconvnet,2,sub-020,ses-03,ses-01,ses-03->ses-01,ok
deepconvnet,3,sub-020,ses-03,ses-01,ses-03->ses-01,ok
deepconvnet,4,sub-020,ses-03,ses-01,ses-03->ses-01,ok
fbcnet,0,sub-020,ses-03,ses-01,ses-03->ses-01,ok
fbcnet,1,sub-020,ses-03,ses-01,ses-03->ses-01,ok
fbcnet,2,sub-020,ses-03,ses-01,ses-03->ses-01,ok
fbcnet,3,sub-020,ses-03,ses-01,ses-03->ses-01,ok
fbcnet,4,sub-020,ses-03,ses-01,ses-03->ses-01,ok
eegnet,0,sub-020,ses-03,ses-02,ses-03->ses-02,ok
eegnet,1,sub-020,ses-03,ses-02,ses-03->ses-02,ok
eegnet,2,sub-020,ses-03,ses-02,ses-03->ses-02,ok
eegnet,3,sub-020,ses-03,ses-02,ses-03->ses-02,ok
eegnet,4,sub-020,ses-03,ses-02,ses-03->ses-02,ok
deepconvnet,0,sub-020,ses-03,ses-02,ses-03->ses-02,ok
deepconvnet,1,sub-020,ses-03,ses-02,ses-03->ses-02,ok
deepconvnet,2,sub-020,ses-03,ses-02,ses-03->ses-02,ok
deepconvnet,3,sub-020,ses-03,ses-02,ses-03->ses-02,ok
deepconvnet,4,sub-020,ses-03,ses-02,ses-03->ses-02,ok
fbcnet,0,sub-020,ses-03,ses-02,ses-03->ses-02,ok
fbcnet,1,sub-020,ses-03,ses-02,ses-03->ses-02,ok
fbcnet,2,sub-020,ses-03,ses-02,ses-03->ses-02,ok
fbcnet,3,sub-020,ses-03,ses-02,ses-03->ses-02,ok
fbcnet,4,sub-020,ses-03,ses-02,ses-03->ses-02,ok
eegnet,0,sub-021,ses-01,ses-02,ses-01->ses-02,ok
eegnet,1,sub-021,ses-01,ses-02,ses-01->ses-02,ok
eegnet,2,sub-021,ses-01,ses-02,ses-01->ses-02,ok
eegnet,3,sub-021,ses-01,ses-02,ses-01->ses-02,ok
eegnet,4,sub-021,ses-01,ses-02,ses-01->ses-02,ok
deepconvnet,0,sub-021,ses-01,ses-02,ses-01->ses-02,ok
deepconvnet,1,sub-021,ses-01,ses-02,ses-01->ses-02,ok
deepconvnet,2,sub-021,ses-01,ses-02,ses-01->ses-02,ok
deepconvnet,3,sub-021,ses-01,ses-02,ses-01->ses-02,ok
deepconvnet,4,sub-021,ses-01,ses-02,ses-01->ses-02,ok
fbcnet,0,sub-021,ses-01,ses-02,ses-01->ses-02,ok
fbcnet,1,sub-021,ses-01,ses-02,ses-01->ses-02,ok
fbcnet,2,sub-021,ses-01,ses-02,ses-01->ses-02,ok
fbcnet,3,sub-021,ses-01,ses-02,ses-01->ses-02,ok
fbcnet,4,sub-021,ses-01,ses-02,ses-01->ses-02,ok
eegnet,0,sub-021,ses-01,ses-03,ses-01->ses-03,ok
eegnet,1,sub-021,ses-01,ses-03,ses-01->ses-03,ok
eegnet,2,sub-021,ses-01,ses-03,ses-01->ses-03,ok
eegnet,3,sub-021,ses-01,ses-03,ses-01->ses-03,ok
eegnet,4,sub-021,ses-01,ses-03,ses-01->ses-03,ok
deepconvnet,0,sub-021,ses-01,ses-03,ses-01->ses-03,ok
deepconvnet,1,sub-021,ses-01,ses-03,ses-01->ses-03,ok
deepconvnet,2,sub-021,ses-01,ses-03,ses-01->ses-03,ok
deepconvnet,3,sub-021,ses-01,ses-03,ses-01->ses-03,ok
deepconvnet,4,sub-021,ses-01,ses-03,ses-01->ses-03,ok
fbcnet,0,sub-021,ses-01,ses-03,ses-01->ses-03,ok
fbcnet,1,sub-021,ses-01,ses-03,ses-01->ses-03,ok
fbcnet,2,sub-021,ses-01,ses-03,ses-01->ses-03,ok
fbcnet,3,sub-021,ses-01,ses-03,ses-01->ses-03,ok
fbcnet,4,sub-021,ses-01,ses-03,ses-01->ses-03,ok
eegnet,0,sub-021,ses-02,ses-01,ses-02->ses-01,ok
eegnet,1,sub-021,ses-02,ses-01,ses-02->ses-01,ok
eegnet,2,sub-021,ses-02,ses-01,ses-02->ses-01,ok
eegnet,3,sub-021,ses-02,ses-01,ses-02->ses-01,ok
eegnet,4,sub-021,ses-02,ses-01,ses-02->ses-01,ok
deepconvnet,0,sub-021,ses-02,ses-01,ses-02->ses-01,ok
deepconvnet,1,sub-021,ses-02,ses-01,ses-02->ses-01,ok
deepconvnet,2,sub-021,ses-02,ses-01,ses-02->ses-01,ok
deepconvnet,3,sub-021,ses-02,ses-01,ses-02->ses-01,ok
deepconvnet,4,sub-021,ses-02,ses-01,ses-02->ses-01,ok
fbcnet,0,sub-021,ses-02,ses-01,ses-02->ses-01,ok
fbcnet,1,sub-021,ses-02,ses-01,ses-02->ses-01,ok
fbcnet,2,sub-021,ses-02,ses-01,ses-02->ses-01,ok
fbcnet,3,sub-021,ses-02,ses-01,ses-02->ses-01,ok
fbcnet,4,sub-021,ses-02,ses-01,ses-02->ses-01,ok
eegnet,0,sub-021,ses-02,ses-03,ses-02->ses-03,ok
eegnet,1,sub-021,ses-02,ses-03,ses-02->ses-03,ok
eegnet,2,sub-021,ses-02,ses-03,ses-02->ses-03,ok
eegnet,3,sub-021,ses-02,ses-03,ses-02->ses-03,ok
eegnet,4,sub-021,ses-02,ses-03,ses-02->ses-03,ok
deepconvnet,0,sub-021,ses-02,ses-03,ses-02->ses-03,ok
deepconvnet,1,sub-021,ses-02,ses-03,ses-02->ses-03,ok
deepconvnet,2,sub-021,ses-02,ses-03,ses-02->ses-03,ok
deepconvnet,3,sub-021,ses-02,ses-03,ses-02->ses-03,ok
deepconvnet,4,sub-021,ses-02,ses-03,ses-02->ses-03,ok
fbcnet,0,sub-021,ses-02,ses-03,ses-02->ses-03,ok
fbcnet,1,sub-021,ses-02,ses-03,ses-02->ses-03,ok
fbcnet,2,sub-021,ses-02,ses-03,ses-02->ses-03,ok
fbcnet,3,sub-021,ses-02,ses-03,ses-02->ses-03,ok
fbcnet,4,sub-021,ses-02,ses-03,ses-02->ses-03,ok
eegnet,0,sub-021,ses-03,ses-01,ses-03->ses-01,ok
eegnet,1,sub-021,ses-03,ses-01,ses-03->ses-01,ok
eegnet,2,sub-021,ses-03,ses-01,ses-03->ses-01,ok
eegnet,3,sub-021,ses-03,ses-01,ses-03->ses-01,ok
eegnet,4,sub-021,ses-03,ses-01,ses-03->ses-01,ok
deepconvnet,0,sub-021,ses-03,ses-01,ses-03->ses-01,ok
deepconvnet,1,sub-021,ses-03,ses-01,ses-03->ses-01,ok
deepconvnet,2,sub-021,ses-03,ses-01,ses-03->ses-01,ok
deepconvnet,3,sub-021,ses-03,ses-01,ses-03->ses-01,ok
deepconvnet,4,sub-021,ses-03,ses-01,ses-03->ses-01,ok
fbcnet,0,sub-021,ses-03,ses-01,ses-03->ses-01,ok
fbcnet,1,sub-021,ses-03,ses-01,ses-03->ses-01,ok
fbcnet,2,sub-021,ses-03,ses-01,ses-03->ses-01,ok
fbcnet,3,sub-021,ses-03,ses-01,ses-03->ses-01,ok
fbcnet,4,sub-021,ses-03,ses-01,ses-03->ses-01,ok
eegnet,0,sub-021,ses-03,ses-02,ses-03->ses-02,ok
eegnet,1,sub-021,ses-03,ses-02,ses-03->ses-02,ok
eegnet,2,sub-021,ses-03,ses-02,ses-03->ses-02,ok
eegnet,3,sub-021,ses-03,ses-02,ses-03->ses-02,ok
eegnet,4,sub-021,ses-03,ses-02,ses-03->ses-02,ok
deepconvnet,0,sub-021,ses-03,ses-02,ses-03->ses-02,ok
deepconvnet,1,sub-021,ses-03,ses-02,ses-03->ses-02,ok
deepconvnet,2,sub-021,ses-03,ses-02,ses-03->ses-02,ok
deepconvnet,3,sub-021,ses-03,ses-02,ses-03->ses-02,ok
deepconvnet,4,sub-021,ses-03,ses-02,ses-03->ses-02,ok
fbcnet,0,sub-021,ses-03,ses-02,ses-03->ses-02,ok
fbcnet,1,sub-021,ses-03,ses-02,ses-03->ses-02,ok
fbcnet,2,sub-021,ses-03,ses-02,ses-03->ses-02,ok
fbcnet,3,sub-021,ses-03,ses-02,ses-03->ses-02,ok
fbcnet,4,sub-021,ses-03,ses-02,ses-03->ses-02,ok
eegnet,0,sub-022,ses-01,ses-02,ses-01->ses-02,ok
eegnet,1,sub-022,ses-01,ses-02,ses-01->ses-02,ok
eegnet,2,sub-022,ses-01,ses-02,ses-01->ses-02,ok
eegnet,3,sub-022,ses-01,ses-02,ses-01->ses-02,ok
eegnet,4,sub-022,ses-01,ses-02,ses-01->ses-02,ok
deepconvnet,0,sub-022,ses-01,ses-02,ses-01->ses-02,ok
deepconvnet,1,sub-022,ses-01,ses-02,ses-01->ses-02,ok
deepconvnet,2,sub-022,ses-01,ses-02,ses-01->ses-02,ok
deepconvnet,3,sub-022,ses-01,ses-02,ses-01->ses-02,ok
deepconvnet,4,sub-022,ses-01,ses-02,ses-01->ses-02,ok
fbcnet,0,sub-022,ses-01,ses-02,ses-01->ses-02,ok
fbcnet,1,sub-022,ses-01,ses-02,ses-01->ses-02,ok
fbcnet,2,sub-022,ses-01,ses-02,ses-01->ses-02,ok
fbcnet,3,sub-022,ses-01,ses-02,ses-01->ses-02,ok
fbcnet,4,sub-022,ses-01,ses-02,ses-01->ses-02,ok
eegnet,0,sub-022,ses-01,ses-03,ses-01->ses-03,ok
eegnet,1,sub-022,ses-01,ses-03,ses-01->ses-03,ok
eegnet,2,sub-022,ses-01,ses-03,ses-01->ses-03,ok
eegnet,3,sub-022,ses-01,ses-03,ses-01->ses-03,ok
eegnet,4,sub-022,ses-01,ses-03,ses-01->ses-03,ok
deepconvnet,0,sub-022,ses-01,ses-03,ses-01->ses-03,ok
deepconvnet,1,sub-022,ses-01,ses-03,ses-01->ses-03,ok
deepconvnet,2,sub-022,ses-01,ses-03,ses-01->ses-03,ok
deepconvnet,3,sub-022,ses-01,ses-03,ses-01->ses-03,ok
deepconvnet,4,sub-022,ses-01,ses-03,ses-01->ses-03,ok
fbcnet,0,sub-022,ses-01,ses-03,ses-01->ses-03,ok
fbcnet,1,sub-022,ses-01,ses-03,ses-01->ses-03,ok
fbcnet,2,sub-022,ses-01,ses-03,ses-01->ses-03,ok
fbcnet,3,sub-022,ses-01,ses-03,ses-01->ses-03,ok
fbcnet,4,sub-022,ses-01,ses-03,ses-01->ses-03,ok
eegnet,0,sub-022,ses-02,ses-01,ses-02->ses-01,ok
eegnet,1,sub-022,ses-02,ses-01,ses-02->ses-01,ok
eegnet,2,sub-022,ses-02,ses-01,ses-02->ses-01,ok
eegnet,3,sub-022,ses-02,ses-01,ses-02->ses-01,ok
eegnet,4,sub-022,ses-02,ses-01,ses-02->ses-01,ok
deepconvnet,0,sub-022,ses-02,ses-01,ses-02->ses-01,ok
deepconvnet,1,sub-022,ses-02,ses-01,ses-02->ses-01,ok
deepconvnet,2,sub-022,ses-02,ses-01,ses-02->ses-01,ok
deepconvnet,3,sub-022,ses-02,ses-01,ses-02->ses-01,ok
deepconvnet,4,sub-022,ses-02,ses-01,ses-02->ses-01,ok
fbcnet,0,sub-022,ses-02,ses-01,ses-02->ses-01,ok
fbcnet,1,sub-022,ses-02,ses-01,ses-02->ses-01,ok
fbcnet,2,sub-022,ses-02,ses-01,ses-02->ses-01,ok
fbcnet,3,sub-022,ses-02,ses-01,ses-02->ses-01,ok
fbcnet,4,sub-022,ses-02,ses-01,ses-02->ses-01,ok
eegnet,0,sub-022,ses-02,ses-03,ses-02->ses-03,ok
eegnet,1,sub-022,ses-02,ses-03,ses-02->ses-03,ok
eegnet,2,sub-022,ses-02,ses-03,ses-02->ses-03,ok
eegnet,3,sub-022,ses-02,ses-03,ses-02->ses-03,ok
eegnet,4,sub-022,ses-02,ses-03,ses-02->ses-03,ok
deepconvnet,0,sub-022,ses-02,ses-03,ses-02->ses-03,ok
deepconvnet,1,sub-022,ses-02,ses-03,ses-02->ses-03,ok
deepconvnet,2,sub-022,ses-02,ses-03,ses-02->ses-03,ok
deepconvnet,3,sub-022,ses-02,ses-03,ses-02->ses-03,ok
deepconvnet,4,sub-022,ses-02,ses-03,ses-02->ses-03,ok
fbcnet,0,sub-022,ses-02,ses-03,ses-02->ses-03,ok
fbcnet,1,sub-022,ses-02,ses-03,ses-02->ses-03,ok
fbcnet,2,sub-022,ses-02,ses-03,ses-02->ses-03,ok
fbcnet,3,sub-022,ses-02,ses-03,ses-02->ses-03,ok
fbcnet,4,sub-022,ses-02,ses-03,ses-02->ses-03,ok
eegnet,0,sub-022,ses-03,ses-01,ses-03->ses-01,ok
eegnet,1,sub-022,ses-03,ses-01,ses-03->ses-01,ok
eegnet,2,sub-022,ses-03,ses-01,ses-03->ses-01,ok
eegnet,3,sub-022,ses-03,ses-01,ses-03->ses-01,ok
eegnet,4,sub-022,ses-03,ses-01,ses-03->ses-01,ok
deepconvnet,0,sub-022,ses-03,ses-01,ses-03->ses-01,ok
deepconvnet,1,sub-022,ses-03,ses-01,ses-03->ses-01,ok
deepconvnet,2,sub-022,ses-03,ses-01,ses-03->ses-01,ok
deepconvnet,3,sub-022,ses-03,ses-01,ses-03->ses-01,ok
deepconvnet,4,sub-022,ses-03,ses-01,ses-03->ses-01,ok
fbcnet,0,sub-022,ses-03,ses-01,ses-03->ses-01,ok
fbcnet,1,sub-022,ses-03,ses-01,ses-03->ses-01,ok
fbcnet,2,sub-022,ses-03,ses-01,ses-03->ses-01,ok
fbcnet,3,sub-022,ses-03,ses-01,ses-03->ses-01,ok
fbcnet,4,sub-022,ses-03,ses-01,ses-03->ses-01,ok
eegnet,0,sub-022,ses-03,ses-02,ses-03->ses-02,ok
eegnet,1,sub-022,ses-03,ses-02,ses-03->ses-02,ok
eegnet,2,sub-022,ses-03,ses-02,ses-03->ses-02,ok
eegnet,3,sub-022,ses-03,ses-02,ses-03->ses-02,ok
eegnet,4,sub-022,ses-03,ses-02,ses-03->ses-02,ok
deepconvnet,0,sub-022,ses-03,ses-02,ses-03->ses-02,ok
deepconvnet,1,sub-022,ses-03,ses-02,ses-03->ses-02,ok
deepconvnet,2,sub-022,ses-03,ses-02,ses-03->ses-02,ok
deepconvnet,3,sub-022,ses-03,ses-02,ses-03->ses-02,ok
deepconvnet,4,sub-022,ses-03,ses-02,ses-03->ses-02,ok
fbcnet,0,sub-022,ses-03,ses-02,ses-03->ses-02,ok
fbcnet,1,sub-022,ses-03,ses-02,ses-03->ses-02,ok
fbcnet,2,sub-022,ses-03,ses-02,ses-03->ses-02,ok
fbcnet,3,sub-022,ses-03,ses-02,ses-03->ses-02,ok
fbcnet,4,sub-022,ses-03,ses-02,ses-03->ses-02,ok
eegnet,0,sub-023,ses-02,ses-03,ses-02->ses-03,ok
eegnet,1,sub-023,ses-02,ses-03,ses-02->ses-03,ok
eegnet,2,sub-023,ses-02,ses-03,ses-02->ses-03,ok
eegnet,3,sub-023,ses-02,ses-03,ses-02->ses-03,ok
eegnet,4,sub-023,ses-02,ses-03,ses-02->ses-03,ok
deepconvnet,0,sub-023,ses-02,ses-03,ses-02->ses-03,ok
deepconvnet,1,sub-023,ses-02,ses-03,ses-02->ses-03,ok
deepconvnet,2,sub-023,ses-02,ses-03,ses-02->ses-03,ok
deepconvnet,3,sub-023,ses-02,ses-03,ses-02->ses-03,ok
deepconvnet,4,sub-023,ses-02,ses-03,ses-02->ses-03,ok
fbcnet,0,sub-023,ses-02,ses-03,ses-02->ses-03,ok
fbcnet,1,sub-023,ses-02,ses-03,ses-02->ses-03,ok
fbcnet,2,sub-023,ses-02,ses-03,ses-02->ses-03,ok
fbcnet,3,sub-023,ses-02,ses-03,ses-02->ses-03,ok
fbcnet,4,sub-023,ses-02,ses-03,ses-02->ses-03,ok
eegnet,0,sub-023,ses-03,ses-02,ses-03->ses-02,ok
eegnet,1,sub-023,ses-03,ses-02,ses-03->ses-02,ok
eegnet,2,sub-023,ses-03,ses-02,ses-03->ses-02,ok
eegnet,3,sub-023,ses-03,ses-02,ses-03->ses-02,ok
eegnet,4,sub-023,ses-03,ses-02,ses-03->ses-02,ok
deepconvnet,0,sub-023,ses-03,ses-02,ses-03->ses-02,ok
deepconvnet,1,sub-023,ses-03,ses-02,ses-03->ses-02,ok
deepconvnet,2,sub-023,ses-03,ses-02,ses-03->ses-02,ok
deepconvnet,3,sub-023,ses-03,ses-02,ses-03->ses-02,ok
deepconvnet,4,sub-023,ses-03,ses-02,ses-03->ses-02,ok
fbcnet,0,sub-023,ses-03,ses-02,ses-03->ses-02,ok
fbcnet,1,sub-023,ses-03,ses-02,ses-03->ses-02,ok
fbcnet,2,sub-023,ses-03,ses-02,ses-03->ses-02,ok
fbcnet,3,sub-023,ses-03,ses-02,ses-03->ses-02,ok
fbcnet,4,sub-023,ses-03,ses-02,ses-03->ses-02,ok
eegnet,0,sub-025,ses-01,ses-02,ses-01->ses-02,ok
eegnet,1,sub-025,ses-01,ses-02,ses-01->ses-02,ok
eegnet,2,sub-025,ses-01,ses-02,ses-01->ses-02,ok
eegnet,3,sub-025,ses-01,ses-02,ses-01->ses-02,ok
eegnet,4,sub-025,ses-01,ses-02,ses-01->ses-02,ok
deepconvnet,0,sub-025,ses-01,ses-02,ses-01->ses-02,ok
deepconvnet,1,sub-025,ses-01,ses-02,ses-01->ses-02,ok
deepconvnet,2,sub-025,ses-01,ses-02,ses-01->ses-02,ok
deepconvnet,3,sub-025,ses-01,ses-02,ses-01->ses-02,ok
deepconvnet,4,sub-025,ses-01,ses-02,ses-01->ses-02,ok
fbcnet,0,sub-025,ses-01,ses-02,ses-01->ses-02,ok
fbcnet,1,sub-025,ses-01,ses-02,ses-01->ses-02,ok
fbcnet,2,sub-025,ses-01,ses-02,ses-01->ses-02,ok
fbcnet,3,sub-025,ses-01,ses-02,ses-01->ses-02,ok
fbcnet,4,sub-025,ses-01,ses-02,ses-01->ses-02,ok
eegnet,0,sub-025,ses-01,ses-03,ses-01->ses-03,ok
eegnet,1,sub-025,ses-01,ses-03,ses-01->ses-03,ok
eegnet,2,sub-025,ses-01,ses-03,ses-01->ses-03,ok
eegnet,3,sub-025,ses-01,ses-03,ses-01->ses-03,ok
eegnet,4,sub-025,ses-01,ses-03,ses-01->ses-03,ok
deepconvnet,0,sub-025,ses-01,ses-03,ses-01->ses-03,ok
deepconvnet,1,sub-025,ses-01,ses-03,ses-01->ses-03,ok
deepconvnet,2,sub-025,ses-01,ses-03,ses-01->ses-03,ok
deepconvnet,3,sub-025,ses-01,ses-03,ses-01->ses-03,ok
deepconvnet,4,sub-025,ses-01,ses-03,ses-01->ses-03,ok
fbcnet,0,sub-025,ses-01,ses-03,ses-01->ses-03,ok
fbcnet,1,sub-025,ses-01,ses-03,ses-01->ses-03,ok
fbcnet,2,sub-025,ses-01,ses-03,ses-01->ses-03,ok
fbcnet,3,sub-025,ses-01,ses-03,ses-01->ses-03,ok
fbcnet,4,sub-025,ses-01,ses-03,ses-01->ses-03,ok
eegnet,0,sub-025,ses-02,ses-01,ses-02->ses-01,ok
eegnet,1,sub-025,ses-02,ses-01,ses-02->ses-01,ok
eegnet,2,sub-025,ses-02,ses-01,ses-02->ses-01,ok
eegnet,3,sub-025,ses-02,ses-01,ses-02->ses-01,ok
eegnet,4,sub-025,ses-02,ses-01,ses-02->ses-01,ok
deepconvnet,0,sub-025,ses-02,ses-01,ses-02->ses-01,ok
deepconvnet,1,sub-025,ses-02,ses-01,ses-02->ses-01,ok
deepconvnet,2,sub-025,ses-02,ses-01,ses-02->ses-01,ok
deepconvnet,3,sub-025,ses-02,ses-01,ses-02->ses-01,ok
deepconvnet,4,sub-025,ses-02,ses-01,ses-02->ses-01,ok
fbcnet,0,sub-025,ses-02,ses-01,ses-02->ses-01,ok
fbcnet,1,sub-025,ses-02,ses-01,ses-02->ses-01,ok
fbcnet,2,sub-025,ses-02,ses-01,ses-02->ses-01,ok
fbcnet,3,sub-025,ses-02,ses-01,ses-02->ses-01,ok
fbcnet,4,sub-025,ses-02,ses-01,ses-02->ses-01,ok
eegnet,0,sub-025,ses-02,ses-03,ses-02->ses-03,ok
eegnet,1,sub-025,ses-02,ses-03,ses-02->ses-03,ok
eegnet,2,sub-025,ses-02,ses-03,ses-02->ses-03,ok
eegnet,3,sub-025,ses-02,ses-03,ses-02->ses-03,ok
eegnet,4,sub-025,ses-02,ses-03,ses-02->ses-03,ok
deepconvnet,0,sub-025,ses-02,ses-03,ses-02->ses-03,ok
deepconvnet,1,sub-025,ses-02,ses-03,ses-02->ses-03,ok
deepconvnet,2,sub-025,ses-02,ses-03,ses-02->ses-03,ok
deepconvnet,3,sub-025,ses-02,ses-03,ses-02->ses-03,ok
deepconvnet,4,sub-025,ses-02,ses-03,ses-02->ses-03,ok
fbcnet,0,sub-025,ses-02,ses-03,ses-02->ses-03,ok
fbcnet,1,sub-025,ses-02,ses-03,ses-02->ses-03,ok
fbcnet,2,sub-025,ses-02,ses-03,ses-02->ses-03,ok
fbcnet,3,sub-025,ses-02,ses-03,ses-02->ses-03,ok
fbcnet,4,sub-025,ses-02,ses-03,ses-02->ses-03,ok
eegnet,0,sub-025,ses-03,ses-01,ses-03->ses-01,ok
eegnet,1,sub-025,ses-03,ses-01,ses-03->ses-01,ok
eegnet,2,sub-025,ses-03,ses-01,ses-03->ses-01,ok
eegnet,3,sub-025,ses-03,ses-01,ses-03->ses-01,ok
eegnet,4,sub-025,ses-03,ses-01,ses-03->ses-01,ok
deepconvnet,0,sub-025,ses-03,ses-01,ses-03->ses-01,ok
deepconvnet,1,sub-025,ses-03,ses-01,ses-03->ses-01,ok
deepconvnet,2,sub-025,ses-03,ses-01,ses-03->ses-01,ok
deepconvnet,3,sub-025,ses-03,ses-01,ses-03->ses-01,ok
deepconvnet,4,sub-025,ses-03,ses-01,ses-03->ses-01,ok
fbcnet,0,sub-025,ses-03,ses-01,ses-03->ses-01,ok
fbcnet,1,sub-025,ses-03,ses-01,ses-03->ses-01,ok
fbcnet,2,sub-025,ses-03,ses-01,ses-03->ses-01,ok
fbcnet,3,sub-025,ses-03,ses-01,ses-03->ses-01,ok
fbcnet,4,sub-025,ses-03,ses-01,ses-03->ses-01,ok
eegnet,0,sub-025,ses-03,ses-02,ses-03->ses-02,ok
eegnet,1,sub-025,ses-03,ses-02,ses-03->ses-02,ok
eegnet,2,sub-025,ses-03,ses-02,ses-03->ses-02,ok
eegnet,3,sub-025,ses-03,ses-02,ses-03->ses-02,ok
eegnet,4,sub-025,ses-03,ses-02,ses-03->ses-02,ok
deepconvnet,0,sub-025,ses-03,ses-02,ses-03->ses-02,ok
deepconvnet,1,sub-025,ses-03,ses-02,ses-03->ses-02,ok
deepconvnet,2,sub-025,ses-03,ses-02,ses-03->ses-02,ok
deepconvnet,3,sub-025,ses-03,ses-02,ses-03->ses-02,ok
deepconvnet,4,sub-025,ses-03,ses-02,ses-03->ses-02,ok
fbcnet,0,sub-025,ses-03,ses-02,ses-03->ses-02,ok
fbcnet,1,sub-025,ses-03,ses-02,ses-03->ses-02,ok
fbcnet,2,sub-025,ses-03,ses-02,ses-03->ses-02,ok
fbcnet,3,sub-025,ses-03,ses-02,ses-03->ses-02,ok
fbcnet,4,sub-025,ses-03,ses-02,ses-03->ses-02,ok
eegnet,0,sub-026,ses-02,ses-03,ses-02->ses-03,ok
eegnet,1,sub-026,ses-02,ses-03,ses-02->ses-03,ok
eegnet,2,sub-026,ses-02,ses-03,ses-02->ses-03,ok
eegnet,3,sub-026,ses-02,ses-03,ses-02->ses-03,ok
eegnet,4,sub-026,ses-02,ses-03,ses-02->ses-03,ok
deepconvnet,0,sub-026,ses-02,ses-03,ses-02->ses-03,ok
deepconvnet,1,sub-026,ses-02,ses-03,ses-02->ses-03,ok
deepconvnet,2,sub-026,ses-02,ses-03,ses-02->ses-03,ok
deepconvnet,3,sub-026,ses-02,ses-03,ses-02->ses-03,ok
deepconvnet,4,sub-026,ses-02,ses-03,ses-02->ses-03,ok
fbcnet,0,sub-026,ses-02,ses-03,ses-02->ses-03,ok
fbcnet,1,sub-026,ses-02,ses-03,ses-02->ses-03,ok
fbcnet,2,sub-026,ses-02,ses-03,ses-02->ses-03,ok
fbcnet,3,sub-026,ses-02,ses-03,ses-02->ses-03,ok
fbcnet,4,sub-026,ses-02,ses-03,ses-02->ses-03,ok
eegnet,0,sub-026,ses-03,ses-02,ses-03->ses-02,ok
eegnet,1,sub-026,ses-03,ses-02,ses-03->ses-02,ok
eegnet,2,sub-026,ses-03,ses-02,ses-03->ses-02,ok
eegnet,3,sub-026,ses-03,ses-02,ses-03->ses-02,ok
eegnet,4,sub-026,ses-03,ses-02,ses-03->ses-02,ok
deepconvnet,0,sub-026,ses-03,ses-02,ses-03->ses-02,ok
deepconvnet,1,sub-026,ses-03,ses-02,ses-03->ses-02,ok
deepconvnet,2,sub-026,ses-03,ses-02,ses-03->ses-02,ok
deepconvnet,3,sub-026,ses-03,ses-02,ses-03->ses-02,ok
deepconvnet,4,sub-026,ses-03,ses-02,ses-03->ses-02,ok
fbcnet,0,sub-026,ses-03,ses-02,ses-03->ses-02,ok
fbcnet,1,sub-026,ses-03,ses-02,ses-03->ses-02,ok
fbcnet,2,sub-026,ses-03,ses-02,ses-03->ses-02,ok
fbcnet,3,sub-026,ses-03,ses-02,ses-03->ses-02,ok
fbcnet,4,sub-026,ses-03,ses-02,ses-03->ses-02,ok
eegnet,0,sub-027,ses-01,ses-02,ses-01->ses-02,ok
eegnet,1,sub-027,ses-01,ses-02,ses-01->ses-02,ok
eegnet,2,sub-027,ses-01,ses-02,ses-01->ses-02,ok
eegnet,3,sub-027,ses-01,ses-02,ses-01->ses-02,ok
eegnet,4,sub-027,ses-01,ses-02,ses-01->ses-02,ok
deepconvnet,0,sub-027,ses-01,ses-02,ses-01->ses-02,ok
deepconvnet,1,sub-027,ses-01,ses-02,ses-01->ses-02,ok
deepconvnet,2,sub-027,ses-01,ses-02,ses-01->ses-02,ok
deepconvnet,3,sub-027,ses-01,ses-02,ses-01->ses-02,ok
deepconvnet,4,sub-027,ses-01,ses-02,ses-01->ses-02,ok
fbcnet,0,sub-027,ses-01,ses-02,ses-01->ses-02,ok
fbcnet,1,sub-027,ses-01,ses-02,ses-01->ses-02,ok
fbcnet,2,sub-027,ses-01,ses-02,ses-01->ses-02,ok
fbcnet,3,sub-027,ses-01,ses-02,ses-01->ses-02,ok
fbcnet,4,sub-027,ses-01,ses-02,ses-01->ses-02,ok
eegnet,0,sub-027,ses-01,ses-03,ses-01->ses-03,ok
eegnet,1,sub-027,ses-01,ses-03,ses-01->ses-03,ok
eegnet,2,sub-027,ses-01,ses-03,ses-01->ses-03,ok
eegnet,3,sub-027,ses-01,ses-03,ses-01->ses-03,ok
eegnet,4,sub-027,ses-01,ses-03,ses-01->ses-03,ok
deepconvnet,0,sub-027,ses-01,ses-03,ses-01->ses-03,ok
deepconvnet,1,sub-027,ses-01,ses-03,ses-01->ses-03,ok
deepconvnet,2,sub-027,ses-01,ses-03,ses-01->ses-03,ok
deepconvnet,3,sub-027,ses-01,ses-03,ses-01->ses-03,ok
deepconvnet,4,sub-027,ses-01,ses-03,ses-01->ses-03,ok
fbcnet,0,sub-027,ses-01,ses-03,ses-01->ses-03,ok
fbcnet,1,sub-027,ses-01,ses-03,ses-01->ses-03,ok
fbcnet,2,sub-027,ses-01,ses-03,ses-01->ses-03,ok
fbcnet,3,sub-027,ses-01,ses-03,ses-01->ses-03,ok
fbcnet,4,sub-027,ses-01,ses-03,ses-01->ses-03,ok
eegnet,0,sub-027,ses-02,ses-01,ses-02->ses-01,ok
eegnet,1,sub-027,ses-02,ses-01,ses-02->ses-01,ok
eegnet,2,sub-027,ses-02,ses-01,ses-02->ses-01,ok
eegnet,3,sub-027,ses-02,ses-01,ses-02->ses-01,ok
eegnet,4,sub-027,ses-02,ses-01,ses-02->ses-01,ok
deepconvnet,0,sub-027,ses-02,ses-01,ses-02->ses-01,ok
deepconvnet,1,sub-027,ses-02,ses-01,ses-02->ses-01,ok
deepconvnet,2,sub-027,ses-02,ses-01,ses-02->ses-01,ok
deepconvnet,3,sub-027,ses-02,ses-01,ses-02->ses-01,ok
deepconvnet,4,sub-027,ses-02,ses-01,ses-02->ses-01,ok
fbcnet,0,sub-027,ses-02,ses-01,ses-02->ses-01,ok
fbcnet,1,sub-027,ses-02,ses-01,ses-02->ses-01,ok
fbcnet,2,sub-027,ses-02,ses-01,ses-02->ses-01,ok
fbcnet,3,sub-027,ses-02,ses-01,ses-02->ses-01,ok
fbcnet,4,sub-027,ses-02,ses-01,ses-02->ses-01,ok
eegnet,0,sub-027,ses-02,ses-03,ses-02->ses-03,ok
eegnet,1,sub-027,ses-02,ses-03,ses-02->ses-03,ok
eegnet,2,sub-027,ses-02,ses-03,ses-02->ses-03,ok
eegnet,3,sub-027,ses-02,ses-03,ses-02->ses-03,ok
eegnet,4,sub-027,ses-02,ses-03,ses-02->ses-03,ok
deepconvnet,0,sub-027,ses-02,ses-03,ses-02->ses-03,ok
deepconvnet,1,sub-027,ses-02,ses-03,ses-02->ses-03,ok
deepconvnet,2,sub-027,ses-02,ses-03,ses-02->ses-03,ok
deepconvnet,3,sub-027,ses-02,ses-03,ses-02->ses-03,ok
deepconvnet,4,sub-027,ses-02,ses-03,ses-02->ses-03,ok
fbcnet,0,sub-027,ses-02,ses-03,ses-02->ses-03,ok
fbcnet,1,sub-027,ses-02,ses-03,ses-02->ses-03,ok
fbcnet,2,sub-027,ses-02,ses-03,ses-02->ses-03,ok
fbcnet,3,sub-027,ses-02,ses-03,ses-02->ses-03,ok
fbcnet,4,sub-027,ses-02,ses-03,ses-02->ses-03,ok
eegnet,0,sub-027,ses-03,ses-01,ses-03->ses-01,ok
eegnet,1,sub-027,ses-03,ses-01,ses-03->ses-01,ok
eegnet,2,sub-027,ses-03,ses-01,ses-03->ses-01,ok
eegnet,3,sub-027,ses-03,ses-01,ses-03->ses-01,ok
eegnet,4,sub-027,ses-03,ses-01,ses-03->ses-01,ok
deepconvnet,0,sub-027,ses-03,ses-01,ses-03->ses-01,ok
deepconvnet,1,sub-027,ses-03,ses-01,ses-03->ses-01,ok
deepconvnet,2,sub-027,ses-03,ses-01,ses-03->ses-01,ok
deepconvnet,3,sub-027,ses-03,ses-01,ses-03->ses-01,ok
deepconvnet,4,sub-027,ses-03,ses-01,ses-03->ses-01,ok
fbcnet,0,sub-027,ses-03,ses-01,ses-03->ses-01,ok
fbcnet,1,sub-027,ses-03,ses-01,ses-03->ses-01,ok
fbcnet,2,sub-027,ses-03,ses-01,ses-03->ses-01,ok
fbcnet,3,sub-027,ses-03,ses-01,ses-03->ses-01,ok
fbcnet,4,sub-027,ses-03,ses-01,ses-03->ses-01,ok
eegnet,0,sub-027,ses-03,ses-02,ses-03->ses-02,ok
eegnet,1,sub-027,ses-03,ses-02,ses-03->ses-02,ok
eegnet,2,sub-027,ses-03,ses-02,ses-03->ses-02,ok
eegnet,3,sub-027,ses-03,ses-02,ses-03->ses-02,ok
eegnet,4,sub-027,ses-03,ses-02,ses-03->ses-02,ok
deepconvnet,0,sub-027,ses-03,ses-02,ses-03->ses-02,ok
deepconvnet,1,sub-027,ses-03,ses-02,ses-03->ses-02,ok
deepconvnet,2,sub-027,ses-03,ses-02,ses-03->ses-02,ok
deepconvnet,3,sub-027,ses-03,ses-02,ses-03->ses-02,ok
deepconvnet,4,sub-027,ses-03,ses-02,ses-03->ses-02,ok
fbcnet,0,sub-027,ses-03,ses-02,ses-03->ses-02,ok
fbcnet,1,sub-027,ses-03,ses-02,ses-03->ses-02,ok
fbcnet,2,sub-027,ses-03,ses-02,ses-03->ses-02,ok
fbcnet,3,sub-027,ses-03,ses-02,ses-03->ses-02,ok
fbcnet,4,sub-027,ses-03,ses-02,ses-03->ses-02,ok
eegnet,0,sub-028,ses-01,ses-02,ses-01->ses-02,ok
eegnet,1,sub-028,ses-01,ses-02,ses-01->ses-02,ok
eegnet,2,sub-028,ses-01,ses-02,ses-01->ses-02,ok
eegnet,3,sub-028,ses-01,ses-02,ses-01->ses-02,ok
eegnet,4,sub-028,ses-01,ses-02,ses-01->ses-02,ok
deepconvnet,0,sub-028,ses-01,ses-02,ses-01->ses-02,ok
deepconvnet,1,sub-028,ses-01,ses-02,ses-01->ses-02,ok
deepconvnet,2,sub-028,ses-01,ses-02,ses-01->ses-02,ok
deepconvnet,3,sub-028,ses-01,ses-02,ses-01->ses-02,ok
deepconvnet,4,sub-028,ses-01,ses-02,ses-01->ses-02,ok
fbcnet,0,sub-028,ses-01,ses-02,ses-01->ses-02,ok
fbcnet,1,sub-028,ses-01,ses-02,ses-01->ses-02,ok
fbcnet,2,sub-028,ses-01,ses-02,ses-01->ses-02,ok
fbcnet,3,sub-028,ses-01,ses-02,ses-01->ses-02,ok
fbcnet,4,sub-028,ses-01,ses-02,ses-01->ses-02,ok
eegnet,0,sub-028,ses-01,ses-03,ses-01->ses-03,ok
eegnet,1,sub-028,ses-01,ses-03,ses-01->ses-03,ok
eegnet,2,sub-028,ses-01,ses-03,ses-01->ses-03,ok
eegnet,3,sub-028,ses-01,ses-03,ses-01->ses-03,ok
eegnet,4,sub-028,ses-01,ses-03,ses-01->ses-03,ok
deepconvnet,0,sub-028,ses-01,ses-03,ses-01->ses-03,ok
deepconvnet,1,sub-028,ses-01,ses-03,ses-01->ses-03,ok
deepconvnet,2,sub-028,ses-01,ses-03,ses-01->ses-03,ok
deepconvnet,3,sub-028,ses-01,ses-03,ses-01->ses-03,ok
deepconvnet,4,sub-028,ses-01,ses-03,ses-01->ses-03,ok
fbcnet,0,sub-028,ses-01,ses-03,ses-01->ses-03,ok
fbcnet,1,sub-028,ses-01,ses-03,ses-01->ses-03,ok
fbcnet,2,sub-028,ses-01,ses-03,ses-01->ses-03,ok
fbcnet,3,sub-028,ses-01,ses-03,ses-01->ses-03,ok
fbcnet,4,sub-028,ses-01,ses-03,ses-01->ses-03,ok
eegnet,0,sub-028,ses-02,ses-01,ses-02->ses-01,ok
eegnet,1,sub-028,ses-02,ses-01,ses-02->ses-01,ok
eegnet,2,sub-028,ses-02,ses-01,ses-02->ses-01,ok
eegnet,3,sub-028,ses-02,ses-01,ses-02->ses-01,ok
eegnet,4,sub-028,ses-02,ses-01,ses-02->ses-01,ok
deepconvnet,0,sub-028,ses-02,ses-01,ses-02->ses-01,ok
deepconvnet,1,sub-028,ses-02,ses-01,ses-02->ses-01,ok
deepconvnet,2,sub-028,ses-02,ses-01,ses-02->ses-01,ok
deepconvnet,3,sub-028,ses-02,ses-01,ses-02->ses-01,ok
deepconvnet,4,sub-028,ses-02,ses-01,ses-02->ses-01,ok
fbcnet,0,sub-028,ses-02,ses-01,ses-02->ses-01,ok
fbcnet,1,sub-028,ses-02,ses-01,ses-02->ses-01,ok
fbcnet,2,sub-028,ses-02,ses-01,ses-02->ses-01,ok
fbcnet,3,sub-028,ses-02,ses-01,ses-02->ses-01,ok
fbcnet,4,sub-028,ses-02,ses-01,ses-02->ses-01,ok
eegnet,0,sub-028,ses-02,ses-03,ses-02->ses-03,ok
eegnet,1,sub-028,ses-02,ses-03,ses-02->ses-03,ok
eegnet,2,sub-028,ses-02,ses-03,ses-02->ses-03,ok
eegnet,3,sub-028,ses-02,ses-03,ses-02->ses-03,ok
eegnet,4,sub-028,ses-02,ses-03,ses-02->ses-03,ok
deepconvnet,0,sub-028,ses-02,ses-03,ses-02->ses-03,ok
deepconvnet,1,sub-028,ses-02,ses-03,ses-02->ses-03,ok
deepconvnet,2,sub-028,ses-02,ses-03,ses-02->ses-03,ok
deepconvnet,3,sub-028,ses-02,ses-03,ses-02->ses-03,ok
deepconvnet,4,sub-028,ses-02,ses-03,ses-02->ses-03,ok
fbcnet,0,sub-028,ses-02,ses-03,ses-02->ses-03,ok
fbcnet,1,sub-028,ses-02,ses-03,ses-02->ses-03,ok
fbcnet,2,sub-028,ses-02,ses-03,ses-02->ses-03,ok
fbcnet,3,sub-028,ses-02,ses-03,ses-02->ses-03,ok
fbcnet,4,sub-028,ses-02,ses-03,ses-02->ses-03,ok
eegnet,0,sub-028,ses-03,ses-01,ses-03->ses-01,ok
eegnet,1,sub-028,ses-03,ses-01,ses-03->ses-01,ok
eegnet,2,sub-028,ses-03,ses-01,ses-03->ses-01,ok
eegnet,3,sub-028,ses-03,ses-01,ses-03->ses-01,ok
eegnet,4,sub-028,ses-03,ses-01,ses-03->ses-01,ok
deepconvnet,0,sub-028,ses-03,ses-01,ses-03->ses-01,ok
deepconvnet,1,sub-028,ses-03,ses-01,ses-03->ses-01,ok
deepconvnet,2,sub-028,ses-03,ses-01,ses-03->ses-01,ok
deepconvnet,3,sub-028,ses-03,ses-01,ses-03->ses-01,ok
deepconvnet,4,sub-028,ses-03,ses-01,ses-03->ses-01,ok
fbcnet,0,sub-028,ses-03,ses-01,ses-03->ses-01,ok
fbcnet,1,sub-028,ses-03,ses-01,ses-03->ses-01,ok
fbcnet,2,sub-028,ses-03,ses-01,ses-03->ses-01,ok
fbcnet,3,sub-028,ses-03,ses-01,ses-03->ses-01,ok
fbcnet,4,sub-028,ses-03,ses-01,ses-03->ses-01,ok
eegnet,0,sub-028,ses-03,ses-02,ses-03->ses-02,ok
eegnet,1,sub-028,ses-03,ses-02,ses-03->ses-02,ok
eegnet,2,sub-028,ses-03,ses-02,ses-03->ses-02,ok
eegnet,3,sub-028,ses-03,ses-02,ses-03->ses-02,ok
eegnet,4,sub-028,ses-03,ses-02,ses-03->ses-02,ok
deepconvnet,0,sub-028,ses-03,ses-02,ses-03->ses-02,ok
deepconvnet,1,sub-028,ses-03,ses-02,ses-03->ses-02,ok
deepconvnet,2,sub-028,ses-03,ses-02,ses-03->ses-02,ok
deepconvnet,3,sub-028,ses-03,ses-02,ses-03->ses-02,ok
deepconvnet,4,sub-028,ses-03,ses-02,ses-03->ses-02,ok
fbcnet,0,sub-028,ses-03,ses-02,ses-03->ses-02,ok
fbcnet,1,sub-028,ses-03,ses-02,ses-03->ses-02,ok
fbcnet,2,sub-028,ses-03,ses-02,ses-03->ses-02,ok
fbcnet,3,sub-028,ses-03,ses-02,ses-03->ses-02,ok
fbcnet,4,sub-028,ses-03,ses-02,ses-03->ses-02,ok
eegnet,0,sub-029,ses-01,ses-02,ses-01->ses-02,ok
eegnet,1,sub-029,ses-01,ses-02,ses-01->ses-02,ok
eegnet,2,sub-029,ses-01,ses-02,ses-01->ses-02,ok
eegnet,3,sub-029,ses-01,ses-02,ses-01->ses-02,ok
eegnet,4,sub-029,ses-01,ses-02,ses-01->ses-02,ok
deepconvnet,0,sub-029,ses-01,ses-02,ses-01->ses-02,ok
deepconvnet,1,sub-029,ses-01,ses-02,ses-01->ses-02,ok
deepconvnet,2,sub-029,ses-01,ses-02,ses-01->ses-02,ok
deepconvnet,3,sub-029,ses-01,ses-02,ses-01->ses-02,ok
deepconvnet,4,sub-029,ses-01,ses-02,ses-01->ses-02,ok
fbcnet,0,sub-029,ses-01,ses-02,ses-01->ses-02,ok
fbcnet,1,sub-029,ses-01,ses-02,ses-01->ses-02,ok
fbcnet,2,sub-029,ses-01,ses-02,ses-01->ses-02,ok
fbcnet,3,sub-029,ses-01,ses-02,ses-01->ses-02,ok
fbcnet,4,sub-029,ses-01,ses-02,ses-01->ses-02,ok
eegnet,0,sub-029,ses-01,ses-03,ses-01->ses-03,ok
eegnet,1,sub-029,ses-01,ses-03,ses-01->ses-03,ok
eegnet,2,sub-029,ses-01,ses-03,ses-01->ses-03,ok
eegnet,3,sub-029,ses-01,ses-03,ses-01->ses-03,ok
eegnet,4,sub-029,ses-01,ses-03,ses-01->ses-03,ok
deepconvnet,0,sub-029,ses-01,ses-03,ses-01->ses-03,ok
deepconvnet,1,sub-029,ses-01,ses-03,ses-01->ses-03,ok
deepconvnet,2,sub-029,ses-01,ses-03,ses-01->ses-03,ok
deepconvnet,3,sub-029,ses-01,ses-03,ses-01->ses-03,ok
deepconvnet,4,sub-029,ses-01,ses-03,ses-01->ses-03,ok
fbcnet,0,sub-029,ses-01,ses-03,ses-01->ses-03,ok
fbcnet,1,sub-029,ses-01,ses-03,ses-01->ses-03,ok
fbcnet,2,sub-029,ses-01,ses-03,ses-01->ses-03,ok
fbcnet,3,sub-029,ses-01,ses-03,ses-01->ses-03,ok
fbcnet,4,sub-029,ses-01,ses-03,ses-01->ses-03,ok
eegnet,0,sub-029,ses-02,ses-01,ses-02->ses-01,ok
eegnet,1,sub-029,ses-02,ses-01,ses-02->ses-01,ok
eegnet,2,sub-029,ses-02,ses-01,ses-02->ses-01,ok
eegnet,3,sub-029,ses-02,ses-01,ses-02->ses-01,ok
eegnet,4,sub-029,ses-02,ses-01,ses-02->ses-01,ok
deepconvnet,0,sub-029,ses-02,ses-01,ses-02->ses-01,ok
deepconvnet,1,sub-029,ses-02,ses-01,ses-02->ses-01,ok
deepconvnet,2,sub-029,ses-02,ses-01,ses-02->ses-01,ok
deepconvnet,3,sub-029,ses-02,ses-01,ses-02->ses-01,ok
deepconvnet,4,sub-029,ses-02,ses-01,ses-02->ses-01,ok
fbcnet,0,sub-029,ses-02,ses-01,ses-02->ses-01,ok
fbcnet,1,sub-029,ses-02,ses-01,ses-02->ses-01,ok
fbcnet,2,sub-029,ses-02,ses-01,ses-02->ses-01,ok
fbcnet,3,sub-029,ses-02,ses-01,ses-02->ses-01,ok
fbcnet,4,sub-029,ses-02,ses-01,ses-02->ses-01,ok
eegnet,0,sub-029,ses-02,ses-03,ses-02->ses-03,ok
eegnet,1,sub-029,ses-02,ses-03,ses-02->ses-03,ok
eegnet,2,sub-029,ses-02,ses-03,ses-02->ses-03,ok
eegnet,3,sub-029,ses-02,ses-03,ses-02->ses-03,ok
eegnet,4,sub-029,ses-02,ses-03,ses-02->ses-03,ok
deepconvnet,0,sub-029,ses-02,ses-03,ses-02->ses-03,ok
deepconvnet,1,sub-029,ses-02,ses-03,ses-02->ses-03,ok
deepconvnet,2,sub-029,ses-02,ses-03,ses-02->ses-03,ok
deepconvnet,3,sub-029,ses-02,ses-03,ses-02->ses-03,ok
deepconvnet,4,sub-029,ses-02,ses-03,ses-02->ses-03,ok
fbcnet,0,sub-029,ses-02,ses-03,ses-02->ses-03,ok
fbcnet,1,sub-029,ses-02,ses-03,ses-02->ses-03,ok
fbcnet,2,sub-029,ses-02,ses-03,ses-02->ses-03,ok
fbcnet,3,sub-029,ses-02,ses-03,ses-02->ses-03,ok
fbcnet,4,sub-029,ses-02,ses-03,ses-02->ses-03,ok
eegnet,0,sub-029,ses-03,ses-01,ses-03->ses-01,ok
eegnet,1,sub-029,ses-03,ses-01,ses-03->ses-01,ok
eegnet,2,sub-029,ses-03,ses-01,ses-03->ses-01,ok
eegnet,3,sub-029,ses-03,ses-01,ses-03->ses-01,ok
eegnet,4,sub-029,ses-03,ses-01,ses-03->ses-01,ok
deepconvnet,0,sub-029,ses-03,ses-01,ses-03->ses-01,ok
deepconvnet,1,sub-029,ses-03,ses-01,ses-03->ses-01,ok
deepconvnet,2,sub-029,ses-03,ses-01,ses-03->ses-01,ok
deepconvnet,3,sub-029,ses-03,ses-01,ses-03->ses-01,ok
deepconvnet,4,sub-029,ses-03,ses-01,ses-03->ses-01,ok
fbcnet,0,sub-029,ses-03,ses-01,ses-03->ses-01,ok
fbcnet,1,sub-029,ses-03,ses-01,ses-03->ses-01,ok
fbcnet,2,sub-029,ses-03,ses-01,ses-03->ses-01,ok
fbcnet,3,sub-029,ses-03,ses-01,ses-03->ses-01,ok
fbcnet,4,sub-029,ses-03,ses-01,ses-03->ses-01,ok
eegnet,0,sub-029,ses-03,ses-02,ses-03->ses-02,ok
eegnet,1,sub-029,ses-03,ses-02,ses-03->ses-02,ok
eegnet,2,sub-029,ses-03,ses-02,ses-03->ses-02,ok
eegnet,3,sub-029,ses-03,ses-02,ses-03->ses-02,ok
eegnet,4,sub-029,ses-03,ses-02,ses-03->ses-02,ok
deepconvnet,0,sub-029,ses-03,ses-02,ses-03->ses-02,ok
deepconvnet,1,sub-029,ses-03,ses-02,ses-03->ses-02,ok
deepconvnet,2,sub-029,ses-03,ses-02,ses-03->ses-02,ok
deepconvnet,3,sub-029,ses-03,ses-02,ses-03->ses-02,ok
deepconvnet,4,sub-029,ses-03,ses-02,ses-03->ses-02,ok
fbcnet,0,sub-029,ses-03,ses-02,ses-03->ses-02,ok
fbcnet,1,sub-029,ses-03,ses-02,ses-03->ses-02,ok
fbcnet,2,sub-029,ses-03,ses-02,ses-03->ses-02,ok
fbcnet,3,sub-029,ses-03,ses-02,ses-03->ses-02,ok
fbcnet,4,sub-029,ses-03,ses-02,ses-03->ses-02,ok
eegnet,0,sub-030,ses-01,ses-02,ses-01->ses-02,ok
eegnet,1,sub-030,ses-01,ses-02,ses-01->ses-02,ok
eegnet,2,sub-030,ses-01,ses-02,ses-01->ses-02,ok
eegnet,3,sub-030,ses-01,ses-02,ses-01->ses-02,ok
eegnet,4,sub-030,ses-01,ses-02,ses-01->ses-02,ok
deepconvnet,0,sub-030,ses-01,ses-02,ses-01->ses-02,ok
deepconvnet,1,sub-030,ses-01,ses-02,ses-01->ses-02,ok
deepconvnet,2,sub-030,ses-01,ses-02,ses-01->ses-02,ok
deepconvnet,3,sub-030,ses-01,ses-02,ses-01->ses-02,ok
deepconvnet,4,sub-030,ses-01,ses-02,ses-01->ses-02,ok
fbcnet,0,sub-030,ses-01,ses-02,ses-01->ses-02,ok
fbcnet,1,sub-030,ses-01,ses-02,ses-01->ses-02,ok
fbcnet,2,sub-030,ses-01,ses-02,ses-01->ses-02,ok
fbcnet,3,sub-030,ses-01,ses-02,ses-01->ses-02,ok
fbcnet,4,sub-030,ses-01,ses-02,ses-01->ses-02,ok
eegnet,0,sub-030,ses-01,ses-03,ses-01->ses-03,ok
eegnet,1,sub-030,ses-01,ses-03,ses-01->ses-03,ok
eegnet,2,sub-030,ses-01,ses-03,ses-01->ses-03,ok
eegnet,3,sub-030,ses-01,ses-03,ses-01->ses-03,ok
eegnet,4,sub-030,ses-01,ses-03,ses-01->ses-03,ok
deepconvnet,0,sub-030,ses-01,ses-03,ses-01->ses-03,ok
deepconvnet,1,sub-030,ses-01,ses-03,ses-01->ses-03,ok
deepconvnet,2,sub-030,ses-01,ses-03,ses-01->ses-03,ok
deepconvnet,3,sub-030,ses-01,ses-03,ses-01->ses-03,ok
deepconvnet,4,sub-030,ses-01,ses-03,ses-01->ses-03,ok
fbcnet,0,sub-030,ses-01,ses-03,ses-01->ses-03,ok
fbcnet,1,sub-030,ses-01,ses-03,ses-01->ses-03,ok
fbcnet,2,sub-030,ses-01,ses-03,ses-01->ses-03,ok
fbcnet,3,sub-030,ses-01,ses-03,ses-01->ses-03,ok
fbcnet,4,sub-030,ses-01,ses-03,ses-01->ses-03,ok
eegnet,0,sub-030,ses-02,ses-01,ses-02->ses-01,ok
eegnet,1,sub-030,ses-02,ses-01,ses-02->ses-01,ok
eegnet,2,sub-030,ses-02,ses-01,ses-02->ses-01,ok
eegnet,3,sub-030,ses-02,ses-01,ses-02->ses-01,ok
eegnet,4,sub-030,ses-02,ses-01,ses-02->ses-01,ok
deepconvnet,0,sub-030,ses-02,ses-01,ses-02->ses-01,ok
deepconvnet,1,sub-030,ses-02,ses-01,ses-02->ses-01,ok
deepconvnet,2,sub-030,ses-02,ses-01,ses-02->ses-01,ok
deepconvnet,3,sub-030,ses-02,ses-01,ses-02->ses-01,ok
deepconvnet,4,sub-030,ses-02,ses-01,ses-02->ses-01,ok
fbcnet,0,sub-030,ses-02,ses-01,ses-02->ses-01,ok
fbcnet,1,sub-030,ses-02,ses-01,ses-02->ses-01,ok
fbcnet,2,sub-030,ses-02,ses-01,ses-02->ses-01,ok
fbcnet,3,sub-030,ses-02,ses-01,ses-02->ses-01,ok
fbcnet,4,sub-030,ses-02,ses-01,ses-02->ses-01,ok
eegnet,0,sub-030,ses-02,ses-03,ses-02->ses-03,ok
eegnet,1,sub-030,ses-02,ses-03,ses-02->ses-03,ok
eegnet,2,sub-030,ses-02,ses-03,ses-02->ses-03,ok
eegnet,3,sub-030,ses-02,ses-03,ses-02->ses-03,ok
eegnet,4,sub-030,ses-02,ses-03,ses-02->ses-03,ok
deepconvnet,0,sub-030,ses-02,ses-03,ses-02->ses-03,ok
deepconvnet,1,sub-030,ses-02,ses-03,ses-02->ses-03,ok
deepconvnet,2,sub-030,ses-02,ses-03,ses-02->ses-03,ok
deepconvnet,3,sub-030,ses-02,ses-03,ses-02->ses-03,ok
deepconvnet,4,sub-030,ses-02,ses-03,ses-02->ses-03,ok
fbcnet,0,sub-030,ses-02,ses-03,ses-02->ses-03,ok
fbcnet,1,sub-030,ses-02,ses-03,ses-02->ses-03,ok
fbcnet,2,sub-030,ses-02,ses-03,ses-02->ses-03,ok
fbcnet,3,sub-030,ses-02,ses-03,ses-02->ses-03,ok
fbcnet,4,sub-030,ses-02,ses-03,ses-02->ses-03,ok
eegnet,0,sub-030,ses-03,ses-01,ses-03->ses-01,ok
eegnet,1,sub-030,ses-03,ses-01,ses-03->ses-01,ok
eegnet,2,sub-030,ses-03,ses-01,ses-03->ses-01,ok
eegnet,3,sub-030,ses-03,ses-01,ses-03->ses-01,ok
eegnet,4,sub-030,ses-03,ses-01,ses-03->ses-01,ok
deepconvnet,0,sub-030,ses-03,ses-01,ses-03->ses-01,ok
deepconvnet,1,sub-030,ses-03,ses-01,ses-03->ses-01,ok
deepconvnet,2,sub-030,ses-03,ses-01,ses-03->ses-01,ok
deepconvnet,3,sub-030,ses-03,ses-01,ses-03->ses-01,ok
deepconvnet,4,sub-030,ses-03,ses-01,ses-03->ses-01,ok
fbcnet,0,sub-030,ses-03,ses-01,ses-03->ses-01,ok
fbcnet,1,sub-030,ses-03,ses-01,ses-03->ses-01,ok
fbcnet,2,sub-030,ses-03,ses-01,ses-03->ses-01,ok
fbcnet,3,sub-030,ses-03,ses-01,ses-03->ses-01,ok
fbcnet,4,sub-030,ses-03,ses-01,ses-03->ses-01,ok
eegnet,0,sub-030,ses-03,ses-02,ses-03->ses-02,ok
eegnet,1,sub-030,ses-03,ses-02,ses-03->ses-02,ok
eegnet,2,sub-030,ses-03,ses-02,ses-03->ses-02,ok
eegnet,3,sub-030,ses-03,ses-02,ses-03->ses-02,ok
eegnet,4,sub-030,ses-03,ses-02,ses-03->ses-02,ok
deepconvnet,0,sub-030,ses-03,ses-02,ses-03->ses-02,ok
deepconvnet,1,sub-030,ses-03,ses-02,ses-03->ses-02,ok
deepconvnet,2,sub-030,ses-03,ses-02,ses-03->ses-02,ok
deepconvnet,3,sub-030,ses-03,ses-02,ses-03->ses-02,ok
deepconvnet,4,sub-030,ses-03,ses-02,ses-03->ses-02,ok
fbcnet,0,sub-030,ses-03,ses-02,ses-03->ses-02,ok
fbcnet,1,sub-030,ses-03,ses-02,ses-03->ses-02,ok
fbcnet,2,sub-030,ses-03,ses-02,ses-03->ses-02,ok
fbcnet,3,sub-030,ses-03,ses-02,ses-03->ses-02,ok
fbcnet,4,sub-030,ses-03,ses-02,ses-03->ses-02,ok
eegnet,0,sub-031,ses-01,ses-02,ses-01->ses-02,ok
eegnet,1,sub-031,ses-01,ses-02,ses-01->ses-02,ok
eegnet,2,sub-031,ses-01,ses-02,ses-01->ses-02,ok
eegnet,3,sub-031,ses-01,ses-02,ses-01->ses-02,ok
eegnet,4,sub-031,ses-01,ses-02,ses-01->ses-02,ok
deepconvnet,0,sub-031,ses-01,ses-02,ses-01->ses-02,ok
deepconvnet,1,sub-031,ses-01,ses-02,ses-01->ses-02,ok
deepconvnet,2,sub-031,ses-01,ses-02,ses-01->ses-02,ok
deepconvnet,3,sub-031,ses-01,ses-02,ses-01->ses-02,ok
deepconvnet,4,sub-031,ses-01,ses-02,ses-01->ses-02,ok
fbcnet,0,sub-031,ses-01,ses-02,ses-01->ses-02,ok
fbcnet,1,sub-031,ses-01,ses-02,ses-01->ses-02,ok
fbcnet,2,sub-031,ses-01,ses-02,ses-01->ses-02,ok
fbcnet,3,sub-031,ses-01,ses-02,ses-01->ses-02,ok
fbcnet,4,sub-031,ses-01,ses-02,ses-01->ses-02,ok
eegnet,0,sub-031,ses-01,ses-03,ses-01->ses-03,ok
eegnet,1,sub-031,ses-01,ses-03,ses-01->ses-03,ok
eegnet,2,sub-031,ses-01,ses-03,ses-01->ses-03,ok
eegnet,3,sub-031,ses-01,ses-03,ses-01->ses-03,ok
eegnet,4,sub-031,ses-01,ses-03,ses-01->ses-03,ok
deepconvnet,0,sub-031,ses-01,ses-03,ses-01->ses-03,ok
deepconvnet,1,sub-031,ses-01,ses-03,ses-01->ses-03,ok
deepconvnet,2,sub-031,ses-01,ses-03,ses-01->ses-03,ok
deepconvnet,3,sub-031,ses-01,ses-03,ses-01->ses-03,ok
deepconvnet,4,sub-031,ses-01,ses-03,ses-01->ses-03,ok
fbcnet,0,sub-031,ses-01,ses-03,ses-01->ses-03,ok
fbcnet,1,sub-031,ses-01,ses-03,ses-01->ses-03,ok
fbcnet,2,sub-031,ses-01,ses-03,ses-01->ses-03,ok
fbcnet,3,sub-031,ses-01,ses-03,ses-01->ses-03,ok
fbcnet,4,sub-031,ses-01,ses-03,ses-01->ses-03,ok
eegnet,0,sub-031,ses-02,ses-01,ses-02->ses-01,ok
eegnet,1,sub-031,ses-02,ses-01,ses-02->ses-01,ok
eegnet,2,sub-031,ses-02,ses-01,ses-02->ses-01,ok
eegnet,3,sub-031,ses-02,ses-01,ses-02->ses-01,ok
eegnet,4,sub-031,ses-02,ses-01,ses-02->ses-01,ok
deepconvnet,0,sub-031,ses-02,ses-01,ses-02->ses-01,ok
deepconvnet,1,sub-031,ses-02,ses-01,ses-02->ses-01,ok
deepconvnet,2,sub-031,ses-02,ses-01,ses-02->ses-01,ok
deepconvnet,3,sub-031,ses-02,ses-01,ses-02->ses-01,ok
deepconvnet,4,sub-031,ses-02,ses-01,ses-02->ses-01,ok
fbcnet,0,sub-031,ses-02,ses-01,ses-02->ses-01,ok
fbcnet,1,sub-031,ses-02,ses-01,ses-02->ses-01,ok
fbcnet,2,sub-031,ses-02,ses-01,ses-02->ses-01,ok
fbcnet,3,sub-031,ses-02,ses-01,ses-02->ses-01,ok
fbcnet,4,sub-031,ses-02,ses-01,ses-02->ses-01,ok
eegnet,0,sub-031,ses-02,ses-03,ses-02->ses-03,ok
eegnet,1,sub-031,ses-02,ses-03,ses-02->ses-03,ok
eegnet,2,sub-031,ses-02,ses-03,ses-02->ses-03,ok
eegnet,3,sub-031,ses-02,ses-03,ses-02->ses-03,ok
eegnet,4,sub-031,ses-02,ses-03,ses-02->ses-03,ok
deepconvnet,0,sub-031,ses-02,ses-03,ses-02->ses-03,ok
deepconvnet,1,sub-031,ses-02,ses-03,ses-02->ses-03,ok
deepconvnet,2,sub-031,ses-02,ses-03,ses-02->ses-03,ok
deepconvnet,3,sub-031,ses-02,ses-03,ses-02->ses-03,ok
deepconvnet,4,sub-031,ses-02,ses-03,ses-02->ses-03,ok
fbcnet,0,sub-031,ses-02,ses-03,ses-02->ses-03,ok
fbcnet,1,sub-031,ses-02,ses-03,ses-02->ses-03,ok
fbcnet,2,sub-031,ses-02,ses-03,ses-02->ses-03,ok
fbcnet,3,sub-031,ses-02,ses-03,ses-02->ses-03,ok
fbcnet,4,sub-031,ses-02,ses-03,ses-02->ses-03,ok
eegnet,0,sub-031,ses-03,ses-01,ses-03->ses-01,ok
eegnet,1,sub-031,ses-03,ses-01,ses-03->ses-01,ok
eegnet,2,sub-031,ses-03,ses-01,ses-03->ses-01,ok
eegnet,3,sub-031,ses-03,ses-01,ses-03->ses-01,ok
eegnet,4,sub-031,ses-03,ses-01,ses-03->ses-01,ok
deepconvnet,0,sub-031,ses-03,ses-01,ses-03->ses-01,ok
deepconvnet,1,sub-031,ses-03,ses-01,ses-03->ses-01,ok
deepconvnet,2,sub-031,ses-03,ses-01,ses-03->ses-01,ok
deepconvnet,3,sub-031,ses-03,ses-01,ses-03->ses-01,ok
deepconvnet,4,sub-031,ses-03,ses-01,ses-03->ses-01,ok
fbcnet,0,sub-031,ses-03,ses-01,ses-03->ses-01,ok
fbcnet,1,sub-031,ses-03,ses-01,ses-03->ses-01,ok
fbcnet,2,sub-031,ses-03,ses-01,ses-03->ses-01,ok
fbcnet,3,sub-031,ses-03,ses-01,ses-03->ses-01,ok
fbcnet,4,sub-031,ses-03,ses-01,ses-03->ses-01,ok
eegnet,0,sub-031,ses-03,ses-02,ses-03->ses-02,ok
eegnet,1,sub-031,ses-03,ses-02,ses-03->ses-02,ok
eegnet,2,sub-031,ses-03,ses-02,ses-03->ses-02,ok
eegnet,3,sub-031,ses-03,ses-02,ses-03->ses-02,ok
eegnet,4,sub-031,ses-03,ses-02,ses-03->ses-02,ok
deepconvnet,0,sub-031,ses-03,ses-02,ses-03->ses-02,ok
deepconvnet,1,sub-031,ses-03,ses-02,ses-03->ses-02,ok
deepconvnet,2,sub-031,ses-03,ses-02,ses-03->ses-02,ok
deepconvnet,3,sub-031,ses-03,ses-02,ses-03->ses-02,ok
deepconvnet,4,sub-031,ses-03,ses-02,ses-03->ses-02,ok
fbcnet,0,sub-031,ses-03,ses-02,ses-03->ses-02,ok
fbcnet,1,sub-031,ses-03,ses-02,ses-03->ses-02,ok
fbcnet,2,sub-031,ses-03,ses-02,ses-03->ses-02,ok
fbcnet,3,sub-031,ses-03,ses-02,ses-03->ses-02,ok
fbcnet,4,sub-031,ses-03,ses-02,ses-03->ses-02,ok
eegnet,0,sub-032,ses-01,ses-03,ses-01->ses-03,ok
eegnet,1,sub-032,ses-01,ses-03,ses-01->ses-03,ok
eegnet,2,sub-032,ses-01,ses-03,ses-01->ses-03,ok
eegnet,3,sub-032,ses-01,ses-03,ses-01->ses-03,ok
eegnet,4,sub-032,ses-01,ses-03,ses-01->ses-03,ok
deepconvnet,0,sub-032,ses-01,ses-03,ses-01->ses-03,ok
deepconvnet,1,sub-032,ses-01,ses-03,ses-01->ses-03,ok
deepconvnet,2,sub-032,ses-01,ses-03,ses-01->ses-03,ok
deepconvnet,3,sub-032,ses-01,ses-03,ses-01->ses-03,ok
deepconvnet,4,sub-032,ses-01,ses-03,ses-01->ses-03,ok
fbcnet,0,sub-032,ses-01,ses-03,ses-01->ses-03,ok
fbcnet,1,sub-032,ses-01,ses-03,ses-01->ses-03,ok
fbcnet,2,sub-032,ses-01,ses-03,ses-01->ses-03,ok
fbcnet,3,sub-032,ses-01,ses-03,ses-01->ses-03,ok
fbcnet,4,sub-032,ses-01,ses-03,ses-01->ses-03,ok
eegnet,0,sub-032,ses-03,ses-01,ses-03->ses-01,ok
eegnet,1,sub-032,ses-03,ses-01,ses-03->ses-01,ok
eegnet,2,sub-032,ses-03,ses-01,ses-03->ses-01,ok
eegnet,3,sub-032,ses-03,ses-01,ses-03->ses-01,ok
eegnet,4,sub-032,ses-03,ses-01,ses-03->ses-01,ok
deepconvnet,0,sub-032,ses-03,ses-01,ses-03->ses-01,ok
deepconvnet,1,sub-032,ses-03,ses-01,ses-03->ses-01,ok
deepconvnet,2,sub-032,ses-03,ses-01,ses-03->ses-01,ok
deepconvnet,3,sub-032,ses-03,ses-01,ses-03->ses-01,ok
deepconvnet,4,sub-032,ses-03,ses-01,ses-03->ses-01,ok
fbcnet,0,sub-032,ses-03,ses-01,ses-03->ses-01,ok
fbcnet,1,sub-032,ses-03,ses-01,ses-03->ses-01,ok
fbcnet,2,sub-032,ses-03,ses-01,ses-03->ses-01,ok
fbcnet,3,sub-032,ses-03,ses-01,ses-03->ses-01,ok
fbcnet,4,sub-032,ses-03,ses-01,ses-03->ses-01,ok
eegnet,0,sub-033,ses-01,ses-02,ses-01->ses-02,ok
eegnet,1,sub-033,ses-01,ses-02,ses-01->ses-02,ok
eegnet,2,sub-033,ses-01,ses-02,ses-01->ses-02,ok
eegnet,3,sub-033,ses-01,ses-02,ses-01->ses-02,ok
eegnet,4,sub-033,ses-01,ses-02,ses-01->ses-02,ok
deepconvnet,0,sub-033,ses-01,ses-02,ses-01->ses-02,ok
deepconvnet,1,sub-033,ses-01,ses-02,ses-01->ses-02,ok
deepconvnet,2,sub-033,ses-01,ses-02,ses-01->ses-02,ok
deepconvnet,3,sub-033,ses-01,ses-02,ses-01->ses-02,ok
deepconvnet,4,sub-033,ses-01,ses-02,ses-01->ses-02,ok
fbcnet,0,sub-033,ses-01,ses-02,ses-01->ses-02,ok
fbcnet,1,sub-033,ses-01,ses-02,ses-01->ses-02,ok
fbcnet,2,sub-033,ses-01,ses-02,ses-01->ses-02,ok
fbcnet,3,sub-033,ses-01,ses-02,ses-01->ses-02,ok
fbcnet,4,sub-033,ses-01,ses-02,ses-01->ses-02,ok
eegnet,0,sub-033,ses-01,ses-03,ses-01->ses-03,ok
eegnet,1,sub-033,ses-01,ses-03,ses-01->ses-03,ok
eegnet,2,sub-033,ses-01,ses-03,ses-01->ses-03,ok
eegnet,3,sub-033,ses-01,ses-03,ses-01->ses-03,ok
eegnet,4,sub-033,ses-01,ses-03,ses-01->ses-03,ok
deepconvnet,0,sub-033,ses-01,ses-03,ses-01->ses-03,ok
deepconvnet,1,sub-033,ses-01,ses-03,ses-01->ses-03,ok
deepconvnet,2,sub-033,ses-01,ses-03,ses-01->ses-03,ok
deepconvnet,3,sub-033,ses-01,ses-03,ses-01->ses-03,ok
deepconvnet,4,sub-033,ses-01,ses-03,ses-01->ses-03,ok
fbcnet,0,sub-033,ses-01,ses-03,ses-01->ses-03,ok
fbcnet,1,sub-033,ses-01,ses-03,ses-01->ses-03,ok
fbcnet,2,sub-033,ses-01,ses-03,ses-01->ses-03,ok
fbcnet,3,sub-033,ses-01,ses-03,ses-01->ses-03,ok
fbcnet,4,sub-033,ses-01,ses-03,ses-01->ses-03,ok
eegnet,0,sub-033,ses-02,ses-01,ses-02->ses-01,ok
eegnet,1,sub-033,ses-02,ses-01,ses-02->ses-01,ok
eegnet,2,sub-033,ses-02,ses-01,ses-02->ses-01,ok
eegnet,3,sub-033,ses-02,ses-01,ses-02->ses-01,ok
eegnet,4,sub-033,ses-02,ses-01,ses-02->ses-01,ok
deepconvnet,0,sub-033,ses-02,ses-01,ses-02->ses-01,ok
deepconvnet,1,sub-033,ses-02,ses-01,ses-02->ses-01,ok
deepconvnet,2,sub-033,ses-02,ses-01,ses-02->ses-01,ok
deepconvnet,3,sub-033,ses-02,ses-01,ses-02->ses-01,ok
deepconvnet,4,sub-033,ses-02,ses-01,ses-02->ses-01,ok
fbcnet,0,sub-033,ses-02,ses-01,ses-02->ses-01,ok
fbcnet,1,sub-033,ses-02,ses-01,ses-02->ses-01,ok
fbcnet,2,sub-033,ses-02,ses-01,ses-02->ses-01,ok
fbcnet,3,sub-033,ses-02,ses-01,ses-02->ses-01,ok
fbcnet,4,sub-033,ses-02,ses-01,ses-02->ses-01,ok
eegnet,0,sub-033,ses-02,ses-03,ses-02->ses-03,ok
eegnet,1,sub-033,ses-02,ses-03,ses-02->ses-03,ok
eegnet,2,sub-033,ses-02,ses-03,ses-02->ses-03,ok
eegnet,3,sub-033,ses-02,ses-03,ses-02->ses-03,ok
eegnet,4,sub-033,ses-02,ses-03,ses-02->ses-03,ok
deepconvnet,0,sub-033,ses-02,ses-03,ses-02->ses-03,ok
deepconvnet,1,sub-033,ses-02,ses-03,ses-02->ses-03,ok
deepconvnet,2,sub-033,ses-02,ses-03,ses-02->ses-03,ok
deepconvnet,3,sub-033,ses-02,ses-03,ses-02->ses-03,ok
deepconvnet,4,sub-033,ses-02,ses-03,ses-02->ses-03,ok
fbcnet,0,sub-033,ses-02,ses-03,ses-02->ses-03,ok
fbcnet,1,sub-033,ses-02,ses-03,ses-02->ses-03,ok
fbcnet,2,sub-033,ses-02,ses-03,ses-02->ses-03,ok
fbcnet,3,sub-033,ses-02,ses-03,ses-02->ses-03,ok
fbcnet,4,sub-033,ses-02,ses-03,ses-02->ses-03,ok
eegnet,0,sub-033,ses-03,ses-01,ses-03->ses-01,ok
eegnet,1,sub-033,ses-03,ses-01,ses-03->ses-01,ok
eegnet,2,sub-033,ses-03,ses-01,ses-03->ses-01,ok
eegnet,3,sub-033,ses-03,ses-01,ses-03->ses-01,ok
eegnet,4,sub-033,ses-03,ses-01,ses-03->ses-01,ok
deepconvnet,0,sub-033,ses-03,ses-01,ses-03->ses-01,ok
deepconvnet,1,sub-033,ses-03,ses-01,ses-03->ses-01,ok
deepconvnet,2,sub-033,ses-03,ses-01,ses-03->ses-01,ok
deepconvnet,3,sub-033,ses-03,ses-01,ses-03->ses-01,ok
deepconvnet,4,sub-033,ses-03,ses-01,ses-03->ses-01,ok
fbcnet,0,sub-033,ses-03,ses-01,ses-03->ses-01,ok
fbcnet,1,sub-033,ses-03,ses-01,ses-03->ses-01,ok
fbcnet,2,sub-033,ses-03,ses-01,ses-03->ses-01,ok
fbcnet,3,sub-033,ses-03,ses-01,ses-03->ses-01,ok
fbcnet,4,sub-033,ses-03,ses-01,ses-03->ses-01,ok
eegnet,0,sub-033,ses-03,ses-02,ses-03->ses-02,ok
eegnet,1,sub-033,ses-03,ses-02,ses-03->ses-02,ok
eegnet,2,sub-033,ses-03,ses-02,ses-03->ses-02,ok
eegnet,3,sub-033,ses-03,ses-02,ses-03->ses-02,ok
eegnet,4,sub-033,ses-03,ses-02,ses-03->ses-02,ok
deepconvnet,0,sub-033,ses-03,ses-02,ses-03->ses-02,ok
deepconvnet,1,sub-033,ses-03,ses-02,ses-03->ses-02,ok
deepconvnet,2,sub-033,ses-03,ses-02,ses-03->ses-02,ok
deepconvnet,3,sub-033,ses-03,ses-02,ses-03->ses-02,ok
deepconvnet,4,sub-033,ses-03,ses-02,ses-03->ses-02,ok
fbcnet,0,sub-033,ses-03,ses-02,ses-03->ses-02,ok
fbcnet,1,sub-033,ses-03,ses-02,ses-03->ses-02,ok
fbcnet,2,sub-033,ses-03,ses-02,ses-03->ses-02,ok
fbcnet,3,sub-033,ses-03,ses-02,ses-03->ses-02,ok
fbcnet,4,sub-033,ses-03,ses-02,ses-03->ses-02,ok
eegnet,0,sub-034,ses-01,ses-02,ses-01->ses-02,ok
eegnet,1,sub-034,ses-01,ses-02,ses-01->ses-02,ok
eegnet,2,sub-034,ses-01,ses-02,ses-01->ses-02,ok
eegnet,3,sub-034,ses-01,ses-02,ses-01->ses-02,ok
eegnet,4,sub-034,ses-01,ses-02,ses-01->ses-02,ok
deepconvnet,0,sub-034,ses-01,ses-02,ses-01->ses-02,ok
deepconvnet,1,sub-034,ses-01,ses-02,ses-01->ses-02,ok
deepconvnet,2,sub-034,ses-01,ses-02,ses-01->ses-02,ok
deepconvnet,3,sub-034,ses-01,ses-02,ses-01->ses-02,ok
deepconvnet,4,sub-034,ses-01,ses-02,ses-01->ses-02,ok
fbcnet,0,sub-034,ses-01,ses-02,ses-01->ses-02,ok
fbcnet,1,sub-034,ses-01,ses-02,ses-01->ses-02,ok
fbcnet,2,sub-034,ses-01,ses-02,ses-01->ses-02,ok
fbcnet,3,sub-034,ses-01,ses-02,ses-01->ses-02,ok
fbcnet,4,sub-034,ses-01,ses-02,ses-01->ses-02,ok
eegnet,0,sub-034,ses-01,ses-03,ses-01->ses-03,ok
eegnet,1,sub-034,ses-01,ses-03,ses-01->ses-03,ok
eegnet,2,sub-034,ses-01,ses-03,ses-01->ses-03,ok
eegnet,3,sub-034,ses-01,ses-03,ses-01->ses-03,ok
eegnet,4,sub-034,ses-01,ses-03,ses-01->ses-03,ok
deepconvnet,0,sub-034,ses-01,ses-03,ses-01->ses-03,ok
deepconvnet,1,sub-034,ses-01,ses-03,ses-01->ses-03,ok
deepconvnet,2,sub-034,ses-01,ses-03,ses-01->ses-03,ok
deepconvnet,3,sub-034,ses-01,ses-03,ses-01->ses-03,ok
deepconvnet,4,sub-034,ses-01,ses-03,ses-01->ses-03,ok
fbcnet,0,sub-034,ses-01,ses-03,ses-01->ses-03,ok
fbcnet,1,sub-034,ses-01,ses-03,ses-01->ses-03,ok
fbcnet,2,sub-034,ses-01,ses-03,ses-01->ses-03,ok
fbcnet,3,sub-034,ses-01,ses-03,ses-01->ses-03,ok
fbcnet,4,sub-034,ses-01,ses-03,ses-01->ses-03,ok
eegnet,0,sub-034,ses-02,ses-01,ses-02->ses-01,ok
eegnet,1,sub-034,ses-02,ses-01,ses-02->ses-01,ok
eegnet,2,sub-034,ses-02,ses-01,ses-02->ses-01,ok
eegnet,3,sub-034,ses-02,ses-01,ses-02->ses-01,ok
eegnet,4,sub-034,ses-02,ses-01,ses-02->ses-01,ok
deepconvnet,0,sub-034,ses-02,ses-01,ses-02->ses-01,ok
deepconvnet,1,sub-034,ses-02,ses-01,ses-02->ses-01,ok
deepconvnet,2,sub-034,ses-02,ses-01,ses-02->ses-01,ok
deepconvnet,3,sub-034,ses-02,ses-01,ses-02->ses-01,ok
deepconvnet,4,sub-034,ses-02,ses-01,ses-02->ses-01,ok
fbcnet,0,sub-034,ses-02,ses-01,ses-02->ses-01,ok
fbcnet,1,sub-034,ses-02,ses-01,ses-02->ses-01,ok
fbcnet,2,sub-034,ses-02,ses-01,ses-02->ses-01,ok
fbcnet,3,sub-034,ses-02,ses-01,ses-02->ses-01,ok
fbcnet,4,sub-034,ses-02,ses-01,ses-02->ses-01,ok
eegnet,0,sub-034,ses-02,ses-03,ses-02->ses-03,ok
eegnet,1,sub-034,ses-02,ses-03,ses-02->ses-03,ok
eegnet,2,sub-034,ses-02,ses-03,ses-02->ses-03,ok
eegnet,3,sub-034,ses-02,ses-03,ses-02->ses-03,ok
eegnet,4,sub-034,ses-02,ses-03,ses-02->ses-03,ok
deepconvnet,0,sub-034,ses-02,ses-03,ses-02->ses-03,ok
deepconvnet,1,sub-034,ses-02,ses-03,ses-02->ses-03,ok
deepconvnet,2,sub-034,ses-02,ses-03,ses-02->ses-03,ok
deepconvnet,3,sub-034,ses-02,ses-03,ses-02->ses-03,ok
deepconvnet,4,sub-034,ses-02,ses-03,ses-02->ses-03,ok
fbcnet,0,sub-034,ses-02,ses-03,ses-02->ses-03,ok
fbcnet,1,sub-034,ses-02,ses-03,ses-02->ses-03,ok
fbcnet,2,sub-034,ses-02,ses-03,ses-02->ses-03,ok
fbcnet,3,sub-034,ses-02,ses-03,ses-02->ses-03,ok
fbcnet,4,sub-034,ses-02,ses-03,ses-02->ses-03,ok
eegnet,0,sub-034,ses-03,ses-01,ses-03->ses-01,ok
eegnet,1,sub-034,ses-03,ses-01,ses-03->ses-01,ok
eegnet,2,sub-034,ses-03,ses-01,ses-03->ses-01,ok
eegnet,3,sub-034,ses-03,ses-01,ses-03->ses-01,ok
eegnet,4,sub-034,ses-03,ses-01,ses-03->ses-01,ok
deepconvnet,0,sub-034,ses-03,ses-01,ses-03->ses-01,ok
deepconvnet,1,sub-034,ses-03,ses-01,ses-03->ses-01,ok
deepconvnet,2,sub-034,ses-03,ses-01,ses-03->ses-01,ok
deepconvnet,3,sub-034,ses-03,ses-01,ses-03->ses-01,ok
deepconvnet,4,sub-034,ses-03,ses-01,ses-03->ses-01,ok
fbcnet,0,sub-034,ses-03,ses-01,ses-03->ses-01,ok
fbcnet,1,sub-034,ses-03,ses-01,ses-03->ses-01,ok
fbcnet,2,sub-034,ses-03,ses-01,ses-03->ses-01,ok
fbcnet,3,sub-034,ses-03,ses-01,ses-03->ses-01,ok
fbcnet,4,sub-034,ses-03,ses-01,ses-03->ses-01,ok
eegnet,0,sub-034,ses-03,ses-02,ses-03->ses-02,ok
eegnet,1,sub-034,ses-03,ses-02,ses-03->ses-02,ok
eegnet,2,sub-034,ses-03,ses-02,ses-03->ses-02,ok
eegnet,3,sub-034,ses-03,ses-02,ses-03->ses-02,ok
eegnet,4,sub-034,ses-03,ses-02,ses-03->ses-02,ok
deepconvnet,0,sub-034,ses-03,ses-02,ses-03->ses-02,ok
deepconvnet,1,sub-034,ses-03,ses-02,ses-03->ses-02,ok
deepconvnet,2,sub-034,ses-03,ses-02,ses-03->ses-02,ok
deepconvnet,3,sub-034,ses-03,ses-02,ses-03->ses-02,ok
deepconvnet,4,sub-034,ses-03,ses-02,ses-03->ses-02,ok
fbcnet,0,sub-034,ses-03,ses-02,ses-03->ses-02,ok
fbcnet,1,sub-034,ses-03,ses-02,ses-03->ses-02,ok
fbcnet,2,sub-034,ses-03,ses-02,ses-03->ses-02,ok
fbcnet,3,sub-034,ses-03,ses-02,ses-03->ses-02,ok
fbcnet,4,sub-034,ses-03,ses-02,ses-03->ses-02,ok
eegnet,0,sub-035,ses-01,ses-02,ses-01->ses-02,ok
eegnet,1,sub-035,ses-01,ses-02,ses-01->ses-02,ok
eegnet,2,sub-035,ses-01,ses-02,ses-01->ses-02,ok
eegnet,3,sub-035,ses-01,ses-02,ses-01->ses-02,ok
eegnet,4,sub-035,ses-01,ses-02,ses-01->ses-02,ok
deepconvnet,0,sub-035,ses-01,ses-02,ses-01->ses-02,ok
deepconvnet,1,sub-035,ses-01,ses-02,ses-01->ses-02,ok
deepconvnet,2,sub-035,ses-01,ses-02,ses-01->ses-02,ok
deepconvnet,3,sub-035,ses-01,ses-02,ses-01->ses-02,ok
deepconvnet,4,sub-035,ses-01,ses-02,ses-01->ses-02,ok
fbcnet,0,sub-035,ses-01,ses-02,ses-01->ses-02,ok
fbcnet,1,sub-035,ses-01,ses-02,ses-01->ses-02,ok
fbcnet,2,sub-035,ses-01,ses-02,ses-01->ses-02,ok
fbcnet,3,sub-035,ses-01,ses-02,ses-01->ses-02,ok
fbcnet,4,sub-035,ses-01,ses-02,ses-01->ses-02,ok
eegnet,0,sub-035,ses-01,ses-03,ses-01->ses-03,ok
eegnet,1,sub-035,ses-01,ses-03,ses-01->ses-03,ok
eegnet,2,sub-035,ses-01,ses-03,ses-01->ses-03,ok
eegnet,3,sub-035,ses-01,ses-03,ses-01->ses-03,ok
eegnet,4,sub-035,ses-01,ses-03,ses-01->ses-03,ok
deepconvnet,0,sub-035,ses-01,ses-03,ses-01->ses-03,ok
deepconvnet,1,sub-035,ses-01,ses-03,ses-01->ses-03,ok
deepconvnet,2,sub-035,ses-01,ses-03,ses-01->ses-03,ok
deepconvnet,3,sub-035,ses-01,ses-03,ses-01->ses-03,ok
deepconvnet,4,sub-035,ses-01,ses-03,ses-01->ses-03,ok
fbcnet,0,sub-035,ses-01,ses-03,ses-01->ses-03,ok
fbcnet,1,sub-035,ses-01,ses-03,ses-01->ses-03,ok
fbcnet,2,sub-035,ses-01,ses-03,ses-01->ses-03,ok
fbcnet,3,sub-035,ses-01,ses-03,ses-01->ses-03,ok
fbcnet,4,sub-035,ses-01,ses-03,ses-01->ses-03,ok
eegnet,0,sub-035,ses-02,ses-01,ses-02->ses-01,ok
eegnet,1,sub-035,ses-02,ses-01,ses-02->ses-01,ok
eegnet,2,sub-035,ses-02,ses-01,ses-02->ses-01,ok
eegnet,3,sub-035,ses-02,ses-01,ses-02->ses-01,ok
eegnet,4,sub-035,ses-02,ses-01,ses-02->ses-01,ok
deepconvnet,0,sub-035,ses-02,ses-01,ses-02->ses-01,ok
deepconvnet,1,sub-035,ses-02,ses-01,ses-02->ses-01,ok
deepconvnet,2,sub-035,ses-02,ses-01,ses-02->ses-01,ok
deepconvnet,3,sub-035,ses-02,ses-01,ses-02->ses-01,ok
deepconvnet,4,sub-035,ses-02,ses-01,ses-02->ses-01,ok
fbcnet,0,sub-035,ses-02,ses-01,ses-02->ses-01,ok
fbcnet,1,sub-035,ses-02,ses-01,ses-02->ses-01,ok
fbcnet,2,sub-035,ses-02,ses-01,ses-02->ses-01,ok
fbcnet,3,sub-035,ses-02,ses-01,ses-02->ses-01,ok
fbcnet,4,sub-035,ses-02,ses-01,ses-02->ses-01,ok
eegnet,0,sub-035,ses-02,ses-03,ses-02->ses-03,ok
eegnet,1,sub-035,ses-02,ses-03,ses-02->ses-03,ok
eegnet,2,sub-035,ses-02,ses-03,ses-02->ses-03,ok
eegnet,3,sub-035,ses-02,ses-03,ses-02->ses-03,ok
eegnet,4,sub-035,ses-02,ses-03,ses-02->ses-03,ok
deepconvnet,0,sub-035,ses-02,ses-03,ses-02->ses-03,ok
deepconvnet,1,sub-035,ses-02,ses-03,ses-02->ses-03,ok
deepconvnet,2,sub-035,ses-02,ses-03,ses-02->ses-03,ok
deepconvnet,3,sub-035,ses-02,ses-03,ses-02->ses-03,ok
deepconvnet,4,sub-035,ses-02,ses-03,ses-02->ses-03,ok
fbcnet,0,sub-035,ses-02,ses-03,ses-02->ses-03,ok
fbcnet,1,sub-035,ses-02,ses-03,ses-02->ses-03,ok
fbcnet,2,sub-035,ses-02,ses-03,ses-02->ses-03,ok
fbcnet,3,sub-035,ses-02,ses-03,ses-02->ses-03,ok
fbcnet,4,sub-035,ses-02,ses-03,ses-02->ses-03,ok
eegnet,0,sub-035,ses-03,ses-01,ses-03->ses-01,ok
eegnet,1,sub-035,ses-03,ses-01,ses-03->ses-01,ok
eegnet,2,sub-035,ses-03,ses-01,ses-03->ses-01,ok
eegnet,3,sub-035,ses-03,ses-01,ses-03->ses-01,ok
eegnet,4,sub-035,ses-03,ses-01,ses-03->ses-01,ok
deepconvnet,0,sub-035,ses-03,ses-01,ses-03->ses-01,ok
deepconvnet,1,sub-035,ses-03,ses-01,ses-03->ses-01,ok
deepconvnet,2,sub-035,ses-03,ses-01,ses-03->ses-01,ok
deepconvnet,3,sub-035,ses-03,ses-01,ses-03->ses-01,ok
deepconvnet,4,sub-035,ses-03,ses-01,ses-03->ses-01,ok
fbcnet,0,sub-035,ses-03,ses-01,ses-03->ses-01,ok
fbcnet,1,sub-035,ses-03,ses-01,ses-03->ses-01,ok
fbcnet,2,sub-035,ses-03,ses-01,ses-03->ses-01,ok
fbcnet,3,sub-035,ses-03,ses-01,ses-03->ses-01,ok
fbcnet,4,sub-035,ses-03,ses-01,ses-03->ses-01,ok
eegnet,0,sub-035,ses-03,ses-02,ses-03->ses-02,ok
eegnet,1,sub-035,ses-03,ses-02,ses-03->ses-02,ok
eegnet,2,sub-035,ses-03,ses-02,ses-03->ses-02,ok
eegnet,3,sub-035,ses-03,ses-02,ses-03->ses-02,ok
eegnet,4,sub-035,ses-03,ses-02,ses-03->ses-02,ok
deepconvnet,0,sub-035,ses-03,ses-02,ses-03->ses-02,ok
deepconvnet,1,sub-035,ses-03,ses-02,ses-03->ses-02,ok
deepconvnet,2,sub-035,ses-03,ses-02,ses-03->ses-02,ok
deepconvnet,3,sub-035,ses-03,ses-02,ses-03->ses-02,ok
deepconvnet,4,sub-035,ses-03,ses-02,ses-03->ses-02,ok
fbcnet,0,sub-035,ses-03,ses-02,ses-03->ses-02,ok
fbcnet,1,sub-035,ses-03,ses-02,ses-03->ses-02,ok
fbcnet,2,sub-035,ses-03,ses-02,ses-03->ses-02,ok
fbcnet,3,sub-035,ses-03,ses-02,ses-03->ses-02,ok
fbcnet,4,sub-035,ses-03,ses-02,ses-03->ses-02,ok
eegnet,0,sub-036,ses-01,ses-02,ses-01->ses-02,ok
eegnet,1,sub-036,ses-01,ses-02,ses-01->ses-02,ok
eegnet,2,sub-036,ses-01,ses-02,ses-01->ses-02,ok
eegnet,3,sub-036,ses-01,ses-02,ses-01->ses-02,ok
eegnet,4,sub-036,ses-01,ses-02,ses-01->ses-02,ok
deepconvnet,0,sub-036,ses-01,ses-02,ses-01->ses-02,ok
deepconvnet,1,sub-036,ses-01,ses-02,ses-01->ses-02,ok
deepconvnet,2,sub-036,ses-01,ses-02,ses-01->ses-02,ok
deepconvnet,3,sub-036,ses-01,ses-02,ses-01->ses-02,ok
deepconvnet,4,sub-036,ses-01,ses-02,ses-01->ses-02,ok
fbcnet,0,sub-036,ses-01,ses-02,ses-01->ses-02,ok
fbcnet,1,sub-036,ses-01,ses-02,ses-01->ses-02,ok
fbcnet,2,sub-036,ses-01,ses-02,ses-01->ses-02,ok
fbcnet,3,sub-036,ses-01,ses-02,ses-01->ses-02,ok
fbcnet,4,sub-036,ses-01,ses-02,ses-01->ses-02,ok
eegnet,0,sub-036,ses-01,ses-03,ses-01->ses-03,ok
eegnet,1,sub-036,ses-01,ses-03,ses-01->ses-03,ok
eegnet,2,sub-036,ses-01,ses-03,ses-01->ses-03,ok
eegnet,3,sub-036,ses-01,ses-03,ses-01->ses-03,ok
eegnet,4,sub-036,ses-01,ses-03,ses-01->ses-03,ok
deepconvnet,0,sub-036,ses-01,ses-03,ses-01->ses-03,ok
deepconvnet,1,sub-036,ses-01,ses-03,ses-01->ses-03,ok
deepconvnet,2,sub-036,ses-01,ses-03,ses-01->ses-03,ok
deepconvnet,3,sub-036,ses-01,ses-03,ses-01->ses-03,ok
deepconvnet,4,sub-036,ses-01,ses-03,ses-01->ses-03,ok
fbcnet,0,sub-036,ses-01,ses-03,ses-01->ses-03,ok
fbcnet,1,sub-036,ses-01,ses-03,ses-01->ses-03,ok
fbcnet,2,sub-036,ses-01,ses-03,ses-01->ses-03,ok
fbcnet,3,sub-036,ses-01,ses-03,ses-01->ses-03,ok
fbcnet,4,sub-036,ses-01,ses-03,ses-01->ses-03,ok
eegnet,0,sub-036,ses-02,ses-01,ses-02->ses-01,ok
eegnet,1,sub-036,ses-02,ses-01,ses-02->ses-01,ok
eegnet,2,sub-036,ses-02,ses-01,ses-02->ses-01,ok
eegnet,3,sub-036,ses-02,ses-01,ses-02->ses-01,ok
eegnet,4,sub-036,ses-02,ses-01,ses-02->ses-01,ok
deepconvnet,0,sub-036,ses-02,ses-01,ses-02->ses-01,ok
deepconvnet,1,sub-036,ses-02,ses-01,ses-02->ses-01,ok
deepconvnet,2,sub-036,ses-02,ses-01,ses-02->ses-01,ok
deepconvnet,3,sub-036,ses-02,ses-01,ses-02->ses-01,ok
deepconvnet,4,sub-036,ses-02,ses-01,ses-02->ses-01,ok
fbcnet,0,sub-036,ses-02,ses-01,ses-02->ses-01,ok
fbcnet,1,sub-036,ses-02,ses-01,ses-02->ses-01,ok
fbcnet,2,sub-036,ses-02,ses-01,ses-02->ses-01,ok
fbcnet,3,sub-036,ses-02,ses-01,ses-02->ses-01,ok
fbcnet,4,sub-036,ses-02,ses-01,ses-02->ses-01,ok
eegnet,0,sub-036,ses-02,ses-03,ses-02->ses-03,ok
eegnet,1,sub-036,ses-02,ses-03,ses-02->ses-03,ok
eegnet,2,sub-036,ses-02,ses-03,ses-02->ses-03,ok
eegnet,3,sub-036,ses-02,ses-03,ses-02->ses-03,ok
eegnet,4,sub-036,ses-02,ses-03,ses-02->ses-03,ok
deepconvnet,0,sub-036,ses-02,ses-03,ses-02->ses-03,ok
deepconvnet,1,sub-036,ses-02,ses-03,ses-02->ses-03,ok
deepconvnet,2,sub-036,ses-02,ses-03,ses-02->ses-03,ok
deepconvnet,3,sub-036,ses-02,ses-03,ses-02->ses-03,ok
deepconvnet,4,sub-036,ses-02,ses-03,ses-02->ses-03,ok
fbcnet,0,sub-036,ses-02,ses-03,ses-02->ses-03,ok
fbcnet,1,sub-036,ses-02,ses-03,ses-02->ses-03,ok
fbcnet,2,sub-036,ses-02,ses-03,ses-02->ses-03,ok
fbcnet,3,sub-036,ses-02,ses-03,ses-02->ses-03,ok
fbcnet,4,sub-036,ses-02,ses-03,ses-02->ses-03,ok
eegnet,0,sub-036,ses-03,ses-01,ses-03->ses-01,ok
eegnet,1,sub-036,ses-03,ses-01,ses-03->ses-01,ok
eegnet,2,sub-036,ses-03,ses-01,ses-03->ses-01,ok
eegnet,3,sub-036,ses-03,ses-01,ses-03->ses-01,ok
eegnet,4,sub-036,ses-03,ses-01,ses-03->ses-01,ok
deepconvnet,0,sub-036,ses-03,ses-01,ses-03->ses-01,ok
deepconvnet,1,sub-036,ses-03,ses-01,ses-03->ses-01,ok
deepconvnet,2,sub-036,ses-03,ses-01,ses-03->ses-01,ok
deepconvnet,3,sub-036,ses-03,ses-01,ses-03->ses-01,ok
deepconvnet,4,sub-036,ses-03,ses-01,ses-03->ses-01,ok
fbcnet,0,sub-036,ses-03,ses-01,ses-03->ses-01,ok
fbcnet,1,sub-036,ses-03,ses-01,ses-03->ses-01,ok
fbcnet,2,sub-036,ses-03,ses-01,ses-03->ses-01,ok
fbcnet,3,sub-036,ses-03,ses-01,ses-03->ses-01,ok
fbcnet,4,sub-036,ses-03,ses-01,ses-03->ses-01,ok
eegnet,0,sub-036,ses-03,ses-02,ses-03->ses-02,ok
eegnet,1,sub-036,ses-03,ses-02,ses-03->ses-02,ok
eegnet,2,sub-036,ses-03,ses-02,ses-03->ses-02,ok
eegnet,3,sub-036,ses-03,ses-02,ses-03->ses-02,ok
eegnet,4,sub-036,ses-03,ses-02,ses-03->ses-02,ok
deepconvnet,0,sub-036,ses-03,ses-02,ses-03->ses-02,ok
deepconvnet,1,sub-036,ses-03,ses-02,ses-03->ses-02,ok
deepconvnet,2,sub-036,ses-03,ses-02,ses-03->ses-02,ok
deepconvnet,3,sub-036,ses-03,ses-02,ses-03->ses-02,ok
deepconvnet,4,sub-036,ses-03,ses-02,ses-03->ses-02,ok
fbcnet,0,sub-036,ses-03,ses-02,ses-03->ses-02,ok
fbcnet,1,sub-036,ses-03,ses-02,ses-03->ses-02,ok
fbcnet,2,sub-036,ses-03,ses-02,ses-03->ses-02,ok
fbcnet,3,sub-036,ses-03,ses-02,ses-03->ses-02,ok
fbcnet,4,sub-036,ses-03,ses-02,ses-03->ses-02,ok
eegnet,0,sub-037,ses-01,ses-02,ses-01->ses-02,ok
eegnet,1,sub-037,ses-01,ses-02,ses-01->ses-02,ok
eegnet,2,sub-037,ses-01,ses-02,ses-01->ses-02,ok
eegnet,3,sub-037,ses-01,ses-02,ses-01->ses-02,ok
eegnet,4,sub-037,ses-01,ses-02,ses-01->ses-02,ok
deepconvnet,0,sub-037,ses-01,ses-02,ses-01->ses-02,ok
deepconvnet,1,sub-037,ses-01,ses-02,ses-01->ses-02,ok
deepconvnet,2,sub-037,ses-01,ses-02,ses-01->ses-02,ok
deepconvnet,3,sub-037,ses-01,ses-02,ses-01->ses-02,ok
deepconvnet,4,sub-037,ses-01,ses-02,ses-01->ses-02,ok
fbcnet,0,sub-037,ses-01,ses-02,ses-01->ses-02,ok
fbcnet,1,sub-037,ses-01,ses-02,ses-01->ses-02,ok
fbcnet,2,sub-037,ses-01,ses-02,ses-01->ses-02,ok
fbcnet,3,sub-037,ses-01,ses-02,ses-01->ses-02,ok
fbcnet,4,sub-037,ses-01,ses-02,ses-01->ses-02,ok
eegnet,0,sub-037,ses-01,ses-03,ses-01->ses-03,ok
eegnet,1,sub-037,ses-01,ses-03,ses-01->ses-03,ok
eegnet,2,sub-037,ses-01,ses-03,ses-01->ses-03,ok
eegnet,3,sub-037,ses-01,ses-03,ses-01->ses-03,ok
eegnet,4,sub-037,ses-01,ses-03,ses-01->ses-03,ok
deepconvnet,0,sub-037,ses-01,ses-03,ses-01->ses-03,ok
deepconvnet,1,sub-037,ses-01,ses-03,ses-01->ses-03,ok
deepconvnet,2,sub-037,ses-01,ses-03,ses-01->ses-03,ok
deepconvnet,3,sub-037,ses-01,ses-03,ses-01->ses-03,ok
deepconvnet,4,sub-037,ses-01,ses-03,ses-01->ses-03,ok
fbcnet,0,sub-037,ses-01,ses-03,ses-01->ses-03,ok
fbcnet,1,sub-037,ses-01,ses-03,ses-01->ses-03,ok
fbcnet,2,sub-037,ses-01,ses-03,ses-01->ses-03,ok
fbcnet,3,sub-037,ses-01,ses-03,ses-01->ses-03,ok
fbcnet,4,sub-037,ses-01,ses-03,ses-01->ses-03,ok
eegnet,0,sub-037,ses-02,ses-01,ses-02->ses-01,ok
eegnet,1,sub-037,ses-02,ses-01,ses-02->ses-01,ok
eegnet,2,sub-037,ses-02,ses-01,ses-02->ses-01,ok
eegnet,3,sub-037,ses-02,ses-01,ses-02->ses-01,ok
eegnet,4,sub-037,ses-02,ses-01,ses-02->ses-01,ok
deepconvnet,0,sub-037,ses-02,ses-01,ses-02->ses-01,ok
deepconvnet,1,sub-037,ses-02,ses-01,ses-02->ses-01,ok
deepconvnet,2,sub-037,ses-02,ses-01,ses-02->ses-01,ok
deepconvnet,3,sub-037,ses-02,ses-01,ses-02->ses-01,ok
deepconvnet,4,sub-037,ses-02,ses-01,ses-02->ses-01,ok
fbcnet,0,sub-037,ses-02,ses-01,ses-02->ses-01,ok
fbcnet,1,sub-037,ses-02,ses-01,ses-02->ses-01,ok
fbcnet,2,sub-037,ses-02,ses-01,ses-02->ses-01,ok
fbcnet,3,sub-037,ses-02,ses-01,ses-02->ses-01,ok
fbcnet,4,sub-037,ses-02,ses-01,ses-02->ses-01,ok
eegnet,0,sub-037,ses-02,ses-03,ses-02->ses-03,ok
eegnet,1,sub-037,ses-02,ses-03,ses-02->ses-03,ok
eegnet,2,sub-037,ses-02,ses-03,ses-02->ses-03,ok
eegnet,3,sub-037,ses-02,ses-03,ses-02->ses-03,ok
eegnet,4,sub-037,ses-02,ses-03,ses-02->ses-03,ok
deepconvnet,0,sub-037,ses-02,ses-03,ses-02->ses-03,ok
deepconvnet,1,sub-037,ses-02,ses-03,ses-02->ses-03,ok
deepconvnet,2,sub-037,ses-02,ses-03,ses-02->ses-03,ok
deepconvnet,3,sub-037,ses-02,ses-03,ses-02->ses-03,ok
deepconvnet,4,sub-037,ses-02,ses-03,ses-02->ses-03,ok
fbcnet,0,sub-037,ses-02,ses-03,ses-02->ses-03,ok
fbcnet,1,sub-037,ses-02,ses-03,ses-02->ses-03,ok
fbcnet,2,sub-037,ses-02,ses-03,ses-02->ses-03,ok
fbcnet,3,sub-037,ses-02,ses-03,ses-02->ses-03,ok
fbcnet,4,sub-037,ses-02,ses-03,ses-02->ses-03,ok
eegnet,0,sub-037,ses-03,ses-01,ses-03->ses-01,ok
eegnet,1,sub-037,ses-03,ses-01,ses-03->ses-01,ok
eegnet,2,sub-037,ses-03,ses-01,ses-03->ses-01,ok
eegnet,3,sub-037,ses-03,ses-01,ses-03->ses-01,ok
eegnet,4,sub-037,ses-03,ses-01,ses-03->ses-01,ok
deepconvnet,0,sub-037,ses-03,ses-01,ses-03->ses-01,ok
deepconvnet,1,sub-037,ses-03,ses-01,ses-03->ses-01,ok
deepconvnet,2,sub-037,ses-03,ses-01,ses-03->ses-01,ok
deepconvnet,3,sub-037,ses-03,ses-01,ses-03->ses-01,ok
deepconvnet,4,sub-037,ses-03,ses-01,ses-03->ses-01,ok
fbcnet,0,sub-037,ses-03,ses-01,ses-03->ses-01,ok
fbcnet,1,sub-037,ses-03,ses-01,ses-03->ses-01,ok
fbcnet,2,sub-037,ses-03,ses-01,ses-03->ses-01,ok
fbcnet,3,sub-037,ses-03,ses-01,ses-03->ses-01,ok
fbcnet,4,sub-037,ses-03,ses-01,ses-03->ses-01,ok
eegnet,0,sub-037,ses-03,ses-02,ses-03->ses-02,ok
eegnet,1,sub-037,ses-03,ses-02,ses-03->ses-02,ok
eegnet,2,sub-037,ses-03,ses-02,ses-03->ses-02,ok
eegnet,3,sub-037,ses-03,ses-02,ses-03->ses-02,ok
eegnet,4,sub-037,ses-03,ses-02,ses-03->ses-02,ok
deepconvnet,0,sub-037,ses-03,ses-02,ses-03->ses-02,ok
deepconvnet,1,sub-037,ses-03,ses-02,ses-03->ses-02,ok
deepconvnet,2,sub-037,ses-03,ses-02,ses-03->ses-02,ok
deepconvnet,3,sub-037,ses-03,ses-02,ses-03->ses-02,ok
deepconvnet,4,sub-037,ses-03,ses-02,ses-03->ses-02,ok
fbcnet,0,sub-037,ses-03,ses-02,ses-03->ses-02,ok
fbcnet,1,sub-037,ses-03,ses-02,ses-03->ses-02,ok
fbcnet,2,sub-037,ses-03,ses-02,ses-03->ses-02,ok
fbcnet,3,sub-037,ses-03,ses-02,ses-03->ses-02,ok
fbcnet,4,sub-037,ses-03,ses-02,ses-03->ses-02,ok
eegnet,0,sub-038,ses-01,ses-02,ses-01->ses-02,ok
eegnet,1,sub-038,ses-01,ses-02,ses-01->ses-02,ok
eegnet,2,sub-038,ses-01,ses-02,ses-01->ses-02,ok
eegnet,3,sub-038,ses-01,ses-02,ses-01->ses-02,ok
eegnet,4,sub-038,ses-01,ses-02,ses-01->ses-02,ok
deepconvnet,0,sub-038,ses-01,ses-02,ses-01->ses-02,ok
deepconvnet,1,sub-038,ses-01,ses-02,ses-01->ses-02,ok
deepconvnet,2,sub-038,ses-01,ses-02,ses-01->ses-02,ok
deepconvnet,3,sub-038,ses-01,ses-02,ses-01->ses-02,ok
deepconvnet,4,sub-038,ses-01,ses-02,ses-01->ses-02,ok
fbcnet,0,sub-038,ses-01,ses-02,ses-01->ses-02,ok
fbcnet,1,sub-038,ses-01,ses-02,ses-01->ses-02,ok
fbcnet,2,sub-038,ses-01,ses-02,ses-01->ses-02,ok
fbcnet,3,sub-038,ses-01,ses-02,ses-01->ses-02,ok
fbcnet,4,sub-038,ses-01,ses-02,ses-01->ses-02,ok
eegnet,0,sub-038,ses-01,ses-03,ses-01->ses-03,ok
eegnet,1,sub-038,ses-01,ses-03,ses-01->ses-03,ok
eegnet,2,sub-038,ses-01,ses-03,ses-01->ses-03,ok
eegnet,3,sub-038,ses-01,ses-03,ses-01->ses-03,ok
eegnet,4,sub-038,ses-01,ses-03,ses-01->ses-03,ok
deepconvnet,0,sub-038,ses-01,ses-03,ses-01->ses-03,ok
deepconvnet,1,sub-038,ses-01,ses-03,ses-01->ses-03,ok
deepconvnet,2,sub-038,ses-01,ses-03,ses-01->ses-03,ok
deepconvnet,3,sub-038,ses-01,ses-03,ses-01->ses-03,ok
deepconvnet,4,sub-038,ses-01,ses-03,ses-01->ses-03,ok
fbcnet,0,sub-038,ses-01,ses-03,ses-01->ses-03,ok
fbcnet,1,sub-038,ses-01,ses-03,ses-01->ses-03,ok
fbcnet,2,sub-038,ses-01,ses-03,ses-01->ses-03,ok
fbcnet,3,sub-038,ses-01,ses-03,ses-01->ses-03,ok
fbcnet,4,sub-038,ses-01,ses-03,ses-01->ses-03,ok
eegnet,0,sub-038,ses-02,ses-01,ses-02->ses-01,ok
eegnet,1,sub-038,ses-02,ses-01,ses-02->ses-01,ok
eegnet,2,sub-038,ses-02,ses-01,ses-02->ses-01,ok
eegnet,3,sub-038,ses-02,ses-01,ses-02->ses-01,ok
eegnet,4,sub-038,ses-02,ses-01,ses-02->ses-01,ok
deepconvnet,0,sub-038,ses-02,ses-01,ses-02->ses-01,ok
deepconvnet,1,sub-038,ses-02,ses-01,ses-02->ses-01,ok
deepconvnet,2,sub-038,ses-02,ses-01,ses-02->ses-01,ok
deepconvnet,3,sub-038,ses-02,ses-01,ses-02->ses-01,ok
deepconvnet,4,sub-038,ses-02,ses-01,ses-02->ses-01,ok
fbcnet,0,sub-038,ses-02,ses-01,ses-02->ses-01,ok
fbcnet,1,sub-038,ses-02,ses-01,ses-02->ses-01,ok
fbcnet,2,sub-038,ses-02,ses-01,ses-02->ses-01,ok
fbcnet,3,sub-038,ses-02,ses-01,ses-02->ses-01,ok
fbcnet,4,sub-038,ses-02,ses-01,ses-02->ses-01,ok
eegnet,0,sub-038,ses-02,ses-03,ses-02->ses-03,ok
eegnet,1,sub-038,ses-02,ses-03,ses-02->ses-03,ok
eegnet,2,sub-038,ses-02,ses-03,ses-02->ses-03,ok
eegnet,3,sub-038,ses-02,ses-03,ses-02->ses-03,ok
eegnet,4,sub-038,ses-02,ses-03,ses-02->ses-03,ok
deepconvnet,0,sub-038,ses-02,ses-03,ses-02->ses-03,ok
deepconvnet,1,sub-038,ses-02,ses-03,ses-02->ses-03,ok
deepconvnet,2,sub-038,ses-02,ses-03,ses-02->ses-03,ok
deepconvnet,3,sub-038,ses-02,ses-03,ses-02->ses-03,ok
deepconvnet,4,sub-038,ses-02,ses-03,ses-02->ses-03,ok
fbcnet,0,sub-038,ses-02,ses-03,ses-02->ses-03,ok
fbcnet,1,sub-038,ses-02,ses-03,ses-02->ses-03,ok
fbcnet,2,sub-038,ses-02,ses-03,ses-02->ses-03,ok
fbcnet,3,sub-038,ses-02,ses-03,ses-02->ses-03,ok
fbcnet,4,sub-038,ses-02,ses-03,ses-02->ses-03,ok
eegnet,0,sub-038,ses-03,ses-01,ses-03->ses-01,ok
eegnet,1,sub-038,ses-03,ses-01,ses-03->ses-01,ok
eegnet,2,sub-038,ses-03,ses-01,ses-03->ses-01,ok
eegnet,3,sub-038,ses-03,ses-01,ses-03->ses-01,ok
eegnet,4,sub-038,ses-03,ses-01,ses-03->ses-01,ok
deepconvnet,0,sub-038,ses-03,ses-01,ses-03->ses-01,ok
deepconvnet,1,sub-038,ses-03,ses-01,ses-03->ses-01,ok
deepconvnet,2,sub-038,ses-03,ses-01,ses-03->ses-01,ok
deepconvnet,3,sub-038,ses-03,ses-01,ses-03->ses-01,ok
deepconvnet,4,sub-038,ses-03,ses-01,ses-03->ses-01,ok
fbcnet,0,sub-038,ses-03,ses-01,ses-03->ses-01,ok
fbcnet,1,sub-038,ses-03,ses-01,ses-03->ses-01,ok
fbcnet,2,sub-038,ses-03,ses-01,ses-03->ses-01,ok
fbcnet,3,sub-038,ses-03,ses-01,ses-03->ses-01,ok
fbcnet,4,sub-038,ses-03,ses-01,ses-03->ses-01,ok
eegnet,0,sub-038,ses-03,ses-02,ses-03->ses-02,ok
eegnet,1,sub-038,ses-03,ses-02,ses-03->ses-02,ok
eegnet,2,sub-038,ses-03,ses-02,ses-03->ses-02,ok
eegnet,3,sub-038,ses-03,ses-02,ses-03->ses-02,ok
eegnet,4,sub-038,ses-03,ses-02,ses-03->ses-02,ok
deepconvnet,0,sub-038,ses-03,ses-02,ses-03->ses-02,ok
deepconvnet,1,sub-038,ses-03,ses-02,ses-03->ses-02,ok
deepconvnet,2,sub-038,ses-03,ses-02,ses-03->ses-02,ok
deepconvnet,3,sub-038,ses-03,ses-02,ses-03->ses-02,ok
deepconvnet,4,sub-038,ses-03,ses-02,ses-03->ses-02,ok
fbcnet,0,sub-038,ses-03,ses-02,ses-03->ses-02,ok
fbcnet,1,sub-038,ses-03,ses-02,ses-03->ses-02,ok
fbcnet,2,sub-038,ses-03,ses-02,ses-03->ses-02,ok
fbcnet,3,sub-038,ses-03,ses-02,ses-03->ses-02,ok
fbcnet,4,sub-038,ses-03,ses-02,ses-03->ses-02,ok
eegnet,0,sub-039,ses-01,ses-02,ses-01->ses-02,ok
eegnet,1,sub-039,ses-01,ses-02,ses-01->ses-02,ok
eegnet,2,sub-039,ses-01,ses-02,ses-01->ses-02,ok
eegnet,3,sub-039,ses-01,ses-02,ses-01->ses-02,ok
eegnet,4,sub-039,ses-01,ses-02,ses-01->ses-02,ok
deepconvnet,0,sub-039,ses-01,ses-02,ses-01->ses-02,ok
deepconvnet,1,sub-039,ses-01,ses-02,ses-01->ses-02,ok
deepconvnet,2,sub-039,ses-01,ses-02,ses-01->ses-02,ok
deepconvnet,3,sub-039,ses-01,ses-02,ses-01->ses-02,ok
deepconvnet,4,sub-039,ses-01,ses-02,ses-01->ses-02,ok
fbcnet,0,sub-039,ses-01,ses-02,ses-01->ses-02,ok
fbcnet,1,sub-039,ses-01,ses-02,ses-01->ses-02,ok
fbcnet,2,sub-039,ses-01,ses-02,ses-01->ses-02,ok
fbcnet,3,sub-039,ses-01,ses-02,ses-01->ses-02,ok
fbcnet,4,sub-039,ses-01,ses-02,ses-01->ses-02,ok
eegnet,0,sub-039,ses-01,ses-03,ses-01->ses-03,ok
eegnet,1,sub-039,ses-01,ses-03,ses-01->ses-03,ok
eegnet,2,sub-039,ses-01,ses-03,ses-01->ses-03,ok
eegnet,3,sub-039,ses-01,ses-03,ses-01->ses-03,ok
eegnet,4,sub-039,ses-01,ses-03,ses-01->ses-03,ok
deepconvnet,0,sub-039,ses-01,ses-03,ses-01->ses-03,ok
deepconvnet,1,sub-039,ses-01,ses-03,ses-01->ses-03,ok
deepconvnet,2,sub-039,ses-01,ses-03,ses-01->ses-03,ok
deepconvnet,3,sub-039,ses-01,ses-03,ses-01->ses-03,ok
deepconvnet,4,sub-039,ses-01,ses-03,ses-01->ses-03,ok
fbcnet,0,sub-039,ses-01,ses-03,ses-01->ses-03,ok
fbcnet,1,sub-039,ses-01,ses-03,ses-01->ses-03,ok
fbcnet,2,sub-039,ses-01,ses-03,ses-01->ses-03,ok
fbcnet,3,sub-039,ses-01,ses-03,ses-01->ses-03,ok
fbcnet,4,sub-039,ses-01,ses-03,ses-01->ses-03,ok
eegnet,0,sub-039,ses-02,ses-01,ses-02->ses-01,ok
eegnet,1,sub-039,ses-02,ses-01,ses-02->ses-01,ok
eegnet,2,sub-039,ses-02,ses-01,ses-02->ses-01,ok
eegnet,3,sub-039,ses-02,ses-01,ses-02->ses-01,ok
eegnet,4,sub-039,ses-02,ses-01,ses-02->ses-01,ok
deepconvnet,0,sub-039,ses-02,ses-01,ses-02->ses-01,ok
deepconvnet,1,sub-039,ses-02,ses-01,ses-02->ses-01,ok
deepconvnet,2,sub-039,ses-02,ses-01,ses-02->ses-01,ok
deepconvnet,3,sub-039,ses-02,ses-01,ses-02->ses-01,ok
deepconvnet,4,sub-039,ses-02,ses-01,ses-02->ses-01,ok
fbcnet,0,sub-039,ses-02,ses-01,ses-02->ses-01,ok
fbcnet,1,sub-039,ses-02,ses-01,ses-02->ses-01,ok
fbcnet,2,sub-039,ses-02,ses-01,ses-02->ses-01,ok
fbcnet,3,sub-039,ses-02,ses-01,ses-02->ses-01,ok
fbcnet,4,sub-039,ses-02,ses-01,ses-02->ses-01,ok
eegnet,0,sub-039,ses-02,ses-03,ses-02->ses-03,ok
eegnet,1,sub-039,ses-02,ses-03,ses-02->ses-03,ok
eegnet,2,sub-039,ses-02,ses-03,ses-02->ses-03,ok
eegnet,3,sub-039,ses-02,ses-03,ses-02->ses-03,ok
eegnet,4,sub-039,ses-02,ses-03,ses-02->ses-03,ok
deepconvnet,0,sub-039,ses-02,ses-03,ses-02->ses-03,ok
deepconvnet,1,sub-039,ses-02,ses-03,ses-02->ses-03,ok
deepconvnet,2,sub-039,ses-02,ses-03,ses-02->ses-03,ok
deepconvnet,3,sub-039,ses-02,ses-03,ses-02->ses-03,ok
deepconvnet,4,sub-039,ses-02,ses-03,ses-02->ses-03,ok
fbcnet,0,sub-039,ses-02,ses-03,ses-02->ses-03,ok
fbcnet,1,sub-039,ses-02,ses-03,ses-02->ses-03,ok
fbcnet,2,sub-039,ses-02,ses-03,ses-02->ses-03,ok
fbcnet,3,sub-039,ses-02,ses-03,ses-02->ses-03,ok
fbcnet,4,sub-039,ses-02,ses-03,ses-02->ses-03,ok
eegnet,0,sub-039,ses-03,ses-01,ses-03->ses-01,ok
eegnet,1,sub-039,ses-03,ses-01,ses-03->ses-01,ok
eegnet,2,sub-039,ses-03,ses-01,ses-03->ses-01,ok
eegnet,3,sub-039,ses-03,ses-01,ses-03->ses-01,ok
eegnet,4,sub-039,ses-03,ses-01,ses-03->ses-01,ok
deepconvnet,0,sub-039,ses-03,ses-01,ses-03->ses-01,ok
deepconvnet,1,sub-039,ses-03,ses-01,ses-03->ses-01,ok
deepconvnet,2,sub-039,ses-03,ses-01,ses-03->ses-01,ok
deepconvnet,3,sub-039,ses-03,ses-01,ses-03->ses-01,ok
deepconvnet,4,sub-039,ses-03,ses-01,ses-03->ses-01,ok
fbcnet,0,sub-039,ses-03,ses-01,ses-03->ses-01,ok
fbcnet,1,sub-039,ses-03,ses-01,ses-03->ses-01,ok
fbcnet,2,sub-039,ses-03,ses-01,ses-03->ses-01,ok
fbcnet,3,sub-039,ses-03,ses-01,ses-03->ses-01,ok
fbcnet,4,sub-039,ses-03,ses-01,ses-03->ses-01,ok
eegnet,0,sub-039,ses-03,ses-02,ses-03->ses-02,ok
eegnet,1,sub-039,ses-03,ses-02,ses-03->ses-02,ok
eegnet,2,sub-039,ses-03,ses-02,ses-03->ses-02,ok
eegnet,3,sub-039,ses-03,ses-02,ses-03->ses-02,ok
eegnet,4,sub-039,ses-03,ses-02,ses-03->ses-02,ok
deepconvnet,0,sub-039,ses-03,ses-02,ses-03->ses-02,ok
deepconvnet,1,sub-039,ses-03,ses-02,ses-03->ses-02,ok
deepconvnet,2,sub-039,ses-03,ses-02,ses-03->ses-02,ok
deepconvnet,3,sub-039,ses-03,ses-02,ses-03->ses-02,ok
deepconvnet,4,sub-039,ses-03,ses-02,ses-03->ses-02,ok
fbcnet,0,sub-039,ses-03,ses-02,ses-03->ses-02,ok
fbcnet,1,sub-039,ses-03,ses-02,ses-03->ses-02,ok
fbcnet,2,sub-039,ses-03,ses-02,ses-03->ses-02,ok
fbcnet,3,sub-039,ses-03,ses-02,ses-03->ses-02,ok
fbcnet,4,sub-039,ses-03,ses-02,ses-03->ses-02,ok
eegnet,0,sub-040,ses-01,ses-02,ses-01->ses-02,ok
eegnet,1,sub-040,ses-01,ses-02,ses-01->ses-02,ok
eegnet,2,sub-040,ses-01,ses-02,ses-01->ses-02,ok
eegnet,3,sub-040,ses-01,ses-02,ses-01->ses-02,ok
eegnet,4,sub-040,ses-01,ses-02,ses-01->ses-02,ok
deepconvnet,0,sub-040,ses-01,ses-02,ses-01->ses-02,ok
deepconvnet,1,sub-040,ses-01,ses-02,ses-01->ses-02,ok
deepconvnet,2,sub-040,ses-01,ses-02,ses-01->ses-02,ok
deepconvnet,3,sub-040,ses-01,ses-02,ses-01->ses-02,ok
deepconvnet,4,sub-040,ses-01,ses-02,ses-01->ses-02,ok
fbcnet,0,sub-040,ses-01,ses-02,ses-01->ses-02,ok
fbcnet,1,sub-040,ses-01,ses-02,ses-01->ses-02,ok
fbcnet,2,sub-040,ses-01,ses-02,ses-01->ses-02,ok
fbcnet,3,sub-040,ses-01,ses-02,ses-01->ses-02,ok
fbcnet,4,sub-040,ses-01,ses-02,ses-01->ses-02,ok
eegnet,0,sub-040,ses-01,ses-03,ses-01->ses-03,ok
eegnet,1,sub-040,ses-01,ses-03,ses-01->ses-03,ok
eegnet,2,sub-040,ses-01,ses-03,ses-01->ses-03,ok
eegnet,3,sub-040,ses-01,ses-03,ses-01->ses-03,ok
eegnet,4,sub-040,ses-01,ses-03,ses-01->ses-03,ok
deepconvnet,0,sub-040,ses-01,ses-03,ses-01->ses-03,ok
deepconvnet,1,sub-040,ses-01,ses-03,ses-01->ses-03,ok
deepconvnet,2,sub-040,ses-01,ses-03,ses-01->ses-03,ok
deepconvnet,3,sub-040,ses-01,ses-03,ses-01->ses-03,ok
deepconvnet,4,sub-040,ses-01,ses-03,ses-01->ses-03,ok
fbcnet,0,sub-040,ses-01,ses-03,ses-01->ses-03,ok
fbcnet,1,sub-040,ses-01,ses-03,ses-01->ses-03,ok
fbcnet,2,sub-040,ses-01,ses-03,ses-01->ses-03,ok
fbcnet,3,sub-040,ses-01,ses-03,ses-01->ses-03,ok
fbcnet,4,sub-040,ses-01,ses-03,ses-01->ses-03,ok
eegnet,0,sub-040,ses-02,ses-01,ses-02->ses-01,ok
eegnet,1,sub-040,ses-02,ses-01,ses-02->ses-01,ok
eegnet,2,sub-040,ses-02,ses-01,ses-02->ses-01,ok
eegnet,3,sub-040,ses-02,ses-01,ses-02->ses-01,ok
eegnet,4,sub-040,ses-02,ses-01,ses-02->ses-01,ok
deepconvnet,0,sub-040,ses-02,ses-01,ses-02->ses-01,ok
deepconvnet,1,sub-040,ses-02,ses-01,ses-02->ses-01,ok
deepconvnet,2,sub-040,ses-02,ses-01,ses-02->ses-01,ok
deepconvnet,3,sub-040,ses-02,ses-01,ses-02->ses-01,ok
deepconvnet,4,sub-040,ses-02,ses-01,ses-02->ses-01,ok
fbcnet,0,sub-040,ses-02,ses-01,ses-02->ses-01,ok
fbcnet,1,sub-040,ses-02,ses-01,ses-02->ses-01,ok
fbcnet,2,sub-040,ses-02,ses-01,ses-02->ses-01,ok
fbcnet,3,sub-040,ses-02,ses-01,ses-02->ses-01,ok
fbcnet,4,sub-040,ses-02,ses-01,ses-02->ses-01,ok
eegnet,0,sub-040,ses-02,ses-03,ses-02->ses-03,ok
eegnet,1,sub-040,ses-02,ses-03,ses-02->ses-03,ok
eegnet,2,sub-040,ses-02,ses-03,ses-02->ses-03,ok
eegnet,3,sub-040,ses-02,ses-03,ses-02->ses-03,ok
eegnet,4,sub-040,ses-02,ses-03,ses-02->ses-03,ok
deepconvnet,0,sub-040,ses-02,ses-03,ses-02->ses-03,ok
deepconvnet,1,sub-040,ses-02,ses-03,ses-02->ses-03,ok
deepconvnet,2,sub-040,ses-02,ses-03,ses-02->ses-03,ok
deepconvnet,3,sub-040,ses-02,ses-03,ses-02->ses-03,ok
deepconvnet,4,sub-040,ses-02,ses-03,ses-02->ses-03,ok
fbcnet,0,sub-040,ses-02,ses-03,ses-02->ses-03,ok
fbcnet,1,sub-040,ses-02,ses-03,ses-02->ses-03,ok
fbcnet,2,sub-040,ses-02,ses-03,ses-02->ses-03,ok
fbcnet,3,sub-040,ses-02,ses-03,ses-02->ses-03,ok
fbcnet,4,sub-040,ses-02,ses-03,ses-02->ses-03,ok
eegnet,0,sub-040,ses-03,ses-01,ses-03->ses-01,ok
eegnet,1,sub-040,ses-03,ses-01,ses-03->ses-01,ok
eegnet,2,sub-040,ses-03,ses-01,ses-03->ses-01,ok
eegnet,3,sub-040,ses-03,ses-01,ses-03->ses-01,ok
eegnet,4,sub-040,ses-03,ses-01,ses-03->ses-01,ok
deepconvnet,0,sub-040,ses-03,ses-01,ses-03->ses-01,ok
deepconvnet,1,sub-040,ses-03,ses-01,ses-03->ses-01,ok
deepconvnet,2,sub-040,ses-03,ses-01,ses-03->ses-01,ok
deepconvnet,3,sub-040,ses-03,ses-01,ses-03->ses-01,ok
deepconvnet,4,sub-040,ses-03,ses-01,ses-03->ses-01,ok
fbcnet,0,sub-040,ses-03,ses-01,ses-03->ses-01,ok
fbcnet,1,sub-040,ses-03,ses-01,ses-03->ses-01,ok
fbcnet,2,sub-040,ses-03,ses-01,ses-03->ses-01,ok
fbcnet,3,sub-040,ses-03,ses-01,ses-03->ses-01,ok
fbcnet,4,sub-040,ses-03,ses-01,ses-03->ses-01,ok
eegnet,0,sub-040,ses-03,ses-02,ses-03->ses-02,ok
eegnet,1,sub-040,ses-03,ses-02,ses-03->ses-02,ok
eegnet,2,sub-040,ses-03,ses-02,ses-03->ses-02,ok
eegnet,3,sub-040,ses-03,ses-02,ses-03->ses-02,ok
eegnet,4,sub-040,ses-03,ses-02,ses-03->ses-02,ok
deepconvnet,0,sub-040,ses-03,ses-02,ses-03->ses-02,ok
deepconvnet,1,sub-040,ses-03,ses-02,ses-03->ses-02,ok
deepconvnet,2,sub-040,ses-03,ses-02,ses-03->ses-02,ok
deepconvnet,3,sub-040,ses-03,ses-02,ses-03->ses-02,ok
deepconvnet,4,sub-040,ses-03,ses-02,ses-03->ses-02,ok
fbcnet,0,sub-040,ses-03,ses-02,ses-03->ses-02,ok
fbcnet,1,sub-040,ses-03,ses-02,ses-03->ses-02,ok
fbcnet,2,sub-040,ses-03,ses-02,ses-03->ses-02,ok
fbcnet,3,sub-040,ses-03,ses-02,ses-03->ses-02,ok
fbcnet,4,sub-040,ses-03,ses-02,ses-03->ses-02,ok
eegnet,0,sub-041,ses-01,ses-02,ses-01->ses-02,ok
eegnet,1,sub-041,ses-01,ses-02,ses-01->ses-02,ok
eegnet,2,sub-041,ses-01,ses-02,ses-01->ses-02,ok
eegnet,3,sub-041,ses-01,ses-02,ses-01->ses-02,ok
eegnet,4,sub-041,ses-01,ses-02,ses-01->ses-02,ok
deepconvnet,0,sub-041,ses-01,ses-02,ses-01->ses-02,ok
deepconvnet,1,sub-041,ses-01,ses-02,ses-01->ses-02,ok
deepconvnet,2,sub-041,ses-01,ses-02,ses-01->ses-02,ok
deepconvnet,3,sub-041,ses-01,ses-02,ses-01->ses-02,ok
deepconvnet,4,sub-041,ses-01,ses-02,ses-01->ses-02,ok
fbcnet,0,sub-041,ses-01,ses-02,ses-01->ses-02,ok
fbcnet,1,sub-041,ses-01,ses-02,ses-01->ses-02,ok
fbcnet,2,sub-041,ses-01,ses-02,ses-01->ses-02,ok
fbcnet,3,sub-041,ses-01,ses-02,ses-01->ses-02,ok
fbcnet,4,sub-041,ses-01,ses-02,ses-01->ses-02,ok
eegnet,0,sub-041,ses-01,ses-03,ses-01->ses-03,ok
eegnet,1,sub-041,ses-01,ses-03,ses-01->ses-03,ok
eegnet,2,sub-041,ses-01,ses-03,ses-01->ses-03,ok
eegnet,3,sub-041,ses-01,ses-03,ses-01->ses-03,ok
eegnet,4,sub-041,ses-01,ses-03,ses-01->ses-03,ok
deepconvnet,0,sub-041,ses-01,ses-03,ses-01->ses-03,ok
deepconvnet,1,sub-041,ses-01,ses-03,ses-01->ses-03,ok
deepconvnet,2,sub-041,ses-01,ses-03,ses-01->ses-03,ok
deepconvnet,3,sub-041,ses-01,ses-03,ses-01->ses-03,ok
deepconvnet,4,sub-041,ses-01,ses-03,ses-01->ses-03,ok
fbcnet,0,sub-041,ses-01,ses-03,ses-01->ses-03,ok
fbcnet,1,sub-041,ses-01,ses-03,ses-01->ses-03,ok
fbcnet,2,sub-041,ses-01,ses-03,ses-01->ses-03,ok
fbcnet,3,sub-041,ses-01,ses-03,ses-01->ses-03,ok
fbcnet,4,sub-041,ses-01,ses-03,ses-01->ses-03,ok
eegnet,0,sub-041,ses-02,ses-01,ses-02->ses-01,ok
eegnet,1,sub-041,ses-02,ses-01,ses-02->ses-01,ok
eegnet,2,sub-041,ses-02,ses-01,ses-02->ses-01,ok
eegnet,3,sub-041,ses-02,ses-01,ses-02->ses-01,ok
eegnet,4,sub-041,ses-02,ses-01,ses-02->ses-01,ok
deepconvnet,0,sub-041,ses-02,ses-01,ses-02->ses-01,ok
deepconvnet,1,sub-041,ses-02,ses-01,ses-02->ses-01,ok
deepconvnet,2,sub-041,ses-02,ses-01,ses-02->ses-01,ok
deepconvnet,3,sub-041,ses-02,ses-01,ses-02->ses-01,ok
deepconvnet,4,sub-041,ses-02,ses-01,ses-02->ses-01,ok
fbcnet,0,sub-041,ses-02,ses-01,ses-02->ses-01,ok
fbcnet,1,sub-041,ses-02,ses-01,ses-02->ses-01,ok
fbcnet,2,sub-041,ses-02,ses-01,ses-02->ses-01,ok
fbcnet,3,sub-041,ses-02,ses-01,ses-02->ses-01,ok
fbcnet,4,sub-041,ses-02,ses-01,ses-02->ses-01,ok
eegnet,0,sub-041,ses-02,ses-03,ses-02->ses-03,ok
eegnet,1,sub-041,ses-02,ses-03,ses-02->ses-03,ok
eegnet,2,sub-041,ses-02,ses-03,ses-02->ses-03,ok
eegnet,3,sub-041,ses-02,ses-03,ses-02->ses-03,ok
eegnet,4,sub-041,ses-02,ses-03,ses-02->ses-03,ok
deepconvnet,0,sub-041,ses-02,ses-03,ses-02->ses-03,ok
deepconvnet,1,sub-041,ses-02,ses-03,ses-02->ses-03,ok
deepconvnet,2,sub-041,ses-02,ses-03,ses-02->ses-03,ok
deepconvnet,3,sub-041,ses-02,ses-03,ses-02->ses-03,ok
deepconvnet,4,sub-041,ses-02,ses-03,ses-02->ses-03,ok
fbcnet,0,sub-041,ses-02,ses-03,ses-02->ses-03,ok
fbcnet,1,sub-041,ses-02,ses-03,ses-02->ses-03,ok
fbcnet,2,sub-041,ses-02,ses-03,ses-02->ses-03,ok
fbcnet,3,sub-041,ses-02,ses-03,ses-02->ses-03,ok
fbcnet,4,sub-041,ses-02,ses-03,ses-02->ses-03,ok
eegnet,0,sub-041,ses-03,ses-01,ses-03->ses-01,ok
eegnet,1,sub-041,ses-03,ses-01,ses-03->ses-01,ok
eegnet,2,sub-041,ses-03,ses-01,ses-03->ses-01,ok
eegnet,3,sub-041,ses-03,ses-01,ses-03->ses-01,ok
eegnet,4,sub-041,ses-03,ses-01,ses-03->ses-01,ok
deepconvnet,0,sub-041,ses-03,ses-01,ses-03->ses-01,ok
deepconvnet,1,sub-041,ses-03,ses-01,ses-03->ses-01,ok
deepconvnet,2,sub-041,ses-03,ses-01,ses-03->ses-01,ok
deepconvnet,3,sub-041,ses-03,ses-01,ses-03->ses-01,ok
deepconvnet,4,sub-041,ses-03,ses-01,ses-03->ses-01,ok
fbcnet,0,sub-041,ses-03,ses-01,ses-03->ses-01,ok
fbcnet,1,sub-041,ses-03,ses-01,ses-03->ses-01,ok
fbcnet,2,sub-041,ses-03,ses-01,ses-03->ses-01,ok
fbcnet,3,sub-041,ses-03,ses-01,ses-03->ses-01,ok
fbcnet,4,sub-041,ses-03,ses-01,ses-03->ses-01,ok
eegnet,0,sub-041,ses-03,ses-02,ses-03->ses-02,ok
eegnet,1,sub-041,ses-03,ses-02,ses-03->ses-02,ok
eegnet,2,sub-041,ses-03,ses-02,ses-03->ses-02,ok
eegnet,3,sub-041,ses-03,ses-02,ses-03->ses-02,ok
eegnet,4,sub-041,ses-03,ses-02,ses-03->ses-02,ok
deepconvnet,0,sub-041,ses-03,ses-02,ses-03->ses-02,ok
deepconvnet,1,sub-041,ses-03,ses-02,ses-03->ses-02,ok
deepconvnet,2,sub-041,ses-03,ses-02,ses-03->ses-02,ok
deepconvnet,3,sub-041,ses-03,ses-02,ses-03->ses-02,ok
deepconvnet,4,sub-041,ses-03,ses-02,ses-03->ses-02,ok
fbcnet,0,sub-041,ses-03,ses-02,ses-03->ses-02,ok
fbcnet,1,sub-041,ses-03,ses-02,ses-03->ses-02,ok
fbcnet,2,sub-041,ses-03,ses-02,ses-03->ses-02,ok
fbcnet,3,sub-041,ses-03,ses-02,ses-03->ses-02,ok
fbcnet,4,sub-041,ses-03,ses-02,ses-03->ses-02,ok
eegnet,0,sub-042,ses-01,ses-02,ses-01->ses-02,ok
eegnet,1,sub-042,ses-01,ses-02,ses-01->ses-02,ok
eegnet,2,sub-042,ses-01,ses-02,ses-01->ses-02,ok
eegnet,3,sub-042,ses-01,ses-02,ses-01->ses-02,ok
eegnet,4,sub-042,ses-01,ses-02,ses-01->ses-02,ok
deepconvnet,0,sub-042,ses-01,ses-02,ses-01->ses-02,ok
deepconvnet,1,sub-042,ses-01,ses-02,ses-01->ses-02,ok
deepconvnet,2,sub-042,ses-01,ses-02,ses-01->ses-02,ok
deepconvnet,3,sub-042,ses-01,ses-02,ses-01->ses-02,ok
deepconvnet,4,sub-042,ses-01,ses-02,ses-01->ses-02,ok
fbcnet,0,sub-042,ses-01,ses-02,ses-01->ses-02,ok
fbcnet,1,sub-042,ses-01,ses-02,ses-01->ses-02,ok
fbcnet,2,sub-042,ses-01,ses-02,ses-01->ses-02,ok
fbcnet,3,sub-042,ses-01,ses-02,ses-01->ses-02,ok
fbcnet,4,sub-042,ses-01,ses-02,ses-01->ses-02,ok
eegnet,0,sub-042,ses-01,ses-03,ses-01->ses-03,ok
eegnet,1,sub-042,ses-01,ses-03,ses-01->ses-03,ok
eegnet,2,sub-042,ses-01,ses-03,ses-01->ses-03,ok
eegnet,3,sub-042,ses-01,ses-03,ses-01->ses-03,ok
eegnet,4,sub-042,ses-01,ses-03,ses-01->ses-03,ok
deepconvnet,0,sub-042,ses-01,ses-03,ses-01->ses-03,ok
deepconvnet,1,sub-042,ses-01,ses-03,ses-01->ses-03,ok
deepconvnet,2,sub-042,ses-01,ses-03,ses-01->ses-03,ok
deepconvnet,3,sub-042,ses-01,ses-03,ses-01->ses-03,ok
deepconvnet,4,sub-042,ses-01,ses-03,ses-01->ses-03,ok
fbcnet,0,sub-042,ses-01,ses-03,ses-01->ses-03,ok
fbcnet,1,sub-042,ses-01,ses-03,ses-01->ses-03,ok
fbcnet,2,sub-042,ses-01,ses-03,ses-01->ses-03,ok
fbcnet,3,sub-042,ses-01,ses-03,ses-01->ses-03,ok
fbcnet,4,sub-042,ses-01,ses-03,ses-01->ses-03,ok
eegnet,0,sub-042,ses-02,ses-01,ses-02->ses-01,ok
eegnet,1,sub-042,ses-02,ses-01,ses-02->ses-01,ok
eegnet,2,sub-042,ses-02,ses-01,ses-02->ses-01,ok
eegnet,3,sub-042,ses-02,ses-01,ses-02->ses-01,ok
eegnet,4,sub-042,ses-02,ses-01,ses-02->ses-01,ok
deepconvnet,0,sub-042,ses-02,ses-01,ses-02->ses-01,ok
deepconvnet,1,sub-042,ses-02,ses-01,ses-02->ses-01,ok
deepconvnet,2,sub-042,ses-02,ses-01,ses-02->ses-01,ok
deepconvnet,3,sub-042,ses-02,ses-01,ses-02->ses-01,ok
deepconvnet,4,sub-042,ses-02,ses-01,ses-02->ses-01,ok
fbcnet,0,sub-042,ses-02,ses-01,ses-02->ses-01,ok
fbcnet,1,sub-042,ses-02,ses-01,ses-02->ses-01,ok
fbcnet,2,sub-042,ses-02,ses-01,ses-02->ses-01,ok
fbcnet,3,sub-042,ses-02,ses-01,ses-02->ses-01,ok
fbcnet,4,sub-042,ses-02,ses-01,ses-02->ses-01,ok
eegnet,0,sub-042,ses-02,ses-03,ses-02->ses-03,ok
eegnet,1,sub-042,ses-02,ses-03,ses-02->ses-03,ok
eegnet,2,sub-042,ses-02,ses-03,ses-02->ses-03,ok
eegnet,3,sub-042,ses-02,ses-03,ses-02->ses-03,ok
eegnet,4,sub-042,ses-02,ses-03,ses-02->ses-03,ok
deepconvnet,0,sub-042,ses-02,ses-03,ses-02->ses-03,ok
deepconvnet,1,sub-042,ses-02,ses-03,ses-02->ses-03,ok
deepconvnet,2,sub-042,ses-02,ses-03,ses-02->ses-03,ok
deepconvnet,3,sub-042,ses-02,ses-03,ses-02->ses-03,ok
deepconvnet,4,sub-042,ses-02,ses-03,ses-02->ses-03,ok
fbcnet,0,sub-042,ses-02,ses-03,ses-02->ses-03,ok
fbcnet,1,sub-042,ses-02,ses-03,ses-02->ses-03,ok
fbcnet,2,sub-042,ses-02,ses-03,ses-02->ses-03,ok
fbcnet,3,sub-042,ses-02,ses-03,ses-02->ses-03,ok
fbcnet,4,sub-042,ses-02,ses-03,ses-02->ses-03,ok
eegnet,0,sub-042,ses-03,ses-01,ses-03->ses-01,ok
eegnet,1,sub-042,ses-03,ses-01,ses-03->ses-01,ok
eegnet,2,sub-042,ses-03,ses-01,ses-03->ses-01,ok
eegnet,3,sub-042,ses-03,ses-01,ses-03->ses-01,ok
eegnet,4,sub-042,ses-03,ses-01,ses-03->ses-01,ok
deepconvnet,0,sub-042,ses-03,ses-01,ses-03->ses-01,ok
deepconvnet,1,sub-042,ses-03,ses-01,ses-03->ses-01,ok
deepconvnet,2,sub-042,ses-03,ses-01,ses-03->ses-01,ok
deepconvnet,3,sub-042,ses-03,ses-01,ses-03->ses-01,ok
deepconvnet,4,sub-042,ses-03,ses-01,ses-03->ses-01,ok
fbcnet,0,sub-042,ses-03,ses-01,ses-03->ses-01,ok
fbcnet,1,sub-042,ses-03,ses-01,ses-03->ses-01,ok
fbcnet,2,sub-042,ses-03,ses-01,ses-03->ses-01,ok
fbcnet,3,sub-042,ses-03,ses-01,ses-03->ses-01,ok
fbcnet,4,sub-042,ses-03,ses-01,ses-03->ses-01,ok
eegnet,0,sub-042,ses-03,ses-02,ses-03->ses-02,ok
eegnet,1,sub-042,ses-03,ses-02,ses-03->ses-02,ok
eegnet,2,sub-042,ses-03,ses-02,ses-03->ses-02,ok
eegnet,3,sub-042,ses-03,ses-02,ses-03->ses-02,ok
eegnet,4,sub-042,ses-03,ses-02,ses-03->ses-02,ok
deepconvnet,0,sub-042,ses-03,ses-02,ses-03->ses-02,ok
deepconvnet,1,sub-042,ses-03,ses-02,ses-03->ses-02,ok
deepconvnet,2,sub-042,ses-03,ses-02,ses-03->ses-02,ok
deepconvnet,3,sub-042,ses-03,ses-02,ses-03->ses-02,ok
deepconvnet,4,sub-042,ses-03,ses-02,ses-03->ses-02,ok
fbcnet,0,sub-042,ses-03,ses-02,ses-03->ses-02,ok
fbcnet,1,sub-042,ses-03,ses-02,ses-03->ses-02,ok
fbcnet,2,sub-042,ses-03,ses-02,ses-03->ses-02,ok
fbcnet,3,sub-042,ses-03,ses-02,ses-03->ses-02,ok
fbcnet,4,sub-042,ses-03,ses-02,ses-03->ses-02,ok
eegnet,0,sub-043,ses-01,ses-02,ses-01->ses-02,ok
eegnet,1,sub-043,ses-01,ses-02,ses-01->ses-02,ok
eegnet,2,sub-043,ses-01,ses-02,ses-01->ses-02,ok
eegnet,3,sub-043,ses-01,ses-02,ses-01->ses-02,ok
eegnet,4,sub-043,ses-01,ses-02,ses-01->ses-02,ok
deepconvnet,0,sub-043,ses-01,ses-02,ses-01->ses-02,ok
deepconvnet,1,sub-043,ses-01,ses-02,ses-01->ses-02,ok
deepconvnet,2,sub-043,ses-01,ses-02,ses-01->ses-02,ok
deepconvnet,3,sub-043,ses-01,ses-02,ses-01->ses-02,ok
deepconvnet,4,sub-043,ses-01,ses-02,ses-01->ses-02,ok
fbcnet,0,sub-043,ses-01,ses-02,ses-01->ses-02,ok
fbcnet,1,sub-043,ses-01,ses-02,ses-01->ses-02,ok
fbcnet,2,sub-043,ses-01,ses-02,ses-01->ses-02,ok
fbcnet,3,sub-043,ses-01,ses-02,ses-01->ses-02,ok
fbcnet,4,sub-043,ses-01,ses-02,ses-01->ses-02,ok
eegnet,0,sub-043,ses-01,ses-03,ses-01->ses-03,ok
eegnet,1,sub-043,ses-01,ses-03,ses-01->ses-03,ok
eegnet,2,sub-043,ses-01,ses-03,ses-01->ses-03,ok
eegnet,3,sub-043,ses-01,ses-03,ses-01->ses-03,ok
eegnet,4,sub-043,ses-01,ses-03,ses-01->ses-03,ok
deepconvnet,0,sub-043,ses-01,ses-03,ses-01->ses-03,ok
deepconvnet,1,sub-043,ses-01,ses-03,ses-01->ses-03,ok
deepconvnet,2,sub-043,ses-01,ses-03,ses-01->ses-03,ok
deepconvnet,3,sub-043,ses-01,ses-03,ses-01->ses-03,ok
deepconvnet,4,sub-043,ses-01,ses-03,ses-01->ses-03,ok
fbcnet,0,sub-043,ses-01,ses-03,ses-01->ses-03,ok
fbcnet,1,sub-043,ses-01,ses-03,ses-01->ses-03,ok
fbcnet,2,sub-043,ses-01,ses-03,ses-01->ses-03,ok
fbcnet,3,sub-043,ses-01,ses-03,ses-01->ses-03,ok
fbcnet,4,sub-043,ses-01,ses-03,ses-01->ses-03,ok
eegnet,0,sub-043,ses-02,ses-01,ses-02->ses-01,ok
eegnet,1,sub-043,ses-02,ses-01,ses-02->ses-01,ok
eegnet,2,sub-043,ses-02,ses-01,ses-02->ses-01,ok
eegnet,3,sub-043,ses-02,ses-01,ses-02->ses-01,ok
eegnet,4,sub-043,ses-02,ses-01,ses-02->ses-01,ok
deepconvnet,0,sub-043,ses-02,ses-01,ses-02->ses-01,ok
deepconvnet,1,sub-043,ses-02,ses-01,ses-02->ses-01,ok
deepconvnet,2,sub-043,ses-02,ses-01,ses-02->ses-01,ok
deepconvnet,3,sub-043,ses-02,ses-01,ses-02->ses-01,ok
deepconvnet,4,sub-043,ses-02,ses-01,ses-02->ses-01,ok
fbcnet,0,sub-043,ses-02,ses-01,ses-02->ses-01,ok
fbcnet,1,sub-043,ses-02,ses-01,ses-02->ses-01,ok
fbcnet,2,sub-043,ses-02,ses-01,ses-02->ses-01,ok
fbcnet,3,sub-043,ses-02,ses-01,ses-02->ses-01,ok
fbcnet,4,sub-043,ses-02,ses-01,ses-02->ses-01,ok
eegnet,0,sub-043,ses-02,ses-03,ses-02->ses-03,ok
eegnet,1,sub-043,ses-02,ses-03,ses-02->ses-03,ok
eegnet,2,sub-043,ses-02,ses-03,ses-02->ses-03,ok
eegnet,3,sub-043,ses-02,ses-03,ses-02->ses-03,ok
eegnet,4,sub-043,ses-02,ses-03,ses-02->ses-03,ok
deepconvnet,0,sub-043,ses-02,ses-03,ses-02->ses-03,ok
deepconvnet,1,sub-043,ses-02,ses-03,ses-02->ses-03,ok
deepconvnet,2,sub-043,ses-02,ses-03,ses-02->ses-03,ok
deepconvnet,3,sub-043,ses-02,ses-03,ses-02->ses-03,ok
deepconvnet,4,sub-043,ses-02,ses-03,ses-02->ses-03,ok
fbcnet,0,sub-043,ses-02,ses-03,ses-02->ses-03,ok
fbcnet,1,sub-043,ses-02,ses-03,ses-02->ses-03,ok
fbcnet,2,sub-043,ses-02,ses-03,ses-02->ses-03,ok
fbcnet,3,sub-043,ses-02,ses-03,ses-02->ses-03,ok
fbcnet,4,sub-043,ses-02,ses-03,ses-02->ses-03,ok
eegnet,0,sub-043,ses-03,ses-01,ses-03->ses-01,ok
eegnet,1,sub-043,ses-03,ses-01,ses-03->ses-01,ok
eegnet,2,sub-043,ses-03,ses-01,ses-03->ses-01,ok
eegnet,3,sub-043,ses-03,ses-01,ses-03->ses-01,ok
eegnet,4,sub-043,ses-03,ses-01,ses-03->ses-01,ok
deepconvnet,0,sub-043,ses-03,ses-01,ses-03->ses-01,ok
deepconvnet,1,sub-043,ses-03,ses-01,ses-03->ses-01,ok
deepconvnet,2,sub-043,ses-03,ses-01,ses-03->ses-01,ok
deepconvnet,3,sub-043,ses-03,ses-01,ses-03->ses-01,ok
deepconvnet,4,sub-043,ses-03,ses-01,ses-03->ses-01,ok
fbcnet,0,sub-043,ses-03,ses-01,ses-03->ses-01,ok
fbcnet,1,sub-043,ses-03,ses-01,ses-03->ses-01,ok
fbcnet,2,sub-043,ses-03,ses-01,ses-03->ses-01,ok
fbcnet,3,sub-043,ses-03,ses-01,ses-03->ses-01,ok
fbcnet,4,sub-043,ses-03,ses-01,ses-03->ses-01,ok
eegnet,0,sub-043,ses-03,ses-02,ses-03->ses-02,ok
eegnet,1,sub-043,ses-03,ses-02,ses-03->ses-02,ok
eegnet,2,sub-043,ses-03,ses-02,ses-03->ses-02,ok
eegnet,3,sub-043,ses-03,ses-02,ses-03->ses-02,ok
eegnet,4,sub-043,ses-03,ses-02,ses-03->ses-02,ok
deepconvnet,0,sub-043,ses-03,ses-02,ses-03->ses-02,ok
deepconvnet,1,sub-043,ses-03,ses-02,ses-03->ses-02,ok
deepconvnet,2,sub-043,ses-03,ses-02,ses-03->ses-02,ok
deepconvnet,3,sub-043,ses-03,ses-02,ses-03->ses-02,ok
deepconvnet,4,sub-043,ses-03,ses-02,ses-03->ses-02,ok
fbcnet,0,sub-043,ses-03,ses-02,ses-03->ses-02,ok
fbcnet,1,sub-043,ses-03,ses-02,ses-03->ses-02,ok
fbcnet,2,sub-043,ses-03,ses-02,ses-03->ses-02,ok
fbcnet,3,sub-043,ses-03,ses-02,ses-03->ses-02,ok
fbcnet,4,sub-043,ses-03,ses-02,ses-03->ses-02,ok
eegnet,0,sub-044,ses-01,ses-02,ses-01->ses-02,ok
eegnet,1,sub-044,ses-01,ses-02,ses-01->ses-02,ok
eegnet,2,sub-044,ses-01,ses-02,ses-01->ses-02,ok
eegnet,3,sub-044,ses-01,ses-02,ses-01->ses-02,ok
eegnet,4,sub-044,ses-01,ses-02,ses-01->ses-02,ok
deepconvnet,0,sub-044,ses-01,ses-02,ses-01->ses-02,ok
deepconvnet,1,sub-044,ses-01,ses-02,ses-01->ses-02,ok
deepconvnet,2,sub-044,ses-01,ses-02,ses-01->ses-02,ok
deepconvnet,3,sub-044,ses-01,ses-02,ses-01->ses-02,ok
deepconvnet,4,sub-044,ses-01,ses-02,ses-01->ses-02,ok
fbcnet,0,sub-044,ses-01,ses-02,ses-01->ses-02,ok
fbcnet,1,sub-044,ses-01,ses-02,ses-01->ses-02,ok
fbcnet,2,sub-044,ses-01,ses-02,ses-01->ses-02,ok
fbcnet,3,sub-044,ses-01,ses-02,ses-01->ses-02,ok
fbcnet,4,sub-044,ses-01,ses-02,ses-01->ses-02,ok
eegnet,0,sub-044,ses-01,ses-03,ses-01->ses-03,ok
eegnet,1,sub-044,ses-01,ses-03,ses-01->ses-03,ok
eegnet,2,sub-044,ses-01,ses-03,ses-01->ses-03,ok
eegnet,3,sub-044,ses-01,ses-03,ses-01->ses-03,ok
eegnet,4,sub-044,ses-01,ses-03,ses-01->ses-03,ok
deepconvnet,0,sub-044,ses-01,ses-03,ses-01->ses-03,ok
deepconvnet,1,sub-044,ses-01,ses-03,ses-01->ses-03,ok
deepconvnet,2,sub-044,ses-01,ses-03,ses-01->ses-03,ok
deepconvnet,3,sub-044,ses-01,ses-03,ses-01->ses-03,ok
deepconvnet,4,sub-044,ses-01,ses-03,ses-01->ses-03,ok
fbcnet,0,sub-044,ses-01,ses-03,ses-01->ses-03,ok
fbcnet,1,sub-044,ses-01,ses-03,ses-01->ses-03,ok
fbcnet,2,sub-044,ses-01,ses-03,ses-01->ses-03,ok
fbcnet,3,sub-044,ses-01,ses-03,ses-01->ses-03,ok
fbcnet,4,sub-044,ses-01,ses-03,ses-01->ses-03,ok
eegnet,0,sub-044,ses-02,ses-01,ses-02->ses-01,ok
eegnet,1,sub-044,ses-02,ses-01,ses-02->ses-01,ok
eegnet,2,sub-044,ses-02,ses-01,ses-02->ses-01,ok
eegnet,3,sub-044,ses-02,ses-01,ses-02->ses-01,ok
eegnet,4,sub-044,ses-02,ses-01,ses-02->ses-01,ok
deepconvnet,0,sub-044,ses-02,ses-01,ses-02->ses-01,ok
deepconvnet,1,sub-044,ses-02,ses-01,ses-02->ses-01,ok
deepconvnet,2,sub-044,ses-02,ses-01,ses-02->ses-01,ok
deepconvnet,3,sub-044,ses-02,ses-01,ses-02->ses-01,ok
deepconvnet,4,sub-044,ses-02,ses-01,ses-02->ses-01,ok
fbcnet,0,sub-044,ses-02,ses-01,ses-02->ses-01,ok
fbcnet,1,sub-044,ses-02,ses-01,ses-02->ses-01,ok
fbcnet,2,sub-044,ses-02,ses-01,ses-02->ses-01,ok
fbcnet,3,sub-044,ses-02,ses-01,ses-02->ses-01,ok
fbcnet,4,sub-044,ses-02,ses-01,ses-02->ses-01,ok
eegnet,0,sub-044,ses-02,ses-03,ses-02->ses-03,ok
eegnet,1,sub-044,ses-02,ses-03,ses-02->ses-03,ok
eegnet,2,sub-044,ses-02,ses-03,ses-02->ses-03,ok
eegnet,3,sub-044,ses-02,ses-03,ses-02->ses-03,ok
eegnet,4,sub-044,ses-02,ses-03,ses-02->ses-03,ok
deepconvnet,0,sub-044,ses-02,ses-03,ses-02->ses-03,ok
deepconvnet,1,sub-044,ses-02,ses-03,ses-02->ses-03,ok
deepconvnet,2,sub-044,ses-02,ses-03,ses-02->ses-03,ok
deepconvnet,3,sub-044,ses-02,ses-03,ses-02->ses-03,ok
deepconvnet,4,sub-044,ses-02,ses-03,ses-02->ses-03,ok
fbcnet,0,sub-044,ses-02,ses-03,ses-02->ses-03,ok
fbcnet,1,sub-044,ses-02,ses-03,ses-02->ses-03,ok
fbcnet,2,sub-044,ses-02,ses-03,ses-02->ses-03,ok
fbcnet,3,sub-044,ses-02,ses-03,ses-02->ses-03,ok
fbcnet,4,sub-044,ses-02,ses-03,ses-02->ses-03,ok
eegnet,0,sub-044,ses-03,ses-01,ses-03->ses-01,ok
eegnet,1,sub-044,ses-03,ses-01,ses-03->ses-01,ok
eegnet,2,sub-044,ses-03,ses-01,ses-03->ses-01,ok
eegnet,3,sub-044,ses-03,ses-01,ses-03->ses-01,ok
eegnet,4,sub-044,ses-03,ses-01,ses-03->ses-01,ok
deepconvnet,0,sub-044,ses-03,ses-01,ses-03->ses-01,ok
deepconvnet,1,sub-044,ses-03,ses-01,ses-03->ses-01,ok
deepconvnet,2,sub-044,ses-03,ses-01,ses-03->ses-01,ok
deepconvnet,3,sub-044,ses-03,ses-01,ses-03->ses-01,ok
deepconvnet,4,sub-044,ses-03,ses-01,ses-03->ses-01,ok
fbcnet,0,sub-044,ses-03,ses-01,ses-03->ses-01,ok
fbcnet,1,sub-044,ses-03,ses-01,ses-03->ses-01,ok
fbcnet,2,sub-044,ses-03,ses-01,ses-03->ses-01,ok
fbcnet,3,sub-044,ses-03,ses-01,ses-03->ses-01,ok
fbcnet,4,sub-044,ses-03,ses-01,ses-03->ses-01,ok
eegnet,0,sub-044,ses-03,ses-02,ses-03->ses-02,ok
eegnet,1,sub-044,ses-03,ses-02,ses-03->ses-02,ok
eegnet,2,sub-044,ses-03,ses-02,ses-03->ses-02,ok
eegnet,3,sub-044,ses-03,ses-02,ses-03->ses-02,ok
eegnet,4,sub-044,ses-03,ses-02,ses-03->ses-02,ok
deepconvnet,0,sub-044,ses-03,ses-02,ses-03->ses-02,ok
deepconvnet,1,sub-044,ses-03,ses-02,ses-03->ses-02,ok
deepconvnet,2,sub-044,ses-03,ses-02,ses-03->ses-02,ok
deepconvnet,3,sub-044,ses-03,ses-02,ses-03->ses-02,ok
deepconvnet,4,sub-044,ses-03,ses-02,ses-03->ses-02,ok
fbcnet,0,sub-044,ses-03,ses-02,ses-03->ses-02,ok
fbcnet,1,sub-044,ses-03,ses-02,ses-03->ses-02,ok
fbcnet,2,sub-044,ses-03,ses-02,ses-03->ses-02,ok
fbcnet,3,sub-044,ses-03,ses-02,ses-03->ses-02,ok
fbcnet,4,sub-044,ses-03,ses-02,ses-03->ses-02,ok
eegnet,0,sub-045,ses-01,ses-02,ses-01->ses-02,ok
eegnet,1,sub-045,ses-01,ses-02,ses-01->ses-02,ok
eegnet,2,sub-045,ses-01,ses-02,ses-01->ses-02,ok
eegnet,3,sub-045,ses-01,ses-02,ses-01->ses-02,ok
eegnet,4,sub-045,ses-01,ses-02,ses-01->ses-02,ok
deepconvnet,0,sub-045,ses-01,ses-02,ses-01->ses-02,ok
deepconvnet,1,sub-045,ses-01,ses-02,ses-01->ses-02,ok
deepconvnet,2,sub-045,ses-01,ses-02,ses-01->ses-02,ok
deepconvnet,3,sub-045,ses-01,ses-02,ses-01->ses-02,ok
deepconvnet,4,sub-045,ses-01,ses-02,ses-01->ses-02,ok
fbcnet,0,sub-045,ses-01,ses-02,ses-01->ses-02,ok
fbcnet,1,sub-045,ses-01,ses-02,ses-01->ses-02,ok
fbcnet,2,sub-045,ses-01,ses-02,ses-01->ses-02,ok
fbcnet,3,sub-045,ses-01,ses-02,ses-01->ses-02,ok
fbcnet,4,sub-045,ses-01,ses-02,ses-01->ses-02,ok
eegnet,0,sub-045,ses-01,ses-03,ses-01->ses-03,ok
eegnet,1,sub-045,ses-01,ses-03,ses-01->ses-03,ok
eegnet,2,sub-045,ses-01,ses-03,ses-01->ses-03,ok
eegnet,3,sub-045,ses-01,ses-03,ses-01->ses-03,ok
eegnet,4,sub-045,ses-01,ses-03,ses-01->ses-03,ok
deepconvnet,0,sub-045,ses-01,ses-03,ses-01->ses-03,ok
deepconvnet,1,sub-045,ses-01,ses-03,ses-01->ses-03,ok
deepconvnet,2,sub-045,ses-01,ses-03,ses-01->ses-03,ok
deepconvnet,3,sub-045,ses-01,ses-03,ses-01->ses-03,ok
deepconvnet,4,sub-045,ses-01,ses-03,ses-01->ses-03,ok
fbcnet,0,sub-045,ses-01,ses-03,ses-01->ses-03,ok
fbcnet,1,sub-045,ses-01,ses-03,ses-01->ses-03,ok
fbcnet,2,sub-045,ses-01,ses-03,ses-01->ses-03,ok
fbcnet,3,sub-045,ses-01,ses-03,ses-01->ses-03,ok
fbcnet,4,sub-045,ses-01,ses-03,ses-01->ses-03,ok
eegnet,0,sub-045,ses-02,ses-01,ses-02->ses-01,ok
eegnet,1,sub-045,ses-02,ses-01,ses-02->ses-01,ok
eegnet,2,sub-045,ses-02,ses-01,ses-02->ses-01,ok
eegnet,3,sub-045,ses-02,ses-01,ses-02->ses-01,ok
eegnet,4,sub-045,ses-02,ses-01,ses-02->ses-01,ok
deepconvnet,0,sub-045,ses-02,ses-01,ses-02->ses-01,ok
deepconvnet,1,sub-045,ses-02,ses-01,ses-02->ses-01,ok
deepconvnet,2,sub-045,ses-02,ses-01,ses-02->ses-01,ok
deepconvnet,3,sub-045,ses-02,ses-01,ses-02->ses-01,ok
deepconvnet,4,sub-045,ses-02,ses-01,ses-02->ses-01,ok
fbcnet,0,sub-045,ses-02,ses-01,ses-02->ses-01,ok
fbcnet,1,sub-045,ses-02,ses-01,ses-02->ses-01,ok
fbcnet,2,sub-045,ses-02,ses-01,ses-02->ses-01,ok
fbcnet,3,sub-045,ses-02,ses-01,ses-02->ses-01,ok
fbcnet,4,sub-045,ses-02,ses-01,ses-02->ses-01,ok
eegnet,0,sub-045,ses-02,ses-03,ses-02->ses-03,ok
eegnet,1,sub-045,ses-02,ses-03,ses-02->ses-03,ok
eegnet,2,sub-045,ses-02,ses-03,ses-02->ses-03,ok
eegnet,3,sub-045,ses-02,ses-03,ses-02->ses-03,ok
eegnet,4,sub-045,ses-02,ses-03,ses-02->ses-03,ok
deepconvnet,0,sub-045,ses-02,ses-03,ses-02->ses-03,ok
deepconvnet,1,sub-045,ses-02,ses-03,ses-02->ses-03,ok
deepconvnet,2,sub-045,ses-02,ses-03,ses-02->ses-03,ok
deepconvnet,3,sub-045,ses-02,ses-03,ses-02->ses-03,ok
deepconvnet,4,sub-045,ses-02,ses-03,ses-02->ses-03,ok
fbcnet,0,sub-045,ses-02,ses-03,ses-02->ses-03,ok
fbcnet,1,sub-045,ses-02,ses-03,ses-02->ses-03,ok
fbcnet,2,sub-045,ses-02,ses-03,ses-02->ses-03,ok
fbcnet,3,sub-045,ses-02,ses-03,ses-02->ses-03,ok
fbcnet,4,sub-045,ses-02,ses-03,ses-02->ses-03,ok
eegnet,0,sub-045,ses-03,ses-01,ses-03->ses-01,ok
eegnet,1,sub-045,ses-03,ses-01,ses-03->ses-01,ok
eegnet,2,sub-045,ses-03,ses-01,ses-03->ses-01,ok
eegnet,3,sub-045,ses-03,ses-01,ses-03->ses-01,ok
eegnet,4,sub-045,ses-03,ses-01,ses-03->ses-01,ok
deepconvnet,0,sub-045,ses-03,ses-01,ses-03->ses-01,ok
deepconvnet,1,sub-045,ses-03,ses-01,ses-03->ses-01,ok
deepconvnet,2,sub-045,ses-03,ses-01,ses-03->ses-01,ok
deepconvnet,3,sub-045,ses-03,ses-01,ses-03->ses-01,ok
deepconvnet,4,sub-045,ses-03,ses-01,ses-03->ses-01,ok
fbcnet,0,sub-045,ses-03,ses-01,ses-03->ses-01,ok
fbcnet,1,sub-045,ses-03,ses-01,ses-03->ses-01,ok
fbcnet,2,sub-045,ses-03,ses-01,ses-03->ses-01,ok
fbcnet,3,sub-045,ses-03,ses-01,ses-03->ses-01,ok
fbcnet,4,sub-045,ses-03,ses-01,ses-03->ses-01,ok
eegnet,0,sub-045,ses-03,ses-02,ses-03->ses-02,ok
eegnet,1,sub-045,ses-03,ses-02,ses-03->ses-02,ok
eegnet,2,sub-045,ses-03,ses-02,ses-03->ses-02,ok
eegnet,3,sub-045,ses-03,ses-02,ses-03->ses-02,ok
eegnet,4,sub-045,ses-03,ses-02,ses-03->ses-02,ok
deepconvnet,0,sub-045,ses-03,ses-02,ses-03->ses-02,ok
deepconvnet,1,sub-045,ses-03,ses-02,ses-03->ses-02,ok
deepconvnet,2,sub-045,ses-03,ses-02,ses-03->ses-02,ok
deepconvnet,3,sub-045,ses-03,ses-02,ses-03->ses-02,ok
deepconvnet,4,sub-045,ses-03,ses-02,ses-03->ses-02,ok
fbcnet,0,sub-045,ses-03,ses-02,ses-03->ses-02,ok
fbcnet,1,sub-045,ses-03,ses-02,ses-03->ses-02,ok
fbcnet,2,sub-045,ses-03,ses-02,ses-03->ses-02,ok
fbcnet,3,sub-045,ses-03,ses-02,ses-03->ses-02,ok
fbcnet,4,sub-045,ses-03,ses-02,ses-03->ses-02,ok
eegnet,0,sub-046,ses-01,ses-02,ses-01->ses-02,ok
eegnet,1,sub-046,ses-01,ses-02,ses-01->ses-02,ok
eegnet,2,sub-046,ses-01,ses-02,ses-01->ses-02,ok
eegnet,3,sub-046,ses-01,ses-02,ses-01->ses-02,ok
eegnet,4,sub-046,ses-01,ses-02,ses-01->ses-02,ok
deepconvnet,0,sub-046,ses-01,ses-02,ses-01->ses-02,ok
deepconvnet,1,sub-046,ses-01,ses-02,ses-01->ses-02,ok
deepconvnet,2,sub-046,ses-01,ses-02,ses-01->ses-02,ok
deepconvnet,3,sub-046,ses-01,ses-02,ses-01->ses-02,ok
deepconvnet,4,sub-046,ses-01,ses-02,ses-01->ses-02,ok
fbcnet,0,sub-046,ses-01,ses-02,ses-01->ses-02,ok
fbcnet,1,sub-046,ses-01,ses-02,ses-01->ses-02,ok
fbcnet,2,sub-046,ses-01,ses-02,ses-01->ses-02,ok
fbcnet,3,sub-046,ses-01,ses-02,ses-01->ses-02,ok
fbcnet,4,sub-046,ses-01,ses-02,ses-01->ses-02,ok
eegnet,0,sub-046,ses-01,ses-03,ses-01->ses-03,ok
eegnet,1,sub-046,ses-01,ses-03,ses-01->ses-03,ok
eegnet,2,sub-046,ses-01,ses-03,ses-01->ses-03,ok
eegnet,3,sub-046,ses-01,ses-03,ses-01->ses-03,ok
eegnet,4,sub-046,ses-01,ses-03,ses-01->ses-03,ok
deepconvnet,0,sub-046,ses-01,ses-03,ses-01->ses-03,ok
deepconvnet,1,sub-046,ses-01,ses-03,ses-01->ses-03,ok
deepconvnet,2,sub-046,ses-01,ses-03,ses-01->ses-03,ok
deepconvnet,3,sub-046,ses-01,ses-03,ses-01->ses-03,ok
deepconvnet,4,sub-046,ses-01,ses-03,ses-01->ses-03,ok
fbcnet,0,sub-046,ses-01,ses-03,ses-01->ses-03,ok
fbcnet,1,sub-046,ses-01,ses-03,ses-01->ses-03,ok
fbcnet,2,sub-046,ses-01,ses-03,ses-01->ses-03,ok
fbcnet,3,sub-046,ses-01,ses-03,ses-01->ses-03,ok
fbcnet,4,sub-046,ses-01,ses-03,ses-01->ses-03,ok
eegnet,0,sub-046,ses-02,ses-01,ses-02->ses-01,ok
eegnet,1,sub-046,ses-02,ses-01,ses-02->ses-01,ok
eegnet,2,sub-046,ses-02,ses-01,ses-02->ses-01,ok
eegnet,3,sub-046,ses-02,ses-01,ses-02->ses-01,ok
eegnet,4,sub-046,ses-02,ses-01,ses-02->ses-01,ok
deepconvnet,0,sub-046,ses-02,ses-01,ses-02->ses-01,ok
deepconvnet,1,sub-046,ses-02,ses-01,ses-02->ses-01,ok
deepconvnet,2,sub-046,ses-02,ses-01,ses-02->ses-01,ok
deepconvnet,3,sub-046,ses-02,ses-01,ses-02->ses-01,ok
deepconvnet,4,sub-046,ses-02,ses-01,ses-02->ses-01,ok
fbcnet,0,sub-046,ses-02,ses-01,ses-02->ses-01,ok
fbcnet,1,sub-046,ses-02,ses-01,ses-02->ses-01,ok
fbcnet,2,sub-046,ses-02,ses-01,ses-02->ses-01,ok
fbcnet,3,sub-046,ses-02,ses-01,ses-02->ses-01,ok
fbcnet,4,sub-046,ses-02,ses-01,ses-02->ses-01,ok
eegnet,0,sub-046,ses-02,ses-03,ses-02->ses-03,ok
eegnet,1,sub-046,ses-02,ses-03,ses-02->ses-03,ok
eegnet,2,sub-046,ses-02,ses-03,ses-02->ses-03,ok
eegnet,3,sub-046,ses-02,ses-03,ses-02->ses-03,ok
eegnet,4,sub-046,ses-02,ses-03,ses-02->ses-03,ok
deepconvnet,0,sub-046,ses-02,ses-03,ses-02->ses-03,ok
deepconvnet,1,sub-046,ses-02,ses-03,ses-02->ses-03,ok
deepconvnet,2,sub-046,ses-02,ses-03,ses-02->ses-03,ok
deepconvnet,3,sub-046,ses-02,ses-03,ses-02->ses-03,ok
deepconvnet,4,sub-046,ses-02,ses-03,ses-02->ses-03,ok
fbcnet,0,sub-046,ses-02,ses-03,ses-02->ses-03,ok
fbcnet,1,sub-046,ses-02,ses-03,ses-02->ses-03,ok
fbcnet,2,sub-046,ses-02,ses-03,ses-02->ses-03,ok
fbcnet,3,sub-046,ses-02,ses-03,ses-02->ses-03,ok
fbcnet,4,sub-046,ses-02,ses-03,ses-02->ses-03,ok
eegnet,0,sub-046,ses-03,ses-01,ses-03->ses-01,ok
eegnet,1,sub-046,ses-03,ses-01,ses-03->ses-01,ok
eegnet,2,sub-046,ses-03,ses-01,ses-03->ses-01,ok
eegnet,3,sub-046,ses-03,ses-01,ses-03->ses-01,ok
eegnet,4,sub-046,ses-03,ses-01,ses-03->ses-01,ok
deepconvnet,0,sub-046,ses-03,ses-01,ses-03->ses-01,ok
deepconvnet,1,sub-046,ses-03,ses-01,ses-03->ses-01,ok
deepconvnet,2,sub-046,ses-03,ses-01,ses-03->ses-01,ok
deepconvnet,3,sub-046,ses-03,ses-01,ses-03->ses-01,ok
deepconvnet,4,sub-046,ses-03,ses-01,ses-03->ses-01,ok
fbcnet,0,sub-046,ses-03,ses-01,ses-03->ses-01,ok
fbcnet,1,sub-046,ses-03,ses-01,ses-03->ses-01,ok
fbcnet,2,sub-046,ses-03,ses-01,ses-03->ses-01,ok
fbcnet,3,sub-046,ses-03,ses-01,ses-03->ses-01,ok
fbcnet,4,sub-046,ses-03,ses-01,ses-03->ses-01,ok
eegnet,0,sub-046,ses-03,ses-02,ses-03->ses-02,ok
eegnet,1,sub-046,ses-03,ses-02,ses-03->ses-02,ok
eegnet,2,sub-046,ses-03,ses-02,ses-03->ses-02,ok
eegnet,3,sub-046,ses-03,ses-02,ses-03->ses-02,ok
eegnet,4,sub-046,ses-03,ses-02,ses-03->ses-02,ok
deepconvnet,0,sub-046,ses-03,ses-02,ses-03->ses-02,ok
deepconvnet,1,sub-046,ses-03,ses-02,ses-03->ses-02,ok
deepconvnet,2,sub-046,ses-03,ses-02,ses-03->ses-02,ok
deepconvnet,3,sub-046,ses-03,ses-02,ses-03->ses-02,ok
deepconvnet,4,sub-046,ses-03,ses-02,ses-03->ses-02,ok
fbcnet,0,sub-046,ses-03,ses-02,ses-03->ses-02,ok
fbcnet,1,sub-046,ses-03,ses-02,ses-03->ses-02,ok
fbcnet,2,sub-046,ses-03,ses-02,ses-03->ses-02,ok
fbcnet,3,sub-046,ses-03,ses-02,ses-03->ses-02,ok
fbcnet,4,sub-046,ses-03,ses-02,ses-03->ses-02,ok
eegnet,0,sub-047,ses-01,ses-02,ses-01->ses-02,ok
eegnet,1,sub-047,ses-01,ses-02,ses-01->ses-02,ok
eegnet,2,sub-047,ses-01,ses-02,ses-01->ses-02,ok
eegnet,3,sub-047,ses-01,ses-02,ses-01->ses-02,ok
eegnet,4,sub-047,ses-01,ses-02,ses-01->ses-02,ok
deepconvnet,0,sub-047,ses-01,ses-02,ses-01->ses-02,ok
deepconvnet,1,sub-047,ses-01,ses-02,ses-01->ses-02,ok
deepconvnet,2,sub-047,ses-01,ses-02,ses-01->ses-02,ok
deepconvnet,3,sub-047,ses-01,ses-02,ses-01->ses-02,ok
deepconvnet,4,sub-047,ses-01,ses-02,ses-01->ses-02,ok
fbcnet,0,sub-047,ses-01,ses-02,ses-01->ses-02,ok
fbcnet,1,sub-047,ses-01,ses-02,ses-01->ses-02,ok
fbcnet,2,sub-047,ses-01,ses-02,ses-01->ses-02,ok
fbcnet,3,sub-047,ses-01,ses-02,ses-01->ses-02,ok
fbcnet,4,sub-047,ses-01,ses-02,ses-01->ses-02,ok
eegnet,0,sub-047,ses-01,ses-03,ses-01->ses-03,ok
eegnet,1,sub-047,ses-01,ses-03,ses-01->ses-03,ok
eegnet,2,sub-047,ses-01,ses-03,ses-01->ses-03,ok
eegnet,3,sub-047,ses-01,ses-03,ses-01->ses-03,ok
eegnet,4,sub-047,ses-01,ses-03,ses-01->ses-03,ok
deepconvnet,0,sub-047,ses-01,ses-03,ses-01->ses-03,ok
deepconvnet,1,sub-047,ses-01,ses-03,ses-01->ses-03,ok
deepconvnet,2,sub-047,ses-01,ses-03,ses-01->ses-03,ok
deepconvnet,3,sub-047,ses-01,ses-03,ses-01->ses-03,ok
deepconvnet,4,sub-047,ses-01,ses-03,ses-01->ses-03,ok
fbcnet,0,sub-047,ses-01,ses-03,ses-01->ses-03,ok
fbcnet,1,sub-047,ses-01,ses-03,ses-01->ses-03,ok
fbcnet,2,sub-047,ses-01,ses-03,ses-01->ses-03,ok
fbcnet,3,sub-047,ses-01,ses-03,ses-01->ses-03,ok
fbcnet,4,sub-047,ses-01,ses-03,ses-01->ses-03,ok
eegnet,0,sub-047,ses-02,ses-01,ses-02->ses-01,ok
eegnet,1,sub-047,ses-02,ses-01,ses-02->ses-01,ok
eegnet,2,sub-047,ses-02,ses-01,ses-02->ses-01,ok
eegnet,3,sub-047,ses-02,ses-01,ses-02->ses-01,ok
eegnet,4,sub-047,ses-02,ses-01,ses-02->ses-01,ok
deepconvnet,0,sub-047,ses-02,ses-01,ses-02->ses-01,ok
deepconvnet,1,sub-047,ses-02,ses-01,ses-02->ses-01,ok
deepconvnet,2,sub-047,ses-02,ses-01,ses-02->ses-01,ok
deepconvnet,3,sub-047,ses-02,ses-01,ses-02->ses-01,ok
deepconvnet,4,sub-047,ses-02,ses-01,ses-02->ses-01,ok
fbcnet,0,sub-047,ses-02,ses-01,ses-02->ses-01,ok
fbcnet,1,sub-047,ses-02,ses-01,ses-02->ses-01,ok
fbcnet,2,sub-047,ses-02,ses-01,ses-02->ses-01,ok
fbcnet,3,sub-047,ses-02,ses-01,ses-02->ses-01,ok
fbcnet,4,sub-047,ses-02,ses-01,ses-02->ses-01,ok
eegnet,0,sub-047,ses-02,ses-03,ses-02->ses-03,ok
eegnet,1,sub-047,ses-02,ses-03,ses-02->ses-03,ok
eegnet,2,sub-047,ses-02,ses-03,ses-02->ses-03,ok
eegnet,3,sub-047,ses-02,ses-03,ses-02->ses-03,ok
eegnet,4,sub-047,ses-02,ses-03,ses-02->ses-03,ok
deepconvnet,0,sub-047,ses-02,ses-03,ses-02->ses-03,ok
deepconvnet,1,sub-047,ses-02,ses-03,ses-02->ses-03,ok
deepconvnet,2,sub-047,ses-02,ses-03,ses-02->ses-03,ok
deepconvnet,3,sub-047,ses-02,ses-03,ses-02->ses-03,ok
deepconvnet,4,sub-047,ses-02,ses-03,ses-02->ses-03,ok
fbcnet,0,sub-047,ses-02,ses-03,ses-02->ses-03,ok
fbcnet,1,sub-047,ses-02,ses-03,ses-02->ses-03,ok
fbcnet,2,sub-047,ses-02,ses-03,ses-02->ses-03,ok
fbcnet,3,sub-047,ses-02,ses-03,ses-02->ses-03,ok
fbcnet,4,sub-047,ses-02,ses-03,ses-02->ses-03,ok
eegnet,0,sub-047,ses-03,ses-01,ses-03->ses-01,ok
eegnet,1,sub-047,ses-03,ses-01,ses-03->ses-01,ok
eegnet,2,sub-047,ses-03,ses-01,ses-03->ses-01,ok
eegnet,3,sub-047,ses-03,ses-01,ses-03->ses-01,ok
eegnet,4,sub-047,ses-03,ses-01,ses-03->ses-01,ok
deepconvnet,0,sub-047,ses-03,ses-01,ses-03->ses-01,ok
deepconvnet,1,sub-047,ses-03,ses-01,ses-03->ses-01,ok
deepconvnet,2,sub-047,ses-03,ses-01,ses-03->ses-01,ok
deepconvnet,3,sub-047,ses-03,ses-01,ses-03->ses-01,ok
deepconvnet,4,sub-047,ses-03,ses-01,ses-03->ses-01,ok
fbcnet,0,sub-047,ses-03,ses-01,ses-03->ses-01,ok
fbcnet,1,sub-047,ses-03,ses-01,ses-03->ses-01,ok
fbcnet,2,sub-047,ses-03,ses-01,ses-03->ses-01,ok
fbcnet,3,sub-047,ses-03,ses-01,ses-03->ses-01,ok
fbcnet,4,sub-047,ses-03,ses-01,ses-03->ses-01,ok
eegnet,0,sub-047,ses-03,ses-02,ses-03->ses-02,ok
eegnet,1,sub-047,ses-03,ses-02,ses-03->ses-02,ok
eegnet,2,sub-047,ses-03,ses-02,ses-03->ses-02,ok
eegnet,3,sub-047,ses-03,ses-02,ses-03->ses-02,ok
eegnet,4,sub-047,ses-03,ses-02,ses-03->ses-02,ok
deepconvnet,0,sub-047,ses-03,ses-02,ses-03->ses-02,ok
deepconvnet,1,sub-047,ses-03,ses-02,ses-03->ses-02,ok
deepconvnet,2,sub-047,ses-03,ses-02,ses-03->ses-02,ok
deepconvnet,3,sub-047,ses-03,ses-02,ses-03->ses-02,ok
deepconvnet,4,sub-047,ses-03,ses-02,ses-03->ses-02,ok
fbcnet,0,sub-047,ses-03,ses-02,ses-03->ses-02,ok
fbcnet,1,sub-047,ses-03,ses-02,ses-03->ses-02,ok
fbcnet,2,sub-047,ses-03,ses-02,ses-03->ses-02,ok
fbcnet,3,sub-047,ses-03,ses-02,ses-03->ses-02,ok
fbcnet,4,sub-047,ses-03,ses-02,ses-03->ses-02,ok
eegnet,0,sub-048,ses-01,ses-02,ses-01->ses-02,ok
eegnet,1,sub-048,ses-01,ses-02,ses-01->ses-02,ok
eegnet,2,sub-048,ses-01,ses-02,ses-01->ses-02,ok
eegnet,3,sub-048,ses-01,ses-02,ses-01->ses-02,ok
eegnet,4,sub-048,ses-01,ses-02,ses-01->ses-02,ok
deepconvnet,0,sub-048,ses-01,ses-02,ses-01->ses-02,ok
deepconvnet,1,sub-048,ses-01,ses-02,ses-01->ses-02,ok
deepconvnet,2,sub-048,ses-01,ses-02,ses-01->ses-02,ok
deepconvnet,3,sub-048,ses-01,ses-02,ses-01->ses-02,ok
deepconvnet,4,sub-048,ses-01,ses-02,ses-01->ses-02,ok
fbcnet,0,sub-048,ses-01,ses-02,ses-01->ses-02,ok
fbcnet,1,sub-048,ses-01,ses-02,ses-01->ses-02,ok
fbcnet,2,sub-048,ses-01,ses-02,ses-01->ses-02,ok
fbcnet,3,sub-048,ses-01,ses-02,ses-01->ses-02,ok
fbcnet,4,sub-048,ses-01,ses-02,ses-01->ses-02,ok
eegnet,0,sub-048,ses-01,ses-03,ses-01->ses-03,ok
eegnet,1,sub-048,ses-01,ses-03,ses-01->ses-03,ok
eegnet,2,sub-048,ses-01,ses-03,ses-01->ses-03,ok
eegnet,3,sub-048,ses-01,ses-03,ses-01->ses-03,ok
eegnet,4,sub-048,ses-01,ses-03,ses-01->ses-03,ok
deepconvnet,0,sub-048,ses-01,ses-03,ses-01->ses-03,ok
deepconvnet,1,sub-048,ses-01,ses-03,ses-01->ses-03,ok
deepconvnet,2,sub-048,ses-01,ses-03,ses-01->ses-03,ok
deepconvnet,3,sub-048,ses-01,ses-03,ses-01->ses-03,ok
deepconvnet,4,sub-048,ses-01,ses-03,ses-01->ses-03,ok
fbcnet,0,sub-048,ses-01,ses-03,ses-01->ses-03,ok
fbcnet,1,sub-048,ses-01,ses-03,ses-01->ses-03,ok
fbcnet,2,sub-048,ses-01,ses-03,ses-01->ses-03,ok
fbcnet,3,sub-048,ses-01,ses-03,ses-01->ses-03,ok
fbcnet,4,sub-048,ses-01,ses-03,ses-01->ses-03,ok
eegnet,0,sub-048,ses-02,ses-01,ses-02->ses-01,ok
eegnet,1,sub-048,ses-02,ses-01,ses-02->ses-01,ok
eegnet,2,sub-048,ses-02,ses-01,ses-02->ses-01,ok
eegnet,3,sub-048,ses-02,ses-01,ses-02->ses-01,ok
eegnet,4,sub-048,ses-02,ses-01,ses-02->ses-01,ok
deepconvnet,0,sub-048,ses-02,ses-01,ses-02->ses-01,ok
deepconvnet,1,sub-048,ses-02,ses-01,ses-02->ses-01,ok
deepconvnet,2,sub-048,ses-02,ses-01,ses-02->ses-01,ok
deepconvnet,3,sub-048,ses-02,ses-01,ses-02->ses-01,ok
deepconvnet,4,sub-048,ses-02,ses-01,ses-02->ses-01,ok
fbcnet,0,sub-048,ses-02,ses-01,ses-02->ses-01,ok
fbcnet,1,sub-048,ses-02,ses-01,ses-02->ses-01,ok
fbcnet,2,sub-048,ses-02,ses-01,ses-02->ses-01,ok
fbcnet,3,sub-048,ses-02,ses-01,ses-02->ses-01,ok
fbcnet,4,sub-048,ses-02,ses-01,ses-02->ses-01,ok
eegnet,0,sub-048,ses-02,ses-03,ses-02->ses-03,ok
eegnet,1,sub-048,ses-02,ses-03,ses-02->ses-03,ok
eegnet,2,sub-048,ses-02,ses-03,ses-02->ses-03,ok
eegnet,3,sub-048,ses-02,ses-03,ses-02->ses-03,ok
eegnet,4,sub-048,ses-02,ses-03,ses-02->ses-03,ok
deepconvnet,0,sub-048,ses-02,ses-03,ses-02->ses-03,ok
deepconvnet,1,sub-048,ses-02,ses-03,ses-02->ses-03,ok
deepconvnet,2,sub-048,ses-02,ses-03,ses-02->ses-03,ok
deepconvnet,3,sub-048,ses-02,ses-03,ses-02->ses-03,ok
deepconvnet,4,sub-048,ses-02,ses-03,ses-02->ses-03,ok
fbcnet,0,sub-048,ses-02,ses-03,ses-02->ses-03,ok
fbcnet,1,sub-048,ses-02,ses-03,ses-02->ses-03,ok
fbcnet,2,sub-048,ses-02,ses-03,ses-02->ses-03,ok
fbcnet,3,sub-048,ses-02,ses-03,ses-02->ses-03,ok
fbcnet,4,sub-048,ses-02,ses-03,ses-02->ses-03,ok
eegnet,0,sub-048,ses-03,ses-01,ses-03->ses-01,ok
eegnet,1,sub-048,ses-03,ses-01,ses-03->ses-01,ok
eegnet,2,sub-048,ses-03,ses-01,ses-03->ses-01,ok
eegnet,3,sub-048,ses-03,ses-01,ses-03->ses-01,ok
eegnet,4,sub-048,ses-03,ses-01,ses-03->ses-01,ok
deepconvnet,0,sub-048,ses-03,ses-01,ses-03->ses-01,ok
deepconvnet,1,sub-048,ses-03,ses-01,ses-03->ses-01,ok
deepconvnet,2,sub-048,ses-03,ses-01,ses-03->ses-01,ok
deepconvnet,3,sub-048,ses-03,ses-01,ses-03->ses-01,ok
deepconvnet,4,sub-048,ses-03,ses-01,ses-03->ses-01,ok
fbcnet,0,sub-048,ses-03,ses-01,ses-03->ses-01,ok
fbcnet,1,sub-048,ses-03,ses-01,ses-03->ses-01,ok
fbcnet,2,sub-048,ses-03,ses-01,ses-03->ses-01,ok
fbcnet,3,sub-048,ses-03,ses-01,ses-03->ses-01,ok
fbcnet,4,sub-048,ses-03,ses-01,ses-03->ses-01,ok
eegnet,0,sub-048,ses-03,ses-02,ses-03->ses-02,ok
eegnet,1,sub-048,ses-03,ses-02,ses-03->ses-02,ok
eegnet,2,sub-048,ses-03,ses-02,ses-03->ses-02,ok
eegnet,3,sub-048,ses-03,ses-02,ses-03->ses-02,ok
eegnet,4,sub-048,ses-03,ses-02,ses-03->ses-02,ok
deepconvnet,0,sub-048,ses-03,ses-02,ses-03->ses-02,ok
deepconvnet,1,sub-048,ses-03,ses-02,ses-03->ses-02,ok
deepconvnet,2,sub-048,ses-03,ses-02,ses-03->ses-02,ok
deepconvnet,3,sub-048,ses-03,ses-02,ses-03->ses-02,ok
deepconvnet,4,sub-048,ses-03,ses-02,ses-03->ses-02,ok
fbcnet,0,sub-048,ses-03,ses-02,ses-03->ses-02,ok
fbcnet,1,sub-048,ses-03,ses-02,ses-03->ses-02,ok
fbcnet,2,sub-048,ses-03,ses-02,ses-03->ses-02,ok
fbcnet,3,sub-048,ses-03,ses-02,ses-03->ses-02,ok
fbcnet,4,sub-048,ses-03,ses-02,ses-03->ses-02,ok
eegnet,0,sub-049,ses-01,ses-02,ses-01->ses-02,ok
eegnet,1,sub-049,ses-01,ses-02,ses-01->ses-02,ok
eegnet,2,sub-049,ses-01,ses-02,ses-01->ses-02,ok
eegnet,3,sub-049,ses-01,ses-02,ses-01->ses-02,ok
eegnet,4,sub-049,ses-01,ses-02,ses-01->ses-02,ok
deepconvnet,0,sub-049,ses-01,ses-02,ses-01->ses-02,ok
deepconvnet,1,sub-049,ses-01,ses-02,ses-01->ses-02,ok
deepconvnet,2,sub-049,ses-01,ses-02,ses-01->ses-02,ok
deepconvnet,3,sub-049,ses-01,ses-02,ses-01->ses-02,ok
deepconvnet,4,sub-049,ses-01,ses-02,ses-01->ses-02,ok
fbcnet,0,sub-049,ses-01,ses-02,ses-01->ses-02,ok
fbcnet,1,sub-049,ses-01,ses-02,ses-01->ses-02,ok
fbcnet,2,sub-049,ses-01,ses-02,ses-01->ses-02,ok
fbcnet,3,sub-049,ses-01,ses-02,ses-01->ses-02,ok
fbcnet,4,sub-049,ses-01,ses-02,ses-01->ses-02,ok
eegnet,0,sub-049,ses-01,ses-03,ses-01->ses-03,ok
eegnet,1,sub-049,ses-01,ses-03,ses-01->ses-03,ok
eegnet,2,sub-049,ses-01,ses-03,ses-01->ses-03,ok
eegnet,3,sub-049,ses-01,ses-03,ses-01->ses-03,ok
eegnet,4,sub-049,ses-01,ses-03,ses-01->ses-03,ok
deepconvnet,0,sub-049,ses-01,ses-03,ses-01->ses-03,ok
deepconvnet,1,sub-049,ses-01,ses-03,ses-01->ses-03,ok
deepconvnet,2,sub-049,ses-01,ses-03,ses-01->ses-03,ok
deepconvnet,3,sub-049,ses-01,ses-03,ses-01->ses-03,ok
deepconvnet,4,sub-049,ses-01,ses-03,ses-01->ses-03,ok
fbcnet,0,sub-049,ses-01,ses-03,ses-01->ses-03,ok
fbcnet,1,sub-049,ses-01,ses-03,ses-01->ses-03,ok
fbcnet,2,sub-049,ses-01,ses-03,ses-01->ses-03,ok
fbcnet,3,sub-049,ses-01,ses-03,ses-01->ses-03,ok
fbcnet,4,sub-049,ses-01,ses-03,ses-01->ses-03,ok
eegnet,0,sub-049,ses-02,ses-01,ses-02->ses-01,ok
eegnet,1,sub-049,ses-02,ses-01,ses-02->ses-01,ok
eegnet,2,sub-049,ses-02,ses-01,ses-02->ses-01,ok
eegnet,3,sub-049,ses-02,ses-01,ses-02->ses-01,ok
eegnet,4,sub-049,ses-02,ses-01,ses-02->ses-01,ok
deepconvnet,0,sub-049,ses-02,ses-01,ses-02->ses-01,ok
deepconvnet,1,sub-049,ses-02,ses-01,ses-02->ses-01,ok
deepconvnet,2,sub-049,ses-02,ses-01,ses-02->ses-01,ok
deepconvnet,3,sub-049,ses-02,ses-01,ses-02->ses-01,ok
deepconvnet,4,sub-049,ses-02,ses-01,ses-02->ses-01,ok
fbcnet,0,sub-049,ses-02,ses-01,ses-02->ses-01,ok
fbcnet,1,sub-049,ses-02,ses-01,ses-02->ses-01,ok
fbcnet,2,sub-049,ses-02,ses-01,ses-02->ses-01,ok
fbcnet,3,sub-049,ses-02,ses-01,ses-02->ses-01,ok
fbcnet,4,sub-049,ses-02,ses-01,ses-02->ses-01,ok
eegnet,0,sub-049,ses-02,ses-03,ses-02->ses-03,ok
eegnet,1,sub-049,ses-02,ses-03,ses-02->ses-03,ok
eegnet,2,sub-049,ses-02,ses-03,ses-02->ses-03,ok
eegnet,3,sub-049,ses-02,ses-03,ses-02->ses-03,ok
eegnet,4,sub-049,ses-02,ses-03,ses-02->ses-03,ok
deepconvnet,0,sub-049,ses-02,ses-03,ses-02->ses-03,ok
deepconvnet,1,sub-049,ses-02,ses-03,ses-02->ses-03,ok
deepconvnet,2,sub-049,ses-02,ses-03,ses-02->ses-03,ok
deepconvnet,3,sub-049,ses-02,ses-03,ses-02->ses-03,ok
deepconvnet,4,sub-049,ses-02,ses-03,ses-02->ses-03,ok
fbcnet,0,sub-049,ses-02,ses-03,ses-02->ses-03,ok
fbcnet,1,sub-049,ses-02,ses-03,ses-02->ses-03,ok
fbcnet,2,sub-049,ses-02,ses-03,ses-02->ses-03,ok
fbcnet,3,sub-049,ses-02,ses-03,ses-02->ses-03,ok
fbcnet,4,sub-049,ses-02,ses-03,ses-02->ses-03,ok
eegnet,0,sub-049,ses-03,ses-01,ses-03->ses-01,ok
eegnet,1,sub-049,ses-03,ses-01,ses-03->ses-01,ok
eegnet,2,sub-049,ses-03,ses-01,ses-03->ses-01,ok
eegnet,3,sub-049,ses-03,ses-01,ses-03->ses-01,ok
eegnet,4,sub-049,ses-03,ses-01,ses-03->ses-01,ok
deepconvnet,0,sub-049,ses-03,ses-01,ses-03->ses-01,ok
deepconvnet,1,sub-049,ses-03,ses-01,ses-03->ses-01,ok
deepconvnet,2,sub-049,ses-03,ses-01,ses-03->ses-01,ok
deepconvnet,3,sub-049,ses-03,ses-01,ses-03->ses-01,ok
deepconvnet,4,sub-049,ses-03,ses-01,ses-03->ses-01,ok
fbcnet,0,sub-049,ses-03,ses-01,ses-03->ses-01,ok
fbcnet,1,sub-049,ses-03,ses-01,ses-03->ses-01,ok
fbcnet,2,sub-049,ses-03,ses-01,ses-03->ses-01,ok
fbcnet,3,sub-049,ses-03,ses-01,ses-03->ses-01,ok
fbcnet,4,sub-049,ses-03,ses-01,ses-03->ses-01,ok
eegnet,0,sub-049,ses-03,ses-02,ses-03->ses-02,ok
eegnet,1,sub-049,ses-03,ses-02,ses-03->ses-02,ok
eegnet,2,sub-049,ses-03,ses-02,ses-03->ses-02,ok
eegnet,3,sub-049,ses-03,ses-02,ses-03->ses-02,ok
eegnet,4,sub-049,ses-03,ses-02,ses-03->ses-02,ok
deepconvnet,0,sub-049,ses-03,ses-02,ses-03->ses-02,ok
deepconvnet,1,sub-049,ses-03,ses-02,ses-03->ses-02,ok
deepconvnet,2,sub-049,ses-03,ses-02,ses-03->ses-02,ok
deepconvnet,3,sub-049,ses-03,ses-02,ses-03->ses-02,ok
deepconvnet,4,sub-049,ses-03,ses-02,ses-03->ses-02,ok
fbcnet,0,sub-049,ses-03,ses-02,ses-03->ses-02,ok
fbcnet,1,sub-049,ses-03,ses-02,ses-03->ses-02,ok
fbcnet,2,sub-049,ses-03,ses-02,ses-03->ses-02,ok
fbcnet,3,sub-049,ses-03,ses-02,ses-03->ses-02,ok
fbcnet,4,sub-049,ses-03,ses-02,ses-03->ses-02,ok
eegnet,0,sub-050,ses-01,ses-02,ses-01->ses-02,ok
eegnet,1,sub-050,ses-01,ses-02,ses-01->ses-02,ok
eegnet,2,sub-050,ses-01,ses-02,ses-01->ses-02,ok
eegnet,3,sub-050,ses-01,ses-02,ses-01->ses-02,ok
eegnet,4,sub-050,ses-01,ses-02,ses-01->ses-02,ok
deepconvnet,0,sub-050,ses-01,ses-02,ses-01->ses-02,ok
deepconvnet,1,sub-050,ses-01,ses-02,ses-01->ses-02,ok
deepconvnet,2,sub-050,ses-01,ses-02,ses-01->ses-02,ok
deepconvnet,3,sub-050,ses-01,ses-02,ses-01->ses-02,ok
deepconvnet,4,sub-050,ses-01,ses-02,ses-01->ses-02,ok
fbcnet,0,sub-050,ses-01,ses-02,ses-01->ses-02,ok
fbcnet,1,sub-050,ses-01,ses-02,ses-01->ses-02,ok
fbcnet,2,sub-050,ses-01,ses-02,ses-01->ses-02,ok
fbcnet,3,sub-050,ses-01,ses-02,ses-01->ses-02,ok
fbcnet,4,sub-050,ses-01,ses-02,ses-01->ses-02,ok
eegnet,0,sub-050,ses-01,ses-03,ses-01->ses-03,ok
eegnet,1,sub-050,ses-01,ses-03,ses-01->ses-03,ok
eegnet,2,sub-050,ses-01,ses-03,ses-01->ses-03,ok
eegnet,3,sub-050,ses-01,ses-03,ses-01->ses-03,ok
eegnet,4,sub-050,ses-01,ses-03,ses-01->ses-03,ok
deepconvnet,0,sub-050,ses-01,ses-03,ses-01->ses-03,ok
deepconvnet,1,sub-050,ses-01,ses-03,ses-01->ses-03,ok
deepconvnet,2,sub-050,ses-01,ses-03,ses-01->ses-03,ok
deepconvnet,3,sub-050,ses-01,ses-03,ses-01->ses-03,ok
deepconvnet,4,sub-050,ses-01,ses-03,ses-01->ses-03,ok
fbcnet,0,sub-050,ses-01,ses-03,ses-01->ses-03,ok
fbcnet,1,sub-050,ses-01,ses-03,ses-01->ses-03,ok
fbcnet,2,sub-050,ses-01,ses-03,ses-01->ses-03,ok
fbcnet,3,sub-050,ses-01,ses-03,ses-01->ses-03,ok
fbcnet,4,sub-050,ses-01,ses-03,ses-01->ses-03,ok
eegnet,0,sub-050,ses-02,ses-01,ses-02->ses-01,ok
eegnet,1,sub-050,ses-02,ses-01,ses-02->ses-01,ok
eegnet,2,sub-050,ses-02,ses-01,ses-02->ses-01,ok
eegnet,3,sub-050,ses-02,ses-01,ses-02->ses-01,ok
eegnet,4,sub-050,ses-02,ses-01,ses-02->ses-01,ok
deepconvnet,0,sub-050,ses-02,ses-01,ses-02->ses-01,ok
deepconvnet,1,sub-050,ses-02,ses-01,ses-02->ses-01,ok
deepconvnet,2,sub-050,ses-02,ses-01,ses-02->ses-01,ok
deepconvnet,3,sub-050,ses-02,ses-01,ses-02->ses-01,ok
deepconvnet,4,sub-050,ses-02,ses-01,ses-02->ses-01,ok
fbcnet,0,sub-050,ses-02,ses-01,ses-02->ses-01,ok
fbcnet,1,sub-050,ses-02,ses-01,ses-02->ses-01,ok
fbcnet,2,sub-050,ses-02,ses-01,ses-02->ses-01,ok
fbcnet,3,sub-050,ses-02,ses-01,ses-02->ses-01,ok
fbcnet,4,sub-050,ses-02,ses-01,ses-02->ses-01,ok
eegnet,0,sub-050,ses-02,ses-03,ses-02->ses-03,ok
eegnet,1,sub-050,ses-02,ses-03,ses-02->ses-03,ok
eegnet,2,sub-050,ses-02,ses-03,ses-02->ses-03,ok
eegnet,3,sub-050,ses-02,ses-03,ses-02->ses-03,ok
eegnet,4,sub-050,ses-02,ses-03,ses-02->ses-03,ok
deepconvnet,0,sub-050,ses-02,ses-03,ses-02->ses-03,ok
deepconvnet,1,sub-050,ses-02,ses-03,ses-02->ses-03,ok
deepconvnet,2,sub-050,ses-02,ses-03,ses-02->ses-03,ok
deepconvnet,3,sub-050,ses-02,ses-03,ses-02->ses-03,ok
deepconvnet,4,sub-050,ses-02,ses-03,ses-02->ses-03,ok
fbcnet,0,sub-050,ses-02,ses-03,ses-02->ses-03,ok
fbcnet,1,sub-050,ses-02,ses-03,ses-02->ses-03,ok
fbcnet,2,sub-050,ses-02,ses-03,ses-02->ses-03,ok
fbcnet,3,sub-050,ses-02,ses-03,ses-02->ses-03,ok
fbcnet,4,sub-050,ses-02,ses-03,ses-02->ses-03,ok
eegnet,0,sub-050,ses-03,ses-01,ses-03->ses-01,ok
eegnet,1,sub-050,ses-03,ses-01,ses-03->ses-01,ok
eegnet,2,sub-050,ses-03,ses-01,ses-03->ses-01,ok
eegnet,3,sub-050,ses-03,ses-01,ses-03->ses-01,ok
eegnet,4,sub-050,ses-03,ses-01,ses-03->ses-01,ok
deepconvnet,0,sub-050,ses-03,ses-01,ses-03->ses-01,ok
deepconvnet,1,sub-050,ses-03,ses-01,ses-03->ses-01,ok
deepconvnet,2,sub-050,ses-03,ses-01,ses-03->ses-01,ok
deepconvnet,3,sub-050,ses-03,ses-01,ses-03->ses-01,ok
deepconvnet,4,sub-050,ses-03,ses-01,ses-03->ses-01,ok
fbcnet,0,sub-050,ses-03,ses-01,ses-03->ses-01,ok
fbcnet,1,sub-050,ses-03,ses-01,ses-03->ses-01,ok
fbcnet,2,sub-050,ses-03,ses-01,ses-03->ses-01,ok
fbcnet,3,sub-050,ses-03,ses-01,ses-03->ses-01,ok
fbcnet,4,sub-050,ses-03,ses-01,ses-03->ses-01,ok
eegnet,0,sub-050,ses-03,ses-02,ses-03->ses-02,ok
eegnet,1,sub-050,ses-03,ses-02,ses-03->ses-02,ok
eegnet,2,sub-050,ses-03,ses-02,ses-03->ses-02,ok
eegnet,3,sub-050,ses-03,ses-02,ses-03->ses-02,ok
eegnet,4,sub-050,ses-03,ses-02,ses-03->ses-02,ok
deepconvnet,0,sub-050,ses-03,ses-02,ses-03->ses-02,ok
deepconvnet,1,sub-050,ses-03,ses-02,ses-03->ses-02,ok
deepconvnet,2,sub-050,ses-03,ses-02,ses-03->ses-02,ok
deepconvnet,3,sub-050,ses-03,ses-02,ses-03->ses-02,ok
deepconvnet,4,sub-050,ses-03,ses-02,ses-03->ses-02,ok
fbcnet,0,sub-050,ses-03,ses-02,ses-03->ses-02,ok
fbcnet,1,sub-050,ses-03,ses-02,ses-03->ses-02,ok
fbcnet,2,sub-050,ses-03,ses-02,ses-03->ses-02,ok
fbcnet,3,sub-050,ses-03,ses-02,ses-03->ses-02,ok
fbcnet,4,sub-050,ses-03,ses-02,ses-03->ses-02,ok
eegnet,0,sub-051,ses-01,ses-02,ses-01->ses-02,ok
eegnet,1,sub-051,ses-01,ses-02,ses-01->ses-02,ok
eegnet,2,sub-051,ses-01,ses-02,ses-01->ses-02,ok
eegnet,3,sub-051,ses-01,ses-02,ses-01->ses-02,ok
eegnet,4,sub-051,ses-01,ses-02,ses-01->ses-02,ok
deepconvnet,0,sub-051,ses-01,ses-02,ses-01->ses-02,ok
deepconvnet,1,sub-051,ses-01,ses-02,ses-01->ses-02,ok
deepconvnet,2,sub-051,ses-01,ses-02,ses-01->ses-02,ok
deepconvnet,3,sub-051,ses-01,ses-02,ses-01->ses-02,ok
deepconvnet,4,sub-051,ses-01,ses-02,ses-01->ses-02,ok
fbcnet,0,sub-051,ses-01,ses-02,ses-01->ses-02,ok
fbcnet,1,sub-051,ses-01,ses-02,ses-01->ses-02,ok
fbcnet,2,sub-051,ses-01,ses-02,ses-01->ses-02,ok
fbcnet,3,sub-051,ses-01,ses-02,ses-01->ses-02,ok
fbcnet,4,sub-051,ses-01,ses-02,ses-01->ses-02,ok
eegnet,0,sub-051,ses-01,ses-03,ses-01->ses-03,ok
eegnet,1,sub-051,ses-01,ses-03,ses-01->ses-03,ok
eegnet,2,sub-051,ses-01,ses-03,ses-01->ses-03,ok
eegnet,3,sub-051,ses-01,ses-03,ses-01->ses-03,ok
eegnet,4,sub-051,ses-01,ses-03,ses-01->ses-03,ok
deepconvnet,0,sub-051,ses-01,ses-03,ses-01->ses-03,ok
deepconvnet,1,sub-051,ses-01,ses-03,ses-01->ses-03,ok
deepconvnet,2,sub-051,ses-01,ses-03,ses-01->ses-03,ok
deepconvnet,3,sub-051,ses-01,ses-03,ses-01->ses-03,ok
deepconvnet,4,sub-051,ses-01,ses-03,ses-01->ses-03,ok
fbcnet,0,sub-051,ses-01,ses-03,ses-01->ses-03,ok
fbcnet,1,sub-051,ses-01,ses-03,ses-01->ses-03,ok
fbcnet,2,sub-051,ses-01,ses-03,ses-01->ses-03,ok
fbcnet,3,sub-051,ses-01,ses-03,ses-01->ses-03,ok
fbcnet,4,sub-051,ses-01,ses-03,ses-01->ses-03,ok
eegnet,0,sub-051,ses-02,ses-01,ses-02->ses-01,ok
eegnet,1,sub-051,ses-02,ses-01,ses-02->ses-01,ok
eegnet,2,sub-051,ses-02,ses-01,ses-02->ses-01,ok
eegnet,3,sub-051,ses-02,ses-01,ses-02->ses-01,ok
eegnet,4,sub-051,ses-02,ses-01,ses-02->ses-01,ok
deepconvnet,0,sub-051,ses-02,ses-01,ses-02->ses-01,ok
deepconvnet,1,sub-051,ses-02,ses-01,ses-02->ses-01,ok
deepconvnet,2,sub-051,ses-02,ses-01,ses-02->ses-01,ok
deepconvnet,3,sub-051,ses-02,ses-01,ses-02->ses-01,ok
deepconvnet,4,sub-051,ses-02,ses-01,ses-02->ses-01,ok
fbcnet,0,sub-051,ses-02,ses-01,ses-02->ses-01,ok
fbcnet,1,sub-051,ses-02,ses-01,ses-02->ses-01,ok
fbcnet,2,sub-051,ses-02,ses-01,ses-02->ses-01,ok
fbcnet,3,sub-051,ses-02,ses-01,ses-02->ses-01,ok
fbcnet,4,sub-051,ses-02,ses-01,ses-02->ses-01,ok
eegnet,0,sub-051,ses-02,ses-03,ses-02->ses-03,ok
eegnet,1,sub-051,ses-02,ses-03,ses-02->ses-03,ok
eegnet,2,sub-051,ses-02,ses-03,ses-02->ses-03,ok
eegnet,3,sub-051,ses-02,ses-03,ses-02->ses-03,ok
eegnet,4,sub-051,ses-02,ses-03,ses-02->ses-03,ok
deepconvnet,0,sub-051,ses-02,ses-03,ses-02->ses-03,ok
deepconvnet,1,sub-051,ses-02,ses-03,ses-02->ses-03,ok
deepconvnet,2,sub-051,ses-02,ses-03,ses-02->ses-03,ok
deepconvnet,3,sub-051,ses-02,ses-03,ses-02->ses-03,ok
deepconvnet,4,sub-051,ses-02,ses-03,ses-02->ses-03,ok
fbcnet,0,sub-051,ses-02,ses-03,ses-02->ses-03,ok
fbcnet,1,sub-051,ses-02,ses-03,ses-02->ses-03,ok
fbcnet,2,sub-051,ses-02,ses-03,ses-02->ses-03,ok
fbcnet,3,sub-051,ses-02,ses-03,ses-02->ses-03,ok
fbcnet,4,sub-051,ses-02,ses-03,ses-02->ses-03,ok
eegnet,0,sub-051,ses-03,ses-01,ses-03->ses-01,ok
eegnet,1,sub-051,ses-03,ses-01,ses-03->ses-01,ok
eegnet,2,sub-051,ses-03,ses-01,ses-03->ses-01,ok
eegnet,3,sub-051,ses-03,ses-01,ses-03->ses-01,ok
eegnet,4,sub-051,ses-03,ses-01,ses-03->ses-01,ok
deepconvnet,0,sub-051,ses-03,ses-01,ses-03->ses-01,ok
deepconvnet,1,sub-051,ses-03,ses-01,ses-03->ses-01,ok
deepconvnet,2,sub-051,ses-03,ses-01,ses-03->ses-01,ok
deepconvnet,3,sub-051,ses-03,ses-01,ses-03->ses-01,ok
deepconvnet,4,sub-051,ses-03,ses-01,ses-03->ses-01,ok
fbcnet,0,sub-051,ses-03,ses-01,ses-03->ses-01,ok
fbcnet,1,sub-051,ses-03,ses-01,ses-03->ses-01,ok
fbcnet,2,sub-051,ses-03,ses-01,ses-03->ses-01,ok
fbcnet,3,sub-051,ses-03,ses-01,ses-03->ses-01,ok
fbcnet,4,sub-051,ses-03,ses-01,ses-03->ses-01,ok
eegnet,0,sub-051,ses-03,ses-02,ses-03->ses-02,ok
eegnet,1,sub-051,ses-03,ses-02,ses-03->ses-02,ok
eegnet,2,sub-051,ses-03,ses-02,ses-03->ses-02,ok
eegnet,3,sub-051,ses-03,ses-02,ses-03->ses-02,ok
eegnet,4,sub-051,ses-03,ses-02,ses-03->ses-02,ok
deepconvnet,0,sub-051,ses-03,ses-02,ses-03->ses-02,ok
deepconvnet,1,sub-051,ses-03,ses-02,ses-03->ses-02,ok
deepconvnet,2,sub-051,ses-03,ses-02,ses-03->ses-02,ok
deepconvnet,3,sub-051,ses-03,ses-02,ses-03->ses-02,ok
deepconvnet,4,sub-051,ses-03,ses-02,ses-03->ses-02,ok
fbcnet,0,sub-051,ses-03,ses-02,ses-03->ses-02,ok
fbcnet,1,sub-051,ses-03,ses-02,ses-03->ses-02,ok
fbcnet,2,sub-051,ses-03,ses-02,ses-03->ses-02,ok
fbcnet,3,sub-051,ses-03,ses-02,ses-03->ses-02,ok
fbcnet,4,sub-051,ses-03,ses-02,ses-03->ses-02,ok
